{"type":"FeatureCollection","features":[{"type":"Feature","id":19048,"geometry":{"type":"Polygon","coordinates":[[[112.71309443900009,-7.1874880329999655],[112.71309433700003,-7.1874609079999345],[112.71308528400004,-7.1874609409999266],[112.71308538500011,-7.187488066999947],[112.71309443900009,-7.1874880329999655]]]},"properties":{"OBJECTID":19048,"FID_mangrove_utm":18992,"OBJECTID_1":18992,"Name":"18102566,9293","FolderPath":"JATIM/JATIM","SymbolID":0,"AltMode":0,"Base":0,"Clamped":-1,"Extruded":0,"Snippet":"","PopupInfo":"\u003chtml xmlns:fo=\"http://www.w3.org/1999/XSL/Format\" xmlns:msxsl=\"urn:schemas-microsoft-com:xslt\"\u003e\n\u003chead\u003e\n\u003cMETA http-equiv=\"Content-Type\" content=\"text/html\"\u003e\n\u003cmeta http-equiv=\"content-type\" content=\"text/html; charset=UTF-8\"\u003e\n\u003c/head\u003e\n\u003cbody style=\"margin:0px 0px 0px 0px;overflow:auto;background:#FFFFFF;\"\u003e\n\u003ctable style=\"font-family:Arial,Verdana,Times;font-size:12px;text-align:left;width:100%;border-collapse:collapse;padding:3px 3px 3px 3px\"\u003e\n\u003ctr style=\"text-align:center;font-weight:bold;background:#9CBCE2\"\u003e\n\u003ctd\u003e18102566,9293\u003c/td\u003e\n\u003c/tr\u003e\n\u003ctr\u003e\n\u003ctd\u003e\n\u003ctable style=\"font-family:Arial,Verdana,Times;font-size:12px;text-align:left;width:100%;border-spacing:0px; padding:3px 3px 3px 3px\"\u003e\n\u003ctr\u003e\n\u003ctd\u003eFID\u003c/td\u003e\n\u003ctd\u003e0\u003c/td\u003e\n\u003c/tr\u003e\n\u003ctr bgcolor=\"#D4E4F3\"\u003e\n\u003ctd\u003eShape_Leng\u003c/td\u003e\n\u003ctd\u003e18102566,9293\u003c/td\u003e\n\u003c/tr\u003e\n\u003c/table\u003e\n\u003c/td\u003e\n\u003c/tr\u003e\n\u003c/table\u003e\n\u003c/body\u003e\u003cscript type=\"text/javascript\"\u003e\n\t\t\t\tfunction changeImage(attElement, nameElement) {\n\t\t\t\tdocument.getElementById('imageAttachment').src = attElement;\n\t\t\t\tdocument.getElementById('imageName').innerHTML = nameElement;}\n\t\t\t\u003c/script\u003e\u003c/html\u003e\n","FID_active_grids":104,"GridID":"O01","Shape_Length":7.2358503803616515e-05,"Shape_Area":2.4558411418901974e-10}},{"type":"Feature","id":19202,"geometry":{"type":"Polygon","coordinates":[[[112.70992622100005,-7.1852032039999472],[112.70992618700006,-7.1851941619999593],[112.7099080800001,-7.1851942289999329],[112.70990811400009,-7.1852032709999776],[112.70992622100005,-7.1852032039999472]]]},"properties":{"OBJECTID":19202,"FID_mangrove_utm":19145,"OBJECTID_1":19145,"Name":"18102566,9293","FolderPath":"JATIM/JATIM","SymbolID":0,"AltMode":0,"Base":0,"Clamped":-1,"Extruded":0,"Snippet":"","PopupInfo":"\u003chtml xmlns:fo=\"http://www.w3.org/1999/XSL/Format\" xmlns:msxsl=\"urn:schemas-microsoft-com:xslt\"\u003e\n\u003chead\u003e\n\u003cMETA http-equiv=\"Content-Type\" content=\"text/html\"\u003e\n\u003cmeta http-equiv=\"content-type\" content=\"text/html; charset=UTF-8\"\u003e\n\u003c/head\u003e\n\u003cbody style=\"margin:0px 0px 0px 0px;overflow:auto;background:#FFFFFF;\"\u003e\n\u003ctable style=\"font-family:Arial,Verdana,Times;font-size:12px;text-align:left;width:100%;border-collapse:collapse;padding:3px 3px 3px 3px\"\u003e\n\u003ctr style=\"text-align:center;font-weight:bold;background:#9CBCE2\"\u003e\n\u003ctd\u003e18102566,9293\u003c/td\u003e\n\u003c/tr\u003e\n\u003ctr\u003e\n\u003ctd\u003e\n\u003ctable style=\"font-family:Arial,Verdana,Times;font-size:12px;text-align:left;width:100%;border-spacing:0px; padding:3px 3px 3px 3px\"\u003e\n\u003ctr\u003e\n\u003ctd\u003eFID\u003c/td\u003e\n\u003ctd\u003e0\u003c/td\u003e\n\u003c/tr\u003e\n\u003ctr bgcolor=\"#D4E4F3\"\u003e\n\u003ctd\u003eShape_Leng\u003c/td\u003e\n\u003ctd\u003e18102566,9293\u003c/td\u003e\n\u003c/tr\u003e\n\u003c/table\u003e\n\u003c/td\u003e\n\u003c/tr\u003e\n\u003c/table\u003e\n\u003c/body\u003e\u003cscript type=\"text/javascript\"\u003e\n\t\t\t\tfunction changeImage(attElement, nameElement) {\n\t\t\t\tdocument.getElementById('imageAttachment').src = attElement;\n\t\t\t\tdocument.getElementById('imageName').innerHTML = nameElement;}\n\t\t\t\u003c/script\u003e\u003c/html\u003e\n","FID_active_grids":104,"GridID":"O01","Shape_Length":5.4298375713836196e-05,"Shape_Area":1.6372577193060717e-10}},{"type":"Feature","id":19303,"geometry":{"type":"Polygon","coordinates":[[[112.69695856600003,-7.1843833449999579],[112.69695853200005,-7.18437430299997],[112.69694947900007,-7.1843743359999621],[112.69694951200006,-7.18438337799995],[112.69695856600003,-7.1843833449999579]]]},"properties":{"OBJECTID":19303,"FID_mangrove_utm":19246,"OBJECTID_1":19246,"Name":"18102566,9293","FolderPath":"JATIM/JATIM","SymbolID":0,"AltMode":0,"Base":0,"Clamped":-1,"Extruded":0,"Snippet":"","PopupInfo":"\u003chtml xmlns:fo=\"http://www.w3.org/1999/XSL/Format\" xmlns:msxsl=\"urn:schemas-microsoft-com:xslt\"\u003e\n\u003chead\u003e\n\u003cMETA http-equiv=\"Content-Type\" content=\"text/html\"\u003e\n\u003cmeta http-equiv=\"content-type\" content=\"text/html; charset=UTF-8\"\u003e\n\u003c/head\u003e\n\u003cbody style=\"margin:0px 0px 0px 0px;overflow:auto;background:#FFFFFF;\"\u003e\n\u003ctable style=\"font-family:Arial,Verdana,Times;font-size:12px;text-align:left;width:100%;border-collapse:collapse;padding:3px 3px 3px 3px\"\u003e\n\u003ctr style=\"text-align:center;font-weight:bold;background:#9CBCE2\"\u003e\n\u003ctd\u003e18102566,9293\u003c/td\u003e\n\u003c/tr\u003e\n\u003ctr\u003e\n\u003ctd\u003e\n\u003ctable style=\"font-family:Arial,Verdana,Times;font-size:12px;text-align:left;width:100%;border-spacing:0px; padding:3px 3px 3px 3px\"\u003e\n\u003ctr\u003e\n\u003ctd\u003eFID\u003c/td\u003e\n\u003ctd\u003e0\u003c/td\u003e\n\u003c/tr\u003e\n\u003ctr bgcolor=\"#D4E4F3\"\u003e\n\u003ctd\u003eShape_Leng\u003c/td\u003e\n\u003ctd\u003e18102566,9293\u003c/td\u003e\n\u003c/tr\u003e\n\u003c/table\u003e\n\u003c/td\u003e\n\u003c/tr\u003e\n\u003c/table\u003e\n\u003c/body\u003e\u003cscript type=\"text/javascript\"\u003e\n\t\t\t\tfunction changeImage(attElement, nameElement) {\n\t\t\t\tdocument.getElementById('imageAttachment').src = attElement;\n\t\t\t\tdocument.getElementById('imageName').innerHTML = nameElement;}\n\t\t\t\u003c/script\u003e\u003c/html\u003e\n","FID_active_grids":104,"GridID":"O01","Shape_Length":3.6191244362450183e-05,"Shape_Area":8.1862852207871956e-11}},{"type":"Feature","id":19992,"geometry":{"type":"Polygon","coordinates":[[[112.67471870800011,-7.1757846619999555],[112.67471867500001,-7.1757756199999676],[112.67470962200002,-7.1757756529999597],[112.67470965500002,-7.1757846949999475],[112.67471870800011,-7.1757846619999555]]]},"properties":{"OBJECTID":19992,"FID_mangrove_utm":19935,"OBJECTID_1":19935,"Name":"18102566,9293","FolderPath":"JATIM/JATIM","SymbolID":0,"AltMode":0,"Base":0,"Clamped":-1,"Extruded":0,"Snippet":"","PopupInfo":"\u003chtml xmlns:fo=\"http://www.w3.org/1999/XSL/Format\" xmlns:msxsl=\"urn:schemas-microsoft-com:xslt\"\u003e\n\u003chead\u003e\n\u003cMETA http-equiv=\"Content-Type\" content=\"text/html\"\u003e\n\u003cmeta http-equiv=\"content-type\" content=\"text/html; charset=UTF-8\"\u003e\n\u003c/head\u003e\n\u003cbody style=\"margin:0px 0px 0px 0px;overflow:auto;background:#FFFFFF;\"\u003e\n\u003ctable style=\"font-family:Arial,Verdana,Times;font-size:12px;text-align:left;width:100%;border-collapse:collapse;padding:3px 3px 3px 3px\"\u003e\n\u003ctr style=\"text-align:center;font-weight:bold;background:#9CBCE2\"\u003e\n\u003ctd\u003e18102566,9293\u003c/td\u003e\n\u003c/tr\u003e\n\u003ctr\u003e\n\u003ctd\u003e\n\u003ctable style=\"font-family:Arial,Verdana,Times;font-size:12px;text-align:left;width:100%;border-spacing:0px; padding:3px 3px 3px 3px\"\u003e\n\u003ctr\u003e\n\u003ctd\u003eFID\u003c/td\u003e\n\u003ctd\u003e0\u003c/td\u003e\n\u003c/tr\u003e\n\u003ctr bgcolor=\"#D4E4F3\"\u003e\n\u003ctd\u003eShape_Leng\u003c/td\u003e\n\u003ctd\u003e18102566,9293\u003c/td\u003e\n\u003c/tr\u003e\n\u003c/table\u003e\n\u003c/td\u003e\n\u003c/tr\u003e\n\u003c/table\u003e\n\u003c/body\u003e\u003cscript type=\"text/javascript\"\u003e\n\t\t\t\tfunction changeImage(attElement, nameElement) {\n\t\t\t\tdocument.getElementById('imageAttachment').src = attElement;\n\t\t\t\tdocument.getElementById('imageName').innerHTML = nameElement;}\n\t\t\t\u003c/script\u003e\u003c/html\u003e\n","FID_active_grids":104,"GridID":"O01","Shape_Length":3.6190240788902981e-05,"Shape_Area":8.1858315271721896e-11}},{"type":"Feature","id":20292,"geometry":{"type":"Polygon","coordinates":[[[112.71716554600005,-7.1722190599999749],[112.71716547800008,-7.1722009759999423],[112.7171564250001,-7.1722010099999807],[112.71715649300006,-7.1722190939999564],[112.71716554600005,-7.1722190599999749]]]},"properties":{"OBJECTID":20292,"FID_mangrove_utm":20234,"OBJECTID_1":20234,"Name":"18102566,9293","FolderPath":"JATIM/JATIM","SymbolID":0,"AltMode":0,"Base":0,"Clamped":-1,"Extruded":0,"Snippet":"","PopupInfo":"\u003chtml xmlns:fo=\"http://www.w3.org/1999/XSL/Format\" xmlns:msxsl=\"urn:schemas-microsoft-com:xslt\"\u003e\n\u003chead\u003e\n\u003cMETA http-equiv=\"Content-Type\" content=\"text/html\"\u003e\n\u003cmeta http-equiv=\"content-type\" content=\"text/html; charset=UTF-8\"\u003e\n\u003c/head\u003e\n\u003cbody style=\"margin:0px 0px 0px 0px;overflow:auto;background:#FFFFFF;\"\u003e\n\u003ctable style=\"font-family:Arial,Verdana,Times;font-size:12px;text-align:left;width:100%;border-collapse:collapse;padding:3px 3px 3px 3px\"\u003e\n\u003ctr style=\"text-align:center;font-weight:bold;background:#9CBCE2\"\u003e\n\u003ctd\u003e18102566,9293\u003c/td\u003e\n\u003c/tr\u003e\n\u003ctr\u003e\n\u003ctd\u003e\n\u003ctable style=\"font-family:Arial,Verdana,Times;font-size:12px;text-align:left;width:100%;border-spacing:0px; padding:3px 3px 3px 3px\"\u003e\n\u003ctr\u003e\n\u003ctd\u003eFID\u003c/td\u003e\n\u003ctd\u003e0\u003c/td\u003e\n\u003c/tr\u003e\n\u003ctr bgcolor=\"#D4E4F3\"\u003e\n\u003ctd\u003eShape_Leng\u003c/td\u003e\n\u003ctd\u003e18102566,9293\u003c/td\u003e\n\u003c/tr\u003e\n\u003c/table\u003e\n\u003c/td\u003e\n\u003c/tr\u003e\n\u003c/table\u003e\n\u003c/body\u003e\u003cscript type=\"text/javascript\"\u003e\n\t\t\t\tfunction changeImage(attElement, nameElement) {\n\t\t\t\tdocument.getElementById('imageAttachment').src = attElement;\n\t\t\t\tdocument.getElementById('imageName').innerHTML = nameElement;}\n\t\t\t\u003c/script\u003e\u003c/html\u003e\n","FID_active_grids":104,"GridID":"O01","Shape_Length":5.4274383365266956e-05,"Shape_Area":1.6371676376950017e-10}},{"type":"Feature","id":20293,"geometry":{"type":"Polygon","coordinates":[[[112.71715639100012,-7.172191967999936],[112.71715632400003,-7.1721738849999497],[112.71714727100004,-7.1721739179999418],[112.71714733800002,-7.1721920019999743],[112.71715639100012,-7.172191967999936]]]},"properties":{"OBJECTID":20293,"FID_mangrove_utm":20235,"OBJECTID_1":20235,"Name":"18102566,9293","FolderPath":"JATIM/JATIM","SymbolID":0,"AltMode":0,"Base":0,"Clamped":-1,"Extruded":0,"Snippet":"","PopupInfo":"\u003chtml xmlns:fo=\"http://www.w3.org/1999/XSL/Format\" xmlns:msxsl=\"urn:schemas-microsoft-com:xslt\"\u003e\n\u003chead\u003e\n\u003cMETA http-equiv=\"Content-Type\" content=\"text/html\"\u003e\n\u003cmeta http-equiv=\"content-type\" content=\"text/html; charset=UTF-8\"\u003e\n\u003c/head\u003e\n\u003cbody style=\"margin:0px 0px 0px 0px;overflow:auto;background:#FFFFFF;\"\u003e\n\u003ctable style=\"font-family:Arial,Verdana,Times;font-size:12px;text-align:left;width:100%;border-collapse:collapse;padding:3px 3px 3px 3px\"\u003e\n\u003ctr style=\"text-align:center;font-weight:bold;background:#9CBCE2\"\u003e\n\u003ctd\u003e18102566,9293\u003c/td\u003e\n\u003c/tr\u003e\n\u003ctr\u003e\n\u003ctd\u003e\n\u003ctable style=\"font-family:Arial,Verdana,Times;font-size:12px;text-align:left;width:100%;border-spacing:0px; padding:3px 3px 3px 3px\"\u003e\n\u003ctr\u003e\n\u003ctd\u003eFID\u003c/td\u003e\n\u003ctd\u003e0\u003c/td\u003e\n\u003c/tr\u003e\n\u003ctr bgcolor=\"#D4E4F3\"\u003e\n\u003ctd\u003eShape_Leng\u003c/td\u003e\n\u003ctd\u003e18102566,9293\u003c/td\u003e\n\u003c/tr\u003e\n\u003c/table\u003e\n\u003c/td\u003e\n\u003c/tr\u003e\n\u003c/table\u003e\n\u003c/body\u003e\u003cscript type=\"text/javascript\"\u003e\n\t\t\t\tfunction changeImage(attElement, nameElement) {\n\t\t\t\tdocument.getElementById('imageAttachment').src = attElement;\n\t\t\t\tdocument.getElementById('imageName').innerHTML = nameElement;}\n\t\t\t\u003c/script\u003e\u003c/html\u003e\n","FID_active_grids":104,"GridID":"O01","Shape_Length":5.4273372331420131e-05,"Shape_Area":1.6371217084792648e-10}},{"type":"Feature","id":20294,"geometry":{"type":"Polygon","coordinates":[[[112.71702052800003,-7.1721743919999312],[112.71702046000007,-7.1721563089999449],[112.7170023540001,-7.1721563759999754],[112.71700242200006,-7.1721744599999511],[112.71702052800003,-7.1721743919999312]]]},"properties":{"OBJECTID":20294,"FID_mangrove_utm":20236,"OBJECTID_1":20236,"Name":"18102566,9293","FolderPath":"JATIM/JATIM","SymbolID":0,"AltMode":0,"Base":0,"Clamped":-1,"Extruded":0,"Snippet":"","PopupInfo":"\u003chtml xmlns:fo=\"http://www.w3.org/1999/XSL/Format\" xmlns:msxsl=\"urn:schemas-microsoft-com:xslt\"\u003e\n\u003chead\u003e\n\u003cMETA http-equiv=\"Content-Type\" content=\"text/html\"\u003e\n\u003cmeta http-equiv=\"content-type\" content=\"text/html; charset=UTF-8\"\u003e\n\u003c/head\u003e\n\u003cbody style=\"margin:0px 0px 0px 0px;overflow:auto;background:#FFFFFF;\"\u003e\n\u003ctable style=\"font-family:Arial,Verdana,Times;font-size:12px;text-align:left;width:100%;border-collapse:collapse;padding:3px 3px 3px 3px\"\u003e\n\u003ctr style=\"text-align:center;font-weight:bold;background:#9CBCE2\"\u003e\n\u003ctd\u003e18102566,9293\u003c/td\u003e\n\u003c/tr\u003e\n\u003ctr\u003e\n\u003ctd\u003e\n\u003ctable style=\"font-family:Arial,Verdana,Times;font-size:12px;text-align:left;width:100%;border-spacing:0px; padding:3px 3px 3px 3px\"\u003e\n\u003ctr\u003e\n\u003ctd\u003eFID\u003c/td\u003e\n\u003ctd\u003e0\u003c/td\u003e\n\u003c/tr\u003e\n\u003ctr bgcolor=\"#D4E4F3\"\u003e\n\u003ctd\u003eShape_Leng\u003c/td\u003e\n\u003ctd\u003e18102566,9293\u003c/td\u003e\n\u003c/tr\u003e\n\u003c/table\u003e\n\u003c/td\u003e\n\u003c/tr\u003e\n\u003c/table\u003e\n\u003c/body\u003e\u003cscript type=\"text/javascript\"\u003e\n\t\t\t\tfunction changeImage(attElement, nameElement) {\n\t\t\t\tdocument.getElementById('imageAttachment').src = attElement;\n\t\t\t\tdocument.getElementById('imageName').innerHTML = nameElement;}\n\t\t\t\u003c/script\u003e\u003c/html\u003e\n","FID_active_grids":104,"GridID":"O01","Shape_Length":7.2379507260619569e-05,"Shape_Area":3.2742444012052887e-10}},{"type":"Feature","id":20299,"geometry":{"type":"Polygon","coordinates":[[[112.71715612000003,-7.1721196339999551],[112.71715601900007,-7.1720925079999347],[112.71714696600009,-7.172092541999973],[112.71714706700004,-7.1721196679999366],[112.71715612000003,-7.1721196339999551]]]},"properties":{"OBJECTID":20299,"FID_mangrove_utm":20241,"OBJECTID_1":20241,"Name":"18102566,9293","FolderPath":"JATIM/JATIM","SymbolID":0,"AltMode":0,"Base":0,"Clamped":-1,"Extruded":0,"Snippet":"","PopupInfo":"\u003chtml xmlns:fo=\"http://www.w3.org/1999/XSL/Format\" xmlns:msxsl=\"urn:schemas-microsoft-com:xslt\"\u003e\n\u003chead\u003e\n\u003cMETA http-equiv=\"Content-Type\" content=\"text/html\"\u003e\n\u003cmeta http-equiv=\"content-type\" content=\"text/html; charset=UTF-8\"\u003e\n\u003c/head\u003e\n\u003cbody style=\"margin:0px 0px 0px 0px;overflow:auto;background:#FFFFFF;\"\u003e\n\u003ctable style=\"font-family:Arial,Verdana,Times;font-size:12px;text-align:left;width:100%;border-collapse:collapse;padding:3px 3px 3px 3px\"\u003e\n\u003ctr style=\"text-align:center;font-weight:bold;background:#9CBCE2\"\u003e\n\u003ctd\u003e18102566,9293\u003c/td\u003e\n\u003c/tr\u003e\n\u003ctr\u003e\n\u003ctd\u003e\n\u003ctable style=\"font-family:Arial,Verdana,Times;font-size:12px;text-align:left;width:100%;border-spacing:0px; padding:3px 3px 3px 3px\"\u003e\n\u003ctr\u003e\n\u003ctd\u003eFID\u003c/td\u003e\n\u003ctd\u003e0\u003c/td\u003e\n\u003c/tr\u003e\n\u003ctr bgcolor=\"#D4E4F3\"\u003e\n\u003ctd\u003eShape_Leng\u003c/td\u003e\n\u003ctd\u003e18102566,9293\u003c/td\u003e\n\u003c/tr\u003e\n\u003c/table\u003e\n\u003c/td\u003e\n\u003c/tr\u003e\n\u003c/table\u003e\n\u003c/body\u003e\u003cscript type=\"text/javascript\"\u003e\n\t\t\t\tfunction changeImage(attElement, nameElement) {\n\t\t\t\tdocument.getElementById('imageAttachment').src = attElement;\n\t\t\t\tdocument.getElementById('imageName').innerHTML = nameElement;}\n\t\t\t\u003c/script\u003e\u003c/html\u003e\n","FID_active_grids":104,"GridID":"O01","Shape_Length":7.2358503704752917e-05,"Shape_Area":2.4557511152594906e-10}},{"type":"Feature","id":20300,"geometry":{"type":"Polygon","coordinates":[[[112.71717415900002,-7.1721014819999596],[112.71717409100006,-7.1720833989999733],[112.71716503800008,-7.1720834329999548],[112.71716510600004,-7.1721015159999411],[112.71717415900002,-7.1721014819999596]]]},"properties":{"OBJECTID":20300,"FID_mangrove_utm":20242,"OBJECTID_1":20242,"Name":"18102566,9293","FolderPath":"JATIM/JATIM","SymbolID":0,"AltMode":0,"Base":0,"Clamped":-1,"Extruded":0,"Snippet":"","PopupInfo":"\u003chtml xmlns:fo=\"http://www.w3.org/1999/XSL/Format\" xmlns:msxsl=\"urn:schemas-microsoft-com:xslt\"\u003e\n\u003chead\u003e\n\u003cMETA http-equiv=\"Content-Type\" content=\"text/html\"\u003e\n\u003cmeta http-equiv=\"content-type\" content=\"text/html; charset=UTF-8\"\u003e\n\u003c/head\u003e\n\u003cbody style=\"margin:0px 0px 0px 0px;overflow:auto;background:#FFFFFF;\"\u003e\n\u003ctable style=\"font-family:Arial,Verdana,Times;font-size:12px;text-align:left;width:100%;border-collapse:collapse;padding:3px 3px 3px 3px\"\u003e\n\u003ctr style=\"text-align:center;font-weight:bold;background:#9CBCE2\"\u003e\n\u003ctd\u003e18102566,9293\u003c/td\u003e\n\u003c/tr\u003e\n\u003ctr\u003e\n\u003ctd\u003e\n\u003ctable style=\"font-family:Arial,Verdana,Times;font-size:12px;text-align:left;width:100%;border-spacing:0px; padding:3px 3px 3px 3px\"\u003e\n\u003ctr\u003e\n\u003ctd\u003eFID\u003c/td\u003e\n\u003ctd\u003e0\u003c/td\u003e\n\u003c/tr\u003e\n\u003ctr bgcolor=\"#D4E4F3\"\u003e\n\u003ctd\u003eShape_Leng\u003c/td\u003e\n\u003ctd\u003e18102566,9293\u003c/td\u003e\n\u003c/tr\u003e\n\u003c/table\u003e\n\u003c/td\u003e\n\u003c/tr\u003e\n\u003c/table\u003e\n\u003c/body\u003e\u003cscript type=\"text/javascript\"\u003e\n\t\t\t\tfunction changeImage(attElement, nameElement) {\n\t\t\t\tdocument.getElementById('imageAttachment').src = attElement;\n\t\t\t\tdocument.getElementById('imageName').innerHTML = nameElement;}\n\t\t\t\u003c/script\u003e\u003c/html\u003e\n","FID_active_grids":104,"GridID":"O01","Shape_Length":5.4272383343501051e-05,"Shape_Area":1.6370771060601966e-10}},{"type":"Feature","id":20301,"geometry":{"type":"Polygon","coordinates":[[[112.71731897400002,-7.1720918989999518],[112.71731894000004,-7.172082856999964],[112.71730988700006,-7.1720828909999454],[112.71730992100004,-7.1720919329999333],[112.71731897400002,-7.1720918989999518]]]},"properties":{"OBJECTID":20301,"FID_mangrove_utm":20243,"OBJECTID_1":20243,"Name":"18102566,9293","FolderPath":"JATIM/JATIM","SymbolID":0,"AltMode":0,"Base":0,"Clamped":-1,"Extruded":0,"Snippet":"","PopupInfo":"\u003chtml xmlns:fo=\"http://www.w3.org/1999/XSL/Format\" xmlns:msxsl=\"urn:schemas-microsoft-com:xslt\"\u003e\n\u003chead\u003e\n\u003cMETA http-equiv=\"Content-Type\" content=\"text/html\"\u003e\n\u003cmeta http-equiv=\"content-type\" content=\"text/html; charset=UTF-8\"\u003e\n\u003c/head\u003e\n\u003cbody style=\"margin:0px 0px 0px 0px;overflow:auto;background:#FFFFFF;\"\u003e\n\u003ctable style=\"font-family:Arial,Verdana,Times;font-size:12px;text-align:left;width:100%;border-collapse:collapse;padding:3px 3px 3px 3px\"\u003e\n\u003ctr style=\"text-align:center;font-weight:bold;background:#9CBCE2\"\u003e\n\u003ctd\u003e18102566,9293\u003c/td\u003e\n\u003c/tr\u003e\n\u003ctr\u003e\n\u003ctd\u003e\n\u003ctable style=\"font-family:Arial,Verdana,Times;font-size:12px;text-align:left;width:100%;border-spacing:0px; padding:3px 3px 3px 3px\"\u003e\n\u003ctr\u003e\n\u003ctd\u003eFID\u003c/td\u003e\n\u003ctd\u003e0\u003c/td\u003e\n\u003c/tr\u003e\n\u003ctr bgcolor=\"#D4E4F3\"\u003e\n\u003ctd\u003eShape_Leng\u003c/td\u003e\n\u003ctd\u003e18102566,9293\u003c/td\u003e\n\u003c/tr\u003e\n\u003c/table\u003e\n\u003c/td\u003e\n\u003c/tr\u003e\n\u003c/table\u003e\n\u003c/body\u003e\u003cscript type=\"text/javascript\"\u003e\n\t\t\t\tfunction changeImage(attElement, nameElement) {\n\t\t\t\tdocument.getElementById('imageAttachment').src = attElement;\n\t\t\t\tdocument.getElementById('imageName').innerHTML = nameElement;}\n\t\t\t\u003c/script\u003e\u003c/html\u003e\n","FID_active_grids":104,"GridID":"O01","Shape_Length":3.6190255485264662e-05,"Shape_Area":8.1858381755132889e-11}},{"type":"Feature","id":20302,"geometry":{"type":"Polygon","coordinates":[[[112.71700208300001,-7.1720840419999377],[112.71700204900003,-7.1720749999999498],[112.71699299600004,-7.1720750339999313],[112.71699303000003,-7.172084075999976],[112.71700208300001,-7.1720840419999377]]]},"properties":{"OBJECTID":20302,"FID_mangrove_utm":20244,"OBJECTID_1":20244,"Name":"18102566,9293","FolderPath":"JATIM/JATIM","SymbolID":0,"AltMode":0,"Base":0,"Clamped":-1,"Extruded":0,"Snippet":"","PopupInfo":"\u003chtml xmlns:fo=\"http://www.w3.org/1999/XSL/Format\" xmlns:msxsl=\"urn:schemas-microsoft-com:xslt\"\u003e\n\u003chead\u003e\n\u003cMETA http-equiv=\"Content-Type\" content=\"text/html\"\u003e\n\u003cmeta http-equiv=\"content-type\" content=\"text/html; charset=UTF-8\"\u003e\n\u003c/head\u003e\n\u003cbody style=\"margin:0px 0px 0px 0px;overflow:auto;background:#FFFFFF;\"\u003e\n\u003ctable style=\"font-family:Arial,Verdana,Times;font-size:12px;text-align:left;width:100%;border-collapse:collapse;padding:3px 3px 3px 3px\"\u003e\n\u003ctr style=\"text-align:center;font-weight:bold;background:#9CBCE2\"\u003e\n\u003ctd\u003e18102566,9293\u003c/td\u003e\n\u003c/tr\u003e\n\u003ctr\u003e\n\u003ctd\u003e\n\u003ctable style=\"font-family:Arial,Verdana,Times;font-size:12px;text-align:left;width:100%;border-spacing:0px; padding:3px 3px 3px 3px\"\u003e\n\u003ctr\u003e\n\u003ctd\u003eFID\u003c/td\u003e\n\u003ctd\u003e0\u003c/td\u003e\n\u003c/tr\u003e\n\u003ctr bgcolor=\"#D4E4F3\"\u003e\n\u003ctd\u003eShape_Leng\u003c/td\u003e\n\u003ctd\u003e18102566,9293\u003c/td\u003e\n\u003c/tr\u003e\n\u003c/table\u003e\n\u003c/td\u003e\n\u003c/tr\u003e\n\u003c/table\u003e\n\u003c/body\u003e\u003cscript type=\"text/javascript\"\u003e\n\t\t\t\tfunction changeImage(attElement, nameElement) {\n\t\t\t\tdocument.getElementById('imageAttachment').src = attElement;\n\t\t\t\tdocument.getElementById('imageName').innerHTML = nameElement;}\n\t\t\t\u003c/script\u003e\u003c/html\u003e\n","FID_active_grids":104,"GridID":"O01","Shape_Length":3.6190255542321154e-05,"Shape_Area":8.1858382013400958e-11}},{"type":"Feature","id":20303,"geometry":{"type":"Polygon","coordinates":[[[112.71713787900001,-7.1720835339999667],[112.71713784500002,-7.1720744919999788],[112.71712879200004,-7.1720745259999603],[112.71712882600002,-7.1720835679999482],[112.71713787900001,-7.1720835339999667]]]},"properties":{"OBJECTID":20303,"FID_mangrove_utm":20245,"OBJECTID_1":20245,"Name":"18102566,9293","FolderPath":"JATIM/JATIM","SymbolID":0,"AltMode":0,"Base":0,"Clamped":-1,"Extruded":0,"Snippet":"","PopupInfo":"\u003chtml xmlns:fo=\"http://www.w3.org/1999/XSL/Format\" xmlns:msxsl=\"urn:schemas-microsoft-com:xslt\"\u003e\n\u003chead\u003e\n\u003cMETA http-equiv=\"Content-Type\" content=\"text/html\"\u003e\n\u003cmeta http-equiv=\"content-type\" content=\"text/html; charset=UTF-8\"\u003e\n\u003c/head\u003e\n\u003cbody style=\"margin:0px 0px 0px 0px;overflow:auto;background:#FFFFFF;\"\u003e\n\u003ctable style=\"font-family:Arial,Verdana,Times;font-size:12px;text-align:left;width:100%;border-collapse:collapse;padding:3px 3px 3px 3px\"\u003e\n\u003ctr style=\"text-align:center;font-weight:bold;background:#9CBCE2\"\u003e\n\u003ctd\u003e18102566,9293\u003c/td\u003e\n\u003c/tr\u003e\n\u003ctr\u003e\n\u003ctd\u003e\n\u003ctable style=\"font-family:Arial,Verdana,Times;font-size:12px;text-align:left;width:100%;border-spacing:0px; padding:3px 3px 3px 3px\"\u003e\n\u003ctr\u003e\n\u003ctd\u003eFID\u003c/td\u003e\n\u003ctd\u003e0\u003c/td\u003e\n\u003c/tr\u003e\n\u003ctr bgcolor=\"#D4E4F3\"\u003e\n\u003ctd\u003eShape_Leng\u003c/td\u003e\n\u003ctd\u003e18102566,9293\u003c/td\u003e\n\u003c/tr\u003e\n\u003c/table\u003e\n\u003c/td\u003e\n\u003c/tr\u003e\n\u003c/table\u003e\n\u003c/body\u003e\u003cscript type=\"text/javascript\"\u003e\n\t\t\t\tfunction changeImage(attElement, nameElement) {\n\t\t\t\tdocument.getElementById('imageAttachment').src = attElement;\n\t\t\t\tdocument.getElementById('imageName').innerHTML = nameElement;}\n\t\t\t\u003c/script\u003e\u003c/html\u003e\n","FID_active_grids":104,"GridID":"O01","Shape_Length":3.6190255485264662e-05,"Shape_Area":8.1858381755132889e-11}},{"type":"Feature","id":20306,"geometry":{"type":"Polygon","coordinates":[[[112.71708339100007,-7.1720385279999732],[112.71707433800009,-7.1720385619999547],[112.71707440600005,-7.1720566459999304],[112.71706535300007,-7.1720566789999793],[112.71706538700005,-7.1720657209999672],[112.71709254600012,-7.1720656199999553],[112.71709264700007,-7.1720927449999294],[112.71708359400009,-7.1720927789999678],[112.71708366200005,-7.1721108629999435],[112.71706555600008,-7.1721109299999739],[112.71706548800012,-7.1720928469999308],[112.71705643500002,-7.1720928809999691],[112.71705640100004,-7.1720838389999813],[112.71702924200008,-7.1720839399999363],[112.71702927600006,-7.172092981999981],[112.71701117000009,-7.172093049999944],[112.71701123800005,-7.1721111329999303],[112.71702934400003,-7.1721110659999567],[112.71702937800001,-7.1721201069999552],[112.71703843100011,-7.1721200739999631],[112.71703846500009,-7.1721291149999615],[112.71704751800007,-7.1721290819999695],[112.71704755100006,-7.1721381229999679],[112.71705660500004,-7.1721380899999758],[112.71705663800003,-7.1721471309999743],[112.7170747450001,-7.1721470639999438],[112.71707464300005,-7.1721199379999803],[112.71709274900002,-7.1721198709999499],[112.71709291800005,-7.1721650799999566],[112.71706575900009,-7.1721651809999685],[112.71706579300007,-7.1721742229999563],[112.71705674000009,-7.1721742569999378],[112.71705677400007,-7.1721832989999257],[112.71704772100009,-7.1721833319999746],[112.71704785600002,-7.172219499999926],[112.71703880300004,-7.1722195339999644],[112.71703887100011,-7.1722376169999507],[112.7170479240001,-7.1722375829999692],[112.71704795800008,-7.172246624999957],[112.71705701100007,-7.1722465909999755],[112.71705704500005,-7.1722556329999634],[112.71706609800003,-7.172255598999925],[112.71706592900011,-7.1722103899999752],[112.71708403500008,-7.1722103219999553],[112.71708406900007,-7.1722193639999432],[112.71709312200005,-7.1722193299999617],[112.71709315600003,-7.1722283719999496],[112.71710220900002,-7.1722283379999681],[112.71710227600011,-7.1722464219999438],[112.71711132900009,-7.1722463879999623],[112.7171112960001,-7.1722373459999744],[112.71712034900008,-7.1722373129999255],[112.71712028100001,-7.1722192289999498],[112.71712933400011,-7.1722191949999683],[112.71712930000001,-7.1722101529999804],[112.71713835300011,-7.1722101189999421],[112.71713831900001,-7.1722010779999437],[112.71711116000006,-7.1722011789999556],[112.7171110920001,-7.1721830959999693],[112.71712014500008,-7.1721830619999309],[112.71712007800011,-7.1721649779999552],[112.71713818400008,-7.1721649099999354],[112.71713804800004,-7.1721287429999734],[112.71711994200007,-7.1721288109999364],[112.71711990800009,-7.1721197689999485],[112.71710180200012,-7.1721198369999684],[112.71710176800002,-7.1721107949999805],[112.71709271500004,-7.172110828999962],[112.71709268100005,-7.1721017869999741],[112.71711078700002,-7.1721017189999543],[112.71711082100001,-7.1721107609999422],[112.7171198740001,-7.1721107269999607],[112.71711973900005,-7.1720745599999418],[112.71711068600007,-7.1720745939999802],[112.71711061800011,-7.1720565099999476],[112.71710156500001,-7.1720565439999291],[112.71710153100003,-7.1720475019999412],[112.71708342500006,-7.1720475699999611],[112.71708339100007,-7.1720385279999732]]]},"properties":{"OBJECTID":20306,"FID_mangrove_utm":20248,"OBJECTID_1":20248,"Name":"18102566,9293","FolderPath":"JATIM/JATIM","SymbolID":0,"AltMode":0,"Base":0,"Clamped":-1,"Extruded":0,"Snippet":"","PopupInfo":"\u003chtml xmlns:fo=\"http://www.w3.org/1999/XSL/Format\" xmlns:msxsl=\"urn:schemas-microsoft-com:xslt\"\u003e\n\u003chead\u003e\n\u003cMETA http-equiv=\"Content-Type\" content=\"text/html\"\u003e\n\u003cmeta http-equiv=\"content-type\" content=\"text/html; charset=UTF-8\"\u003e\n\u003c/head\u003e\n\u003cbody style=\"margin:0px 0px 0px 0px;overflow:auto;background:#FFFFFF;\"\u003e\n\u003ctable style=\"font-family:Arial,Verdana,Times;font-size:12px;text-align:left;width:100%;border-collapse:collapse;padding:3px 3px 3px 3px\"\u003e\n\u003ctr style=\"text-align:center;font-weight:bold;background:#9CBCE2\"\u003e\n\u003ctd\u003e18102566,9293\u003c/td\u003e\n\u003c/tr\u003e\n\u003ctr\u003e\n\u003ctd\u003e\n\u003ctable style=\"font-family:Arial,Verdana,Times;font-size:12px;text-align:left;width:100%;border-spacing:0px; padding:3px 3px 3px 3px\"\u003e\n\u003ctr\u003e\n\u003ctd\u003eFID\u003c/td\u003e\n\u003ctd\u003e0\u003c/td\u003e\n\u003c/tr\u003e\n\u003ctr bgcolor=\"#D4E4F3\"\u003e\n\u003ctd\u003eShape_Leng\u003c/td\u003e\n\u003ctd\u003e18102566,9293\u003c/td\u003e\n\u003c/tr\u003e\n\u003c/table\u003e\n\u003c/td\u003e\n\u003c/tr\u003e\n\u003c/table\u003e\n\u003c/body\u003e\u003cscript type=\"text/javascript\"\u003e\n\t\t\t\tfunction changeImage(attElement, nameElement) {\n\t\t\t\tdocument.getElementById('imageAttachment').src = attElement;\n\t\t\t\tdocument.getElementById('imageName').innerHTML = nameElement;}\n\t\t\t\u003c/script\u003e\u003c/html\u003e\n","FID_active_grids":104,"GridID":"O01","Shape_Length":0.0011580100880488556,"Shape_Area":1.1214407110348532e-08}},{"type":"Feature","id":20310,"geometry":{"type":"Polygon","coordinates":[[[112.71697444900008,-7.1719575579999741],[112.71697441600008,-7.1719485159999294],[112.7169653630001,-7.1719485499999678],[112.71696539600009,-7.1719575919999556],[112.71697444900008,-7.1719575579999741]]]},"properties":{"OBJECTID":20310,"FID_mangrove_utm":20252,"OBJECTID_1":20252,"Name":"18102566,9293","FolderPath":"JATIM/JATIM","SymbolID":0,"AltMode":0,"Base":0,"Clamped":-1,"Extruded":0,"Snippet":"","PopupInfo":"\u003chtml xmlns:fo=\"http://www.w3.org/1999/XSL/Format\" xmlns:msxsl=\"urn:schemas-microsoft-com:xslt\"\u003e\n\u003chead\u003e\n\u003cMETA http-equiv=\"Content-Type\" content=\"text/html\"\u003e\n\u003cmeta http-equiv=\"content-type\" content=\"text/html; charset=UTF-8\"\u003e\n\u003c/head\u003e\n\u003cbody style=\"margin:0px 0px 0px 0px;overflow:auto;background:#FFFFFF;\"\u003e\n\u003ctable style=\"font-family:Arial,Verdana,Times;font-size:12px;text-align:left;width:100%;border-collapse:collapse;padding:3px 3px 3px 3px\"\u003e\n\u003ctr style=\"text-align:center;font-weight:bold;background:#9CBCE2\"\u003e\n\u003ctd\u003e18102566,9293\u003c/td\u003e\n\u003c/tr\u003e\n\u003ctr\u003e\n\u003ctd\u003e\n\u003ctable style=\"font-family:Arial,Verdana,Times;font-size:12px;text-align:left;width:100%;border-spacing:0px; padding:3px 3px 3px 3px\"\u003e\n\u003ctr\u003e\n\u003ctd\u003eFID\u003c/td\u003e\n\u003ctd\u003e0\u003c/td\u003e\n\u003c/tr\u003e\n\u003ctr bgcolor=\"#D4E4F3\"\u003e\n\u003ctd\u003eShape_Leng\u003c/td\u003e\n\u003ctd\u003e18102566,9293\u003c/td\u003e\n\u003c/tr\u003e\n\u003c/table\u003e\n\u003c/td\u003e\n\u003c/tr\u003e\n\u003c/table\u003e\n\u003c/body\u003e\u003cscript type=\"text/javascript\"\u003e\n\t\t\t\tfunction changeImage(attElement, nameElement) {\n\t\t\t\tdocument.getElementById('imageAttachment').src = attElement;\n\t\t\t\tdocument.getElementById('imageName').innerHTML = nameElement;}\n\t\t\t\u003c/script\u003e\u003c/html\u003e\n","FID_active_grids":104,"GridID":"O01","Shape_Length":3.6190248132588252e-05,"Shape_Area":8.1858348013750603e-11}},{"type":"Feature","id":20312,"geometry":{"type":"Polygon","coordinates":[[[112.7169743820001,-7.1719394739999416],[112.71697434800001,-7.1719304319999537],[112.71696529500002,-7.1719304659999352],[112.71696532900012,-7.1719395079999799],[112.7169743820001,-7.1719394739999416]]]},"properties":{"OBJECTID":20312,"FID_mangrove_utm":20254,"OBJECTID_1":20254,"Name":"18102566,9293","FolderPath":"JATIM/JATIM","SymbolID":0,"AltMode":0,"Base":0,"Clamped":-1,"Extruded":0,"Snippet":"","PopupInfo":"\u003chtml xmlns:fo=\"http://www.w3.org/1999/XSL/Format\" xmlns:msxsl=\"urn:schemas-microsoft-com:xslt\"\u003e\n\u003chead\u003e\n\u003cMETA http-equiv=\"Content-Type\" content=\"text/html\"\u003e\n\u003cmeta http-equiv=\"content-type\" content=\"text/html; charset=UTF-8\"\u003e\n\u003c/head\u003e\n\u003cbody style=\"margin:0px 0px 0px 0px;overflow:auto;background:#FFFFFF;\"\u003e\n\u003ctable style=\"font-family:Arial,Verdana,Times;font-size:12px;text-align:left;width:100%;border-collapse:collapse;padding:3px 3px 3px 3px\"\u003e\n\u003ctr style=\"text-align:center;font-weight:bold;background:#9CBCE2\"\u003e\n\u003ctd\u003e18102566,9293\u003c/td\u003e\n\u003c/tr\u003e\n\u003ctr\u003e\n\u003ctd\u003e\n\u003ctable style=\"font-family:Arial,Verdana,Times;font-size:12px;text-align:left;width:100%;border-spacing:0px; padding:3px 3px 3px 3px\"\u003e\n\u003ctr\u003e\n\u003ctd\u003eFID\u003c/td\u003e\n\u003ctd\u003e0\u003c/td\u003e\n\u003c/tr\u003e\n\u003ctr bgcolor=\"#D4E4F3\"\u003e\n\u003ctd\u003eShape_Leng\u003c/td\u003e\n\u003ctd\u003e18102566,9293\u003c/td\u003e\n\u003c/tr\u003e\n\u003c/table\u003e\n\u003c/td\u003e\n\u003c/tr\u003e\n\u003c/table\u003e\n\u003c/body\u003e\u003cscript type=\"text/javascript\"\u003e\n\t\t\t\tfunction changeImage(attElement, nameElement) {\n\t\t\t\tdocument.getElementById('imageAttachment').src = attElement;\n\t\t\t\tdocument.getElementById('imageName').innerHTML = nameElement;}\n\t\t\t\u003c/script\u003e\u003c/html\u003e\n","FID_active_grids":104,"GridID":"O01","Shape_Length":3.6190255543176129e-05,"Shape_Area":8.1858382017266308e-11}},{"type":"Feature","id":20317,"geometry":{"type":"Polygon","coordinates":[[[112.71716419100005,-7.1718573869999318],[112.71716412300009,-7.1718393039999455],[112.7171550700001,-7.171839337999927],[112.71715513800007,-7.1718574209999701],[112.71716419100005,-7.1718573869999318]]]},"properties":{"OBJECTID":20317,"FID_mangrove_utm":20259,"OBJECTID_1":20259,"Name":"18102566,9293","FolderPath":"JATIM/JATIM","SymbolID":0,"AltMode":0,"Base":0,"Clamped":-1,"Extruded":0,"Snippet":"","PopupInfo":"\u003chtml xmlns:fo=\"http://www.w3.org/1999/XSL/Format\" xmlns:msxsl=\"urn:schemas-microsoft-com:xslt\"\u003e\n\u003chead\u003e\n\u003cMETA http-equiv=\"Content-Type\" content=\"text/html\"\u003e\n\u003cmeta http-equiv=\"content-type\" content=\"text/html; charset=UTF-8\"\u003e\n\u003c/head\u003e\n\u003cbody style=\"margin:0px 0px 0px 0px;overflow:auto;background:#FFFFFF;\"\u003e\n\u003ctable style=\"font-family:Arial,Verdana,Times;font-size:12px;text-align:left;width:100%;border-collapse:collapse;padding:3px 3px 3px 3px\"\u003e\n\u003ctr style=\"text-align:center;font-weight:bold;background:#9CBCE2\"\u003e\n\u003ctd\u003e18102566,9293\u003c/td\u003e\n\u003c/tr\u003e\n\u003ctr\u003e\n\u003ctd\u003e\n\u003ctable style=\"font-family:Arial,Verdana,Times;font-size:12px;text-align:left;width:100%;border-spacing:0px; padding:3px 3px 3px 3px\"\u003e\n\u003ctr\u003e\n\u003ctd\u003eFID\u003c/td\u003e\n\u003ctd\u003e0\u003c/td\u003e\n\u003c/tr\u003e\n\u003ctr bgcolor=\"#D4E4F3\"\u003e\n\u003ctd\u003eShape_Leng\u003c/td\u003e\n\u003ctd\u003e18102566,9293\u003c/td\u003e\n\u003c/tr\u003e\n\u003c/table\u003e\n\u003c/td\u003e\n\u003c/tr\u003e\n\u003c/table\u003e\n\u003c/body\u003e\u003cscript type=\"text/javascript\"\u003e\n\t\t\t\tfunction changeImage(attElement, nameElement) {\n\t\t\t\tdocument.getElementById('imageAttachment').src = attElement;\n\t\t\t\tdocument.getElementById('imageName').innerHTML = nameElement;}\n\t\t\t\u003c/script\u003e\u003c/html\u003e\n","FID_active_grids":104,"GridID":"O01","Shape_Length":5.427238340055755e-05,"Shape_Area":1.6370771086525406e-10}},{"type":"Feature","id":20340,"geometry":{"type":"Polygon","coordinates":[[[112.71776013300007,-7.1714392299999759],[112.71776918600006,-7.1714391959999375],[112.71776915200007,-7.1714301549999391],[112.71776009900009,-7.1714301889999774],[112.71776013300007,-7.1714392299999759]]]},"properties":{"OBJECTID":20340,"FID_mangrove_utm":20282,"OBJECTID_1":20282,"Name":"18102566,9293","FolderPath":"JATIM/JATIM","SymbolID":0,"AltMode":0,"Base":0,"Clamped":-1,"Extruded":0,"Snippet":"","PopupInfo":"\u003chtml xmlns:fo=\"http://www.w3.org/1999/XSL/Format\" xmlns:msxsl=\"urn:schemas-microsoft-com:xslt\"\u003e\n\u003chead\u003e\n\u003cMETA http-equiv=\"Content-Type\" content=\"text/html\"\u003e\n\u003cmeta http-equiv=\"content-type\" content=\"text/html; charset=UTF-8\"\u003e\n\u003c/head\u003e\n\u003cbody style=\"margin:0px 0px 0px 0px;overflow:auto;background:#FFFFFF;\"\u003e\n\u003ctable style=\"font-family:Arial,Verdana,Times;font-size:12px;text-align:left;width:100%;border-collapse:collapse;padding:3px 3px 3px 3px\"\u003e\n\u003ctr style=\"text-align:center;font-weight:bold;background:#9CBCE2\"\u003e\n\u003ctd\u003e18102566,9293\u003c/td\u003e\n\u003c/tr\u003e\n\u003ctr\u003e\n\u003ctd\u003e\n\u003ctable style=\"font-family:Arial,Verdana,Times;font-size:12px;text-align:left;width:100%;border-spacing:0px; padding:3px 3px 3px 3px\"\u003e\n\u003ctr\u003e\n\u003ctd\u003eFID\u003c/td\u003e\n\u003ctd\u003e0\u003c/td\u003e\n\u003c/tr\u003e\n\u003ctr bgcolor=\"#D4E4F3\"\u003e\n\u003ctd\u003eShape_Leng\u003c/td\u003e\n\u003ctd\u003e18102566,9293\u003c/td\u003e\n\u003c/tr\u003e\n\u003c/table\u003e\n\u003c/td\u003e\n\u003c/tr\u003e\n\u003c/table\u003e\n\u003c/body\u003e\u003cscript type=\"text/javascript\"\u003e\n\t\t\t\tfunction changeImage(attElement, nameElement) {\n\t\t\t\tdocument.getElementById('imageAttachment').src = attElement;\n\t\t\t\tdocument.getElementById('imageName').innerHTML = nameElement;}\n\t\t\t\u003c/script\u003e\u003c/html\u003e\n","FID_active_grids":104,"GridID":"O01","Shape_Length":3.6188255520983007e-05,"Shape_Area":8.1849328852819444e-11}},{"type":"Feature","id":20349,"geometry":{"type":"Polygon","coordinates":[[[112.71697197600008,-7.1712975059999735],[112.71695387000011,-7.1712975729999471],[112.71695393800007,-7.1713156569999796],[112.71698109700003,-7.1713155559999677],[112.71698106300005,-7.1713065139999799],[112.71697201000006,-7.1713065479999614],[112.71697197600008,-7.1712975059999735]]]},"properties":{"OBJECTID":20349,"FID_mangrove_utm":20291,"OBJECTID_1":20291,"Name":"18102566,9293","FolderPath":"JATIM/JATIM","SymbolID":0,"AltMode":0,"Base":0,"Clamped":-1,"Extruded":0,"Snippet":"","PopupInfo":"\u003chtml xmlns:fo=\"http://www.w3.org/1999/XSL/Format\" xmlns:msxsl=\"urn:schemas-microsoft-com:xslt\"\u003e\n\u003chead\u003e\n\u003cMETA http-equiv=\"Content-Type\" content=\"text/html\"\u003e\n\u003cmeta http-equiv=\"content-type\" content=\"text/html; charset=UTF-8\"\u003e\n\u003c/head\u003e\n\u003cbody style=\"margin:0px 0px 0px 0px;overflow:auto;background:#FFFFFF;\"\u003e\n\u003ctable style=\"font-family:Arial,Verdana,Times;font-size:12px;text-align:left;width:100%;border-collapse:collapse;padding:3px 3px 3px 3px\"\u003e\n\u003ctr style=\"text-align:center;font-weight:bold;background:#9CBCE2\"\u003e\n\u003ctd\u003e18102566,9293\u003c/td\u003e\n\u003c/tr\u003e\n\u003ctr\u003e\n\u003ctd\u003e\n\u003ctable style=\"font-family:Arial,Verdana,Times;font-size:12px;text-align:left;width:100%;border-spacing:0px; padding:3px 3px 3px 3px\"\u003e\n\u003ctr\u003e\n\u003ctd\u003eFID\u003c/td\u003e\n\u003ctd\u003e0\u003c/td\u003e\n\u003c/tr\u003e\n\u003ctr bgcolor=\"#D4E4F3\"\u003e\n\u003ctd\u003eShape_Leng\u003c/td\u003e\n\u003ctd\u003e18102566,9293\u003c/td\u003e\n\u003c/tr\u003e\n\u003c/table\u003e\n\u003c/td\u003e\n\u003c/tr\u003e\n\u003c/table\u003e\n\u003c/body\u003e\u003cscript type=\"text/javascript\"\u003e\n\t\t\t\tfunction changeImage(attElement, nameElement) {\n\t\t\t\tdocument.getElementById('imageAttachment').src = attElement;\n\t\t\t\tdocument.getElementById('imageName').innerHTML = nameElement;}\n\t\t\t\u003c/script\u003e\u003c/html\u003e\n","FID_active_grids":104,"GridID":"O01","Shape_Length":9.0486631224740176e-05,"Shape_Area":4.0928731509813544e-10}},{"type":"Feature","id":20361,"geometry":{"type":"Polygon","coordinates":[[[112.71769676100007,-7.1714394669999706],[112.71769672700009,-7.1714304249999259],[112.71770578000007,-7.1714303919999338],[112.71770576600011,-7.1714264569999386],[112.7176776340001,-7.1714293729999667],[112.71737196600009,-7.1713587449999636],[112.71695806200012,-7.171168904999945],[112.71692617400004,-7.1711543239999287],[112.71692627100003,-7.1711801309999714],[112.71691721800005,-7.1711801649999529],[112.71691725200003,-7.1711892069999408],[112.71690819900004,-7.1711892409999791],[112.71690826600002,-7.1712073249999548],[112.71691731900012,-7.1712072909999733],[112.71691742100006,-7.1712344159999475],[112.71692647400005,-7.171234381999966],[112.71692650800003,-7.1712434239999538],[112.71693556100001,-7.1712433899999724],[112.71693569600006,-7.1712795579999806],[112.71694474900005,-7.1712795239999423],[112.71694471600006,-7.1712704819999544],[112.71695376900004,-7.1712704479999729],[112.71695380200003,-7.1712794899999608],[112.71696285600001,-7.1712794559999793],[112.71696282200003,-7.1712704139999346],[112.7169899810001,-7.1712703129999795],[112.71699001500008,-7.171279353999978],[112.71699906800006,-7.171279320999929],[112.71699910200005,-7.1712883619999275],[112.71700815500003,-7.1712883289999354],[112.71700818800002,-7.1712973699999338],[112.71699008200005,-7.1712974379999537],[112.71699015000002,-7.1713155219999294],[112.71699920300011,-7.1713154879999479],[112.71699927100008,-7.1713335719999804],[112.71699021800009,-7.1713336049999725],[112.71699035300003,-7.1713697729999808],[112.71699940600001,-7.1713697389999425],[112.71699947400009,-7.1713878219999287],[112.71700852700008,-7.1713877889999367],[112.71700856100006,-7.1713968299999351],[112.71702666700003,-7.1713967629999615],[112.71702670100001,-7.17140580399996],[112.71705386000008,-7.1714057029999481],[112.7170538260001,-7.1713966609999602],[112.71706287900008,-7.1713966269999787],[112.71706291300006,-7.1714056689999666],[112.71707196600005,-7.1714056349999282],[112.71707203400001,-7.1714237189999608],[112.71710824600007,-7.1714235839999674],[112.71710828000005,-7.1714326249999658],[112.71711733300003,-7.1714325919999737],[112.71711740100011,-7.17145067499996],[112.71714456000007,-7.1714505739999481],[112.71714452600008,-7.1714415319999603],[112.7171354730001,-7.1714415659999418],[112.71713543900012,-7.1714325239999539],[112.71720786300011,-7.1714322529999777],[112.71720789700009,-7.1714412949999655],[112.71722600300006,-7.1714412269999457],[112.71722597000007,-7.1714321849999578],[112.71723502300006,-7.1714321519999658],[112.71723498900008,-7.1714231099999779],[112.71724404200006,-7.1714230759999396],[112.71724411000002,-7.1714411599999721],[112.71726221600011,-7.1714410919999523],[112.7172622490001,-7.1714501339999401],[112.71727130300008,-7.1714500999999586],[112.71727137000005,-7.1714681829999449],[112.71729852900012,-7.171468081999933],[112.71729849500002,-7.1714590399999452],[112.7173166020001,-7.1714589719999253],[112.71731663500009,-7.17146801399997],[112.71732568800007,-7.1714679799999317],[112.71732572200006,-7.1714770219999764],[112.71733477500004,-7.171476987999938],[112.71733480900002,-7.1714860299999259],[112.71737102100008,-7.1714858949999325],[112.71737105500006,-7.1714949369999772],[112.71738916100003,-7.1714948689999574],[112.71738909400005,-7.1714767849999248],[112.71739814700004,-7.1714767509999433],[112.71739824800011,-7.1715038769999637],[112.71741635400008,-7.1715038089999439],[112.71741638800006,-7.1715128509999317],[112.71743449400003,-7.1715127829999687],[112.71743446100004,-7.1715037419999703],[112.71744351400002,-7.171503707999932],[112.71744354700002,-7.1715127499999767],[112.71745260000012,-7.1715127159999383],[112.71745277000002,-7.171557924999945],[112.71746182300001,-7.1715578909999635],[112.7174618570001,-7.1715669329999514],[112.71747091000009,-7.1715668989999699],[112.71747094400007,-7.1715759409999578],[112.71751620900011,-7.1715757709999366],[112.71751627700007,-7.1715938549999692],[112.71755248900001,-7.1715937199999757],[112.71755245500003,-7.171584677999931],[112.71761582600004,-7.1715844409999363],[112.71761586000002,-7.171593482999981],[112.71766112500006,-7.1715933129999598],[112.71766115900004,-7.1716023549999477],[112.7176973710001,-7.1716022199999543],[112.71769740500008,-7.1716112619999421],[112.71774267100011,-7.1716110919999778],[112.7177427040001,-7.1716201339999657],[112.71773365100012,-7.1716201679999472],[112.7177336850001,-7.171629209999935],[112.71771557900001,-7.1716292779999549],[112.71771561300011,-7.1716383189999533],[112.71775182500005,-7.1716381839999599],[112.71775185900003,-7.1716472259999478],[112.71778807100009,-7.1716470899999649],[112.71778790200005,-7.1716018809999582],[112.71777884900007,-7.1716019149999397],[112.71777881500009,-7.1715928729999519],[112.71778786800007,-7.1715928389999704],[112.71778790200005,-7.1716018809999582],[112.71780600800003,-7.1716018139999278],[112.71780597400004,-7.1715927719999399],[112.71781502700003,-7.1715927379999584],[112.71781495900007,-7.1715746539999259],[112.71782401200005,-7.1715746199999444],[112.71782404600003,-7.1715836619999322],[112.71783309900002,-7.1715836279999507],[112.71783296400008,-7.1715474609999319],[112.7178239110001,-7.1715474949999702],[112.71782394400009,-7.1715565369999581],[112.7178148910001,-7.1715565709999396],[112.71781485800011,-7.1715475289999517],[112.71779675100004,-7.1715475969999716],[112.71779671800005,-7.1715385549999269],[112.71777861200007,-7.1715386229999467],[112.71777857800009,-7.1715295809999589],[112.71779668400006,-7.171529512999939],[112.71779665000008,-7.1715204709999512],[112.71782380900004,-7.1715203699999392],[112.71782384300002,-7.1715294109999377],[112.717832896,-7.1715293779999456],[112.71783282800004,-7.1715112939999699],[112.71780566900009,-7.1715113959999712],[112.7178056350001,-7.1715023539999265],[112.71779658200001,-7.1715023879999649],[112.71779651400004,-7.1714843039999323],[112.71777840800007,-7.1714843719999521],[112.71777837400009,-7.1714753299999643],[112.71780553300005,-7.171475227999963],[112.71780556700003,-7.1714842699999508],[112.71781462000001,-7.1714842359999693],[112.71781455200005,-7.1714661529999262],[112.71779644600008,-7.1714662199999566],[112.71779641300009,-7.1714571789999582],[112.71778735900011,-7.1714572119999502],[112.71778732600001,-7.1714481709999518],[112.71776922000004,-7.1714482379999254],[112.71776928700001,-7.1714663219999579],[112.71776023400002,-7.1714663559999394],[112.71776013300007,-7.1714392299999759],[112.71775108000008,-7.1714392639999573],[112.7177510140001,-7.1714217669999698],[112.71774196400008,-7.1714227049999408],[112.7177420270001,-7.1714392979999388],[112.71773297300001,-7.1714393319999772],[112.71773300700011,-7.171448373999965],[112.71771490100002,-7.1714484409999386],[112.71771493500012,-7.1714574829999265],[112.71770588200002,-7.1714575169999648],[112.71770581400006,-7.1714394329999323],[112.71769676100007,-7.1714394669999706],[112.71769679500005,-7.1714485089999584],[112.71768774200007,-7.1714485429999399],[112.71768770800008,-7.1714395009999521],[112.71769676100007,-7.1714394669999706]],[[112.71770639100009,-7.1715931439999281],[112.71771544400008,-7.1715931099999466],[112.71771547700007,-7.1716021519999344],[112.71770642400008,-7.1716021859999728],[112.71770639100009,-7.1715931439999281]]]},"properties":{"OBJECTID":20361,"FID_mangrove_utm":20303,"OBJECTID_1":20303,"Name":"18102566,9293","FolderPath":"JATIM/JATIM","SymbolID":0,"AltMode":0,"Base":0,"Clamped":-1,"Extruded":0,"Snippet":"","PopupInfo":"\u003chtml xmlns:fo=\"http://www.w3.org/1999/XSL/Format\" xmlns:msxsl=\"urn:schemas-microsoft-com:xslt\"\u003e\n\u003chead\u003e\n\u003cMETA http-equiv=\"Content-Type\" content=\"text/html\"\u003e\n\u003cmeta http-equiv=\"content-type\" content=\"text/html; charset=UTF-8\"\u003e\n\u003c/head\u003e\n\u003cbody style=\"margin:0px 0px 0px 0px;overflow:auto;background:#FFFFFF;\"\u003e\n\u003ctable style=\"font-family:Arial,Verdana,Times;font-size:12px;text-align:left;width:100%;border-collapse:collapse;padding:3px 3px 3px 3px\"\u003e\n\u003ctr style=\"text-align:center;font-weight:bold;background:#9CBCE2\"\u003e\n\u003ctd\u003e18102566,9293\u003c/td\u003e\n\u003c/tr\u003e\n\u003ctr\u003e\n\u003ctd\u003e\n\u003ctable style=\"font-family:Arial,Verdana,Times;font-size:12px;text-align:left;width:100%;border-spacing:0px; padding:3px 3px 3px 3px\"\u003e\n\u003ctr\u003e\n\u003ctd\u003eFID\u003c/td\u003e\n\u003ctd\u003e0\u003c/td\u003e\n\u003c/tr\u003e\n\u003ctr bgcolor=\"#D4E4F3\"\u003e\n\u003ctd\u003eShape_Leng\u003c/td\u003e\n\u003ctd\u003e18102566,9293\u003c/td\u003e\n\u003c/tr\u003e\n\u003c/table\u003e\n\u003c/td\u003e\n\u003c/tr\u003e\n\u003c/table\u003e\n\u003c/body\u003e\u003cscript type=\"text/javascript\"\u003e\n\t\t\t\tfunction changeImage(attElement, nameElement) {\n\t\t\t\tdocument.getElementById('imageAttachment').src = attElement;\n\t\t\t\tdocument.getElementById('imageName').innerHTML = nameElement;}\n\t\t\t\u003c/script\u003e\u003c/html\u003e\n","FID_active_grids":104,"GridID":"O01","Shape_Length":0.0034479188385601023,"Shape_Area":1.4484132389155374e-07}},{"type":"Feature","id":20413,"geometry":{"type":"Polygon","coordinates":[[[112.71564793100003,-7.1706875999999511],[112.71564796500002,-7.1706966419999389],[112.71565701800012,-7.1706966079999575],[112.71565698400002,-7.170687566999959],[112.71564793100003,-7.1706875999999511]]]},"properties":{"OBJECTID":20413,"FID_mangrove_utm":20355,"OBJECTID_1":20355,"Name":"18102566,9293","FolderPath":"JATIM/JATIM","SymbolID":0,"AltMode":0,"Base":0,"Clamped":-1,"Extruded":0,"Snippet":"","PopupInfo":"\u003chtml xmlns:fo=\"http://www.w3.org/1999/XSL/Format\" xmlns:msxsl=\"urn:schemas-microsoft-com:xslt\"\u003e\n\u003chead\u003e\n\u003cMETA http-equiv=\"Content-Type\" content=\"text/html\"\u003e\n\u003cmeta http-equiv=\"content-type\" content=\"text/html; charset=UTF-8\"\u003e\n\u003c/head\u003e\n\u003cbody style=\"margin:0px 0px 0px 0px;overflow:auto;background:#FFFFFF;\"\u003e\n\u003ctable style=\"font-family:Arial,Verdana,Times;font-size:12px;text-align:left;width:100%;border-collapse:collapse;padding:3px 3px 3px 3px\"\u003e\n\u003ctr style=\"text-align:center;font-weight:bold;background:#9CBCE2\"\u003e\n\u003ctd\u003e18102566,9293\u003c/td\u003e\n\u003c/tr\u003e\n\u003ctr\u003e\n\u003ctd\u003e\n\u003ctable style=\"font-family:Arial,Verdana,Times;font-size:12px;text-align:left;width:100%;border-spacing:0px; padding:3px 3px 3px 3px\"\u003e\n\u003ctr\u003e\n\u003ctd\u003eFID\u003c/td\u003e\n\u003ctd\u003e0\u003c/td\u003e\n\u003c/tr\u003e\n\u003ctr bgcolor=\"#D4E4F3\"\u003e\n\u003ctd\u003eShape_Leng\u003c/td\u003e\n\u003ctd\u003e18102566,9293\u003c/td\u003e\n\u003c/tr\u003e\n\u003c/table\u003e\n\u003c/td\u003e\n\u003c/tr\u003e\n\u003c/table\u003e\n\u003c/body\u003e\u003cscript type=\"text/javascript\"\u003e\n\t\t\t\tfunction changeImage(attElement, nameElement) {\n\t\t\t\tdocument.getElementById('imageAttachment').src = attElement;\n\t\t\t\tdocument.getElementById('imageName').innerHTML = nameElement;}\n\t\t\t\u003c/script\u003e\u003c/html\u003e\n","FID_active_grids":104,"GridID":"O01","Shape_Length":3.6189251916659044e-05,"Shape_Area":8.185383881905289e-11}},{"type":"Feature","id":20414,"geometry":{"type":"Polygon","coordinates":[[[112.7156750900001,-7.1706874989999392],[112.71566603700001,-7.1706875329999775],[112.71566610400009,-7.1707056159999638],[112.71568421100005,-7.1707055489999334],[112.71568417700007,-7.1706965069999455],[112.71567512400009,-7.170696540999927],[112.7156750900001,-7.1706874989999392]]]},"properties":{"OBJECTID":20414,"FID_mangrove_utm":20356,"OBJECTID_1":20356,"Name":"18102566,9293","FolderPath":"JATIM/JATIM","SymbolID":0,"AltMode":0,"Base":0,"Clamped":-1,"Extruded":0,"Snippet":"","PopupInfo":"\u003chtml xmlns:fo=\"http://www.w3.org/1999/XSL/Format\" xmlns:msxsl=\"urn:schemas-microsoft-com:xslt\"\u003e\n\u003chead\u003e\n\u003cMETA http-equiv=\"Content-Type\" content=\"text/html\"\u003e\n\u003cmeta http-equiv=\"content-type\" content=\"text/html; charset=UTF-8\"\u003e\n\u003c/head\u003e\n\u003cbody style=\"margin:0px 0px 0px 0px;overflow:auto;background:#FFFFFF;\"\u003e\n\u003ctable style=\"font-family:Arial,Verdana,Times;font-size:12px;text-align:left;width:100%;border-collapse:collapse;padding:3px 3px 3px 3px\"\u003e\n\u003ctr style=\"text-align:center;font-weight:bold;background:#9CBCE2\"\u003e\n\u003ctd\u003e18102566,9293\u003c/td\u003e\n\u003c/tr\u003e\n\u003ctr\u003e\n\u003ctd\u003e\n\u003ctable style=\"font-family:Arial,Verdana,Times;font-size:12px;text-align:left;width:100%;border-spacing:0px; padding:3px 3px 3px 3px\"\u003e\n\u003ctr\u003e\n\u003ctd\u003eFID\u003c/td\u003e\n\u003ctd\u003e0\u003c/td\u003e\n\u003c/tr\u003e\n\u003ctr bgcolor=\"#D4E4F3\"\u003e\n\u003ctd\u003eShape_Leng\u003c/td\u003e\n\u003ctd\u003e18102566,9293\u003c/td\u003e\n\u003c/tr\u003e\n\u003c/table\u003e\n\u003c/td\u003e\n\u003c/tr\u003e\n\u003c/table\u003e\n\u003c/body\u003e\u003cscript type=\"text/javascript\"\u003e\n\t\t\t\tfunction changeImage(attElement, nameElement) {\n\t\t\t\tdocument.getElementById('imageAttachment').src = attElement;\n\t\t\t\tdocument.getElementById('imageName').innerHTML = nameElement;}\n\t\t\t\u003c/script\u003e\u003c/html\u003e\n","FID_active_grids":104,"GridID":"O01","Shape_Length":7.2380503624584874e-05,"Shape_Area":2.4557506755724467e-10}},{"type":"Feature","id":20429,"geometry":{"type":"Polygon","coordinates":[[[112.71540278800001,-7.1704986349999444],[112.71539373500002,-7.1704986689999259],[112.71539387100006,-7.1705348359999448],[112.71541197700003,-7.170534767999925],[112.71541201000002,-7.1705438099999697],[112.71542106300001,-7.1705437759999313],[112.71542113100008,-7.1705618599999639],[112.71543018400007,-7.1705618259999255],[112.71543021800005,-7.1705708679999702],[112.71545737700001,-7.1705707669999583],[112.71545730900004,-7.1705526829999258],[112.71543015000009,-7.1705527839999377],[112.71543004900002,-7.1705256589999635],[112.71541194300005,-7.1705257259999371],[112.71541187500009,-7.1705076429999508],[112.7154028220001,-7.1705076769999323],[112.71540278800001,-7.1704986349999444]]]},"properties":{"OBJECTID":20429,"FID_mangrove_utm":20371,"OBJECTID_1":20371,"Name":"18102566,9293","FolderPath":"JATIM/JATIM","SymbolID":0,"AltMode":0,"Base":0,"Clamped":-1,"Extruded":0,"Snippet":"","PopupInfo":"\u003chtml xmlns:fo=\"http://www.w3.org/1999/XSL/Format\" xmlns:msxsl=\"urn:schemas-microsoft-com:xslt\"\u003e\n\u003chead\u003e\n\u003cMETA http-equiv=\"Content-Type\" content=\"text/html\"\u003e\n\u003cmeta http-equiv=\"content-type\" content=\"text/html; charset=UTF-8\"\u003e\n\u003c/head\u003e\n\u003cbody style=\"margin:0px 0px 0px 0px;overflow:auto;background:#FFFFFF;\"\u003e\n\u003ctable style=\"font-family:Arial,Verdana,Times;font-size:12px;text-align:left;width:100%;border-collapse:collapse;padding:3px 3px 3px 3px\"\u003e\n\u003ctr style=\"text-align:center;font-weight:bold;background:#9CBCE2\"\u003e\n\u003ctd\u003e18102566,9293\u003c/td\u003e\n\u003c/tr\u003e\n\u003ctr\u003e\n\u003ctd\u003e\n\u003ctable style=\"font-family:Arial,Verdana,Times;font-size:12px;text-align:left;width:100%;border-spacing:0px; padding:3px 3px 3px 3px\"\u003e\n\u003ctr\u003e\n\u003ctd\u003eFID\u003c/td\u003e\n\u003ctd\u003e0\u003c/td\u003e\n\u003c/tr\u003e\n\u003ctr bgcolor=\"#D4E4F3\"\u003e\n\u003ctd\u003eShape_Leng\u003c/td\u003e\n\u003ctd\u003e18102566,9293\u003c/td\u003e\n\u003c/tr\u003e\n\u003c/table\u003e\n\u003c/td\u003e\n\u003c/tr\u003e\n\u003c/table\u003e\n\u003c/body\u003e\u003cscript type=\"text/javascript\"\u003e\n\t\t\t\tfunction changeImage(attElement, nameElement) {\n\t\t\t\tdocument.getElementById('imageAttachment').src = attElement;\n\t\t\t\tdocument.getElementById('imageName').innerHTML = nameElement;}\n\t\t\t\u003c/script\u003e\u003c/html\u003e\n","FID_active_grids":104,"GridID":"O01","Shape_Length":0.00027141289791063783,"Shape_Area":1.5552819138109938e-09}},{"type":"Feature","id":20435,"geometry":{"type":"Polygon","coordinates":[[[112.71520355400003,-7.170481294999945],[112.71520345200008,-7.1704541689999814],[112.7151943990001,-7.1704542029999629],[112.71519443300008,-7.1704632449999508],[112.71518538000009,-7.1704632789999323],[112.71518544800006,-7.1704813619999754],[112.71520355400003,-7.170481294999945]]]},"properties":{"OBJECTID":20435,"FID_mangrove_utm":20376,"OBJECTID_1":20376,"Name":"18102566,9293","FolderPath":"JATIM/JATIM","SymbolID":0,"AltMode":0,"Base":0,"Clamped":-1,"Extruded":0,"Snippet":"","PopupInfo":"\u003chtml xmlns:fo=\"http://www.w3.org/1999/XSL/Format\" xmlns:msxsl=\"urn:schemas-microsoft-com:xslt\"\u003e\n\u003chead\u003e\n\u003cMETA http-equiv=\"Content-Type\" content=\"text/html\"\u003e\n\u003cmeta http-equiv=\"content-type\" content=\"text/html; charset=UTF-8\"\u003e\n\u003c/head\u003e\n\u003cbody style=\"margin:0px 0px 0px 0px;overflow:auto;background:#FFFFFF;\"\u003e\n\u003ctable style=\"font-family:Arial,Verdana,Times;font-size:12px;text-align:left;width:100%;border-collapse:collapse;padding:3px 3px 3px 3px\"\u003e\n\u003ctr style=\"text-align:center;font-weight:bold;background:#9CBCE2\"\u003e\n\u003ctd\u003e18102566,9293\u003c/td\u003e\n\u003c/tr\u003e\n\u003ctr\u003e\n\u003ctd\u003e\n\u003ctable style=\"font-family:Arial,Verdana,Times;font-size:12px;text-align:left;width:100%;border-spacing:0px; padding:3px 3px 3px 3px\"\u003e\n\u003ctr\u003e\n\u003ctd\u003eFID\u003c/td\u003e\n\u003ctd\u003e0\u003c/td\u003e\n\u003c/tr\u003e\n\u003ctr bgcolor=\"#D4E4F3\"\u003e\n\u003ctd\u003eShape_Leng\u003c/td\u003e\n\u003ctd\u003e18102566,9293\u003c/td\u003e\n\u003c/tr\u003e\n\u003c/table\u003e\n\u003c/td\u003e\n\u003c/tr\u003e\n\u003c/table\u003e\n\u003c/body\u003e\u003cscript type=\"text/javascript\"\u003e\n\t\t\t\tfunction changeImage(attElement, nameElement) {\n\t\t\t\tdocument.getElementById('imageAttachment').src = attElement;\n\t\t\t\tdocument.getElementById('imageName').innerHTML = nameElement;}\n\t\t\t\u003c/script\u003e\u003c/html\u003e\n","FID_active_grids":104,"GridID":"O01","Shape_Length":9.0463635140194891e-05,"Shape_Area":4.0928282238833255e-10}},{"type":"Feature","id":20448,"geometry":{"type":"Polygon","coordinates":[[[112.71506701400006,-7.1702828819999809],[112.71506694600009,-7.1702647979999483],[112.71505789300011,-7.1702648319999298],[112.71505792700009,-7.1702738739999745],[112.7150488740001,-7.1702739069999666],[112.71504890800009,-7.1702829489999544],[112.71506701400006,-7.1702828819999809]]]},"properties":{"OBJECTID":20448,"FID_mangrove_utm":20389,"OBJECTID_1":20389,"Name":"18102566,9293","FolderPath":"JATIM/JATIM","SymbolID":0,"AltMode":0,"Base":0,"Clamped":-1,"Extruded":0,"Snippet":"","PopupInfo":"\u003chtml xmlns:fo=\"http://www.w3.org/1999/XSL/Format\" xmlns:msxsl=\"urn:schemas-microsoft-com:xslt\"\u003e\n\u003chead\u003e\n\u003cMETA http-equiv=\"Content-Type\" content=\"text/html\"\u003e\n\u003cmeta http-equiv=\"content-type\" content=\"text/html; charset=UTF-8\"\u003e\n\u003c/head\u003e\n\u003cbody style=\"margin:0px 0px 0px 0px;overflow:auto;background:#FFFFFF;\"\u003e\n\u003ctable style=\"font-family:Arial,Verdana,Times;font-size:12px;text-align:left;width:100%;border-collapse:collapse;padding:3px 3px 3px 3px\"\u003e\n\u003ctr style=\"text-align:center;font-weight:bold;background:#9CBCE2\"\u003e\n\u003ctd\u003e18102566,9293\u003c/td\u003e\n\u003c/tr\u003e\n\u003ctr\u003e\n\u003ctd\u003e\n\u003ctable style=\"font-family:Arial,Verdana,Times;font-size:12px;text-align:left;width:100%;border-spacing:0px; padding:3px 3px 3px 3px\"\u003e\n\u003ctr\u003e\n\u003ctd\u003eFID\u003c/td\u003e\n\u003ctd\u003e0\u003c/td\u003e\n\u003c/tr\u003e\n\u003ctr bgcolor=\"#D4E4F3\"\u003e\n\u003ctd\u003eShape_Leng\u003c/td\u003e\n\u003ctd\u003e18102566,9293\u003c/td\u003e\n\u003c/tr\u003e\n\u003c/table\u003e\n\u003c/td\u003e\n\u003c/tr\u003e\n\u003c/table\u003e\n\u003c/body\u003e\u003cscript type=\"text/javascript\"\u003e\n\t\t\t\tfunction changeImage(attElement, nameElement) {\n\t\t\t\tdocument.getElementById('imageAttachment').src = attElement;\n\t\t\t\tdocument.getElementById('imageName').innerHTML = nameElement;}\n\t\t\t\u003c/script\u003e\u003c/html\u003e\n","FID_active_grids":104,"GridID":"O01","Shape_Length":7.2380503655871602e-05,"Shape_Area":2.455705853292235e-10}},{"type":"Feature","id":20451,"geometry":{"type":"Polygon","coordinates":[[[112.71502168100005,-7.1702649669999801],[112.71502164700007,-7.1702559249999354],[112.71501259400009,-7.1702559589999737],[112.71501262800007,-7.1702650009999616],[112.71502168100005,-7.1702649669999801]]]},"properties":{"OBJECTID":20451,"FID_mangrove_utm":20392,"OBJECTID_1":20392,"Name":"18102566,9293","FolderPath":"JATIM/JATIM","SymbolID":0,"AltMode":0,"Base":0,"Clamped":-1,"Extruded":0,"Snippet":"","PopupInfo":"\u003chtml xmlns:fo=\"http://www.w3.org/1999/XSL/Format\" xmlns:msxsl=\"urn:schemas-microsoft-com:xslt\"\u003e\n\u003chead\u003e\n\u003cMETA http-equiv=\"Content-Type\" content=\"text/html\"\u003e\n\u003cmeta http-equiv=\"content-type\" content=\"text/html; charset=UTF-8\"\u003e\n\u003c/head\u003e\n\u003cbody style=\"margin:0px 0px 0px 0px;overflow:auto;background:#FFFFFF;\"\u003e\n\u003ctable style=\"font-family:Arial,Verdana,Times;font-size:12px;text-align:left;width:100%;border-collapse:collapse;padding:3px 3px 3px 3px\"\u003e\n\u003ctr style=\"text-align:center;font-weight:bold;background:#9CBCE2\"\u003e\n\u003ctd\u003e18102566,9293\u003c/td\u003e\n\u003c/tr\u003e\n\u003ctr\u003e\n\u003ctd\u003e\n\u003ctable style=\"font-family:Arial,Verdana,Times;font-size:12px;text-align:left;width:100%;border-spacing:0px; padding:3px 3px 3px 3px\"\u003e\n\u003ctr\u003e\n\u003ctd\u003eFID\u003c/td\u003e\n\u003ctd\u003e0\u003c/td\u003e\n\u003c/tr\u003e\n\u003ctr bgcolor=\"#D4E4F3\"\u003e\n\u003ctd\u003eShape_Leng\u003c/td\u003e\n\u003ctd\u003e18102566,9293\u003c/td\u003e\n\u003c/tr\u003e\n\u003c/table\u003e\n\u003c/td\u003e\n\u003c/tr\u003e\n\u003c/table\u003e\n\u003c/body\u003e\u003cscript type=\"text/javascript\"\u003e\n\t\t\t\tfunction changeImage(attElement, nameElement) {\n\t\t\t\tdocument.getElementById('imageAttachment').src = attElement;\n\t\t\t\tdocument.getElementById('imageName').innerHTML = nameElement;}\n\t\t\t\u003c/script\u003e\u003c/html\u003e\n","FID_active_grids":104,"GridID":"O01","Shape_Length":3.6190255542321161e-05,"Shape_Area":8.1858382013400971e-11}},{"type":"Feature","id":20456,"geometry":{"type":"Polygon","coordinates":[[[112.71492199600004,-7.1702382129999478],[112.71491294300006,-7.1702382469999293],[112.71491291000007,-7.1702292049999414],[112.71490385700008,-7.1702292389999798],[112.7149038230001,-7.1702201969999351],[112.71489477000011,-7.1702202309999734],[112.71489490500005,-7.1702563979999354],[112.71492206400001,-7.1702562969999803],[112.71492199600004,-7.1702382129999478]]]},"properties":{"OBJECTID":20456,"FID_mangrove_utm":20397,"OBJECTID_1":20397,"Name":"18102566,9293","FolderPath":"JATIM/JATIM","SymbolID":0,"AltMode":0,"Base":0,"Clamped":-1,"Extruded":0,"Snippet":"","PopupInfo":"\u003chtml xmlns:fo=\"http://www.w3.org/1999/XSL/Format\" xmlns:msxsl=\"urn:schemas-microsoft-com:xslt\"\u003e\n\u003chead\u003e\n\u003cMETA http-equiv=\"Content-Type\" content=\"text/html\"\u003e\n\u003cmeta http-equiv=\"content-type\" content=\"text/html; charset=UTF-8\"\u003e\n\u003c/head\u003e\n\u003cbody style=\"margin:0px 0px 0px 0px;overflow:auto;background:#FFFFFF;\"\u003e\n\u003ctable style=\"font-family:Arial,Verdana,Times;font-size:12px;text-align:left;width:100%;border-collapse:collapse;padding:3px 3px 3px 3px\"\u003e\n\u003ctr style=\"text-align:center;font-weight:bold;background:#9CBCE2\"\u003e\n\u003ctd\u003e18102566,9293\u003c/td\u003e\n\u003c/tr\u003e\n\u003ctr\u003e\n\u003ctd\u003e\n\u003ctable style=\"font-family:Arial,Verdana,Times;font-size:12px;text-align:left;width:100%;border-spacing:0px; padding:3px 3px 3px 3px\"\u003e\n\u003ctr\u003e\n\u003ctd\u003eFID\u003c/td\u003e\n\u003ctd\u003e0\u003c/td\u003e\n\u003c/tr\u003e\n\u003ctr bgcolor=\"#D4E4F3\"\u003e\n\u003ctd\u003eShape_Leng\u003c/td\u003e\n\u003ctd\u003e18102566,9293\u003c/td\u003e\n\u003c/tr\u003e\n\u003c/table\u003e\n\u003c/td\u003e\n\u003c/tr\u003e\n\u003c/table\u003e\n\u003c/body\u003e\u003cscript type=\"text/javascript\"\u003e\n\t\t\t\tfunction changeImage(attElement, nameElement) {\n\t\t\t\tdocument.getElementById('imageAttachment').src = attElement;\n\t\t\t\tdocument.getElementById('imageName').innerHTML = nameElement;}\n\t\t\t\u003c/script\u003e\u003c/html\u003e\n","FID_active_grids":104,"GridID":"O01","Shape_Length":0.00012665388322200642,"Shape_Area":7.3670720102312778e-10}},{"type":"Feature","id":20457,"geometry":{"type":"Polygon","coordinates":[[[112.71507586400003,-7.170228596999948],[112.71507583000005,-7.1702195549999601],[112.71506677700006,-7.1702195889999416],[112.71506681100004,-7.1702286309999295],[112.71507586400003,-7.170228596999948]]]},"properties":{"OBJECTID":20457,"FID_mangrove_utm":20398,"OBJECTID_1":20398,"Name":"18102566,9293","FolderPath":"JATIM/JATIM","SymbolID":0,"AltMode":0,"Base":0,"Clamped":-1,"Extruded":0,"Snippet":"","PopupInfo":"\u003chtml xmlns:fo=\"http://www.w3.org/1999/XSL/Format\" xmlns:msxsl=\"urn:schemas-microsoft-com:xslt\"\u003e\n\u003chead\u003e\n\u003cMETA http-equiv=\"Content-Type\" content=\"text/html\"\u003e\n\u003cmeta http-equiv=\"content-type\" content=\"text/html; charset=UTF-8\"\u003e\n\u003c/head\u003e\n\u003cbody style=\"margin:0px 0px 0px 0px;overflow:auto;background:#FFFFFF;\"\u003e\n\u003ctable style=\"font-family:Arial,Verdana,Times;font-size:12px;text-align:left;width:100%;border-collapse:collapse;padding:3px 3px 3px 3px\"\u003e\n\u003ctr style=\"text-align:center;font-weight:bold;background:#9CBCE2\"\u003e\n\u003ctd\u003e18102566,9293\u003c/td\u003e\n\u003c/tr\u003e\n\u003ctr\u003e\n\u003ctd\u003e\n\u003ctable style=\"font-family:Arial,Verdana,Times;font-size:12px;text-align:left;width:100%;border-spacing:0px; padding:3px 3px 3px 3px\"\u003e\n\u003ctr\u003e\n\u003ctd\u003eFID\u003c/td\u003e\n\u003ctd\u003e0\u003c/td\u003e\n\u003c/tr\u003e\n\u003ctr bgcolor=\"#D4E4F3\"\u003e\n\u003ctd\u003eShape_Leng\u003c/td\u003e\n\u003ctd\u003e18102566,9293\u003c/td\u003e\n\u003c/tr\u003e\n\u003c/table\u003e\n\u003c/td\u003e\n\u003c/tr\u003e\n\u003c/table\u003e\n\u003c/body\u003e\u003cscript type=\"text/javascript\"\u003e\n\t\t\t\tfunction changeImage(attElement, nameElement) {\n\t\t\t\tdocument.getElementById('imageAttachment').src = attElement;\n\t\t\t\tdocument.getElementById('imageName').innerHTML = nameElement;}\n\t\t\t\u003c/script\u003e\u003c/html\u003e\n","FID_active_grids":104,"GridID":"O01","Shape_Length":3.6190255485264662e-05,"Shape_Area":8.1858381755132889e-11}},{"type":"Feature","id":20460,"geometry":{"type":"Polygon","coordinates":[[[112.71474985400005,-7.1702026879999607],[112.71474982000007,-7.1701936459999729],[112.71475887300005,-7.1701936119999345],[112.71475883900007,-7.1701845709999361],[112.7147407330001,-7.1701846379999665],[112.71474080100006,-7.1702027219999422],[112.71474985400005,-7.1702026879999607]]]},"properties":{"OBJECTID":20460,"FID_mangrove_utm":20401,"OBJECTID_1":20401,"Name":"18102566,9293","FolderPath":"JATIM/JATIM","SymbolID":0,"AltMode":0,"Base":0,"Clamped":-1,"Extruded":0,"Snippet":"","PopupInfo":"\u003chtml xmlns:fo=\"http://www.w3.org/1999/XSL/Format\" xmlns:msxsl=\"urn:schemas-microsoft-com:xslt\"\u003e\n\u003chead\u003e\n\u003cMETA http-equiv=\"Content-Type\" content=\"text/html\"\u003e\n\u003cmeta http-equiv=\"content-type\" content=\"text/html; charset=UTF-8\"\u003e\n\u003c/head\u003e\n\u003cbody style=\"margin:0px 0px 0px 0px;overflow:auto;background:#FFFFFF;\"\u003e\n\u003ctable style=\"font-family:Arial,Verdana,Times;font-size:12px;text-align:left;width:100%;border-collapse:collapse;padding:3px 3px 3px 3px\"\u003e\n\u003ctr style=\"text-align:center;font-weight:bold;background:#9CBCE2\"\u003e\n\u003ctd\u003e18102566,9293\u003c/td\u003e\n\u003c/tr\u003e\n\u003ctr\u003e\n\u003ctd\u003e\n\u003ctable style=\"font-family:Arial,Verdana,Times;font-size:12px;text-align:left;width:100%;border-spacing:0px; padding:3px 3px 3px 3px\"\u003e\n\u003ctr\u003e\n\u003ctd\u003eFID\u003c/td\u003e\n\u003ctd\u003e0\u003c/td\u003e\n\u003c/tr\u003e\n\u003ctr bgcolor=\"#D4E4F3\"\u003e\n\u003ctd\u003eShape_Leng\u003c/td\u003e\n\u003ctd\u003e18102566,9293\u003c/td\u003e\n\u003c/tr\u003e\n\u003c/table\u003e\n\u003c/td\u003e\n\u003c/tr\u003e\n\u003c/table\u003e\n\u003c/body\u003e\u003cscript type=\"text/javascript\"\u003e\n\t\t\t\tfunction changeImage(attElement, nameElement) {\n\t\t\t\tdocument.getElementById('imageAttachment').src = attElement;\n\t\t\t\tdocument.getElementById('imageName').innerHTML = nameElement;}\n\t\t\t\u003c/script\u003e\u003c/html\u003e\n","FID_active_grids":104,"GridID":"O01","Shape_Length":7.2379507260619962e-05,"Shape_Area":2.4556607562057597e-10}},{"type":"Feature","id":20472,"geometry":{"type":"Polygon","coordinates":[[[112.71395234200008,-7.1699796149999315],[112.7139523080001,-7.1699705729999437],[112.71394325500012,-7.1699706069999252],[112.7139432890001,-7.1699796489999699],[112.71395234200008,-7.1699796149999315]]]},"properties":{"OBJECTID":20472,"FID_mangrove_utm":20413,"OBJECTID_1":20413,"Name":"18102566,9293","FolderPath":"JATIM/JATIM","SymbolID":0,"AltMode":0,"Base":0,"Clamped":-1,"Extruded":0,"Snippet":"","PopupInfo":"\u003chtml xmlns:fo=\"http://www.w3.org/1999/XSL/Format\" xmlns:msxsl=\"urn:schemas-microsoft-com:xslt\"\u003e\n\u003chead\u003e\n\u003cMETA http-equiv=\"Content-Type\" content=\"text/html\"\u003e\n\u003cmeta http-equiv=\"content-type\" content=\"text/html; charset=UTF-8\"\u003e\n\u003c/head\u003e\n\u003cbody style=\"margin:0px 0px 0px 0px;overflow:auto;background:#FFFFFF;\"\u003e\n\u003ctable style=\"font-family:Arial,Verdana,Times;font-size:12px;text-align:left;width:100%;border-collapse:collapse;padding:3px 3px 3px 3px\"\u003e\n\u003ctr style=\"text-align:center;font-weight:bold;background:#9CBCE2\"\u003e\n\u003ctd\u003e18102566,9293\u003c/td\u003e\n\u003c/tr\u003e\n\u003ctr\u003e\n\u003ctd\u003e\n\u003ctable style=\"font-family:Arial,Verdana,Times;font-size:12px;text-align:left;width:100%;border-spacing:0px; padding:3px 3px 3px 3px\"\u003e\n\u003ctr\u003e\n\u003ctd\u003eFID\u003c/td\u003e\n\u003ctd\u003e0\u003c/td\u003e\n\u003c/tr\u003e\n\u003ctr bgcolor=\"#D4E4F3\"\u003e\n\u003ctd\u003eShape_Leng\u003c/td\u003e\n\u003ctd\u003e18102566,9293\u003c/td\u003e\n\u003c/tr\u003e\n\u003c/table\u003e\n\u003c/td\u003e\n\u003c/tr\u003e\n\u003c/table\u003e\n\u003c/body\u003e\u003cscript type=\"text/javascript\"\u003e\n\t\t\t\tfunction changeImage(attElement, nameElement) {\n\t\t\t\tdocument.getElementById('imageAttachment').src = attElement;\n\t\t\t\tdocument.getElementById('imageName').innerHTML = nameElement;}\n\t\t\t\u003c/script\u003e\u003c/html\u003e\n","FID_active_grids":104,"GridID":"O01","Shape_Length":3.6190255542321154e-05,"Shape_Area":8.1858382013400958e-11}},{"type":"Feature","id":20478,"geometry":{"type":"Polygon","coordinates":[[[112.71377074100008,-7.1698356209999474],[112.71377080800005,-7.16985370499998],[112.71377986100003,-7.1698536709999416],[112.71377979400006,-7.1698355869999659],[112.71377074100008,-7.1698356209999474]]]},"properties":{"OBJECTID":20478,"FID_mangrove_utm":20419,"OBJECTID_1":20419,"Name":"18102566,9293","FolderPath":"JATIM/JATIM","SymbolID":0,"AltMode":0,"Base":0,"Clamped":-1,"Extruded":0,"Snippet":"","PopupInfo":"\u003chtml xmlns:fo=\"http://www.w3.org/1999/XSL/Format\" xmlns:msxsl=\"urn:schemas-microsoft-com:xslt\"\u003e\n\u003chead\u003e\n\u003cMETA http-equiv=\"Content-Type\" content=\"text/html\"\u003e\n\u003cmeta http-equiv=\"content-type\" content=\"text/html; charset=UTF-8\"\u003e\n\u003c/head\u003e\n\u003cbody style=\"margin:0px 0px 0px 0px;overflow:auto;background:#FFFFFF;\"\u003e\n\u003ctable style=\"font-family:Arial,Verdana,Times;font-size:12px;text-align:left;width:100%;border-collapse:collapse;padding:3px 3px 3px 3px\"\u003e\n\u003ctr style=\"text-align:center;font-weight:bold;background:#9CBCE2\"\u003e\n\u003ctd\u003e18102566,9293\u003c/td\u003e\n\u003c/tr\u003e\n\u003ctr\u003e\n\u003ctd\u003e\n\u003ctable style=\"font-family:Arial,Verdana,Times;font-size:12px;text-align:left;width:100%;border-spacing:0px; padding:3px 3px 3px 3px\"\u003e\n\u003ctr\u003e\n\u003ctd\u003eFID\u003c/td\u003e\n\u003ctd\u003e0\u003c/td\u003e\n\u003c/tr\u003e\n\u003ctr bgcolor=\"#D4E4F3\"\u003e\n\u003ctd\u003eShape_Leng\u003c/td\u003e\n\u003ctd\u003e18102566,9293\u003c/td\u003e\n\u003c/tr\u003e\n\u003c/table\u003e\n\u003c/td\u003e\n\u003c/tr\u003e\n\u003c/table\u003e\n\u003c/body\u003e\u003cscript type=\"text/javascript\"\u003e\n\t\t\t\tfunction changeImage(attElement, nameElement) {\n\t\t\t\tdocument.getElementById('imageAttachment').src = attElement;\n\t\t\t\tdocument.getElementById('imageName').innerHTML = nameElement;}\n\t\t\t\u003c/script\u003e\u003c/html\u003e\n","FID_active_grids":104,"GridID":"O01","Shape_Length":5.4274375900238849e-05,"Shape_Area":1.6371672976984983e-10}},{"type":"Feature","id":20492,"geometry":{"type":"Polygon","coordinates":[[[112.71353478700007,-7.1696827879999319],[112.71353482100005,-7.1696918299999766],[112.71355292700002,-7.1696917619999567],[112.713552961,-7.1697008039999446],[112.7135620140001,-7.1697007699999631],[112.71356198000001,-7.1696917279999752],[112.71357103300011,-7.1696916949999263],[112.71357096600002,-7.1696736109999506],[112.71356191300004,-7.1696736449999321],[112.71356187900005,-7.1696646029999442],[112.71354377300008,-7.1696646699999746],[112.71354384000006,-7.1696827539999504],[112.71353478700007,-7.1696827879999319]]]},"properties":{"OBJECTID":20492,"FID_mangrove_utm":20433,"OBJECTID_1":20433,"Name":"18102566,9293","FolderPath":"JATIM/JATIM","SymbolID":0,"AltMode":0,"Base":0,"Clamped":-1,"Extruded":0,"Snippet":"","PopupInfo":"\u003chtml xmlns:fo=\"http://www.w3.org/1999/XSL/Format\" xmlns:msxsl=\"urn:schemas-microsoft-com:xslt\"\u003e\n\u003chead\u003e\n\u003cMETA http-equiv=\"Content-Type\" content=\"text/html\"\u003e\n\u003cmeta http-equiv=\"content-type\" content=\"text/html; charset=UTF-8\"\u003e\n\u003c/head\u003e\n\u003cbody style=\"margin:0px 0px 0px 0px;overflow:auto;background:#FFFFFF;\"\u003e\n\u003ctable style=\"font-family:Arial,Verdana,Times;font-size:12px;text-align:left;width:100%;border-collapse:collapse;padding:3px 3px 3px 3px\"\u003e\n\u003ctr style=\"text-align:center;font-weight:bold;background:#9CBCE2\"\u003e\n\u003ctd\u003e18102566,9293\u003c/td\u003e\n\u003c/tr\u003e\n\u003ctr\u003e\n\u003ctd\u003e\n\u003ctable style=\"font-family:Arial,Verdana,Times;font-size:12px;text-align:left;width:100%;border-spacing:0px; padding:3px 3px 3px 3px\"\u003e\n\u003ctr\u003e\n\u003ctd\u003eFID\u003c/td\u003e\n\u003ctd\u003e0\u003c/td\u003e\n\u003c/tr\u003e\n\u003ctr bgcolor=\"#D4E4F3\"\u003e\n\u003ctd\u003eShape_Leng\u003c/td\u003e\n\u003ctd\u003e18102566,9293\u003c/td\u003e\n\u003c/tr\u003e\n\u003c/table\u003e\n\u003c/td\u003e\n\u003c/tr\u003e\n\u003c/table\u003e\n\u003c/body\u003e\u003cscript type=\"text/javascript\"\u003e\n\t\t\t\tfunction changeImage(attElement, nameElement) {\n\t\t\t\tdocument.getElementById('imageAttachment').src = attElement;\n\t\t\t\tdocument.getElementById('imageName').innerHTML = nameElement;}\n\t\t\t\u003c/script\u003e\u003c/html\u003e\n","FID_active_grids":104,"GridID":"O01","Shape_Length":0.00014476100733338163,"Shape_Area":8.1857907994053131e-10}},{"type":"Feature","id":20499,"geometry":{"type":"Polygon","coordinates":[[[112.71348019900006,-7.1696106559999748],[112.71347114600007,-7.1696106889999669],[112.71347118000006,-7.1696197309999548],[112.71348023300004,-7.1696196979999627],[112.71348019900006,-7.1696106559999748]]]},"properties":{"OBJECTID":20499,"FID_mangrove_utm":20440,"OBJECTID_1":20440,"Name":"18102566,9293","FolderPath":"JATIM/JATIM","SymbolID":0,"AltMode":0,"Base":0,"Clamped":-1,"Extruded":0,"Snippet":"","PopupInfo":"\u003chtml xmlns:fo=\"http://www.w3.org/1999/XSL/Format\" xmlns:msxsl=\"urn:schemas-microsoft-com:xslt\"\u003e\n\u003chead\u003e\n\u003cMETA http-equiv=\"Content-Type\" content=\"text/html\"\u003e\n\u003cmeta http-equiv=\"content-type\" content=\"text/html; charset=UTF-8\"\u003e\n\u003c/head\u003e\n\u003cbody style=\"margin:0px 0px 0px 0px;overflow:auto;background:#FFFFFF;\"\u003e\n\u003ctable style=\"font-family:Arial,Verdana,Times;font-size:12px;text-align:left;width:100%;border-collapse:collapse;padding:3px 3px 3px 3px\"\u003e\n\u003ctr style=\"text-align:center;font-weight:bold;background:#9CBCE2\"\u003e\n\u003ctd\u003e18102566,9293\u003c/td\u003e\n\u003c/tr\u003e\n\u003ctr\u003e\n\u003ctd\u003e\n\u003ctable style=\"font-family:Arial,Verdana,Times;font-size:12px;text-align:left;width:100%;border-spacing:0px; padding:3px 3px 3px 3px\"\u003e\n\u003ctr\u003e\n\u003ctd\u003eFID\u003c/td\u003e\n\u003ctd\u003e0\u003c/td\u003e\n\u003c/tr\u003e\n\u003ctr bgcolor=\"#D4E4F3\"\u003e\n\u003ctd\u003eShape_Leng\u003c/td\u003e\n\u003ctd\u003e18102566,9293\u003c/td\u003e\n\u003c/tr\u003e\n\u003c/table\u003e\n\u003c/td\u003e\n\u003c/tr\u003e\n\u003c/table\u003e\n\u003c/body\u003e\u003cscript type=\"text/javascript\"\u003e\n\t\t\t\tfunction changeImage(attElement, nameElement) {\n\t\t\t\tdocument.getElementById('imageAttachment').src = attElement;\n\t\t\t\tdocument.getElementById('imageName').innerHTML = nameElement;}\n\t\t\t\u003c/script\u003e\u003c/html\u003e\n","FID_active_grids":104,"GridID":"O01","Shape_Length":3.6190248084534921e-05,"Shape_Area":8.1858347755510955e-11}},{"type":"Feature","id":20541,"geometry":{"type":"Polygon","coordinates":[[[112.71217480700011,-7.1691453399999432],[112.71215670100003,-7.1691454069999736],[112.71215673500001,-7.1691544489999615],[112.71217484100009,-7.169154381999931],[112.71217480700011,-7.1691453399999432]]]},"properties":{"OBJECTID":20541,"FID_mangrove_utm":20482,"OBJECTID_1":20482,"Name":"18102566,9293","FolderPath":"JATIM/JATIM","SymbolID":0,"AltMode":0,"Base":0,"Clamped":-1,"Extruded":0,"Snippet":"","PopupInfo":"\u003chtml xmlns:fo=\"http://www.w3.org/1999/XSL/Format\" xmlns:msxsl=\"urn:schemas-microsoft-com:xslt\"\u003e\n\u003chead\u003e\n\u003cMETA http-equiv=\"Content-Type\" content=\"text/html\"\u003e\n\u003cmeta http-equiv=\"content-type\" content=\"text/html; charset=UTF-8\"\u003e\n\u003c/head\u003e\n\u003cbody style=\"margin:0px 0px 0px 0px;overflow:auto;background:#FFFFFF;\"\u003e\n\u003ctable style=\"font-family:Arial,Verdana,Times;font-size:12px;text-align:left;width:100%;border-collapse:collapse;padding:3px 3px 3px 3px\"\u003e\n\u003ctr style=\"text-align:center;font-weight:bold;background:#9CBCE2\"\u003e\n\u003ctd\u003e18102566,9293\u003c/td\u003e\n\u003c/tr\u003e\n\u003ctr\u003e\n\u003ctd\u003e\n\u003ctable style=\"font-family:Arial,Verdana,Times;font-size:12px;text-align:left;width:100%;border-spacing:0px; padding:3px 3px 3px 3px\"\u003e\n\u003ctr\u003e\n\u003ctd\u003eFID\u003c/td\u003e\n\u003ctd\u003e0\u003c/td\u003e\n\u003c/tr\u003e\n\u003ctr bgcolor=\"#D4E4F3\"\u003e\n\u003ctd\u003eShape_Leng\u003c/td\u003e\n\u003ctd\u003e18102566,9293\u003c/td\u003e\n\u003c/tr\u003e\n\u003c/table\u003e\n\u003c/td\u003e\n\u003c/tr\u003e\n\u003c/table\u003e\n\u003c/body\u003e\u003cscript type=\"text/javascript\"\u003e\n\t\t\t\tfunction changeImage(attElement, nameElement) {\n\t\t\t\tdocument.getElementById('imageAttachment').src = attElement;\n\t\t\t\tdocument.getElementById('imageName').innerHTML = nameElement;}\n\t\t\t\u003c/script\u003e\u003c/html\u003e\n","FID_active_grids":104,"GridID":"O01","Shape_Length":5.4296375919418583e-05,"Shape_Area":1.637167305405329e-10}},{"type":"Feature","id":20543,"geometry":{"type":"Polygon","coordinates":[[[112.71212950300003,-7.1691350549999697],[112.71212080600003,-7.1691364989999329],[112.71212950800009,-7.1691364669999302],[112.71212950300003,-7.1691350549999697]]]},"properties":{"OBJECTID":20543,"FID_mangrove_utm":20484,"OBJECTID_1":20484,"Name":"18102566,9293","FolderPath":"JATIM/JATIM","SymbolID":0,"AltMode":0,"Base":0,"Clamped":-1,"Extruded":0,"Snippet":"","PopupInfo":"\u003chtml xmlns:fo=\"http://www.w3.org/1999/XSL/Format\" xmlns:msxsl=\"urn:schemas-microsoft-com:xslt\"\u003e\n\u003chead\u003e\n\u003cMETA http-equiv=\"Content-Type\" content=\"text/html\"\u003e\n\u003cmeta http-equiv=\"content-type\" content=\"text/html; charset=UTF-8\"\u003e\n\u003c/head\u003e\n\u003cbody style=\"margin:0px 0px 0px 0px;overflow:auto;background:#FFFFFF;\"\u003e\n\u003ctable style=\"font-family:Arial,Verdana,Times;font-size:12px;text-align:left;width:100%;border-collapse:collapse;padding:3px 3px 3px 3px\"\u003e\n\u003ctr style=\"text-align:center;font-weight:bold;background:#9CBCE2\"\u003e\n\u003ctd\u003e18102566,9293\u003c/td\u003e\n\u003c/tr\u003e\n\u003ctr\u003e\n\u003ctd\u003e\n\u003ctable style=\"font-family:Arial,Verdana,Times;font-size:12px;text-align:left;width:100%;border-spacing:0px; padding:3px 3px 3px 3px\"\u003e\n\u003ctr\u003e\n\u003ctd\u003eFID\u003c/td\u003e\n\u003ctd\u003e0\u003c/td\u003e\n\u003c/tr\u003e\n\u003ctr bgcolor=\"#D4E4F3\"\u003e\n\u003ctd\u003eShape_Leng\u003c/td\u003e\n\u003ctd\u003e18102566,9293\u003c/td\u003e\n\u003c/tr\u003e\n\u003c/table\u003e\n\u003c/td\u003e\n\u003c/tr\u003e\n\u003c/table\u003e\n\u003c/body\u003e\u003cscript type=\"text/javascript\"\u003e\n\t\t\t\tfunction changeImage(attElement, nameElement) {\n\t\t\t\tdocument.getElementById('imageAttachment').src = attElement;\n\t\t\t\tdocument.getElementById('imageName').innerHTML = nameElement;}\n\t\t\t\u003c/script\u003e\u003c/html\u003e\n","FID_active_grids":104,"GridID":"O01","Shape_Length":1.8930129464317596e-05,"Shape_Area":6.1436918709551808e-12}},{"type":"Feature","id":20546,"geometry":{"type":"Polygon","coordinates":[[[112.71564793100003,-7.1706875999999511],[112.71564789700005,-7.1706785579999632],[112.71565695000004,-7.1706785249999712],[112.71565691600006,-7.1706694829999265],[112.71564786300007,-7.1706695169999648],[112.71564782900009,-7.1706604749999769],[112.71565688200008,-7.1706604409999386],[112.71565684800009,-7.1706513989999507],[112.71567495400006,-7.1706513319999772],[112.71567498800005,-7.1706603729999756],[112.71568404100003,-7.1706603399999267],[112.71568407500001,-7.1706693809999251],[112.71569312800011,-7.1706693479999331],[112.71569316200009,-7.1706783889999315],[112.71570221500008,-7.1706783559999394],[112.71570224900006,-7.1706873969999378],[112.71571130200005,-7.1706873639999458],[112.71571133600003,-7.1706964049999442],[112.71572038900001,-7.1706963719999521],[112.71572042300011,-7.1707054129999506],[112.71572947600009,-7.1707053799999585],[112.71572951000007,-7.1707144209999569],[112.71573856300006,-7.1707143879999649],[112.71573859600005,-7.1707234299999527],[112.71574764900004,-7.1707233959999712],[112.71574768300002,-7.1707324379999591],[112.71575673600012,-7.1707324039999776],[112.7157567700001,-7.1707414459999654],[112.71577487600007,-7.1707413779999456],[112.71577491000005,-7.1707504199999335],[112.71578396300004,-7.170750385999952],[112.71578399700002,-7.1707594279999398],[112.71579305000012,-7.1707593939999583],[112.7157930840001,-7.1707684359999462],[112.71582024300005,-7.1707683339999448],[112.71582027700003,-7.1707773759999327],[112.715838383,-7.1707773079999697],[112.7158384170001,-7.1707863499999576],[112.71584747000009,-7.1707863169999655],[112.71584750400007,-7.1707953579999639],[112.71585655700005,-7.1707953249999719],[112.71585659100003,-7.1708043659999703],[112.71587469700012,-7.1708042989999399],[112.71587473000011,-7.1708133409999277],[112.71588378300009,-7.1708133069999462],[112.71588385100006,-7.1708313899999325],[112.71589290400004,-7.1708313569999405],[112.71589293800002,-7.1708403979999389],[112.71592009700009,-7.170840296999927],[112.71592013100008,-7.1708493389999717],[112.71593823700005,-7.1708492709999518],[112.71593827100003,-7.1708583129999397],[112.7159654300001,-7.1708582109999384],[112.71596549800006,-7.1708762949999709],[112.71597455100004,-7.1708762609999326],[112.71597458500003,-7.1708853029999773],[112.7160017440001,-7.1708852019999654],[112.71600171000011,-7.1708761599999775],[112.71602886900007,-7.1708760579999762],[112.71602890300005,-7.170885099999964],[112.71604700900002,-7.1708850329999336],[112.71604704300012,-7.1708940739999321],[112.71606514900009,-7.1708940069999585],[112.71606518300007,-7.1709030489999463],[112.71610139500001,-7.1709029129999635],[112.71610146300009,-7.1709209969999392],[112.71611956900006,-7.1709209289999762],[112.71611960200005,-7.1709299709999641],[112.71612865500003,-7.1709299369999258],[112.71612868900002,-7.1709389789999705],[112.7161467950001,-7.1709389109999506],[112.71614682900008,-7.1709479529999385],[112.71617398800004,-7.1709478519999266],[112.71617395500004,-7.1709388099999387],[112.71619206100002,-7.1709387419999757],[112.71619199300005,-7.1709206589999326],[112.71620104600004,-7.1709206249999511],[112.71620097800007,-7.1709025409999754],[112.71621003100006,-7.1709025079999265],[112.71620999700008,-7.1708934659999386],[112.71622810300005,-7.1708933979999756],[112.71622807000006,-7.1708843559999309],[112.71621901700007,-7.1708843899999692],[112.71621898300009,-7.1708753479999814],[112.71622803600008,-7.170875313999943],[112.71622800200009,-7.1708662729999446],[112.71626421400003,-7.1708661369999618],[112.71626418000005,-7.1708570959999633],[112.71627323300004,-7.170857061999925],[112.71627314400007,-7.170833325999979],[112.7158839760001,-7.1705867909999483],[112.7152899350001,-7.1702660419999802],[112.71440807900001,-7.169844689999934],[112.71351627400009,-7.1695738359999268],[112.71351627600006,-7.1695743529999731],[112.71350722300008,-7.1695743869999546],[112.71350725600007,-7.1695834289999425],[112.71349820300009,-7.1695834629999808],[112.71349817000009,-7.1695744209999361],[112.71348911700011,-7.1695744549999745],[112.71348908300001,-7.169565577999947],[112.71345485800009,-7.1695551829999431],[112.71343620000005,-7.1695475259999739],[112.71343469700003,-7.1695475319999673],[112.71343469500005,-7.1695469079999725],[112.7127471550001,-7.1692647569999508],[112.71227778900004,-7.1691104359999258],[112.71214759800012,-7.1691320509999628],[112.71214761400006,-7.1691363989999672],[112.71219288000009,-7.1691362299999355],[112.71219298100004,-7.1691633559999559],[112.71222014000011,-7.169163254999944],[112.71222017400009,-7.1691722969999319],[112.71225638600004,-7.1691721619999385],[112.71225642000002,-7.1691812029999369],[112.71231073800004,-7.1691810009999699],[112.71231077100003,-7.1691900429999578],[112.712328877,-7.1691899749999379],[112.7123289110001,-7.1691990169999258],[112.71234701700007,-7.1691989499999522],[112.71234705100005,-7.1692079919999401],[112.71235610400004,-7.1692079579999586],[112.71235613800002,-7.1692169999999464],[112.71239235000007,-7.169216864999953],[112.71239238400005,-7.1692259069999409],[112.71242859600011,-7.1692257719999475],[112.71242863000009,-7.1692348139999353],[112.71246484200003,-7.1692346789999419],[112.71246487500002,-7.1692437199999404],[112.71249203400009,-7.1692436189999285],[112.71249206800007,-7.1692526609999732],[112.71250112100006,-7.1692526269999348],[112.71250108700008,-7.169243584999947],[112.71251014000006,-7.1692435519999549],[112.71251017400004,-7.1692525939999427],[112.71255543900008,-7.1692524249999678],[112.71255547300007,-7.1692614669999557],[112.71258263200002,-7.1692613649999544],[112.71258266600012,-7.1692704069999422],[112.71260982500007,-7.1692703059999303],[112.71260985900005,-7.169279347999975],[112.71265512400009,-7.1692791789999433],[112.71265515800008,-7.1692882209999311],[112.71267326400005,-7.1692881539999576],[112.71267329700004,-7.169297194999956],[112.71269140300001,-7.1692971279999256],[112.7126914370001,-7.1693061699999703],[112.71270954300007,-7.1693061019999504],[112.71270957700006,-7.1693151439999383],[112.71273673600001,-7.1693150429999264],[112.71273677000011,-7.1693240849999711],[112.71277298200005,-7.1693239499999777],[112.71277301600003,-7.1693329919999655],[112.71278206900001,-7.1693329579999272],[112.71278210300011,-7.1693419999999719],[112.71280926200006,-7.1693418979999706],[112.71280929500006,-7.1693509399999584],[112.71283645400001,-7.1693508389999465],[112.71283648800011,-7.1693598809999344],[112.71287270000005,-7.169359745999941],[112.71287273400003,-7.1693687879999288],[112.7128998930001,-7.1693686859999275],[112.71289992700008,-7.1693777279999722],[112.71291803300005,-7.1693776609999418],[112.71291806700003,-7.1693867029999296],[112.71293617300012,-7.1693866349999666],[112.7129362070001,-7.1693956769999545],[112.71295431300007,-7.1693956089999347],[112.71295434600006,-7.1694046509999794],[112.71296339900005,-7.1694046179999305],[112.71296343300003,-7.1694136589999289],[112.71298153900011,-7.1694135919999553],[112.71298157300009,-7.1694226339999432],[112.71300873200005,-7.1694225319999418],[112.71300876600003,-7.1694315739999297],[112.71302687200011,-7.1694315069999561],[112.7130269060001,-7.169440548999944],[112.71303595900008,-7.1694405149999625],[112.71303599300006,-7.1694495569999503],[112.71309031100009,-7.1694493539999371],[112.71309037800006,-7.1694674379999697],[112.71311753700002,-7.1694673369999578],[112.71311757100011,-7.1694763779999562],[112.7131266240001,-7.1694763449999641],[112.71312665800008,-7.169485386999952],[112.71315381700003,-7.1694852849999506],[112.71315388500011,-7.1695033689999264],[112.71314483200001,-7.1695034029999647],[112.71314486500012,-7.1695124449999525],[112.71316297100009,-7.1695123769999327],[112.71316310700001,-7.1695485439999516],[112.7131812130001,-7.169548476999978],[112.71318124600009,-7.1695575189999659],[112.71319029900008,-7.1695574849999275],[112.71319036700004,-7.1695755689999601],[112.71321752600011,-7.1695754669999587],[112.71321756000009,-7.1695845089999466],[112.71330809000006,-7.1695841719999294],[112.71330805600007,-7.1695751299999415],[112.71332616200004,-7.1695750619999785],[112.71332623000001,-7.1695931459999542],[112.71331717700002,-7.1695931799999357],[112.71331721100012,-7.1696022209999342],[112.71329910500003,-7.169602288999954],[112.71329913800002,-7.1696113309999419],[112.71333535000008,-7.1696111959999484],[112.71333538400006,-7.1696202379999363],[112.71337159600012,-7.1696201029999429],[112.71337156300001,-7.169611060999955],[112.71341682800005,-7.1696108919999801],[112.71341669200001,-7.1695747249999613],[112.71342574500011,-7.1695746909999798],[112.71342571200012,-7.1695656489999351],[112.71346192400006,-7.1695655139999417],[112.71346199100003,-7.1695835979999742],[112.71343483200008,-7.1695836989999293],[112.71343486600006,-7.169592740999974],[112.71344391900004,-7.1695927069999357],[112.71344395300002,-7.1696017489999804],[112.71346205900011,-7.1696016809999605],[112.71346202500001,-7.1695926399999621],[112.71348918400008,-7.1695925379999608],[112.71348921800006,-7.1696015799999486],[112.71350732400003,-7.1696015129999751],[112.71350752700005,-7.1696557639999696],[112.71349847400006,-7.1696557969999617],[112.71349854100004,-7.1696738809999374],[112.71350759400002,-7.1696738469999559],[112.7135076620001,-7.1696919309999316],[112.71349860900011,-7.16969196499997],[112.71349864300009,-7.1697010059999684],[112.71351674900006,-7.169700938999938],[112.7135166810001,-7.1696828549999623],[112.71353478700007,-7.1696827879999319],[112.71353475400008,-7.169673745999944],[112.71352570100009,-7.1696737799999255],[112.71352566700011,-7.1696647379999376],[112.71351661400001,-7.169664771999976],[112.71351658000003,-7.1696557299999313],[112.71352563300002,-7.1696556959999498],[112.71352559900004,-7.1696466539999619],[112.71357086400008,-7.1696464849999302],[112.71357089800006,-7.1696555269999749],[112.71357995100004,-7.1696554929999365],[112.71357998500002,-7.1696645349999812],[112.71358903800001,-7.1696645019999323],[112.71358893600006,-7.1696373759999688],[112.71360704200004,-7.1696373089999383],[112.71360707600002,-7.1696463499999368],[112.71361612900012,-7.1696463169999447],[112.71361619700008,-7.169664399999931],[112.71362525000006,-7.1696643659999495],[112.71362528400005,-7.1696734079999374],[112.71363433700003,-7.1696733749999453],[112.71363440400012,-7.1696914579999316],[112.7136434570001,-7.1696914239999501],[112.71364355900005,-7.1697185499999705],[112.71362545300008,-7.1697186169999441],[112.71362548700006,-7.1697276589999319],[112.71363454000004,-7.1697276249999504],[112.71363460700002,-7.1697457089999261],[112.71362555400003,-7.1697457429999645],[112.71362558800001,-7.1697547849999523],[112.71363464100011,-7.1697547509999708],[112.71363467500009,-7.1697637929999587],[112.71364372800008,-7.1697637589999772],[112.71364386300002,-7.1697999259999392],[112.71365291600011,-7.1697998929999471],[112.7136529500001,-7.1698089339999456],[112.71367105600007,-7.169808866999972],[112.71367112400003,-7.1698269509999477],[112.71368017700001,-7.1698269169999662],[112.71368021000001,-7.1698359589999541],[112.71368926300011,-7.1698359249999726],[112.71368929700009,-7.1698449669999604],[112.71369835000007,-7.1698449329999789],[112.71369838400005,-7.1698539749999668],[112.71371649000002,-7.169853906999947],[112.71371652400001,-7.1698629489999348],[112.7137255770001,-7.1698629149999533],[112.71372554300001,-7.1698538729999655],[112.71374364900009,-7.169853805999935],[112.71374358200001,-7.1698357219999593],[112.71377074100008,-7.1698356209999474],[112.71377070700009,-7.1698265789999596],[112.71377976000008,-7.1698265449999781],[112.71377979400006,-7.1698355869999659],[112.71378884700005,-7.1698355529999276],[112.71378877900008,-7.1698174699999413],[112.71379783200007,-7.1698174359999598],[112.71379786600005,-7.1698264779999477],[112.71380691900004,-7.1698264439999662],[112.71380695300002,-7.169835485999954],[112.71381600600012,-7.1698354519999725],[112.71381593800004,-7.16981736799994],[112.71380688500005,-7.1698174019999783],[112.71380685100007,-7.1698083599999336],[112.71379779800009,-7.1698083939999719],[112.71379776400011,-7.1697993519999272],[112.71378871100001,-7.1697993859999656],[112.7137887450001,-7.1698084279999534],[112.71377969200012,-7.1698084619999349],[112.71377962500003,-7.1697903779999592],[112.71382489000007,-7.1697902089999275],[112.71382492300006,-7.1697992509999722],[112.71383397600005,-7.1697992169999338],[112.71383414600007,-7.1698444259999405],[112.71384319900005,-7.1698443929999485],[112.71384323200004,-7.1698534339999469],[112.71385228500003,-7.1698534009999548],[112.71385225200004,-7.169844358999967],[112.71386130500002,-7.1698443249999286],[112.71386133800002,-7.1698533669999733],[112.71387039100011,-7.169853332999935],[112.71387045900008,-7.1698714169999676],[112.71387951200006,-7.1698713829999292],[112.71387954600004,-7.1698804249999739],[112.71388859900003,-7.1698803909999356],[112.71388863300001,-7.1698894329999803],[112.71389768600011,-7.1698893989999419],[112.71389755100006,-7.1698532319999799],[112.71390660400004,-7.1698531979999416],[112.71390670500011,-7.169880323999962],[112.7139157580001,-7.1698802899999805],[112.71391579200008,-7.1698893319999684],[112.71392484500007,-7.16988929799993],[112.71392487900005,-7.1698983399999747],[112.71393393200003,-7.1698983059999364],[112.71393396500002,-7.1699073479999811],[112.71392491200004,-7.1699073819999626],[112.71392494600002,-7.169916422999961],[112.71393399900001,-7.1699163899999689],[112.71393406700008,-7.1699344729999552],[112.71394312000007,-7.1699344389999737],[112.71394322100002,-7.1699615649999373],[112.71395227400001,-7.1699615309999558],[112.71395224100002,-7.169952488999968],[112.71397940000008,-7.169952387999956],[112.71397943300008,-7.1699614299999439],[112.71397038000009,-7.1699614639999254],[112.71397051600002,-7.1699976309999442],[112.7139886220001,-7.1699975629999813],[112.71398865600008,-7.1700066049999691],[112.71399770900007,-7.1700065709999308],[112.71399767500009,-7.1699975299999323],[112.71400672800007,-7.1699974959999508],[112.71400669400009,-7.169988453999963],[112.71403385300005,-7.1699883529999511],[112.71403381900006,-7.1699793109999632],[112.71404287200005,-7.1699792769999249],[112.71404290600003,-7.1699883189999696],[112.71403385300005,-7.1699883529999511],[112.71403388700003,-7.1699973949999389],[112.71405199300011,-7.1699973269999759],[112.71405195900002,-7.1699882849999312],[112.7140700650001,-7.1699882179999577],[112.71407009900008,-7.1699972589999561],[112.71410631100002,-7.1699971239999627],[112.714106345,-7.1700061659999506],[112.7141153980001,-7.1700061319999691],[112.71411546600007,-7.1700242159999448],[112.71412451900005,-7.1700241819999633],[112.71412458600003,-7.170042265999939],[112.71414269200011,-7.170042197999976],[112.71414276000007,-7.1700602819999517],[112.71416086600004,-7.1700602139999319],[112.71416090000002,-7.1700692559999766],[112.71422427100003,-7.1700690199999713],[112.71422430500002,-7.1700780619999591],[112.7142424110001,-7.1700779939999393],[112.71424237700001,-7.1700689519999514],[112.7142514300001,-7.1700689189999594],[112.71425139600001,-7.1700598769999715],[112.71424234300002,-7.170059910999953],[112.71424227500006,-7.1700418269999773],[112.71426038200002,-7.1700417589999574],[112.71426048300009,-7.1700688849999779],[112.71430574800002,-7.1700687159999461],[112.71430571400003,-7.1700596739999582],[112.71432382000012,-7.1700596069999278],[112.71432388800008,-7.170077689999971],[112.71435104700004,-7.1700775889999591],[112.71435101300005,-7.1700685469999712],[112.71434196000007,-7.1700685809999527],[112.71434192600009,-7.1700595389999648],[112.71437813800003,-7.1700594039999714],[112.71437820600011,-7.1700774879999472],[112.71436915300001,-7.1700775209999392],[112.7143691870001,-7.1700865629999271],[112.71437824000009,-7.1700865289999456],[112.71437834100004,-7.170113654999966],[112.71438739400003,-7.1701136209999277],[112.71438742800001,-7.1701226629999724],[112.71440553400009,-7.1701225949999525],[112.71440550000011,-7.1701135529999647],[112.71441455400009,-7.1701135199999726],[112.71441462100006,-7.1701316029999589],[112.71443272700003,-7.1701315359999285],[112.71443282900009,-7.1701586609999595],[112.71444188200007,-7.170158626999978],[112.71444191600006,-7.1701676689999658],[112.71445096900004,-7.1701676349999275],[112.71445100200003,-7.1701766769999722],[112.71446005500002,-7.1701766439999801],[112.71446002200003,-7.1701676019999354],[112.71450528700007,-7.1701674329999605],[112.71450532100005,-7.1701764749999484],[112.71455058600009,-7.1701763059999735],[112.71455055200011,-7.1701672639999288],[112.71460487000002,-7.1701670609999724],[112.71460480200005,-7.1701489779999292],[112.71459574900007,-7.1701490109999781],[112.71459561400002,-7.1701128439999593],[112.71460466700012,-7.1701128099999778],[112.71460463300002,-7.1701037679999331],[112.71461368600001,-7.170103734999941],[112.71461378800007,-7.170130859999972],[112.71463189400004,-7.1701307929999416],[112.71463182600007,-7.1701127089999659],[112.71464087900006,-7.1701126749999275],[112.71464094700002,-7.1701307589999601],[112.71465000000001,-7.1701307249999786],[112.71465006700009,-7.1701488089999543],[112.71466817400005,-7.1701487409999345],[112.71466814000007,-7.1701396989999466],[112.71468624600004,-7.1701396319999731],[112.71468628000002,-7.1701486739999609],[112.71469533300001,-7.1701486399999794],[112.71469536600011,-7.1701576819999673],[112.71471347200008,-7.1701576139999474],[112.71471343900009,-7.1701485719999596],[112.71474059800005,-7.1701484709999477],[112.71474066500002,-7.170166553999934],[112.71476782400009,-7.1701664529999789],[112.71476792600004,-7.1701935789999425],[112.71478603200001,-7.1701935109999795],[112.7147860660001,-7.1702025529999673],[112.71481322500006,-7.170202450999966],[112.71481329300002,-7.1702205349999417],[112.71482234600001,-7.1702205009999602],[112.71482237900011,-7.1702295429999481],[112.71485859100005,-7.1702294079999547],[112.71485855800006,-7.1702203659999668],[112.71486761100005,-7.1702203319999285],[112.71486754300008,-7.1702022489999422],[112.71489470200004,-7.1702021469999409],[112.71489466800006,-7.1701931059999424],[112.71492182700001,-7.1701930039999411],[112.71492189500009,-7.1702110879999736],[112.714903789,-7.1702111549999472],[112.7149038230001,-7.1702201969999351],[112.71492192900007,-7.1702201299999615],[112.71492199600004,-7.1702382129999478],[112.71493105000002,-7.1702381789999663],[112.71493101600004,-7.1702291379999679],[112.71494006900002,-7.1702291039999295],[112.71494003500004,-7.1702200619999417],[112.71495814100001,-7.1702199939999787],[112.71495820900009,-7.1702380779999544],[112.71496726200007,-7.1702380439999729],[112.71496732900005,-7.1702561279999486],[112.71497638200003,-7.1702560939999671],[112.71497621300011,-7.1702108849999604],[112.71496716000001,-7.1702109189999419],[112.71496712600003,-7.170201876999954],[112.71498523200012,-7.1702018089999342],[112.7149852660001,-7.1702108509999789],[112.71508484900005,-7.1702104799999802],[112.71508488300003,-7.1702195209999786],[112.71509393600002,-7.1702194879999297],[112.71509397000011,-7.1702285289999281],[112.7151030230001,-7.1702284959999361],[112.71510309100006,-7.1702465789999792],[112.71511214400005,-7.1702465449999409],[112.71511221200001,-7.1702646289999734],[112.71509410500005,-7.1702646969999364],[112.71509417300001,-7.1702827799999795],[112.71510322600011,-7.1702827469999306],[112.71510319200002,-7.1702737049999428],[112.71511224500011,-7.1702736709999613],[112.7151122790001,-7.1702827129999491],[112.71512133200008,-7.1702826789999676],[112.71512140000004,-7.1703007629999433],[112.7151576120001,-7.1703006269999605],[112.71515768000006,-7.1703187109999362],[112.71516673300005,-7.1703186769999547],[112.71516683400012,-7.1703458029999751],[112.71518494000009,-7.1703457349999553],[112.71518497400007,-7.1703547769999432],[112.71519402700005,-7.1703547429999617],[112.71519406100003,-7.1703637849999495],[112.71520311400002,-7.170363750999968],[112.71520314800011,-7.1703727929999559],[112.7152122010001,-7.1703727589999744],[112.71521226900006,-7.1703908429999501],[112.71520321600008,-7.1703908769999316],[112.71520324900007,-7.17039991799993],[112.71521230200005,-7.170399884999938],[112.71521233600004,-7.1704089259999364],[112.71523044200001,-7.1704088589999628],[112.7152304760001,-7.1704179009999507],[112.71522142300012,-7.1704179339999428],[112.7152214570001,-7.1704269759999306],[112.71518524500004,-7.1704271109999809],[112.71518531200002,-7.1704451949999566],[112.71522152500006,-7.1704450599999632],[112.71522155800005,-7.170454101999951],[112.71523061100004,-7.1704540679999695],[112.71523067900011,-7.1704721519999453],[112.7152397320001,-7.1704721179999638],[112.71523980000006,-7.17049020099995],[112.71529411800009,-7.1704899989999262],[112.71529408400011,-7.1704809569999384],[112.71531219000008,-7.1704808889999754],[112.71531225800004,-7.1704989729999511],[112.71533036400001,-7.1704989049999313],[112.71533026200007,-7.1704717799999571],[112.71535742200001,-7.1704716779999558],[112.7153574890001,-7.1704897619999315],[112.71542086000011,-7.1704895249999367],[112.71542089400009,-7.1704985669999814],[112.71544805300005,-7.1704984659999695],[112.71544812100001,-7.1705165489999558],[112.71543906800002,-7.1705165829999373],[112.715439102,-7.1705256249999252],[112.71545720800009,-7.1705255569999622],[112.71545727600005,-7.1705436409999379],[112.71548443500001,-7.170543539999926],[112.7154844690001,-7.1705525819999707],[112.71550257500007,-7.1705525139999509],[112.71550264200005,-7.1705705979999266],[112.71549358900006,-7.1705706309999755],[112.71549362300004,-7.1705796729999633],[112.71550267600003,-7.170579638999925],[112.71550271000001,-7.1705886809999697],[112.71551176300011,-7.1705886469999314],[112.71551183100007,-7.1706067309999639],[112.71552088400006,-7.1706066969999256],[112.71552091800004,-7.1706157389999703],[112.71552997100002,-7.1706157049999319],[112.71553000400002,-7.1706247469999767],[112.71553905700011,-7.1706247129999383],[112.7155390910001,-7.1706337549999262],[112.71554814400008,-7.1706337209999447],[112.71554828000001,-7.1706698889999529],[112.71555733300011,-7.1706698549999714],[112.71555736700009,-7.1706788969999593],[112.71557547300006,-7.1706788289999395],[112.71557550600005,-7.1706878709999273],[112.71559361300001,-7.1706878029999643],[112.71559364600012,-7.1706968449999522],[112.71562080500007,-7.1706967439999403],[112.71562077200008,-7.1706877019999524],[112.71564793100003,-7.1706875999999511]],[[112.71518487300011,-7.1703276509999796],[112.71517582000001,-7.1703276849999611],[112.71517578600003,-7.1703186429999732],[112.71518483900002,-7.1703186099999812],[112.71518487300011,-7.1703276509999796]],[[112.71513028400011,-7.1702555199999551],[112.71513031800009,-7.1702645609999536],[112.71512126500011,-7.1702645949999351],[112.71512123100001,-7.1702555529999472],[112.71513028400011,-7.1702555199999551]],[[112.71479501700003,-7.1701753939999548],[112.71477691100006,-7.1701754609999284],[112.71477687700008,-7.1701664189999406],[112.71479498400004,-7.170166351999967],[112.71479501700003,-7.1701753939999548]],[[112.71493077900004,-7.1701658449999286],[112.71492172600006,-7.1701658789999669],[112.71492169200008,-7.1701568369999791],[112.71493074500006,-7.1701568029999407],[112.71493077900004,-7.1701658449999286]],[[112.71476772300002,-7.1701393279999479],[112.71475867000004,-7.17013936099994],[112.71475863600006,-7.1701303199999415],[112.71476768900004,-7.1701302859999601],[112.71476772300002,-7.1701393279999479]],[[112.71474958300007,-7.1701303529999336],[112.7147314770001,-7.1701304209999535],[112.71473144300001,-7.1701213789999656],[112.71474954900009,-7.1701213119999352],[112.71474958300007,-7.1701303529999336]],[[112.71428757400008,-7.1700506999999334],[112.7142785210001,-7.1700507339999717],[112.7142784880001,-7.170041691999927],[112.71428754100009,-7.1700416579999455],[112.71428757400008,-7.1700506999999334]],[[112.71437807100006,-7.1700413199999389],[112.71435996500009,-7.1700413879999587],[112.7143599310001,-7.1700323459999709],[112.71437803700007,-7.170032277999951],[112.71437807100006,-7.1700413199999389]],[[112.71431463200008,-7.1700234729999579],[112.7143055790001,-7.1700235069999394],[112.71430554500012,-7.1700144649999515],[112.71429649200002,-7.170014498999933],[112.71429645800004,-7.1700054569999452],[112.71431456400001,-7.1700053889999253],[112.71431463200008,-7.1700234729999579]],[[112.71433273800005,-7.1700234049999381],[112.71433267000009,-7.1700053219999518],[112.71434172300008,-7.1700052879999703],[112.71434179100004,-7.170023371999946],[112.71433273800005,-7.1700234049999381]],[[112.71409719000007,-7.1699790739999685],[112.7140790840001,-7.1699791419999315],[112.71407905100011,-7.1699700999999436],[112.71409715700008,-7.16997003299997],[112.71409719000007,-7.1699790739999685]],[[112.71411522900007,-7.1699609229999623],[112.71410617600009,-7.1699609569999438],[112.71410614200011,-7.169951914999956],[112.71408803600002,-7.1699519829999758],[112.71408800200004,-7.1699429409999311],[112.71407894900005,-7.1699429749999695],[112.71407898300004,-7.1699520169999573],[112.71406993000005,-7.1699520499999494],[112.71406986200009,-7.1699339669999631],[112.71410607400003,-7.1699338319999697],[112.71410610800001,-7.1699428729999681],[112.71412421400009,-7.1699428059999377],[112.71412424800008,-7.1699518479999256],[112.71411519500009,-7.1699518809999745],[112.71411522900007,-7.1699609229999623]],[[112.71397919700007,-7.1698981369999615],[112.71397014400009,-7.169898170999943],[112.71397004200003,-7.1698710449999794],[112.71397909500001,-7.1698710119999305],[112.71397919700007,-7.1698981369999615]],[[112.71396088800009,-7.1698439539999299],[112.7139518350001,-7.1698439869999788],[112.71395180100001,-7.1698349459999804],[112.71393369500004,-7.169835012999954],[112.71393366100006,-7.1698259709999661],[112.71394271400004,-7.169825937999974],[112.71394268000006,-7.1698168959999293],[112.71396078600003,-7.1698168279999663],[112.71396088800009,-7.1698439539999299]],[[112.71378861000005,-7.1697722609999346],[112.71377050400008,-7.169772327999965],[112.713770436,-7.1697542449999787],[112.7137794890001,-7.1697542109999404],[112.71377952300008,-7.1697632529999282],[112.71378857600007,-7.1697632189999467],[112.71378861000005,-7.1697722609999346]],[[112.71484943700011,-7.1702023159999726],[112.7148584900001,-7.1702022819999343],[112.71485852400008,-7.170211323999979],[112.71484947100009,-7.1702113579999605],[112.71484943700011,-7.1702023159999726]]]},"properties":{"OBJECTID":20546,"FID_mangrove_utm":20487,"OBJECTID_1":20487,"Name":"18102566,9293","FolderPath":"JATIM/JATIM","SymbolID":0,"AltMode":0,"Base":0,"Clamped":-1,"Extruded":0,"Snippet":"","PopupInfo":"\u003chtml xmlns:fo=\"http://www.w3.org/1999/XSL/Format\" xmlns:msxsl=\"urn:schemas-microsoft-com:xslt\"\u003e\n\u003chead\u003e\n\u003cMETA http-equiv=\"Content-Type\" content=\"text/html\"\u003e\n\u003cmeta http-equiv=\"content-type\" content=\"text/html; charset=UTF-8\"\u003e\n\u003c/head\u003e\n\u003cbody style=\"margin:0px 0px 0px 0px;overflow:auto;background:#FFFFFF;\"\u003e\n\u003ctable style=\"font-family:Arial,Verdana,Times;font-size:12px;text-align:left;width:100%;border-collapse:collapse;padding:3px 3px 3px 3px\"\u003e\n\u003ctr style=\"text-align:center;font-weight:bold;background:#9CBCE2\"\u003e\n\u003ctd\u003e18102566,9293\u003c/td\u003e\n\u003c/tr\u003e\n\u003ctr\u003e\n\u003ctd\u003e\n\u003ctable style=\"font-family:Arial,Verdana,Times;font-size:12px;text-align:left;width:100%;border-spacing:0px; padding:3px 3px 3px 3px\"\u003e\n\u003ctr\u003e\n\u003ctd\u003eFID\u003c/td\u003e\n\u003ctd\u003e0\u003c/td\u003e\n\u003c/tr\u003e\n\u003ctr bgcolor=\"#D4E4F3\"\u003e\n\u003ctd\u003eShape_Leng\u003c/td\u003e\n\u003ctd\u003e18102566,9293\u003c/td\u003e\n\u003c/tr\u003e\n\u003c/table\u003e\n\u003c/td\u003e\n\u003c/tr\u003e\n\u003c/table\u003e\n\u003c/body\u003e\u003cscript type=\"text/javascript\"\u003e\n\t\t\t\tfunction changeImage(attElement, nameElement) {\n\t\t\t\tdocument.getElementById('imageAttachment').src = attElement;\n\t\t\t\tdocument.getElementById('imageName').innerHTML = nameElement;}\n\t\t\t\u003c/script\u003e\u003c/html\u003e\n","FID_active_grids":104,"GridID":"O01","Shape_Length":0.013829766564626037,"Shape_Area":6.1591867788419619e-07}},{"type":"Feature","id":20547,"geometry":{"type":"Polygon","coordinates":[[[112.71178536600007,-7.16910366999997],[112.71178539200002,-7.1691106229999377],[112.71179444500001,-7.1691105889999562],[112.7117944790001,-7.1691196309999441],[112.71180353200009,-7.1691195969999626],[112.71180356600007,-7.1691286389999505],[112.71181261900006,-7.169128604999969],[112.71181265300004,-7.1691376469999568],[112.71183075900001,-7.1691375799999264],[112.7118307930001,-7.1691466209999248],[112.71183984600009,-7.1691465879999328],[112.71183987900008,-7.1691556289999312],[112.71184893200007,-7.1691555959999391],[112.71184896600005,-7.169164637999927],[112.71186707200002,-7.169164569999964],[112.71186710600011,-7.1691736119999518],[112.71195763600008,-7.1691732749999346],[112.71195767000006,-7.1691823169999793],[112.71196672300005,-7.169182282999941],[112.71196675700003,-7.1691913249999288],[112.71197581000001,-7.1691912909999473],[112.7119758770001,-7.1692093749999799],[112.71199398300007,-7.1692093069999601],[112.71199395000008,-7.1692002649999722],[112.71201205600005,-7.1692001979999418],[112.71201202200007,-7.1691911559999539],[112.71203012800004,-7.1691910889999804],[112.71203009400006,-7.1691820469999357],[112.71206630600011,-7.1691819119999423],[112.71206627200002,-7.1691728699999544],[112.71207532500011,-7.1691728359999729],[112.71207525800003,-7.1691547529999298],[112.7121024170001,-7.1691546509999284],[112.71210236100001,-7.1691395609999518],[112.71195456500004,-7.1691640989999428],[112.71178536600007,-7.16910366999997]]]},"properties":{"OBJECTID":20547,"FID_mangrove_utm":20488,"OBJECTID_1":20488,"Name":"18102566,9293","FolderPath":"JATIM/JATIM","SymbolID":0,"AltMode":0,"Base":0,"Clamped":-1,"Extruded":0,"Snippet":"","PopupInfo":"\u003chtml xmlns:fo=\"http://www.w3.org/1999/XSL/Format\" xmlns:msxsl=\"urn:schemas-microsoft-com:xslt\"\u003e\n\u003chead\u003e\n\u003cMETA http-equiv=\"Content-Type\" content=\"text/html\"\u003e\n\u003cmeta http-equiv=\"content-type\" content=\"text/html; charset=UTF-8\"\u003e\n\u003c/head\u003e\n\u003cbody style=\"margin:0px 0px 0px 0px;overflow:auto;background:#FFFFFF;\"\u003e\n\u003ctable style=\"font-family:Arial,Verdana,Times;font-size:12px;text-align:left;width:100%;border-collapse:collapse;padding:3px 3px 3px 3px\"\u003e\n\u003ctr style=\"text-align:center;font-weight:bold;background:#9CBCE2\"\u003e\n\u003ctd\u003e18102566,9293\u003c/td\u003e\n\u003c/tr\u003e\n\u003ctr\u003e\n\u003ctd\u003e\n\u003ctable style=\"font-family:Arial,Verdana,Times;font-size:12px;text-align:left;width:100%;border-spacing:0px; padding:3px 3px 3px 3px\"\u003e\n\u003ctr\u003e\n\u003ctd\u003eFID\u003c/td\u003e\n\u003ctd\u003e0\u003c/td\u003e\n\u003c/tr\u003e\n\u003ctr bgcolor=\"#D4E4F3\"\u003e\n\u003ctd\u003eShape_Leng\u003c/td\u003e\n\u003ctd\u003e18102566,9293\u003c/td\u003e\n\u003c/tr\u003e\n\u003c/table\u003e\n\u003c/td\u003e\n\u003c/tr\u003e\n\u003c/table\u003e\n\u003c/body\u003e\u003cscript type=\"text/javascript\"\u003e\n\t\t\t\tfunction changeImage(attElement, nameElement) {\n\t\t\t\tdocument.getElementById('imageAttachment').src = attElement;\n\t\t\t\tdocument.getElementById('imageName').innerHTML = nameElement;}\n\t\t\t\u003c/script\u003e\u003c/html\u003e\n","FID_active_grids":104,"GridID":"O01","Shape_Length":0.00082209781495174426,"Shape_Area":8.6973333114791051e-09}},{"type":"Feature","id":20549,"geometry":{"type":"Polygon","coordinates":[[[112.71177957600003,-7.1691016019999552],[112.71176723600001,-7.1690971949999494],[112.71176725300006,-7.1691016479999803],[112.71177957600003,-7.1691016019999552]]]},"properties":{"OBJECTID":20549,"FID_mangrove_utm":20490,"OBJECTID_1":20490,"Name":"18102566,9293","FolderPath":"JATIM/JATIM","SymbolID":0,"AltMode":0,"Base":0,"Clamped":-1,"Extruded":0,"Snippet":"","PopupInfo":"\u003chtml xmlns:fo=\"http://www.w3.org/1999/XSL/Format\" xmlns:msxsl=\"urn:schemas-microsoft-com:xslt\"\u003e\n\u003chead\u003e\n\u003cMETA http-equiv=\"Content-Type\" content=\"text/html\"\u003e\n\u003cmeta http-equiv=\"content-type\" content=\"text/html; charset=UTF-8\"\u003e\n\u003c/head\u003e\n\u003cbody style=\"margin:0px 0px 0px 0px;overflow:auto;background:#FFFFFF;\"\u003e\n\u003ctable style=\"font-family:Arial,Verdana,Times;font-size:12px;text-align:left;width:100%;border-collapse:collapse;padding:3px 3px 3px 3px\"\u003e\n\u003ctr style=\"text-align:center;font-weight:bold;background:#9CBCE2\"\u003e\n\u003ctd\u003e18102566,9293\u003c/td\u003e\n\u003c/tr\u003e\n\u003ctr\u003e\n\u003ctd\u003e\n\u003ctable style=\"font-family:Arial,Verdana,Times;font-size:12px;text-align:left;width:100%;border-spacing:0px; padding:3px 3px 3px 3px\"\u003e\n\u003ctr\u003e\n\u003ctd\u003eFID\u003c/td\u003e\n\u003ctd\u003e0\u003c/td\u003e\n\u003c/tr\u003e\n\u003ctr bgcolor=\"#D4E4F3\"\u003e\n\u003ctd\u003eShape_Leng\u003c/td\u003e\n\u003ctd\u003e18102566,9293\u003c/td\u003e\n\u003c/tr\u003e\n\u003c/table\u003e\n\u003c/td\u003e\n\u003c/tr\u003e\n\u003c/table\u003e\n\u003c/body\u003e\u003cscript type=\"text/javascript\"\u003e\n\t\t\t\tfunction changeImage(attElement, nameElement) {\n\t\t\t\tdocument.getElementById('imageAttachment').src = attElement;\n\t\t\t\tdocument.getElementById('imageName').innerHTML = nameElement;}\n\t\t\t\u003c/script\u003e\u003c/html\u003e\n","FID_active_grids":104,"GridID":"O01","Shape_Length":2.987944800563809e-05,"Shape_Area":2.7437550612770608e-11}},{"type":"Feature","id":20599,"geometry":{"type":"Polygon","coordinates":[[[112.71006319300011,-7.1685473909999473],[112.71003603400004,-7.1685474919999592],[112.71003606800002,-7.1685565329999577],[112.71002701500004,-7.1685565669999392],[112.71002708200001,-7.1685746509999717],[112.71001802900003,-7.1685746849999532],[112.71001816400008,-7.1686108519999721],[112.71004532300003,-7.1686107509999601],[112.71004529000004,-7.1686017089999723],[112.71007244900011,-7.1686016079999604],[112.71007241500001,-7.1685925659999725],[112.71008146800011,-7.1685925319999342],[112.71008136700004,-7.16856540699996],[112.71007231400006,-7.1685654409999415],[112.71007228000008,-7.1685563989999537],[112.71006322700009,-7.1685564319999457],[112.71006319300011,-7.1685473909999473]],[[112.71004518800009,-7.1685745829999519],[112.7100451550001,-7.1685655419999534],[112.71005420800009,-7.1685655079999719],[112.71005424100008,-7.1685745499999598],[112.71004518800009,-7.1685745829999519]]]},"properties":{"OBJECTID":20599,"FID_mangrove_utm":20540,"OBJECTID_1":20540,"Name":"18102566,9293","FolderPath":"JATIM/JATIM","SymbolID":0,"AltMode":0,"Base":0,"Clamped":-1,"Extruded":0,"Snippet":"","PopupInfo":"\u003chtml xmlns:fo=\"http://www.w3.org/1999/XSL/Format\" xmlns:msxsl=\"urn:schemas-microsoft-com:xslt\"\u003e\n\u003chead\u003e\n\u003cMETA http-equiv=\"Content-Type\" content=\"text/html\"\u003e\n\u003cmeta http-equiv=\"content-type\" content=\"text/html; charset=UTF-8\"\u003e\n\u003c/head\u003e\n\u003cbody style=\"margin:0px 0px 0px 0px;overflow:auto;background:#FFFFFF;\"\u003e\n\u003ctable style=\"font-family:Arial,Verdana,Times;font-size:12px;text-align:left;width:100%;border-collapse:collapse;padding:3px 3px 3px 3px\"\u003e\n\u003ctr style=\"text-align:center;font-weight:bold;background:#9CBCE2\"\u003e\n\u003ctd\u003e18102566,9293\u003c/td\u003e\n\u003c/tr\u003e\n\u003ctr\u003e\n\u003ctd\u003e\n\u003ctable style=\"font-family:Arial,Verdana,Times;font-size:12px;text-align:left;width:100%;border-spacing:0px; padding:3px 3px 3px 3px\"\u003e\n\u003ctr\u003e\n\u003ctd\u003eFID\u003c/td\u003e\n\u003ctd\u003e0\u003c/td\u003e\n\u003c/tr\u003e\n\u003ctr bgcolor=\"#D4E4F3\"\u003e\n\u003ctd\u003eShape_Leng\u003c/td\u003e\n\u003ctd\u003e18102566,9293\u003c/td\u003e\n\u003c/tr\u003e\n\u003c/table\u003e\n\u003c/td\u003e\n\u003c/tr\u003e\n\u003c/table\u003e\n\u003c/body\u003e\u003cscript type=\"text/javascript\"\u003e\n\t\t\t\tfunction changeImage(attElement, nameElement) {\n\t\t\t\tdocument.getElementById('imageAttachment').src = attElement;\n\t\t\t\tdocument.getElementById('imageName').innerHTML = nameElement;}\n\t\t\t\u003c/script\u003e\u003c/html\u003e\n","FID_active_grids":104,"GridID":"O01","Shape_Length":0.00028951700347909872,"Shape_Area":2.9468694258816393e-09}},{"type":"Feature","id":20633,"geometry":{"type":"MultiPolygon","coordinates":[[[[112.71013561700011,-7.1685471209999605],[112.71013565100009,-7.1685561629999484],[112.71014470400007,-7.1685561289999669],[112.71014473800005,-7.1685651709999547],[112.71017189700001,-7.1685650699999428],[112.7101719310001,-7.1685741119999307],[112.71016287800001,-7.168574145999969],[112.71016294500009,-7.1685922289999553],[112.71017199800008,-7.1685921959999632],[112.71017203200006,-7.1686012369999617],[112.71019013800003,-7.1686011699999312],[112.71019017200001,-7.1686102119999759],[112.71019922500011,-7.1686101779999376],[112.7101992580001,-7.1686192199999255],[112.71020831100009,-7.168619185999944],[112.71020837900005,-7.1686372699999765],[112.71021743200004,-7.1686372359999382],[112.71021746600002,-7.168646277999926],[112.71022651900012,-7.1686462439999445],[112.71022655200011,-7.1686552859999324],[112.71023560500009,-7.1686552529999403],[112.71023563900008,-7.1686642939999388],[112.71022658600009,-7.1686643279999771],[112.71022662000007,-7.168673369999965],[112.71021756700009,-7.1686734039999465],[112.71021760100007,-7.1686824459999343],[112.71024476000002,-7.168682343999933],[112.71024482700011,-7.1687004279999655],[112.7102538800001,-7.1687003939999272],[112.71025391400008,-7.1687094359999719],[112.71024486100009,-7.1687094699999534],[112.71024492800007,-7.1687275539999291],[112.71025398100005,-7.1687275199999476],[112.71025401500003,-7.1687365619999355],[112.71026306800002,-7.168736527999954],[112.71026303400004,-7.1687274859999661],[112.71027208700002,-7.168727452999974],[112.7102721550001,-7.1687455359999603],[112.71030836700004,-7.1687454019999564],[112.71030840100002,-7.1687544429999548],[112.71031745400001,-7.1687544099999627],[112.71031752100009,-7.168772492999949],[112.71036278600002,-7.1687723249999635],[112.71036282000011,-7.1687813669999514],[112.71038092600008,-7.1687812989999316],[112.71038096000007,-7.1687903409999763],[112.71040811900002,-7.1687902399999643],[112.71040815200001,-7.1687992819999522],[112.7104262580001,-7.1687992149999786],[112.71042629200008,-7.1688082559999771],[112.71043534500006,-7.1688082229999281],[112.71043537900005,-7.1688172649999728],[112.71048064400009,-7.1688170959999411],[112.71048067800007,-7.168826137999929],[112.71050783700002,-7.1688260369999739],[112.710507871,-7.1688350789999618],[112.71052597700009,-7.1688350109999419],[112.71052601000008,-7.1688440529999298],[112.71053506300007,-7.1688440189999483],[112.71053509700005,-7.1688530609999361],[112.71056225600012,-7.1688529599999811],[112.7105622900001,-7.1688620019999689],[112.71058944900005,-7.168861900999957],[112.71058948300004,-7.1688709429999449],[112.71059853600002,-7.1688709089999634],[112.71059856900001,-7.1688799509999512],[112.71070720600005,-7.1688795469999604],[112.71070717200007,-7.1688705049999726],[112.71072527800004,-7.1688704369999527],[112.71072524400006,-7.1688613949999649],[112.71074335000003,-7.1688613279999345],[112.71074328300006,-7.1688432439999588],[112.71076138900003,-7.1688431769999283],[112.71076135500005,-7.1688341349999405],[112.71077040800003,-7.168834100999959],[112.71077037400005,-7.1688250599999606],[112.71081563900009,-7.1688248909999288],[112.7108156060001,-7.168815848999941],[112.71086087100002,-7.1688156809999555],[112.71086090500012,-7.1688247229999433],[112.71089711700006,-7.1688245879999499],[112.71089715000005,-7.1688336299999378],[112.71094241500009,-7.1688334609999629],[112.71094244900007,-7.1688425029999507],[112.71095150200006,-7.1688424689999692],[112.71095157000002,-7.168860552999945],[112.7109696760001,-7.1688604849999251],[112.7109697090001,-7.1688695269999698],[112.71097876200008,-7.1688694939999777],[112.71097879600006,-7.1688785349999762],[112.71100595500002,-7.1688784339999643],[112.71100598900011,-7.1688874759999521],[112.7110150420001,-7.1688874419999706],[112.71101507600008,-7.1688964839999585],[112.71102412900007,-7.1688964509999664],[112.71102416300005,-7.1689054919999649],[112.7110603750001,-7.1689053579999609],[112.71106040800009,-7.1689143989999593],[112.71107851400006,-7.1689143319999289],[112.71107854800005,-7.1689233739999736],[112.71110570700012,-7.1689232729999617],[112.7111057410001,-7.1689323149999495],[112.71112384700007,-7.1689322469999297],[112.71112388100005,-7.1689412889999744],[112.71115104,-7.1689411879999625],[112.7111510740001,-7.1689502299999504],[112.71116012700008,-7.1689501959999689],[112.71116016000008,-7.1689592379999567],[112.71120542500012,-7.168959068999925],[112.7112054590001,-7.1689681109999697],[112.71128693600008,-7.1689678079999339],[112.71128697000006,-7.1689768499999786],[112.71130507600003,-7.1689767819999588],[112.71130511000001,-7.1689858239999467],[112.71134132200007,-7.1689856889999533],[112.71134128800009,-7.1689766469999654],[112.71135034100007,-7.1689766139999733],[112.71135030700009,-7.1689675719999286],[112.71136841300006,-7.1689675039999656],[112.71136844700004,-7.1689765459999535],[112.71137750000003,-7.168976511999972],[112.71137753400001,-7.1689855539999598],[112.71139564000009,-7.1689854869999294],[112.71139567400007,-7.1689945289999741],[112.71142283300003,-7.1689944279999622],[112.71142286700001,-7.1690034689999607],[112.71143192000011,-7.1690034359999686],[112.7114319530001,-7.169012476999967],[112.71145005900007,-7.1690124099999366],[112.71145009300005,-7.1690214519999813],[112.71145914600004,-7.169021417999943],[112.71145918000002,-7.1690304599999308],[112.71148633900009,-7.1690303589999758],[112.71148637300007,-7.1690394009999636],[112.71155879700007,-7.1690391309999768],[112.71155883100005,-7.1690481729999647],[112.71157693700002,-7.1690481049999448],[112.71157697000001,-7.1690571469999327],[112.71161318300005,-7.1690570119999393],[112.71161321600005,-7.1690660539999271],[112.71162226900003,-7.1690660199999456],[112.71162230300001,-7.1690750619999335],[112.7116404090001,-7.1690749949999599],[112.71164044300008,-7.1690840369999478],[112.71166760200003,-7.1690839349999465],[112.71166756800005,-7.169074893999948],[112.71167662100004,-7.1690748599999665],[112.71167665500002,-7.1690839019999544],[112.71171286700007,-7.169083766999961],[112.71171284500008,-7.169077768999955],[112.71170440800006,-7.1690747559999295],[112.71170378000011,-7.1690747589999546],[112.71170377900012,-7.1690745319999678],[112.71162144100003,-7.1690451249999683],[112.71082432100002,-7.1687952819999623],[112.71052688900011,-7.1687714869999581],[112.71031273700009,-7.1686882059999562],[112.71021847500003,-7.1685468129999776],[112.71013561700011,-7.1685471209999605]]],[[[112.71009035200007,-7.1685472899999354],[112.71009038600005,-7.1685563309999338],[112.71010849200002,-7.1685562639999603],[112.71010845800004,-7.1685472219999724],[112.71009035200007,-7.1685472899999354]]]]},"properties":{"OBJECTID":20633,"FID_mangrove_utm":20568,"OBJECTID_1":20568,"Name":"18102566,9293","FolderPath":"JATIM/JATIM","SymbolID":0,"AltMode":0,"Base":0,"Clamped":-1,"Extruded":0,"Snippet":"","PopupInfo":"\u003chtml xmlns:fo=\"http://www.w3.org/1999/XSL/Format\" xmlns:msxsl=\"urn:schemas-microsoft-com:xslt\"\u003e\n\u003chead\u003e\n\u003cMETA http-equiv=\"Content-Type\" content=\"text/html\"\u003e\n\u003cmeta http-equiv=\"content-type\" content=\"text/html; charset=UTF-8\"\u003e\n\u003c/head\u003e\n\u003cbody style=\"margin:0px 0px 0px 0px;overflow:auto;background:#FFFFFF;\"\u003e\n\u003ctable style=\"font-family:Arial,Verdana,Times;font-size:12px;text-align:left;width:100%;border-collapse:collapse;padding:3px 3px 3px 3px\"\u003e\n\u003ctr style=\"text-align:center;font-weight:bold;background:#9CBCE2\"\u003e\n\u003ctd\u003e18102566,9293\u003c/td\u003e\n\u003c/tr\u003e\n\u003ctr\u003e\n\u003ctd\u003e\n\u003ctable style=\"font-family:Arial,Verdana,Times;font-size:12px;text-align:left;width:100%;border-spacing:0px; padding:3px 3px 3px 3px\"\u003e\n\u003ctr\u003e\n\u003ctd\u003eFID\u003c/td\u003e\n\u003ctd\u003e0\u003c/td\u003e\n\u003c/tr\u003e\n\u003ctr bgcolor=\"#D4E4F3\"\u003e\n\u003ctd\u003eShape_Leng\u003c/td\u003e\n\u003ctd\u003e18102566,9293\u003c/td\u003e\n\u003c/tr\u003e\n\u003c/table\u003e\n\u003c/td\u003e\n\u003c/tr\u003e\n\u003c/table\u003e\n\u003c/body\u003e\u003cscript type=\"text/javascript\"\u003e\n\t\t\t\tfunction changeImage(attElement, nameElement) {\n\t\t\t\tdocument.getElementById('imageAttachment').src = attElement;\n\t\t\t\tdocument.getElementById('imageName').innerHTML = nameElement;}\n\t\t\t\u003c/script\u003e\u003c/html\u003e\n","FID_active_grids":104,"GridID":"O01","Shape_Length":0.0041629406389368379,"Shape_Area":7.6144968197809524e-08}}]}