{"type":"FeatureCollection","features":[{"type":"Feature","id":26657,"geometry":{"type":"Polygon","coordinates":[[[112.70335654200005,-7.1148627589999478],[112.70335517500007,-7.1148427559999732],[112.70335524900008,-7.1148627639999518],[112.70335654200005,-7.1148627589999478]]]},"properties":{"OBJECTID":26657,"FID_mangrove_utm":26565,"OBJECTID_1":26565,"Name":"18102566,9293","FolderPath":"JATIM/JATIM","SymbolID":0,"AltMode":0,"Base":0,"Clamped":-1,"Extruded":0,"Snippet":"","PopupInfo":"\u003chtml xmlns:fo=\"http://www.w3.org/1999/XSL/Format\" xmlns:msxsl=\"urn:schemas-microsoft-com:xslt\"\u003e\n\u003chead\u003e\n\u003cMETA http-equiv=\"Content-Type\" content=\"text/html\"\u003e\n\u003cmeta http-equiv=\"content-type\" content=\"text/html; charset=UTF-8\"\u003e\n\u003c/head\u003e\n\u003cbody style=\"margin:0px 0px 0px 0px;overflow:auto;background:#FFFFFF;\"\u003e\n\u003ctable style=\"font-family:Arial,Verdana,Times;font-size:12px;text-align:left;width:100%;border-collapse:collapse;padding:3px 3px 3px 3px\"\u003e\n\u003ctr style=\"text-align:center;font-weight:bold;background:#9CBCE2\"\u003e\n\u003ctd\u003e18102566,9293\u003c/td\u003e\n\u003c/tr\u003e\n\u003ctr\u003e\n\u003ctd\u003e\n\u003ctable style=\"font-family:Arial,Verdana,Times;font-size:12px;text-align:left;width:100%;border-spacing:0px; padding:3px 3px 3px 3px\"\u003e\n\u003ctr\u003e\n\u003ctd\u003eFID\u003c/td\u003e\n\u003ctd\u003e0\u003c/td\u003e\n\u003c/tr\u003e\n\u003ctr bgcolor=\"#D4E4F3\"\u003e\n\u003ctd\u003eShape_Leng\u003c/td\u003e\n\u003ctd\u003e18102566,9293\u003c/td\u003e\n\u003c/tr\u003e\n\u003c/table\u003e\n\u003c/td\u003e\n\u003c/tr\u003e\n\u003c/table\u003e\n\u003c/body\u003e\u003cscript type=\"text/javascript\"\u003e\n\t\t\t\tfunction changeImage(attElement, nameElement) {\n\t\t\t\tdocument.getElementById('imageAttachment').src = attElement;\n\t\t\t\tdocument.getElementById('imageName').innerHTML = nameElement;}\n\t\t\t\u003c/script\u003e\u003c/html\u003e\n","FID_active_grids":150,"GridID":"M01","Shape_Length":4.1350802240228325e-05,"Shape_Area":1.2935356670485657e-11}},{"type":"Feature","id":26658,"geometry":{"type":"Polygon","coordinates":[[[112.70335469000008,-7.114835639999967],[112.70335222000006,-7.1147994809999773],[112.70334596400005,-7.1147995039999614],[112.70334609700001,-7.1148356709999803],[112.70335469000008,-7.114835639999967]]]},"properties":{"OBJECTID":26658,"FID_mangrove_utm":26566,"OBJECTID_1":26566,"Name":"18102566,9293","FolderPath":"JATIM/JATIM","SymbolID":0,"AltMode":0,"Base":0,"Clamped":-1,"Extruded":0,"Snippet":"","PopupInfo":"\u003chtml xmlns:fo=\"http://www.w3.org/1999/XSL/Format\" xmlns:msxsl=\"urn:schemas-microsoft-com:xslt\"\u003e\n\u003chead\u003e\n\u003cMETA http-equiv=\"Content-Type\" content=\"text/html\"\u003e\n\u003cmeta http-equiv=\"content-type\" content=\"text/html; charset=UTF-8\"\u003e\n\u003c/head\u003e\n\u003cbody style=\"margin:0px 0px 0px 0px;overflow:auto;background:#FFFFFF;\"\u003e\n\u003ctable style=\"font-family:Arial,Verdana,Times;font-size:12px;text-align:left;width:100%;border-collapse:collapse;padding:3px 3px 3px 3px\"\u003e\n\u003ctr style=\"text-align:center;font-weight:bold;background:#9CBCE2\"\u003e\n\u003ctd\u003e18102566,9293\u003c/td\u003e\n\u003c/tr\u003e\n\u003ctr\u003e\n\u003ctd\u003e\n\u003ctable style=\"font-family:Arial,Verdana,Times;font-size:12px;text-align:left;width:100%;border-spacing:0px; padding:3px 3px 3px 3px\"\u003e\n\u003ctr\u003e\n\u003ctd\u003eFID\u003c/td\u003e\n\u003ctd\u003e0\u003c/td\u003e\n\u003c/tr\u003e\n\u003ctr bgcolor=\"#D4E4F3\"\u003e\n\u003ctd\u003eShape_Leng\u003c/td\u003e\n\u003ctd\u003e18102566,9293\u003c/td\u003e\n\u003c/tr\u003e\n\u003c/table\u003e\n\u003c/td\u003e\n\u003c/tr\u003e\n\u003c/table\u003e\n\u003c/body\u003e\u003cscript type=\"text/javascript\"\u003e\n\t\t\t\tfunction changeImage(attElement, nameElement) {\n\t\t\t\tdocument.getElementById('imageAttachment').src = attElement;\n\t\t\t\tdocument.getElementById('imageName').innerHTML = nameElement;}\n\t\t\t\u003c/script\u003e\u003c/html\u003e\n","FID_active_grids":150,"GridID":"M01","Shape_Length":8.7259606773042549e-05,"Shape_Area":2.6852733549620018e-10}},{"type":"Feature","id":26803,"geometry":{"type":"Polygon","coordinates":[[[112.70395652000002,-7.1130069379999554],[112.7039577590001,-7.1129978909999636],[112.70395486300004,-7.112997901999961],[112.70395489600003,-7.1130069439999488],[112.70395652000002,-7.1130069379999554]]]},"properties":{"OBJECTID":26803,"FID_mangrove_utm":26711,"OBJECTID_1":26711,"Name":"18102566,9293","FolderPath":"JATIM/JATIM","SymbolID":0,"AltMode":0,"Base":0,"Clamped":-1,"Extruded":0,"Snippet":"","PopupInfo":"\u003chtml xmlns:fo=\"http://www.w3.org/1999/XSL/Format\" xmlns:msxsl=\"urn:schemas-microsoft-com:xslt\"\u003e\n\u003chead\u003e\n\u003cMETA http-equiv=\"Content-Type\" content=\"text/html\"\u003e\n\u003cmeta http-equiv=\"content-type\" content=\"text/html; charset=UTF-8\"\u003e\n\u003c/head\u003e\n\u003cbody style=\"margin:0px 0px 0px 0px;overflow:auto;background:#FFFFFF;\"\u003e\n\u003ctable style=\"font-family:Arial,Verdana,Times;font-size:12px;text-align:left;width:100%;border-collapse:collapse;padding:3px 3px 3px 3px\"\u003e\n\u003ctr style=\"text-align:center;font-weight:bold;background:#9CBCE2\"\u003e\n\u003ctd\u003e18102566,9293\u003c/td\u003e\n\u003c/tr\u003e\n\u003ctr\u003e\n\u003ctd\u003e\n\u003ctable style=\"font-family:Arial,Verdana,Times;font-size:12px;text-align:left;width:100%;border-spacing:0px; padding:3px 3px 3px 3px\"\u003e\n\u003ctr\u003e\n\u003ctd\u003eFID\u003c/td\u003e\n\u003ctd\u003e0\u003c/td\u003e\n\u003c/tr\u003e\n\u003ctr bgcolor=\"#D4E4F3\"\u003e\n\u003ctd\u003eShape_Leng\u003c/td\u003e\n\u003ctd\u003e18102566,9293\u003c/td\u003e\n\u003c/tr\u003e\n\u003c/table\u003e\n\u003c/td\u003e\n\u003c/tr\u003e\n\u003c/table\u003e\n\u003c/body\u003e\u003cscript type=\"text/javascript\"\u003e\n\t\t\t\tfunction changeImage(attElement, nameElement) {\n\t\t\t\tdocument.getElementById('imageAttachment').src = attElement;\n\t\t\t\tdocument.getElementById('imageName').innerHTML = nameElement;}\n\t\t\t\u003c/script\u003e\u003c/html\u003e\n","FID_active_grids":150,"GridID":"M01","Shape_Length":2.2693539557185248e-05,"Shape_Area":2.0435444756865439e-11}},{"type":"Feature","id":26808,"geometry":{"type":"Polygon","coordinates":[[[112.70413173400004,-7.1118669989999717],[112.70413176700004,-7.1118760409999595],[112.70414081900003,-7.111876006999978],[112.704140886,-7.1118940909999537],[112.70414836100008,-7.1118940639999551],[112.70413046500005,-7.1117926139999668],[112.70412395200003,-7.1117223549999267],[112.70412214800001,-7.1117223619999663],[112.70412218200011,-7.1117314039999542],[112.70411313000011,-7.1117314369999463],[112.70411339600003,-7.1118037719999734],[112.70412244800002,-7.1118037389999813],[112.70412248200012,-7.1118127809999692],[112.70411343000001,-7.1118128139999612],[112.70411353000009,-7.1118399399999248],[112.70412258200008,-7.1118399059999433],[112.70412268200005,-7.1118670319999637],[112.70413173400004,-7.1118669989999717],[112.70413170000006,-7.111857956999927],[112.70414075200006,-7.1118579239999349],[112.70414078600004,-7.1118669649999333],[112.70413173400004,-7.1118669989999717]]]},"properties":{"OBJECTID":26808,"FID_mangrove_utm":26716,"OBJECTID_1":26716,"Name":"18102566,9293","FolderPath":"JATIM/JATIM","SymbolID":0,"AltMode":0,"Base":0,"Clamped":-1,"Extruded":0,"Snippet":"","PopupInfo":"\u003chtml xmlns:fo=\"http://www.w3.org/1999/XSL/Format\" xmlns:msxsl=\"urn:schemas-microsoft-com:xslt\"\u003e\n\u003chead\u003e\n\u003cMETA http-equiv=\"Content-Type\" content=\"text/html\"\u003e\n\u003cmeta http-equiv=\"content-type\" content=\"text/html; charset=UTF-8\"\u003e\n\u003c/head\u003e\n\u003cbody style=\"margin:0px 0px 0px 0px;overflow:auto;background:#FFFFFF;\"\u003e\n\u003ctable style=\"font-family:Arial,Verdana,Times;font-size:12px;text-align:left;width:100%;border-collapse:collapse;padding:3px 3px 3px 3px\"\u003e\n\u003ctr style=\"text-align:center;font-weight:bold;background:#9CBCE2\"\u003e\n\u003ctd\u003e18102566,9293\u003c/td\u003e\n\u003c/tr\u003e\n\u003ctr\u003e\n\u003ctd\u003e\n\u003ctable style=\"font-family:Arial,Verdana,Times;font-size:12px;text-align:left;width:100%;border-spacing:0px; padding:3px 3px 3px 3px\"\u003e\n\u003ctr\u003e\n\u003ctd\u003eFID\u003c/td\u003e\n\u003ctd\u003e0\u003c/td\u003e\n\u003c/tr\u003e\n\u003ctr bgcolor=\"#D4E4F3\"\u003e\n\u003ctd\u003eShape_Leng\u003c/td\u003e\n\u003ctd\u003e18102566,9293\u003c/td\u003e\n\u003c/tr\u003e\n\u003c/table\u003e\n\u003c/td\u003e\n\u003c/tr\u003e\n\u003c/table\u003e\n\u003c/body\u003e\u003cscript type=\"text/javascript\"\u003e\n\t\t\t\tfunction changeImage(attElement, nameElement) {\n\t\t\t\tdocument.getElementById('imageAttachment').src = attElement;\n\t\t\t\tdocument.getElementById('imageName').innerHTML = nameElement;}\n\t\t\t\u003c/script\u003e\u003c/html\u003e\n","FID_active_grids":150,"GridID":"M01","Shape_Length":0.000445153438604726,"Shape_Area":2.463089190599897e-09}},{"type":"Feature","id":27011,"geometry":{"type":"Polygon","coordinates":[[[112.70609427900001,-7.1052733539999622],[112.70608716200002,-7.1052410489999716],[112.70608063000009,-7.1052410729999451],[112.70608069600007,-7.1052591569999777],[112.70606259300007,-7.1052592239999512],[112.70606262600006,-7.1052682659999391],[112.70605357400007,-7.1052682989999312],[112.7060537750001,-7.1053225499999257],[112.7060447230001,-7.1053225839999641],[112.70604482300007,-7.1053497089999382],[112.70605387500007,-7.1053496759999462],[112.70605394100005,-7.1053677599999787],[112.70604488900005,-7.1053677929999708],[112.70604505900008,-7.1054138189999776],[112.70609427900001,-7.1052733539999622]]]},"properties":{"OBJECTID":27011,"FID_mangrove_utm":26919,"OBJECTID_1":26919,"Name":"18102566,9293","FolderPath":"JATIM/JATIM","SymbolID":0,"AltMode":0,"Base":0,"Clamped":-1,"Extruded":0,"Snippet":"","PopupInfo":"\u003chtml xmlns:fo=\"http://www.w3.org/1999/XSL/Format\" xmlns:msxsl=\"urn:schemas-microsoft-com:xslt\"\u003e\n\u003chead\u003e\n\u003cMETA http-equiv=\"Content-Type\" content=\"text/html\"\u003e\n\u003cmeta http-equiv=\"content-type\" content=\"text/html; charset=UTF-8\"\u003e\n\u003c/head\u003e\n\u003cbody style=\"margin:0px 0px 0px 0px;overflow:auto;background:#FFFFFF;\"\u003e\n\u003ctable style=\"font-family:Arial,Verdana,Times;font-size:12px;text-align:left;width:100%;border-collapse:collapse;padding:3px 3px 3px 3px\"\u003e\n\u003ctr style=\"text-align:center;font-weight:bold;background:#9CBCE2\"\u003e\n\u003ctd\u003e18102566,9293\u003c/td\u003e\n\u003c/tr\u003e\n\u003ctr\u003e\n\u003ctd\u003e\n\u003ctable style=\"font-family:Arial,Verdana,Times;font-size:12px;text-align:left;width:100%;border-spacing:0px; padding:3px 3px 3px 3px\"\u003e\n\u003ctr\u003e\n\u003ctd\u003eFID\u003c/td\u003e\n\u003ctd\u003e0\u003c/td\u003e\n\u003c/tr\u003e\n\u003ctr bgcolor=\"#D4E4F3\"\u003e\n\u003ctd\u003eShape_Leng\u003c/td\u003e\n\u003ctd\u003e18102566,9293\u003c/td\u003e\n\u003c/tr\u003e\n\u003c/table\u003e\n\u003c/td\u003e\n\u003c/tr\u003e\n\u003c/table\u003e\n\u003c/body\u003e\u003cscript type=\"text/javascript\"\u003e\n\t\t\t\tfunction changeImage(attElement, nameElement) {\n\t\t\t\tdocument.getElementById('imageAttachment').src = attElement;\n\t\t\t\tdocument.getElementById('imageName').innerHTML = nameElement;}\n\t\t\t\u003c/script\u003e\u003c/html\u003e\n","FID_active_grids":150,"GridID":"M01","Shape_Length":0.00041537517799794012,"Shape_Area":3.5103408906337818e-09}},{"type":"Feature","id":27015,"geometry":{"type":"Polygon","coordinates":[[[112.70582711300005,-7.1052239219999365],[112.70582707600011,-7.1052140099999406],[112.70581803100004,-7.1052157679999368],[112.70581806100006,-7.1052239559999748],[112.70582711300005,-7.1052239219999365]]]},"properties":{"OBJECTID":27015,"FID_mangrove_utm":26923,"OBJECTID_1":26923,"Name":"18102566,9293","FolderPath":"JATIM/JATIM","SymbolID":0,"AltMode":0,"Base":0,"Clamped":-1,"Extruded":0,"Snippet":"","PopupInfo":"\u003chtml xmlns:fo=\"http://www.w3.org/1999/XSL/Format\" xmlns:msxsl=\"urn:schemas-microsoft-com:xslt\"\u003e\n\u003chead\u003e\n\u003cMETA http-equiv=\"Content-Type\" content=\"text/html\"\u003e\n\u003cmeta http-equiv=\"content-type\" content=\"text/html; charset=UTF-8\"\u003e\n\u003c/head\u003e\n\u003cbody style=\"margin:0px 0px 0px 0px;overflow:auto;background:#FFFFFF;\"\u003e\n\u003ctable style=\"font-family:Arial,Verdana,Times;font-size:12px;text-align:left;width:100%;border-collapse:collapse;padding:3px 3px 3px 3px\"\u003e\n\u003ctr style=\"text-align:center;font-weight:bold;background:#9CBCE2\"\u003e\n\u003ctd\u003e18102566,9293\u003c/td\u003e\n\u003c/tr\u003e\n\u003ctr\u003e\n\u003ctd\u003e\n\u003ctable style=\"font-family:Arial,Verdana,Times;font-size:12px;text-align:left;width:100%;border-spacing:0px; padding:3px 3px 3px 3px\"\u003e\n\u003ctr\u003e\n\u003ctd\u003eFID\u003c/td\u003e\n\u003ctd\u003e0\u003c/td\u003e\n\u003c/tr\u003e\n\u003ctr bgcolor=\"#D4E4F3\"\u003e\n\u003ctd\u003eShape_Leng\u003c/td\u003e\n\u003ctd\u003e18102566,9293\u003c/td\u003e\n\u003c/tr\u003e\n\u003c/table\u003e\n\u003c/td\u003e\n\u003c/tr\u003e\n\u003c/table\u003e\n\u003c/body\u003e\u003cscript type=\"text/javascript\"\u003e\n\t\t\t\tfunction changeImage(attElement, nameElement) {\n\t\t\t\tdocument.getElementById('imageAttachment').src = attElement;\n\t\t\t\tdocument.getElementById('imageName').innerHTML = nameElement;}\n\t\t\t\u003c/script\u003e\u003c/html\u003e\n","FID_active_grids":150,"GridID":"M01","Shape_Length":3.6366448056026753e-05,"Shape_Area":8.1918941438912181e-11}},{"type":"Feature","id":27019,"geometry":{"type":"Polygon","coordinates":[[[112.70578822200002,-7.1051969389999385],[112.70577264800011,-7.1051824039999474],[112.7057727020001,-7.105196995999961],[112.70578822200002,-7.1051969389999385]]]},"properties":{"OBJECTID":27019,"FID_mangrove_utm":26927,"OBJECTID_1":26927,"Name":"18102566,9293","FolderPath":"JATIM/JATIM","SymbolID":0,"AltMode":0,"Base":0,"Clamped":-1,"Extruded":0,"Snippet":"","PopupInfo":"\u003chtml xmlns:fo=\"http://www.w3.org/1999/XSL/Format\" xmlns:msxsl=\"urn:schemas-microsoft-com:xslt\"\u003e\n\u003chead\u003e\n\u003cMETA http-equiv=\"Content-Type\" content=\"text/html\"\u003e\n\u003cmeta http-equiv=\"content-type\" content=\"text/html; charset=UTF-8\"\u003e\n\u003c/head\u003e\n\u003cbody style=\"margin:0px 0px 0px 0px;overflow:auto;background:#FFFFFF;\"\u003e\n\u003ctable style=\"font-family:Arial,Verdana,Times;font-size:12px;text-align:left;width:100%;border-collapse:collapse;padding:3px 3px 3px 3px\"\u003e\n\u003ctr style=\"text-align:center;font-weight:bold;background:#9CBCE2\"\u003e\n\u003ctd\u003e18102566,9293\u003c/td\u003e\n\u003c/tr\u003e\n\u003ctr\u003e\n\u003ctd\u003e\n\u003ctable style=\"font-family:Arial,Verdana,Times;font-size:12px;text-align:left;width:100%;border-spacing:0px; padding:3px 3px 3px 3px\"\u003e\n\u003ctr\u003e\n\u003ctd\u003eFID\u003c/td\u003e\n\u003ctd\u003e0\u003c/td\u003e\n\u003c/tr\u003e\n\u003ctr bgcolor=\"#D4E4F3\"\u003e\n\u003ctd\u003eShape_Leng\u003c/td\u003e\n\u003ctd\u003e18102566,9293\u003c/td\u003e\n\u003c/tr\u003e\n\u003c/table\u003e\n\u003c/td\u003e\n\u003c/tr\u003e\n\u003c/table\u003e\n\u003c/body\u003e\u003cscript type=\"text/javascript\"\u003e\n\t\t\t\tfunction changeImage(attElement, nameElement) {\n\t\t\t\tdocument.getElementById('imageAttachment').src = attElement;\n\t\t\t\tdocument.getElementById('imageName').innerHTML = nameElement;}\n\t\t\t\u003c/script\u003e\u003c/html\u003e\n","FID_active_grids":150,"GridID":"M01","Shape_Length":5.1415154978870538e-05,"Shape_Area":1.1323545852185133e-10}},{"type":"Feature","id":27022,"geometry":{"type":"Polygon","coordinates":[[[112.7060626760001,-7.1051299099999596],[112.70600484300007,-7.1051418899999703],[112.706025952,-7.1051418119999425],[112.7060259860001,-7.1051508539999304],[112.7060169340001,-7.1051508879999687],[112.7060169670001,-7.1051599289999672],[112.70599886400009,-7.1051599959999407],[112.70599880100008,-7.1051431419999744],[112.70598071100005,-7.1051468889999683],[112.70598072700011,-7.1051510209999265],[112.70598977800012,-7.1051509879999344],[112.7059898120001,-7.1051600289999328],[112.70594742700007,-7.1051601849999315],[112.70587858500005,-7.1052039939999645],[112.70586991100004,-7.1052056809999726],[112.70591756400006,-7.1052055049999581],[112.70591753100007,-7.1051964629999702],[112.70594468600007,-7.1051963639999371],[112.70594465300007,-7.1051873219999493],[112.70595370500007,-7.1051872879999678],[112.70595373800006,-7.1051963299999557],[112.70597184200005,-7.1051962639999715],[112.70597180800007,-7.1051872219999268],[112.70599896400006,-7.1051871219999612],[112.70599893000008,-7.1051780799999733],[112.70604418900007,-7.1051779129999773],[112.70604415600008,-7.1051688709999326],[112.70607123800005,-7.1051687719999563],[112.7060626760001,-7.1051299099999596]],[[112.7059445860001,-7.1051692379999736],[112.7059536380001,-7.1051692049999815],[112.70595367100009,-7.1051782459999799],[112.70594461900009,-7.1051782799999614],[112.7059445860001,-7.1051692379999736]]]},"properties":{"OBJECTID":27022,"FID_mangrove_utm":26930,"OBJECTID_1":26930,"Name":"18102566,9293","FolderPath":"JATIM/JATIM","SymbolID":0,"AltMode":0,"Base":0,"Clamped":-1,"Extruded":0,"Snippet":"","PopupInfo":"\u003chtml xmlns:fo=\"http://www.w3.org/1999/XSL/Format\" xmlns:msxsl=\"urn:schemas-microsoft-com:xslt\"\u003e\n\u003chead\u003e\n\u003cMETA http-equiv=\"Content-Type\" content=\"text/html\"\u003e\n\u003cmeta http-equiv=\"content-type\" content=\"text/html; charset=UTF-8\"\u003e\n\u003c/head\u003e\n\u003cbody style=\"margin:0px 0px 0px 0px;overflow:auto;background:#FFFFFF;\"\u003e\n\u003ctable style=\"font-family:Arial,Verdana,Times;font-size:12px;text-align:left;width:100%;border-collapse:collapse;padding:3px 3px 3px 3px\"\u003e\n\u003ctr style=\"text-align:center;font-weight:bold;background:#9CBCE2\"\u003e\n\u003ctd\u003e18102566,9293\u003c/td\u003e\n\u003c/tr\u003e\n\u003ctr\u003e\n\u003ctd\u003e\n\u003ctable style=\"font-family:Arial,Verdana,Times;font-size:12px;text-align:left;width:100%;border-spacing:0px; padding:3px 3px 3px 3px\"\u003e\n\u003ctr\u003e\n\u003ctd\u003eFID\u003c/td\u003e\n\u003ctd\u003e0\u003c/td\u003e\n\u003c/tr\u003e\n\u003ctr bgcolor=\"#D4E4F3\"\u003e\n\u003ctd\u003eShape_Leng\u003c/td\u003e\n\u003ctd\u003e18102566,9293\u003c/td\u003e\n\u003c/tr\u003e\n\u003c/table\u003e\n\u003c/td\u003e\n\u003c/tr\u003e\n\u003c/table\u003e\n\u003c/body\u003e\u003cscript type=\"text/javascript\"\u003e\n\t\t\t\tfunction changeImage(attElement, nameElement) {\n\t\t\t\tdocument.getElementById('imageAttachment').src = attElement;\n\t\t\t\tdocument.getElementById('imageName').innerHTML = nameElement;}\n\t\t\t\u003c/script\u003e\u003c/html\u003e\n","FID_active_grids":150,"GridID":"M01","Shape_Length":0.00064747761853410288,"Shape_Area":5.2318806875897052e-09}},{"type":"Feature","id":27025,"geometry":{"type":"Polygon","coordinates":[[[112.70573340600004,-7.1050886369999375],[112.70572695100009,-7.1050637379999557],[112.70572704300002,-7.1050886599999785],[112.70573340600004,-7.1050886369999375]]]},"properties":{"OBJECTID":27025,"FID_mangrove_utm":26933,"OBJECTID_1":26933,"Name":"18102566,9293","FolderPath":"JATIM/JATIM","SymbolID":0,"AltMode":0,"Base":0,"Clamped":-1,"Extruded":0,"Snippet":"","PopupInfo":"\u003chtml xmlns:fo=\"http://www.w3.org/1999/XSL/Format\" xmlns:msxsl=\"urn:schemas-microsoft-com:xslt\"\u003e\n\u003chead\u003e\n\u003cMETA http-equiv=\"Content-Type\" content=\"text/html\"\u003e\n\u003cmeta http-equiv=\"content-type\" content=\"text/html; charset=UTF-8\"\u003e\n\u003c/head\u003e\n\u003cbody style=\"margin:0px 0px 0px 0px;overflow:auto;background:#FFFFFF;\"\u003e\n\u003ctable style=\"font-family:Arial,Verdana,Times;font-size:12px;text-align:left;width:100%;border-collapse:collapse;padding:3px 3px 3px 3px\"\u003e\n\u003ctr style=\"text-align:center;font-weight:bold;background:#9CBCE2\"\u003e\n\u003ctd\u003e18102566,9293\u003c/td\u003e\n\u003c/tr\u003e\n\u003ctr\u003e\n\u003ctd\u003e\n\u003ctable style=\"font-family:Arial,Verdana,Times;font-size:12px;text-align:left;width:100%;border-spacing:0px; padding:3px 3px 3px 3px\"\u003e\n\u003ctr\u003e\n\u003ctd\u003eFID\u003c/td\u003e\n\u003ctd\u003e0\u003c/td\u003e\n\u003c/tr\u003e\n\u003ctr bgcolor=\"#D4E4F3\"\u003e\n\u003ctd\u003eShape_Leng\u003c/td\u003e\n\u003ctd\u003e18102566,9293\u003c/td\u003e\n\u003c/tr\u003e\n\u003c/table\u003e\n\u003c/td\u003e\n\u003c/tr\u003e\n\u003c/table\u003e\n\u003c/body\u003e\u003cscript type=\"text/javascript\"\u003e\n\t\t\t\tfunction changeImage(attElement, nameElement) {\n\t\t\t\tdocument.getElementById('imageAttachment').src = attElement;\n\t\t\t\tdocument.getElementById('imageName').innerHTML = nameElement;}\n\t\t\t\u003c/script\u003e\u003c/html\u003e\n","FID_active_grids":150,"GridID":"M01","Shape_Length":5.700732688487841e-05,"Shape_Area":7.9290401214913773e-11}},{"type":"Feature","id":27028,"geometry":{"type":"Polygon","coordinates":[[[112.70572280200008,-7.1049982559999307],[112.70572229900006,-7.1049892159999786],[112.70571762500003,-7.1049892329999693],[112.70571765800003,-7.1049982749999572],[112.70572280200008,-7.1049982559999307]]]},"properties":{"OBJECTID":27028,"FID_mangrove_utm":26936,"OBJECTID_1":26936,"Name":"18102566,9293","FolderPath":"JATIM/JATIM","SymbolID":0,"AltMode":0,"Base":0,"Clamped":-1,"Extruded":0,"Snippet":"","PopupInfo":"\u003chtml xmlns:fo=\"http://www.w3.org/1999/XSL/Format\" xmlns:msxsl=\"urn:schemas-microsoft-com:xslt\"\u003e\n\u003chead\u003e\n\u003cMETA http-equiv=\"Content-Type\" content=\"text/html\"\u003e\n\u003cmeta http-equiv=\"content-type\" content=\"text/html; charset=UTF-8\"\u003e\n\u003c/head\u003e\n\u003cbody style=\"margin:0px 0px 0px 0px;overflow:auto;background:#FFFFFF;\"\u003e\n\u003ctable style=\"font-family:Arial,Verdana,Times;font-size:12px;text-align:left;width:100%;border-collapse:collapse;padding:3px 3px 3px 3px\"\u003e\n\u003ctr style=\"text-align:center;font-weight:bold;background:#9CBCE2\"\u003e\n\u003ctd\u003e18102566,9293\u003c/td\u003e\n\u003c/tr\u003e\n\u003ctr\u003e\n\u003ctd\u003e\n\u003ctable style=\"font-family:Arial,Verdana,Times;font-size:12px;text-align:left;width:100%;border-spacing:0px; padding:3px 3px 3px 3px\"\u003e\n\u003ctr\u003e\n\u003ctd\u003eFID\u003c/td\u003e\n\u003ctd\u003e0\u003c/td\u003e\n\u003c/tr\u003e\n\u003ctr bgcolor=\"#D4E4F3\"\u003e\n\u003ctd\u003eShape_Leng\u003c/td\u003e\n\u003ctd\u003e18102566,9293\u003c/td\u003e\n\u003c/tr\u003e\n\u003c/table\u003e\n\u003c/td\u003e\n\u003c/tr\u003e\n\u003c/table\u003e\n\u003c/body\u003e\u003cscript type=\"text/javascript\"\u003e\n\t\t\t\tfunction changeImage(attElement, nameElement) {\n\t\t\t\tdocument.getElementById('imageAttachment').src = attElement;\n\t\t\t\tdocument.getElementById('imageName').innerHTML = nameElement;}\n\t\t\t\u003c/script\u003e\u003c/html\u003e\n","FID_active_grids":150,"GridID":"M01","Shape_Length":2.7914109291778194e-05,"Shape_Area":4.4387093219069405e-11}},{"type":"Feature","id":27029,"geometry":{"type":"Polygon","coordinates":[[[112.70572079300007,-7.1049620949999621],[112.70571928600009,-7.1049349749999351],[112.70570837300011,-7.1049350149999668],[112.70570847300007,-7.104962139999941],[112.70572079300007,-7.1049620949999621]]]},"properties":{"OBJECTID":27029,"FID_mangrove_utm":26937,"OBJECTID_1":26937,"Name":"18102566,9293","FolderPath":"JATIM/JATIM","SymbolID":0,"AltMode":0,"Base":0,"Clamped":-1,"Extruded":0,"Snippet":"","PopupInfo":"\u003chtml xmlns:fo=\"http://www.w3.org/1999/XSL/Format\" xmlns:msxsl=\"urn:schemas-microsoft-com:xslt\"\u003e\n\u003chead\u003e\n\u003cMETA http-equiv=\"Content-Type\" content=\"text/html\"\u003e\n\u003cmeta http-equiv=\"content-type\" content=\"text/html; charset=UTF-8\"\u003e\n\u003c/head\u003e\n\u003cbody style=\"margin:0px 0px 0px 0px;overflow:auto;background:#FFFFFF;\"\u003e\n\u003ctable style=\"font-family:Arial,Verdana,Times;font-size:12px;text-align:left;width:100%;border-collapse:collapse;padding:3px 3px 3px 3px\"\u003e\n\u003ctr style=\"text-align:center;font-weight:bold;background:#9CBCE2\"\u003e\n\u003ctd\u003e18102566,9293\u003c/td\u003e\n\u003c/tr\u003e\n\u003ctr\u003e\n\u003ctd\u003e\n\u003ctable style=\"font-family:Arial,Verdana,Times;font-size:12px;text-align:left;width:100%;border-spacing:0px; padding:3px 3px 3px 3px\"\u003e\n\u003ctr\u003e\n\u003ctd\u003eFID\u003c/td\u003e\n\u003ctd\u003e0\u003c/td\u003e\n\u003c/tr\u003e\n\u003ctr bgcolor=\"#D4E4F3\"\u003e\n\u003ctd\u003eShape_Leng\u003c/td\u003e\n\u003ctd\u003e18102566,9293\u003c/td\u003e\n\u003c/tr\u003e\n\u003c/table\u003e\n\u003c/td\u003e\n\u003c/tr\u003e\n\u003c/table\u003e\n\u003c/body\u003e\u003cscript type=\"text/javascript\"\u003e\n\t\t\t\tfunction changeImage(attElement, nameElement) {\n\t\t\t\tdocument.getElementById('imageAttachment').src = attElement;\n\t\t\t\tdocument.getElementById('imageName').innerHTML = nameElement;}\n\t\t\t\u003c/script\u003e\u003c/html\u003e\n","FID_active_grids":150,"GridID":"M01","Shape_Length":7.7520177900552352e-05,"Shape_Area":3.1510266972473914e-10}},{"type":"Feature","id":27031,"geometry":{"type":"Polygon","coordinates":[[[112.70564471000012,-7.104853870999932],[112.70564467700001,-7.1048448289999442],[112.70563562500001,-7.1048448619999363],[112.70563565800001,-7.104853903999981],[112.70564471000012,-7.104853870999932]]]},"properties":{"OBJECTID":27031,"FID_mangrove_utm":26939,"OBJECTID_1":26939,"Name":"18102566,9293","FolderPath":"JATIM/JATIM","SymbolID":0,"AltMode":0,"Base":0,"Clamped":-1,"Extruded":0,"Snippet":"","PopupInfo":"\u003chtml xmlns:fo=\"http://www.w3.org/1999/XSL/Format\" xmlns:msxsl=\"urn:schemas-microsoft-com:xslt\"\u003e\n\u003chead\u003e\n\u003cMETA http-equiv=\"Content-Type\" content=\"text/html\"\u003e\n\u003cmeta http-equiv=\"content-type\" content=\"text/html; charset=UTF-8\"\u003e\n\u003c/head\u003e\n\u003cbody style=\"margin:0px 0px 0px 0px;overflow:auto;background:#FFFFFF;\"\u003e\n\u003ctable style=\"font-family:Arial,Verdana,Times;font-size:12px;text-align:left;width:100%;border-collapse:collapse;padding:3px 3px 3px 3px\"\u003e\n\u003ctr style=\"text-align:center;font-weight:bold;background:#9CBCE2\"\u003e\n\u003ctd\u003e18102566,9293\u003c/td\u003e\n\u003c/tr\u003e\n\u003ctr\u003e\n\u003ctd\u003e\n\u003ctable style=\"font-family:Arial,Verdana,Times;font-size:12px;text-align:left;width:100%;border-spacing:0px; padding:3px 3px 3px 3px\"\u003e\n\u003ctr\u003e\n\u003ctd\u003eFID\u003c/td\u003e\n\u003ctd\u003e0\u003c/td\u003e\n\u003c/tr\u003e\n\u003ctr bgcolor=\"#D4E4F3\"\u003e\n\u003ctd\u003eShape_Leng\u003c/td\u003e\n\u003ctd\u003e18102566,9293\u003c/td\u003e\n\u003c/tr\u003e\n\u003c/table\u003e\n\u003c/td\u003e\n\u003c/tr\u003e\n\u003c/table\u003e\n\u003c/body\u003e\u003cscript type=\"text/javascript\"\u003e\n\t\t\t\tfunction changeImage(attElement, nameElement) {\n\t\t\t\tdocument.getElementById('imageAttachment').src = attElement;\n\t\t\t\tdocument.getElementById('imageName').innerHTML = nameElement;}\n\t\t\t\u003c/script\u003e\u003c/html\u003e\n","FID_active_grids":150,"GridID":"M01","Shape_Length":3.6188240880392726e-05,"Shape_Area":8.184927362556805e-11}},{"type":"Feature","id":27034,"geometry":{"type":"Polygon","coordinates":[[[112.70563555800004,-7.1048267779999605],[112.70563552500005,-7.1048177369999621],[112.70561742100006,-7.1048178029999463],[112.70561745500004,-7.1048268449999341],[112.70563555800004,-7.1048267779999605]]]},"properties":{"OBJECTID":27034,"FID_mangrove_utm":26942,"OBJECTID_1":26942,"Name":"18102566,9293","FolderPath":"JATIM/JATIM","SymbolID":0,"AltMode":0,"Base":0,"Clamped":-1,"Extruded":0,"Snippet":"","PopupInfo":"\u003chtml xmlns:fo=\"http://www.w3.org/1999/XSL/Format\" xmlns:msxsl=\"urn:schemas-microsoft-com:xslt\"\u003e\n\u003chead\u003e\n\u003cMETA http-equiv=\"Content-Type\" content=\"text/html\"\u003e\n\u003cmeta http-equiv=\"content-type\" content=\"text/html; charset=UTF-8\"\u003e\n\u003c/head\u003e\n\u003cbody style=\"margin:0px 0px 0px 0px;overflow:auto;background:#FFFFFF;\"\u003e\n\u003ctable style=\"font-family:Arial,Verdana,Times;font-size:12px;text-align:left;width:100%;border-collapse:collapse;padding:3px 3px 3px 3px\"\u003e\n\u003ctr style=\"text-align:center;font-weight:bold;background:#9CBCE2\"\u003e\n\u003ctd\u003e18102566,9293\u003c/td\u003e\n\u003c/tr\u003e\n\u003ctr\u003e\n\u003ctd\u003e\n\u003ctable style=\"font-family:Arial,Verdana,Times;font-size:12px;text-align:left;width:100%;border-spacing:0px; padding:3px 3px 3px 3px\"\u003e\n\u003ctr\u003e\n\u003ctd\u003eFID\u003c/td\u003e\n\u003ctd\u003e0\u003c/td\u003e\n\u003c/tr\u003e\n\u003ctr bgcolor=\"#D4E4F3\"\u003e\n\u003ctd\u003eShape_Leng\u003c/td\u003e\n\u003ctd\u003e18102566,9293\u003c/td\u003e\n\u003c/tr\u003e\n\u003c/table\u003e\n\u003c/td\u003e\n\u003c/tr\u003e\n\u003c/table\u003e\n\u003c/body\u003e\u003cscript type=\"text/javascript\"\u003e\n\t\t\t\tfunction changeImage(attElement, nameElement) {\n\t\t\t\tdocument.getElementById('imageAttachment').src = attElement;\n\t\t\t\tdocument.getElementById('imageName').innerHTML = nameElement;}\n\t\t\t\u003c/script\u003e\u003c/html\u003e\n","FID_active_grids":150,"GridID":"M01","Shape_Length":5.4290368417952779e-05,"Shape_Area":1.6368502284600984e-10}},{"type":"Feature","id":27036,"geometry":{"type":"Polygon","coordinates":[[[112.70571655800006,-7.1046998919999282],[112.70568940200008,-7.1046999919999507],[112.70568930200011,-7.1046728669999766],[112.7056802510001,-7.1046728999999686],[112.70568051700002,-7.1047452349999389],[112.70565336200002,-7.1047453349999614],[112.70565332900003,-7.1047362929999736],[112.70563522500004,-7.1047363599999471],[112.70563525800003,-7.1047454009999456],[112.70564431000003,-7.1047453679999535],[112.70564434300002,-7.1047544099999413],[112.70565339500001,-7.1047543769999493],[112.70565342900011,-7.1047634189999371],[112.70564437700011,-7.1047634519999292],[112.7056444430001,-7.1047815359999618],[112.70563539200009,-7.1047815689999538],[112.70563542500008,-7.1047906109999417],[112.70564447700008,-7.1047905779999496],[112.70564454300006,-7.1048086609999359],[112.70567169900005,-7.1048085609999703],[112.70567173200004,-7.1048176029999581],[112.70568983600003,-7.104817536999974],[112.70568986900003,-7.1048265789999618],[112.70568081700003,-7.1048266119999539],[112.70568085100001,-7.1048356539999418],[112.70566274700002,-7.1048357199999259],[112.70566298000006,-7.1048990139999546],[112.70567203200005,-7.1048989799999731],[112.70567213200002,-7.1049261059999367],[112.70568118400001,-7.1049260729999446],[112.7056812510001,-7.1049441569999772],[112.7056903030001,-7.1049441229999388],[112.70569020200003,-7.1049169979999647],[112.70568115100002,-7.1049170309999568],[112.70568111700004,-7.1049079889999689],[112.70570827300003,-7.1049078889999464],[112.70570830600002,-7.1049169309999343],[112.70571735800002,-7.1049168979999422],[112.70571732500002,-7.1049078559999543],[112.70571777900011,-7.1049078539999755],[112.7057129750001,-7.1048213769999506],[112.70572214900005,-7.1047179559999449],[112.70571662400005,-7.1047179759999608],[112.70571655800006,-7.1046998919999282]],[[112.70568943600006,-7.1047090339999386],[112.70570753900006,-7.104708966999965],[112.70570757300004,-7.1047180089999529],[112.70568946900005,-7.1047180759999264],[112.70568943600006,-7.1047090339999386]],[[112.70567153200011,-7.1047633519999636],[112.7056896360001,-7.1047632849999331],[112.70568966900009,-7.1047723269999778],[112.7056715650001,-7.1047723939999514],[112.70567153200011,-7.1047633519999636]],[[112.70569010200006,-7.1048898719999443],[112.70568105100006,-7.1048899049999363],[112.70568101700007,-7.1048808629999485],[112.70569006900007,-7.1048808299999564],[112.70569010200006,-7.1048898719999443],[112.70569915400006,-7.1048898389999522],[112.70569918800004,-7.1048988799999506],[112.70569013600004,-7.1048989139999321],[112.70569010200006,-7.1048898719999443]]]},"properties":{"OBJECTID":27036,"FID_mangrove_utm":26944,"OBJECTID_1":26944,"Name":"18102566,9293","FolderPath":"JATIM/JATIM","SymbolID":0,"AltMode":0,"Base":0,"Clamped":-1,"Extruded":0,"Snippet":"","PopupInfo":"\u003chtml xmlns:fo=\"http://www.w3.org/1999/XSL/Format\" xmlns:msxsl=\"urn:schemas-microsoft-com:xslt\"\u003e\n\u003chead\u003e\n\u003cMETA http-equiv=\"Content-Type\" content=\"text/html\"\u003e\n\u003cmeta http-equiv=\"content-type\" content=\"text/html; charset=UTF-8\"\u003e\n\u003c/head\u003e\n\u003cbody style=\"margin:0px 0px 0px 0px;overflow:auto;background:#FFFFFF;\"\u003e\n\u003ctable style=\"font-family:Arial,Verdana,Times;font-size:12px;text-align:left;width:100%;border-collapse:collapse;padding:3px 3px 3px 3px\"\u003e\n\u003ctr style=\"text-align:center;font-weight:bold;background:#9CBCE2\"\u003e\n\u003ctd\u003e18102566,9293\u003c/td\u003e\n\u003c/tr\u003e\n\u003ctr\u003e\n\u003ctd\u003e\n\u003ctable style=\"font-family:Arial,Verdana,Times;font-size:12px;text-align:left;width:100%;border-spacing:0px; padding:3px 3px 3px 3px\"\u003e\n\u003ctr\u003e\n\u003ctd\u003eFID\u003c/td\u003e\n\u003ctd\u003e0\u003c/td\u003e\n\u003c/tr\u003e\n\u003ctr bgcolor=\"#D4E4F3\"\u003e\n\u003ctd\u003eShape_Leng\u003c/td\u003e\n\u003ctd\u003e18102566,9293\u003c/td\u003e\n\u003c/tr\u003e\n\u003c/table\u003e\n\u003c/td\u003e\n\u003c/tr\u003e\n\u003c/table\u003e\n\u003c/body\u003e\u003cscript type=\"text/javascript\"\u003e\n\t\t\t\tfunction changeImage(attElement, nameElement) {\n\t\t\t\tdocument.getElementById('imageAttachment').src = attElement;\n\t\t\t\tdocument.getElementById('imageName').innerHTML = nameElement;}\n\t\t\t\u003c/script\u003e\u003c/html\u003e\n","FID_active_grids":150,"GridID":"M01","Shape_Length":0.0010377361694574039,"Shape_Area":1.1381059746953098e-08}},{"type":"Feature","id":27041,"geometry":{"type":"Polygon","coordinates":[[[112.70571655800006,-7.1046998919999282],[112.70572375400002,-7.1046998659999758],[112.70572553500006,-7.1046797839999272],[112.70572540900002,-7.1046456079999416],[112.70571635800002,-7.1046456409999337],[112.70571632400004,-7.1046365989999458],[112.70572537600003,-7.1046365659999537],[112.70572530900006,-7.104618481999978],[112.70573097500005,-7.1046184609999727],[112.70573391400001,-7.104585333999978],[112.70573198500006,-7.1045732469999621],[112.70572514300011,-7.1045732729999713],[112.7057251760001,-7.1045823139999698],[112.70571612400011,-7.1045823479999513],[112.70571629100004,-7.104627556999958],[112.70570723900005,-7.10462758999995],[112.70570747300007,-7.1046908839999787],[112.70571652400008,-7.1046908499999404],[112.70571655800006,-7.1046998919999282]]]},"properties":{"OBJECTID":27041,"FID_mangrove_utm":26949,"OBJECTID_1":26949,"Name":"18102566,9293","FolderPath":"JATIM/JATIM","SymbolID":0,"AltMode":0,"Base":0,"Clamped":-1,"Extruded":0,"Snippet":"","PopupInfo":"\u003chtml xmlns:fo=\"http://www.w3.org/1999/XSL/Format\" xmlns:msxsl=\"urn:schemas-microsoft-com:xslt\"\u003e\n\u003chead\u003e\n\u003cMETA http-equiv=\"Content-Type\" content=\"text/html\"\u003e\n\u003cmeta http-equiv=\"content-type\" content=\"text/html; charset=UTF-8\"\u003e\n\u003c/head\u003e\n\u003cbody style=\"margin:0px 0px 0px 0px;overflow:auto;background:#FFFFFF;\"\u003e\n\u003ctable style=\"font-family:Arial,Verdana,Times;font-size:12px;text-align:left;width:100%;border-collapse:collapse;padding:3px 3px 3px 3px\"\u003e\n\u003ctr style=\"text-align:center;font-weight:bold;background:#9CBCE2\"\u003e\n\u003ctd\u003e18102566,9293\u003c/td\u003e\n\u003c/tr\u003e\n\u003ctr\u003e\n\u003ctd\u003e\n\u003ctable style=\"font-family:Arial,Verdana,Times;font-size:12px;text-align:left;width:100%;border-spacing:0px; padding:3px 3px 3px 3px\"\u003e\n\u003ctr\u003e\n\u003ctd\u003eFID\u003c/td\u003e\n\u003ctd\u003e0\u003c/td\u003e\n\u003c/tr\u003e\n\u003ctr bgcolor=\"#D4E4F3\"\u003e\n\u003ctd\u003eShape_Leng\u003c/td\u003e\n\u003ctd\u003e18102566,9293\u003c/td\u003e\n\u003c/tr\u003e\n\u003c/table\u003e\n\u003c/td\u003e\n\u003c/tr\u003e\n\u003c/table\u003e\n\u003c/body\u003e\u003cscript type=\"text/javascript\"\u003e\n\t\t\t\tfunction changeImage(attElement, nameElement) {\n\t\t\t\tdocument.getElementById('imageAttachment').src = attElement;\n\t\t\t\tdocument.getElementById('imageName').innerHTML = nameElement;}\n\t\t\t\u003c/script\u003e\u003c/html\u003e\n","FID_active_grids":150,"GridID":"M01","Shape_Length":0.00031850962621789522,"Shape_Area":1.8688831462995492e-09}},{"type":"Feature","id":27042,"geometry":{"type":"Polygon","coordinates":[[[112.70573054200008,-7.1045642109999676],[112.70572765800011,-7.104546136999943],[112.70572504300003,-7.1045461469999509],[112.70572510900001,-7.1045642309999266],[112.70573054200008,-7.1045642109999676]]]},"properties":{"OBJECTID":27042,"FID_mangrove_utm":26950,"OBJECTID_1":26950,"Name":"18102566,9293","FolderPath":"JATIM/JATIM","SymbolID":0,"AltMode":0,"Base":0,"Clamped":-1,"Extruded":0,"Snippet":"","PopupInfo":"\u003chtml xmlns:fo=\"http://www.w3.org/1999/XSL/Format\" xmlns:msxsl=\"urn:schemas-microsoft-com:xslt\"\u003e\n\u003chead\u003e\n\u003cMETA http-equiv=\"Content-Type\" content=\"text/html\"\u003e\n\u003cmeta http-equiv=\"content-type\" content=\"text/html; charset=UTF-8\"\u003e\n\u003c/head\u003e\n\u003cbody style=\"margin:0px 0px 0px 0px;overflow:auto;background:#FFFFFF;\"\u003e\n\u003ctable style=\"font-family:Arial,Verdana,Times;font-size:12px;text-align:left;width:100%;border-collapse:collapse;padding:3px 3px 3px 3px\"\u003e\n\u003ctr style=\"text-align:center;font-weight:bold;background:#9CBCE2\"\u003e\n\u003ctd\u003e18102566,9293\u003c/td\u003e\n\u003c/tr\u003e\n\u003ctr\u003e\n\u003ctd\u003e\n\u003ctable style=\"font-family:Arial,Verdana,Times;font-size:12px;text-align:left;width:100%;border-spacing:0px; padding:3px 3px 3px 3px\"\u003e\n\u003ctr\u003e\n\u003ctd\u003eFID\u003c/td\u003e\n\u003ctd\u003e0\u003c/td\u003e\n\u003c/tr\u003e\n\u003ctr bgcolor=\"#D4E4F3\"\u003e\n\u003ctd\u003eShape_Leng\u003c/td\u003e\n\u003ctd\u003e18102566,9293\u003c/td\u003e\n\u003c/tr\u003e\n\u003c/table\u003e\n\u003c/td\u003e\n\u003c/tr\u003e\n\u003c/table\u003e\n\u003c/body\u003e\u003cscript type=\"text/javascript\"\u003e\n\t\t\t\tfunction changeImage(attElement, nameElement) {\n\t\t\t\tdocument.getElementById('imageAttachment').src = attElement;\n\t\t\t\tdocument.getElementById('imageName').innerHTML = nameElement;}\n\t\t\t\u003c/script\u003e\u003c/html\u003e\n","FID_active_grids":150,"GridID":"M01","Shape_Length":4.4434824742792982e-05,"Shape_Area":7.2772022370790626e-11}},{"type":"Feature","id":27045,"geometry":{"type":"Polygon","coordinates":[[[112.70568876900006,-7.1045281959999329],[112.70567971700007,-7.1045282299999712],[112.70567975000006,-7.1045372709999697],[112.70568880200005,-7.1045372379999776],[112.70568876900006,-7.1045281959999329]]]},"properties":{"OBJECTID":27045,"FID_mangrove_utm":26953,"OBJECTID_1":26953,"Name":"18102566,9293","FolderPath":"JATIM/JATIM","SymbolID":0,"AltMode":0,"Base":0,"Clamped":-1,"Extruded":0,"Snippet":"","PopupInfo":"\u003chtml xmlns:fo=\"http://www.w3.org/1999/XSL/Format\" xmlns:msxsl=\"urn:schemas-microsoft-com:xslt\"\u003e\n\u003chead\u003e\n\u003cMETA http-equiv=\"Content-Type\" content=\"text/html\"\u003e\n\u003cmeta http-equiv=\"content-type\" content=\"text/html; charset=UTF-8\"\u003e\n\u003c/head\u003e\n\u003cbody style=\"margin:0px 0px 0px 0px;overflow:auto;background:#FFFFFF;\"\u003e\n\u003ctable style=\"font-family:Arial,Verdana,Times;font-size:12px;text-align:left;width:100%;border-collapse:collapse;padding:3px 3px 3px 3px\"\u003e\n\u003ctr style=\"text-align:center;font-weight:bold;background:#9CBCE2\"\u003e\n\u003ctd\u003e18102566,9293\u003c/td\u003e\n\u003c/tr\u003e\n\u003ctr\u003e\n\u003ctd\u003e\n\u003ctable style=\"font-family:Arial,Verdana,Times;font-size:12px;text-align:left;width:100%;border-spacing:0px; padding:3px 3px 3px 3px\"\u003e\n\u003ctr\u003e\n\u003ctd\u003eFID\u003c/td\u003e\n\u003ctd\u003e0\u003c/td\u003e\n\u003c/tr\u003e\n\u003ctr bgcolor=\"#D4E4F3\"\u003e\n\u003ctd\u003eShape_Leng\u003c/td\u003e\n\u003ctd\u003e18102566,9293\u003c/td\u003e\n\u003c/tr\u003e\n\u003c/table\u003e\n\u003c/td\u003e\n\u003c/tr\u003e\n\u003c/table\u003e\n\u003c/body\u003e\u003cscript type=\"text/javascript\"\u003e\n\t\t\t\tfunction changeImage(attElement, nameElement) {\n\t\t\t\tdocument.getElementById('imageAttachment').src = attElement;\n\t\t\t\tdocument.getElementById('imageName').innerHTML = nameElement;}\n\t\t\t\u003c/script\u003e\u003c/html\u003e\n","FID_active_grids":150,"GridID":"M01","Shape_Length":3.6187244484307579e-05,"Shape_Area":8.1844763657401923e-11}},{"type":"Feature","id":27046,"geometry":{"type":"Polygon","coordinates":[[[112.70571756100003,-7.1044828799999777],[112.70566144700001,-7.1044830869999487],[112.70566148000012,-7.1044921289999365],[112.70567958400011,-7.104492061999963],[112.7056796170001,-7.1045011039999508],[112.70569772100009,-7.1045010369999773],[112.70569775400008,-7.1045100789999651],[112.70571585800008,-7.104510012999981],[112.70571582400009,-7.1045009709999363],[112.7057204460001,-7.1045009539999455],[112.70571756100003,-7.1044828799999777]]]},"properties":{"OBJECTID":27046,"FID_mangrove_utm":26954,"OBJECTID_1":26954,"Name":"18102566,9293","FolderPath":"JATIM/JATIM","SymbolID":0,"AltMode":0,"Base":0,"Clamped":-1,"Extruded":0,"Snippet":"","PopupInfo":"\u003chtml xmlns:fo=\"http://www.w3.org/1999/XSL/Format\" xmlns:msxsl=\"urn:schemas-microsoft-com:xslt\"\u003e\n\u003chead\u003e\n\u003cMETA http-equiv=\"Content-Type\" content=\"text/html\"\u003e\n\u003cmeta http-equiv=\"content-type\" content=\"text/html; charset=UTF-8\"\u003e\n\u003c/head\u003e\n\u003cbody style=\"margin:0px 0px 0px 0px;overflow:auto;background:#FFFFFF;\"\u003e\n\u003ctable style=\"font-family:Arial,Verdana,Times;font-size:12px;text-align:left;width:100%;border-collapse:collapse;padding:3px 3px 3px 3px\"\u003e\n\u003ctr style=\"text-align:center;font-weight:bold;background:#9CBCE2\"\u003e\n\u003ctd\u003e18102566,9293\u003c/td\u003e\n\u003c/tr\u003e\n\u003ctr\u003e\n\u003ctd\u003e\n\u003ctable style=\"font-family:Arial,Verdana,Times;font-size:12px;text-align:left;width:100%;border-spacing:0px; padding:3px 3px 3px 3px\"\u003e\n\u003ctr\u003e\n\u003ctd\u003eFID\u003c/td\u003e\n\u003ctd\u003e0\u003c/td\u003e\n\u003c/tr\u003e\n\u003ctr bgcolor=\"#D4E4F3\"\u003e\n\u003ctd\u003eShape_Leng\u003c/td\u003e\n\u003ctd\u003e18102566,9293\u003c/td\u003e\n\u003c/tr\u003e\n\u003c/table\u003e\n\u003c/td\u003e\n\u003c/tr\u003e\n\u003c/table\u003e\n\u003c/body\u003e\u003cscript type=\"text/javascript\"\u003e\n\t\t\t\tfunction changeImage(attElement, nameElement) {\n\t\t\t\tdocument.getElementById('imageAttachment').src = attElement;\n\t\t\t\tdocument.getElementById('imageName').innerHTML = nameElement;}\n\t\t\t\u003c/script\u003e\u003c/html\u003e\n","FID_active_grids":150,"GridID":"M01","Shape_Length":0.00016951983171378221,"Shape_Area":1.0402570474765875e-09}},{"type":"Feature","id":27047,"geometry":{"type":"Polygon","coordinates":[[[112.70560687000011,-7.1044109509999771],[112.70560683600002,-7.1044019099999787],[112.70559778400002,-7.1044019429999707],[112.70559781800011,-7.1044109849999586],[112.70560687000011,-7.1044109509999771]]]},"properties":{"OBJECTID":27047,"FID_mangrove_utm":26955,"OBJECTID_1":26955,"Name":"18102566,9293","FolderPath":"JATIM/JATIM","SymbolID":0,"AltMode":0,"Base":0,"Clamped":-1,"Extruded":0,"Snippet":"","PopupInfo":"\u003chtml xmlns:fo=\"http://www.w3.org/1999/XSL/Format\" xmlns:msxsl=\"urn:schemas-microsoft-com:xslt\"\u003e\n\u003chead\u003e\n\u003cMETA http-equiv=\"Content-Type\" content=\"text/html\"\u003e\n\u003cmeta http-equiv=\"content-type\" content=\"text/html; charset=UTF-8\"\u003e\n\u003c/head\u003e\n\u003cbody style=\"margin:0px 0px 0px 0px;overflow:auto;background:#FFFFFF;\"\u003e\n\u003ctable style=\"font-family:Arial,Verdana,Times;font-size:12px;text-align:left;width:100%;border-collapse:collapse;padding:3px 3px 3px 3px\"\u003e\n\u003ctr style=\"text-align:center;font-weight:bold;background:#9CBCE2\"\u003e\n\u003ctd\u003e18102566,9293\u003c/td\u003e\n\u003c/tr\u003e\n\u003ctr\u003e\n\u003ctd\u003e\n\u003ctable style=\"font-family:Arial,Verdana,Times;font-size:12px;text-align:left;width:100%;border-spacing:0px; padding:3px 3px 3px 3px\"\u003e\n\u003ctr\u003e\n\u003ctd\u003eFID\u003c/td\u003e\n\u003ctd\u003e0\u003c/td\u003e\n\u003c/tr\u003e\n\u003ctr bgcolor=\"#D4E4F3\"\u003e\n\u003ctd\u003eShape_Leng\u003c/td\u003e\n\u003ctd\u003e18102566,9293\u003c/td\u003e\n\u003c/tr\u003e\n\u003c/table\u003e\n\u003c/td\u003e\n\u003c/tr\u003e\n\u003c/table\u003e\n\u003c/body\u003e\u003cscript type=\"text/javascript\"\u003e\n\t\t\t\tfunction changeImage(attElement, nameElement) {\n\t\t\t\tdocument.getElementById('imageAttachment').src = attElement;\n\t\t\t\tdocument.getElementById('imageName').innerHTML = nameElement;}\n\t\t\t\u003c/script\u003e\u003c/html\u003e\n","FID_active_grids":150,"GridID":"M01","Shape_Length":3.6187251838248752e-05,"Shape_Area":8.1844796902631712e-11}},{"type":"Feature","id":27048,"geometry":{"type":"Polygon","coordinates":[[[112.70563402500011,-7.104410851999944],[112.70562497300011,-7.1044108849999361],[112.70562494000001,-7.1044018429999483],[112.70561588800001,-7.1044018759999403],[112.70561598800009,-7.1044290019999607],[112.70563409200008,-7.1044289349999303],[112.70563415800007,-7.1044470189999629],[112.70565226200006,-7.1044469519999325],[112.70565222800008,-7.104437910999934],[112.70564317700007,-7.1044379439999261],[112.7056431100001,-7.1044198599999504],[112.7056340580001,-7.1044198929999425],[112.70563402500011,-7.104410851999944]]]},"properties":{"OBJECTID":27048,"FID_mangrove_utm":26956,"OBJECTID_1":26956,"Name":"18102566,9293","FolderPath":"JATIM/JATIM","SymbolID":0,"AltMode":0,"Base":0,"Clamped":-1,"Extruded":0,"Snippet":"","PopupInfo":"\u003chtml xmlns:fo=\"http://www.w3.org/1999/XSL/Format\" xmlns:msxsl=\"urn:schemas-microsoft-com:xslt\"\u003e\n\u003chead\u003e\n\u003cMETA http-equiv=\"Content-Type\" content=\"text/html\"\u003e\n\u003cmeta http-equiv=\"content-type\" content=\"text/html; charset=UTF-8\"\u003e\n\u003c/head\u003e\n\u003cbody style=\"margin:0px 0px 0px 0px;overflow:auto;background:#FFFFFF;\"\u003e\n\u003ctable style=\"font-family:Arial,Verdana,Times;font-size:12px;text-align:left;width:100%;border-collapse:collapse;padding:3px 3px 3px 3px\"\u003e\n\u003ctr style=\"text-align:center;font-weight:bold;background:#9CBCE2\"\u003e\n\u003ctd\u003e18102566,9293\u003c/td\u003e\n\u003c/tr\u003e\n\u003ctr\u003e\n\u003ctd\u003e\n\u003ctable style=\"font-family:Arial,Verdana,Times;font-size:12px;text-align:left;width:100%;border-spacing:0px; padding:3px 3px 3px 3px\"\u003e\n\u003ctr\u003e\n\u003ctd\u003eFID\u003c/td\u003e\n\u003ctd\u003e0\u003c/td\u003e\n\u003c/tr\u003e\n\u003ctr bgcolor=\"#D4E4F3\"\u003e\n\u003ctd\u003eShape_Leng\u003c/td\u003e\n\u003ctd\u003e18102566,9293\u003c/td\u003e\n\u003c/tr\u003e\n\u003c/table\u003e\n\u003c/td\u003e\n\u003c/tr\u003e\n\u003c/table\u003e\n\u003c/body\u003e\u003cscript type=\"text/javascript\"\u003e\n\t\t\t\tfunction changeImage(attElement, nameElement) {\n\t\t\t\tdocument.getElementById('imageAttachment').src = attElement;\n\t\t\t\tdocument.getElementById('imageName').innerHTML = nameElement;}\n\t\t\t\u003c/script\u003e\u003c/html\u003e\n","FID_active_grids":150,"GridID":"M01","Shape_Length":0.00016283410181362385,"Shape_Area":7.3660745310978491e-10}},{"type":"Feature","id":27054,"geometry":{"type":"Polygon","coordinates":[[[112.70565226200006,-7.1044469519999325],[112.70565229500005,-7.1044559939999772],[112.70566134700005,-7.1044559609999283],[112.70566138000004,-7.104465002999973],[112.70567043200003,-7.1044649699999809],[112.70567039900004,-7.1044559279999362],[112.70567945000005,-7.1044558939999547],[112.70567948400003,-7.1044649359999426],[112.70569758700003,-7.1044648699999584],[112.70569762100001,-7.1044739119999463],[112.70570667200002,-7.1044738779999648],[112.70570660600004,-7.1044557949999785],[112.70568850200004,-7.1044558609999626],[112.70568846900005,-7.1044468189999748],[112.70570657200005,-7.1044467529999338],[112.70570653900006,-7.1044377109999459],[112.70571034900001,-7.1044376969999803],[112.70570890700003,-7.1044286599999396],[112.70570650600007,-7.1044286689999581],[112.70570647200009,-7.1044196269999702],[112.70570746500005,-7.1044196229999557],[112.70569304100002,-7.1043292559999713],[112.70568803500009,-7.1043292749999409],[112.70568813500006,-7.1043563999999719],[112.70569718700006,-7.1043563669999799],[112.70569725400003,-7.1043744509999556],[112.70568820200003,-7.1043744839999476],[112.70568823600001,-7.1043835259999355],[112.70569728700002,-7.1043834929999434],[112.70569732100012,-7.1043925349999313],[112.70563395800002,-7.1043927679999683],[112.70563402500011,-7.104410851999944],[112.70565212800011,-7.1044107849999705],[112.70565216200009,-7.1044198269999583],[112.70566121400009,-7.1044197939999663],[112.70566124700008,-7.1044288349999647],[112.70565219500008,-7.1044288689999462],[112.70565222800008,-7.104437910999934],[112.70567938400006,-7.1044378109999684],[112.70567941700006,-7.1044468529999563],[112.70565226200006,-7.1044469519999325]],[[112.7056792840001,-7.104410684999948],[112.70567931700009,-7.1044197269999358],[112.70567026500009,-7.1044197599999279],[112.7056702320001,-7.1044107179999401],[112.70566118000011,-7.1044107519999784],[112.70566114700011,-7.1044017099999337],[112.70567019900011,-7.1044016759999522],[112.7056702320001,-7.1044107179999401],[112.7056792840001,-7.104410684999948],[112.70567925000012,-7.1044016429999601],[112.70568830200011,-7.1044016099999681],[112.70568833600009,-7.1044106519999559],[112.7056973870001,-7.1044106179999744],[112.70569742100008,-7.1044196599999623],[112.70568836900009,-7.1044196939999438],[112.70568833600009,-7.1044106519999559],[112.7056792840001,-7.104410684999948]]]},"properties":{"OBJECTID":27054,"FID_mangrove_utm":26962,"OBJECTID_1":26962,"Name":"18102566,9293","FolderPath":"JATIM/JATIM","SymbolID":0,"AltMode":0,"Base":0,"Clamped":-1,"Extruded":0,"Snippet":"","PopupInfo":"\u003chtml xmlns:fo=\"http://www.w3.org/1999/XSL/Format\" xmlns:msxsl=\"urn:schemas-microsoft-com:xslt\"\u003e\n\u003chead\u003e\n\u003cMETA http-equiv=\"Content-Type\" content=\"text/html\"\u003e\n\u003cmeta http-equiv=\"content-type\" content=\"text/html; charset=UTF-8\"\u003e\n\u003c/head\u003e\n\u003cbody style=\"margin:0px 0px 0px 0px;overflow:auto;background:#FFFFFF;\"\u003e\n\u003ctable style=\"font-family:Arial,Verdana,Times;font-size:12px;text-align:left;width:100%;border-collapse:collapse;padding:3px 3px 3px 3px\"\u003e\n\u003ctr style=\"text-align:center;font-weight:bold;background:#9CBCE2\"\u003e\n\u003ctd\u003e18102566,9293\u003c/td\u003e\n\u003c/tr\u003e\n\u003ctr\u003e\n\u003ctd\u003e\n\u003ctable style=\"font-family:Arial,Verdana,Times;font-size:12px;text-align:left;width:100%;border-spacing:0px; padding:3px 3px 3px 3px\"\u003e\n\u003ctr\u003e\n\u003ctd\u003eFID\u003c/td\u003e\n\u003ctd\u003e0\u003c/td\u003e\n\u003c/tr\u003e\n\u003ctr bgcolor=\"#D4E4F3\"\u003e\n\u003ctd\u003eShape_Leng\u003c/td\u003e\n\u003ctd\u003e18102566,9293\u003c/td\u003e\n\u003c/tr\u003e\n\u003c/table\u003e\n\u003c/td\u003e\n\u003c/tr\u003e\n\u003c/table\u003e\n\u003c/body\u003e\u003cscript type=\"text/javascript\"\u003e\n\t\t\t\tfunction changeImage(attElement, nameElement) {\n\t\t\t\tdocument.getElementById('imageAttachment').src = attElement;\n\t\t\t\tdocument.getElementById('imageName').innerHTML = nameElement;}\n\t\t\t\u003c/script\u003e\u003c/html\u003e\n","FID_active_grids":150,"GridID":"M01","Shape_Length":0.00073714255719967094,"Shape_Area":3.7368013219948915e-09}},{"type":"Feature","id":27055,"geometry":{"type":"Polygon","coordinates":[[[112.70565186200008,-7.1043384499999434],[112.70565176200012,-7.1043113239999798],[112.70564271000001,-7.1043113569999718],[112.70564281000009,-7.1043384829999354],[112.70565186200008,-7.1043384499999434]]]},"properties":{"OBJECTID":27055,"FID_mangrove_utm":26963,"OBJECTID_1":26963,"Name":"18102566,9293","FolderPath":"JATIM/JATIM","SymbolID":0,"AltMode":0,"Base":0,"Clamped":-1,"Extruded":0,"Snippet":"","PopupInfo":"\u003chtml xmlns:fo=\"http://www.w3.org/1999/XSL/Format\" xmlns:msxsl=\"urn:schemas-microsoft-com:xslt\"\u003e\n\u003chead\u003e\n\u003cMETA http-equiv=\"Content-Type\" content=\"text/html\"\u003e\n\u003cmeta http-equiv=\"content-type\" content=\"text/html; charset=UTF-8\"\u003e\n\u003c/head\u003e\n\u003cbody style=\"margin:0px 0px 0px 0px;overflow:auto;background:#FFFFFF;\"\u003e\n\u003ctable style=\"font-family:Arial,Verdana,Times;font-size:12px;text-align:left;width:100%;border-collapse:collapse;padding:3px 3px 3px 3px\"\u003e\n\u003ctr style=\"text-align:center;font-weight:bold;background:#9CBCE2\"\u003e\n\u003ctd\u003e18102566,9293\u003c/td\u003e\n\u003c/tr\u003e\n\u003ctr\u003e\n\u003ctd\u003e\n\u003ctable style=\"font-family:Arial,Verdana,Times;font-size:12px;text-align:left;width:100%;border-spacing:0px; padding:3px 3px 3px 3px\"\u003e\n\u003ctr\u003e\n\u003ctd\u003eFID\u003c/td\u003e\n\u003ctd\u003e0\u003c/td\u003e\n\u003c/tr\u003e\n\u003ctr bgcolor=\"#D4E4F3\"\u003e\n\u003ctd\u003eShape_Leng\u003c/td\u003e\n\u003ctd\u003e18102566,9293\u003c/td\u003e\n\u003c/tr\u003e\n\u003c/table\u003e\n\u003c/td\u003e\n\u003c/tr\u003e\n\u003c/table\u003e\n\u003c/body\u003e\u003cscript type=\"text/javascript\"\u003e\n\t\t\t\tfunction changeImage(attElement, nameElement) {\n\t\t\t\tdocument.getElementById('imageAttachment').src = attElement;\n\t\t\t\tdocument.getElementById('imageName').innerHTML = nameElement;}\n\t\t\t\u003c/script\u003e\u003c/html\u003e\n","FID_active_grids":150,"GridID":"M01","Shape_Length":7.2356488985778392e-05,"Shape_Area":2.4554785309796188e-10}},{"type":"Feature","id":27059,"geometry":{"type":"Polygon","coordinates":[[[112.70568681100008,-7.1042840689999593],[112.7056858840001,-7.1042659889999413],[112.70567875000006,-7.1042660149999506],[112.70567881700003,-7.1042840989999263],[112.70568681100008,-7.1042840689999593]]]},"properties":{"OBJECTID":27059,"FID_mangrove_utm":26967,"OBJECTID_1":26967,"Name":"18102566,9293","FolderPath":"JATIM/JATIM","SymbolID":0,"AltMode":0,"Base":0,"Clamped":-1,"Extruded":0,"Snippet":"","PopupInfo":"\u003chtml xmlns:fo=\"http://www.w3.org/1999/XSL/Format\" xmlns:msxsl=\"urn:schemas-microsoft-com:xslt\"\u003e\n\u003chead\u003e\n\u003cMETA http-equiv=\"Content-Type\" content=\"text/html\"\u003e\n\u003cmeta http-equiv=\"content-type\" content=\"text/html; charset=UTF-8\"\u003e\n\u003c/head\u003e\n\u003cbody style=\"margin:0px 0px 0px 0px;overflow:auto;background:#FFFFFF;\"\u003e\n\u003ctable style=\"font-family:Arial,Verdana,Times;font-size:12px;text-align:left;width:100%;border-collapse:collapse;padding:3px 3px 3px 3px\"\u003e\n\u003ctr style=\"text-align:center;font-weight:bold;background:#9CBCE2\"\u003e\n\u003ctd\u003e18102566,9293\u003c/td\u003e\n\u003c/tr\u003e\n\u003ctr\u003e\n\u003ctd\u003e\n\u003ctable style=\"font-family:Arial,Verdana,Times;font-size:12px;text-align:left;width:100%;border-spacing:0px; padding:3px 3px 3px 3px\"\u003e\n\u003ctr\u003e\n\u003ctd\u003eFID\u003c/td\u003e\n\u003ctd\u003e0\u003c/td\u003e\n\u003c/tr\u003e\n\u003ctr bgcolor=\"#D4E4F3\"\u003e\n\u003ctd\u003eShape_Leng\u003c/td\u003e\n\u003ctd\u003e18102566,9293\u003c/td\u003e\n\u003c/tr\u003e\n\u003c/table\u003e\n\u003c/td\u003e\n\u003c/tr\u003e\n\u003c/table\u003e\n\u003c/body\u003e\u003cscript type=\"text/javascript\"\u003e\n\t\t\t\tfunction changeImage(attElement, nameElement) {\n\t\t\t\tdocument.getElementById('imageAttachment').src = attElement;\n\t\t\t\tdocument.getElementById('imageName').innerHTML = nameElement;}\n\t\t\t\u003c/script\u003e\u003c/html\u003e\n","FID_active_grids":150,"GridID":"M01","Shape_Length":5.1315976895628904e-05,"Shape_Area":1.367861647508449e-10}},{"type":"Feature","id":27063,"geometry":{"type":"Polygon","coordinates":[[[112.70568403000004,-7.1042298269999264],[112.70568310300007,-7.1042117469999653],[112.70567855000002,-7.1042117629999666],[112.7056786170001,-7.1042298469999423],[112.70568403000004,-7.1042298269999264]]]},"properties":{"OBJECTID":27063,"FID_mangrove_utm":26971,"OBJECTID_1":26971,"Name":"18102566,9293","FolderPath":"JATIM/JATIM","SymbolID":0,"AltMode":0,"Base":0,"Clamped":-1,"Extruded":0,"Snippet":"","PopupInfo":"\u003chtml xmlns:fo=\"http://www.w3.org/1999/XSL/Format\" xmlns:msxsl=\"urn:schemas-microsoft-com:xslt\"\u003e\n\u003chead\u003e\n\u003cMETA http-equiv=\"Content-Type\" content=\"text/html\"\u003e\n\u003cmeta http-equiv=\"content-type\" content=\"text/html; charset=UTF-8\"\u003e\n\u003c/head\u003e\n\u003cbody style=\"margin:0px 0px 0px 0px;overflow:auto;background:#FFFFFF;\"\u003e\n\u003ctable style=\"font-family:Arial,Verdana,Times;font-size:12px;text-align:left;width:100%;border-collapse:collapse;padding:3px 3px 3px 3px\"\u003e\n\u003ctr style=\"text-align:center;font-weight:bold;background:#9CBCE2\"\u003e\n\u003ctd\u003e18102566,9293\u003c/td\u003e\n\u003c/tr\u003e\n\u003ctr\u003e\n\u003ctd\u003e\n\u003ctable style=\"font-family:Arial,Verdana,Times;font-size:12px;text-align:left;width:100%;border-spacing:0px; padding:3px 3px 3px 3px\"\u003e\n\u003ctr\u003e\n\u003ctd\u003eFID\u003c/td\u003e\n\u003ctd\u003e0\u003c/td\u003e\n\u003c/tr\u003e\n\u003ctr bgcolor=\"#D4E4F3\"\u003e\n\u003ctd\u003eShape_Leng\u003c/td\u003e\n\u003ctd\u003e18102566,9293\u003c/td\u003e\n\u003c/tr\u003e\n\u003c/table\u003e\n\u003c/td\u003e\n\u003c/tr\u003e\n\u003c/table\u003e\n\u003c/body\u003e\u003cscript type=\"text/javascript\"\u003e\n\t\t\t\tfunction changeImage(attElement, nameElement) {\n\t\t\t\tdocument.getElementById('imageAttachment').src = attElement;\n\t\t\t\tdocument.getElementById('imageName').innerHTML = nameElement;}\n\t\t\t\u003c/script\u003e\u003c/html\u003e\n","FID_active_grids":150,"GridID":"M01","Shape_Length":4.6153938136878386e-05,"Shape_Area":9.0111551786602217e-11}},{"type":"Feature","id":27067,"geometry":{"type":"Polygon","coordinates":[[[112.70567985800005,-7.1041484649999802],[112.7056692650001,-7.1041485039999657],[112.70566933200007,-7.104166586999952],[112.70567838400007,-7.1041665539999599],[112.70567841700006,-7.1041755959999477],[112.70568124800002,-7.1041755849999504],[112.70567985800005,-7.1041484649999802]]]},"properties":{"OBJECTID":27067,"FID_mangrove_utm":26975,"OBJECTID_1":26975,"Name":"18102566,9293","FolderPath":"JATIM/JATIM","SymbolID":0,"AltMode":0,"Base":0,"Clamped":-1,"Extruded":0,"Snippet":"","PopupInfo":"\u003chtml xmlns:fo=\"http://www.w3.org/1999/XSL/Format\" xmlns:msxsl=\"urn:schemas-microsoft-com:xslt\"\u003e\n\u003chead\u003e\n\u003cMETA http-equiv=\"Content-Type\" content=\"text/html\"\u003e\n\u003cmeta http-equiv=\"content-type\" content=\"text/html; charset=UTF-8\"\u003e\n\u003c/head\u003e\n\u003cbody style=\"margin:0px 0px 0px 0px;overflow:auto;background:#FFFFFF;\"\u003e\n\u003ctable style=\"font-family:Arial,Verdana,Times;font-size:12px;text-align:left;width:100%;border-collapse:collapse;padding:3px 3px 3px 3px\"\u003e\n\u003ctr style=\"text-align:center;font-weight:bold;background:#9CBCE2\"\u003e\n\u003ctd\u003e18102566,9293\u003c/td\u003e\n\u003c/tr\u003e\n\u003ctr\u003e\n\u003ctd\u003e\n\u003ctable style=\"font-family:Arial,Verdana,Times;font-size:12px;text-align:left;width:100%;border-spacing:0px; padding:3px 3px 3px 3px\"\u003e\n\u003ctr\u003e\n\u003ctd\u003eFID\u003c/td\u003e\n\u003ctd\u003e0\u003c/td\u003e\n\u003c/tr\u003e\n\u003ctr bgcolor=\"#D4E4F3\"\u003e\n\u003ctd\u003eShape_Leng\u003c/td\u003e\n\u003ctd\u003e18102566,9293\u003c/td\u003e\n\u003c/tr\u003e\n\u003c/table\u003e\n\u003c/td\u003e\n\u003c/tr\u003e\n\u003c/table\u003e\n\u003c/body\u003e\u003cscript type=\"text/javascript\"\u003e\n\t\t\t\tfunction changeImage(attElement, nameElement) {\n\t\t\t\tdocument.getElementById('imageAttachment').src = attElement;\n\t\t\t\tdocument.getElementById('imageName').innerHTML = nameElement;}\n\t\t\t\u003c/script\u003e\u003c/html\u003e\n","FID_active_grids":150,"GridID":"M01","Shape_Length":7.6756935460397385e-05,"Shape_Area":2.2298283519006106e-10}},{"type":"Feature","id":27069,"geometry":{"type":"Polygon","coordinates":[[[112.70564207700011,-7.1041395619999435],[112.70563302500011,-7.1041395949999355],[112.70563312500008,-7.1041667209999559],[112.70564217700007,-7.1041666869999744],[112.70564224300006,-7.1041847709999502],[112.70563319100006,-7.1041848039999422],[112.70563325800003,-7.1042028879999748],[112.70564231000003,-7.1042028549999259],[112.70564227700004,-7.104193812999938],[112.70565132800004,-7.1041937799999459],[112.70565139500002,-7.1042118629999322],[112.70564234300002,-7.1042118969999706],[112.70564251000008,-7.1042571059999773],[112.70563345800008,-7.1042571389999694],[112.70563349100007,-7.1042661809999572],[112.70564254300007,-7.1042661479999651],[112.70564264300003,-7.1042932739999287],[112.70565169500003,-7.1042932399999472],[112.70565162800006,-7.1042751569999609],[112.70566068000005,-7.1042751229999794],[112.70566064700006,-7.1042660809999347],[112.70566969900005,-7.1042660479999427],[112.70566966500007,-7.1042570059999548],[112.70566061300008,-7.1042570399999363],[112.70566058000009,-7.1042479979999484],[112.70566963200008,-7.1042479639999669],[112.70566959900009,-7.1042389219999791],[112.70566054700009,-7.1042389559999606],[112.70566024700008,-7.1041575789999456],[112.70564214300009,-7.1041576449999297],[112.70564207700011,-7.1041395619999435]]]},"properties":{"OBJECTID":27069,"FID_mangrove_utm":26977,"OBJECTID_1":26977,"Name":"18102566,9293","FolderPath":"JATIM/JATIM","SymbolID":0,"AltMode":0,"Base":0,"Clamped":-1,"Extruded":0,"Snippet":"","PopupInfo":"\u003chtml xmlns:fo=\"http://www.w3.org/1999/XSL/Format\" xmlns:msxsl=\"urn:schemas-microsoft-com:xslt\"\u003e\n\u003chead\u003e\n\u003cMETA http-equiv=\"Content-Type\" content=\"text/html\"\u003e\n\u003cmeta http-equiv=\"content-type\" content=\"text/html; charset=UTF-8\"\u003e\n\u003c/head\u003e\n\u003cbody style=\"margin:0px 0px 0px 0px;overflow:auto;background:#FFFFFF;\"\u003e\n\u003ctable style=\"font-family:Arial,Verdana,Times;font-size:12px;text-align:left;width:100%;border-collapse:collapse;padding:3px 3px 3px 3px\"\u003e\n\u003ctr style=\"text-align:center;font-weight:bold;background:#9CBCE2\"\u003e\n\u003ctd\u003e18102566,9293\u003c/td\u003e\n\u003c/tr\u003e\n\u003ctr\u003e\n\u003ctd\u003e\n\u003ctable style=\"font-family:Arial,Verdana,Times;font-size:12px;text-align:left;width:100%;border-spacing:0px; padding:3px 3px 3px 3px\"\u003e\n\u003ctr\u003e\n\u003ctd\u003eFID\u003c/td\u003e\n\u003ctd\u003e0\u003c/td\u003e\n\u003c/tr\u003e\n\u003ctr bgcolor=\"#D4E4F3\"\u003e\n\u003ctd\u003eShape_Leng\u003c/td\u003e\n\u003ctd\u003e18102566,9293\u003c/td\u003e\n\u003c/tr\u003e\n\u003c/table\u003e\n\u003c/td\u003e\n\u003c/tr\u003e\n\u003c/table\u003e\n\u003c/body\u003e\u003cscript type=\"text/javascript\"\u003e\n\t\t\t\tfunction changeImage(attElement, nameElement) {\n\t\t\t\tdocument.getElementById('imageAttachment').src = attElement;\n\t\t\t\tdocument.getElementById('imageName').innerHTML = nameElement;}\n\t\t\t\u003c/script\u003e\u003c/html\u003e\n","FID_active_grids":150,"GridID":"M01","Shape_Length":0.00047034119657781342,"Shape_Area":2.7828081153985218e-09}},{"type":"Feature","id":27072,"geometry":{"type":"Polygon","coordinates":[[[112.70567775900008,-7.104107537999937],[112.7056813050001,-7.104094206999946],[112.70564191000005,-7.1040943519999473],[112.70564197700003,-7.1041124359999799],[112.70565102800003,-7.104112402999931],[112.70565106200002,-7.1041214439999294],[112.70564201000002,-7.1041214779999677],[112.70564204300001,-7.1041305199999556],[112.70566919900011,-7.1041304199999331],[112.70566916500002,-7.1041213779999453],[112.7056784670001,-7.1041213439999638],[112.70567775900008,-7.104107537999937]]]},"properties":{"OBJECTID":27072,"FID_mangrove_utm":26980,"OBJECTID_1":26980,"Name":"18102566,9293","FolderPath":"JATIM/JATIM","SymbolID":0,"AltMode":0,"Base":0,"Clamped":-1,"Extruded":0,"Snippet":"","PopupInfo":"\u003chtml xmlns:fo=\"http://www.w3.org/1999/XSL/Format\" xmlns:msxsl=\"urn:schemas-microsoft-com:xslt\"\u003e\n\u003chead\u003e\n\u003cMETA http-equiv=\"Content-Type\" content=\"text/html\"\u003e\n\u003cmeta http-equiv=\"content-type\" content=\"text/html; charset=UTF-8\"\u003e\n\u003c/head\u003e\n\u003cbody style=\"margin:0px 0px 0px 0px;overflow:auto;background:#FFFFFF;\"\u003e\n\u003ctable style=\"font-family:Arial,Verdana,Times;font-size:12px;text-align:left;width:100%;border-collapse:collapse;padding:3px 3px 3px 3px\"\u003e\n\u003ctr style=\"text-align:center;font-weight:bold;background:#9CBCE2\"\u003e\n\u003ctd\u003e18102566,9293\u003c/td\u003e\n\u003c/tr\u003e\n\u003ctr\u003e\n\u003ctd\u003e\n\u003ctable style=\"font-family:Arial,Verdana,Times;font-size:12px;text-align:left;width:100%;border-spacing:0px; padding:3px 3px 3px 3px\"\u003e\n\u003ctr\u003e\n\u003ctd\u003eFID\u003c/td\u003e\n\u003ctd\u003e0\u003c/td\u003e\n\u003c/tr\u003e\n\u003ctr bgcolor=\"#D4E4F3\"\u003e\n\u003ctd\u003eShape_Leng\u003c/td\u003e\n\u003ctd\u003e18102566,9293\u003c/td\u003e\n\u003c/tr\u003e\n\u003c/table\u003e\n\u003c/td\u003e\n\u003c/tr\u003e\n\u003c/table\u003e\n\u003c/body\u003e\u003cscript type=\"text/javascript\"\u003e\n\t\t\t\tfunction changeImage(attElement, nameElement) {\n\t\t\t\tdocument.getElementById('imageAttachment').src = attElement;\n\t\t\t\tdocument.getElementById('imageName').innerHTML = nameElement;}\n\t\t\t\u003c/script\u003e\u003c/html\u003e\n","FID_active_grids":150,"GridID":"M01","Shape_Length":0.000166784643929271,"Shape_Area":1.1632962189831444e-09}},{"type":"Feature","id":27078,"geometry":{"type":"Polygon","coordinates":[[[112.70570297100005,-7.104012748999935],[112.70569592000004,-7.1040127749999442],[112.70569595400002,-7.1040218169999321],[112.70568690200002,-7.104021849999981],[112.70568693500002,-7.1040308919999688],[112.70567788400001,-7.1040309259999503],[112.70567808400006,-7.1040851769999449],[112.70568371200011,-7.1040851559999396],[112.70568852700001,-7.1040670549999732],[112.70568706900008,-7.1040670599999771],[112.70568696900011,-7.1040399339999567],[112.70569574900003,-7.1040399019999541],[112.70569601700004,-7.1040388959999632],[112.70569598700001,-7.1040308589999768],[112.70569815700003,-7.1040308509999477],[112.70570297100005,-7.104012748999935]]]},"properties":{"OBJECTID":27078,"FID_mangrove_utm":26986,"OBJECTID_1":26986,"Name":"18102566,9293","FolderPath":"JATIM/JATIM","SymbolID":0,"AltMode":0,"Base":0,"Clamped":-1,"Extruded":0,"Snippet":"","PopupInfo":"\u003chtml xmlns:fo=\"http://www.w3.org/1999/XSL/Format\" xmlns:msxsl=\"urn:schemas-microsoft-com:xslt\"\u003e\n\u003chead\u003e\n\u003cMETA http-equiv=\"Content-Type\" content=\"text/html\"\u003e\n\u003cmeta http-equiv=\"content-type\" content=\"text/html; charset=UTF-8\"\u003e\n\u003c/head\u003e\n\u003cbody style=\"margin:0px 0px 0px 0px;overflow:auto;background:#FFFFFF;\"\u003e\n\u003ctable style=\"font-family:Arial,Verdana,Times;font-size:12px;text-align:left;width:100%;border-collapse:collapse;padding:3px 3px 3px 3px\"\u003e\n\u003ctr style=\"text-align:center;font-weight:bold;background:#9CBCE2\"\u003e\n\u003ctd\u003e18102566,9293\u003c/td\u003e\n\u003c/tr\u003e\n\u003ctr\u003e\n\u003ctd\u003e\n\u003ctable style=\"font-family:Arial,Verdana,Times;font-size:12px;text-align:left;width:100%;border-spacing:0px; padding:3px 3px 3px 3px\"\u003e\n\u003ctr\u003e\n\u003ctd\u003eFID\u003c/td\u003e\n\u003ctd\u003e0\u003c/td\u003e\n\u003c/tr\u003e\n\u003ctr bgcolor=\"#D4E4F3\"\u003e\n\u003ctd\u003eShape_Leng\u003c/td\u003e\n\u003ctd\u003e18102566,9293\u003c/td\u003e\n\u003c/tr\u003e\n\u003c/table\u003e\n\u003c/td\u003e\n\u003c/tr\u003e\n\u003c/table\u003e\n\u003c/body\u003e\u003cscript type=\"text/javascript\"\u003e\n\t\t\t\tfunction changeImage(attElement, nameElement) {\n\t\t\t\tdocument.getElementById('imageAttachment').src = attElement;\n\t\t\t\tdocument.getElementById('imageName').innerHTML = nameElement;}\n\t\t\t\u003c/script\u003e\u003c/html\u003e\n","FID_active_grids":150,"GridID":"M01","Shape_Length":0.00018919175677656336,"Shape_Area":7.2022825273033674e-10}},{"type":"Feature","id":27079,"geometry":{"type":"Polygon","coordinates":[[[112.70570493900004,-7.1040036999999643],[112.70570494500009,-7.1040053289999605],[112.70570537900005,-7.1040036979999286],[112.70570493900004,-7.1040036999999643]]]},"properties":{"OBJECTID":27079,"FID_mangrove_utm":26987,"OBJECTID_1":26987,"Name":"18102566,9293","FolderPath":"JATIM/JATIM","SymbolID":0,"AltMode":0,"Base":0,"Clamped":-1,"Extruded":0,"Snippet":"","PopupInfo":"\u003chtml xmlns:fo=\"http://www.w3.org/1999/XSL/Format\" xmlns:msxsl=\"urn:schemas-microsoft-com:xslt\"\u003e\n\u003chead\u003e\n\u003cMETA http-equiv=\"Content-Type\" content=\"text/html\"\u003e\n\u003cmeta http-equiv=\"content-type\" content=\"text/html; charset=UTF-8\"\u003e\n\u003c/head\u003e\n\u003cbody style=\"margin:0px 0px 0px 0px;overflow:auto;background:#FFFFFF;\"\u003e\n\u003ctable style=\"font-family:Arial,Verdana,Times;font-size:12px;text-align:left;width:100%;border-collapse:collapse;padding:3px 3px 3px 3px\"\u003e\n\u003ctr style=\"text-align:center;font-weight:bold;background:#9CBCE2\"\u003e\n\u003ctd\u003e18102566,9293\u003c/td\u003e\n\u003c/tr\u003e\n\u003ctr\u003e\n\u003ctd\u003e\n\u003ctable style=\"font-family:Arial,Verdana,Times;font-size:12px;text-align:left;width:100%;border-spacing:0px; padding:3px 3px 3px 3px\"\u003e\n\u003ctr\u003e\n\u003ctd\u003eFID\u003c/td\u003e\n\u003ctd\u003e0\u003c/td\u003e\n\u003c/tr\u003e\n\u003ctr bgcolor=\"#D4E4F3\"\u003e\n\u003ctd\u003eShape_Leng\u003c/td\u003e\n\u003ctd\u003e18102566,9293\u003c/td\u003e\n\u003c/tr\u003e\n\u003c/table\u003e\n\u003c/td\u003e\n\u003c/tr\u003e\n\u003c/table\u003e\n\u003c/body\u003e\u003cscript type=\"text/javascript\"\u003e\n\t\t\t\tfunction changeImage(attElement, nameElement) {\n\t\t\t\tdocument.getElementById('imageAttachment').src = attElement;\n\t\t\t\tdocument.getElementById('imageName').innerHTML = nameElement;}\n\t\t\t\u003c/script\u003e\u003c/html\u003e\n","FID_active_grids":150,"GridID":"M01","Shape_Length":3.7567706374274258e-06,"Shape_Area":3.5838600583053579e-13}},{"type":"Feature","id":27081,"geometry":{"type":"Polygon","coordinates":[[[112.70564137700001,-7.1039496819999499],[112.70564134300002,-7.1039406399999621],[112.70563229100003,-7.1039406729999541],[112.70563232500001,-7.103949714999942],[112.70564137700001,-7.1039496819999499]]]},"properties":{"OBJECTID":27081,"FID_mangrove_utm":26989,"OBJECTID_1":26989,"Name":"18102566,9293","FolderPath":"JATIM/JATIM","SymbolID":0,"AltMode":0,"Base":0,"Clamped":-1,"Extruded":0,"Snippet":"","PopupInfo":"\u003chtml xmlns:fo=\"http://www.w3.org/1999/XSL/Format\" xmlns:msxsl=\"urn:schemas-microsoft-com:xslt\"\u003e\n\u003chead\u003e\n\u003cMETA http-equiv=\"Content-Type\" content=\"text/html\"\u003e\n\u003cmeta http-equiv=\"content-type\" content=\"text/html; charset=UTF-8\"\u003e\n\u003c/head\u003e\n\u003cbody style=\"margin:0px 0px 0px 0px;overflow:auto;background:#FFFFFF;\"\u003e\n\u003ctable style=\"font-family:Arial,Verdana,Times;font-size:12px;text-align:left;width:100%;border-collapse:collapse;padding:3px 3px 3px 3px\"\u003e\n\u003ctr style=\"text-align:center;font-weight:bold;background:#9CBCE2\"\u003e\n\u003ctd\u003e18102566,9293\u003c/td\u003e\n\u003c/tr\u003e\n\u003ctr\u003e\n\u003ctd\u003e\n\u003ctable style=\"font-family:Arial,Verdana,Times;font-size:12px;text-align:left;width:100%;border-spacing:0px; padding:3px 3px 3px 3px\"\u003e\n\u003ctr\u003e\n\u003ctd\u003eFID\u003c/td\u003e\n\u003ctd\u003e0\u003c/td\u003e\n\u003c/tr\u003e\n\u003ctr bgcolor=\"#D4E4F3\"\u003e\n\u003ctd\u003eShape_Leng\u003c/td\u003e\n\u003ctd\u003e18102566,9293\u003c/td\u003e\n\u003c/tr\u003e\n\u003c/table\u003e\n\u003c/td\u003e\n\u003c/tr\u003e\n\u003c/table\u003e\n\u003c/body\u003e\u003cscript type=\"text/javascript\"\u003e\n\t\t\t\tfunction changeImage(attElement, nameElement) {\n\t\t\t\tdocument.getElementById('imageAttachment').src = attElement;\n\t\t\t\tdocument.getElementById('imageName').innerHTML = nameElement;}\n\t\t\t\u003c/script\u003e\u003c/html\u003e\n","FID_active_grids":150,"GridID":"M01","Shape_Length":3.6188248118974395e-05,"Shape_Area":8.184930585114587e-11}},{"type":"Feature","id":27082,"geometry":{"type":"Polygon","coordinates":[[[112.70570493900004,-7.1040036999999643],[112.70570481300001,-7.1039694929999655],[112.70569971900011,-7.1039494669999499],[112.70568663500001,-7.1039495149999539],[112.70568660200001,-7.103940472999966],[112.70566849800002,-7.1039405399999396],[112.70566853200012,-7.1039495819999274],[112.70564137700001,-7.1039496819999499],[112.70564141000011,-7.1039587239999378],[112.70565046200011,-7.1039586899999563],[112.7056504950001,-7.1039677319999441],[112.7056685980001,-7.10396766599996],[112.70566866500008,-7.1039857499999357],[112.70565056200007,-7.1039858159999767],[112.70565059500007,-7.1039948579999646],[112.70565964700006,-7.1039948249999725],[112.70565968000005,-7.1040038669999603],[112.70567778400004,-7.1040037999999299],[112.70567781700004,-7.1040128419999746],[112.70568686900003,-7.1040128089999257],[112.70568676900007,-7.1039856829999621],[112.70569582000007,-7.1039856499999701],[112.70569588700005,-7.1040037329999564],[112.70570493900004,-7.1040036999999643]]]},"properties":{"OBJECTID":27082,"FID_mangrove_utm":26990,"OBJECTID_1":26990,"Name":"18102566,9293","FolderPath":"JATIM/JATIM","SymbolID":0,"AltMode":0,"Base":0,"Clamped":-1,"Extruded":0,"Snippet":"","PopupInfo":"\u003chtml xmlns:fo=\"http://www.w3.org/1999/XSL/Format\" xmlns:msxsl=\"urn:schemas-microsoft-com:xslt\"\u003e\n\u003chead\u003e\n\u003cMETA http-equiv=\"Content-Type\" content=\"text/html\"\u003e\n\u003cmeta http-equiv=\"content-type\" content=\"text/html; charset=UTF-8\"\u003e\n\u003c/head\u003e\n\u003cbody style=\"margin:0px 0px 0px 0px;overflow:auto;background:#FFFFFF;\"\u003e\n\u003ctable style=\"font-family:Arial,Verdana,Times;font-size:12px;text-align:left;width:100%;border-collapse:collapse;padding:3px 3px 3px 3px\"\u003e\n\u003ctr style=\"text-align:center;font-weight:bold;background:#9CBCE2\"\u003e\n\u003ctd\u003e18102566,9293\u003c/td\u003e\n\u003c/tr\u003e\n\u003ctr\u003e\n\u003ctd\u003e\n\u003ctable style=\"font-family:Arial,Verdana,Times;font-size:12px;text-align:left;width:100%;border-spacing:0px; padding:3px 3px 3px 3px\"\u003e\n\u003ctr\u003e\n\u003ctd\u003eFID\u003c/td\u003e\n\u003ctd\u003e0\u003c/td\u003e\n\u003c/tr\u003e\n\u003ctr bgcolor=\"#D4E4F3\"\u003e\n\u003ctd\u003eShape_Leng\u003c/td\u003e\n\u003ctd\u003e18102566,9293\u003c/td\u003e\n\u003c/tr\u003e\n\u003c/table\u003e\n\u003c/td\u003e\n\u003c/tr\u003e\n\u003c/table\u003e\n\u003c/body\u003e\u003cscript type=\"text/javascript\"\u003e\n\t\t\t\tfunction changeImage(attElement, nameElement) {\n\t\t\t\tdocument.getElementById('imageAttachment').src = attElement;\n\t\t\t\tdocument.getElementById('imageName').innerHTML = nameElement;}\n\t\t\t\u003c/script\u003e\u003c/html\u003e\n","FID_active_grids":150,"GridID":"M01","Shape_Length":0.00033937187969624661,"Shape_Area":2.6506398006647101e-09}},{"type":"Feature","id":27083,"geometry":{"type":"Polygon","coordinates":[[[112.70564104300001,-7.1038592629999471],[112.70565374600005,-7.1038592159999325],[112.70563190200005,-7.1038351029999376],[112.70563195800003,-7.1038502539999513],[112.70562290600003,-7.1038502879999328],[112.70562300600011,-7.1038774129999638],[112.70563205800011,-7.1038773799999717],[112.70563215800007,-7.1039045059999353],[112.70564121000007,-7.1039044719999538],[112.70564117700008,-7.1038954309999554],[112.70565928000008,-7.1038953639999249],[112.70565924700009,-7.1038863219999371],[112.70566829800009,-7.103886288999945],[112.70566833200007,-7.1038953309999329],[112.70568593100006,-7.1038952659999381],[112.70568574700008,-7.1038945419999777],[112.70565916900011,-7.1038652019999518],[112.7056592130001,-7.1038772799999492],[112.7056501620001,-7.1038773129999413],[112.70565019500009,-7.1038863549999292],[112.70564114300009,-7.1038863889999675],[112.70564104300001,-7.1038592629999471]]]},"properties":{"OBJECTID":27083,"FID_mangrove_utm":26991,"OBJECTID_1":26991,"Name":"18102566,9293","FolderPath":"JATIM/JATIM","SymbolID":0,"AltMode":0,"Base":0,"Clamped":-1,"Extruded":0,"Snippet":"","PopupInfo":"\u003chtml xmlns:fo=\"http://www.w3.org/1999/XSL/Format\" xmlns:msxsl=\"urn:schemas-microsoft-com:xslt\"\u003e\n\u003chead\u003e\n\u003cMETA http-equiv=\"Content-Type\" content=\"text/html\"\u003e\n\u003cmeta http-equiv=\"content-type\" content=\"text/html; charset=UTF-8\"\u003e\n\u003c/head\u003e\n\u003cbody style=\"margin:0px 0px 0px 0px;overflow:auto;background:#FFFFFF;\"\u003e\n\u003ctable style=\"font-family:Arial,Verdana,Times;font-size:12px;text-align:left;width:100%;border-collapse:collapse;padding:3px 3px 3px 3px\"\u003e\n\u003ctr style=\"text-align:center;font-weight:bold;background:#9CBCE2\"\u003e\n\u003ctd\u003e18102566,9293\u003c/td\u003e\n\u003c/tr\u003e\n\u003ctr\u003e\n\u003ctd\u003e\n\u003ctable style=\"font-family:Arial,Verdana,Times;font-size:12px;text-align:left;width:100%;border-spacing:0px; padding:3px 3px 3px 3px\"\u003e\n\u003ctr\u003e\n\u003ctd\u003eFID\u003c/td\u003e\n\u003ctd\u003e0\u003c/td\u003e\n\u003c/tr\u003e\n\u003ctr bgcolor=\"#D4E4F3\"\u003e\n\u003ctd\u003eShape_Leng\u003c/td\u003e\n\u003ctd\u003e18102566,9293\u003c/td\u003e\n\u003c/tr\u003e\n\u003c/table\u003e\n\u003c/td\u003e\n\u003c/tr\u003e\n\u003c/table\u003e\n\u003c/body\u003e\u003cscript type=\"text/javascript\"\u003e\n\t\t\t\tfunction changeImage(attElement, nameElement) {\n\t\t\t\tdocument.getElementById('imageAttachment').src = attElement;\n\t\t\t\tdocument.getElementById('imageName').innerHTML = nameElement;}\n\t\t\t\u003c/script\u003e\u003c/html\u003e\n","FID_active_grids":150,"GridID":"M01","Shape_Length":0.00032036099015083101,"Shape_Area":1.490494903658478e-09}},{"type":"Feature","id":27084,"geometry":{"type":"Polygon","coordinates":[[[112.70559561800007,-7.103814219999947],[112.70559568400006,-7.1038323039999796],[112.70562925500008,-7.1038321799999267],[112.70561292700006,-7.1038141559999417],[112.70559561800007,-7.103814219999947]]]},"properties":{"OBJECTID":27084,"FID_mangrove_utm":26992,"OBJECTID_1":26992,"Name":"18102566,9293","FolderPath":"JATIM/JATIM","SymbolID":0,"AltMode":0,"Base":0,"Clamped":-1,"Extruded":0,"Snippet":"","PopupInfo":"\u003chtml xmlns:fo=\"http://www.w3.org/1999/XSL/Format\" xmlns:msxsl=\"urn:schemas-microsoft-com:xslt\"\u003e\n\u003chead\u003e\n\u003cMETA http-equiv=\"Content-Type\" content=\"text/html\"\u003e\n\u003cmeta http-equiv=\"content-type\" content=\"text/html; charset=UTF-8\"\u003e\n\u003c/head\u003e\n\u003cbody style=\"margin:0px 0px 0px 0px;overflow:auto;background:#FFFFFF;\"\u003e\n\u003ctable style=\"font-family:Arial,Verdana,Times;font-size:12px;text-align:left;width:100%;border-collapse:collapse;padding:3px 3px 3px 3px\"\u003e\n\u003ctr style=\"text-align:center;font-weight:bold;background:#9CBCE2\"\u003e\n\u003ctd\u003e18102566,9293\u003c/td\u003e\n\u003c/tr\u003e\n\u003ctr\u003e\n\u003ctd\u003e\n\u003ctable style=\"font-family:Arial,Verdana,Times;font-size:12px;text-align:left;width:100%;border-spacing:0px; padding:3px 3px 3px 3px\"\u003e\n\u003ctr\u003e\n\u003ctd\u003eFID\u003c/td\u003e\n\u003ctd\u003e0\u003c/td\u003e\n\u003c/tr\u003e\n\u003ctr bgcolor=\"#D4E4F3\"\u003e\n\u003ctd\u003eShape_Leng\u003c/td\u003e\n\u003ctd\u003e18102566,9293\u003c/td\u003e\n\u003c/tr\u003e\n\u003c/table\u003e\n\u003c/td\u003e\n\u003c/tr\u003e\n\u003c/table\u003e\n\u003c/body\u003e\u003cscript type=\"text/javascript\"\u003e\n\t\t\t\tfunction changeImage(attElement, nameElement) {\n\t\t\t\tdocument.getElementById('imageAttachment').src = attElement;\n\t\t\t\tdocument.getElementById('imageName').innerHTML = nameElement;}\n\t\t\t\u003c/script\u003e\u003c/html\u003e\n","FID_active_grids":150,"GridID":"M01","Shape_Length":9.3284586219430783e-05,"Shape_Area":4.6006427849215909e-10}},{"type":"Feature","id":27091,"geometry":{"type":"Polygon","coordinates":[[[112.70559561800007,-7.103814219999947],[112.70559554700003,-7.1037949699999672],[112.70558027200002,-7.1037781079999718],[112.70557738100001,-7.1037781189999691],[112.70557736900003,-7.1037749039999767],[112.70557210800007,-7.1037690959999509],[112.70556829600002,-7.1037691099999734],[112.70556828000008,-7.1037648489999583],[112.70556596200004,-7.1037600769999472],[112.70555921100004,-7.103760101999967],[112.70555917700005,-7.1037510599999791],[112.70555012600005,-7.1037510929999712],[112.70555009200007,-7.1037420509999265],[112.70554104000007,-7.1037420849999648],[112.70554097400009,-7.1037240009999323],[112.70554842600006,-7.1037239729999442],[112.70553179600006,-7.1036897329999533],[112.70553205500005,-7.1037602019999326],[112.70554110700004,-7.1037601679999511],[112.70554114000004,-7.103769209999939],[112.70555019200003,-7.1037691769999469],[112.70555025900001,-7.1037872609999795],[112.70556836200001,-7.1037871939999491],[112.7055683960001,-7.1037962359999369],[112.70558649900011,-7.1037961689999634],[112.70558656600008,-7.1038142529999391],[112.70559561800007,-7.103814219999947]]]},"properties":{"OBJECTID":27091,"FID_mangrove_utm":26999,"OBJECTID_1":26999,"Name":"18102566,9293","FolderPath":"JATIM/JATIM","SymbolID":0,"AltMode":0,"Base":0,"Clamped":-1,"Extruded":0,"Snippet":"","PopupInfo":"\u003chtml xmlns:fo=\"http://www.w3.org/1999/XSL/Format\" xmlns:msxsl=\"urn:schemas-microsoft-com:xslt\"\u003e\n\u003chead\u003e\n\u003cMETA http-equiv=\"Content-Type\" content=\"text/html\"\u003e\n\u003cmeta http-equiv=\"content-type\" content=\"text/html; charset=UTF-8\"\u003e\n\u003c/head\u003e\n\u003cbody style=\"margin:0px 0px 0px 0px;overflow:auto;background:#FFFFFF;\"\u003e\n\u003ctable style=\"font-family:Arial,Verdana,Times;font-size:12px;text-align:left;width:100%;border-collapse:collapse;padding:3px 3px 3px 3px\"\u003e\n\u003ctr style=\"text-align:center;font-weight:bold;background:#9CBCE2\"\u003e\n\u003ctd\u003e18102566,9293\u003c/td\u003e\n\u003c/tr\u003e\n\u003ctr\u003e\n\u003ctd\u003e\n\u003ctable style=\"font-family:Arial,Verdana,Times;font-size:12px;text-align:left;width:100%;border-spacing:0px; padding:3px 3px 3px 3px\"\u003e\n\u003ctr\u003e\n\u003ctd\u003eFID\u003c/td\u003e\n\u003ctd\u003e0\u003c/td\u003e\n\u003c/tr\u003e\n\u003ctr bgcolor=\"#D4E4F3\"\u003e\n\u003ctd\u003eShape_Leng\u003c/td\u003e\n\u003ctd\u003e18102566,9293\u003c/td\u003e\n\u003c/tr\u003e\n\u003c/table\u003e\n\u003c/td\u003e\n\u003c/tr\u003e\n\u003c/table\u003e\n\u003c/body\u003e\u003cscript type=\"text/javascript\"\u003e\n\t\t\t\tfunction changeImage(attElement, nameElement) {\n\t\t\t\tdocument.getElementById('imageAttachment').src = attElement;\n\t\t\t\tdocument.getElementById('imageName').innerHTML = nameElement;}\n\t\t\t\u003c/script\u003e\u003c/html\u003e\n","FID_active_grids":150,"GridID":"M01","Shape_Length":0.00036394654806278204,"Shape_Area":2.0160929723165416e-09}},{"type":"Feature","id":27092,"geometry":{"type":"Polygon","coordinates":[[[112.70551355300006,-7.1036521749999793],[112.70551358500006,-7.1036608069999261],[112.70551773900002,-7.103660791999971],[112.70551355300006,-7.1036521749999793]]]},"properties":{"OBJECTID":27092,"FID_mangrove_utm":27000,"OBJECTID_1":27000,"Name":"18102566,9293","FolderPath":"JATIM/JATIM","SymbolID":0,"AltMode":0,"Base":0,"Clamped":-1,"Extruded":0,"Snippet":"","PopupInfo":"\u003chtml xmlns:fo=\"http://www.w3.org/1999/XSL/Format\" xmlns:msxsl=\"urn:schemas-microsoft-com:xslt\"\u003e\n\u003chead\u003e\n\u003cMETA http-equiv=\"Content-Type\" content=\"text/html\"\u003e\n\u003cmeta http-equiv=\"content-type\" content=\"text/html; charset=UTF-8\"\u003e\n\u003c/head\u003e\n\u003cbody style=\"margin:0px 0px 0px 0px;overflow:auto;background:#FFFFFF;\"\u003e\n\u003ctable style=\"font-family:Arial,Verdana,Times;font-size:12px;text-align:left;width:100%;border-collapse:collapse;padding:3px 3px 3px 3px\"\u003e\n\u003ctr style=\"text-align:center;font-weight:bold;background:#9CBCE2\"\u003e\n\u003ctd\u003e18102566,9293\u003c/td\u003e\n\u003c/tr\u003e\n\u003ctr\u003e\n\u003ctd\u003e\n\u003ctable style=\"font-family:Arial,Verdana,Times;font-size:12px;text-align:left;width:100%;border-spacing:0px; padding:3px 3px 3px 3px\"\u003e\n\u003ctr\u003e\n\u003ctd\u003eFID\u003c/td\u003e\n\u003ctd\u003e0\u003c/td\u003e\n\u003c/tr\u003e\n\u003ctr bgcolor=\"#D4E4F3\"\u003e\n\u003ctd\u003eShape_Leng\u003c/td\u003e\n\u003ctd\u003e18102566,9293\u003c/td\u003e\n\u003c/tr\u003e\n\u003c/table\u003e\n\u003c/td\u003e\n\u003c/tr\u003e\n\u003c/table\u003e\n\u003c/body\u003e\u003cscript type=\"text/javascript\"\u003e\n\t\t\t\tfunction changeImage(attElement, nameElement) {\n\t\t\t\tdocument.getElementById('imageAttachment').src = attElement;\n\t\t\t\tdocument.getElementById('imageName').innerHTML = nameElement;}\n\t\t\t\u003c/script\u003e\u003c/html\u003e\n","FID_active_grids":150,"GridID":"M01","Shape_Length":2.2366028074647091e-05,"Shape_Area":1.7928903685601985e-11}},{"type":"Feature","id":27097,"geometry":{"type":"Polygon","coordinates":[[[112.70544080400009,-7.1035616129999539],[112.7054407710001,-7.1035525709999661],[112.7054317190001,-7.1035526039999581],[112.70543175300008,-7.103561645999946],[112.70544080400009,-7.1035616129999539]]]},"properties":{"OBJECTID":27097,"FID_mangrove_utm":27005,"OBJECTID_1":27005,"Name":"18102566,9293","FolderPath":"JATIM/JATIM","SymbolID":0,"AltMode":0,"Base":0,"Clamped":-1,"Extruded":0,"Snippet":"","PopupInfo":"\u003chtml xmlns:fo=\"http://www.w3.org/1999/XSL/Format\" xmlns:msxsl=\"urn:schemas-microsoft-com:xslt\"\u003e\n\u003chead\u003e\n\u003cMETA http-equiv=\"Content-Type\" content=\"text/html\"\u003e\n\u003cmeta http-equiv=\"content-type\" content=\"text/html; charset=UTF-8\"\u003e\n\u003c/head\u003e\n\u003cbody style=\"margin:0px 0px 0px 0px;overflow:auto;background:#FFFFFF;\"\u003e\n\u003ctable style=\"font-family:Arial,Verdana,Times;font-size:12px;text-align:left;width:100%;border-collapse:collapse;padding:3px 3px 3px 3px\"\u003e\n\u003ctr style=\"text-align:center;font-weight:bold;background:#9CBCE2\"\u003e\n\u003ctd\u003e18102566,9293\u003c/td\u003e\n\u003c/tr\u003e\n\u003ctr\u003e\n\u003ctd\u003e\n\u003ctable style=\"font-family:Arial,Verdana,Times;font-size:12px;text-align:left;width:100%;border-spacing:0px; padding:3px 3px 3px 3px\"\u003e\n\u003ctr\u003e\n\u003ctd\u003eFID\u003c/td\u003e\n\u003ctd\u003e0\u003c/td\u003e\n\u003c/tr\u003e\n\u003ctr bgcolor=\"#D4E4F3\"\u003e\n\u003ctd\u003eShape_Leng\u003c/td\u003e\n\u003ctd\u003e18102566,9293\u003c/td\u003e\n\u003c/tr\u003e\n\u003c/table\u003e\n\u003c/td\u003e\n\u003c/tr\u003e\n\u003c/table\u003e\n\u003c/body\u003e\u003cscript type=\"text/javascript\"\u003e\n\t\t\t\tfunction changeImage(attElement, nameElement) {\n\t\t\t\tdocument.getElementById('imageAttachment').src = attElement;\n\t\t\t\tdocument.getElementById('imageName').innerHTML = nameElement;}\n\t\t\t\u003c/script\u003e\u003c/html\u003e\n","FID_active_grids":150,"GridID":"M01","Shape_Length":3.6187244431329138e-05,"Shape_Area":8.1844768399141785e-11}},{"type":"Feature","id":27098,"geometry":{"type":"Polygon","coordinates":[[[112.70544080400009,-7.1035616129999539],[112.70544093800004,-7.1035977809999622],[112.70544999000003,-7.1035977469999807],[112.70545002300003,-7.1036067889999686],[112.70547717800002,-7.1036066889999461],[112.7054772780001,-7.1036338149999665],[112.7054863300001,-7.1036337819999744],[112.70548636300009,-7.1036428239999623],[112.70550446700008,-7.1036427569999319],[112.70550450000007,-7.1036517989999766],[112.70551335500011,-7.1036517659999276],[112.70549581900002,-7.1036156629999709],[112.70548626300001,-7.1036156979999419],[112.70548619700003,-7.1035976139999661],[112.70548726000004,-7.1035976099999516],[112.70548371000007,-7.1035795389999521],[112.70547707800006,-7.1035795639999719],[112.70547697800009,-7.1035524379999515],[112.7054679260001,-7.1035524709999436],[112.7054678930001,-7.1035434289999557],[112.70545884100011,-7.1035434629999372],[112.70545890800008,-7.1035615459999804],[112.70546796000008,-7.1035615129999314],[112.70546806000004,-7.1035886389999519],[112.70544995600005,-7.103588704999936],[112.70544985600009,-7.1035615799999619],[112.70544080400009,-7.1035616129999539]]]},"properties":{"OBJECTID":27098,"FID_mangrove_utm":27006,"OBJECTID_1":27006,"Name":"18102566,9293","FolderPath":"JATIM/JATIM","SymbolID":0,"AltMode":0,"Base":0,"Clamped":-1,"Extruded":0,"Snippet":"","PopupInfo":"\u003chtml xmlns:fo=\"http://www.w3.org/1999/XSL/Format\" xmlns:msxsl=\"urn:schemas-microsoft-com:xslt\"\u003e\n\u003chead\u003e\n\u003cMETA http-equiv=\"Content-Type\" content=\"text/html\"\u003e\n\u003cmeta http-equiv=\"content-type\" content=\"text/html; charset=UTF-8\"\u003e\n\u003c/head\u003e\n\u003cbody style=\"margin:0px 0px 0px 0px;overflow:auto;background:#FFFFFF;\"\u003e\n\u003ctable style=\"font-family:Arial,Verdana,Times;font-size:12px;text-align:left;width:100%;border-collapse:collapse;padding:3px 3px 3px 3px\"\u003e\n\u003ctr style=\"text-align:center;font-weight:bold;background:#9CBCE2\"\u003e\n\u003ctd\u003e18102566,9293\u003c/td\u003e\n\u003c/tr\u003e\n\u003ctr\u003e\n\u003ctd\u003e\n\u003ctable style=\"font-family:Arial,Verdana,Times;font-size:12px;text-align:left;width:100%;border-spacing:0px; padding:3px 3px 3px 3px\"\u003e\n\u003ctr\u003e\n\u003ctd\u003eFID\u003c/td\u003e\n\u003ctd\u003e0\u003c/td\u003e\n\u003c/tr\u003e\n\u003ctr bgcolor=\"#D4E4F3\"\u003e\n\u003ctd\u003eShape_Leng\u003c/td\u003e\n\u003ctd\u003e18102566,9293\u003c/td\u003e\n\u003c/tr\u003e\n\u003c/table\u003e\n\u003c/td\u003e\n\u003c/tr\u003e\n\u003c/table\u003e\n\u003c/body\u003e\u003cscript type=\"text/javascript\"\u003e\n\t\t\t\tfunction changeImage(attElement, nameElement) {\n\t\t\t\tdocument.getElementById('imageAttachment').src = attElement;\n\t\t\t\tdocument.getElementById('imageName').innerHTML = nameElement;}\n\t\t\t\u003c/script\u003e\u003c/html\u003e\n","FID_active_grids":150,"GridID":"M01","Shape_Length":0.00041934233221695513,"Shape_Area":2.2849680697730342e-09}},{"type":"Feature","id":27102,"geometry":{"type":"Polygon","coordinates":[[[112.70542250100004,-7.1035074279999435],[112.70542253400004,-7.1035164699999314],[112.70543158600003,-7.1035164369999393],[112.70543155300004,-7.1035073949999514],[112.70542250100004,-7.1035074279999435]]]},"properties":{"OBJECTID":27102,"FID_mangrove_utm":27010,"OBJECTID_1":27010,"Name":"18102566,9293","FolderPath":"JATIM/JATIM","SymbolID":0,"AltMode":0,"Base":0,"Clamped":-1,"Extruded":0,"Snippet":"","PopupInfo":"\u003chtml xmlns:fo=\"http://www.w3.org/1999/XSL/Format\" xmlns:msxsl=\"urn:schemas-microsoft-com:xslt\"\u003e\n\u003chead\u003e\n\u003cMETA http-equiv=\"Content-Type\" content=\"text/html\"\u003e\n\u003cmeta http-equiv=\"content-type\" content=\"text/html; charset=UTF-8\"\u003e\n\u003c/head\u003e\n\u003cbody style=\"margin:0px 0px 0px 0px;overflow:auto;background:#FFFFFF;\"\u003e\n\u003ctable style=\"font-family:Arial,Verdana,Times;font-size:12px;text-align:left;width:100%;border-collapse:collapse;padding:3px 3px 3px 3px\"\u003e\n\u003ctr style=\"text-align:center;font-weight:bold;background:#9CBCE2\"\u003e\n\u003ctd\u003e18102566,9293\u003c/td\u003e\n\u003c/tr\u003e\n\u003ctr\u003e\n\u003ctd\u003e\n\u003ctable style=\"font-family:Arial,Verdana,Times;font-size:12px;text-align:left;width:100%;border-spacing:0px; padding:3px 3px 3px 3px\"\u003e\n\u003ctr\u003e\n\u003ctd\u003eFID\u003c/td\u003e\n\u003ctd\u003e0\u003c/td\u003e\n\u003c/tr\u003e\n\u003ctr bgcolor=\"#D4E4F3\"\u003e\n\u003ctd\u003eShape_Leng\u003c/td\u003e\n\u003ctd\u003e18102566,9293\u003c/td\u003e\n\u003c/tr\u003e\n\u003c/table\u003e\n\u003c/td\u003e\n\u003c/tr\u003e\n\u003c/table\u003e\n\u003c/body\u003e\u003cscript type=\"text/javascript\"\u003e\n\t\t\t\tfunction changeImage(attElement, nameElement) {\n\t\t\t\tdocument.getElementById('imageAttachment').src = attElement;\n\t\t\t\tdocument.getElementById('imageName').innerHTML = nameElement;}\n\t\t\t\u003c/script\u003e\u003c/html\u003e\n","FID_active_grids":150,"GridID":"M01","Shape_Length":3.6188240709241466e-05,"Shape_Area":8.1849272851502786e-11}},{"type":"Feature","id":27104,"geometry":{"type":"Polygon","coordinates":[[[112.70545867500005,-7.1034982529999411],[112.70545870800004,-7.1035072949999289],[112.70544060500004,-7.1035073619999594],[112.70544070400001,-7.1035344869999335],[112.70544975600001,-7.1035344539999414],[112.70544969000002,-7.1035163699999657],[112.70546779300003,-7.1035163039999816],[112.70546772600005,-7.103498219999949],[112.70545867500005,-7.1034982529999411]]]},"properties":{"OBJECTID":27104,"FID_mangrove_utm":27012,"OBJECTID_1":27012,"Name":"18102566,9293","FolderPath":"JATIM/JATIM","SymbolID":0,"AltMode":0,"Base":0,"Clamped":-1,"Extruded":0,"Snippet":"","PopupInfo":"\u003chtml xmlns:fo=\"http://www.w3.org/1999/XSL/Format\" xmlns:msxsl=\"urn:schemas-microsoft-com:xslt\"\u003e\n\u003chead\u003e\n\u003cMETA http-equiv=\"Content-Type\" content=\"text/html\"\u003e\n\u003cmeta http-equiv=\"content-type\" content=\"text/html; charset=UTF-8\"\u003e\n\u003c/head\u003e\n\u003cbody style=\"margin:0px 0px 0px 0px;overflow:auto;background:#FFFFFF;\"\u003e\n\u003ctable style=\"font-family:Arial,Verdana,Times;font-size:12px;text-align:left;width:100%;border-collapse:collapse;padding:3px 3px 3px 3px\"\u003e\n\u003ctr style=\"text-align:center;font-weight:bold;background:#9CBCE2\"\u003e\n\u003ctd\u003e18102566,9293\u003c/td\u003e\n\u003c/tr\u003e\n\u003ctr\u003e\n\u003ctd\u003e\n\u003ctable style=\"font-family:Arial,Verdana,Times;font-size:12px;text-align:left;width:100%;border-spacing:0px; padding:3px 3px 3px 3px\"\u003e\n\u003ctr\u003e\n\u003ctd\u003eFID\u003c/td\u003e\n\u003ctd\u003e0\u003c/td\u003e\n\u003c/tr\u003e\n\u003ctr bgcolor=\"#D4E4F3\"\u003e\n\u003ctd\u003eShape_Leng\u003c/td\u003e\n\u003ctd\u003e18102566,9293\u003c/td\u003e\n\u003c/tr\u003e\n\u003c/table\u003e\n\u003c/td\u003e\n\u003c/tr\u003e\n\u003c/table\u003e\n\u003c/body\u003e\u003cscript type=\"text/javascript\"\u003e\n\t\t\t\tfunction changeImage(attElement, nameElement) {\n\t\t\t\tdocument.getElementById('imageAttachment').src = attElement;\n\t\t\t\tdocument.getElementById('imageName').innerHTML = nameElement;}\n\t\t\t\u003c/script\u003e\u003c/html\u003e\n","FID_active_grids":150,"GridID":"M01","Shape_Length":0.00012664485001746733,"Shape_Area":4.9106860192397434e-10}},{"type":"Feature","id":27108,"geometry":{"type":"Polygon","coordinates":[[[112.70540429700009,-7.1034803689999535],[112.70539524600008,-7.1034804019999456],[112.70539527900007,-7.1034894439999334],[112.70538622700008,-7.1034894779999718],[112.70538632700004,-7.1035166029999459],[112.70540443100003,-7.1035165369999618],[112.70540429700009,-7.1034803689999535]]]},"properties":{"OBJECTID":27108,"FID_mangrove_utm":27016,"OBJECTID_1":27016,"Name":"18102566,9293","FolderPath":"JATIM/JATIM","SymbolID":0,"AltMode":0,"Base":0,"Clamped":-1,"Extruded":0,"Snippet":"","PopupInfo":"\u003chtml xmlns:fo=\"http://www.w3.org/1999/XSL/Format\" xmlns:msxsl=\"urn:schemas-microsoft-com:xslt\"\u003e\n\u003chead\u003e\n\u003cMETA http-equiv=\"Content-Type\" content=\"text/html\"\u003e\n\u003cmeta http-equiv=\"content-type\" content=\"text/html; charset=UTF-8\"\u003e\n\u003c/head\u003e\n\u003cbody style=\"margin:0px 0px 0px 0px;overflow:auto;background:#FFFFFF;\"\u003e\n\u003ctable style=\"font-family:Arial,Verdana,Times;font-size:12px;text-align:left;width:100%;border-collapse:collapse;padding:3px 3px 3px 3px\"\u003e\n\u003ctr style=\"text-align:center;font-weight:bold;background:#9CBCE2\"\u003e\n\u003ctd\u003e18102566,9293\u003c/td\u003e\n\u003c/tr\u003e\n\u003ctr\u003e\n\u003ctd\u003e\n\u003ctable style=\"font-family:Arial,Verdana,Times;font-size:12px;text-align:left;width:100%;border-spacing:0px; padding:3px 3px 3px 3px\"\u003e\n\u003ctr\u003e\n\u003ctd\u003eFID\u003c/td\u003e\n\u003ctd\u003e0\u003c/td\u003e\n\u003c/tr\u003e\n\u003ctr bgcolor=\"#D4E4F3\"\u003e\n\u003ctd\u003eShape_Leng\u003c/td\u003e\n\u003ctd\u003e18102566,9293\u003c/td\u003e\n\u003c/tr\u003e\n\u003c/table\u003e\n\u003c/td\u003e\n\u003c/tr\u003e\n\u003c/table\u003e\n\u003c/body\u003e\u003cscript type=\"text/javascript\"\u003e\n\t\t\t\tfunction changeImage(attElement, nameElement) {\n\t\t\t\tdocument.getElementById('imageAttachment').src = attElement;\n\t\t\t\tdocument.getElementById('imageName').innerHTML = nameElement;}\n\t\t\t\u003c/script\u003e\u003c/html\u003e\n","FID_active_grids":150,"GridID":"M01","Shape_Length":0.00010854273705977144,"Shape_Area":5.7292695442409575e-10}},{"type":"Feature","id":27111,"geometry":{"type":"Polygon","coordinates":[[[112.70539517900011,-7.1034623189999593],[112.70539514600011,-7.1034532769999714],[112.705386094,-7.1034533099999635],[112.70538612700011,-7.1034623519999514],[112.70539517900011,-7.1034623189999593]]]},"properties":{"OBJECTID":27111,"FID_mangrove_utm":27019,"OBJECTID_1":27019,"Name":"18102566,9293","FolderPath":"JATIM/JATIM","SymbolID":0,"AltMode":0,"Base":0,"Clamped":-1,"Extruded":0,"Snippet":"","PopupInfo":"\u003chtml xmlns:fo=\"http://www.w3.org/1999/XSL/Format\" xmlns:msxsl=\"urn:schemas-microsoft-com:xslt\"\u003e\n\u003chead\u003e\n\u003cMETA http-equiv=\"Content-Type\" content=\"text/html\"\u003e\n\u003cmeta http-equiv=\"content-type\" content=\"text/html; charset=UTF-8\"\u003e\n\u003c/head\u003e\n\u003cbody style=\"margin:0px 0px 0px 0px;overflow:auto;background:#FFFFFF;\"\u003e\n\u003ctable style=\"font-family:Arial,Verdana,Times;font-size:12px;text-align:left;width:100%;border-collapse:collapse;padding:3px 3px 3px 3px\"\u003e\n\u003ctr style=\"text-align:center;font-weight:bold;background:#9CBCE2\"\u003e\n\u003ctd\u003e18102566,9293\u003c/td\u003e\n\u003c/tr\u003e\n\u003ctr\u003e\n\u003ctd\u003e\n\u003ctable style=\"font-family:Arial,Verdana,Times;font-size:12px;text-align:left;width:100%;border-spacing:0px; padding:3px 3px 3px 3px\"\u003e\n\u003ctr\u003e\n\u003ctd\u003eFID\u003c/td\u003e\n\u003ctd\u003e0\u003c/td\u003e\n\u003c/tr\u003e\n\u003ctr bgcolor=\"#D4E4F3\"\u003e\n\u003ctd\u003eShape_Leng\u003c/td\u003e\n\u003ctd\u003e18102566,9293\u003c/td\u003e\n\u003c/tr\u003e\n\u003c/table\u003e\n\u003c/td\u003e\n\u003c/tr\u003e\n\u003c/table\u003e\n\u003c/body\u003e\u003cscript type=\"text/javascript\"\u003e\n\t\t\t\tfunction changeImage(attElement, nameElement) {\n\t\t\t\tdocument.getElementById('imageAttachment').src = attElement;\n\t\t\t\tdocument.getElementById('imageName').innerHTML = nameElement;}\n\t\t\t\u003c/script\u003e\u003c/html\u003e\n","FID_active_grids":150,"GridID":"M01","Shape_Length":3.6188240823342455e-05,"Shape_Area":8.1849273367356811e-11}},{"type":"Feature","id":27116,"geometry":{"type":"Polygon","coordinates":[[[112.70544007100011,-7.1033626909999725],[112.70544111400011,-7.1033626879999474],[112.7054400510001,-7.1033572749999507],[112.70544007100011,-7.1033626909999725]]]},"properties":{"OBJECTID":27116,"FID_mangrove_utm":27024,"OBJECTID_1":27024,"Name":"18102566,9293","FolderPath":"JATIM/JATIM","SymbolID":0,"AltMode":0,"Base":0,"Clamped":-1,"Extruded":0,"Snippet":"","PopupInfo":"\u003chtml xmlns:fo=\"http://www.w3.org/1999/XSL/Format\" xmlns:msxsl=\"urn:schemas-microsoft-com:xslt\"\u003e\n\u003chead\u003e\n\u003cMETA http-equiv=\"Content-Type\" content=\"text/html\"\u003e\n\u003cmeta http-equiv=\"content-type\" content=\"text/html; charset=UTF-8\"\u003e\n\u003c/head\u003e\n\u003cbody style=\"margin:0px 0px 0px 0px;overflow:auto;background:#FFFFFF;\"\u003e\n\u003ctable style=\"font-family:Arial,Verdana,Times;font-size:12px;text-align:left;width:100%;border-collapse:collapse;padding:3px 3px 3px 3px\"\u003e\n\u003ctr style=\"text-align:center;font-weight:bold;background:#9CBCE2\"\u003e\n\u003ctd\u003e18102566,9293\u003c/td\u003e\n\u003c/tr\u003e\n\u003ctr\u003e\n\u003ctd\u003e\n\u003ctable style=\"font-family:Arial,Verdana,Times;font-size:12px;text-align:left;width:100%;border-spacing:0px; padding:3px 3px 3px 3px\"\u003e\n\u003ctr\u003e\n\u003ctd\u003eFID\u003c/td\u003e\n\u003ctd\u003e0\u003c/td\u003e\n\u003c/tr\u003e\n\u003ctr bgcolor=\"#D4E4F3\"\u003e\n\u003ctd\u003eShape_Leng\u003c/td\u003e\n\u003ctd\u003e18102566,9293\u003c/td\u003e\n\u003c/tr\u003e\n\u003c/table\u003e\n\u003c/td\u003e\n\u003c/tr\u003e\n\u003c/table\u003e\n\u003c/body\u003e\u003cscript type=\"text/javascript\"\u003e\n\t\t\t\tfunction changeImage(attElement, nameElement) {\n\t\t\t\tdocument.getElementById('imageAttachment').src = attElement;\n\t\t\t\tdocument.getElementById('imageName').innerHTML = nameElement;}\n\t\t\t\u003c/script\u003e\u003c/html\u003e\n","FID_active_grids":150,"GridID":"M01","Shape_Length":1.1975429390611822e-05,"Shape_Area":2.8244740048185216e-12}},{"type":"Feature","id":27134,"geometry":{"type":"Polygon","coordinates":[[[112.7053580060001,-7.1032002369999532],[112.70535797200012,-7.1031911949999653],[112.70533986900011,-7.1031912619999389],[112.70533990200011,-7.1032003039999267],[112.7053580060001,-7.1032002369999532]]]},"properties":{"OBJECTID":27134,"FID_mangrove_utm":27042,"OBJECTID_1":27042,"Name":"18102566,9293","FolderPath":"JATIM/JATIM","SymbolID":0,"AltMode":0,"Base":0,"Clamped":-1,"Extruded":0,"Snippet":"","PopupInfo":"\u003chtml xmlns:fo=\"http://www.w3.org/1999/XSL/Format\" xmlns:msxsl=\"urn:schemas-microsoft-com:xslt\"\u003e\n\u003chead\u003e\n\u003cMETA http-equiv=\"Content-Type\" content=\"text/html\"\u003e\n\u003cmeta http-equiv=\"content-type\" content=\"text/html; charset=UTF-8\"\u003e\n\u003c/head\u003e\n\u003cbody style=\"margin:0px 0px 0px 0px;overflow:auto;background:#FFFFFF;\"\u003e\n\u003ctable style=\"font-family:Arial,Verdana,Times;font-size:12px;text-align:left;width:100%;border-collapse:collapse;padding:3px 3px 3px 3px\"\u003e\n\u003ctr style=\"text-align:center;font-weight:bold;background:#9CBCE2\"\u003e\n\u003ctd\u003e18102566,9293\u003c/td\u003e\n\u003c/tr\u003e\n\u003ctr\u003e\n\u003ctd\u003e\n\u003ctable style=\"font-family:Arial,Verdana,Times;font-size:12px;text-align:left;width:100%;border-spacing:0px; padding:3px 3px 3px 3px\"\u003e\n\u003ctr\u003e\n\u003ctd\u003eFID\u003c/td\u003e\n\u003ctd\u003e0\u003c/td\u003e\n\u003c/tr\u003e\n\u003ctr bgcolor=\"#D4E4F3\"\u003e\n\u003ctd\u003eShape_Leng\u003c/td\u003e\n\u003ctd\u003e18102566,9293\u003c/td\u003e\n\u003c/tr\u003e\n\u003c/table\u003e\n\u003c/td\u003e\n\u003c/tr\u003e\n\u003c/table\u003e\n\u003c/body\u003e\u003cscript type=\"text/javascript\"\u003e\n\t\t\t\tfunction changeImage(attElement, nameElement) {\n\t\t\t\tdocument.getElementById('imageAttachment').src = attElement;\n\t\t\t\tdocument.getElementById('imageName').innerHTML = nameElement;}\n\t\t\t\u003c/script\u003e\u003c/html\u003e\n","FID_active_grids":150,"GridID":"M01","Shape_Length":5.429137207387346e-05,"Shape_Area":1.6369409125009862e-10}},{"type":"Feature","id":27135,"geometry":{"type":"Polygon","coordinates":[[[112.70544007100011,-7.1033626909999725],[112.70543102000011,-7.103362724999954],[112.70543098600001,-7.1033536829999662],[112.70543934000011,-7.1033536519999529],[112.70543505400008,-7.1033318339999596],[112.7054242910001,-7.1031999929999756],[112.70542136800009,-7.103200003999973],[112.7054213350001,-7.1031909619999283],[112.7054032310001,-7.1031910289999587],[112.7054032640001,-7.1032000709999465],[112.70538516100009,-7.1032001369999307],[112.7053851280001,-7.1031910949999428],[112.70536702400011,-7.1031911619999732],[112.70536709100008,-7.103209245999949],[112.70537614200009,-7.1032092119999675],[112.70537617600007,-7.1032182539999553],[112.70535807200008,-7.1032183209999289],[112.70535810600006,-7.1032273629999736],[112.70536715700007,-7.1032273289999353],[112.70536732400001,-7.1032725389999314],[112.70537637600012,-7.1032725059999393],[112.7053764420001,-7.1032905889999256],[112.7053673910001,-7.1032906229999639],[112.70536745700008,-7.1033087059999502],[112.70535840500008,-7.1033087399999317],[112.70535850500005,-7.1033358649999627],[112.70536755700005,-7.1033358319999707],[112.70536759100003,-7.1033448739999585],[112.70538569400003,-7.1033448069999281],[112.7053858270001,-7.1033809749999364],[112.7053948790001,-7.1033809419999443],[112.70539494600007,-7.1033990249999306],[112.70538589400007,-7.1033990589999689],[112.70538599400004,-7.1034261839999431],[112.70539504600004,-7.103426150999951],[112.70539507900003,-7.1034351929999389],[112.70541318300002,-7.1034351259999653],[112.70541321600001,-7.1034441679999532],[112.70540416400002,-7.1034442019999346],[112.70540429700009,-7.1034803689999535],[112.70541334900008,-7.1034803359999614],[112.70541344900005,-7.103507461999925],[112.70542250100004,-7.1035074279999435],[112.70542236800009,-7.1034712609999815],[112.70544047100009,-7.1034711939999511],[112.70544057100005,-7.1034983199999715],[112.70545867500005,-7.1034982529999411],[112.70545864100006,-7.1034892109999532],[112.70544959000006,-7.1034892449999347],[112.70544949000009,-7.1034621189999712],[112.7054585410001,-7.1034620859999791],[112.70545850100007,-7.1034512019999738],[112.70545353800003,-7.103425935999951],[112.70544935600003,-7.1034259509999629],[112.70544932300004,-7.103416908999975],[112.70544027100004,-7.1034169429999565],[112.70544017100008,-7.1033898169999361],[112.70544643900007,-7.103389793999952],[112.7054428890001,-7.1033717229999525],[112.70544010500009,-7.1033717329999604],[112.70544007100011,-7.1033626909999725]],[[112.70539464600006,-7.1033176479999725],[112.70539471200004,-7.1033357319999482],[112.70538566100004,-7.1033357659999297],[112.70538559400006,-7.1033176819999539],[112.70537654200007,-7.103317714999946],[112.70537647600008,-7.1032996309999703],[112.70538552700009,-7.1032995979999782],[112.70538559400006,-7.1033176819999539],[112.70539464600006,-7.1033176479999725],[112.70539461300007,-7.103308606999974],[112.70540366400007,-7.1033085729999357],[112.70540369800005,-7.1033176149999804],[112.70539464600006,-7.1033176479999725]],[[112.70539431300006,-7.103227229999959],[112.70539434600005,-7.1032362709999575],[112.70537624200006,-7.103236337999931],[112.70537620900006,-7.1032272959999432],[112.70539431300006,-7.103227229999959]],[[112.70542226800001,-7.1034441349999611],[112.70544037100001,-7.1034440679999307],[112.7054404050001,-7.1034531099999754],[112.70542230100011,-7.1034531769999489],[112.70542226800001,-7.1034441349999611]]]},"properties":{"OBJECTID":27135,"FID_mangrove_utm":27043,"OBJECTID_1":27043,"Name":"18102566,9293","FolderPath":"JATIM/JATIM","SymbolID":0,"AltMode":0,"Base":0,"Clamped":-1,"Extruded":0,"Snippet":"","PopupInfo":"\u003chtml xmlns:fo=\"http://www.w3.org/1999/XSL/Format\" xmlns:msxsl=\"urn:schemas-microsoft-com:xslt\"\u003e\n\u003chead\u003e\n\u003cMETA http-equiv=\"Content-Type\" content=\"text/html\"\u003e\n\u003cmeta http-equiv=\"content-type\" content=\"text/html; charset=UTF-8\"\u003e\n\u003c/head\u003e\n\u003cbody style=\"margin:0px 0px 0px 0px;overflow:auto;background:#FFFFFF;\"\u003e\n\u003ctable style=\"font-family:Arial,Verdana,Times;font-size:12px;text-align:left;width:100%;border-collapse:collapse;padding:3px 3px 3px 3px\"\u003e\n\u003ctr style=\"text-align:center;font-weight:bold;background:#9CBCE2\"\u003e\n\u003ctd\u003e18102566,9293\u003c/td\u003e\n\u003c/tr\u003e\n\u003ctr\u003e\n\u003ctd\u003e\n\u003ctable style=\"font-family:Arial,Verdana,Times;font-size:12px;text-align:left;width:100%;border-spacing:0px; padding:3px 3px 3px 3px\"\u003e\n\u003ctr\u003e\n\u003ctd\u003eFID\u003c/td\u003e\n\u003ctd\u003e0\u003c/td\u003e\n\u003c/tr\u003e\n\u003ctr bgcolor=\"#D4E4F3\"\u003e\n\u003ctd\u003eShape_Leng\u003c/td\u003e\n\u003ctd\u003e18102566,9293\u003c/td\u003e\n\u003c/tr\u003e\n\u003c/table\u003e\n\u003c/td\u003e\n\u003c/tr\u003e\n\u003c/table\u003e\n\u003c/body\u003e\u003cscript type=\"text/javascript\"\u003e\n\t\t\t\tfunction changeImage(attElement, nameElement) {\n\t\t\t\tdocument.getElementById('imageAttachment').src = attElement;\n\t\t\t\tdocument.getElementById('imageName').innerHTML = nameElement;}\n\t\t\t\u003c/script\u003e\u003c/html\u003e\n","FID_active_grids":150,"GridID":"M01","Shape_Length":0.0012743501403549801,"Shape_Area":1.6149929521036329e-08}},{"type":"Feature","id":27137,"geometry":{"type":"Polygon","coordinates":[[[112.70542134000004,-7.1031638359999647],[112.70542123000007,-7.1031624879999526],[112.70542123500002,-7.1031638359999647],[112.70542134000004,-7.1031638359999647]]]},"properties":{"OBJECTID":27137,"FID_mangrove_utm":27045,"OBJECTID_1":27045,"Name":"18102566,9293","FolderPath":"JATIM/JATIM","SymbolID":0,"AltMode":0,"Base":0,"Clamped":-1,"Extruded":0,"Snippet":"","PopupInfo":"\u003chtml xmlns:fo=\"http://www.w3.org/1999/XSL/Format\" xmlns:msxsl=\"urn:schemas-microsoft-com:xslt\"\u003e\n\u003chead\u003e\n\u003cMETA http-equiv=\"Content-Type\" content=\"text/html\"\u003e\n\u003cmeta http-equiv=\"content-type\" content=\"text/html; charset=UTF-8\"\u003e\n\u003c/head\u003e\n\u003cbody style=\"margin:0px 0px 0px 0px;overflow:auto;background:#FFFFFF;\"\u003e\n\u003ctable style=\"font-family:Arial,Verdana,Times;font-size:12px;text-align:left;width:100%;border-collapse:collapse;padding:3px 3px 3px 3px\"\u003e\n\u003ctr style=\"text-align:center;font-weight:bold;background:#9CBCE2\"\u003e\n\u003ctd\u003e18102566,9293\u003c/td\u003e\n\u003c/tr\u003e\n\u003ctr\u003e\n\u003ctd\u003e\n\u003ctable style=\"font-family:Arial,Verdana,Times;font-size:12px;text-align:left;width:100%;border-spacing:0px; padding:3px 3px 3px 3px\"\u003e\n\u003ctr\u003e\n\u003ctd\u003eFID\u003c/td\u003e\n\u003ctd\u003e0\u003c/td\u003e\n\u003c/tr\u003e\n\u003ctr bgcolor=\"#D4E4F3\"\u003e\n\u003ctd\u003eShape_Leng\u003c/td\u003e\n\u003ctd\u003e18102566,9293\u003c/td\u003e\n\u003c/tr\u003e\n\u003c/table\u003e\n\u003c/td\u003e\n\u003c/tr\u003e\n\u003c/table\u003e\n\u003c/body\u003e\u003cscript type=\"text/javascript\"\u003e\n\t\t\t\tfunction changeImage(attElement, nameElement) {\n\t\t\t\tdocument.getElementById('imageAttachment').src = attElement;\n\t\t\t\tdocument.getElementById('imageName').innerHTML = nameElement;}\n\t\t\t\u003c/script\u003e\u003c/html\u003e\n","FID_active_grids":150,"GridID":"M01","Shape_Length":2.8054900049278384e-06,"Shape_Area":7.077001846122826e-14}},{"type":"Feature","id":27138,"geometry":{"type":"Polygon","coordinates":[[[112.7054213350001,-7.1031909619999283],[112.70542355300006,-7.103190953999956],[112.70542207800008,-7.1031728749999274],[112.70541221600001,-7.1031729119999341],[112.70541211600005,-7.1031457859999705],[112.70540306400005,-7.1031458189999626],[112.70540319800011,-7.1031819869999708],[112.70542130100011,-7.1031819199999404],[112.7054213350001,-7.1031909619999283]]]},"properties":{"OBJECTID":27138,"FID_mangrove_utm":27046,"OBJECTID_1":27046,"Name":"18102566,9293","FolderPath":"JATIM/JATIM","SymbolID":0,"AltMode":0,"Base":0,"Clamped":-1,"Extruded":0,"Snippet":"","PopupInfo":"\u003chtml xmlns:fo=\"http://www.w3.org/1999/XSL/Format\" xmlns:msxsl=\"urn:schemas-microsoft-com:xslt\"\u003e\n\u003chead\u003e\n\u003cMETA http-equiv=\"Content-Type\" content=\"text/html\"\u003e\n\u003cmeta http-equiv=\"content-type\" content=\"text/html; charset=UTF-8\"\u003e\n\u003c/head\u003e\n\u003cbody style=\"margin:0px 0px 0px 0px;overflow:auto;background:#FFFFFF;\"\u003e\n\u003ctable style=\"font-family:Arial,Verdana,Times;font-size:12px;text-align:left;width:100%;border-collapse:collapse;padding:3px 3px 3px 3px\"\u003e\n\u003ctr style=\"text-align:center;font-weight:bold;background:#9CBCE2\"\u003e\n\u003ctd\u003e18102566,9293\u003c/td\u003e\n\u003c/tr\u003e\n\u003ctr\u003e\n\u003ctd\u003e\n\u003ctable style=\"font-family:Arial,Verdana,Times;font-size:12px;text-align:left;width:100%;border-spacing:0px; padding:3px 3px 3px 3px\"\u003e\n\u003ctr\u003e\n\u003ctd\u003eFID\u003c/td\u003e\n\u003ctd\u003e0\u003c/td\u003e\n\u003c/tr\u003e\n\u003ctr bgcolor=\"#D4E4F3\"\u003e\n\u003ctd\u003eShape_Leng\u003c/td\u003e\n\u003ctd\u003e18102566,9293\u003c/td\u003e\n\u003c/tr\u003e\n\u003c/table\u003e\n\u003c/td\u003e\n\u003c/tr\u003e\n\u003c/table\u003e\n\u003c/body\u003e\u003cscript type=\"text/javascript\"\u003e\n\t\t\t\tfunction changeImage(attElement, nameElement) {\n\t\t\t\tdocument.getElementById('imageAttachment').src = attElement;\n\t\t\t\tdocument.getElementById('imageName').innerHTML = nameElement;}\n\t\t\t\u003c/script\u003e\u003c/html\u003e\n","FID_active_grids":150,"GridID":"M01","Shape_Length":0.00012971083461944653,"Shape_Area":4.3661233433018824e-10}},{"type":"Feature","id":27155,"geometry":{"type":"Polygon","coordinates":[[[112.70544933000008,-7.1028940129999683],[112.70545494300006,-7.1028472419999389],[112.70544722300008,-7.102847269999927],[112.70544729000005,-7.1028653539999596],[112.70543823800006,-7.1028653869999516],[112.70543833800002,-7.102892512999972],[112.70542928700002,-7.1028925459999641],[112.70542935300011,-7.1029106299999398],[112.70541125000011,-7.1029106969999702],[112.7054112830001,-7.1029197389999581],[112.70540223100011,-7.1029197719999502],[112.70540229800008,-7.1029378559999259],[112.70539324600009,-7.1029378889999748],[112.70539327900008,-7.1029469309999627],[112.70538422800007,-7.1029469639999547],[112.70538459400007,-7.1030464249999454],[112.70540269800006,-7.1030463579999719],[112.7054028980001,-7.1031006099999559],[112.7054119500001,-7.1031005759999744],[112.70541204900007,-7.1031277019999379],[112.70541838800011,-7.1031276789999538],[112.70541601800005,-7.1030986469999675],[112.70544933000008,-7.1028940129999683]]]},"properties":{"OBJECTID":27155,"FID_mangrove_utm":27063,"OBJECTID_1":27063,"Name":"18102566,9293","FolderPath":"JATIM/JATIM","SymbolID":0,"AltMode":0,"Base":0,"Clamped":-1,"Extruded":0,"Snippet":"","PopupInfo":"\u003chtml xmlns:fo=\"http://www.w3.org/1999/XSL/Format\" xmlns:msxsl=\"urn:schemas-microsoft-com:xslt\"\u003e\n\u003chead\u003e\n\u003cMETA http-equiv=\"Content-Type\" content=\"text/html\"\u003e\n\u003cmeta http-equiv=\"content-type\" content=\"text/html; charset=UTF-8\"\u003e\n\u003c/head\u003e\n\u003cbody style=\"margin:0px 0px 0px 0px;overflow:auto;background:#FFFFFF;\"\u003e\n\u003ctable style=\"font-family:Arial,Verdana,Times;font-size:12px;text-align:left;width:100%;border-collapse:collapse;padding:3px 3px 3px 3px\"\u003e\n\u003ctr style=\"text-align:center;font-weight:bold;background:#9CBCE2\"\u003e\n\u003ctd\u003e18102566,9293\u003c/td\u003e\n\u003c/tr\u003e\n\u003ctr\u003e\n\u003ctd\u003e\n\u003ctable style=\"font-family:Arial,Verdana,Times;font-size:12px;text-align:left;width:100%;border-spacing:0px; padding:3px 3px 3px 3px\"\u003e\n\u003ctr\u003e\n\u003ctd\u003eFID\u003c/td\u003e\n\u003ctd\u003e0\u003c/td\u003e\n\u003c/tr\u003e\n\u003ctr bgcolor=\"#D4E4F3\"\u003e\n\u003ctd\u003eShape_Leng\u003c/td\u003e\n\u003ctd\u003e18102566,9293\u003c/td\u003e\n\u003c/tr\u003e\n\u003c/table\u003e\n\u003c/td\u003e\n\u003c/tr\u003e\n\u003c/table\u003e\n\u003c/body\u003e\u003cscript type=\"text/javascript\"\u003e\n\t\t\t\tfunction changeImage(attElement, nameElement) {\n\t\t\t\tdocument.getElementById('imageAttachment').src = attElement;\n\t\t\t\tdocument.getElementById('imageName').innerHTML = nameElement;}\n\t\t\t\u003c/script\u003e\u003c/html\u003e\n","FID_active_grids":150,"GridID":"M01","Shape_Length":0.00066844245298707471,"Shape_Area":8.187095750741047e-09}},{"type":"Feature","id":27169,"geometry":{"type":"Polygon","coordinates":[[[112.70546360700007,-7.1027750399999263],[112.70546360700007,-7.102756789999944],[112.70545594200007,-7.1027568179999321],[112.70545607500003,-7.1027929859999404],[112.70544702300003,-7.1027930189999324],[112.70544705700001,-7.1028020609999771],[112.70542895300002,-7.1028021269999613],[112.705428987,-7.1028111689999491],[112.70544709000001,-7.102811102999965],[112.70544712300011,-7.1028201449999528],[112.70545617500011,-7.1028201109999713],[112.70545623500004,-7.1028364689999535],[112.70546360700007,-7.1027750399999263]]]},"properties":{"OBJECTID":27169,"FID_mangrove_utm":27077,"OBJECTID_1":27077,"Name":"18102566,9293","FolderPath":"JATIM/JATIM","SymbolID":0,"AltMode":0,"Base":0,"Clamped":-1,"Extruded":0,"Snippet":"","PopupInfo":"\u003chtml xmlns:fo=\"http://www.w3.org/1999/XSL/Format\" xmlns:msxsl=\"urn:schemas-microsoft-com:xslt\"\u003e\n\u003chead\u003e\n\u003cMETA http-equiv=\"Content-Type\" content=\"text/html\"\u003e\n\u003cmeta http-equiv=\"content-type\" content=\"text/html; charset=UTF-8\"\u003e\n\u003c/head\u003e\n\u003cbody style=\"margin:0px 0px 0px 0px;overflow:auto;background:#FFFFFF;\"\u003e\n\u003ctable style=\"font-family:Arial,Verdana,Times;font-size:12px;text-align:left;width:100%;border-collapse:collapse;padding:3px 3px 3px 3px\"\u003e\n\u003ctr style=\"text-align:center;font-weight:bold;background:#9CBCE2\"\u003e\n\u003ctd\u003e18102566,9293\u003c/td\u003e\n\u003c/tr\u003e\n\u003ctr\u003e\n\u003ctd\u003e\n\u003ctable style=\"font-family:Arial,Verdana,Times;font-size:12px;text-align:left;width:100%;border-spacing:0px; padding:3px 3px 3px 3px\"\u003e\n\u003ctr\u003e\n\u003ctd\u003eFID\u003c/td\u003e\n\u003ctd\u003e0\u003c/td\u003e\n\u003c/tr\u003e\n\u003ctr bgcolor=\"#D4E4F3\"\u003e\n\u003ctd\u003eShape_Leng\u003c/td\u003e\n\u003ctd\u003e18102566,9293\u003c/td\u003e\n\u003c/tr\u003e\n\u003c/table\u003e\n\u003c/td\u003e\n\u003c/tr\u003e\n\u003c/table\u003e\n\u003c/body\u003e\u003cscript type=\"text/javascript\"\u003e\n\t\t\t\tfunction changeImage(attElement, nameElement) {\n\t\t\t\tdocument.getElementById('imageAttachment').src = attElement;\n\t\t\t\tdocument.getElementById('imageName').innerHTML = nameElement;}\n\t\t\t\u003c/script\u003e\u003c/html\u003e\n","FID_active_grids":150,"GridID":"M01","Shape_Length":0.00022174872829109049,"Shape_Area":7.8176212280604668e-10}},{"type":"Feature","id":27186,"geometry":{"type":"Polygon","coordinates":[[[112.70534618800002,-7.1024497929999484],[112.70533713600003,-7.1024498269999299],[112.70533710300003,-7.102440784999942],[112.70532805100004,-7.1024408179999341],[112.70532808500002,-7.1024498599999788],[112.70530092900003,-7.1024499599999444],[112.70530099600001,-7.1024680429999307],[112.70531004800011,-7.1024680099999387],[112.70531001400002,-7.1024589679999508],[112.70534622100001,-7.1024588349999362],[112.70534618800002,-7.1024497929999484]]]},"properties":{"OBJECTID":27186,"FID_mangrove_utm":27094,"OBJECTID_1":27094,"Name":"18102566,9293","FolderPath":"JATIM/JATIM","SymbolID":0,"AltMode":0,"Base":0,"Clamped":-1,"Extruded":0,"Snippet":"","PopupInfo":"\u003chtml xmlns:fo=\"http://www.w3.org/1999/XSL/Format\" xmlns:msxsl=\"urn:schemas-microsoft-com:xslt\"\u003e\n\u003chead\u003e\n\u003cMETA http-equiv=\"Content-Type\" content=\"text/html\"\u003e\n\u003cmeta http-equiv=\"content-type\" content=\"text/html; charset=UTF-8\"\u003e\n\u003c/head\u003e\n\u003cbody style=\"margin:0px 0px 0px 0px;overflow:auto;background:#FFFFFF;\"\u003e\n\u003ctable style=\"font-family:Arial,Verdana,Times;font-size:12px;text-align:left;width:100%;border-collapse:collapse;padding:3px 3px 3px 3px\"\u003e\n\u003ctr style=\"text-align:center;font-weight:bold;background:#9CBCE2\"\u003e\n\u003ctd\u003e18102566,9293\u003c/td\u003e\n\u003c/tr\u003e\n\u003ctr\u003e\n\u003ctd\u003e\n\u003ctable style=\"font-family:Arial,Verdana,Times;font-size:12px;text-align:left;width:100%;border-spacing:0px; padding:3px 3px 3px 3px\"\u003e\n\u003ctr\u003e\n\u003ctd\u003eFID\u003c/td\u003e\n\u003ctd\u003e0\u003c/td\u003e\n\u003c/tr\u003e\n\u003ctr bgcolor=\"#D4E4F3\"\u003e\n\u003ctd\u003eShape_Leng\u003c/td\u003e\n\u003ctd\u003e18102566,9293\u003c/td\u003e\n\u003c/tr\u003e\n\u003c/table\u003e\n\u003c/td\u003e\n\u003c/tr\u003e\n\u003c/table\u003e\n\u003c/body\u003e\u003cscript type=\"text/javascript\"\u003e\n\t\t\t\tfunction changeImage(attElement, nameElement) {\n\t\t\t\tdocument.getElementById('imageAttachment').src = attElement;\n\t\t\t\tdocument.getElementById('imageName').innerHTML = nameElement;}\n\t\t\t\u003c/script\u003e\u003c/html\u003e\n","FID_active_grids":150,"GridID":"M01","Shape_Length":0.00014477098503673199,"Shape_Area":5.7289977095656341e-10}},{"type":"Feature","id":27187,"geometry":{"type":"Polygon","coordinates":[[[112.7053097810001,-7.1023956749999684],[112.7052826260001,-7.102395774999934],[112.70528269300007,-7.1024138589999666],[112.70530079600007,-7.1024137919999362],[112.70530076300008,-7.1024047499999483],[112.70530981400009,-7.1024047169999562],[112.7053097810001,-7.1023956749999684]]]},"properties":{"OBJECTID":27187,"FID_mangrove_utm":27095,"OBJECTID_1":27095,"Name":"18102566,9293","FolderPath":"JATIM/JATIM","SymbolID":0,"AltMode":0,"Base":0,"Clamped":-1,"Extruded":0,"Snippet":"","PopupInfo":"\u003chtml xmlns:fo=\"http://www.w3.org/1999/XSL/Format\" xmlns:msxsl=\"urn:schemas-microsoft-com:xslt\"\u003e\n\u003chead\u003e\n\u003cMETA http-equiv=\"Content-Type\" content=\"text/html\"\u003e\n\u003cmeta http-equiv=\"content-type\" content=\"text/html; charset=UTF-8\"\u003e\n\u003c/head\u003e\n\u003cbody style=\"margin:0px 0px 0px 0px;overflow:auto;background:#FFFFFF;\"\u003e\n\u003ctable style=\"font-family:Arial,Verdana,Times;font-size:12px;text-align:left;width:100%;border-collapse:collapse;padding:3px 3px 3px 3px\"\u003e\n\u003ctr style=\"text-align:center;font-weight:bold;background:#9CBCE2\"\u003e\n\u003ctd\u003e18102566,9293\u003c/td\u003e\n\u003c/tr\u003e\n\u003ctr\u003e\n\u003ctd\u003e\n\u003ctable style=\"font-family:Arial,Verdana,Times;font-size:12px;text-align:left;width:100%;border-spacing:0px; padding:3px 3px 3px 3px\"\u003e\n\u003ctr\u003e\n\u003ctd\u003eFID\u003c/td\u003e\n\u003ctd\u003e0\u003c/td\u003e\n\u003c/tr\u003e\n\u003ctr bgcolor=\"#D4E4F3\"\u003e\n\u003ctd\u003eShape_Leng\u003c/td\u003e\n\u003ctd\u003e18102566,9293\u003c/td\u003e\n\u003c/tr\u003e\n\u003c/table\u003e\n\u003c/td\u003e\n\u003c/tr\u003e\n\u003c/table\u003e\n\u003c/body\u003e\u003cscript type=\"text/javascript\"\u003e\n\t\t\t\tfunction changeImage(attElement, nameElement) {\n\t\t\t\tdocument.getElementById('imageAttachment').src = attElement;\n\t\t\t\tdocument.getElementById('imageName').innerHTML = nameElement;}\n\t\t\t\u003c/script\u003e\u003c/html\u003e\n","FID_active_grids":150,"GridID":"M01","Shape_Length":9.0477612837891892e-05,"Shape_Area":4.0922388801162378e-10}},{"type":"Feature","id":27199,"geometry":{"type":"Polygon","coordinates":[[[112.70531004800011,-7.1024680099999387],[112.7053101140001,-7.1024860939999712],[112.70530106300009,-7.1024861269999633],[112.70530109600008,-7.1024951689999511],[112.70531014800008,-7.1024951359999591],[112.70531018100007,-7.1025041779999469],[112.70533733600007,-7.1025040779999813],[112.70533737000005,-7.1025131199999691],[112.70535547300005,-7.1025130529999387],[112.70535550600005,-7.1025220949999266],[112.70536455800004,-7.1025220619999345],[112.70536459100003,-7.1025311039999792],[112.70538269500003,-7.1025310369999488],[112.70538272800002,-7.1025400789999367],[112.70539178000001,-7.1025400459999446],[112.70539181300001,-7.1025490879999325],[112.70540991700011,-7.1025490209999589],[112.7054099500001,-7.1025580629999467],[112.70542805400009,-7.1025579959999732],[112.70542812000008,-7.1025760799999489],[112.70541906800008,-7.102576112999941],[112.70541910200006,-7.1025851549999288],[112.70542815300007,-7.1025851219999367],[112.70542822000004,-7.1026032059999693],[112.70540106500005,-7.1026033059999349],[112.70540103200005,-7.1025942639999471],[112.70539198000006,-7.1025942969999392],[112.70539191300008,-7.1025762129999634],[112.70537381000008,-7.102576279999937],[112.70537384300007,-7.1025853219999249],[112.70538289500007,-7.1025852879999434],[112.70538299500004,-7.1026124139999638],[112.70537394300004,-7.1026124469999559],[112.70537397600003,-7.1026214889999437],[112.70538302800003,-7.1026214559999516],[112.7053831610001,-7.1026576239999599],[112.70537411000009,-7.102657656999952],[112.70537414300009,-7.1026666989999399],[112.70538319500008,-7.1026666659999478],[112.70538329500005,-7.1026937909999788],[112.70542855300005,-7.1026936249999721],[112.70542858700003,-7.10270266699996],[112.70543763800003,-7.1027026329999785],[112.70543767200002,-7.1027116749999664],[112.70542862000002,-7.1027117089999479],[112.70542868700011,-7.1027297919999342],[112.70544679000011,-7.10272972599995],[112.70544675700012,-7.1027206839999621],[112.70545580900011,-7.1027206509999701],[112.70545584200011,-7.1027296919999685],[112.70546360700007,-7.1027296639999804],[112.70546360700007,-7.1026275139999484],[112.70540650000009,-7.1025132999999414],[112.70535415200004,-7.1023657729999741],[112.70533511600001,-7.1021896929999571],[112.7053337100001,-7.102169536999952],[112.70531800000003,-7.1021695939999745],[112.70531793300006,-7.1021515109999314],[112.70529983000006,-7.1021515769999723],[112.70529979600008,-7.1021425349999276],[112.70529074500007,-7.102142568999966],[112.7052906780001,-7.1021244849999334],[112.7052816260001,-7.1021245179999255],[112.70528159300011,-7.1021154759999376],[112.7052906450001,-7.1021154429999456],[112.70529061100001,-7.1021064009999577],[112.70529966300001,-7.1021063679999656],[112.70529963000001,-7.1020973259999778],[112.70530868200001,-7.1020972929999289],[112.70530871500011,-7.1021063339999273],[112.70531776700011,-7.1021063009999352],[112.7053178000001,-7.1021153429999799],[112.7053299260001,-7.1021152989999337],[112.70532083900002,-7.1019850589999578],[112.70534463400008,-7.1017851839999366],[112.70535079800004,-7.1017625829999815],[112.70533460400009,-7.1017626429999723],[112.70533473700004,-7.1017988099999343],[112.70532568600004,-7.1017988439999726],[112.70532565200006,-7.1017898019999279],[112.70531660000006,-7.1017898349999768],[112.70531663400004,-7.1017988769999647],[112.70530758200005,-7.1017989099999568],[112.70530764900002,-7.1018169939999325],[112.70529859700002,-7.1018170269999814],[112.70529866400011,-7.1018351109999571],[112.70528961200012,-7.1018351439999492],[112.70528981200005,-7.1018893959999332],[112.70528076000005,-7.1018894289999253],[112.70528079300004,-7.10189847099997],[112.70527174200004,-7.101898503999962],[112.70527194200008,-7.1019527549999566],[112.70526289000009,-7.1019527889999381],[112.70526299000005,-7.1019799139999691],[112.70525393800006,-7.1019799479999506],[112.70525400500003,-7.1019980309999369],[112.70524495300003,-7.1019980649999752],[112.70524498600003,-7.1020071069999631],[112.70525403800002,-7.1020070729999816],[112.70525407100001,-7.1020161149999694],[112.70524502000001,-7.1020161489999509],[112.70524541900011,-7.1021246509999401],[112.7052544710001,-7.102124617999948],[112.70525460400006,-7.1021607859999563],[112.70526365600006,-7.1021607519999748],[112.70526368900005,-7.1021697939999626],[112.70527274100004,-7.1021697609999705],[112.70527280800002,-7.1021878449999463],[112.70528186000001,-7.1021878109999648],[112.70528196000009,-7.1022149369999283],[112.7052910110001,-7.1022149039999363],[112.70529124400002,-7.1022781969999755],[112.70528219300002,-7.1022782299999676],[112.70528222600001,-7.1022872719999555],[112.70527317400001,-7.1022873049999475],[112.7052732410001,-7.1023053889999801],[112.70525513700011,-7.1023054559999537],[112.70525523700007,-7.1023325809999278],[112.70524618600007,-7.1023326149999662],[112.70524638600011,-7.1023868659999607],[112.70525543700001,-7.1023868329999686],[112.70525567100003,-7.1024501259999511],[112.70526472200004,-7.102450092999959],[112.70526475600002,-7.1024591349999469],[112.70528285900002,-7.1024590679999733],[112.70528282600003,-7.1024500259999286],[112.70527377400003,-7.1024500599999669],[112.70527374100004,-7.1024410179999791],[112.70526468900005,-7.1024410509999711],[112.70526465600005,-7.1024320089999264],[112.70527370700006,-7.1024319759999344],[112.70527367400007,-7.1024229339999465],[112.70526462200007,-7.1024229669999386],[112.70526455600009,-7.1024048829999629],[112.70527360700009,-7.1024048499999708],[112.70527354100011,-7.1023867659999382],[112.70526448900011,-7.1023867999999766],[112.70526435600004,-7.1023506319999683],[112.70528245900005,-7.1023505649999379],[112.70528242600005,-7.1023415239999395],[112.70529147800005,-7.102341489999958],[112.70529164400011,-7.1023866999999541],[112.7053097480001,-7.1023866329999805],[112.7053097810001,-7.1023956749999684],[112.70531883300009,-7.1023956419999763],[112.70531896600005,-7.1024318089999383],[112.70533707000004,-7.1024317429999542],[112.70533710300003,-7.102440784999942],[112.70534615500003,-7.1024407509999605],[112.70534618800002,-7.1024497929999484],[112.70535524000002,-7.1024497599999563],[112.70535527300001,-7.1024588019999442],[112.70534622100001,-7.1024588349999362],[112.70534625500011,-7.1024678769999809],[112.70531004800011,-7.1024680099999387]],[[112.70536445800008,-7.1024949359999709],[112.70534635500007,-7.1024950029999445],[112.70534632100009,-7.1024859609999567],[112.70536442500008,-7.1024858939999262],[112.70536445800008,-7.1024949359999709],[112.70537351000007,-7.1024949029999789],[112.70537357600006,-7.1025129869999546],[112.70536452500005,-7.1025130199999467],[112.70536445800008,-7.1024949359999709]],[[112.70533673600005,-7.1023413239999513],[112.70532768500004,-7.1023413569999434],[112.70532765100006,-7.1023323149999555],[112.70533670300006,-7.1023322819999635],[112.70533673600005,-7.1023413239999513]],[[112.70529144400007,-7.1023324479999701],[112.70526428900007,-7.1023325479999357],[112.70526425600008,-7.1023235059999479],[112.70528235900008,-7.1023234399999637],[112.7052822930001,-7.1023053559999312],[112.7052913440001,-7.1023053229999391],[112.70529144400007,-7.1023324479999701]],[[112.7053275180001,-7.1022961479999367],[112.7053365700001,-7.1022961139999552],[112.70533663600008,-7.1023141979999309],[112.70532758500008,-7.1023142309999798],[112.7053275180001,-7.1022961479999367]]]},"properties":{"OBJECTID":27199,"FID_mangrove_utm":27107,"OBJECTID_1":27107,"Name":"18102566,9293","FolderPath":"JATIM/JATIM","SymbolID":0,"AltMode":0,"Base":0,"Clamped":-1,"Extruded":0,"Snippet":"","PopupInfo":"\u003chtml xmlns:fo=\"http://www.w3.org/1999/XSL/Format\" xmlns:msxsl=\"urn:schemas-microsoft-com:xslt\"\u003e\n\u003chead\u003e\n\u003cMETA http-equiv=\"Content-Type\" content=\"text/html\"\u003e\n\u003cmeta http-equiv=\"content-type\" content=\"text/html; charset=UTF-8\"\u003e\n\u003c/head\u003e\n\u003cbody style=\"margin:0px 0px 0px 0px;overflow:auto;background:#FFFFFF;\"\u003e\n\u003ctable style=\"font-family:Arial,Verdana,Times;font-size:12px;text-align:left;width:100%;border-collapse:collapse;padding:3px 3px 3px 3px\"\u003e\n\u003ctr style=\"text-align:center;font-weight:bold;background:#9CBCE2\"\u003e\n\u003ctd\u003e18102566,9293\u003c/td\u003e\n\u003c/tr\u003e\n\u003ctr\u003e\n\u003ctd\u003e\n\u003ctable style=\"font-family:Arial,Verdana,Times;font-size:12px;text-align:left;width:100%;border-spacing:0px; padding:3px 3px 3px 3px\"\u003e\n\u003ctr\u003e\n\u003ctd\u003eFID\u003c/td\u003e\n\u003ctd\u003e0\u003c/td\u003e\n\u003c/tr\u003e\n\u003ctr bgcolor=\"#D4E4F3\"\u003e\n\u003ctd\u003eShape_Leng\u003c/td\u003e\n\u003ctd\u003e18102566,9293\u003c/td\u003e\n\u003c/tr\u003e\n\u003c/table\u003e\n\u003c/td\u003e\n\u003c/tr\u003e\n\u003c/table\u003e\n\u003c/body\u003e\u003cscript type=\"text/javascript\"\u003e\n\t\t\t\tfunction changeImage(attElement, nameElement) {\n\t\t\t\tdocument.getElementById('imageAttachment').src = attElement;\n\t\t\t\tdocument.getElementById('imageName').innerHTML = nameElement;}\n\t\t\t\u003c/script\u003e\u003c/html\u003e\n","FID_active_grids":150,"GridID":"M01","Shape_Length":0.0035235753574854992,"Shape_Area":5.5960966100421867e-08}},{"type":"Feature","id":27200,"geometry":{"type":"Polygon","coordinates":[[[112.70535326700008,-7.1017535319999752],[112.7053526740001,-7.101753533999954],[112.70535268200001,-7.1017556749999358],[112.70535326700008,-7.1017535319999752]]]},"properties":{"OBJECTID":27200,"FID_mangrove_utm":27108,"OBJECTID_1":27108,"Name":"18102566,9293","FolderPath":"JATIM/JATIM","SymbolID":0,"AltMode":0,"Base":0,"Clamped":-1,"Extruded":0,"Snippet":"","PopupInfo":"\u003chtml xmlns:fo=\"http://www.w3.org/1999/XSL/Format\" xmlns:msxsl=\"urn:schemas-microsoft-com:xslt\"\u003e\n\u003chead\u003e\n\u003cMETA http-equiv=\"Content-Type\" content=\"text/html\"\u003e\n\u003cmeta http-equiv=\"content-type\" content=\"text/html; charset=UTF-8\"\u003e\n\u003c/head\u003e\n\u003cbody style=\"margin:0px 0px 0px 0px;overflow:auto;background:#FFFFFF;\"\u003e\n\u003ctable style=\"font-family:Arial,Verdana,Times;font-size:12px;text-align:left;width:100%;border-collapse:collapse;padding:3px 3px 3px 3px\"\u003e\n\u003ctr style=\"text-align:center;font-weight:bold;background:#9CBCE2\"\u003e\n\u003ctd\u003e18102566,9293\u003c/td\u003e\n\u003c/tr\u003e\n\u003ctr\u003e\n\u003ctd\u003e\n\u003ctable style=\"font-family:Arial,Verdana,Times;font-size:12px;text-align:left;width:100%;border-spacing:0px; padding:3px 3px 3px 3px\"\u003e\n\u003ctr\u003e\n\u003ctd\u003eFID\u003c/td\u003e\n\u003ctd\u003e0\u003c/td\u003e\n\u003c/tr\u003e\n\u003ctr bgcolor=\"#D4E4F3\"\u003e\n\u003ctd\u003eShape_Leng\u003c/td\u003e\n\u003ctd\u003e18102566,9293\u003c/td\u003e\n\u003c/tr\u003e\n\u003c/table\u003e\n\u003c/td\u003e\n\u003c/tr\u003e\n\u003c/table\u003e\n\u003c/body\u003e\u003cscript type=\"text/javascript\"\u003e\n\t\t\t\tfunction changeImage(attElement, nameElement) {\n\t\t\t\tdocument.getElementById('imageAttachment').src = attElement;\n\t\t\t\tdocument.getElementById('imageName').innerHTML = nameElement;}\n\t\t\t\u003c/script\u003e\u003c/html\u003e\n","FID_active_grids":150,"GridID":"M01","Shape_Length":4.9554308748743625e-06,"Shape_Area":6.3481447468274711e-13}},{"type":"Feature","id":27201,"geometry":{"type":"Polygon","coordinates":[[[112.70536560900007,-7.1017082769999433],[112.70536807800011,-7.101699225999937],[112.70536152600005,-7.1016992499999674],[112.70536155900004,-7.1017082919999552],[112.70536560900007,-7.1017082769999433]]]},"properties":{"OBJECTID":27201,"FID_mangrove_utm":27109,"OBJECTID_1":27109,"Name":"18102566,9293","FolderPath":"JATIM/JATIM","SymbolID":0,"AltMode":0,"Base":0,"Clamped":-1,"Extruded":0,"Snippet":"","PopupInfo":"\u003chtml xmlns:fo=\"http://www.w3.org/1999/XSL/Format\" xmlns:msxsl=\"urn:schemas-microsoft-com:xslt\"\u003e\n\u003chead\u003e\n\u003cMETA http-equiv=\"Content-Type\" content=\"text/html\"\u003e\n\u003cmeta http-equiv=\"content-type\" content=\"text/html; charset=UTF-8\"\u003e\n\u003c/head\u003e\n\u003cbody style=\"margin:0px 0px 0px 0px;overflow:auto;background:#FFFFFF;\"\u003e\n\u003ctable style=\"font-family:Arial,Verdana,Times;font-size:12px;text-align:left;width:100%;border-collapse:collapse;padding:3px 3px 3px 3px\"\u003e\n\u003ctr style=\"text-align:center;font-weight:bold;background:#9CBCE2\"\u003e\n\u003ctd\u003e18102566,9293\u003c/td\u003e\n\u003c/tr\u003e\n\u003ctr\u003e\n\u003ctd\u003e\n\u003ctable style=\"font-family:Arial,Verdana,Times;font-size:12px;text-align:left;width:100%;border-spacing:0px; padding:3px 3px 3px 3px\"\u003e\n\u003ctr\u003e\n\u003ctd\u003eFID\u003c/td\u003e\n\u003ctd\u003e0\u003c/td\u003e\n\u003c/tr\u003e\n\u003ctr bgcolor=\"#D4E4F3\"\u003e\n\u003ctd\u003eShape_Leng\u003c/td\u003e\n\u003ctd\u003e18102566,9293\u003c/td\u003e\n\u003c/tr\u003e\n\u003c/table\u003e\n\u003c/td\u003e\n\u003c/tr\u003e\n\u003c/table\u003e\n\u003c/body\u003e\u003cscript type=\"text/javascript\"\u003e\n\t\t\t\tfunction changeImage(attElement, nameElement) {\n\t\t\t\tdocument.getElementById('imageAttachment').src = attElement;\n\t\t\t\tdocument.getElementById('imageName').innerHTML = nameElement;}\n\t\t\t\u003c/script\u003e\u003c/html\u003e\n","FID_active_grids":150,"GridID":"M01","Shape_Length":2.9025846280493434e-05,"Shape_Area":4.7931745858841198e-11}},{"type":"Feature","id":27202,"geometry":{"type":"Polygon","coordinates":[[[112.70537301500008,-7.1016811229999348],[112.70537051100007,-7.1016811329999427],[112.70537054400006,-7.1016901809999808],[112.70537301500008,-7.1016811229999348]]]},"properties":{"OBJECTID":27202,"FID_mangrove_utm":27110,"OBJECTID_1":27110,"Name":"18102566,9293","FolderPath":"JATIM/JATIM","SymbolID":0,"AltMode":0,"Base":0,"Clamped":-1,"Extruded":0,"Snippet":"","PopupInfo":"\u003chtml xmlns:fo=\"http://www.w3.org/1999/XSL/Format\" xmlns:msxsl=\"urn:schemas-microsoft-com:xslt\"\u003e\n\u003chead\u003e\n\u003cMETA http-equiv=\"Content-Type\" content=\"text/html\"\u003e\n\u003cmeta http-equiv=\"content-type\" content=\"text/html; charset=UTF-8\"\u003e\n\u003c/head\u003e\n\u003cbody style=\"margin:0px 0px 0px 0px;overflow:auto;background:#FFFFFF;\"\u003e\n\u003ctable style=\"font-family:Arial,Verdana,Times;font-size:12px;text-align:left;width:100%;border-collapse:collapse;padding:3px 3px 3px 3px\"\u003e\n\u003ctr style=\"text-align:center;font-weight:bold;background:#9CBCE2\"\u003e\n\u003ctd\u003e18102566,9293\u003c/td\u003e\n\u003c/tr\u003e\n\u003ctr\u003e\n\u003ctd\u003e\n\u003ctable style=\"font-family:Arial,Verdana,Times;font-size:12px;text-align:left;width:100%;border-spacing:0px; padding:3px 3px 3px 3px\"\u003e\n\u003ctr\u003e\n\u003ctd\u003eFID\u003c/td\u003e\n\u003ctd\u003e0\u003c/td\u003e\n\u003c/tr\u003e\n\u003ctr bgcolor=\"#D4E4F3\"\u003e\n\u003ctd\u003eShape_Leng\u003c/td\u003e\n\u003ctd\u003e18102566,9293\u003c/td\u003e\n\u003c/tr\u003e\n\u003c/table\u003e\n\u003c/td\u003e\n\u003c/tr\u003e\n\u003c/table\u003e\n\u003c/body\u003e\u003cscript type=\"text/javascript\"\u003e\n\t\t\t\tfunction changeImage(attElement, nameElement) {\n\t\t\t\tdocument.getElementById('imageAttachment').src = attElement;\n\t\t\t\tdocument.getElementById('imageName').innerHTML = nameElement;}\n\t\t\t\u003c/script\u003e\u003c/html\u003e\n","FID_active_grids":150,"GridID":"M01","Shape_Length":2.0941074064352065e-05,"Shape_Area":1.1328261085014785e-11}},{"type":"Feature","id":27207,"geometry":{"type":"Polygon","coordinates":[[[112.70537704000003,-7.1015726039999549],[112.70537794600011,-7.1015472379999665],[112.70537511800001,-7.1014821909999455],[112.70536977800009,-7.1014822109999614],[112.70536987800006,-7.1015093369999249],[112.70536082600006,-7.1015093699999738],[112.70536086000004,-7.1015184119999617],[112.70536991100005,-7.1015183789999696],[112.70537011100009,-7.1015726299999642],[112.70537704000003,-7.1015726039999549]]]},"properties":{"OBJECTID":27207,"FID_mangrove_utm":27115,"OBJECTID_1":27115,"Name":"18102566,9293","FolderPath":"JATIM/JATIM","SymbolID":0,"AltMode":0,"Base":0,"Clamped":-1,"Extruded":0,"Snippet":"","PopupInfo":"\u003chtml xmlns:fo=\"http://www.w3.org/1999/XSL/Format\" xmlns:msxsl=\"urn:schemas-microsoft-com:xslt\"\u003e\n\u003chead\u003e\n\u003cMETA http-equiv=\"Content-Type\" content=\"text/html\"\u003e\n\u003cmeta http-equiv=\"content-type\" content=\"text/html; charset=UTF-8\"\u003e\n\u003c/head\u003e\n\u003cbody style=\"margin:0px 0px 0px 0px;overflow:auto;background:#FFFFFF;\"\u003e\n\u003ctable style=\"font-family:Arial,Verdana,Times;font-size:12px;text-align:left;width:100%;border-collapse:collapse;padding:3px 3px 3px 3px\"\u003e\n\u003ctr style=\"text-align:center;font-weight:bold;background:#9CBCE2\"\u003e\n\u003ctd\u003e18102566,9293\u003c/td\u003e\n\u003c/tr\u003e\n\u003ctr\u003e\n\u003ctd\u003e\n\u003ctable style=\"font-family:Arial,Verdana,Times;font-size:12px;text-align:left;width:100%;border-spacing:0px; padding:3px 3px 3px 3px\"\u003e\n\u003ctr\u003e\n\u003ctd\u003eFID\u003c/td\u003e\n\u003ctd\u003e0\u003c/td\u003e\n\u003c/tr\u003e\n\u003ctr bgcolor=\"#D4E4F3\"\u003e\n\u003ctd\u003eShape_Leng\u003c/td\u003e\n\u003ctd\u003e18102566,9293\u003c/td\u003e\n\u003c/tr\u003e\n\u003c/table\u003e\n\u003c/td\u003e\n\u003c/tr\u003e\n\u003c/table\u003e\n\u003c/body\u003e\u003cscript type=\"text/javascript\"\u003e\n\t\t\t\tfunction changeImage(attElement, nameElement) {\n\t\t\t\tdocument.getElementById('imageAttachment').src = attElement;\n\t\t\t\tdocument.getElementById('imageName').innerHTML = nameElement;}\n\t\t\t\u003c/script\u003e\u003c/html\u003e\n","FID_active_grids":150,"GridID":"M01","Shape_Length":0.00021128244435990047,"Shape_Area":7.0186605509656463e-10}},{"type":"Feature","id":27237,"geometry":{"type":"Polygon","coordinates":[[[112.70536367000011,-7.1012188729999366],[112.70540810500006,-7.1009033809999664],[112.70540385300001,-7.1009033969999678],[112.7054039190001,-7.100921479999954],[112.7053948680001,-7.1009215139999355],[112.70539496700007,-7.1009486389999665],[112.70538591600007,-7.100948672999948],[112.70538604900003,-7.1009848399999669],[112.70537699700003,-7.1009848739999484],[112.70537726400005,-7.1010572089999755],[112.70536821200005,-7.1010572419999676],[112.70536824500005,-7.1010662839999554],[112.70535919400004,-7.1010663169999475],[112.70535959400002,-7.1011748199999261],[112.70535054200002,-7.101174852999975],[112.70535084200003,-7.1012562299999331],[112.70535989300004,-7.101256196999941],[112.70535996000001,-7.1012742809999736],[112.70536607800011,-7.1012742579999326],[112.70536367000011,-7.1012188729999366]]]},"properties":{"OBJECTID":27237,"FID_mangrove_utm":27145,"OBJECTID_1":27145,"Name":"18102566,9293","FolderPath":"JATIM/JATIM","SymbolID":0,"AltMode":0,"Base":0,"Clamped":-1,"Extruded":0,"Snippet":"","PopupInfo":"\u003chtml xmlns:fo=\"http://www.w3.org/1999/XSL/Format\" xmlns:msxsl=\"urn:schemas-microsoft-com:xslt\"\u003e\n\u003chead\u003e\n\u003cMETA http-equiv=\"Content-Type\" content=\"text/html\"\u003e\n\u003cmeta http-equiv=\"content-type\" content=\"text/html; charset=UTF-8\"\u003e\n\u003c/head\u003e\n\u003cbody style=\"margin:0px 0px 0px 0px;overflow:auto;background:#FFFFFF;\"\u003e\n\u003ctable style=\"font-family:Arial,Verdana,Times;font-size:12px;text-align:left;width:100%;border-collapse:collapse;padding:3px 3px 3px 3px\"\u003e\n\u003ctr style=\"text-align:center;font-weight:bold;background:#9CBCE2\"\u003e\n\u003ctd\u003e18102566,9293\u003c/td\u003e\n\u003c/tr\u003e\n\u003ctr\u003e\n\u003ctd\u003e\n\u003ctable style=\"font-family:Arial,Verdana,Times;font-size:12px;text-align:left;width:100%;border-spacing:0px; padding:3px 3px 3px 3px\"\u003e\n\u003ctr\u003e\n\u003ctd\u003eFID\u003c/td\u003e\n\u003ctd\u003e0\u003c/td\u003e\n\u003c/tr\u003e\n\u003ctr bgcolor=\"#D4E4F3\"\u003e\n\u003ctd\u003eShape_Leng\u003c/td\u003e\n\u003ctd\u003e18102566,9293\u003c/td\u003e\n\u003c/tr\u003e\n\u003c/table\u003e\n\u003c/td\u003e\n\u003c/tr\u003e\n\u003c/table\u003e\n\u003c/body\u003e\u003cscript type=\"text/javascript\"\u003e\n\t\t\t\tfunction changeImage(attElement, nameElement) {\n\t\t\t\tdocument.getElementById('imageAttachment').src = attElement;\n\t\t\t\tdocument.getElementById('imageName').innerHTML = nameElement;}\n\t\t\t\u003c/script\u003e\u003c/html\u003e\n","FID_active_grids":150,"GridID":"M01","Shape_Length":0.00081849216520165041,"Shape_Area":5.2635055365523664e-09}},{"type":"Feature","id":27263,"geometry":{"type":"Polygon","coordinates":[[[112.70566824100001,-7.100524069999949],[112.7057244770001,-7.100495326999976],[112.70567390400004,-7.1004955129999416],[112.70567393800002,-7.1005045549999295],[112.70566488600002,-7.1005045879999784],[112.70566491900001,-7.1005136299999663],[112.70564681600001,-7.1005136969999398],[112.705646849,-7.1005227389999277],[112.70559253900001,-7.1005229379999264],[112.70559257200011,-7.1005319799999711],[112.70558352100011,-7.1005320139999526],[112.7055835540001,-7.100541054999951],[112.7055654510001,-7.1005411219999814],[112.70556551700008,-7.1005592059999572],[112.70555646600008,-7.1005592389999492],[112.70555649900007,-7.1005682809999371],[112.70553839500008,-7.1005683469999781],[112.70553842900006,-7.1005773889999659],[112.70552937700006,-7.1005774229999474],[112.70552947700003,-7.1006045479999784],[112.70552042500003,-7.1006045819999599],[112.70552052500011,-7.1006317069999341],[112.7055114740001,-7.1006317409999724],[112.70551154000009,-7.1006498239999587],[112.70550248900008,-7.1006498579999402],[112.70550252200007,-7.1006588999999281],[112.70549347000008,-7.100658932999977],[112.70549360300004,-7.100695099999939],[112.70548455200003,-7.1006951339999773],[112.70548458500002,-7.1007041759999652],[112.70547553300003,-7.1007042089999572],[112.70547556700001,-7.1007132509999451],[112.70546651500001,-7.1007132839999372],[112.7054665820001,-7.1007313679999697],[112.70547563300011,-7.1007313349999777],[112.70547566700009,-7.1007403759999761],[112.70546661500009,-7.1007404099999576],[112.70546664800008,-7.1007494519999454],[112.70545759600009,-7.1007494849999375],[112.70545763000007,-7.1007585269999254],[112.70544857800007,-7.1007585599999743],[112.70544867800004,-7.1007856859999379],[112.70543962600004,-7.1007857189999299],[112.70543966000002,-7.1007947609999746],[112.70543060800003,-7.1007947939999667],[112.7054307410001,-7.100830961999975],[112.7054216890001,-7.1008309949999671],[112.70542179400002,-7.100859459999981],[112.70552071400004,-7.1006573199999252],[112.70566824100001,-7.100524069999949]]]},"properties":{"OBJECTID":27263,"FID_mangrove_utm":27171,"OBJECTID_1":27171,"Name":"18102566,9293","FolderPath":"JATIM/JATIM","SymbolID":0,"AltMode":0,"Base":0,"Clamped":-1,"Extruded":0,"Snippet":"","PopupInfo":"\u003chtml xmlns:fo=\"http://www.w3.org/1999/XSL/Format\" xmlns:msxsl=\"urn:schemas-microsoft-com:xslt\"\u003e\n\u003chead\u003e\n\u003cMETA http-equiv=\"Content-Type\" content=\"text/html\"\u003e\n\u003cmeta http-equiv=\"content-type\" content=\"text/html; charset=UTF-8\"\u003e\n\u003c/head\u003e\n\u003cbody style=\"margin:0px 0px 0px 0px;overflow:auto;background:#FFFFFF;\"\u003e\n\u003ctable style=\"font-family:Arial,Verdana,Times;font-size:12px;text-align:left;width:100%;border-collapse:collapse;padding:3px 3px 3px 3px\"\u003e\n\u003ctr style=\"text-align:center;font-weight:bold;background:#9CBCE2\"\u003e\n\u003ctd\u003e18102566,9293\u003c/td\u003e\n\u003c/tr\u003e\n\u003ctr\u003e\n\u003ctd\u003e\n\u003ctable style=\"font-family:Arial,Verdana,Times;font-size:12px;text-align:left;width:100%;border-spacing:0px; padding:3px 3px 3px 3px\"\u003e\n\u003ctr\u003e\n\u003ctd\u003eFID\u003c/td\u003e\n\u003ctd\u003e0\u003c/td\u003e\n\u003c/tr\u003e\n\u003ctr bgcolor=\"#D4E4F3\"\u003e\n\u003ctd\u003eShape_Leng\u003c/td\u003e\n\u003ctd\u003e18102566,9293\u003c/td\u003e\n\u003c/tr\u003e\n\u003c/table\u003e\n\u003c/td\u003e\n\u003c/tr\u003e\n\u003c/table\u003e\n\u003c/body\u003e\u003cscript type=\"text/javascript\"\u003e\n\t\t\t\tfunction changeImage(attElement, nameElement) {\n\t\t\t\tdocument.getElementById('imageAttachment').src = attElement;\n\t\t\t\tdocument.getElementById('imageName').innerHTML = nameElement;}\n\t\t\t\u003c/script\u003e\u003c/html\u003e\n","FID_active_grids":150,"GridID":"M01","Shape_Length":0.0011721383095946874,"Shape_Area":1.1509507859782252e-08}},{"type":"Feature","id":27265,"geometry":{"type":"Polygon","coordinates":[[[112.70574229600004,-7.1004862199999366],[112.70573723300004,-7.1004862379999736],[112.70573724200005,-7.100488802999962],[112.70574229600004,-7.1004862199999366]]]},"properties":{"OBJECTID":27265,"FID_mangrove_utm":27173,"OBJECTID_1":27173,"Name":"18102566,9293","FolderPath":"JATIM/JATIM","SymbolID":0,"AltMode":0,"Base":0,"Clamped":-1,"Extruded":0,"Snippet":"","PopupInfo":"\u003chtml xmlns:fo=\"http://www.w3.org/1999/XSL/Format\" xmlns:msxsl=\"urn:schemas-microsoft-com:xslt\"\u003e\n\u003chead\u003e\n\u003cMETA http-equiv=\"Content-Type\" content=\"text/html\"\u003e\n\u003cmeta http-equiv=\"content-type\" content=\"text/html; charset=UTF-8\"\u003e\n\u003c/head\u003e\n\u003cbody style=\"margin:0px 0px 0px 0px;overflow:auto;background:#FFFFFF;\"\u003e\n\u003ctable style=\"font-family:Arial,Verdana,Times;font-size:12px;text-align:left;width:100%;border-collapse:collapse;padding:3px 3px 3px 3px\"\u003e\n\u003ctr style=\"text-align:center;font-weight:bold;background:#9CBCE2\"\u003e\n\u003ctd\u003e18102566,9293\u003c/td\u003e\n\u003c/tr\u003e\n\u003ctr\u003e\n\u003ctd\u003e\n\u003ctable style=\"font-family:Arial,Verdana,Times;font-size:12px;text-align:left;width:100%;border-spacing:0px; padding:3px 3px 3px 3px\"\u003e\n\u003ctr\u003e\n\u003ctd\u003eFID\u003c/td\u003e\n\u003ctd\u003e0\u003c/td\u003e\n\u003c/tr\u003e\n\u003ctr bgcolor=\"#D4E4F3\"\u003e\n\u003ctd\u003eShape_Leng\u003c/td\u003e\n\u003ctd\u003e18102566,9293\u003c/td\u003e\n\u003c/tr\u003e\n\u003c/table\u003e\n\u003c/td\u003e\n\u003c/tr\u003e\n\u003c/table\u003e\n\u003c/body\u003e\u003cscript type=\"text/javascript\"\u003e\n\t\t\t\tfunction changeImage(attElement, nameElement) {\n\t\t\t\tdocument.getElementById('imageAttachment').src = attElement;\n\t\t\t\tdocument.getElementById('imageName').innerHTML = nameElement;}\n\t\t\t\u003c/script\u003e\u003c/html\u003e\n","FID_active_grids":150,"GridID":"M01","Shape_Length":1.3303856528940996e-05,"Shape_Area":6.4933784751525028e-12}},{"type":"Feature","id":27266,"geometry":{"type":"Polygon","coordinates":[[[112.70576011500009,-7.1004771119999646],[112.70574625100005,-7.1004771629999368],[112.70574627700012,-7.1004841849999707],[112.70576011500009,-7.1004771119999646]]]},"properties":{"OBJECTID":27266,"FID_mangrove_utm":27174,"OBJECTID_1":27174,"Name":"18102566,9293","FolderPath":"JATIM/JATIM","SymbolID":0,"AltMode":0,"Base":0,"Clamped":-1,"Extruded":0,"Snippet":"","PopupInfo":"\u003chtml xmlns:fo=\"http://www.w3.org/1999/XSL/Format\" xmlns:msxsl=\"urn:schemas-microsoft-com:xslt\"\u003e\n\u003chead\u003e\n\u003cMETA http-equiv=\"Content-Type\" content=\"text/html\"\u003e\n\u003cmeta http-equiv=\"content-type\" content=\"text/html; charset=UTF-8\"\u003e\n\u003c/head\u003e\n\u003cbody style=\"margin:0px 0px 0px 0px;overflow:auto;background:#FFFFFF;\"\u003e\n\u003ctable style=\"font-family:Arial,Verdana,Times;font-size:12px;text-align:left;width:100%;border-collapse:collapse;padding:3px 3px 3px 3px\"\u003e\n\u003ctr style=\"text-align:center;font-weight:bold;background:#9CBCE2\"\u003e\n\u003ctd\u003e18102566,9293\u003c/td\u003e\n\u003c/tr\u003e\n\u003ctr\u003e\n\u003ctd\u003e\n\u003ctable style=\"font-family:Arial,Verdana,Times;font-size:12px;text-align:left;width:100%;border-spacing:0px; padding:3px 3px 3px 3px\"\u003e\n\u003ctr\u003e\n\u003ctd\u003eFID\u003c/td\u003e\n\u003ctd\u003e0\u003c/td\u003e\n\u003c/tr\u003e\n\u003ctr bgcolor=\"#D4E4F3\"\u003e\n\u003ctd\u003eShape_Leng\u003c/td\u003e\n\u003ctd\u003e18102566,9293\u003c/td\u003e\n\u003c/tr\u003e\n\u003c/table\u003e\n\u003c/td\u003e\n\u003c/tr\u003e\n\u003c/table\u003e\n\u003c/body\u003e\u003cscript type=\"text/javascript\"\u003e\n\t\t\t\tfunction changeImage(attElement, nameElement) {\n\t\t\t\tdocument.getElementById('imageAttachment').src = attElement;\n\t\t\t\tdocument.getElementById('imageName').innerHTML = nameElement;}\n\t\t\t\u003c/script\u003e\u003c/html\u003e\n","FID_active_grids":150,"GridID":"M01","Shape_Length":3.6426977648746023e-05,"Shape_Area":4.8677167371971159e-11}},{"type":"Feature","id":27267,"geometry":{"type":"Polygon","coordinates":[[[112.70579575300007,-7.1004588969999531],[112.70579144300007,-7.1004589129999545],[112.7057914510001,-7.1004610959999468],[112.70579575300007,-7.1004588969999531]]]},"properties":{"OBJECTID":27267,"FID_mangrove_utm":27175,"OBJECTID_1":27175,"Name":"18102566,9293","FolderPath":"JATIM/JATIM","SymbolID":0,"AltMode":0,"Base":0,"Clamped":-1,"Extruded":0,"Snippet":"","PopupInfo":"\u003chtml xmlns:fo=\"http://www.w3.org/1999/XSL/Format\" xmlns:msxsl=\"urn:schemas-microsoft-com:xslt\"\u003e\n\u003chead\u003e\n\u003cMETA http-equiv=\"Content-Type\" content=\"text/html\"\u003e\n\u003cmeta http-equiv=\"content-type\" content=\"text/html; charset=UTF-8\"\u003e\n\u003c/head\u003e\n\u003cbody style=\"margin:0px 0px 0px 0px;overflow:auto;background:#FFFFFF;\"\u003e\n\u003ctable style=\"font-family:Arial,Verdana,Times;font-size:12px;text-align:left;width:100%;border-collapse:collapse;padding:3px 3px 3px 3px\"\u003e\n\u003ctr style=\"text-align:center;font-weight:bold;background:#9CBCE2\"\u003e\n\u003ctd\u003e18102566,9293\u003c/td\u003e\n\u003c/tr\u003e\n\u003ctr\u003e\n\u003ctd\u003e\n\u003ctable style=\"font-family:Arial,Verdana,Times;font-size:12px;text-align:left;width:100%;border-spacing:0px; padding:3px 3px 3px 3px\"\u003e\n\u003ctr\u003e\n\u003ctd\u003eFID\u003c/td\u003e\n\u003ctd\u003e0\u003c/td\u003e\n\u003c/tr\u003e\n\u003ctr bgcolor=\"#D4E4F3\"\u003e\n\u003ctd\u003eShape_Leng\u003c/td\u003e\n\u003ctd\u003e18102566,9293\u003c/td\u003e\n\u003c/tr\u003e\n\u003c/table\u003e\n\u003c/td\u003e\n\u003c/tr\u003e\n\u003c/table\u003e\n\u003c/body\u003e\u003cscript type=\"text/javascript\"\u003e\n\t\t\t\tfunction changeImage(attElement, nameElement) {\n\t\t\t\tdocument.getElementById('imageAttachment').src = attElement;\n\t\t\t\tdocument.getElementById('imageName').innerHTML = nameElement;}\n\t\t\t\u003c/script\u003e\u003c/html\u003e\n","FID_active_grids":150,"GridID":"M01","Shape_Length":1.1324483563135648e-05,"Shape_Area":4.7044289929234584e-12}},{"type":"Feature","id":27268,"geometry":{"type":"Polygon","coordinates":[[[112.70581357200001,-7.1004497889999811],[112.70580951300008,-7.1004498039999362],[112.70580952100011,-7.1004518599999642],[112.70581357200001,-7.1004497889999811]]]},"properties":{"OBJECTID":27268,"FID_mangrove_utm":27176,"OBJECTID_1":27176,"Name":"18102566,9293","FolderPath":"JATIM/JATIM","SymbolID":0,"AltMode":0,"Base":0,"Clamped":-1,"Extruded":0,"Snippet":"","PopupInfo":"\u003chtml xmlns:fo=\"http://www.w3.org/1999/XSL/Format\" xmlns:msxsl=\"urn:schemas-microsoft-com:xslt\"\u003e\n\u003chead\u003e\n\u003cMETA http-equiv=\"Content-Type\" content=\"text/html\"\u003e\n\u003cmeta http-equiv=\"content-type\" content=\"text/html; charset=UTF-8\"\u003e\n\u003c/head\u003e\n\u003cbody style=\"margin:0px 0px 0px 0px;overflow:auto;background:#FFFFFF;\"\u003e\n\u003ctable style=\"font-family:Arial,Verdana,Times;font-size:12px;text-align:left;width:100%;border-collapse:collapse;padding:3px 3px 3px 3px\"\u003e\n\u003ctr style=\"text-align:center;font-weight:bold;background:#9CBCE2\"\u003e\n\u003ctd\u003e18102566,9293\u003c/td\u003e\n\u003c/tr\u003e\n\u003ctr\u003e\n\u003ctd\u003e\n\u003ctable style=\"font-family:Arial,Verdana,Times;font-size:12px;text-align:left;width:100%;border-spacing:0px; padding:3px 3px 3px 3px\"\u003e\n\u003ctr\u003e\n\u003ctd\u003eFID\u003c/td\u003e\n\u003ctd\u003e0\u003c/td\u003e\n\u003c/tr\u003e\n\u003ctr bgcolor=\"#D4E4F3\"\u003e\n\u003ctd\u003eShape_Leng\u003c/td\u003e\n\u003ctd\u003e18102566,9293\u003c/td\u003e\n\u003c/tr\u003e\n\u003c/table\u003e\n\u003c/td\u003e\n\u003c/tr\u003e\n\u003c/table\u003e\n\u003c/body\u003e\u003cscript type=\"text/javascript\"\u003e\n\t\t\t\tfunction changeImage(attElement, nameElement) {\n\t\t\t\tdocument.getElementById('imageAttachment').src = attElement;\n\t\t\t\tdocument.getElementById('imageName').innerHTML = nameElement;}\n\t\t\t\u003c/script\u003e\u003c/html\u003e\n","FID_active_grids":150,"GridID":"M01","Shape_Length":1.0664729073772628e-05,"Shape_Area":4.1727119894251698e-12}},{"type":"Feature","id":27269,"geometry":{"type":"Polygon","coordinates":[[[112.70588239200003,-7.1004146149999769],[112.70588367900007,-7.1004043219999744],[112.70588176000001,-7.1004043289999572],[112.70588179900005,-7.1004149179999558],[112.70588239200003,-7.1004146149999769]]]},"properties":{"OBJECTID":27269,"FID_mangrove_utm":27177,"OBJECTID_1":27177,"Name":"18102566,9293","FolderPath":"JATIM/JATIM","SymbolID":0,"AltMode":0,"Base":0,"Clamped":-1,"Extruded":0,"Snippet":"","PopupInfo":"\u003chtml xmlns:fo=\"http://www.w3.org/1999/XSL/Format\" xmlns:msxsl=\"urn:schemas-microsoft-com:xslt\"\u003e\n\u003chead\u003e\n\u003cMETA http-equiv=\"Content-Type\" content=\"text/html\"\u003e\n\u003cmeta http-equiv=\"content-type\" content=\"text/html; charset=UTF-8\"\u003e\n\u003c/head\u003e\n\u003cbody style=\"margin:0px 0px 0px 0px;overflow:auto;background:#FFFFFF;\"\u003e\n\u003ctable style=\"font-family:Arial,Verdana,Times;font-size:12px;text-align:left;width:100%;border-collapse:collapse;padding:3px 3px 3px 3px\"\u003e\n\u003ctr style=\"text-align:center;font-weight:bold;background:#9CBCE2\"\u003e\n\u003ctd\u003e18102566,9293\u003c/td\u003e\n\u003c/tr\u003e\n\u003ctr\u003e\n\u003ctd\u003e\n\u003ctable style=\"font-family:Arial,Verdana,Times;font-size:12px;text-align:left;width:100%;border-spacing:0px; padding:3px 3px 3px 3px\"\u003e\n\u003ctr\u003e\n\u003ctd\u003eFID\u003c/td\u003e\n\u003ctd\u003e0\u003c/td\u003e\n\u003c/tr\u003e\n\u003ctr bgcolor=\"#D4E4F3\"\u003e\n\u003ctd\u003eShape_Leng\u003c/td\u003e\n\u003ctd\u003e18102566,9293\u003c/td\u003e\n\u003c/tr\u003e\n\u003c/table\u003e\n\u003c/td\u003e\n\u003c/tr\u003e\n\u003c/table\u003e\n\u003c/body\u003e\u003cscript type=\"text/javascript\"\u003e\n\t\t\t\tfunction changeImage(attElement, nameElement) {\n\t\t\t\tdocument.getElementById('imageAttachment').src = attElement;\n\t\t\t\tdocument.getElementById('imageName').innerHTML = nameElement;}\n\t\t\t\u003c/script\u003e\u003c/html\u003e\n","FID_active_grids":150,"GridID":"M01","Shape_Length":2.3547159938978568e-05,"Shape_Area":1.3017176208284872e-11}},{"type":"Feature","id":27313,"geometry":{"type":"Polygon","coordinates":[[[112.7058978980001,-7.0998707909999439],[112.70588884600011,-7.099870823999936],[112.70588891300008,-7.0998889079999685],[112.70589796400009,-7.0998888739999302],[112.7058978980001,-7.0998707909999439]]]},"properties":{"OBJECTID":27313,"FID_mangrove_utm":27221,"OBJECTID_1":27221,"Name":"18102566,9293","FolderPath":"JATIM/JATIM","SymbolID":0,"AltMode":0,"Base":0,"Clamped":-1,"Extruded":0,"Snippet":"","PopupInfo":"\u003chtml xmlns:fo=\"http://www.w3.org/1999/XSL/Format\" xmlns:msxsl=\"urn:schemas-microsoft-com:xslt\"\u003e\n\u003chead\u003e\n\u003cMETA http-equiv=\"Content-Type\" content=\"text/html\"\u003e\n\u003cmeta http-equiv=\"content-type\" content=\"text/html; charset=UTF-8\"\u003e\n\u003c/head\u003e\n\u003cbody style=\"margin:0px 0px 0px 0px;overflow:auto;background:#FFFFFF;\"\u003e\n\u003ctable style=\"font-family:Arial,Verdana,Times;font-size:12px;text-align:left;width:100%;border-collapse:collapse;padding:3px 3px 3px 3px\"\u003e\n\u003ctr style=\"text-align:center;font-weight:bold;background:#9CBCE2\"\u003e\n\u003ctd\u003e18102566,9293\u003c/td\u003e\n\u003c/tr\u003e\n\u003ctr\u003e\n\u003ctd\u003e\n\u003ctable style=\"font-family:Arial,Verdana,Times;font-size:12px;text-align:left;width:100%;border-spacing:0px; padding:3px 3px 3px 3px\"\u003e\n\u003ctr\u003e\n\u003ctd\u003eFID\u003c/td\u003e\n\u003ctd\u003e0\u003c/td\u003e\n\u003c/tr\u003e\n\u003ctr bgcolor=\"#D4E4F3\"\u003e\n\u003ctd\u003eShape_Leng\u003c/td\u003e\n\u003ctd\u003e18102566,9293\u003c/td\u003e\n\u003c/tr\u003e\n\u003c/table\u003e\n\u003c/td\u003e\n\u003c/tr\u003e\n\u003c/table\u003e\n\u003c/body\u003e\u003cscript type=\"text/javascript\"\u003e\n\t\t\t\tfunction changeImage(attElement, nameElement) {\n\t\t\t\tdocument.getElementById('imageAttachment').src = attElement;\n\t\t\t\tdocument.getElementById('imageName').innerHTML = nameElement;}\n\t\t\t\u003c/script\u003e\u003c/html\u003e\n","FID_active_grids":150,"GridID":"M01","Shape_Length":5.4270368592369036e-05,"Shape_Area":1.6368502810511005e-10}},{"type":"Feature","id":27402,"geometry":{"type":"Polygon","coordinates":[[[112.70629909200011,-7.0982055849999597],[112.70629905900012,-7.0981965429999718],[112.70629000700001,-7.0981965759999639],[112.70629004000011,-7.0982056179999518],[112.70629909200011,-7.0982055849999597]]]},"properties":{"OBJECTID":27402,"FID_mangrove_utm":27310,"OBJECTID_1":27310,"Name":"18102566,9293","FolderPath":"JATIM/JATIM","SymbolID":0,"AltMode":0,"Base":0,"Clamped":-1,"Extruded":0,"Snippet":"","PopupInfo":"\u003chtml xmlns:fo=\"http://www.w3.org/1999/XSL/Format\" xmlns:msxsl=\"urn:schemas-microsoft-com:xslt\"\u003e\n\u003chead\u003e\n\u003cMETA http-equiv=\"Content-Type\" content=\"text/html\"\u003e\n\u003cmeta http-equiv=\"content-type\" content=\"text/html; charset=UTF-8\"\u003e\n\u003c/head\u003e\n\u003cbody style=\"margin:0px 0px 0px 0px;overflow:auto;background:#FFFFFF;\"\u003e\n\u003ctable style=\"font-family:Arial,Verdana,Times;font-size:12px;text-align:left;width:100%;border-collapse:collapse;padding:3px 3px 3px 3px\"\u003e\n\u003ctr style=\"text-align:center;font-weight:bold;background:#9CBCE2\"\u003e\n\u003ctd\u003e18102566,9293\u003c/td\u003e\n\u003c/tr\u003e\n\u003ctr\u003e\n\u003ctd\u003e\n\u003ctable style=\"font-family:Arial,Verdana,Times;font-size:12px;text-align:left;width:100%;border-spacing:0px; padding:3px 3px 3px 3px\"\u003e\n\u003ctr\u003e\n\u003ctd\u003eFID\u003c/td\u003e\n\u003ctd\u003e0\u003c/td\u003e\n\u003c/tr\u003e\n\u003ctr bgcolor=\"#D4E4F3\"\u003e\n\u003ctd\u003eShape_Leng\u003c/td\u003e\n\u003ctd\u003e18102566,9293\u003c/td\u003e\n\u003c/tr\u003e\n\u003c/table\u003e\n\u003c/td\u003e\n\u003c/tr\u003e\n\u003c/table\u003e\n\u003c/body\u003e\u003cscript type=\"text/javascript\"\u003e\n\t\t\t\tfunction changeImage(attElement, nameElement) {\n\t\t\t\tdocument.getElementById('imageAttachment').src = attElement;\n\t\t\t\tdocument.getElementById('imageName').innerHTML = nameElement;}\n\t\t\t\u003c/script\u003e\u003c/html\u003e\n","FID_active_grids":150,"GridID":"M01","Shape_Length":3.6188240823342455e-05,"Shape_Area":8.1849273367356811e-11}},{"type":"Feature","id":27407,"geometry":{"type":"Polygon","coordinates":[[[112.69079275700005,-7.0980453349999379],[112.69079272400006,-7.0980362929999501],[112.69078367300006,-7.0980363259999422],[112.69078370600005,-7.09804536799993],[112.69079275700005,-7.0980453349999379]]]},"properties":{"OBJECTID":27407,"FID_mangrove_utm":27315,"OBJECTID_1":27315,"Name":"18102566,9293","FolderPath":"JATIM/JATIM","SymbolID":0,"AltMode":0,"Base":0,"Clamped":-1,"Extruded":0,"Snippet":"","PopupInfo":"\u003chtml xmlns:fo=\"http://www.w3.org/1999/XSL/Format\" xmlns:msxsl=\"urn:schemas-microsoft-com:xslt\"\u003e\n\u003chead\u003e\n\u003cMETA http-equiv=\"Content-Type\" content=\"text/html\"\u003e\n\u003cmeta http-equiv=\"content-type\" content=\"text/html; charset=UTF-8\"\u003e\n\u003c/head\u003e\n\u003cbody style=\"margin:0px 0px 0px 0px;overflow:auto;background:#FFFFFF;\"\u003e\n\u003ctable style=\"font-family:Arial,Verdana,Times;font-size:12px;text-align:left;width:100%;border-collapse:collapse;padding:3px 3px 3px 3px\"\u003e\n\u003ctr style=\"text-align:center;font-weight:bold;background:#9CBCE2\"\u003e\n\u003ctd\u003e18102566,9293\u003c/td\u003e\n\u003c/tr\u003e\n\u003ctr\u003e\n\u003ctd\u003e\n\u003ctable style=\"font-family:Arial,Verdana,Times;font-size:12px;text-align:left;width:100%;border-spacing:0px; padding:3px 3px 3px 3px\"\u003e\n\u003ctr\u003e\n\u003ctd\u003eFID\u003c/td\u003e\n\u003ctd\u003e0\u003c/td\u003e\n\u003c/tr\u003e\n\u003ctr bgcolor=\"#D4E4F3\"\u003e\n\u003ctd\u003eShape_Leng\u003c/td\u003e\n\u003ctd\u003e18102566,9293\u003c/td\u003e\n\u003c/tr\u003e\n\u003c/table\u003e\n\u003c/td\u003e\n\u003c/tr\u003e\n\u003c/table\u003e\n\u003c/body\u003e\u003cscript type=\"text/javascript\"\u003e\n\t\t\t\tfunction changeImage(attElement, nameElement) {\n\t\t\t\tdocument.getElementById('imageAttachment').src = attElement;\n\t\t\t\tdocument.getElementById('imageName').innerHTML = nameElement;}\n\t\t\t\u003c/script\u003e\u003c/html\u003e\n","FID_active_grids":150,"GridID":"M01","Shape_Length":3.6186240743683881e-05,"Shape_Area":8.1840230947137701e-11}},{"type":"Feature","id":27409,"geometry":{"type":"Polygon","coordinates":[[[112.69072021200009,-7.0980094309999799],[112.6907201790001,-7.0980003889999352],[112.6907111270001,-7.0980004219999273],[112.69071116000009,-7.098009463999972],[112.69072021200009,-7.0980094309999799]]]},"properties":{"OBJECTID":27409,"FID_mangrove_utm":27317,"OBJECTID_1":27317,"Name":"18102566,9293","FolderPath":"JATIM/JATIM","SymbolID":0,"AltMode":0,"Base":0,"Clamped":-1,"Extruded":0,"Snippet":"","PopupInfo":"\u003chtml xmlns:fo=\"http://www.w3.org/1999/XSL/Format\" xmlns:msxsl=\"urn:schemas-microsoft-com:xslt\"\u003e\n\u003chead\u003e\n\u003cMETA http-equiv=\"Content-Type\" content=\"text/html\"\u003e\n\u003cmeta http-equiv=\"content-type\" content=\"text/html; charset=UTF-8\"\u003e\n\u003c/head\u003e\n\u003cbody style=\"margin:0px 0px 0px 0px;overflow:auto;background:#FFFFFF;\"\u003e\n\u003ctable style=\"font-family:Arial,Verdana,Times;font-size:12px;text-align:left;width:100%;border-collapse:collapse;padding:3px 3px 3px 3px\"\u003e\n\u003ctr style=\"text-align:center;font-weight:bold;background:#9CBCE2\"\u003e\n\u003ctd\u003e18102566,9293\u003c/td\u003e\n\u003c/tr\u003e\n\u003ctr\u003e\n\u003ctd\u003e\n\u003ctable style=\"font-family:Arial,Verdana,Times;font-size:12px;text-align:left;width:100%;border-spacing:0px; padding:3px 3px 3px 3px\"\u003e\n\u003ctr\u003e\n\u003ctd\u003eFID\u003c/td\u003e\n\u003ctd\u003e0\u003c/td\u003e\n\u003c/tr\u003e\n\u003ctr bgcolor=\"#D4E4F3\"\u003e\n\u003ctd\u003eShape_Leng\u003c/td\u003e\n\u003ctd\u003e18102566,9293\u003c/td\u003e\n\u003c/tr\u003e\n\u003c/table\u003e\n\u003c/td\u003e\n\u003c/tr\u003e\n\u003c/table\u003e\n\u003c/body\u003e\u003cscript type=\"text/javascript\"\u003e\n\t\t\t\tfunction changeImage(attElement, nameElement) {\n\t\t\t\tdocument.getElementById('imageAttachment').src = attElement;\n\t\t\t\tdocument.getElementById('imageName').innerHTML = nameElement;}\n\t\t\t\u003c/script\u003e\u003c/html\u003e\n","FID_active_grids":150,"GridID":"M01","Shape_Length":3.6188240822927545e-05,"Shape_Area":8.1849273366049413e-11}},{"type":"Feature","id":27411,"geometry":{"type":"Polygon","coordinates":[[[112.68919033800012,-7.0979788339999459],[112.68919030500001,-7.097969791999958],[112.68917220200001,-7.0979698579999422],[112.68917223500011,-7.09797889999993],[112.68919033800012,-7.0979788339999459]]]},"properties":{"OBJECTID":27411,"FID_mangrove_utm":27319,"OBJECTID_1":27319,"Name":"18102566,9293","FolderPath":"JATIM/JATIM","SymbolID":0,"AltMode":0,"Base":0,"Clamped":-1,"Extruded":0,"Snippet":"","PopupInfo":"\u003chtml xmlns:fo=\"http://www.w3.org/1999/XSL/Format\" xmlns:msxsl=\"urn:schemas-microsoft-com:xslt\"\u003e\n\u003chead\u003e\n\u003cMETA http-equiv=\"Content-Type\" content=\"text/html\"\u003e\n\u003cmeta http-equiv=\"content-type\" content=\"text/html; charset=UTF-8\"\u003e\n\u003c/head\u003e\n\u003cbody style=\"margin:0px 0px 0px 0px;overflow:auto;background:#FFFFFF;\"\u003e\n\u003ctable style=\"font-family:Arial,Verdana,Times;font-size:12px;text-align:left;width:100%;border-collapse:collapse;padding:3px 3px 3px 3px\"\u003e\n\u003ctr style=\"text-align:center;font-weight:bold;background:#9CBCE2\"\u003e\n\u003ctd\u003e18102566,9293\u003c/td\u003e\n\u003c/tr\u003e\n\u003ctr\u003e\n\u003ctd\u003e\n\u003ctable style=\"font-family:Arial,Verdana,Times;font-size:12px;text-align:left;width:100%;border-spacing:0px; padding:3px 3px 3px 3px\"\u003e\n\u003ctr\u003e\n\u003ctd\u003eFID\u003c/td\u003e\n\u003ctd\u003e0\u003c/td\u003e\n\u003c/tr\u003e\n\u003ctr bgcolor=\"#D4E4F3\"\u003e\n\u003ctd\u003eShape_Leng\u003c/td\u003e\n\u003ctd\u003e18102566,9293\u003c/td\u003e\n\u003c/tr\u003e\n\u003c/table\u003e\n\u003c/td\u003e\n\u003c/tr\u003e\n\u003c/table\u003e\n\u003c/body\u003e\u003cscript type=\"text/javascript\"\u003e\n\t\t\t\tfunction changeImage(attElement, nameElement) {\n\t\t\t\tdocument.getElementById('imageAttachment').src = attElement;\n\t\t\t\tdocument.getElementById('imageName').innerHTML = nameElement;}\n\t\t\t\u003c/script\u003e\u003c/html\u003e\n","FID_active_grids":150,"GridID":"M01","Shape_Length":5.4290361040541576e-05,"Shape_Area":1.6368950380614382e-10}},{"type":"Feature","id":27412,"geometry":{"type":"Polygon","coordinates":[[[112.68928977500002,-7.0979423039999574],[112.68926262000002,-7.0979424029999336],[112.68926265300001,-7.0979514449999783],[112.68921739400002,-7.0979516089999493],[112.68921742700002,-7.0979606509999371],[112.68919932400001,-7.0979607169999781],[112.68919935700001,-7.097969758999966],[112.68923556400011,-7.0979696269999408],[112.68923559700011,-7.0979786689999287],[112.6892446490001,-7.0979786359999366],[112.68924461600011,-7.0979695939999488],[112.68925366700012,-7.0979695609999567],[112.68925370000011,-7.0979786029999445],[112.68928085500011,-7.0979785049999577],[112.68928082200011,-7.0979694629999699],[112.68928987400011,-7.0979694299999778],[112.689289841,-7.0979603879999331],[112.68929889300011,-7.097960354999941],[112.68929886000001,-7.0979513129999532],[112.68928980800001,-7.0979513459999453],[112.68928977500002,-7.0979423039999574]]]},"properties":{"OBJECTID":27412,"FID_mangrove_utm":27320,"OBJECTID_1":27320,"Name":"18102566,9293","FolderPath":"JATIM/JATIM","SymbolID":0,"AltMode":0,"Base":0,"Clamped":-1,"Extruded":0,"Snippet":"","PopupInfo":"\u003chtml xmlns:fo=\"http://www.w3.org/1999/XSL/Format\" xmlns:msxsl=\"urn:schemas-microsoft-com:xslt\"\u003e\n\u003chead\u003e\n\u003cMETA http-equiv=\"Content-Type\" content=\"text/html\"\u003e\n\u003cmeta http-equiv=\"content-type\" content=\"text/html; charset=UTF-8\"\u003e\n\u003c/head\u003e\n\u003cbody style=\"margin:0px 0px 0px 0px;overflow:auto;background:#FFFFFF;\"\u003e\n\u003ctable style=\"font-family:Arial,Verdana,Times;font-size:12px;text-align:left;width:100%;border-collapse:collapse;padding:3px 3px 3px 3px\"\u003e\n\u003ctr style=\"text-align:center;font-weight:bold;background:#9CBCE2\"\u003e\n\u003ctd\u003e18102566,9293\u003c/td\u003e\n\u003c/tr\u003e\n\u003ctr\u003e\n\u003ctd\u003e\n\u003ctable style=\"font-family:Arial,Verdana,Times;font-size:12px;text-align:left;width:100%;border-spacing:0px; padding:3px 3px 3px 3px\"\u003e\n\u003ctr\u003e\n\u003ctd\u003eFID\u003c/td\u003e\n\u003ctd\u003e0\u003c/td\u003e\n\u003c/tr\u003e\n\u003ctr bgcolor=\"#D4E4F3\"\u003e\n\u003ctd\u003eShape_Leng\u003c/td\u003e\n\u003ctd\u003e18102566,9293\u003c/td\u003e\n\u003c/tr\u003e\n\u003c/table\u003e\n\u003c/td\u003e\n\u003c/tr\u003e\n\u003c/table\u003e\n\u003c/body\u003e\u003cscript type=\"text/javascript\"\u003e\n\t\t\t\tfunction changeImage(attElement, nameElement) {\n\t\t\t\tdocument.getElementById('imageAttachment').src = attElement;\n\t\t\t\tdocument.getElementById('imageName').innerHTML = nameElement;}\n\t\t\t\u003c/script\u003e\u003c/html\u003e\n","FID_active_grids":150,"GridID":"M01","Shape_Length":0.00028955991850617151,"Shape_Area":2.1279905832198968e-09}},{"type":"Feature","id":27413,"geometry":{"type":"Polygon","coordinates":[[[112.6906111620001,-7.097892280999929],[112.6906111290001,-7.0978832389999411],[112.69059302500011,-7.0978833049999253],[112.6905930580001,-7.09789234699997],[112.6906111620001,-7.097892280999929]]]},"properties":{"OBJECTID":27413,"FID_mangrove_utm":27321,"OBJECTID_1":27321,"Name":"18102566,9293","FolderPath":"JATIM/JATIM","SymbolID":0,"AltMode":0,"Base":0,"Clamped":-1,"Extruded":0,"Snippet":"","PopupInfo":"\u003chtml xmlns:fo=\"http://www.w3.org/1999/XSL/Format\" xmlns:msxsl=\"urn:schemas-microsoft-com:xslt\"\u003e\n\u003chead\u003e\n\u003cMETA http-equiv=\"Content-Type\" content=\"text/html\"\u003e\n\u003cmeta http-equiv=\"content-type\" content=\"text/html; charset=UTF-8\"\u003e\n\u003c/head\u003e\n\u003cbody style=\"margin:0px 0px 0px 0px;overflow:auto;background:#FFFFFF;\"\u003e\n\u003ctable style=\"font-family:Arial,Verdana,Times;font-size:12px;text-align:left;width:100%;border-collapse:collapse;padding:3px 3px 3px 3px\"\u003e\n\u003ctr style=\"text-align:center;font-weight:bold;background:#9CBCE2\"\u003e\n\u003ctd\u003e18102566,9293\u003c/td\u003e\n\u003c/tr\u003e\n\u003ctr\u003e\n\u003ctd\u003e\n\u003ctable style=\"font-family:Arial,Verdana,Times;font-size:12px;text-align:left;width:100%;border-spacing:0px; padding:3px 3px 3px 3px\"\u003e\n\u003ctr\u003e\n\u003ctd\u003eFID\u003c/td\u003e\n\u003ctd\u003e0\u003c/td\u003e\n\u003c/tr\u003e\n\u003ctr bgcolor=\"#D4E4F3\"\u003e\n\u003ctd\u003eShape_Leng\u003c/td\u003e\n\u003ctd\u003e18102566,9293\u003c/td\u003e\n\u003c/tr\u003e\n\u003c/table\u003e\n\u003c/td\u003e\n\u003c/tr\u003e\n\u003c/table\u003e\n\u003c/body\u003e\u003cscript type=\"text/javascript\"\u003e\n\t\t\t\tfunction changeImage(attElement, nameElement) {\n\t\t\t\tdocument.getElementById('imageAttachment').src = attElement;\n\t\t\t\tdocument.getElementById('imageName').innerHTML = nameElement;}\n\t\t\t\u003c/script\u003e\u003c/html\u003e\n","FID_active_grids":150,"GridID":"M01","Shape_Length":5.4292361062320329e-05,"Shape_Area":1.6369854621849013e-10}},{"type":"Feature","id":27414,"geometry":{"type":"Polygon","coordinates":[[[112.69074693700009,-7.0978917859999342],[112.69074690400009,-7.0978827439999463],[112.69072880100009,-7.0978828099999305],[112.69072883400008,-7.0978918519999752],[112.69074693700009,-7.0978917859999342]]]},"properties":{"OBJECTID":27414,"FID_mangrove_utm":27322,"OBJECTID_1":27322,"Name":"18102566,9293","FolderPath":"JATIM/JATIM","SymbolID":0,"AltMode":0,"Base":0,"Clamped":-1,"Extruded":0,"Snippet":"","PopupInfo":"\u003chtml xmlns:fo=\"http://www.w3.org/1999/XSL/Format\" xmlns:msxsl=\"urn:schemas-microsoft-com:xslt\"\u003e\n\u003chead\u003e\n\u003cMETA http-equiv=\"Content-Type\" content=\"text/html\"\u003e\n\u003cmeta http-equiv=\"content-type\" content=\"text/html; charset=UTF-8\"\u003e\n\u003c/head\u003e\n\u003cbody style=\"margin:0px 0px 0px 0px;overflow:auto;background:#FFFFFF;\"\u003e\n\u003ctable style=\"font-family:Arial,Verdana,Times;font-size:12px;text-align:left;width:100%;border-collapse:collapse;padding:3px 3px 3px 3px\"\u003e\n\u003ctr style=\"text-align:center;font-weight:bold;background:#9CBCE2\"\u003e\n\u003ctd\u003e18102566,9293\u003c/td\u003e\n\u003c/tr\u003e\n\u003ctr\u003e\n\u003ctd\u003e\n\u003ctable style=\"font-family:Arial,Verdana,Times;font-size:12px;text-align:left;width:100%;border-spacing:0px; padding:3px 3px 3px 3px\"\u003e\n\u003ctr\u003e\n\u003ctd\u003eFID\u003c/td\u003e\n\u003ctd\u003e0\u003c/td\u003e\n\u003c/tr\u003e\n\u003ctr bgcolor=\"#D4E4F3\"\u003e\n\u003ctd\u003eShape_Leng\u003c/td\u003e\n\u003ctd\u003e18102566,9293\u003c/td\u003e\n\u003c/tr\u003e\n\u003c/table\u003e\n\u003c/td\u003e\n\u003c/tr\u003e\n\u003c/table\u003e\n\u003c/body\u003e\u003cscript type=\"text/javascript\"\u003e\n\t\t\t\tfunction changeImage(attElement, nameElement) {\n\t\t\t\tdocument.getElementById('imageAttachment').src = attElement;\n\t\t\t\tdocument.getElementById('imageName').innerHTML = nameElement;}\n\t\t\t\u003c/script\u003e\u003c/html\u003e\n","FID_active_grids":150,"GridID":"M01","Shape_Length":5.4290361096762019e-05,"Shape_Area":1.6368950431409661e-10}},{"type":"Feature","id":27417,"geometry":{"type":"Polygon","coordinates":[[[112.69172442400009,-7.097861097999953],[112.69172439100009,-7.0978520559999652],[112.6917153390001,-7.0978520889999572],[112.69171537200009,-7.0978611309999451],[112.69172442400009,-7.097861097999953]]]},"properties":{"OBJECTID":27417,"FID_mangrove_utm":27325,"OBJECTID_1":27325,"Name":"18102566,9293","FolderPath":"JATIM/JATIM","SymbolID":0,"AltMode":0,"Base":0,"Clamped":-1,"Extruded":0,"Snippet":"","PopupInfo":"\u003chtml xmlns:fo=\"http://www.w3.org/1999/XSL/Format\" xmlns:msxsl=\"urn:schemas-microsoft-com:xslt\"\u003e\n\u003chead\u003e\n\u003cMETA http-equiv=\"Content-Type\" content=\"text/html\"\u003e\n\u003cmeta http-equiv=\"content-type\" content=\"text/html; charset=UTF-8\"\u003e\n\u003c/head\u003e\n\u003cbody style=\"margin:0px 0px 0px 0px;overflow:auto;background:#FFFFFF;\"\u003e\n\u003ctable style=\"font-family:Arial,Verdana,Times;font-size:12px;text-align:left;width:100%;border-collapse:collapse;padding:3px 3px 3px 3px\"\u003e\n\u003ctr style=\"text-align:center;font-weight:bold;background:#9CBCE2\"\u003e\n\u003ctd\u003e18102566,9293\u003c/td\u003e\n\u003c/tr\u003e\n\u003ctr\u003e\n\u003ctd\u003e\n\u003ctable style=\"font-family:Arial,Verdana,Times;font-size:12px;text-align:left;width:100%;border-spacing:0px; padding:3px 3px 3px 3px\"\u003e\n\u003ctr\u003e\n\u003ctd\u003eFID\u003c/td\u003e\n\u003ctd\u003e0\u003c/td\u003e\n\u003c/tr\u003e\n\u003ctr bgcolor=\"#D4E4F3\"\u003e\n\u003ctd\u003eShape_Leng\u003c/td\u003e\n\u003ctd\u003e18102566,9293\u003c/td\u003e\n\u003c/tr\u003e\n\u003c/table\u003e\n\u003c/td\u003e\n\u003c/tr\u003e\n\u003c/table\u003e\n\u003c/body\u003e\u003cscript type=\"text/javascript\"\u003e\n\t\t\t\tfunction changeImage(attElement, nameElement) {\n\t\t\t\tdocument.getElementById('imageAttachment').src = attElement;\n\t\t\t\tdocument.getElementById('imageName').innerHTML = nameElement;}\n\t\t\t\u003c/script\u003e\u003c/html\u003e\n","FID_active_grids":150,"GridID":"M01","Shape_Length":3.6188240709241466e-05,"Shape_Area":8.1849272851502786e-11}},{"type":"Feature","id":27420,"geometry":{"type":"Polygon","coordinates":[[[112.68948868200005,-7.0978782849999789],[112.68948864900005,-7.0978692429999342],[112.68949770100005,-7.0978692099999421],[112.68949760200007,-7.0978420839999785],[112.68947949900007,-7.0978421499999627],[112.68947963100004,-7.0978783179999709],[112.68948868200005,-7.0978782849999789]]]},"properties":{"OBJECTID":27420,"FID_mangrove_utm":27328,"OBJECTID_1":27328,"Name":"18102566,9293","FolderPath":"JATIM/JATIM","SymbolID":0,"AltMode":0,"Base":0,"Clamped":-1,"Extruded":0,"Snippet":"","PopupInfo":"\u003chtml xmlns:fo=\"http://www.w3.org/1999/XSL/Format\" xmlns:msxsl=\"urn:schemas-microsoft-com:xslt\"\u003e\n\u003chead\u003e\n\u003cMETA http-equiv=\"Content-Type\" content=\"text/html\"\u003e\n\u003cmeta http-equiv=\"content-type\" content=\"text/html; charset=UTF-8\"\u003e\n\u003c/head\u003e\n\u003cbody style=\"margin:0px 0px 0px 0px;overflow:auto;background:#FFFFFF;\"\u003e\n\u003ctable style=\"font-family:Arial,Verdana,Times;font-size:12px;text-align:left;width:100%;border-collapse:collapse;padding:3px 3px 3px 3px\"\u003e\n\u003ctr style=\"text-align:center;font-weight:bold;background:#9CBCE2\"\u003e\n\u003ctd\u003e18102566,9293\u003c/td\u003e\n\u003c/tr\u003e\n\u003ctr\u003e\n\u003ctd\u003e\n\u003ctable style=\"font-family:Arial,Verdana,Times;font-size:12px;text-align:left;width:100%;border-spacing:0px; padding:3px 3px 3px 3px\"\u003e\n\u003ctr\u003e\n\u003ctd\u003eFID\u003c/td\u003e\n\u003ctd\u003e0\u003c/td\u003e\n\u003c/tr\u003e\n\u003ctr bgcolor=\"#D4E4F3\"\u003e\n\u003ctd\u003eShape_Leng\u003c/td\u003e\n\u003ctd\u003e18102566,9293\u003c/td\u003e\n\u003c/tr\u003e\n\u003c/table\u003e\n\u003c/td\u003e\n\u003c/tr\u003e\n\u003c/table\u003e\n\u003c/body\u003e\u003cscript type=\"text/javascript\"\u003e\n\t\t\t\tfunction changeImage(attElement, nameElement) {\n\t\t\t\tdocument.getElementById('imageAttachment').src = attElement;\n\t\t\t\tdocument.getElementById('imageName').innerHTML = nameElement;}\n\t\t\t\u003c/script\u003e\u003c/html\u003e\n","FID_active_grids":150,"GridID":"M01","Shape_Length":0.00010854272239303679,"Shape_Area":5.7290872636054114e-10}},{"type":"Feature","id":27421,"geometry":{"type":"Polygon","coordinates":[[[112.68959730300003,-7.0978778889999603],[112.68955204400004,-7.0978780539999775],[112.68955201100005,-7.0978690119999328],[112.68954296000004,-7.0978690449999249],[112.68954292700005,-7.097860002999937],[112.68953387500005,-7.0978600359999291],[112.68953394100004,-7.0978781199999617],[112.68954299300003,-7.0978780869999696],[112.68954302600002,-7.0978871289999574],[112.68956112900003,-7.0978870629999733],[112.68956116200002,-7.0978961049999612],[112.68957926500002,-7.097896038999977],[112.68957929800001,-7.0979050809999649],[112.68961550500001,-7.0979049489999397],[112.68961543900002,-7.0978868659999534],[112.68964259500001,-7.0978867669999772],[112.68964252900003,-7.0978686829999447],[112.68963347700003,-7.0978687159999367],[112.68963344400004,-7.0978596739999489],[112.68964249600003,-7.0978596409999568],[112.68964246300004,-7.097850598999969],[112.68963341100005,-7.097850631999961],[112.68963337800005,-7.0978415899999732],[112.68960622300006,-7.0978416889999494],[112.68960625600005,-7.0978507309999372],[112.68959720400005,-7.0978507639999293],[112.68959730300003,-7.0978778889999603],[112.68960635500002,-7.0978778569999577],[112.68960638800002,-7.0978868979999561],[112.68959733600002,-7.0978869309999482],[112.68959730300003,-7.0978778889999603]]]},"properties":{"OBJECTID":27421,"FID_mangrove_utm":27329,"OBJECTID_1":27329,"Name":"18102566,9293","FolderPath":"JATIM/JATIM","SymbolID":0,"AltMode":0,"Base":0,"Clamped":-1,"Extruded":0,"Snippet":"","PopupInfo":"\u003chtml xmlns:fo=\"http://www.w3.org/1999/XSL/Format\" xmlns:msxsl=\"urn:schemas-microsoft-com:xslt\"\u003e\n\u003chead\u003e\n\u003cMETA http-equiv=\"Content-Type\" content=\"text/html\"\u003e\n\u003cmeta http-equiv=\"content-type\" content=\"text/html; charset=UTF-8\"\u003e\n\u003c/head\u003e\n\u003cbody style=\"margin:0px 0px 0px 0px;overflow:auto;background:#FFFFFF;\"\u003e\n\u003ctable style=\"font-family:Arial,Verdana,Times;font-size:12px;text-align:left;width:100%;border-collapse:collapse;padding:3px 3px 3px 3px\"\u003e\n\u003ctr style=\"text-align:center;font-weight:bold;background:#9CBCE2\"\u003e\n\u003ctd\u003e18102566,9293\u003c/td\u003e\n\u003c/tr\u003e\n\u003ctr\u003e\n\u003ctd\u003e\n\u003ctable style=\"font-family:Arial,Verdana,Times;font-size:12px;text-align:left;width:100%;border-spacing:0px; padding:3px 3px 3px 3px\"\u003e\n\u003ctr\u003e\n\u003ctd\u003eFID\u003c/td\u003e\n\u003ctd\u003e0\u003c/td\u003e\n\u003c/tr\u003e\n\u003ctr bgcolor=\"#D4E4F3\"\u003e\n\u003ctd\u003eShape_Leng\u003c/td\u003e\n\u003ctd\u003e18102566,9293\u003c/td\u003e\n\u003c/tr\u003e\n\u003c/table\u003e\n\u003c/td\u003e\n\u003c/tr\u003e\n\u003c/table\u003e\n\u003c/body\u003e\u003cscript type=\"text/javascript\"\u003e\n\t\t\t\tfunction changeImage(attElement, nameElement) {\n\t\t\t\tdocument.getElementById('imageAttachment').src = attElement;\n\t\t\t\tdocument.getElementById('imageName').innerHTML = nameElement;}\n\t\t\t\u003c/script\u003e\u003c/html\u003e\n","FID_active_grids":150,"GridID":"M01","Shape_Length":0.00043428988506904196,"Shape_Area":3.2738576996550382e-09}},{"type":"Feature","id":27422,"geometry":{"type":"Polygon","coordinates":[[[112.69127177200005,-7.0978446639999788],[112.69128082400005,-7.0978446309999299],[112.69128079100005,-7.097835588999942],[112.69124458400006,-7.0978357209999672],[112.69124465000004,-7.0978538039999535],[112.69127180500004,-7.0978537059999667],[112.69127177200005,-7.0978446639999788]]]},"properties":{"OBJECTID":27422,"FID_mangrove_utm":27330,"OBJECTID_1":27330,"Name":"18102566,9293","FolderPath":"JATIM/JATIM","SymbolID":0,"AltMode":0,"Base":0,"Clamped":-1,"Extruded":0,"Snippet":"","PopupInfo":"\u003chtml xmlns:fo=\"http://www.w3.org/1999/XSL/Format\" xmlns:msxsl=\"urn:schemas-microsoft-com:xslt\"\u003e\n\u003chead\u003e\n\u003cMETA http-equiv=\"Content-Type\" content=\"text/html\"\u003e\n\u003cmeta http-equiv=\"content-type\" content=\"text/html; charset=UTF-8\"\u003e\n\u003c/head\u003e\n\u003cbody style=\"margin:0px 0px 0px 0px;overflow:auto;background:#FFFFFF;\"\u003e\n\u003ctable style=\"font-family:Arial,Verdana,Times;font-size:12px;text-align:left;width:100%;border-collapse:collapse;padding:3px 3px 3px 3px\"\u003e\n\u003ctr style=\"text-align:center;font-weight:bold;background:#9CBCE2\"\u003e\n\u003ctd\u003e18102566,9293\u003c/td\u003e\n\u003c/tr\u003e\n\u003ctr\u003e\n\u003ctd\u003e\n\u003ctable style=\"font-family:Arial,Verdana,Times;font-size:12px;text-align:left;width:100%;border-spacing:0px; padding:3px 3px 3px 3px\"\u003e\n\u003ctr\u003e\n\u003ctd\u003eFID\u003c/td\u003e\n\u003ctd\u003e0\u003c/td\u003e\n\u003c/tr\u003e\n\u003ctr bgcolor=\"#D4E4F3\"\u003e\n\u003ctd\u003eShape_Leng\u003c/td\u003e\n\u003ctd\u003e18102566,9293\u003c/td\u003e\n\u003c/tr\u003e\n\u003c/table\u003e\n\u003c/td\u003e\n\u003c/tr\u003e\n\u003c/table\u003e\n\u003c/body\u003e\u003cscript type=\"text/javascript\"\u003e\n\t\t\t\tfunction changeImage(attElement, nameElement) {\n\t\t\t\tdocument.getElementById('imageAttachment').src = attElement;\n\t\t\t\tdocument.getElementById('imageName').innerHTML = nameElement;}\n\t\t\t\u003c/script\u003e\u003c/html\u003e\n","FID_active_grids":150,"GridID":"M01","Shape_Length":0.0001085817184353698,"Shape_Area":5.729132000695806e-10}},{"type":"Feature","id":27423,"geometry":{"type":"Polygon","coordinates":[[[112.68972389500004,-7.0978412599999388],[112.68972386200005,-7.0978322179999509],[112.68971481000005,-7.097832250999943],[112.68971484300005,-7.0978412929999308],[112.68972389500004,-7.0978412599999388]]]},"properties":{"OBJECTID":27423,"FID_mangrove_utm":27331,"OBJECTID_1":27331,"Name":"18102566,9293","FolderPath":"JATIM/JATIM","SymbolID":0,"AltMode":0,"Base":0,"Clamped":-1,"Extruded":0,"Snippet":"","PopupInfo":"\u003chtml xmlns:fo=\"http://www.w3.org/1999/XSL/Format\" xmlns:msxsl=\"urn:schemas-microsoft-com:xslt\"\u003e\n\u003chead\u003e\n\u003cMETA http-equiv=\"Content-Type\" content=\"text/html\"\u003e\n\u003cmeta http-equiv=\"content-type\" content=\"text/html; charset=UTF-8\"\u003e\n\u003c/head\u003e\n\u003cbody style=\"margin:0px 0px 0px 0px;overflow:auto;background:#FFFFFF;\"\u003e\n\u003ctable style=\"font-family:Arial,Verdana,Times;font-size:12px;text-align:left;width:100%;border-collapse:collapse;padding:3px 3px 3px 3px\"\u003e\n\u003ctr style=\"text-align:center;font-weight:bold;background:#9CBCE2\"\u003e\n\u003ctd\u003e18102566,9293\u003c/td\u003e\n\u003c/tr\u003e\n\u003ctr\u003e\n\u003ctd\u003e\n\u003ctable style=\"font-family:Arial,Verdana,Times;font-size:12px;text-align:left;width:100%;border-spacing:0px; padding:3px 3px 3px 3px\"\u003e\n\u003ctr\u003e\n\u003ctd\u003eFID\u003c/td\u003e\n\u003ctd\u003e0\u003c/td\u003e\n\u003c/tr\u003e\n\u003ctr bgcolor=\"#D4E4F3\"\u003e\n\u003ctd\u003eShape_Leng\u003c/td\u003e\n\u003ctd\u003e18102566,9293\u003c/td\u003e\n\u003c/tr\u003e\n\u003c/table\u003e\n\u003c/td\u003e\n\u003c/tr\u003e\n\u003c/table\u003e\n\u003c/body\u003e\u003cscript type=\"text/javascript\"\u003e\n\t\t\t\tfunction changeImage(attElement, nameElement) {\n\t\t\t\tdocument.getElementById('imageAttachment').src = attElement;\n\t\t\t\tdocument.getElementById('imageName').innerHTML = nameElement;}\n\t\t\t\u003c/script\u003e\u003c/html\u003e\n","FID_active_grids":150,"GridID":"M01","Shape_Length":3.6188240709241466e-05,"Shape_Area":8.1849272851502786e-11}},{"type":"Feature","id":27431,"geometry":{"type":"Polygon","coordinates":[[[112.69099107000011,-7.0978185599999506],[112.69099100400001,-7.0978004759999749],[112.69098195200002,-7.097800508999967],[112.69098198500001,-7.0978095509999548],[112.69097293300001,-7.0978095839999469],[112.69097296600012,-7.0978186259999347],[112.69099107000011,-7.0978185599999506]]]},"properties":{"OBJECTID":27431,"FID_mangrove_utm":27339,"OBJECTID_1":27339,"Name":"18102566,9293","FolderPath":"JATIM/JATIM","SymbolID":0,"AltMode":0,"Base":0,"Clamped":-1,"Extruded":0,"Snippet":"","PopupInfo":"\u003chtml xmlns:fo=\"http://www.w3.org/1999/XSL/Format\" xmlns:msxsl=\"urn:schemas-microsoft-com:xslt\"\u003e\n\u003chead\u003e\n\u003cMETA http-equiv=\"Content-Type\" content=\"text/html\"\u003e\n\u003cmeta http-equiv=\"content-type\" content=\"text/html; charset=UTF-8\"\u003e\n\u003c/head\u003e\n\u003cbody style=\"margin:0px 0px 0px 0px;overflow:auto;background:#FFFFFF;\"\u003e\n\u003ctable style=\"font-family:Arial,Verdana,Times;font-size:12px;text-align:left;width:100%;border-collapse:collapse;padding:3px 3px 3px 3px\"\u003e\n\u003ctr style=\"text-align:center;font-weight:bold;background:#9CBCE2\"\u003e\n\u003ctd\u003e18102566,9293\u003c/td\u003e\n\u003c/tr\u003e\n\u003ctr\u003e\n\u003ctd\u003e\n\u003ctable style=\"font-family:Arial,Verdana,Times;font-size:12px;text-align:left;width:100%;border-spacing:0px; padding:3px 3px 3px 3px\"\u003e\n\u003ctr\u003e\n\u003ctd\u003eFID\u003c/td\u003e\n\u003ctd\u003e0\u003c/td\u003e\n\u003c/tr\u003e\n\u003ctr bgcolor=\"#D4E4F3\"\u003e\n\u003ctd\u003eShape_Leng\u003c/td\u003e\n\u003ctd\u003e18102566,9293\u003c/td\u003e\n\u003c/tr\u003e\n\u003c/table\u003e\n\u003c/td\u003e\n\u003c/tr\u003e\n\u003c/table\u003e\n\u003c/body\u003e\u003cscript type=\"text/javascript\"\u003e\n\t\t\t\tfunction changeImage(attElement, nameElement) {\n\t\t\t\tdocument.getElementById('imageAttachment').src = attElement;\n\t\t\t\tdocument.getElementById('imageName').innerHTML = nameElement;}\n\t\t\t\u003c/script\u003e\u003c/html\u003e\n","FID_active_grids":150,"GridID":"M01","Shape_Length":7.2376481419312753e-05,"Shape_Area":2.4554781907598989e-10}},{"type":"Feature","id":27432,"geometry":{"type":"Polygon","coordinates":[[[112.68970562700008,-7.0977961159999268],[112.68968752300009,-7.0977961819999678],[112.68968755600008,-7.0978052239999556],[112.68967850400009,-7.0978052569999477],[112.68967853700008,-7.0978142989999355],[112.68966948600007,-7.0978143319999276],[112.68966951900006,-7.0978233739999723],[112.68969667400006,-7.0978232749999393],[112.68969660800008,-7.0978051909999635],[112.68970566000007,-7.0978051579999715],[112.68970562700008,-7.0977961159999268]]]},"properties":{"OBJECTID":27432,"FID_mangrove_utm":27340,"OBJECTID_1":27340,"Name":"18102566,9293","FolderPath":"JATIM/JATIM","SymbolID":0,"AltMode":0,"Base":0,"Clamped":-1,"Extruded":0,"Snippet":"","PopupInfo":"\u003chtml xmlns:fo=\"http://www.w3.org/1999/XSL/Format\" xmlns:msxsl=\"urn:schemas-microsoft-com:xslt\"\u003e\n\u003chead\u003e\n\u003cMETA http-equiv=\"Content-Type\" content=\"text/html\"\u003e\n\u003cmeta http-equiv=\"content-type\" content=\"text/html; charset=UTF-8\"\u003e\n\u003c/head\u003e\n\u003cbody style=\"margin:0px 0px 0px 0px;overflow:auto;background:#FFFFFF;\"\u003e\n\u003ctable style=\"font-family:Arial,Verdana,Times;font-size:12px;text-align:left;width:100%;border-collapse:collapse;padding:3px 3px 3px 3px\"\u003e\n\u003ctr style=\"text-align:center;font-weight:bold;background:#9CBCE2\"\u003e\n\u003ctd\u003e18102566,9293\u003c/td\u003e\n\u003c/tr\u003e\n\u003ctr\u003e\n\u003ctd\u003e\n\u003ctable style=\"font-family:Arial,Verdana,Times;font-size:12px;text-align:left;width:100%;border-spacing:0px; padding:3px 3px 3px 3px\"\u003e\n\u003ctr\u003e\n\u003ctd\u003eFID\u003c/td\u003e\n\u003ctd\u003e0\u003c/td\u003e\n\u003c/tr\u003e\n\u003ctr bgcolor=\"#D4E4F3\"\u003e\n\u003ctd\u003eShape_Leng\u003c/td\u003e\n\u003ctd\u003e18102566,9293\u003c/td\u003e\n\u003c/tr\u003e\n\u003c/table\u003e\n\u003c/td\u003e\n\u003c/tr\u003e\n\u003c/table\u003e\n\u003c/body\u003e\u003cscript type=\"text/javascript\"\u003e\n\t\t\t\tfunction changeImage(attElement, nameElement) {\n\t\t\t\tdocument.getElementById('imageAttachment').src = attElement;\n\t\t\t\tdocument.getElementById('imageName').innerHTML = nameElement;}\n\t\t\t\u003c/script\u003e\u003c/html\u003e\n","FID_active_grids":150,"GridID":"M01","Shape_Length":0.00012666684257229549,"Shape_Area":5.7293590234401151e-10}},{"type":"Feature","id":27433,"geometry":{"type":"Polygon","coordinates":[[[112.69162462400004,-7.0977981669999508],[112.69162459100005,-7.097789124999963],[112.69161553900005,-7.097789157999955],[112.69161557200005,-7.0977981999999429],[112.69162462400004,-7.0977981669999508]]]},"properties":{"OBJECTID":27433,"FID_mangrove_utm":27341,"OBJECTID_1":27341,"Name":"18102566,9293","FolderPath":"JATIM/JATIM","SymbolID":0,"AltMode":0,"Base":0,"Clamped":-1,"Extruded":0,"Snippet":"","PopupInfo":"\u003chtml xmlns:fo=\"http://www.w3.org/1999/XSL/Format\" xmlns:msxsl=\"urn:schemas-microsoft-com:xslt\"\u003e\n\u003chead\u003e\n\u003cMETA http-equiv=\"Content-Type\" content=\"text/html\"\u003e\n\u003cmeta http-equiv=\"content-type\" content=\"text/html; charset=UTF-8\"\u003e\n\u003c/head\u003e\n\u003cbody style=\"margin:0px 0px 0px 0px;overflow:auto;background:#FFFFFF;\"\u003e\n\u003ctable style=\"font-family:Arial,Verdana,Times;font-size:12px;text-align:left;width:100%;border-collapse:collapse;padding:3px 3px 3px 3px\"\u003e\n\u003ctr style=\"text-align:center;font-weight:bold;background:#9CBCE2\"\u003e\n\u003ctd\u003e18102566,9293\u003c/td\u003e\n\u003c/tr\u003e\n\u003ctr\u003e\n\u003ctd\u003e\n\u003ctable style=\"font-family:Arial,Verdana,Times;font-size:12px;text-align:left;width:100%;border-spacing:0px; padding:3px 3px 3px 3px\"\u003e\n\u003ctr\u003e\n\u003ctd\u003eFID\u003c/td\u003e\n\u003ctd\u003e0\u003c/td\u003e\n\u003c/tr\u003e\n\u003ctr bgcolor=\"#D4E4F3\"\u003e\n\u003ctd\u003eShape_Leng\u003c/td\u003e\n\u003ctd\u003e18102566,9293\u003c/td\u003e\n\u003c/tr\u003e\n\u003c/table\u003e\n\u003c/td\u003e\n\u003c/tr\u003e\n\u003c/table\u003e\n\u003c/body\u003e\u003cscript type=\"text/javascript\"\u003e\n\t\t\t\tfunction changeImage(attElement, nameElement) {\n\t\t\t\tdocument.getElementById('imageAttachment').src = attElement;\n\t\t\t\tdocument.getElementById('imageName').innerHTML = nameElement;}\n\t\t\t\u003c/script\u003e\u003c/html\u003e\n","FID_active_grids":150,"GridID":"M01","Shape_Length":3.6188240709241466e-05,"Shape_Area":8.1849272851502786e-11}},{"type":"Feature","id":27439,"geometry":{"type":"Polygon","coordinates":[[[112.68953357800001,-7.097778658999971],[112.68953361100012,-7.0977876999999694],[112.68954266300011,-7.0977876679999667],[112.68954263000001,-7.0977786259999789],[112.68953357800001,-7.097778658999971]]]},"properties":{"OBJECTID":27439,"FID_mangrove_utm":27347,"OBJECTID_1":27347,"Name":"18102566,9293","FolderPath":"JATIM/JATIM","SymbolID":0,"AltMode":0,"Base":0,"Clamped":-1,"Extruded":0,"Snippet":"","PopupInfo":"\u003chtml xmlns:fo=\"http://www.w3.org/1999/XSL/Format\" xmlns:msxsl=\"urn:schemas-microsoft-com:xslt\"\u003e\n\u003chead\u003e\n\u003cMETA http-equiv=\"Content-Type\" content=\"text/html\"\u003e\n\u003cmeta http-equiv=\"content-type\" content=\"text/html; charset=UTF-8\"\u003e\n\u003c/head\u003e\n\u003cbody style=\"margin:0px 0px 0px 0px;overflow:auto;background:#FFFFFF;\"\u003e\n\u003ctable style=\"font-family:Arial,Verdana,Times;font-size:12px;text-align:left;width:100%;border-collapse:collapse;padding:3px 3px 3px 3px\"\u003e\n\u003ctr style=\"text-align:center;font-weight:bold;background:#9CBCE2\"\u003e\n\u003ctd\u003e18102566,9293\u003c/td\u003e\n\u003c/tr\u003e\n\u003ctr\u003e\n\u003ctd\u003e\n\u003ctable style=\"font-family:Arial,Verdana,Times;font-size:12px;text-align:left;width:100%;border-spacing:0px; padding:3px 3px 3px 3px\"\u003e\n\u003ctr\u003e\n\u003ctd\u003eFID\u003c/td\u003e\n\u003ctd\u003e0\u003c/td\u003e\n\u003c/tr\u003e\n\u003ctr bgcolor=\"#D4E4F3\"\u003e\n\u003ctd\u003eShape_Leng\u003c/td\u003e\n\u003ctd\u003e18102566,9293\u003c/td\u003e\n\u003c/tr\u003e\n\u003c/table\u003e\n\u003c/td\u003e\n\u003c/tr\u003e\n\u003c/table\u003e\n\u003c/body\u003e\u003cscript type=\"text/javascript\"\u003e\n\t\t\t\tfunction changeImage(attElement, nameElement) {\n\t\t\t\tdocument.getElementById('imageAttachment').src = attElement;\n\t\t\t\tdocument.getElementById('imageName').innerHTML = nameElement;}\n\t\t\t\u003c/script\u003e\u003c/html\u003e\n","FID_active_grids":150,"GridID":"M01","Shape_Length":3.6187237137001886e-05,"Shape_Area":8.1844730403242434e-11}},{"type":"Feature","id":27440,"geometry":{"type":"Polygon","coordinates":[[[112.69166978300007,-7.09777087599997],[112.69166975000007,-7.0977618339999253],[112.69166069800008,-7.0977618669999742],[112.69166073100007,-7.0977709089999621],[112.69166978300007,-7.09777087599997]]]},"properties":{"OBJECTID":27440,"FID_mangrove_utm":27348,"OBJECTID_1":27348,"Name":"18102566,9293","FolderPath":"JATIM/JATIM","SymbolID":0,"AltMode":0,"Base":0,"Clamped":-1,"Extruded":0,"Snippet":"","PopupInfo":"\u003chtml xmlns:fo=\"http://www.w3.org/1999/XSL/Format\" xmlns:msxsl=\"urn:schemas-microsoft-com:xslt\"\u003e\n\u003chead\u003e\n\u003cMETA http-equiv=\"Content-Type\" content=\"text/html\"\u003e\n\u003cmeta http-equiv=\"content-type\" content=\"text/html; charset=UTF-8\"\u003e\n\u003c/head\u003e\n\u003cbody style=\"margin:0px 0px 0px 0px;overflow:auto;background:#FFFFFF;\"\u003e\n\u003ctable style=\"font-family:Arial,Verdana,Times;font-size:12px;text-align:left;width:100%;border-collapse:collapse;padding:3px 3px 3px 3px\"\u003e\n\u003ctr style=\"text-align:center;font-weight:bold;background:#9CBCE2\"\u003e\n\u003ctd\u003e18102566,9293\u003c/td\u003e\n\u003c/tr\u003e\n\u003ctr\u003e\n\u003ctd\u003e\n\u003ctable style=\"font-family:Arial,Verdana,Times;font-size:12px;text-align:left;width:100%;border-spacing:0px; padding:3px 3px 3px 3px\"\u003e\n\u003ctr\u003e\n\u003ctd\u003eFID\u003c/td\u003e\n\u003ctd\u003e0\u003c/td\u003e\n\u003c/tr\u003e\n\u003ctr bgcolor=\"#D4E4F3\"\u003e\n\u003ctd\u003eShape_Leng\u003c/td\u003e\n\u003ctd\u003e18102566,9293\u003c/td\u003e\n\u003c/tr\u003e\n\u003c/table\u003e\n\u003c/td\u003e\n\u003c/tr\u003e\n\u003c/table\u003e\n\u003c/body\u003e\u003cscript type=\"text/javascript\"\u003e\n\t\t\t\tfunction changeImage(attElement, nameElement) {\n\t\t\t\tdocument.getElementById('imageAttachment').src = attElement;\n\t\t\t\tdocument.getElementById('imageName').innerHTML = nameElement;}\n\t\t\t\u003c/script\u003e\u003c/html\u003e\n","FID_active_grids":150,"GridID":"M01","Shape_Length":3.6188240766291737e-05,"Shape_Area":8.1849273109714025e-11}},{"type":"Feature","id":27441,"geometry":{"type":"Polygon","coordinates":[[[112.69098178700006,-7.0977552989999708],[112.69096368300006,-7.097755364999955],[112.69096371600006,-7.0977644069999428],[112.69097276800005,-7.0977643739999507],[112.69097280100004,-7.0977734159999386],[112.69098185300004,-7.0977733829999465],[112.69098178700006,-7.0977552989999708]]]},"properties":{"OBJECTID":27441,"FID_mangrove_utm":27349,"OBJECTID_1":27349,"Name":"18102566,9293","FolderPath":"JATIM/JATIM","SymbolID":0,"AltMode":0,"Base":0,"Clamped":-1,"Extruded":0,"Snippet":"","PopupInfo":"\u003chtml xmlns:fo=\"http://www.w3.org/1999/XSL/Format\" xmlns:msxsl=\"urn:schemas-microsoft-com:xslt\"\u003e\n\u003chead\u003e\n\u003cMETA http-equiv=\"Content-Type\" content=\"text/html\"\u003e\n\u003cmeta http-equiv=\"content-type\" content=\"text/html; charset=UTF-8\"\u003e\n\u003c/head\u003e\n\u003cbody style=\"margin:0px 0px 0px 0px;overflow:auto;background:#FFFFFF;\"\u003e\n\u003ctable style=\"font-family:Arial,Verdana,Times;font-size:12px;text-align:left;width:100%;border-collapse:collapse;padding:3px 3px 3px 3px\"\u003e\n\u003ctr style=\"text-align:center;font-weight:bold;background:#9CBCE2\"\u003e\n\u003ctd\u003e18102566,9293\u003c/td\u003e\n\u003c/tr\u003e\n\u003ctr\u003e\n\u003ctd\u003e\n\u003ctable style=\"font-family:Arial,Verdana,Times;font-size:12px;text-align:left;width:100%;border-spacing:0px; padding:3px 3px 3px 3px\"\u003e\n\u003ctr\u003e\n\u003ctd\u003eFID\u003c/td\u003e\n\u003ctd\u003e0\u003c/td\u003e\n\u003c/tr\u003e\n\u003ctr bgcolor=\"#D4E4F3\"\u003e\n\u003ctd\u003eShape_Leng\u003c/td\u003e\n\u003ctd\u003e18102566,9293\u003c/td\u003e\n\u003c/tr\u003e\n\u003c/table\u003e\n\u003c/td\u003e\n\u003c/tr\u003e\n\u003c/table\u003e\n\u003c/body\u003e\u003cscript type=\"text/javascript\"\u003e\n\t\t\t\tfunction changeImage(attElement, nameElement) {\n\t\t\t\tdocument.getElementById('imageAttachment').src = attElement;\n\t\t\t\tdocument.getElementById('imageName').innerHTML = nameElement;}\n\t\t\t\u003c/script\u003e\u003c/html\u003e\n","FID_active_grids":150,"GridID":"M01","Shape_Length":7.2376481418482918e-05,"Shape_Area":2.4554781855450834e-10}},{"type":"Feature","id":27442,"geometry":{"type":"Polygon","coordinates":[[[112.69111759600003,-7.0977638469999533],[112.69111756300003,-7.0977548049999655],[112.69110851100004,-7.0977548379999575],[112.69110854400003,-7.0977638799999454],[112.69111759600003,-7.0977638469999533]]]},"properties":{"OBJECTID":27442,"FID_mangrove_utm":27350,"OBJECTID_1":27350,"Name":"18102566,9293","FolderPath":"JATIM/JATIM","SymbolID":0,"AltMode":0,"Base":0,"Clamped":-1,"Extruded":0,"Snippet":"","PopupInfo":"\u003chtml xmlns:fo=\"http://www.w3.org/1999/XSL/Format\" xmlns:msxsl=\"urn:schemas-microsoft-com:xslt\"\u003e\n\u003chead\u003e\n\u003cMETA http-equiv=\"Content-Type\" content=\"text/html\"\u003e\n\u003cmeta http-equiv=\"content-type\" content=\"text/html; charset=UTF-8\"\u003e\n\u003c/head\u003e\n\u003cbody style=\"margin:0px 0px 0px 0px;overflow:auto;background:#FFFFFF;\"\u003e\n\u003ctable style=\"font-family:Arial,Verdana,Times;font-size:12px;text-align:left;width:100%;border-collapse:collapse;padding:3px 3px 3px 3px\"\u003e\n\u003ctr style=\"text-align:center;font-weight:bold;background:#9CBCE2\"\u003e\n\u003ctd\u003e18102566,9293\u003c/td\u003e\n\u003c/tr\u003e\n\u003ctr\u003e\n\u003ctd\u003e\n\u003ctable style=\"font-family:Arial,Verdana,Times;font-size:12px;text-align:left;width:100%;border-spacing:0px; padding:3px 3px 3px 3px\"\u003e\n\u003ctr\u003e\n\u003ctd\u003eFID\u003c/td\u003e\n\u003ctd\u003e0\u003c/td\u003e\n\u003c/tr\u003e\n\u003ctr bgcolor=\"#D4E4F3\"\u003e\n\u003ctd\u003eShape_Leng\u003c/td\u003e\n\u003ctd\u003e18102566,9293\u003c/td\u003e\n\u003c/tr\u003e\n\u003c/table\u003e\n\u003c/td\u003e\n\u003c/tr\u003e\n\u003c/table\u003e\n\u003c/body\u003e\u003cscript type=\"text/javascript\"\u003e\n\t\t\t\tfunction changeImage(attElement, nameElement) {\n\t\t\t\tdocument.getElementById('imageAttachment').src = attElement;\n\t\t\t\tdocument.getElementById('imageName').innerHTML = nameElement;}\n\t\t\t\u003c/script\u003e\u003c/html\u003e\n","FID_active_grids":150,"GridID":"M01","Shape_Length":3.6188240709241466e-05,"Shape_Area":8.1849272851502786e-11}},{"type":"Feature","id":27443,"geometry":{"type":"Polygon","coordinates":[[[112.69121716400002,-7.0977634839999268],[112.69121713100003,-7.097754441999939],[112.69120808000002,-7.0977544749999311],[112.69120811300002,-7.0977635169999758],[112.69121716400002,-7.0977634839999268]]]},"properties":{"OBJECTID":27443,"FID_mangrove_utm":27351,"OBJECTID_1":27351,"Name":"18102566,9293","FolderPath":"JATIM/JATIM","SymbolID":0,"AltMode":0,"Base":0,"Clamped":-1,"Extruded":0,"Snippet":"","PopupInfo":"\u003chtml xmlns:fo=\"http://www.w3.org/1999/XSL/Format\" xmlns:msxsl=\"urn:schemas-microsoft-com:xslt\"\u003e\n\u003chead\u003e\n\u003cMETA http-equiv=\"Content-Type\" content=\"text/html\"\u003e\n\u003cmeta http-equiv=\"content-type\" content=\"text/html; charset=UTF-8\"\u003e\n\u003c/head\u003e\n\u003cbody style=\"margin:0px 0px 0px 0px;overflow:auto;background:#FFFFFF;\"\u003e\n\u003ctable style=\"font-family:Arial,Verdana,Times;font-size:12px;text-align:left;width:100%;border-collapse:collapse;padding:3px 3px 3px 3px\"\u003e\n\u003ctr style=\"text-align:center;font-weight:bold;background:#9CBCE2\"\u003e\n\u003ctd\u003e18102566,9293\u003c/td\u003e\n\u003c/tr\u003e\n\u003ctr\u003e\n\u003ctd\u003e\n\u003ctable style=\"font-family:Arial,Verdana,Times;font-size:12px;text-align:left;width:100%;border-spacing:0px; padding:3px 3px 3px 3px\"\u003e\n\u003ctr\u003e\n\u003ctd\u003eFID\u003c/td\u003e\n\u003ctd\u003e0\u003c/td\u003e\n\u003c/tr\u003e\n\u003ctr bgcolor=\"#D4E4F3\"\u003e\n\u003ctd\u003eShape_Leng\u003c/td\u003e\n\u003ctd\u003e18102566,9293\u003c/td\u003e\n\u003c/tr\u003e\n\u003c/table\u003e\n\u003c/td\u003e\n\u003c/tr\u003e\n\u003c/table\u003e\n\u003c/body\u003e\u003cscript type=\"text/javascript\"\u003e\n\t\t\t\tfunction changeImage(attElement, nameElement) {\n\t\t\t\tdocument.getElementById('imageAttachment').src = attElement;\n\t\t\t\tdocument.getElementById('imageName').innerHTML = nameElement;}\n\t\t\t\u003c/script\u003e\u003c/html\u003e\n","FID_active_grids":150,"GridID":"M01","Shape_Length":3.6186240800734172e-05,"Shape_Area":8.1840231205320506e-11}},{"type":"Feature","id":27444,"geometry":{"type":"Polygon","coordinates":[[[112.69189604300004,-7.097761008999953],[112.69189601000005,-7.0977519669999651],[112.69185980300006,-7.0977520989999334],[112.69185983600005,-7.0977611409999781],[112.69189604300004,-7.097761008999953]]]},"properties":{"OBJECTID":27444,"FID_mangrove_utm":27352,"OBJECTID_1":27352,"Name":"18102566,9293","FolderPath":"JATIM/JATIM","SymbolID":0,"AltMode":0,"Base":0,"Clamped":-1,"Extruded":0,"Snippet":"","PopupInfo":"\u003chtml xmlns:fo=\"http://www.w3.org/1999/XSL/Format\" xmlns:msxsl=\"urn:schemas-microsoft-com:xslt\"\u003e\n\u003chead\u003e\n\u003cMETA http-equiv=\"Content-Type\" content=\"text/html\"\u003e\n\u003cmeta http-equiv=\"content-type\" content=\"text/html; charset=UTF-8\"\u003e\n\u003c/head\u003e\n\u003cbody style=\"margin:0px 0px 0px 0px;overflow:auto;background:#FFFFFF;\"\u003e\n\u003ctable style=\"font-family:Arial,Verdana,Times;font-size:12px;text-align:left;width:100%;border-collapse:collapse;padding:3px 3px 3px 3px\"\u003e\n\u003ctr style=\"text-align:center;font-weight:bold;background:#9CBCE2\"\u003e\n\u003ctd\u003e18102566,9293\u003c/td\u003e\n\u003c/tr\u003e\n\u003ctr\u003e\n\u003ctd\u003e\n\u003ctable style=\"font-family:Arial,Verdana,Times;font-size:12px;text-align:left;width:100%;border-spacing:0px; padding:3px 3px 3px 3px\"\u003e\n\u003ctr\u003e\n\u003ctd\u003eFID\u003c/td\u003e\n\u003ctd\u003e0\u003c/td\u003e\n\u003c/tr\u003e\n\u003ctr bgcolor=\"#D4E4F3\"\u003e\n\u003ctd\u003eShape_Leng\u003c/td\u003e\n\u003ctd\u003e18102566,9293\u003c/td\u003e\n\u003c/tr\u003e\n\u003c/table\u003e\n\u003c/td\u003e\n\u003c/tr\u003e\n\u003c/table\u003e\n\u003c/body\u003e\u003cscript type=\"text/javascript\"\u003e\n\t\t\t\tfunction changeImage(attElement, nameElement) {\n\t\t\t\tdocument.getElementById('imageAttachment').src = attElement;\n\t\t\t\tdocument.getElementById('imageName').innerHTML = nameElement;}\n\t\t\t\u003c/script\u003e\u003c/html\u003e\n","FID_active_grids":150,"GridID":"M01","Shape_Length":9.0498601688818845e-05,"Shape_Area":3.2738805053164882e-10}},{"type":"Feature","id":27445,"geometry":{"type":"Polygon","coordinates":[[[112.68981418100009,-7.0977776369999788],[112.68981408200011,-7.0977505109999584],[112.68979597900011,-7.0977505769999425],[112.6897960120001,-7.0977596189999304],[112.68978696000011,-7.0977596519999793],[112.68978702600009,-7.097777735999955],[112.68981418100009,-7.0977776369999788]]]},"properties":{"OBJECTID":27445,"FID_mangrove_utm":27353,"OBJECTID_1":27353,"Name":"18102566,9293","FolderPath":"JATIM/JATIM","SymbolID":0,"AltMode":0,"Base":0,"Clamped":-1,"Extruded":0,"Snippet":"","PopupInfo":"\u003chtml xmlns:fo=\"http://www.w3.org/1999/XSL/Format\" xmlns:msxsl=\"urn:schemas-microsoft-com:xslt\"\u003e\n\u003chead\u003e\n\u003cMETA http-equiv=\"Content-Type\" content=\"text/html\"\u003e\n\u003cmeta http-equiv=\"content-type\" content=\"text/html; charset=UTF-8\"\u003e\n\u003c/head\u003e\n\u003cbody style=\"margin:0px 0px 0px 0px;overflow:auto;background:#FFFFFF;\"\u003e\n\u003ctable style=\"font-family:Arial,Verdana,Times;font-size:12px;text-align:left;width:100%;border-collapse:collapse;padding:3px 3px 3px 3px\"\u003e\n\u003ctr style=\"text-align:center;font-weight:bold;background:#9CBCE2\"\u003e\n\u003ctd\u003e18102566,9293\u003c/td\u003e\n\u003c/tr\u003e\n\u003ctr\u003e\n\u003ctd\u003e\n\u003ctable style=\"font-family:Arial,Verdana,Times;font-size:12px;text-align:left;width:100%;border-spacing:0px; padding:3px 3px 3px 3px\"\u003e\n\u003ctr\u003e\n\u003ctd\u003eFID\u003c/td\u003e\n\u003ctd\u003e0\u003c/td\u003e\n\u003c/tr\u003e\n\u003ctr bgcolor=\"#D4E4F3\"\u003e\n\u003ctd\u003eShape_Leng\u003c/td\u003e\n\u003ctd\u003e18102566,9293\u003c/td\u003e\n\u003c/tr\u003e\n\u003c/table\u003e\n\u003c/td\u003e\n\u003c/tr\u003e\n\u003c/table\u003e\n\u003c/body\u003e\u003cscript type=\"text/javascript\"\u003e\n\t\t\t\tfunction changeImage(attElement, nameElement) {\n\t\t\t\tdocument.getElementById('imageAttachment').src = attElement;\n\t\t\t\tdocument.getElementById('imageName').innerHTML = nameElement;}\n\t\t\t\u003c/script\u003e\u003c/html\u003e\n","FID_active_grids":150,"GridID":"M01","Shape_Length":0.00010856272221921622,"Shape_Area":6.5476704188635308e-10}},{"type":"Feature","id":27446,"geometry":{"type":"Polygon","coordinates":[[[112.69170589100008,-7.0977436179999813],[112.69168778700009,-7.0977436839999655],[112.69168785400007,-7.0977617679999412],[112.69169690500007,-7.0977617349999491],[112.69169693800006,-7.097770776999937],[112.69170599000006,-7.0977707439999449],[112.69170595700007,-7.097761701999957],[112.69171500900006,-7.097761668999965],[112.69171497600007,-7.0977526269999771],[112.69170592400008,-7.0977526599999692],[112.69170589100008,-7.0977436179999813]]]},"properties":{"OBJECTID":27446,"FID_mangrove_utm":27354,"OBJECTID_1":27354,"Name":"18102566,9293","FolderPath":"JATIM/JATIM","SymbolID":0,"AltMode":0,"Base":0,"Clamped":-1,"Extruded":0,"Snippet":"","PopupInfo":"\u003chtml xmlns:fo=\"http://www.w3.org/1999/XSL/Format\" xmlns:msxsl=\"urn:schemas-microsoft-com:xslt\"\u003e\n\u003chead\u003e\n\u003cMETA http-equiv=\"Content-Type\" content=\"text/html\"\u003e\n\u003cmeta http-equiv=\"content-type\" content=\"text/html; charset=UTF-8\"\u003e\n\u003c/head\u003e\n\u003cbody style=\"margin:0px 0px 0px 0px;overflow:auto;background:#FFFFFF;\"\u003e\n\u003ctable style=\"font-family:Arial,Verdana,Times;font-size:12px;text-align:left;width:100%;border-collapse:collapse;padding:3px 3px 3px 3px\"\u003e\n\u003ctr style=\"text-align:center;font-weight:bold;background:#9CBCE2\"\u003e\n\u003ctd\u003e18102566,9293\u003c/td\u003e\n\u003c/tr\u003e\n\u003ctr\u003e\n\u003ctd\u003e\n\u003ctable style=\"font-family:Arial,Verdana,Times;font-size:12px;text-align:left;width:100%;border-spacing:0px; padding:3px 3px 3px 3px\"\u003e\n\u003ctr\u003e\n\u003ctd\u003eFID\u003c/td\u003e\n\u003ctd\u003e0\u003c/td\u003e\n\u003c/tr\u003e\n\u003ctr bgcolor=\"#D4E4F3\"\u003e\n\u003ctd\u003eShape_Leng\u003c/td\u003e\n\u003ctd\u003e18102566,9293\u003c/td\u003e\n\u003c/tr\u003e\n\u003c/table\u003e\n\u003c/td\u003e\n\u003c/tr\u003e\n\u003c/table\u003e\n\u003c/body\u003e\u003cscript type=\"text/javascript\"\u003e\n\t\t\t\tfunction changeImage(attElement, nameElement) {\n\t\t\t\tdocument.getElementById('imageAttachment').src = attElement;\n\t\t\t\tdocument.getElementById('imageName').innerHTML = nameElement;}\n\t\t\t\u003c/script\u003e\u003c/html\u003e\n","FID_active_grids":150,"GridID":"M01","Shape_Length":0.00010856372582216447,"Shape_Area":4.9108661170447317e-10}},{"type":"Feature","id":27448,"geometry":{"type":"Polygon","coordinates":[[[112.69098168800008,-7.0977281739999398],[112.69097263600008,-7.0977282069999319],[112.69097270200007,-7.0977462909999645],[112.69099080600006,-7.0977462249999803],[112.69099077300007,-7.0977371829999356],[112.69098172100007,-7.0977372159999277],[112.69098168800008,-7.0977281739999398]]]},"properties":{"OBJECTID":27448,"FID_mangrove_utm":27356,"OBJECTID_1":27356,"Name":"18102566,9293","FolderPath":"JATIM/JATIM","SymbolID":0,"AltMode":0,"Base":0,"Clamped":-1,"Extruded":0,"Snippet":"","PopupInfo":"\u003chtml xmlns:fo=\"http://www.w3.org/1999/XSL/Format\" xmlns:msxsl=\"urn:schemas-microsoft-com:xslt\"\u003e\n\u003chead\u003e\n\u003cMETA http-equiv=\"Content-Type\" content=\"text/html\"\u003e\n\u003cmeta http-equiv=\"content-type\" content=\"text/html; charset=UTF-8\"\u003e\n\u003c/head\u003e\n\u003cbody style=\"margin:0px 0px 0px 0px;overflow:auto;background:#FFFFFF;\"\u003e\n\u003ctable style=\"font-family:Arial,Verdana,Times;font-size:12px;text-align:left;width:100%;border-collapse:collapse;padding:3px 3px 3px 3px\"\u003e\n\u003ctr style=\"text-align:center;font-weight:bold;background:#9CBCE2\"\u003e\n\u003ctd\u003e18102566,9293\u003c/td\u003e\n\u003c/tr\u003e\n\u003ctr\u003e\n\u003ctd\u003e\n\u003ctable style=\"font-family:Arial,Verdana,Times;font-size:12px;text-align:left;width:100%;border-spacing:0px; padding:3px 3px 3px 3px\"\u003e\n\u003ctr\u003e\n\u003ctd\u003eFID\u003c/td\u003e\n\u003ctd\u003e0\u003c/td\u003e\n\u003c/tr\u003e\n\u003ctr bgcolor=\"#D4E4F3\"\u003e\n\u003ctd\u003eShape_Leng\u003c/td\u003e\n\u003ctd\u003e18102566,9293\u003c/td\u003e\n\u003c/tr\u003e\n\u003c/table\u003e\n\u003c/td\u003e\n\u003c/tr\u003e\n\u003c/table\u003e\n\u003c/body\u003e\u003cscript type=\"text/javascript\"\u003e\n\t\t\t\tfunction changeImage(attElement, nameElement) {\n\t\t\t\tdocument.getElementById('imageAttachment').src = attElement;\n\t\t\t\tdocument.getElementById('imageName').innerHTML = nameElement;}\n\t\t\t\u003c/script\u003e\u003c/html\u003e\n","FID_active_grids":150,"GridID":"M01","Shape_Length":7.2376481532169024e-05,"Shape_Area":2.4554781958453954e-10}},{"type":"Feature","id":27450,"geometry":{"type":"Polygon","coordinates":[[[112.68987731200002,-7.0977141119999487],[112.68984110500003,-7.0977142439999739],[112.68984113800002,-7.0977232859999617],[112.68985924200001,-7.0977232199999776],[112.68985927500012,-7.0977322619999654],[112.68987737800001,-7.0977321959999813],[112.68987731200002,-7.0977141119999487]]]},"properties":{"OBJECTID":27450,"FID_mangrove_utm":27358,"OBJECTID_1":27358,"Name":"18102566,9293","FolderPath":"JATIM/JATIM","SymbolID":0,"AltMode":0,"Base":0,"Clamped":-1,"Extruded":0,"Snippet":"","PopupInfo":"\u003chtml xmlns:fo=\"http://www.w3.org/1999/XSL/Format\" xmlns:msxsl=\"urn:schemas-microsoft-com:xslt\"\u003e\n\u003chead\u003e\n\u003cMETA http-equiv=\"Content-Type\" content=\"text/html\"\u003e\n\u003cmeta http-equiv=\"content-type\" content=\"text/html; charset=UTF-8\"\u003e\n\u003c/head\u003e\n\u003cbody style=\"margin:0px 0px 0px 0px;overflow:auto;background:#FFFFFF;\"\u003e\n\u003ctable style=\"font-family:Arial,Verdana,Times;font-size:12px;text-align:left;width:100%;border-collapse:collapse;padding:3px 3px 3px 3px\"\u003e\n\u003ctr style=\"text-align:center;font-weight:bold;background:#9CBCE2\"\u003e\n\u003ctd\u003e18102566,9293\u003c/td\u003e\n\u003c/tr\u003e\n\u003ctr\u003e\n\u003ctd\u003e\n\u003ctable style=\"font-family:Arial,Verdana,Times;font-size:12px;text-align:left;width:100%;border-spacing:0px; padding:3px 3px 3px 3px\"\u003e\n\u003ctr\u003e\n\u003ctd\u003eFID\u003c/td\u003e\n\u003ctd\u003e0\u003c/td\u003e\n\u003c/tr\u003e\n\u003ctr bgcolor=\"#D4E4F3\"\u003e\n\u003ctd\u003eShape_Leng\u003c/td\u003e\n\u003ctd\u003e18102566,9293\u003c/td\u003e\n\u003c/tr\u003e\n\u003c/table\u003e\n\u003c/td\u003e\n\u003c/tr\u003e\n\u003c/table\u003e\n\u003c/body\u003e\u003cscript type=\"text/javascript\"\u003e\n\t\t\t\tfunction changeImage(attElement, nameElement) {\n\t\t\t\tdocument.getElementById('imageAttachment').src = attElement;\n\t\t\t\tdocument.getElementById('imageName').innerHTML = nameElement;}\n\t\t\t\u003c/script\u003e\u003c/html\u003e\n","FID_active_grids":150,"GridID":"M01","Shape_Length":0.00010858272198876074,"Shape_Area":4.9107758682064378e-10}},{"type":"Feature","id":27451,"geometry":{"type":"Polygon","coordinates":[[[112.6909635510001,-7.0977191979999361],[112.6909635180001,-7.0977101559999483],[112.6909544670001,-7.0977101889999403],[112.69095450000009,-7.0977192309999282],[112.6909635510001,-7.0977191979999361]]]},"properties":{"OBJECTID":27451,"FID_mangrove_utm":27359,"OBJECTID_1":27359,"Name":"18102566,9293","FolderPath":"JATIM/JATIM","SymbolID":0,"AltMode":0,"Base":0,"Clamped":-1,"Extruded":0,"Snippet":"","PopupInfo":"\u003chtml xmlns:fo=\"http://www.w3.org/1999/XSL/Format\" xmlns:msxsl=\"urn:schemas-microsoft-com:xslt\"\u003e\n\u003chead\u003e\n\u003cMETA http-equiv=\"Content-Type\" content=\"text/html\"\u003e\n\u003cmeta http-equiv=\"content-type\" content=\"text/html; charset=UTF-8\"\u003e\n\u003c/head\u003e\n\u003cbody style=\"margin:0px 0px 0px 0px;overflow:auto;background:#FFFFFF;\"\u003e\n\u003ctable style=\"font-family:Arial,Verdana,Times;font-size:12px;text-align:left;width:100%;border-collapse:collapse;padding:3px 3px 3px 3px\"\u003e\n\u003ctr style=\"text-align:center;font-weight:bold;background:#9CBCE2\"\u003e\n\u003ctd\u003e18102566,9293\u003c/td\u003e\n\u003c/tr\u003e\n\u003ctr\u003e\n\u003ctd\u003e\n\u003ctable style=\"font-family:Arial,Verdana,Times;font-size:12px;text-align:left;width:100%;border-spacing:0px; padding:3px 3px 3px 3px\"\u003e\n\u003ctr\u003e\n\u003ctd\u003eFID\u003c/td\u003e\n\u003ctd\u003e0\u003c/td\u003e\n\u003c/tr\u003e\n\u003ctr bgcolor=\"#D4E4F3\"\u003e\n\u003ctd\u003eShape_Leng\u003c/td\u003e\n\u003ctd\u003e18102566,9293\u003c/td\u003e\n\u003c/tr\u003e\n\u003c/table\u003e\n\u003c/td\u003e\n\u003c/tr\u003e\n\u003c/table\u003e\n\u003c/body\u003e\u003cscript type=\"text/javascript\"\u003e\n\t\t\t\tfunction changeImage(attElement, nameElement) {\n\t\t\t\tdocument.getElementById('imageAttachment').src = attElement;\n\t\t\t\tdocument.getElementById('imageName').innerHTML = nameElement;}\n\t\t\t\u003c/script\u003e\u003c/html\u003e\n","FID_active_grids":150,"GridID":"M01","Shape_Length":3.6186240743683881e-05,"Shape_Area":8.1840230947137701e-11}},{"type":"Feature","id":27454,"geometry":{"type":"Polygon","coordinates":[[[112.68920741900001,-7.0976984669999297],[112.68918931600001,-7.0976985329999707],[112.68918934900012,-7.0977075749999585],[112.68918029700001,-7.0977076079999506],[112.6891803630001,-7.0977256919999263],[112.68914415600011,-7.0977258239999514],[112.68914425500009,-7.0977529499999719],[112.68913520300009,-7.0977529819999745],[112.68913523600008,-7.0977620239999624],[112.68912618400009,-7.0977620569999544],[112.68912625000007,-7.0977801409999302],[112.68914435400006,-7.097780074999946],[112.68914445300004,-7.0978072009999664],[112.68916255600004,-7.0978071349999254],[112.68916258900003,-7.0978161769999701],[112.68918069300003,-7.0978161119999754],[112.68918072600002,-7.0978251529999739],[112.68921693300001,-7.0978250219999381],[112.68921690000002,-7.0978159799999503],[112.68922595100003,-7.0978159469999582],[112.68922591800003,-7.0978069049999704],[112.68923497000003,-7.0978068719999783],[112.68923483800006,-7.09777070399997],[112.68924389000006,-7.0977706709999779],[112.68924385700006,-7.0977616289999332],[112.68925290900006,-7.0977615959999412],[112.6892527440001,-7.097716385999945],[112.68922558800011,-7.0977164849999781],[112.68922555600011,-7.0977074429999334],[112.68920745200001,-7.0977075089999744],[112.68920741900001,-7.0976984669999297]]]},"properties":{"OBJECTID":27454,"FID_mangrove_utm":27362,"OBJECTID_1":27362,"Name":"18102566,9293","FolderPath":"JATIM/JATIM","SymbolID":0,"AltMode":0,"Base":0,"Clamped":-1,"Extruded":0,"Snippet":"","PopupInfo":"\u003chtml xmlns:fo=\"http://www.w3.org/1999/XSL/Format\" xmlns:msxsl=\"urn:schemas-microsoft-com:xslt\"\u003e\n\u003chead\u003e\n\u003cMETA http-equiv=\"Content-Type\" content=\"text/html\"\u003e\n\u003cmeta http-equiv=\"content-type\" content=\"text/html; charset=UTF-8\"\u003e\n\u003c/head\u003e\n\u003cbody style=\"margin:0px 0px 0px 0px;overflow:auto;background:#FFFFFF;\"\u003e\n\u003ctable style=\"font-family:Arial,Verdana,Times;font-size:12px;text-align:left;width:100%;border-collapse:collapse;padding:3px 3px 3px 3px\"\u003e\n\u003ctr style=\"text-align:center;font-weight:bold;background:#9CBCE2\"\u003e\n\u003ctd\u003e18102566,9293\u003c/td\u003e\n\u003c/tr\u003e\n\u003ctr\u003e\n\u003ctd\u003e\n\u003ctable style=\"font-family:Arial,Verdana,Times;font-size:12px;text-align:left;width:100%;border-spacing:0px; padding:3px 3px 3px 3px\"\u003e\n\u003ctr\u003e\n\u003ctd\u003eFID\u003c/td\u003e\n\u003ctd\u003e0\u003c/td\u003e\n\u003c/tr\u003e\n\u003ctr bgcolor=\"#D4E4F3\"\u003e\n\u003ctd\u003eShape_Leng\u003c/td\u003e\n\u003ctd\u003e18102566,9293\u003c/td\u003e\n\u003c/tr\u003e\n\u003c/table\u003e\n\u003c/td\u003e\n\u003c/tr\u003e\n\u003c/table\u003e\n\u003c/body\u003e\u003cscript type=\"text/javascript\"\u003e\n\t\t\t\tfunction changeImage(attElement, nameElement) {\n\t\t\t\tdocument.getElementById('imageAttachment').src = attElement;\n\t\t\t\tdocument.getElementById('imageName').innerHTML = nameElement;}\n\t\t\t\u003c/script\u003e\u003c/html\u003e\n","FID_active_grids":150,"GridID":"M01","Shape_Length":0.00050662935628257352,"Shape_Area":1.0640043458732143e-08}},{"type":"Feature","id":27455,"geometry":{"type":"Polygon","coordinates":[[[112.68953357800001,-7.097778658999971],[112.68953347900003,-7.0977515329999505],[112.68954253100003,-7.0977514999999585],[112.68954236600007,-7.0977062899999623],[112.68953331400007,-7.0977063229999544],[112.68953328100008,-7.0976972809999666],[112.68952422900009,-7.0976973139999586],[112.68952446000003,-7.0977606079999305],[112.68951540900002,-7.0977606399999331],[112.68951537600003,-7.0977515989999347],[112.68950632400004,-7.0977516309999373],[112.68950635700003,-7.0977606729999252],[112.68949730500003,-7.0977607059999741],[112.68949733800002,-7.097769747999962],[112.68952449300002,-7.0977696489999289],[112.68952452600001,-7.0977786909999736],[112.68953357800001,-7.097778658999971]]]},"properties":{"OBJECTID":27455,"FID_mangrove_utm":27363,"OBJECTID_1":27363,"Name":"18102566,9293","FolderPath":"JATIM/JATIM","SymbolID":0,"AltMode":0,"Base":0,"Clamped":-1,"Extruded":0,"Snippet":"","PopupInfo":"\u003chtml xmlns:fo=\"http://www.w3.org/1999/XSL/Format\" xmlns:msxsl=\"urn:schemas-microsoft-com:xslt\"\u003e\n\u003chead\u003e\n\u003cMETA http-equiv=\"Content-Type\" content=\"text/html\"\u003e\n\u003cmeta http-equiv=\"content-type\" content=\"text/html; charset=UTF-8\"\u003e\n\u003c/head\u003e\n\u003cbody style=\"margin:0px 0px 0px 0px;overflow:auto;background:#FFFFFF;\"\u003e\n\u003ctable style=\"font-family:Arial,Verdana,Times;font-size:12px;text-align:left;width:100%;border-collapse:collapse;padding:3px 3px 3px 3px\"\u003e\n\u003ctr style=\"text-align:center;font-weight:bold;background:#9CBCE2\"\u003e\n\u003ctd\u003e18102566,9293\u003c/td\u003e\n\u003c/tr\u003e\n\u003ctr\u003e\n\u003ctd\u003e\n\u003ctable style=\"font-family:Arial,Verdana,Times;font-size:12px;text-align:left;width:100%;border-spacing:0px; padding:3px 3px 3px 3px\"\u003e\n\u003ctr\u003e\n\u003ctd\u003eFID\u003c/td\u003e\n\u003ctd\u003e0\u003c/td\u003e\n\u003c/tr\u003e\n\u003ctr bgcolor=\"#D4E4F3\"\u003e\n\u003ctd\u003eShape_Leng\u003c/td\u003e\n\u003ctd\u003e18102566,9293\u003c/td\u003e\n\u003c/tr\u003e\n\u003c/table\u003e\n\u003c/td\u003e\n\u003c/tr\u003e\n\u003c/table\u003e\n\u003c/body\u003e\u003cscript type=\"text/javascript\"\u003e\n\t\t\t\tfunction changeImage(attElement, nameElement) {\n\t\t\t\tdocument.getElementById('imageAttachment').src = attElement;\n\t\t\t\tdocument.getElementById('imageName').innerHTML = nameElement;}\n\t\t\t\u003c/script\u003e\u003c/html\u003e\n","FID_active_grids":150,"GridID":"M01","Shape_Length":0.00027135879512042336,"Shape_Area":1.4732641786256809e-09}},{"type":"Feature","id":27458,"geometry":{"type":"Polygon","coordinates":[[[112.68924362600001,-7.0976983349999614],[112.68924356000002,-7.0976802509999288],[112.68923450800003,-7.0976802839999777],[112.68923457400001,-7.0976983679999535],[112.68924362600001,-7.0976983349999614]]]},"properties":{"OBJECTID":27458,"FID_mangrove_utm":27366,"OBJECTID_1":27366,"Name":"18102566,9293","FolderPath":"JATIM/JATIM","SymbolID":0,"AltMode":0,"Base":0,"Clamped":-1,"Extruded":0,"Snippet":"","PopupInfo":"\u003chtml xmlns:fo=\"http://www.w3.org/1999/XSL/Format\" xmlns:msxsl=\"urn:schemas-microsoft-com:xslt\"\u003e\n\u003chead\u003e\n\u003cMETA http-equiv=\"Content-Type\" content=\"text/html\"\u003e\n\u003cmeta http-equiv=\"content-type\" content=\"text/html; charset=UTF-8\"\u003e\n\u003c/head\u003e\n\u003cbody style=\"margin:0px 0px 0px 0px;overflow:auto;background:#FFFFFF;\"\u003e\n\u003ctable style=\"font-family:Arial,Verdana,Times;font-size:12px;text-align:left;width:100%;border-collapse:collapse;padding:3px 3px 3px 3px\"\u003e\n\u003ctr style=\"text-align:center;font-weight:bold;background:#9CBCE2\"\u003e\n\u003ctd\u003e18102566,9293\u003c/td\u003e\n\u003c/tr\u003e\n\u003ctr\u003e\n\u003ctd\u003e\n\u003ctable style=\"font-family:Arial,Verdana,Times;font-size:12px;text-align:left;width:100%;border-spacing:0px; padding:3px 3px 3px 3px\"\u003e\n\u003ctr\u003e\n\u003ctd\u003eFID\u003c/td\u003e\n\u003ctd\u003e0\u003c/td\u003e\n\u003c/tr\u003e\n\u003ctr bgcolor=\"#D4E4F3\"\u003e\n\u003ctd\u003eShape_Leng\u003c/td\u003e\n\u003ctd\u003e18102566,9293\u003c/td\u003e\n\u003c/tr\u003e\n\u003c/table\u003e\n\u003c/td\u003e\n\u003c/tr\u003e\n\u003c/table\u003e\n\u003c/body\u003e\u003cscript type=\"text/javascript\"\u003e\n\t\t\t\tfunction changeImage(attElement, nameElement) {\n\t\t\t\tdocument.getElementById('imageAttachment').src = attElement;\n\t\t\t\tdocument.getElementById('imageName').innerHTML = nameElement;}\n\t\t\t\u003c/script\u003e\u003c/html\u003e\n","FID_active_grids":150,"GridID":"M01","Shape_Length":5.4272361179504597e-05,"Shape_Area":1.6369854596215472e-10}},{"type":"Feature","id":27459,"geometry":{"type":"Polygon","coordinates":[[[112.69222160700008,-7.0976784429999498],[112.69222157400009,-7.0976694019999513],[112.69221252200009,-7.0976694349999434],[112.69221255500008,-7.0976784759999418],[112.69222160700008,-7.0976784429999498]]]},"properties":{"OBJECTID":27459,"FID_mangrove_utm":27367,"OBJECTID_1":27367,"Name":"18102566,9293","FolderPath":"JATIM/JATIM","SymbolID":0,"AltMode":0,"Base":0,"Clamped":-1,"Extruded":0,"Snippet":"","PopupInfo":"\u003chtml xmlns:fo=\"http://www.w3.org/1999/XSL/Format\" xmlns:msxsl=\"urn:schemas-microsoft-com:xslt\"\u003e\n\u003chead\u003e\n\u003cMETA http-equiv=\"Content-Type\" content=\"text/html\"\u003e\n\u003cmeta http-equiv=\"content-type\" content=\"text/html; charset=UTF-8\"\u003e\n\u003c/head\u003e\n\u003cbody style=\"margin:0px 0px 0px 0px;overflow:auto;background:#FFFFFF;\"\u003e\n\u003ctable style=\"font-family:Arial,Verdana,Times;font-size:12px;text-align:left;width:100%;border-collapse:collapse;padding:3px 3px 3px 3px\"\u003e\n\u003ctr style=\"text-align:center;font-weight:bold;background:#9CBCE2\"\u003e\n\u003ctd\u003e18102566,9293\u003c/td\u003e\n\u003c/tr\u003e\n\u003ctr\u003e\n\u003ctd\u003e\n\u003ctable style=\"font-family:Arial,Verdana,Times;font-size:12px;text-align:left;width:100%;border-spacing:0px; padding:3px 3px 3px 3px\"\u003e\n\u003ctr\u003e\n\u003ctd\u003eFID\u003c/td\u003e\n\u003ctd\u003e0\u003c/td\u003e\n\u003c/tr\u003e\n\u003ctr bgcolor=\"#D4E4F3\"\u003e\n\u003ctd\u003eShape_Leng\u003c/td\u003e\n\u003ctd\u003e18102566,9293\u003c/td\u003e\n\u003c/tr\u003e\n\u003c/table\u003e\n\u003c/td\u003e\n\u003c/tr\u003e\n\u003c/table\u003e\n\u003c/body\u003e\u003cscript type=\"text/javascript\"\u003e\n\t\t\t\tfunction changeImage(attElement, nameElement) {\n\t\t\t\tdocument.getElementById('imageAttachment').src = attElement;\n\t\t\t\tdocument.getElementById('imageName').innerHTML = nameElement;}\n\t\t\t\u003c/script\u003e\u003c/html\u003e\n","FID_active_grids":150,"GridID":"M01","Shape_Length":3.618624074371329e-05,"Shape_Area":8.1840220947235522e-11}},{"type":"Feature","id":27460,"geometry":{"type":"Polygon","coordinates":[[[112.68917111300004,-7.0976714729999344],[112.68915301000004,-7.0976715389999754],[112.68915304300003,-7.0976805809999632],[112.68914399100004,-7.0976806139999553],[112.68914409000001,-7.0977077399999757],[112.68915314200001,-7.0977077069999268],[112.68915310900002,-7.097698664999939],[112.68918026400002,-7.0976985659999627],[112.68918019800003,-7.0976804819999302],[112.68917114600004,-7.0976805149999791],[112.68917111300004,-7.0976714729999344]]]},"properties":{"OBJECTID":27460,"FID_mangrove_utm":27368,"OBJECTID_1":27368,"Name":"18102566,9293","FolderPath":"JATIM/JATIM","SymbolID":0,"AltMode":0,"Base":0,"Clamped":-1,"Extruded":0,"Snippet":"","PopupInfo":"\u003chtml xmlns:fo=\"http://www.w3.org/1999/XSL/Format\" xmlns:msxsl=\"urn:schemas-microsoft-com:xslt\"\u003e\n\u003chead\u003e\n\u003cMETA http-equiv=\"Content-Type\" content=\"text/html\"\u003e\n\u003cmeta http-equiv=\"content-type\" content=\"text/html; charset=UTF-8\"\u003e\n\u003c/head\u003e\n\u003cbody style=\"margin:0px 0px 0px 0px;overflow:auto;background:#FFFFFF;\"\u003e\n\u003ctable style=\"font-family:Arial,Verdana,Times;font-size:12px;text-align:left;width:100%;border-collapse:collapse;padding:3px 3px 3px 3px\"\u003e\n\u003ctr style=\"text-align:center;font-weight:bold;background:#9CBCE2\"\u003e\n\u003ctd\u003e18102566,9293\u003c/td\u003e\n\u003c/tr\u003e\n\u003ctr\u003e\n\u003ctd\u003e\n\u003ctable style=\"font-family:Arial,Verdana,Times;font-size:12px;text-align:left;width:100%;border-spacing:0px; padding:3px 3px 3px 3px\"\u003e\n\u003ctr\u003e\n\u003ctd\u003eFID\u003c/td\u003e\n\u003ctd\u003e0\u003c/td\u003e\n\u003c/tr\u003e\n\u003ctr bgcolor=\"#D4E4F3\"\u003e\n\u003ctd\u003eShape_Leng\u003c/td\u003e\n\u003ctd\u003e18102566,9293\u003c/td\u003e\n\u003c/tr\u003e\n\u003c/table\u003e\n\u003c/td\u003e\n\u003c/tr\u003e\n\u003c/table\u003e\n\u003c/body\u003e\u003cscript type=\"text/javascript\"\u003e\n\t\t\t\tfunction changeImage(attElement, nameElement) {\n\t\t\t\tdocument.getElementById('imageAttachment').src = attElement;\n\t\t\t\tdocument.getElementById('imageName').innerHTML = nameElement;}\n\t\t\t\u003c/script\u003e\u003c/html\u003e\n","FID_active_grids":150,"GridID":"M01","Shape_Length":0.00014475096304255824,"Shape_Area":9.0031489318794926e-10}},{"type":"Feature","id":27462,"geometry":{"type":"Polygon","coordinates":[[[112.68918013200005,-7.0976623979999545],[112.68918009900005,-7.0976533559999666],[112.68917104700006,-7.0976533889999587],[112.68917108000005,-7.0976624309999465],[112.68918013200005,-7.0976623979999545]]]},"properties":{"OBJECTID":27462,"FID_mangrove_utm":27370,"OBJECTID_1":27370,"Name":"18102566,9293","FolderPath":"JATIM/JATIM","SymbolID":0,"AltMode":0,"Base":0,"Clamped":-1,"Extruded":0,"Snippet":"","PopupInfo":"\u003chtml xmlns:fo=\"http://www.w3.org/1999/XSL/Format\" xmlns:msxsl=\"urn:schemas-microsoft-com:xslt\"\u003e\n\u003chead\u003e\n\u003cMETA http-equiv=\"Content-Type\" content=\"text/html\"\u003e\n\u003cmeta http-equiv=\"content-type\" content=\"text/html; charset=UTF-8\"\u003e\n\u003c/head\u003e\n\u003cbody style=\"margin:0px 0px 0px 0px;overflow:auto;background:#FFFFFF;\"\u003e\n\u003ctable style=\"font-family:Arial,Verdana,Times;font-size:12px;text-align:left;width:100%;border-collapse:collapse;padding:3px 3px 3px 3px\"\u003e\n\u003ctr style=\"text-align:center;font-weight:bold;background:#9CBCE2\"\u003e\n\u003ctd\u003e18102566,9293\u003c/td\u003e\n\u003c/tr\u003e\n\u003ctr\u003e\n\u003ctd\u003e\n\u003ctable style=\"font-family:Arial,Verdana,Times;font-size:12px;text-align:left;width:100%;border-spacing:0px; padding:3px 3px 3px 3px\"\u003e\n\u003ctr\u003e\n\u003ctd\u003eFID\u003c/td\u003e\n\u003ctd\u003e0\u003c/td\u003e\n\u003c/tr\u003e\n\u003ctr bgcolor=\"#D4E4F3\"\u003e\n\u003ctd\u003eShape_Leng\u003c/td\u003e\n\u003ctd\u003e18102566,9293\u003c/td\u003e\n\u003c/tr\u003e\n\u003c/table\u003e\n\u003c/td\u003e\n\u003c/tr\u003e\n\u003c/table\u003e\n\u003c/body\u003e\u003cscript type=\"text/javascript\"\u003e\n\t\t\t\tfunction changeImage(attElement, nameElement) {\n\t\t\t\tdocument.getElementById('imageAttachment').src = attElement;\n\t\t\t\tdocument.getElementById('imageName').innerHTML = nameElement;}\n\t\t\t\u003c/script\u003e\u003c/html\u003e\n","FID_active_grids":150,"GridID":"M01","Shape_Length":3.6188240709241466e-05,"Shape_Area":8.1849272851502786e-11}},{"type":"Feature","id":27464,"geometry":{"type":"Polygon","coordinates":[[[112.69078218700008,-7.0976294379999558],[112.69078222000007,-7.0976384799999437],[112.69080032300008,-7.0976384139999595],[112.69080029000008,-7.0976293719999717],[112.69078218700008,-7.0976294379999558]]]},"properties":{"OBJECTID":27464,"FID_mangrove_utm":27372,"OBJECTID_1":27372,"Name":"18102566,9293","FolderPath":"JATIM/JATIM","SymbolID":0,"AltMode":0,"Base":0,"Clamped":-1,"Extruded":0,"Snippet":"","PopupInfo":"\u003chtml xmlns:fo=\"http://www.w3.org/1999/XSL/Format\" xmlns:msxsl=\"urn:schemas-microsoft-com:xslt\"\u003e\n\u003chead\u003e\n\u003cMETA http-equiv=\"Content-Type\" content=\"text/html\"\u003e\n\u003cmeta http-equiv=\"content-type\" content=\"text/html; charset=UTF-8\"\u003e\n\u003c/head\u003e\n\u003cbody style=\"margin:0px 0px 0px 0px;overflow:auto;background:#FFFFFF;\"\u003e\n\u003ctable style=\"font-family:Arial,Verdana,Times;font-size:12px;text-align:left;width:100%;border-collapse:collapse;padding:3px 3px 3px 3px\"\u003e\n\u003ctr style=\"text-align:center;font-weight:bold;background:#9CBCE2\"\u003e\n\u003ctd\u003e18102566,9293\u003c/td\u003e\n\u003c/tr\u003e\n\u003ctr\u003e\n\u003ctd\u003e\n\u003ctable style=\"font-family:Arial,Verdana,Times;font-size:12px;text-align:left;width:100%;border-spacing:0px; padding:3px 3px 3px 3px\"\u003e\n\u003ctr\u003e\n\u003ctd\u003eFID\u003c/td\u003e\n\u003ctd\u003e0\u003c/td\u003e\n\u003c/tr\u003e\n\u003ctr bgcolor=\"#D4E4F3\"\u003e\n\u003ctd\u003eShape_Leng\u003c/td\u003e\n\u003ctd\u003e18102566,9293\u003c/td\u003e\n\u003c/tr\u003e\n\u003c/table\u003e\n\u003c/td\u003e\n\u003c/tr\u003e\n\u003c/table\u003e\n\u003c/body\u003e\u003cscript type=\"text/javascript\"\u003e\n\t\t\t\tfunction changeImage(attElement, nameElement) {\n\t\t\t\tdocument.getElementById('imageAttachment').src = attElement;\n\t\t\t\tdocument.getElementById('imageName').innerHTML = nameElement;}\n\t\t\t\u003c/script\u003e\u003c/html\u003e\n","FID_active_grids":150,"GridID":"M01","Shape_Length":5.4290361039711742e-05,"Shape_Area":1.6368950379864051e-10}},{"type":"Feature","id":27466,"geometry":{"type":"Polygon","coordinates":[[[112.68917094800008,-7.0976262629999383],[112.68917091500009,-7.0976172209999504],[112.68914376000009,-7.0976173199999266],[112.68914379300008,-7.0976263619999713],[112.68917094800008,-7.0976262629999383]]]},"properties":{"OBJECTID":27466,"FID_mangrove_utm":27374,"OBJECTID_1":27374,"Name":"18102566,9293","FolderPath":"JATIM/JATIM","SymbolID":0,"AltMode":0,"Base":0,"Clamped":-1,"Extruded":0,"Snippet":"","PopupInfo":"\u003chtml xmlns:fo=\"http://www.w3.org/1999/XSL/Format\" xmlns:msxsl=\"urn:schemas-microsoft-com:xslt\"\u003e\n\u003chead\u003e\n\u003cMETA http-equiv=\"Content-Type\" content=\"text/html\"\u003e\n\u003cmeta http-equiv=\"content-type\" content=\"text/html; charset=UTF-8\"\u003e\n\u003c/head\u003e\n\u003cbody style=\"margin:0px 0px 0px 0px;overflow:auto;background:#FFFFFF;\"\u003e\n\u003ctable style=\"font-family:Arial,Verdana,Times;font-size:12px;text-align:left;width:100%;border-collapse:collapse;padding:3px 3px 3px 3px\"\u003e\n\u003ctr style=\"text-align:center;font-weight:bold;background:#9CBCE2\"\u003e\n\u003ctd\u003e18102566,9293\u003c/td\u003e\n\u003c/tr\u003e\n\u003ctr\u003e\n\u003ctd\u003e\n\u003ctable style=\"font-family:Arial,Verdana,Times;font-size:12px;text-align:left;width:100%;border-spacing:0px; padding:3px 3px 3px 3px\"\u003e\n\u003ctr\u003e\n\u003ctd\u003eFID\u003c/td\u003e\n\u003ctd\u003e0\u003c/td\u003e\n\u003c/tr\u003e\n\u003ctr bgcolor=\"#D4E4F3\"\u003e\n\u003ctd\u003eShape_Leng\u003c/td\u003e\n\u003ctd\u003e18102566,9293\u003c/td\u003e\n\u003c/tr\u003e\n\u003c/table\u003e\n\u003c/td\u003e\n\u003c/tr\u003e\n\u003c/table\u003e\n\u003c/body\u003e\u003cscript type=\"text/javascript\"\u003e\n\t\t\t\tfunction changeImage(attElement, nameElement) {\n\t\t\t\tdocument.getElementById('imageAttachment').src = attElement;\n\t\t\t\tdocument.getElementById('imageName').innerHTML = nameElement;}\n\t\t\t\u003c/script\u003e\u003c/html\u003e\n","FID_active_grids":150,"GridID":"M01","Shape_Length":7.2394481392790375e-05,"Shape_Area":2.4553877742287269e-10}},{"type":"Feature","id":27467,"geometry":{"type":"Polygon","coordinates":[[[112.68922529200006,-7.0976351069999737],[112.68923434300007,-7.0976350739999248],[112.68923427700008,-7.0976169899999491],[112.68917996700009,-7.0976171879999583],[112.68918003300007,-7.097635271999934],[112.68918908500007,-7.097635238999942],[112.68918918400004,-7.0976623649999624],[112.68921633900004,-7.0976622659999293],[112.68921630600005,-7.0976532239999415],[112.68922535800004,-7.0976531909999494],[112.68922529200006,-7.0976351069999737]]]},"properties":{"OBJECTID":27467,"FID_mangrove_utm":27375,"OBJECTID_1":27375,"Name":"18102566,9293","FolderPath":"JATIM/JATIM","SymbolID":0,"AltMode":0,"Base":0,"Clamped":-1,"Extruded":0,"Snippet":"","PopupInfo":"\u003chtml xmlns:fo=\"http://www.w3.org/1999/XSL/Format\" xmlns:msxsl=\"urn:schemas-microsoft-com:xslt\"\u003e\n\u003chead\u003e\n\u003cMETA http-equiv=\"Content-Type\" content=\"text/html\"\u003e\n\u003cmeta http-equiv=\"content-type\" content=\"text/html; charset=UTF-8\"\u003e\n\u003c/head\u003e\n\u003cbody style=\"margin:0px 0px 0px 0px;overflow:auto;background:#FFFFFF;\"\u003e\n\u003ctable style=\"font-family:Arial,Verdana,Times;font-size:12px;text-align:left;width:100%;border-collapse:collapse;padding:3px 3px 3px 3px\"\u003e\n\u003ctr style=\"text-align:center;font-weight:bold;background:#9CBCE2\"\u003e\n\u003ctd\u003e18102566,9293\u003c/td\u003e\n\u003c/tr\u003e\n\u003ctr\u003e\n\u003ctd\u003e\n\u003ctable style=\"font-family:Arial,Verdana,Times;font-size:12px;text-align:left;width:100%;border-spacing:0px; padding:3px 3px 3px 3px\"\u003e\n\u003ctr\u003e\n\u003ctd\u003eFID\u003c/td\u003e\n\u003ctd\u003e0\u003c/td\u003e\n\u003c/tr\u003e\n\u003ctr bgcolor=\"#D4E4F3\"\u003e\n\u003ctd\u003eShape_Leng\u003c/td\u003e\n\u003ctd\u003e18102566,9293\u003c/td\u003e\n\u003c/tr\u003e\n\u003c/table\u003e\n\u003c/td\u003e\n\u003c/tr\u003e\n\u003c/table\u003e\n\u003c/body\u003e\u003cscript type=\"text/javascript\"\u003e\n\t\t\t\tfunction changeImage(attElement, nameElement) {\n\t\t\t\tdocument.getElementById('imageAttachment').src = attElement;\n\t\t\t\tdocument.getElementById('imageName').innerHTML = nameElement;}\n\t\t\t\u003c/script\u003e\u003c/html\u003e\n","FID_active_grids":150,"GridID":"M01","Shape_Length":0.00019904132396858406,"Shape_Area":1.8824700503179898e-09}},{"type":"Feature","id":27468,"geometry":{"type":"Polygon","coordinates":[[[112.6898588790001,-7.09762375899993],[112.68985884600011,-7.0976147169999422],[112.68984979400011,-7.0976147499999342],[112.6898498270001,-7.0976237919999789],[112.6898588790001,-7.09762375899993]]]},"properties":{"OBJECTID":27468,"FID_mangrove_utm":27376,"OBJECTID_1":27376,"Name":"18102566,9293","FolderPath":"JATIM/JATIM","SymbolID":0,"AltMode":0,"Base":0,"Clamped":-1,"Extruded":0,"Snippet":"","PopupInfo":"\u003chtml xmlns:fo=\"http://www.w3.org/1999/XSL/Format\" xmlns:msxsl=\"urn:schemas-microsoft-com:xslt\"\u003e\n\u003chead\u003e\n\u003cMETA http-equiv=\"Content-Type\" content=\"text/html\"\u003e\n\u003cmeta http-equiv=\"content-type\" content=\"text/html; charset=UTF-8\"\u003e\n\u003c/head\u003e\n\u003cbody style=\"margin:0px 0px 0px 0px;overflow:auto;background:#FFFFFF;\"\u003e\n\u003ctable style=\"font-family:Arial,Verdana,Times;font-size:12px;text-align:left;width:100%;border-collapse:collapse;padding:3px 3px 3px 3px\"\u003e\n\u003ctr style=\"text-align:center;font-weight:bold;background:#9CBCE2\"\u003e\n\u003ctd\u003e18102566,9293\u003c/td\u003e\n\u003c/tr\u003e\n\u003ctr\u003e\n\u003ctd\u003e\n\u003ctable style=\"font-family:Arial,Verdana,Times;font-size:12px;text-align:left;width:100%;border-spacing:0px; padding:3px 3px 3px 3px\"\u003e\n\u003ctr\u003e\n\u003ctd\u003eFID\u003c/td\u003e\n\u003ctd\u003e0\u003c/td\u003e\n\u003c/tr\u003e\n\u003ctr bgcolor=\"#D4E4F3\"\u003e\n\u003ctd\u003eShape_Leng\u003c/td\u003e\n\u003ctd\u003e18102566,9293\u003c/td\u003e\n\u003c/tr\u003e\n\u003c/table\u003e\n\u003c/td\u003e\n\u003c/tr\u003e\n\u003c/table\u003e\n\u003c/body\u003e\u003cscript type=\"text/javascript\"\u003e\n\t\t\t\tfunction changeImage(attElement, nameElement) {\n\t\t\t\tdocument.getElementById('imageAttachment').src = attElement;\n\t\t\t\tdocument.getElementById('imageName').innerHTML = nameElement;}\n\t\t\t\u003c/script\u003e\u003c/html\u003e\n","FID_active_grids":150,"GridID":"M01","Shape_Length":3.618824076629173e-05,"Shape_Area":8.1849273109714013e-11}},{"type":"Feature","id":27469,"geometry":{"type":"Polygon","coordinates":[[[112.69017568900006,-7.0976226049999696],[112.69017565600006,-7.0976135629999249],[112.69016660400007,-7.0976135959999738],[112.69016663700006,-7.0976226379999616],[112.69017568900006,-7.0976226049999696]]]},"properties":{"OBJECTID":27469,"FID_mangrove_utm":27377,"OBJECTID_1":27377,"Name":"18102566,9293","FolderPath":"JATIM/JATIM","SymbolID":0,"AltMode":0,"Base":0,"Clamped":-1,"Extruded":0,"Snippet":"","PopupInfo":"\u003chtml xmlns:fo=\"http://www.w3.org/1999/XSL/Format\" xmlns:msxsl=\"urn:schemas-microsoft-com:xslt\"\u003e\n\u003chead\u003e\n\u003cMETA http-equiv=\"Content-Type\" content=\"text/html\"\u003e\n\u003cmeta http-equiv=\"content-type\" content=\"text/html; charset=UTF-8\"\u003e\n\u003c/head\u003e\n\u003cbody style=\"margin:0px 0px 0px 0px;overflow:auto;background:#FFFFFF;\"\u003e\n\u003ctable style=\"font-family:Arial,Verdana,Times;font-size:12px;text-align:left;width:100%;border-collapse:collapse;padding:3px 3px 3px 3px\"\u003e\n\u003ctr style=\"text-align:center;font-weight:bold;background:#9CBCE2\"\u003e\n\u003ctd\u003e18102566,9293\u003c/td\u003e\n\u003c/tr\u003e\n\u003ctr\u003e\n\u003ctd\u003e\n\u003ctable style=\"font-family:Arial,Verdana,Times;font-size:12px;text-align:left;width:100%;border-spacing:0px; padding:3px 3px 3px 3px\"\u003e\n\u003ctr\u003e\n\u003ctd\u003eFID\u003c/td\u003e\n\u003ctd\u003e0\u003c/td\u003e\n\u003c/tr\u003e\n\u003ctr bgcolor=\"#D4E4F3\"\u003e\n\u003ctd\u003eShape_Leng\u003c/td\u003e\n\u003ctd\u003e18102566,9293\u003c/td\u003e\n\u003c/tr\u003e\n\u003c/table\u003e\n\u003c/td\u003e\n\u003c/tr\u003e\n\u003c/table\u003e\n\u003c/body\u003e\u003cscript type=\"text/javascript\"\u003e\n\t\t\t\tfunction changeImage(attElement, nameElement) {\n\t\t\t\tdocument.getElementById('imageAttachment').src = attElement;\n\t\t\t\tdocument.getElementById('imageName').innerHTML = nameElement;}\n\t\t\t\u003c/script\u003e\u003c/html\u003e\n","FID_active_grids":150,"GridID":"M01","Shape_Length":3.6188240766291737e-05,"Shape_Area":8.1849273109714025e-11}},{"type":"Feature","id":27470,"geometry":{"type":"Polygon","coordinates":[[[112.69104472000004,-7.0976375229999462],[112.69104462100006,-7.0976103969999258],[112.69103556900006,-7.0976104299999747],[112.69103560200006,-7.0976194719999626],[112.69102655000006,-7.0976195049999546],[112.69102658300005,-7.0976285469999425],[112.69101753100006,-7.0976285799999346],[112.69101756400005,-7.0976376219999793],[112.69104472000004,-7.0976375229999462]]]},"properties":{"OBJECTID":27470,"FID_mangrove_utm":27378,"OBJECTID_1":27378,"Name":"18102566,9293","FolderPath":"JATIM/JATIM","SymbolID":0,"AltMode":0,"Base":0,"Clamped":-1,"Extruded":0,"Snippet":"","PopupInfo":"\u003chtml xmlns:fo=\"http://www.w3.org/1999/XSL/Format\" xmlns:msxsl=\"urn:schemas-microsoft-com:xslt\"\u003e\n\u003chead\u003e\n\u003cMETA http-equiv=\"Content-Type\" content=\"text/html\"\u003e\n\u003cmeta http-equiv=\"content-type\" content=\"text/html; charset=UTF-8\"\u003e\n\u003c/head\u003e\n\u003cbody style=\"margin:0px 0px 0px 0px;overflow:auto;background:#FFFFFF;\"\u003e\n\u003ctable style=\"font-family:Arial,Verdana,Times;font-size:12px;text-align:left;width:100%;border-collapse:collapse;padding:3px 3px 3px 3px\"\u003e\n\u003ctr style=\"text-align:center;font-weight:bold;background:#9CBCE2\"\u003e\n\u003ctd\u003e18102566,9293\u003c/td\u003e\n\u003c/tr\u003e\n\u003ctr\u003e\n\u003ctd\u003e\n\u003ctable style=\"font-family:Arial,Verdana,Times;font-size:12px;text-align:left;width:100%;border-spacing:0px; padding:3px 3px 3px 3px\"\u003e\n\u003ctr\u003e\n\u003ctd\u003eFID\u003c/td\u003e\n\u003ctd\u003e0\u003c/td\u003e\n\u003c/tr\u003e\n\u003ctr bgcolor=\"#D4E4F3\"\u003e\n\u003ctd\u003eShape_Leng\u003c/td\u003e\n\u003ctd\u003e18102566,9293\u003c/td\u003e\n\u003c/tr\u003e\n\u003c/table\u003e\n\u003c/td\u003e\n\u003c/tr\u003e\n\u003c/table\u003e\n\u003c/body\u003e\u003cscript type=\"text/javascript\"\u003e\n\t\t\t\tfunction changeImage(attElement, nameElement) {\n\t\t\t\tdocument.getElementById('imageAttachment').src = attElement;\n\t\t\t\tdocument.getElementById('imageName').innerHTML = nameElement;}\n\t\t\t\u003c/script\u003e\u003c/html\u003e\n","FID_active_grids":150,"GridID":"M01","Shape_Length":0.00010856472224182493,"Shape_Area":4.910956381418616e-10}},{"type":"Feature","id":27471,"geometry":{"type":"Polygon","coordinates":[[[112.69169644300007,-7.097635147999938],[112.69169641000008,-7.0976261059999501],[112.69171451300008,-7.097626039999966],[112.69171448000009,-7.0976169979999781],[112.69172353200008,-7.0976169649999292],[112.69172349900009,-7.0976079229999414],[112.6916872920001,-7.0976080549999665],[112.69168739100007,-7.0976351809999301],[112.69169644300007,-7.097635147999938]]]},"properties":{"OBJECTID":27471,"FID_mangrove_utm":27379,"OBJECTID_1":27379,"Name":"18102566,9293","FolderPath":"JATIM/JATIM","SymbolID":0,"AltMode":0,"Base":0,"Clamped":-1,"Extruded":0,"Snippet":"","PopupInfo":"\u003chtml xmlns:fo=\"http://www.w3.org/1999/XSL/Format\" xmlns:msxsl=\"urn:schemas-microsoft-com:xslt\"\u003e\n\u003chead\u003e\n\u003cMETA http-equiv=\"Content-Type\" content=\"text/html\"\u003e\n\u003cmeta http-equiv=\"content-type\" content=\"text/html; charset=UTF-8\"\u003e\n\u003c/head\u003e\n\u003cbody style=\"margin:0px 0px 0px 0px;overflow:auto;background:#FFFFFF;\"\u003e\n\u003ctable style=\"font-family:Arial,Verdana,Times;font-size:12px;text-align:left;width:100%;border-collapse:collapse;padding:3px 3px 3px 3px\"\u003e\n\u003ctr style=\"text-align:center;font-weight:bold;background:#9CBCE2\"\u003e\n\u003ctd\u003e18102566,9293\u003c/td\u003e\n\u003c/tr\u003e\n\u003ctr\u003e\n\u003ctd\u003e\n\u003ctable style=\"font-family:Arial,Verdana,Times;font-size:12px;text-align:left;width:100%;border-spacing:0px; padding:3px 3px 3px 3px\"\u003e\n\u003ctr\u003e\n\u003ctd\u003eFID\u003c/td\u003e\n\u003ctd\u003e0\u003c/td\u003e\n\u003c/tr\u003e\n\u003ctr bgcolor=\"#D4E4F3\"\u003e\n\u003ctd\u003eShape_Leng\u003c/td\u003e\n\u003ctd\u003e18102566,9293\u003c/td\u003e\n\u003c/tr\u003e\n\u003c/table\u003e\n\u003c/td\u003e\n\u003c/tr\u003e\n\u003c/table\u003e\n\u003c/body\u003e\u003cscript type=\"text/javascript\"\u003e\n\t\t\t\tfunction changeImage(attElement, nameElement) {\n\t\t\t\tdocument.getElementById('imageAttachment').src = attElement;\n\t\t\t\tdocument.getElementById('imageName').innerHTML = nameElement;}\n\t\t\t\u003c/script\u003e\u003c/html\u003e\n","FID_active_grids":150,"GridID":"M01","Shape_Length":0.00012666684245860895,"Shape_Area":6.5477609977695942e-10}},{"type":"Feature","id":27474,"geometry":{"type":"Polygon","coordinates":[[[112.69078218700008,-7.0976294379999558],[112.69078215400009,-7.097620395999968],[112.69079120600009,-7.0976203629999759],[112.69079117300009,-7.0976113209999312],[112.69066444900011,-7.0976117819999445],[112.69066441600012,-7.0976027399999566],[112.69065536400001,-7.0976027729999487],[112.69065529800002,-7.097584688999973],[112.69064624600003,-7.097584721999965],[112.69064621300004,-7.0975756799999772],[112.69063716100004,-7.0975757129999693],[112.69063712800005,-7.0975666719999708],[112.69059187000005,-7.0975668359999418],[112.69059193600003,-7.0975849199999743],[112.69057383200004,-7.0975849859999585],[112.69057386500003,-7.0975940279999463],[112.69056481400003,-7.0975940609999384],[112.69056488000001,-7.097612144999971],[112.69018470800006,-7.0976135299999328],[112.69018474100005,-7.0976225719999775],[112.69020284400005,-7.0976225059999365],[112.69020287700005,-7.0976315479999812],[112.69021192900004,-7.0976315149999323],[112.69021196200003,-7.097640556999977],[112.69023006500004,-7.097640490999936],[112.69023009800003,-7.0976495329999807],[112.69024820200002,-7.0976494669999397],[112.690248268,-7.0976675509999723],[112.69023921600001,-7.0976675839999643],[112.69023918300002,-7.0976585419999765],[112.69021202800002,-7.0976586409999527],[112.69021222600009,-7.0977128929999367],[112.69018507100009,-7.0977129919999697],[112.69018517000006,-7.0977401169999439],[112.69017611800007,-7.097740149999936],[112.69017618400005,-7.0977582339999685],[112.69015808100005,-7.0977582999999527],[112.69015814700003,-7.0977763839999284],[112.69019435400003,-7.0977762519999601],[112.69019442000001,-7.0977943359999358],[112.69020347100002,-7.0977943029999437],[112.69020353700012,-7.0978123869999763],[112.69023069200011,-7.0978122879999432],[112.69023072500011,-7.0978213299999311],[112.6902669320001,-7.0978211979999628],[112.69026699800008,-7.0978392819999385],[112.69027605000008,-7.0978392489999464],[112.69027608300007,-7.0978482909999343],[112.69030323800007,-7.0978481919999581],[112.69030320500008,-7.0978391499999702],[112.69031225700007,-7.0978391169999782],[112.69031229000007,-7.097848158999966],[112.69030323800007,-7.0978481919999581],[112.69030327100006,-7.0978572339999459],[112.69028516800006,-7.0978572999999301],[112.69028520100005,-7.0978663419999748],[112.69032140800005,-7.0978662099999497],[112.69032144100004,-7.0978752519999375],[112.69033049200004,-7.0978752189999454],[112.69033055800003,-7.097893302999978],[112.69035771400002,-7.0978932039999449],[112.69035768100002,-7.0978841619999571],[112.69036673200003,-7.097884128999965],[112.69036669900004,-7.0978750869999772],[112.69037575100003,-7.0978750549999745],[112.69037578400003,-7.0978840959999729],[112.69040293900002,-7.0978839979999293],[112.69040290600003,-7.0978749559999414],[112.69039385400004,-7.0978749889999335],[112.69039378800005,-7.0978569049999578],[112.69042094400004,-7.0978568059999247],[112.69042091100005,-7.0978477639999369],[112.69042996200005,-7.0978477309999448],[112.69042992900006,-7.097838688999957],[112.69043898100006,-7.0978386559999649],[112.69043891500007,-7.0978205719999323],[112.69044796700007,-7.0978205389999403],[112.69044793400008,-7.0978114969999524],[112.69048414100007,-7.0978113649999273],[112.69048410800008,-7.0978023229999394],[112.69047505600008,-7.0978023559999315],[112.69047502300009,-7.0977933139999436],[112.69044786800009,-7.0977934129999767],[112.6904478350001,-7.097784370999932],[112.6904206800001,-7.097784469999965],[112.69042064600001,-7.0977754279999772],[112.69042969800012,-7.0977753949999283],[112.69042963200002,-7.0977573109999526],[112.69043868400001,-7.0977572779999605],[112.69043858500004,-7.0977301519999401],[112.69042953300004,-7.0977301849999321],[112.69042950000005,-7.0977211429999443],[112.69044760400004,-7.0977210769999601],[112.69044773600001,-7.0977572449999684],[112.69045678700002,-7.0977572119999763],[112.69045675400002,-7.0977481699999316],[112.69046580600002,-7.0977481369999396],[112.69046583900001,-7.0977571789999274],[112.69049299400001,-7.0977570799999512],[112.69049302700012,-7.0977661219999391],[112.69050207900011,-7.097766088999947],[112.6905021450001,-7.0977841729999795],[112.69051119700009,-7.0977841399999306],[112.69051123000008,-7.0977931819999753],[112.69052028100009,-7.0977931489999264],[112.69052031400008,-7.0978021909999711],[112.69049315900008,-7.0978022899999473],[112.69049319200008,-7.0978113319999352],[112.69048414100007,-7.0978113649999273],[112.69048420700005,-7.0978294489999598],[112.69049325800006,-7.0978294159999678],[112.69049322500007,-7.0978203739999799],[112.69052038000007,-7.0978202749999468],[112.69052034700007,-7.097811232999959],[112.69055655400007,-7.0978111009999338],[112.69055652100008,-7.097802058999946],[112.69056557300007,-7.0978020259999539],[112.69056567200005,-7.0978291519999743],[112.69057472400004,-7.0978291189999254],[112.69057475700004,-7.0978381609999701],[112.69058380800004,-7.097838127999978],[112.69058387500002,-7.0978562119999538],[112.69059292600002,-7.0978561789999617],[112.69059295900001,-7.0978652209999495],[112.69062916600001,-7.0978650889999813],[112.69062919900011,-7.0978741309999691],[112.69063825100011,-7.097874097999977],[112.6906382840001,-7.0978831399999649],[112.6906563870001,-7.0978830739999808],[112.6906564200001,-7.0978921159999686],[112.69064736900009,-7.0978921489999607],[112.69064740200008,-7.0979011909999485],[112.69065645300009,-7.0979011579999565],[112.69065648600008,-7.0979101999999443],[112.69067459000007,-7.0979101339999602],[112.69067455700008,-7.0979010919999723],[112.69068360800009,-7.0979010589999803],[112.69068350900011,-7.0978739329999598],[112.6907106650001,-7.0978738339999268],[112.6907106320001,-7.0978647919999389],[112.6907739940001,-7.097864561999927],[112.6907739610001,-7.0978555199999391],[112.69079206400011,-7.097855453999955],[112.69079203100011,-7.0978464119999671],[112.69078297900001,-7.0978464449999592],[112.69078294600001,-7.0978374029999713],[112.69077389500001,-7.0978374359999634],[112.69077392800011,-7.0978464779999513],[112.69076487600012,-7.0978465109999433],[112.69076484300001,-7.0978374689999555],[112.69075579100002,-7.0978375019999476],[112.69075575800002,-7.0978284599999597],[112.69076481000002,-7.0978284269999676],[112.69076477700003,-7.0978193849999798],[112.69079193200002,-7.0978192859999467],[112.69079189900003,-7.0978102439999589],[112.69080095100003,-7.0978102109999668],[112.69080088500004,-7.0977921269999342],[112.69079183300005,-7.0977921599999263],[112.69079173400007,-7.0977650339999627],[112.69080078600007,-7.0977650009999707],[112.69080058700001,-7.0977107489999298],[112.69078248400001,-7.0977108149999708],[112.69078245100002,-7.0977017729999261],[112.69077339900002,-7.097701805999975],[112.69077336600003,-7.0976927639999303],[112.69076431500002,-7.0976927969999792],[112.69076418300006,-7.097656628999971],[112.69074607900006,-7.0976566949999551],[112.69074617800004,-7.0976838209999755],[112.69073712600004,-7.0976838539999676],[112.69073719200003,-7.0977019379999433],[112.69071908900003,-7.0977020039999275],[112.69071905600003,-7.0976929619999396],[112.69071000400004,-7.0976929949999317],[112.69070990500006,-7.0976658689999681],[112.69071895700006,-7.097665835999976],[112.69071889100007,-7.0976477519999435],[112.69072794300007,-7.0976477189999514],[112.69072791000008,-7.0976386769999635],[112.69074601300008,-7.0976386109999794],[112.69074598000009,-7.097629569999981],[112.69075503200008,-7.097629536999932],[112.69075499900009,-7.0976204949999442],[112.69077310200009,-7.09762042899996],[112.69077313500009,-7.0976294709999479],[112.69078218700008,-7.0976294379999558]],[[112.69042021700011,-7.0976578829999539],[112.6904383210001,-7.0976578169999698],[112.69043838700009,-7.0976759009999455],[112.69042028300009,-7.0976759659999402],[112.69042021700011,-7.0976578829999539]],[[112.69035721800003,-7.097757574999946],[112.69038437400002,-7.0977574759999698],[112.69038430800003,-7.0977393919999372],[112.69039335900004,-7.0977393589999451],[112.69039329300006,-7.0977212749999694],[112.69042044800005,-7.0977211759999363],[112.69042048100005,-7.0977302179999811],[112.69041143000004,-7.0977302509999731],[112.69041146300003,-7.097739292999961],[112.69040241100004,-7.0977393259999531],[112.69040247700002,-7.0977574099999288],[112.69039342500002,-7.0977574429999777],[112.69039355700011,-7.0977936109999291],[112.6903754540001,-7.0977936769999701],[112.69037538800001,-7.0977755929999375],[112.69035728400002,-7.0977756589999785],[112.69035721800003,-7.097757574999946]],[[112.69036656700007,-7.0978389199999583],[112.69037561900006,-7.0978388869999662],[112.69037568500005,-7.097856970999942],[112.69036663300005,-7.097857003999934],[112.69036656700007,-7.0978389199999583]],[[112.69076471100004,-7.0978013009999472],[112.69077376200005,-7.0978012679999551],[112.69077379600003,-7.097810309999943],[112.69076474400003,-7.0978103429999351],[112.69076471100004,-7.0978013009999472]],[[112.69072860300003,-7.0978285589999359],[112.69073765500002,-7.0978285259999438],[112.69073768800001,-7.0978375679999317],[112.69072863600002,-7.0978376009999806],[112.69072860300003,-7.0978285589999359]]]},"properties":{"OBJECTID":27474,"FID_mangrove_utm":27382,"OBJECTID_1":27382,"Name":"18102566,9293","FolderPath":"JATIM/JATIM","SymbolID":0,"AltMode":0,"Base":0,"Clamped":-1,"Extruded":0,"Snippet":"","PopupInfo":"\u003chtml xmlns:fo=\"http://www.w3.org/1999/XSL/Format\" xmlns:msxsl=\"urn:schemas-microsoft-com:xslt\"\u003e\n\u003chead\u003e\n\u003cMETA http-equiv=\"Content-Type\" content=\"text/html\"\u003e\n\u003cmeta http-equiv=\"content-type\" content=\"text/html; charset=UTF-8\"\u003e\n\u003c/head\u003e\n\u003cbody style=\"margin:0px 0px 0px 0px;overflow:auto;background:#FFFFFF;\"\u003e\n\u003ctable style=\"font-family:Arial,Verdana,Times;font-size:12px;text-align:left;width:100%;border-collapse:collapse;padding:3px 3px 3px 3px\"\u003e\n\u003ctr style=\"text-align:center;font-weight:bold;background:#9CBCE2\"\u003e\n\u003ctd\u003e18102566,9293\u003c/td\u003e\n\u003c/tr\u003e\n\u003ctr\u003e\n\u003ctd\u003e\n\u003ctable style=\"font-family:Arial,Verdana,Times;font-size:12px;text-align:left;width:100%;border-spacing:0px; padding:3px 3px 3px 3px\"\u003e\n\u003ctr\u003e\n\u003ctd\u003eFID\u003c/td\u003e\n\u003ctd\u003e0\u003c/td\u003e\n\u003c/tr\u003e\n\u003ctr bgcolor=\"#D4E4F3\"\u003e\n\u003ctd\u003eShape_Leng\u003c/td\u003e\n\u003ctd\u003e18102566,9293\u003c/td\u003e\n\u003c/tr\u003e\n\u003c/table\u003e\n\u003c/td\u003e\n\u003c/tr\u003e\n\u003c/table\u003e\n\u003c/body\u003e\u003cscript type=\"text/javascript\"\u003e\n\t\t\t\tfunction changeImage(attElement, nameElement) {\n\t\t\t\tdocument.getElementById('imageAttachment').src = attElement;\n\t\t\t\tdocument.getElementById('imageName').innerHTML = nameElement;}\n\t\t\t\u003c/script\u003e\u003c/html\u003e\n","FID_active_grids":150,"GridID":"M01","Shape_Length":0.0037276757840650852,"Shape_Area":1.343916847394831e-07}},{"type":"Feature","id":27476,"geometry":{"type":"Polygon","coordinates":[[[112.69020254700001,-7.0975411279999321],[112.69016634000002,-7.0975412599999572],[112.69016640600012,-7.0975593439999329],[112.69018451000011,-7.0975592779999488],[112.6901845430001,-7.0975683199999366],[112.6902026460001,-7.0975682539999525],[112.69020261300011,-7.0975592119999646],[112.69021166500011,-7.0975591789999726],[112.69021163200011,-7.0975501369999279],[112.69020258,-7.0975501699999768],[112.69020254700001,-7.0975411279999321]]]},"properties":{"OBJECTID":27476,"FID_mangrove_utm":27384,"OBJECTID_1":27384,"Name":"18102566,9293","FolderPath":"JATIM/JATIM","SymbolID":0,"AltMode":0,"Base":0,"Clamped":-1,"Extruded":0,"Snippet":"","PopupInfo":"\u003chtml xmlns:fo=\"http://www.w3.org/1999/XSL/Format\" xmlns:msxsl=\"urn:schemas-microsoft-com:xslt\"\u003e\n\u003chead\u003e\n\u003cMETA http-equiv=\"Content-Type\" content=\"text/html\"\u003e\n\u003cmeta http-equiv=\"content-type\" content=\"text/html; charset=UTF-8\"\u003e\n\u003c/head\u003e\n\u003cbody style=\"margin:0px 0px 0px 0px;overflow:auto;background:#FFFFFF;\"\u003e\n\u003ctable style=\"font-family:Arial,Verdana,Times;font-size:12px;text-align:left;width:100%;border-collapse:collapse;padding:3px 3px 3px 3px\"\u003e\n\u003ctr style=\"text-align:center;font-weight:bold;background:#9CBCE2\"\u003e\n\u003ctd\u003e18102566,9293\u003c/td\u003e\n\u003c/tr\u003e\n\u003ctr\u003e\n\u003ctd\u003e\n\u003ctable style=\"font-family:Arial,Verdana,Times;font-size:12px;text-align:left;width:100%;border-spacing:0px; padding:3px 3px 3px 3px\"\u003e\n\u003ctr\u003e\n\u003ctd\u003eFID\u003c/td\u003e\n\u003ctd\u003e0\u003c/td\u003e\n\u003c/tr\u003e\n\u003ctr bgcolor=\"#D4E4F3\"\u003e\n\u003ctd\u003eShape_Leng\u003c/td\u003e\n\u003ctd\u003e18102566,9293\u003c/td\u003e\n\u003c/tr\u003e\n\u003c/table\u003e\n\u003c/td\u003e\n\u003c/tr\u003e\n\u003c/table\u003e\n\u003c/body\u003e\u003cscript type=\"text/javascript\"\u003e\n\t\t\t\tfunction changeImage(attElement, nameElement) {\n\t\t\t\tdocument.getElementById('imageAttachment').src = attElement;\n\t\t\t\tdocument.getElementById('imageName').innerHTML = nameElement;}\n\t\t\t\u003c/script\u003e\u003c/html\u003e\n","FID_active_grids":150,"GridID":"M01","Shape_Length":0.00014477096298242463,"Shape_Area":9.0031490995817498e-10}},{"type":"Feature","id":27479,"geometry":{"type":"Polygon","coordinates":[[[112.69191328700003,-7.0975258519999329],[112.69191325400004,-7.0975168099999451],[112.69190420300004,-7.0975168429999371],[112.69190423600003,-7.097525884999925],[112.69191328700003,-7.0975258519999329]]]},"properties":{"OBJECTID":27479,"FID_mangrove_utm":27387,"OBJECTID_1":27387,"Name":"18102566,9293","FolderPath":"JATIM/JATIM","SymbolID":0,"AltMode":0,"Base":0,"Clamped":-1,"Extruded":0,"Snippet":"","PopupInfo":"\u003chtml xmlns:fo=\"http://www.w3.org/1999/XSL/Format\" xmlns:msxsl=\"urn:schemas-microsoft-com:xslt\"\u003e\n\u003chead\u003e\n\u003cMETA http-equiv=\"Content-Type\" content=\"text/html\"\u003e\n\u003cmeta http-equiv=\"content-type\" content=\"text/html; charset=UTF-8\"\u003e\n\u003c/head\u003e\n\u003cbody style=\"margin:0px 0px 0px 0px;overflow:auto;background:#FFFFFF;\"\u003e\n\u003ctable style=\"font-family:Arial,Verdana,Times;font-size:12px;text-align:left;width:100%;border-collapse:collapse;padding:3px 3px 3px 3px\"\u003e\n\u003ctr style=\"text-align:center;font-weight:bold;background:#9CBCE2\"\u003e\n\u003ctd\u003e18102566,9293\u003c/td\u003e\n\u003c/tr\u003e\n\u003ctr\u003e\n\u003ctd\u003e\n\u003ctable style=\"font-family:Arial,Verdana,Times;font-size:12px;text-align:left;width:100%;border-spacing:0px; padding:3px 3px 3px 3px\"\u003e\n\u003ctr\u003e\n\u003ctd\u003eFID\u003c/td\u003e\n\u003ctd\u003e0\u003c/td\u003e\n\u003c/tr\u003e\n\u003ctr bgcolor=\"#D4E4F3\"\u003e\n\u003ctd\u003eShape_Leng\u003c/td\u003e\n\u003ctd\u003e18102566,9293\u003c/td\u003e\n\u003c/tr\u003e\n\u003c/table\u003e\n\u003c/td\u003e\n\u003c/tr\u003e\n\u003c/table\u003e\n\u003c/body\u003e\u003cscript type=\"text/javascript\"\u003e\n\t\t\t\tfunction changeImage(attElement, nameElement) {\n\t\t\t\tdocument.getElementById('imageAttachment').src = attElement;\n\t\t\t\tdocument.getElementById('imageName').innerHTML = nameElement;}\n\t\t\t\u003c/script\u003e\u003c/html\u003e\n","FID_active_grids":150,"GridID":"M01","Shape_Length":3.6186240743683881e-05,"Shape_Area":8.1840230947137701e-11}},{"type":"Feature","id":27481,"geometry":{"type":"Polygon","coordinates":[[[112.69194929600008,-7.0974714689999701],[112.69192214100008,-7.0974715679999463],[112.69192220700006,-7.0974896519999788],[112.69191315500007,-7.0974896849999709],[112.69191318800006,-7.0974987259999693],[112.69193129200005,-7.0974986599999283],[112.69193125900006,-7.0974896189999299],[112.69195841400006,-7.0974895199999537],[112.69195838100006,-7.0974804779999658],[112.69194932900007,-7.0974805109999579],[112.69194929600008,-7.0974714689999701]]]},"properties":{"OBJECTID":27481,"FID_mangrove_utm":27389,"OBJECTID_1":27389,"Name":"18102566,9293","FolderPath":"JATIM/JATIM","SymbolID":0,"AltMode":0,"Base":0,"Clamped":-1,"Extruded":0,"Snippet":"","PopupInfo":"\u003chtml xmlns:fo=\"http://www.w3.org/1999/XSL/Format\" xmlns:msxsl=\"urn:schemas-microsoft-com:xslt\"\u003e\n\u003chead\u003e\n\u003cMETA http-equiv=\"Content-Type\" content=\"text/html\"\u003e\n\u003cmeta http-equiv=\"content-type\" content=\"text/html; charset=UTF-8\"\u003e\n\u003c/head\u003e\n\u003cbody style=\"margin:0px 0px 0px 0px;overflow:auto;background:#FFFFFF;\"\u003e\n\u003ctable style=\"font-family:Arial,Verdana,Times;font-size:12px;text-align:left;width:100%;border-collapse:collapse;padding:3px 3px 3px 3px\"\u003e\n\u003ctr style=\"text-align:center;font-weight:bold;background:#9CBCE2\"\u003e\n\u003ctd\u003e18102566,9293\u003c/td\u003e\n\u003c/tr\u003e\n\u003ctr\u003e\n\u003ctd\u003e\n\u003ctable style=\"font-family:Arial,Verdana,Times;font-size:12px;text-align:left;width:100%;border-spacing:0px; padding:3px 3px 3px 3px\"\u003e\n\u003ctr\u003e\n\u003ctd\u003eFID\u003c/td\u003e\n\u003ctd\u003e0\u003c/td\u003e\n\u003c/tr\u003e\n\u003ctr bgcolor=\"#D4E4F3\"\u003e\n\u003ctd\u003eShape_Leng\u003c/td\u003e\n\u003ctd\u003e18102566,9293\u003c/td\u003e\n\u003c/tr\u003e\n\u003c/table\u003e\n\u003c/td\u003e\n\u003c/tr\u003e\n\u003c/table\u003e\n\u003c/body\u003e\u003cscript type=\"text/javascript\"\u003e\n\t\t\t\tfunction changeImage(attElement, nameElement) {\n\t\t\t\tdocument.getElementById('imageAttachment').src = attElement;\n\t\t\t\tdocument.getElementById('imageName').innerHTML = nameElement;}\n\t\t\t\u003c/script\u003e\u003c/html\u003e\n","FID_active_grids":150,"GridID":"M01","Shape_Length":0.00014476896284574512,"Shape_Area":7.3660730104965505e-10}},{"type":"Feature","id":27500,"geometry":{"type":"Polygon","coordinates":[[[112.68887964400005,-7.0971752189999506],[112.68887962100007,-7.0971688999999287],[112.68887056800008,-7.0971684169999776],[112.68887059300005,-7.0971752519999427],[112.68887964400005,-7.0971752189999506]]]},"properties":{"OBJECTID":27500,"FID_mangrove_utm":27408,"OBJECTID_1":27408,"Name":"18102566,9293","FolderPath":"JATIM/JATIM","SymbolID":0,"AltMode":0,"Base":0,"Clamped":-1,"Extruded":0,"Snippet":"","PopupInfo":"\u003chtml xmlns:fo=\"http://www.w3.org/1999/XSL/Format\" xmlns:msxsl=\"urn:schemas-microsoft-com:xslt\"\u003e\n\u003chead\u003e\n\u003cMETA http-equiv=\"Content-Type\" content=\"text/html\"\u003e\n\u003cmeta http-equiv=\"content-type\" content=\"text/html; charset=UTF-8\"\u003e\n\u003c/head\u003e\n\u003cbody style=\"margin:0px 0px 0px 0px;overflow:auto;background:#FFFFFF;\"\u003e\n\u003ctable style=\"font-family:Arial,Verdana,Times;font-size:12px;text-align:left;width:100%;border-collapse:collapse;padding:3px 3px 3px 3px\"\u003e\n\u003ctr style=\"text-align:center;font-weight:bold;background:#9CBCE2\"\u003e\n\u003ctd\u003e18102566,9293\u003c/td\u003e\n\u003c/tr\u003e\n\u003ctr\u003e\n\u003ctd\u003e\n\u003ctable style=\"font-family:Arial,Verdana,Times;font-size:12px;text-align:left;width:100%;border-spacing:0px; padding:3px 3px 3px 3px\"\u003e\n\u003ctr\u003e\n\u003ctd\u003eFID\u003c/td\u003e\n\u003ctd\u003e0\u003c/td\u003e\n\u003c/tr\u003e\n\u003ctr bgcolor=\"#D4E4F3\"\u003e\n\u003ctd\u003eShape_Leng\u003c/td\u003e\n\u003ctd\u003e18102566,9293\u003c/td\u003e\n\u003c/tr\u003e\n\u003c/table\u003e\n\u003c/td\u003e\n\u003c/tr\u003e\n\u003c/table\u003e\n\u003c/body\u003e\u003cscript type=\"text/javascript\"\u003e\n\t\t\t\tfunction changeImage(attElement, nameElement) {\n\t\t\t\tdocument.getElementById('imageAttachment').src = attElement;\n\t\t\t\tdocument.getElementById('imageName').innerHTML = nameElement;}\n\t\t\t\u003c/script\u003e\u003c/html\u003e\n","FID_active_grids":150,"GridID":"M01","Shape_Length":3.1271023180783925e-05,"Shape_Area":5.952960392003144e-11}},{"type":"Feature","id":27501,"geometry":{"type":"Polygon","coordinates":[[[112.68884343800005,-7.0971753499999295],[112.68884340700004,-7.0971669679999536],[112.68883435300006,-7.0971664849999456],[112.68883438600005,-7.0971753829999784],[112.68884343800005,-7.0971753499999295]]]},"properties":{"OBJECTID":27501,"FID_mangrove_utm":27409,"OBJECTID_1":27409,"Name":"18102566,9293","FolderPath":"JATIM/JATIM","SymbolID":0,"AltMode":0,"Base":0,"Clamped":-1,"Extruded":0,"Snippet":"","PopupInfo":"\u003chtml xmlns:fo=\"http://www.w3.org/1999/XSL/Format\" xmlns:msxsl=\"urn:schemas-microsoft-com:xslt\"\u003e\n\u003chead\u003e\n\u003cMETA http-equiv=\"Content-Type\" content=\"text/html\"\u003e\n\u003cmeta http-equiv=\"content-type\" content=\"text/html; charset=UTF-8\"\u003e\n\u003c/head\u003e\n\u003cbody style=\"margin:0px 0px 0px 0px;overflow:auto;background:#FFFFFF;\"\u003e\n\u003ctable style=\"font-family:Arial,Verdana,Times;font-size:12px;text-align:left;width:100%;border-collapse:collapse;padding:3px 3px 3px 3px\"\u003e\n\u003ctr style=\"text-align:center;font-weight:bold;background:#9CBCE2\"\u003e\n\u003ctd\u003e18102566,9293\u003c/td\u003e\n\u003c/tr\u003e\n\u003ctr\u003e\n\u003ctd\u003e\n\u003ctable style=\"font-family:Arial,Verdana,Times;font-size:12px;text-align:left;width:100%;border-spacing:0px; padding:3px 3px 3px 3px\"\u003e\n\u003ctr\u003e\n\u003ctd\u003eFID\u003c/td\u003e\n\u003ctd\u003e0\u003c/td\u003e\n\u003c/tr\u003e\n\u003ctr bgcolor=\"#D4E4F3\"\u003e\n\u003ctd\u003eShape_Leng\u003c/td\u003e\n\u003ctd\u003e18102566,9293\u003c/td\u003e\n\u003c/tr\u003e\n\u003c/table\u003e\n\u003c/td\u003e\n\u003c/tr\u003e\n\u003c/table\u003e\n\u003c/body\u003e\u003cscript type=\"text/javascript\"\u003e\n\t\t\t\tfunction changeImage(attElement, nameElement) {\n\t\t\t\tdocument.getElementById('imageAttachment').src = attElement;\n\t\t\t\tdocument.getElementById('imageName').innerHTML = nameElement;}\n\t\t\t\u003c/script\u003e\u003c/html\u003e\n","FID_active_grids":150,"GridID":"M01","Shape_Length":3.5399052698224735e-05,"Shape_Area":7.8210719911554226e-11}},{"type":"Feature","id":27508,"geometry":{"type":"Polygon","coordinates":[[[112.69032722500003,-7.0969800649999684],[112.69032719200004,-7.0969710229999805],[112.69030908900004,-7.0969710889999646],[112.69030912200003,-7.0969801309999525],[112.69032722500003,-7.0969800649999684]]]},"properties":{"OBJECTID":27508,"FID_mangrove_utm":27416,"OBJECTID_1":27416,"Name":"18102566,9293","FolderPath":"JATIM/JATIM","SymbolID":0,"AltMode":0,"Base":0,"Clamped":-1,"Extruded":0,"Snippet":"","PopupInfo":"\u003chtml xmlns:fo=\"http://www.w3.org/1999/XSL/Format\" xmlns:msxsl=\"urn:schemas-microsoft-com:xslt\"\u003e\n\u003chead\u003e\n\u003cMETA http-equiv=\"Content-Type\" content=\"text/html\"\u003e\n\u003cmeta http-equiv=\"content-type\" content=\"text/html; charset=UTF-8\"\u003e\n\u003c/head\u003e\n\u003cbody style=\"margin:0px 0px 0px 0px;overflow:auto;background:#FFFFFF;\"\u003e\n\u003ctable style=\"font-family:Arial,Verdana,Times;font-size:12px;text-align:left;width:100%;border-collapse:collapse;padding:3px 3px 3px 3px\"\u003e\n\u003ctr style=\"text-align:center;font-weight:bold;background:#9CBCE2\"\u003e\n\u003ctd\u003e18102566,9293\u003c/td\u003e\n\u003c/tr\u003e\n\u003ctr\u003e\n\u003ctd\u003e\n\u003ctable style=\"font-family:Arial,Verdana,Times;font-size:12px;text-align:left;width:100%;border-spacing:0px; padding:3px 3px 3px 3px\"\u003e\n\u003ctr\u003e\n\u003ctd\u003eFID\u003c/td\u003e\n\u003ctd\u003e0\u003c/td\u003e\n\u003c/tr\u003e\n\u003ctr bgcolor=\"#D4E4F3\"\u003e\n\u003ctd\u003eShape_Leng\u003c/td\u003e\n\u003ctd\u003e18102566,9293\u003c/td\u003e\n\u003c/tr\u003e\n\u003c/table\u003e\n\u003c/td\u003e\n\u003c/tr\u003e\n\u003c/table\u003e\n\u003c/body\u003e\u003cscript type=\"text/javascript\"\u003e\n\t\t\t\tfunction changeImage(attElement, nameElement) {\n\t\t\t\tdocument.getElementById('imageAttachment').src = attElement;\n\t\t\t\tdocument.getElementById('imageName').innerHTML = nameElement;}\n\t\t\t\u003c/script\u003e\u003c/html\u003e\n","FID_active_grids":150,"GridID":"M01","Shape_Length":5.4290361039711742e-05,"Shape_Area":1.6368950379864051e-10}},{"type":"Feature","id":27510,"geometry":{"type":"Polygon","coordinates":[[[112.70429348500011,-7.0968023999999446],[112.70427538100012,-7.096802466999975],[112.70427544800009,-7.0968205509999507],[112.70428450000009,-7.0968205169999692],[112.7042844660001,-7.0968114749999813],[112.7042935180001,-7.0968114419999324],[112.70429348500011,-7.0968023999999446]]]},"properties":{"OBJECTID":27510,"FID_mangrove_utm":27418,"OBJECTID_1":27418,"Name":"18102566,9293","FolderPath":"JATIM/JATIM","SymbolID":0,"AltMode":0,"Base":0,"Clamped":-1,"Extruded":0,"Snippet":"","PopupInfo":"\u003chtml xmlns:fo=\"http://www.w3.org/1999/XSL/Format\" xmlns:msxsl=\"urn:schemas-microsoft-com:xslt\"\u003e\n\u003chead\u003e\n\u003cMETA http-equiv=\"Content-Type\" content=\"text/html\"\u003e\n\u003cmeta http-equiv=\"content-type\" content=\"text/html; charset=UTF-8\"\u003e\n\u003c/head\u003e\n\u003cbody style=\"margin:0px 0px 0px 0px;overflow:auto;background:#FFFFFF;\"\u003e\n\u003ctable style=\"font-family:Arial,Verdana,Times;font-size:12px;text-align:left;width:100%;border-collapse:collapse;padding:3px 3px 3px 3px\"\u003e\n\u003ctr style=\"text-align:center;font-weight:bold;background:#9CBCE2\"\u003e\n\u003ctd\u003e18102566,9293\u003c/td\u003e\n\u003c/tr\u003e\n\u003ctr\u003e\n\u003ctd\u003e\n\u003ctable style=\"font-family:Arial,Verdana,Times;font-size:12px;text-align:left;width:100%;border-spacing:0px; padding:3px 3px 3px 3px\"\u003e\n\u003ctr\u003e\n\u003ctd\u003eFID\u003c/td\u003e\n\u003ctd\u003e0\u003c/td\u003e\n\u003c/tr\u003e\n\u003ctr bgcolor=\"#D4E4F3\"\u003e\n\u003ctd\u003eShape_Leng\u003c/td\u003e\n\u003ctd\u003e18102566,9293\u003c/td\u003e\n\u003c/tr\u003e\n\u003c/table\u003e\n\u003c/td\u003e\n\u003c/tr\u003e\n\u003c/table\u003e\n\u003c/body\u003e\u003cscript type=\"text/javascript\"\u003e\n\t\t\t\tfunction changeImage(attElement, nameElement) {\n\t\t\t\tdocument.getElementById('imageAttachment').src = attElement;\n\t\t\t\tdocument.getElementById('imageName').innerHTML = nameElement;}\n\t\t\t\u003c/script\u003e\u003c/html\u003e\n","FID_active_grids":150,"GridID":"M01","Shape_Length":7.2376496174916095e-05,"Shape_Area":2.4553887190824942e-10}},{"type":"Feature","id":27511,"geometry":{"type":"Polygon","coordinates":[[[112.70427648300006,-7.09677533699994],[112.70423901800007,-7.0967599419999488],[112.70423907500003,-7.0967754739999691],[112.70427648300006,-7.09677533699994]]]},"properties":{"OBJECTID":27511,"FID_mangrove_utm":27419,"OBJECTID_1":27419,"Name":"18102566,9293","FolderPath":"JATIM/JATIM","SymbolID":0,"AltMode":0,"Base":0,"Clamped":-1,"Extruded":0,"Snippet":"","PopupInfo":"\u003chtml xmlns:fo=\"http://www.w3.org/1999/XSL/Format\" xmlns:msxsl=\"urn:schemas-microsoft-com:xslt\"\u003e\n\u003chead\u003e\n\u003cMETA http-equiv=\"Content-Type\" content=\"text/html\"\u003e\n\u003cmeta http-equiv=\"content-type\" content=\"text/html; charset=UTF-8\"\u003e\n\u003c/head\u003e\n\u003cbody style=\"margin:0px 0px 0px 0px;overflow:auto;background:#FFFFFF;\"\u003e\n\u003ctable style=\"font-family:Arial,Verdana,Times;font-size:12px;text-align:left;width:100%;border-collapse:collapse;padding:3px 3px 3px 3px\"\u003e\n\u003ctr style=\"text-align:center;font-weight:bold;background:#9CBCE2\"\u003e\n\u003ctd\u003e18102566,9293\u003c/td\u003e\n\u003c/tr\u003e\n\u003ctr\u003e\n\u003ctd\u003e\n\u003ctable style=\"font-family:Arial,Verdana,Times;font-size:12px;text-align:left;width:100%;border-spacing:0px; padding:3px 3px 3px 3px\"\u003e\n\u003ctr\u003e\n\u003ctd\u003eFID\u003c/td\u003e\n\u003ctd\u003e0\u003c/td\u003e\n\u003c/tr\u003e\n\u003ctr bgcolor=\"#D4E4F3\"\u003e\n\u003ctd\u003eShape_Leng\u003c/td\u003e\n\u003ctd\u003e18102566,9293\u003c/td\u003e\n\u003c/tr\u003e\n\u003c/table\u003e\n\u003c/td\u003e\n\u003c/tr\u003e\n\u003c/table\u003e\n\u003c/body\u003e\u003cscript type=\"text/javascript\"\u003e\n\t\t\t\tfunction changeImage(attElement, nameElement) {\n\t\t\t\tdocument.getElementById('imageAttachment').src = attElement;\n\t\t\t\tdocument.getElementById('imageName').innerHTML = nameElement;}\n\t\t\t\u003c/script\u003e\u003c/html\u003e\n","FID_active_grids":150,"GridID":"M01","Shape_Length":9.3445074353543664e-05,"Shape_Area":2.9051443307810506e-10}},{"type":"Feature","id":27512,"geometry":{"type":"Polygon","coordinates":[[[112.70413035600006,-7.0967487469999355],[112.70413038900006,-7.0967577889999802],[112.70413944000006,-7.0967577559999313],[112.70413947400004,-7.096766797999976],[112.70414852500005,-7.0967667639999377],[112.70414859200002,-7.0967848479999702],[112.70415764400002,-7.0967848149999782],[112.70415767700001,-7.096793856999966],[112.70416672800002,-7.0967938239999739],[112.70416666200003,-7.0967757399999414],[112.70415761000004,-7.0967757729999335],[112.70415754400005,-7.0967576889999577],[112.70414849200006,-7.0967577229999392],[112.70414845900007,-7.0967486809999514],[112.70413035600006,-7.0967487469999355]]]},"properties":{"OBJECTID":27512,"FID_mangrove_utm":27420,"OBJECTID_1":27420,"Name":"18102566,9293","FolderPath":"JATIM/JATIM","SymbolID":0,"AltMode":0,"Base":0,"Clamped":-1,"Extruded":0,"Snippet":"","PopupInfo":"\u003chtml xmlns:fo=\"http://www.w3.org/1999/XSL/Format\" xmlns:msxsl=\"urn:schemas-microsoft-com:xslt\"\u003e\n\u003chead\u003e\n\u003cMETA http-equiv=\"Content-Type\" content=\"text/html\"\u003e\n\u003cmeta http-equiv=\"content-type\" content=\"text/html; charset=UTF-8\"\u003e\n\u003c/head\u003e\n\u003cbody style=\"margin:0px 0px 0px 0px;overflow:auto;background:#FFFFFF;\"\u003e\n\u003ctable style=\"font-family:Arial,Verdana,Times;font-size:12px;text-align:left;width:100%;border-collapse:collapse;padding:3px 3px 3px 3px\"\u003e\n\u003ctr style=\"text-align:center;font-weight:bold;background:#9CBCE2\"\u003e\n\u003ctd\u003e18102566,9293\u003c/td\u003e\n\u003c/tr\u003e\n\u003ctr\u003e\n\u003ctd\u003e\n\u003ctable style=\"font-family:Arial,Verdana,Times;font-size:12px;text-align:left;width:100%;border-spacing:0px; padding:3px 3px 3px 3px\"\u003e\n\u003ctr\u003e\n\u003ctd\u003eFID\u003c/td\u003e\n\u003ctd\u003e0\u003c/td\u003e\n\u003c/tr\u003e\n\u003ctr bgcolor=\"#D4E4F3\"\u003e\n\u003ctd\u003eShape_Leng\u003c/td\u003e\n\u003ctd\u003e18102566,9293\u003c/td\u003e\n\u003c/tr\u003e\n\u003c/table\u003e\n\u003c/td\u003e\n\u003c/tr\u003e\n\u003c/table\u003e\n\u003c/body\u003e\u003cscript type=\"text/javascript\"\u003e\n\t\t\t\tfunction changeImage(attElement, nameElement) {\n\t\t\t\tdocument.getElementById('imageAttachment').src = attElement;\n\t\t\t\tdocument.getElementById('imageName').innerHTML = nameElement;}\n\t\t\t\u003c/script\u003e\u003c/html\u003e\n","FID_active_grids":150,"GridID":"M01","Shape_Length":0.00016283309833089763,"Shape_Area":6.5475356878890906e-10}},{"type":"Feature","id":27513,"geometry":{"type":"Polygon","coordinates":[[[112.70429348500011,-7.0968023999999446],[112.70430253600011,-7.0968023669999525],[112.70430250300001,-7.0967933249999646],[112.70431155500012,-7.0967932919999726],[112.70431152100002,-7.0967842499999279],[112.70432057300002,-7.0967842169999358],[112.70432054000003,-7.0967751749999479],[112.70432959100003,-7.0967751419999558],[112.70432955800004,-7.096766099999968],[112.70433861000004,-7.0967660669999759],[112.70433854300006,-7.0967479829999434],[112.70434759500006,-7.0967479489999619],[112.70434754100006,-7.0967332799999667],[112.7043000000001,-7.0967849999999544],[112.70428434500002,-7.0967785669999444],[112.70428436600002,-7.0967843499999503],[112.70429341800002,-7.0967843169999583],[112.70429348500011,-7.0968023999999446]]]},"properties":{"OBJECTID":27513,"FID_mangrove_utm":27421,"OBJECTID_1":27421,"Name":"18102566,9293","FolderPath":"JATIM/JATIM","SymbolID":0,"AltMode":0,"Base":0,"Clamped":-1,"Extruded":0,"Snippet":"","PopupInfo":"\u003chtml xmlns:fo=\"http://www.w3.org/1999/XSL/Format\" xmlns:msxsl=\"urn:schemas-microsoft-com:xslt\"\u003e\n\u003chead\u003e\n\u003cMETA http-equiv=\"Content-Type\" content=\"text/html\"\u003e\n\u003cmeta http-equiv=\"content-type\" content=\"text/html; charset=UTF-8\"\u003e\n\u003c/head\u003e\n\u003cbody style=\"margin:0px 0px 0px 0px;overflow:auto;background:#FFFFFF;\"\u003e\n\u003ctable style=\"font-family:Arial,Verdana,Times;font-size:12px;text-align:left;width:100%;border-collapse:collapse;padding:3px 3px 3px 3px\"\u003e\n\u003ctr style=\"text-align:center;font-weight:bold;background:#9CBCE2\"\u003e\n\u003ctd\u003e18102566,9293\u003c/td\u003e\n\u003c/tr\u003e\n\u003ctr\u003e\n\u003ctd\u003e\n\u003ctable style=\"font-family:Arial,Verdana,Times;font-size:12px;text-align:left;width:100%;border-spacing:0px; padding:3px 3px 3px 3px\"\u003e\n\u003ctr\u003e\n\u003ctd\u003eFID\u003c/td\u003e\n\u003ctd\u003e0\u003c/td\u003e\n\u003c/tr\u003e\n\u003ctr bgcolor=\"#D4E4F3\"\u003e\n\u003ctd\u003eShape_Leng\u003c/td\u003e\n\u003ctd\u003e18102566,9293\u003c/td\u003e\n\u003c/tr\u003e\n\u003c/table\u003e\n\u003c/td\u003e\n\u003c/tr\u003e\n\u003c/table\u003e\n\u003c/body\u003e\u003cscript type=\"text/javascript\"\u003e\n\t\t\t\tfunction changeImage(attElement, nameElement) {\n\t\t\t\tdocument.getElementById('imageAttachment').src = attElement;\n\t\t\t\tdocument.getElementById('imageName').innerHTML = nameElement;}\n\t\t\t\u003c/script\u003e\u003c/html\u003e\n","FID_active_grids":150,"GridID":"M01","Shape_Length":0.00024332556187761271,"Shape_Area":9.0865450464013928e-10}},{"type":"Feature","id":27515,"geometry":{"type":"Polygon","coordinates":[[[112.70413035600006,-7.0967487469999355],[112.70413032200008,-7.0967397049999477],[112.70412127100008,-7.0967397379999397],[112.70412123700009,-7.0967306969999413],[112.70411218600009,-7.0967307299999334],[112.70411215200011,-7.0967216879999455],[112.7041031010001,-7.0967217209999376],[112.70410316700008,-7.0967398049999701],[112.70411221900008,-7.0967397719999781],[112.70411225200007,-7.0967488139999659],[112.70413035600006,-7.0967487469999355]]]},"properties":{"OBJECTID":27515,"FID_mangrove_utm":27423,"OBJECTID_1":27423,"Name":"18102566,9293","FolderPath":"JATIM/JATIM","SymbolID":0,"AltMode":0,"Base":0,"Clamped":-1,"Extruded":0,"Snippet":"","PopupInfo":"\u003chtml xmlns:fo=\"http://www.w3.org/1999/XSL/Format\" xmlns:msxsl=\"urn:schemas-microsoft-com:xslt\"\u003e\n\u003chead\u003e\n\u003cMETA http-equiv=\"Content-Type\" content=\"text/html\"\u003e\n\u003cmeta http-equiv=\"content-type\" content=\"text/html; charset=UTF-8\"\u003e\n\u003c/head\u003e\n\u003cbody style=\"margin:0px 0px 0px 0px;overflow:auto;background:#FFFFFF;\"\u003e\n\u003ctable style=\"font-family:Arial,Verdana,Times;font-size:12px;text-align:left;width:100%;border-collapse:collapse;padding:3px 3px 3px 3px\"\u003e\n\u003ctr style=\"text-align:center;font-weight:bold;background:#9CBCE2\"\u003e\n\u003ctd\u003e18102566,9293\u003c/td\u003e\n\u003c/tr\u003e\n\u003ctr\u003e\n\u003ctd\u003e\n\u003ctable style=\"font-family:Arial,Verdana,Times;font-size:12px;text-align:left;width:100%;border-spacing:0px; padding:3px 3px 3px 3px\"\u003e\n\u003ctr\u003e\n\u003ctd\u003eFID\u003c/td\u003e\n\u003ctd\u003e0\u003c/td\u003e\n\u003c/tr\u003e\n\u003ctr bgcolor=\"#D4E4F3\"\u003e\n\u003ctd\u003eShape_Leng\u003c/td\u003e\n\u003ctd\u003e18102566,9293\u003c/td\u003e\n\u003c/tr\u003e\n\u003c/table\u003e\n\u003c/td\u003e\n\u003c/tr\u003e\n\u003c/table\u003e\n\u003c/body\u003e\u003cscript type=\"text/javascript\"\u003e\n\t\t\t\tfunction changeImage(attElement, nameElement) {\n\t\t\t\tdocument.getElementById('imageAttachment').src = attElement;\n\t\t\t\tdocument.getElementById('imageName').innerHTML = nameElement;}\n\t\t\t\u003c/script\u003e\u003c/html\u003e\n","FID_active_grids":150,"GridID":"M01","Shape_Length":0.00010856073704184312,"Shape_Area":4.0923290193272992e-10}},{"type":"Feature","id":27516,"geometry":{"type":"Polygon","coordinates":[[[112.70436563100009,-7.0967297989999452],[112.70436557200003,-7.0967136629999459],[112.70435069000007,-7.0967298539999319],[112.70436563100009,-7.0967297989999452]]]},"properties":{"OBJECTID":27516,"FID_mangrove_utm":27424,"OBJECTID_1":27424,"Name":"18102566,9293","FolderPath":"JATIM/JATIM","SymbolID":0,"AltMode":0,"Base":0,"Clamped":-1,"Extruded":0,"Snippet":"","PopupInfo":"\u003chtml xmlns:fo=\"http://www.w3.org/1999/XSL/Format\" xmlns:msxsl=\"urn:schemas-microsoft-com:xslt\"\u003e\n\u003chead\u003e\n\u003cMETA http-equiv=\"Content-Type\" content=\"text/html\"\u003e\n\u003cmeta http-equiv=\"content-type\" content=\"text/html; charset=UTF-8\"\u003e\n\u003c/head\u003e\n\u003cbody style=\"margin:0px 0px 0px 0px;overflow:auto;background:#FFFFFF;\"\u003e\n\u003ctable style=\"font-family:Arial,Verdana,Times;font-size:12px;text-align:left;width:100%;border-collapse:collapse;padding:3px 3px 3px 3px\"\u003e\n\u003ctr style=\"text-align:center;font-weight:bold;background:#9CBCE2\"\u003e\n\u003ctd\u003e18102566,9293\u003c/td\u003e\n\u003c/tr\u003e\n\u003ctr\u003e\n\u003ctd\u003e\n\u003ctable style=\"font-family:Arial,Verdana,Times;font-size:12px;text-align:left;width:100%;border-spacing:0px; padding:3px 3px 3px 3px\"\u003e\n\u003ctr\u003e\n\u003ctd\u003eFID\u003c/td\u003e\n\u003ctd\u003e0\u003c/td\u003e\n\u003c/tr\u003e\n\u003ctr bgcolor=\"#D4E4F3\"\u003e\n\u003ctd\u003eShape_Leng\u003c/td\u003e\n\u003ctd\u003e18102566,9293\u003c/td\u003e\n\u003c/tr\u003e\n\u003c/table\u003e\n\u003c/td\u003e\n\u003c/tr\u003e\n\u003c/table\u003e\n\u003c/body\u003e\u003cscript type=\"text/javascript\"\u003e\n\t\t\t\tfunction changeImage(attElement, nameElement) {\n\t\t\t\tdocument.getElementById('imageAttachment').src = attElement;\n\t\t\t\tdocument.getElementById('imageName').innerHTML = nameElement;}\n\t\t\t\u003c/script\u003e\u003c/html\u003e\n","FID_active_grids":150,"GridID":"M01","Shape_Length":5.3068625695645402e-05,"Shape_Area":1.2054561063816281e-10}},{"type":"Feature","id":27517,"geometry":{"type":"Polygon","coordinates":[[[112.7041031010001,-7.0967217209999376],[112.70410306800011,-7.0967126789999497],[112.70409401600011,-7.0967127129999312],[112.7040940490001,-7.0967217539999297],[112.7041031010001,-7.0967217209999376]]]},"properties":{"OBJECTID":27517,"FID_mangrove_utm":27425,"OBJECTID_1":27425,"Name":"18102566,9293","FolderPath":"JATIM/JATIM","SymbolID":0,"AltMode":0,"Base":0,"Clamped":-1,"Extruded":0,"Snippet":"","PopupInfo":"\u003chtml xmlns:fo=\"http://www.w3.org/1999/XSL/Format\" xmlns:msxsl=\"urn:schemas-microsoft-com:xslt\"\u003e\n\u003chead\u003e\n\u003cMETA http-equiv=\"Content-Type\" content=\"text/html\"\u003e\n\u003cmeta http-equiv=\"content-type\" content=\"text/html; charset=UTF-8\"\u003e\n\u003c/head\u003e\n\u003cbody style=\"margin:0px 0px 0px 0px;overflow:auto;background:#FFFFFF;\"\u003e\n\u003ctable style=\"font-family:Arial,Verdana,Times;font-size:12px;text-align:left;width:100%;border-collapse:collapse;padding:3px 3px 3px 3px\"\u003e\n\u003ctr style=\"text-align:center;font-weight:bold;background:#9CBCE2\"\u003e\n\u003ctd\u003e18102566,9293\u003c/td\u003e\n\u003c/tr\u003e\n\u003ctr\u003e\n\u003ctd\u003e\n\u003ctable style=\"font-family:Arial,Verdana,Times;font-size:12px;text-align:left;width:100%;border-spacing:0px; padding:3px 3px 3px 3px\"\u003e\n\u003ctr\u003e\n\u003ctd\u003eFID\u003c/td\u003e\n\u003ctd\u003e0\u003c/td\u003e\n\u003c/tr\u003e\n\u003ctr bgcolor=\"#D4E4F3\"\u003e\n\u003ctd\u003eShape_Leng\u003c/td\u003e\n\u003ctd\u003e18102566,9293\u003c/td\u003e\n\u003c/tr\u003e\n\u003c/table\u003e\n\u003c/td\u003e\n\u003c/tr\u003e\n\u003c/table\u003e\n\u003c/body\u003e\u003cscript type=\"text/javascript\"\u003e\n\t\t\t\tfunction changeImage(attElement, nameElement) {\n\t\t\t\tdocument.getElementById('imageAttachment').src = attElement;\n\t\t\t\tdocument.getElementById('imageName').innerHTML = nameElement;}\n\t\t\t\u003c/script\u003e\u003c/html\u003e\n","FID_active_grids":150,"GridID":"M01","Shape_Length":3.6187244427251027e-05,"Shape_Area":8.1844763399190696e-11}},{"type":"Feature","id":27518,"geometry":{"type":"Polygon","coordinates":[[[112.7043746170001,-7.0967116819999774],[112.70437458800006,-7.0967038549999302],[112.70436736900001,-7.0967117089999761],[112.7043746170001,-7.0967116819999774]]]},"properties":{"OBJECTID":27518,"FID_mangrove_utm":27426,"OBJECTID_1":27426,"Name":"18102566,9293","FolderPath":"JATIM/JATIM","SymbolID":0,"AltMode":0,"Base":0,"Clamped":-1,"Extruded":0,"Snippet":"","PopupInfo":"\u003chtml xmlns:fo=\"http://www.w3.org/1999/XSL/Format\" xmlns:msxsl=\"urn:schemas-microsoft-com:xslt\"\u003e\n\u003chead\u003e\n\u003cMETA http-equiv=\"Content-Type\" content=\"text/html\"\u003e\n\u003cmeta http-equiv=\"content-type\" content=\"text/html; charset=UTF-8\"\u003e\n\u003c/head\u003e\n\u003cbody style=\"margin:0px 0px 0px 0px;overflow:auto;background:#FFFFFF;\"\u003e\n\u003ctable style=\"font-family:Arial,Verdana,Times;font-size:12px;text-align:left;width:100%;border-collapse:collapse;padding:3px 3px 3px 3px\"\u003e\n\u003ctr style=\"text-align:center;font-weight:bold;background:#9CBCE2\"\u003e\n\u003ctd\u003e18102566,9293\u003c/td\u003e\n\u003c/tr\u003e\n\u003ctr\u003e\n\u003ctd\u003e\n\u003ctable style=\"font-family:Arial,Verdana,Times;font-size:12px;text-align:left;width:100%;border-spacing:0px; padding:3px 3px 3px 3px\"\u003e\n\u003ctr\u003e\n\u003ctd\u003eFID\u003c/td\u003e\n\u003ctd\u003e0\u003c/td\u003e\n\u003c/tr\u003e\n\u003ctr bgcolor=\"#D4E4F3\"\u003e\n\u003ctd\u003eShape_Leng\u003c/td\u003e\n\u003ctd\u003e18102566,9293\u003c/td\u003e\n\u003c/tr\u003e\n\u003c/table\u003e\n\u003c/td\u003e\n\u003c/tr\u003e\n\u003c/table\u003e\n\u003c/body\u003e\u003cscript type=\"text/javascript\"\u003e\n\t\t\t\tfunction changeImage(attElement, nameElement) {\n\t\t\t\tdocument.getElementById('imageAttachment').src = attElement;\n\t\t\t\tdocument.getElementById('imageName').innerHTML = nameElement;}\n\t\t\t\u003c/script\u003e\u003c/html\u003e\n","FID_active_grids":150,"GridID":"M01","Shape_Length":2.5742778614348284e-05,"Shape_Area":2.8365440016322832e-11}},{"type":"Feature","id":27519,"geometry":{"type":"Polygon","coordinates":[[[112.70439262000002,-7.0966844899999728],[112.70439261800004,-7.0966839049999635],[112.70439216500006,-7.0966844919999517],[112.70439262000002,-7.0966844899999728]]]},"properties":{"OBJECTID":27519,"FID_mangrove_utm":27427,"OBJECTID_1":27427,"Name":"18102566,9293","FolderPath":"JATIM/JATIM","SymbolID":0,"AltMode":0,"Base":0,"Clamped":-1,"Extruded":0,"Snippet":"","PopupInfo":"\u003chtml xmlns:fo=\"http://www.w3.org/1999/XSL/Format\" xmlns:msxsl=\"urn:schemas-microsoft-com:xslt\"\u003e\n\u003chead\u003e\n\u003cMETA http-equiv=\"Content-Type\" content=\"text/html\"\u003e\n\u003cmeta http-equiv=\"content-type\" content=\"text/html; charset=UTF-8\"\u003e\n\u003c/head\u003e\n\u003cbody style=\"margin:0px 0px 0px 0px;overflow:auto;background:#FFFFFF;\"\u003e\n\u003ctable style=\"font-family:Arial,Verdana,Times;font-size:12px;text-align:left;width:100%;border-collapse:collapse;padding:3px 3px 3px 3px\"\u003e\n\u003ctr style=\"text-align:center;font-weight:bold;background:#9CBCE2\"\u003e\n\u003ctd\u003e18102566,9293\u003c/td\u003e\n\u003c/tr\u003e\n\u003ctr\u003e\n\u003ctd\u003e\n\u003ctable style=\"font-family:Arial,Verdana,Times;font-size:12px;text-align:left;width:100%;border-spacing:0px; padding:3px 3px 3px 3px\"\u003e\n\u003ctr\u003e\n\u003ctd\u003eFID\u003c/td\u003e\n\u003ctd\u003e0\u003c/td\u003e\n\u003c/tr\u003e\n\u003ctr bgcolor=\"#D4E4F3\"\u003e\n\u003ctd\u003eShape_Leng\u003c/td\u003e\n\u003ctd\u003e18102566,9293\u003c/td\u003e\n\u003c/tr\u003e\n\u003c/table\u003e\n\u003c/td\u003e\n\u003c/tr\u003e\n\u003c/table\u003e\n\u003c/body\u003e\u003cscript type=\"text/javascript\"\u003e\n\t\t\t\tfunction changeImage(attElement, nameElement) {\n\t\t\t\tdocument.getElementById('imageAttachment').src = attElement;\n\t\t\t\tdocument.getElementById('imageName').innerHTML = nameElement;}\n\t\t\t\u003c/script\u003e\u003c/html\u003e\n","FID_active_grids":150,"GridID":"M01","Shape_Length":1.7814779287863261e-06,"Shape_Area":1.3308949126790695e-13}},{"type":"Feature","id":27520,"geometry":{"type":"Polygon","coordinates":[[[112.70440163800004,-7.096675414999936],[112.70440162700004,-7.0966722359999608],[112.70439916600003,-7.0966754239999545],[112.70440163800004,-7.096675414999936]]]},"properties":{"OBJECTID":27520,"FID_mangrove_utm":27428,"OBJECTID_1":27428,"Name":"18102566,9293","FolderPath":"JATIM/JATIM","SymbolID":0,"AltMode":0,"Base":0,"Clamped":-1,"Extruded":0,"Snippet":"","PopupInfo":"\u003chtml xmlns:fo=\"http://www.w3.org/1999/XSL/Format\" xmlns:msxsl=\"urn:schemas-microsoft-com:xslt\"\u003e\n\u003chead\u003e\n\u003cMETA http-equiv=\"Content-Type\" content=\"text/html\"\u003e\n\u003cmeta http-equiv=\"content-type\" content=\"text/html; charset=UTF-8\"\u003e\n\u003c/head\u003e\n\u003cbody style=\"margin:0px 0px 0px 0px;overflow:auto;background:#FFFFFF;\"\u003e\n\u003ctable style=\"font-family:Arial,Verdana,Times;font-size:12px;text-align:left;width:100%;border-collapse:collapse;padding:3px 3px 3px 3px\"\u003e\n\u003ctr style=\"text-align:center;font-weight:bold;background:#9CBCE2\"\u003e\n\u003ctd\u003e18102566,9293\u003c/td\u003e\n\u003c/tr\u003e\n\u003ctr\u003e\n\u003ctd\u003e\n\u003ctable style=\"font-family:Arial,Verdana,Times;font-size:12px;text-align:left;width:100%;border-spacing:0px; padding:3px 3px 3px 3px\"\u003e\n\u003ctr\u003e\n\u003ctd\u003eFID\u003c/td\u003e\n\u003ctd\u003e0\u003c/td\u003e\n\u003c/tr\u003e\n\u003ctr bgcolor=\"#D4E4F3\"\u003e\n\u003ctd\u003eShape_Leng\u003c/td\u003e\n\u003ctd\u003e18102566,9293\u003c/td\u003e\n\u003c/tr\u003e\n\u003c/table\u003e\n\u003c/td\u003e\n\u003c/tr\u003e\n\u003c/table\u003e\n\u003c/body\u003e\u003cscript type=\"text/javascript\"\u003e\n\t\t\t\tfunction changeImage(attElement, nameElement) {\n\t\t\t\tdocument.getElementById('imageAttachment').src = attElement;\n\t\t\t\tdocument.getElementById('imageName').innerHTML = nameElement;}\n\t\t\t\u003c/script\u003e\u003c/html\u003e\n","FID_active_grids":150,"GridID":"M01","Shape_Length":9.6784247484409119e-06,"Shape_Area":3.9292934783864836e-12}},{"type":"Feature","id":27521,"geometry":{"type":"Polygon","coordinates":[[[112.70442865300004,-7.0966372319999778],[112.70442717000003,-7.0966391529999555],[112.70442866000008,-7.0966391479999515],[112.70442865300004,-7.0966372319999778]]]},"properties":{"OBJECTID":27521,"FID_mangrove_utm":27429,"OBJECTID_1":27429,"Name":"18102566,9293","FolderPath":"JATIM/JATIM","SymbolID":0,"AltMode":0,"Base":0,"Clamped":-1,"Extruded":0,"Snippet":"","PopupInfo":"\u003chtml xmlns:fo=\"http://www.w3.org/1999/XSL/Format\" xmlns:msxsl=\"urn:schemas-microsoft-com:xslt\"\u003e\n\u003chead\u003e\n\u003cMETA http-equiv=\"Content-Type\" content=\"text/html\"\u003e\n\u003cmeta http-equiv=\"content-type\" content=\"text/html; charset=UTF-8\"\u003e\n\u003c/head\u003e\n\u003cbody style=\"margin:0px 0px 0px 0px;overflow:auto;background:#FFFFFF;\"\u003e\n\u003ctable style=\"font-family:Arial,Verdana,Times;font-size:12px;text-align:left;width:100%;border-collapse:collapse;padding:3px 3px 3px 3px\"\u003e\n\u003ctr style=\"text-align:center;font-weight:bold;background:#9CBCE2\"\u003e\n\u003ctd\u003e18102566,9293\u003c/td\u003e\n\u003c/tr\u003e\n\u003ctr\u003e\n\u003ctd\u003e\n\u003ctable style=\"font-family:Arial,Verdana,Times;font-size:12px;text-align:left;width:100%;border-spacing:0px; padding:3px 3px 3px 3px\"\u003e\n\u003ctr\u003e\n\u003ctd\u003eFID\u003c/td\u003e\n\u003ctd\u003e0\u003c/td\u003e\n\u003c/tr\u003e\n\u003ctr bgcolor=\"#D4E4F3\"\u003e\n\u003ctd\u003eShape_Leng\u003c/td\u003e\n\u003ctd\u003e18102566,9293\u003c/td\u003e\n\u003c/tr\u003e\n\u003c/table\u003e\n\u003c/td\u003e\n\u003c/tr\u003e\n\u003c/table\u003e\n\u003c/body\u003e\u003cscript type=\"text/javascript\"\u003e\n\t\t\t\tfunction changeImage(attElement, nameElement) {\n\t\t\t\tdocument.getElementById('imageAttachment').src = attElement;\n\t\t\t\tdocument.getElementById('imageName').innerHTML = nameElement;}\n\t\t\t\u003c/script\u003e\u003c/html\u003e\n","FID_active_grids":150,"GridID":"M01","Shape_Length":5.8328565689618234e-06,"Shape_Area":1.4274375238144289e-12}},{"type":"Feature","id":27522,"geometry":{"type":"Polygon","coordinates":[[[112.68800890000011,-7.0966901129999655],[112.68799079700011,-7.0966901789999497],[112.6879908630001,-7.0967082629999254],[112.68801801800009,-7.0967081639999492],[112.6880179850001,-7.0966991219999613],[112.68800893300011,-7.0966991549999534],[112.68800890000011,-7.0966901129999655]]]},"properties":{"OBJECTID":27522,"FID_mangrove_utm":27430,"OBJECTID_1":27430,"Name":"18102566,9293","FolderPath":"JATIM/JATIM","SymbolID":0,"AltMode":0,"Base":0,"Clamped":-1,"Extruded":0,"Snippet":"","PopupInfo":"\u003chtml xmlns:fo=\"http://www.w3.org/1999/XSL/Format\" xmlns:msxsl=\"urn:schemas-microsoft-com:xslt\"\u003e\n\u003chead\u003e\n\u003cMETA http-equiv=\"Content-Type\" content=\"text/html\"\u003e\n\u003cmeta http-equiv=\"content-type\" content=\"text/html; charset=UTF-8\"\u003e\n\u003c/head\u003e\n\u003cbody style=\"margin:0px 0px 0px 0px;overflow:auto;background:#FFFFFF;\"\u003e\n\u003ctable style=\"font-family:Arial,Verdana,Times;font-size:12px;text-align:left;width:100%;border-collapse:collapse;padding:3px 3px 3px 3px\"\u003e\n\u003ctr style=\"text-align:center;font-weight:bold;background:#9CBCE2\"\u003e\n\u003ctd\u003e18102566,9293\u003c/td\u003e\n\u003c/tr\u003e\n\u003ctr\u003e\n\u003ctd\u003e\n\u003ctable style=\"font-family:Arial,Verdana,Times;font-size:12px;text-align:left;width:100%;border-spacing:0px; padding:3px 3px 3px 3px\"\u003e\n\u003ctr\u003e\n\u003ctd\u003eFID\u003c/td\u003e\n\u003ctd\u003e0\u003c/td\u003e\n\u003c/tr\u003e\n\u003ctr bgcolor=\"#D4E4F3\"\u003e\n\u003ctd\u003eShape_Leng\u003c/td\u003e\n\u003ctd\u003e18102566,9293\u003c/td\u003e\n\u003c/tr\u003e\n\u003c/table\u003e\n\u003c/td\u003e\n\u003c/tr\u003e\n\u003c/table\u003e\n\u003c/body\u003e\u003cscript type=\"text/javascript\"\u003e\n\t\t\t\tfunction changeImage(attElement, nameElement) {\n\t\t\t\tdocument.getElementById('imageAttachment').src = attElement;\n\t\t\t\tdocument.getElementById('imageName').innerHTML = nameElement;}\n\t\t\t\u003c/script\u003e\u003c/html\u003e\n","FID_active_grids":150,"GridID":"M01","Shape_Length":9.0478601748953085e-05,"Shape_Area":4.0922829694860529e-10}},{"type":"Feature","id":27523,"geometry":{"type":"Polygon","coordinates":[[[112.70347820600011,-7.0966335949999575],[112.70347817200002,-7.0966245529999696],[112.70346912100001,-7.0966245859999617],[112.70346915400012,-7.0966336279999496],[112.70347820600011,-7.0966335949999575]]]},"properties":{"OBJECTID":27523,"FID_mangrove_utm":27431,"OBJECTID_1":27431,"Name":"18102566,9293","FolderPath":"JATIM/JATIM","SymbolID":0,"AltMode":0,"Base":0,"Clamped":-1,"Extruded":0,"Snippet":"","PopupInfo":"\u003chtml xmlns:fo=\"http://www.w3.org/1999/XSL/Format\" xmlns:msxsl=\"urn:schemas-microsoft-com:xslt\"\u003e\n\u003chead\u003e\n\u003cMETA http-equiv=\"Content-Type\" content=\"text/html\"\u003e\n\u003cmeta http-equiv=\"content-type\" content=\"text/html; charset=UTF-8\"\u003e\n\u003c/head\u003e\n\u003cbody style=\"margin:0px 0px 0px 0px;overflow:auto;background:#FFFFFF;\"\u003e\n\u003ctable style=\"font-family:Arial,Verdana,Times;font-size:12px;text-align:left;width:100%;border-collapse:collapse;padding:3px 3px 3px 3px\"\u003e\n\u003ctr style=\"text-align:center;font-weight:bold;background:#9CBCE2\"\u003e\n\u003ctd\u003e18102566,9293\u003c/td\u003e\n\u003c/tr\u003e\n\u003ctr\u003e\n\u003ctd\u003e\n\u003ctable style=\"font-family:Arial,Verdana,Times;font-size:12px;text-align:left;width:100%;border-spacing:0px; padding:3px 3px 3px 3px\"\u003e\n\u003ctr\u003e\n\u003ctd\u003eFID\u003c/td\u003e\n\u003ctd\u003e0\u003c/td\u003e\n\u003c/tr\u003e\n\u003ctr bgcolor=\"#D4E4F3\"\u003e\n\u003ctd\u003eShape_Leng\u003c/td\u003e\n\u003ctd\u003e18102566,9293\u003c/td\u003e\n\u003c/tr\u003e\n\u003c/table\u003e\n\u003c/td\u003e\n\u003c/tr\u003e\n\u003c/table\u003e\n\u003c/body\u003e\u003cscript type=\"text/javascript\"\u003e\n\t\t\t\tfunction changeImage(attElement, nameElement) {\n\t\t\t\tdocument.getElementById('imageAttachment').src = attElement;\n\t\t\t\tdocument.getElementById('imageName').innerHTML = nameElement;}\n\t\t\t\u003c/script\u003e\u003c/html\u003e\n","FID_active_grids":150,"GridID":"M01","Shape_Length":3.6187244432171536e-05,"Shape_Area":8.184476840289345e-11}},{"type":"Feature","id":27525,"geometry":{"type":"Polygon","coordinates":[[[112.7052974500001,-7.0965907459999471],[112.7052702950001,-7.0965908459999696],[112.70527036200008,-7.0966089299999453],[112.70527941300008,-7.0966088959999638],[112.70527944700007,-7.0966179379999517],[112.70528849800007,-7.0966179049999596],[112.70528853100006,-7.0966269469999474],[112.70527948000006,-7.0966269799999395],[112.70527951300005,-7.0966360219999274],[112.70527046100005,-7.0966360549999763],[112.70527059500012,-7.0966722229999277],[112.70527964600001,-7.0966721899999357],[112.7052796800001,-7.0966812319999804],[112.70530683400011,-7.0966811319999579],[112.70530680100001,-7.09667208999997],[112.70531585300012,-7.0966720569999779],[112.70531578600003,-7.0966539729999454],[112.70532483800002,-7.0966539399999533],[112.70532477100005,-7.0966358559999776],[112.70531572000004,-7.0966358889999697],[112.70531568600006,-7.096626846999925],[112.70530663500006,-7.0966268799999739],[112.70530660100007,-7.0966178389999754],[112.70529755000007,-7.0966178719999675],[112.7052974500001,-7.0965907459999471]]]},"properties":{"OBJECTID":27525,"FID_mangrove_utm":27433,"OBJECTID_1":27433,"Name":"18102566,9293","FolderPath":"JATIM/JATIM","SymbolID":0,"AltMode":0,"Base":0,"Clamped":-1,"Extruded":0,"Snippet":"","PopupInfo":"\u003chtml xmlns:fo=\"http://www.w3.org/1999/XSL/Format\" xmlns:msxsl=\"urn:schemas-microsoft-com:xslt\"\u003e\n\u003chead\u003e\n\u003cMETA http-equiv=\"Content-Type\" content=\"text/html\"\u003e\n\u003cmeta http-equiv=\"content-type\" content=\"text/html; charset=UTF-8\"\u003e\n\u003c/head\u003e\n\u003cbody style=\"margin:0px 0px 0px 0px;overflow:auto;background:#FFFFFF;\"\u003e\n\u003ctable style=\"font-family:Arial,Verdana,Times;font-size:12px;text-align:left;width:100%;border-collapse:collapse;padding:3px 3px 3px 3px\"\u003e\n\u003ctr style=\"text-align:center;font-weight:bold;background:#9CBCE2\"\u003e\n\u003ctd\u003e18102566,9293\u003c/td\u003e\n\u003c/tr\u003e\n\u003ctr\u003e\n\u003ctd\u003e\n\u003ctable style=\"font-family:Arial,Verdana,Times;font-size:12px;text-align:left;width:100%;border-spacing:0px; padding:3px 3px 3px 3px\"\u003e\n\u003ctr\u003e\n\u003ctd\u003eFID\u003c/td\u003e\n\u003ctd\u003e0\u003c/td\u003e\n\u003c/tr\u003e\n\u003ctr bgcolor=\"#D4E4F3\"\u003e\n\u003ctd\u003eShape_Leng\u003c/td\u003e\n\u003ctd\u003e18102566,9293\u003c/td\u003e\n\u003c/tr\u003e\n\u003c/table\u003e\n\u003c/td\u003e\n\u003c/tr\u003e\n\u003c/table\u003e\n\u003c/body\u003e\u003cscript type=\"text/javascript\"\u003e\n\t\t\t\tfunction changeImage(attElement, nameElement) {\n\t\t\t\tdocument.getElementById('imageAttachment').src = attElement;\n\t\t\t\tdocument.getElementById('imageName').innerHTML = nameElement;}\n\t\t\t\u003c/script\u003e\u003c/html\u003e\n","FID_active_grids":150,"GridID":"M01","Shape_Length":0.00032566321482315662,"Shape_Area":3.1919685869410532e-09}},{"type":"Feature","id":27526,"geometry":{"type":"Polygon","coordinates":[[[112.70390346600004,-7.0965868239999281],[112.70390346300007,-7.0965859609999598],[112.7038943870001,-7.0965795369999682],[112.70389441400005,-7.096586856999977],[112.70390346600004,-7.0965868239999281]]]},"properties":{"OBJECTID":27526,"FID_mangrove_utm":27434,"OBJECTID_1":27434,"Name":"18102566,9293","FolderPath":"JATIM/JATIM","SymbolID":0,"AltMode":0,"Base":0,"Clamped":-1,"Extruded":0,"Snippet":"","PopupInfo":"\u003chtml xmlns:fo=\"http://www.w3.org/1999/XSL/Format\" xmlns:msxsl=\"urn:schemas-microsoft-com:xslt\"\u003e\n\u003chead\u003e\n\u003cMETA http-equiv=\"Content-Type\" content=\"text/html\"\u003e\n\u003cmeta http-equiv=\"content-type\" content=\"text/html; charset=UTF-8\"\u003e\n\u003c/head\u003e\n\u003cbody style=\"margin:0px 0px 0px 0px;overflow:auto;background:#FFFFFF;\"\u003e\n\u003ctable style=\"font-family:Arial,Verdana,Times;font-size:12px;text-align:left;width:100%;border-collapse:collapse;padding:3px 3px 3px 3px\"\u003e\n\u003ctr style=\"text-align:center;font-weight:bold;background:#9CBCE2\"\u003e\n\u003ctd\u003e18102566,9293\u003c/td\u003e\n\u003c/tr\u003e\n\u003ctr\u003e\n\u003ctd\u003e\n\u003ctable style=\"font-family:Arial,Verdana,Times;font-size:12px;text-align:left;width:100%;border-spacing:0px; padding:3px 3px 3px 3px\"\u003e\n\u003ctr\u003e\n\u003ctd\u003eFID\u003c/td\u003e\n\u003ctd\u003e0\u003c/td\u003e\n\u003c/tr\u003e\n\u003ctr bgcolor=\"#D4E4F3\"\u003e\n\u003ctd\u003eShape_Leng\u003c/td\u003e\n\u003ctd\u003e18102566,9293\u003c/td\u003e\n\u003c/tr\u003e\n\u003c/table\u003e\n\u003c/td\u003e\n\u003c/tr\u003e\n\u003c/table\u003e\n\u003c/body\u003e\u003cscript type=\"text/javascript\"\u003e\n\t\t\t\tfunction changeImage(attElement, nameElement) {\n\t\t\t\tdocument.getElementById('imageAttachment').src = attElement;\n\t\t\t\tdocument.getElementById('imageName').innerHTML = nameElement;}\n\t\t\t\u003c/script\u003e\u003c/html\u003e\n","FID_active_grids":150,"GridID":"M01","Shape_Length":2.8354537391575832e-05,"Shape_Area":3.7037423469324425e-11}},{"type":"Feature","id":27527,"geometry":{"type":"Polygon","coordinates":[[[112.70386716100006,-7.096560262999958],[112.70386719300006,-7.096568872999967],[112.70387624500006,-7.0965688399999749],[112.70387627800005,-7.0965778819999628],[112.70389196800011,-7.0965778239999509],[112.70386716100006,-7.096560262999958]]]},"properties":{"OBJECTID":27527,"FID_mangrove_utm":27435,"OBJECTID_1":27435,"Name":"18102566,9293","FolderPath":"JATIM/JATIM","SymbolID":0,"AltMode":0,"Base":0,"Clamped":-1,"Extruded":0,"Snippet":"","PopupInfo":"\u003chtml xmlns:fo=\"http://www.w3.org/1999/XSL/Format\" xmlns:msxsl=\"urn:schemas-microsoft-com:xslt\"\u003e\n\u003chead\u003e\n\u003cMETA http-equiv=\"Content-Type\" content=\"text/html\"\u003e\n\u003cmeta http-equiv=\"content-type\" content=\"text/html; charset=UTF-8\"\u003e\n\u003c/head\u003e\n\u003cbody style=\"margin:0px 0px 0px 0px;overflow:auto;background:#FFFFFF;\"\u003e\n\u003ctable style=\"font-family:Arial,Verdana,Times;font-size:12px;text-align:left;width:100%;border-collapse:collapse;padding:3px 3px 3px 3px\"\u003e\n\u003ctr style=\"text-align:center;font-weight:bold;background:#9CBCE2\"\u003e\n\u003ctd\u003e18102566,9293\u003c/td\u003e\n\u003c/tr\u003e\n\u003ctr\u003e\n\u003ctd\u003e\n\u003ctable style=\"font-family:Arial,Verdana,Times;font-size:12px;text-align:left;width:100%;border-spacing:0px; padding:3px 3px 3px 3px\"\u003e\n\u003ctr\u003e\n\u003ctd\u003eFID\u003c/td\u003e\n\u003ctd\u003e0\u003c/td\u003e\n\u003c/tr\u003e\n\u003ctr bgcolor=\"#D4E4F3\"\u003e\n\u003ctd\u003eShape_Leng\u003c/td\u003e\n\u003ctd\u003e18102566,9293\u003c/td\u003e\n\u003c/tr\u003e\n\u003c/table\u003e\n\u003c/td\u003e\n\u003c/tr\u003e\n\u003c/table\u003e\n\u003c/body\u003e\u003cscript type=\"text/javascript\"\u003e\n\t\t\t\tfunction changeImage(attElement, nameElement) {\n\t\t\t\tdocument.getElementById('imageAttachment').src = attElement;\n\t\t\t\tdocument.getElementById('imageName').innerHTML = nameElement;}\n\t\t\t\u003c/script\u003e\u003c/html\u003e\n","FID_active_grids":150,"GridID":"M01","Shape_Length":7.278797017917809e-05,"Shape_Area":1.3652759312431529e-10}},{"type":"Feature","id":27528,"geometry":{"type":"Polygon","coordinates":[[[112.70364982100011,-7.0965335029999324],[112.70365887200001,-7.0965334689999509],[112.70365880600002,-7.0965153859999646],[112.70364070300002,-7.0965154519999487],[112.70364076900012,-7.0965335359999813],[112.70363171700001,-7.0965335689999733],[112.7036317510001,-7.0965426109999612],[112.70362269900011,-7.0965426439999533],[112.7036227320001,-7.0965516859999411],[112.70363178400009,-7.0965516529999491],[112.70363188400006,-7.0965787789999695],[112.70362283200006,-7.0965788119999615],[112.70362286500006,-7.0965878539999494],[112.70363191700005,-7.0965878209999573],[112.70363195000004,-7.0965968619999558],[112.70366815700004,-7.0965967299999306],[112.70366812400005,-7.0965876879999428],[112.70368622700005,-7.0965876209999692],[112.70368612700008,-7.0965604959999382],[112.70365897200008,-7.0965605949999713],[112.7036589060001,-7.0965425109999387],[112.7036498540001,-7.0965425449999771],[112.70364982100011,-7.0965335029999324]],[[112.70366805700007,-7.0965696039999671],[112.70367710900007,-7.096569570999975],[112.70367714200006,-7.0965786129999628],[112.70366809000006,-7.0965786459999549],[112.70366805700007,-7.0965696039999671]]]},"properties":{"OBJECTID":27528,"FID_mangrove_utm":27436,"OBJECTID_1":27436,"Name":"18102566,9293","FolderPath":"JATIM/JATIM","SymbolID":0,"AltMode":0,"Base":0,"Clamped":-1,"Extruded":0,"Snippet":"","PopupInfo":"\u003chtml xmlns:fo=\"http://www.w3.org/1999/XSL/Format\" xmlns:msxsl=\"urn:schemas-microsoft-com:xslt\"\u003e\n\u003chead\u003e\n\u003cMETA http-equiv=\"Content-Type\" content=\"text/html\"\u003e\n\u003cmeta http-equiv=\"content-type\" content=\"text/html; charset=UTF-8\"\u003e\n\u003c/head\u003e\n\u003cbody style=\"margin:0px 0px 0px 0px;overflow:auto;background:#FFFFFF;\"\u003e\n\u003ctable style=\"font-family:Arial,Verdana,Times;font-size:12px;text-align:left;width:100%;border-collapse:collapse;padding:3px 3px 3px 3px\"\u003e\n\u003ctr style=\"text-align:center;font-weight:bold;background:#9CBCE2\"\u003e\n\u003ctd\u003e18102566,9293\u003c/td\u003e\n\u003c/tr\u003e\n\u003ctr\u003e\n\u003ctd\u003e\n\u003ctable style=\"font-family:Arial,Verdana,Times;font-size:12px;text-align:left;width:100%;border-spacing:0px; padding:3px 3px 3px 3px\"\u003e\n\u003ctr\u003e\n\u003ctd\u003eFID\u003c/td\u003e\n\u003ctd\u003e0\u003c/td\u003e\n\u003c/tr\u003e\n\u003ctr bgcolor=\"#D4E4F3\"\u003e\n\u003ctd\u003eShape_Leng\u003c/td\u003e\n\u003ctd\u003e18102566,9293\u003c/td\u003e\n\u003c/tr\u003e\n\u003c/table\u003e\n\u003c/td\u003e\n\u003c/tr\u003e\n\u003c/table\u003e\n\u003c/body\u003e\u003cscript type=\"text/javascript\"\u003e\n\t\t\t\tfunction changeImage(attElement, nameElement) {\n\t\t\t\tdocument.getElementById('imageAttachment').src = attElement;\n\t\t\t\tdocument.getElementById('imageName').innerHTML = nameElement;}\n\t\t\t\u003c/script\u003e\u003c/html\u003e\n","FID_active_grids":150,"GridID":"M01","Shape_Length":0.00036187442963223461,"Shape_Area":2.8645758849552072e-09}},{"type":"Feature","id":27529,"geometry":{"type":"Polygon","coordinates":[[[112.7045187440001,-7.0965212699999256],[112.7045277950001,-7.0965212369999335],[112.70452775000001,-7.096508880999977],[112.70443417100012,-7.0966300849999584],[112.70444673000009,-7.0966300389999333],[112.70444669700009,-7.0966209969999454],[112.7044557480001,-7.0966209639999533],[112.70445571500011,-7.0966119219999655],[112.70447381800011,-7.0966118559999813],[112.70447375200001,-7.0965937719999488],[112.70448280400001,-7.0965937389999567],[112.70448277000003,-7.0965846969999689],[112.70449182200002,-7.0965846629999305],[112.70449175500005,-7.0965665799999442],[112.70450080700004,-7.0965665459999627],[112.70450077400005,-7.0965575049999643],[112.70450982500006,-7.096557470999926],[112.70450975900008,-7.0965393869999502],[112.70451881000008,-7.0965393539999582],[112.7045187440001,-7.0965212699999256]]]},"properties":{"OBJECTID":27529,"FID_mangrove_utm":27437,"OBJECTID_1":27437,"Name":"18102566,9293","FolderPath":"JATIM/JATIM","SymbolID":0,"AltMode":0,"Base":0,"Clamped":-1,"Extruded":0,"Snippet":"","PopupInfo":"\u003chtml xmlns:fo=\"http://www.w3.org/1999/XSL/Format\" xmlns:msxsl=\"urn:schemas-microsoft-com:xslt\"\u003e\n\u003chead\u003e\n\u003cMETA http-equiv=\"Content-Type\" content=\"text/html\"\u003e\n\u003cmeta http-equiv=\"content-type\" content=\"text/html; charset=UTF-8\"\u003e\n\u003c/head\u003e\n\u003cbody style=\"margin:0px 0px 0px 0px;overflow:auto;background:#FFFFFF;\"\u003e\n\u003ctable style=\"font-family:Arial,Verdana,Times;font-size:12px;text-align:left;width:100%;border-collapse:collapse;padding:3px 3px 3px 3px\"\u003e\n\u003ctr style=\"text-align:center;font-weight:bold;background:#9CBCE2\"\u003e\n\u003ctd\u003e18102566,9293\u003c/td\u003e\n\u003c/tr\u003e\n\u003ctr\u003e\n\u003ctd\u003e\n\u003ctable style=\"font-family:Arial,Verdana,Times;font-size:12px;text-align:left;width:100%;border-spacing:0px; padding:3px 3px 3px 3px\"\u003e\n\u003ctr\u003e\n\u003ctd\u003eFID\u003c/td\u003e\n\u003ctd\u003e0\u003c/td\u003e\n\u003c/tr\u003e\n\u003ctr bgcolor=\"#D4E4F3\"\u003e\n\u003ctd\u003eShape_Leng\u003c/td\u003e\n\u003ctd\u003e18102566,9293\u003c/td\u003e\n\u003c/tr\u003e\n\u003c/table\u003e\n\u003c/td\u003e\n\u003c/tr\u003e\n\u003c/table\u003e\n\u003c/body\u003e\u003cscript type=\"text/javascript\"\u003e\n\t\t\t\tfunction changeImage(attElement, nameElement) {\n\t\t\t\tdocument.getElementById('imageAttachment').src = attElement;\n\t\t\t\tdocument.getElementById('imageName').innerHTML = nameElement;}\n\t\t\t\u003c/script\u003e\u003c/html\u003e\n","FID_active_grids":150,"GridID":"M01","Shape_Length":0.00036800701421952546,"Shape_Area":1.5077863140364788e-09}},{"type":"Feature","id":27530,"geometry":{"type":"Polygon","coordinates":[[[112.70368589400005,-7.0964972019999664],[112.70367684300004,-7.0964972349999584],[112.70367687600003,-7.0965062769999463],[112.70366782400004,-7.0965063109999278],[112.70366789100001,-7.0965243939999709],[112.70367694200002,-7.0965243609999789],[112.7036770090001,-7.0965424449999546],[112.70368606000011,-7.0965424119999625],[112.70368599400001,-7.0965243279999299],[112.70369504600001,-7.0965242949999379],[112.70369497900003,-7.0965062109999621],[112.70368592700004,-7.0965062439999542],[112.70368589400005,-7.0964972019999664]]]},"properties":{"OBJECTID":27530,"FID_mangrove_utm":27438,"OBJECTID_1":27438,"Name":"18102566,9293","FolderPath":"JATIM/JATIM","SymbolID":0,"AltMode":0,"Base":0,"Clamped":-1,"Extruded":0,"Snippet":"","PopupInfo":"\u003chtml xmlns:fo=\"http://www.w3.org/1999/XSL/Format\" xmlns:msxsl=\"urn:schemas-microsoft-com:xslt\"\u003e\n\u003chead\u003e\n\u003cMETA http-equiv=\"Content-Type\" content=\"text/html\"\u003e\n\u003cmeta http-equiv=\"content-type\" content=\"text/html; charset=UTF-8\"\u003e\n\u003c/head\u003e\n\u003cbody style=\"margin:0px 0px 0px 0px;overflow:auto;background:#FFFFFF;\"\u003e\n\u003ctable style=\"font-family:Arial,Verdana,Times;font-size:12px;text-align:left;width:100%;border-collapse:collapse;padding:3px 3px 3px 3px\"\u003e\n\u003ctr style=\"text-align:center;font-weight:bold;background:#9CBCE2\"\u003e\n\u003ctd\u003e18102566,9293\u003c/td\u003e\n\u003c/tr\u003e\n\u003ctr\u003e\n\u003ctd\u003e\n\u003ctable style=\"font-family:Arial,Verdana,Times;font-size:12px;text-align:left;width:100%;border-spacing:0px; padding:3px 3px 3px 3px\"\u003e\n\u003ctr\u003e\n\u003ctd\u003eFID\u003c/td\u003e\n\u003ctd\u003e0\u003c/td\u003e\n\u003c/tr\u003e\n\u003ctr bgcolor=\"#D4E4F3\"\u003e\n\u003ctd\u003eShape_Leng\u003c/td\u003e\n\u003ctd\u003e18102566,9293\u003c/td\u003e\n\u003c/tr\u003e\n\u003c/table\u003e\n\u003c/td\u003e\n\u003c/tr\u003e\n\u003c/table\u003e\n\u003c/body\u003e\u003cscript type=\"text/javascript\"\u003e\n\t\t\t\tfunction changeImage(attElement, nameElement) {\n\t\t\t\tdocument.getElementById('imageAttachment').src = attElement;\n\t\t\t\tdocument.getElementById('imageName').innerHTML = nameElement;}\n\t\t\t\u003c/script\u003e\u003c/html\u003e\n","FID_active_grids":150,"GridID":"M01","Shape_Length":0.00014472897787020506,"Shape_Area":7.3660287912923951e-10}},{"type":"Feature","id":27531,"geometry":{"type":"Polygon","coordinates":[[[112.70454579900002,-7.096494044999929],[112.70454576800012,-7.0964855449999504],[112.70453918600003,-7.0964940689999594],[112.70454579900002,-7.096494044999929]]]},"properties":{"OBJECTID":27531,"FID_mangrove_utm":27439,"OBJECTID_1":27439,"Name":"18102566,9293","FolderPath":"JATIM/JATIM","SymbolID":0,"AltMode":0,"Base":0,"Clamped":-1,"Extruded":0,"Snippet":"","PopupInfo":"\u003chtml xmlns:fo=\"http://www.w3.org/1999/XSL/Format\" xmlns:msxsl=\"urn:schemas-microsoft-com:xslt\"\u003e\n\u003chead\u003e\n\u003cMETA http-equiv=\"Content-Type\" content=\"text/html\"\u003e\n\u003cmeta http-equiv=\"content-type\" content=\"text/html; charset=UTF-8\"\u003e\n\u003c/head\u003e\n\u003cbody style=\"margin:0px 0px 0px 0px;overflow:auto;background:#FFFFFF;\"\u003e\n\u003ctable style=\"font-family:Arial,Verdana,Times;font-size:12px;text-align:left;width:100%;border-collapse:collapse;padding:3px 3px 3px 3px\"\u003e\n\u003ctr style=\"text-align:center;font-weight:bold;background:#9CBCE2\"\u003e\n\u003ctd\u003e18102566,9293\u003c/td\u003e\n\u003c/tr\u003e\n\u003ctr\u003e\n\u003ctd\u003e\n\u003ctable style=\"font-family:Arial,Verdana,Times;font-size:12px;text-align:left;width:100%;border-spacing:0px; padding:3px 3px 3px 3px\"\u003e\n\u003ctr\u003e\n\u003ctd\u003eFID\u003c/td\u003e\n\u003ctd\u003e0\u003c/td\u003e\n\u003c/tr\u003e\n\u003ctr bgcolor=\"#D4E4F3\"\u003e\n\u003ctd\u003eShape_Leng\u003c/td\u003e\n\u003ctd\u003e18102566,9293\u003c/td\u003e\n\u003c/tr\u003e\n\u003c/table\u003e\n\u003c/td\u003e\n\u003c/tr\u003e\n\u003c/table\u003e\n\u003c/body\u003e\u003cscript type=\"text/javascript\"\u003e\n\t\t\t\tfunction changeImage(attElement, nameElement) {\n\t\t\t\tdocument.getElementById('imageAttachment').src = attElement;\n\t\t\t\tdocument.getElementById('imageName').innerHTML = nameElement;}\n\t\t\t\u003c/script\u003e\u003c/html\u003e\n","FID_active_grids":150,"GridID":"M01","Shape_Length":2.588256155145284e-05,"Shape_Area":2.8105621852999358e-11}},{"type":"Feature","id":27532,"geometry":{"type":"Polygon","coordinates":[[[112.69173284800002,-7.0976892679999537],[112.69171474400002,-7.0976893339999378],[112.69171471100003,-7.09768029199995],[112.69170566000003,-7.0976803249999421],[112.69170562700003,-7.0976712829999542],[112.69168752300004,-7.0976713489999383],[112.69168755600003,-7.0976803909999262],[112.69167850500003,-7.0976804239999751],[112.69167853800002,-7.097689465999963],[112.69165138200003,-7.0976895649999392],[112.69165134900004,-7.0976805229999513],[112.69164229800003,-7.0976805559999434],[112.69164226500004,-7.0976715139999556],[112.69161511000004,-7.0976716129999318],[112.69161504300007,-7.0976535289999561],[112.69162409500007,-7.097653495999964],[112.69162399600009,-7.0976263699999436],[112.69165115100009,-7.0976262709999673],[112.6916511180001,-7.0976172289999795],[112.69166017000009,-7.0976171959999306],[112.6916601370001,-7.0976081539999427],[112.69157867100012,-7.0976084509999282],[112.69157863800001,-7.0975994089999404],[112.69158769000001,-7.0975993759999483],[112.69158765700001,-7.0975903339999604],[112.69160576100001,-7.0975902679999763],[112.69160569400003,-7.0975721839999437],[112.69161474600003,-7.0975721509999516],[112.69161471300004,-7.0975631089999638],[112.69164186800003,-7.0975630099999307],[112.69164180200005,-7.097544925999955],[112.69163275000005,-7.0975449589999471],[112.69163271700006,-7.0975359169999592],[112.69162366600005,-7.0975359499999513],[112.69162360000007,-7.0975178659999756],[112.69161454800008,-7.0975178989999677],[112.69161440400001,-7.0974785619999352],[112.6914064990001,-7.0971802759999605],[112.6914665270001,-7.0967432969999322],[112.69148035400008,-7.0966306189999386],[112.69133080300003,-7.0965222609999614],[112.69097993000003,-7.0965452409999443],[112.69090807700002,-7.0965849979999689],[112.69085640600008,-7.0967552319999641],[112.69077621200006,-7.096972343999937],[112.69071268900007,-7.0970745249999254],[112.69055482200008,-7.0970819119999646],[112.69055131300001,-7.0968879699999547],[112.69061080000006,-7.096697613999936],[112.69057510800008,-7.0965310509999426],[112.69042044300011,-7.0965310509999426],[112.69025410400002,-7.0966835489999767],[112.69024644500007,-7.0968932149999659],[112.69022475100007,-7.0969713959999581],[112.69022762300006,-7.0969713859999501],[112.69022778800002,-7.0970165949999569],[112.69021873600002,-7.0970166279999489],[112.69021867000004,-7.0969985439999732],[112.69021721600006,-7.0969985499999666],[112.69018947900008,-7.0970985089999772],[112.68998067500002,-7.0971038829999316],[112.68980561000001,-7.0971627609999359],[112.68969369900003,-7.0972015879999617],[112.68947159600009,-7.0971673039999814],[112.68921015000001,-7.0971865299999308],[112.68891583600009,-7.0971708309999713],[112.68891585100005,-7.0971750869999255],[112.68890680000004,-7.0971751199999744],[112.68890683300003,-7.0971841619999623],[112.68891588400004,-7.0971841289999702],[112.68891591700003,-7.0971931709999581],[112.68896117600002,-7.0971930059999409],[112.688961242,-7.0972110899999734],[112.68897934500001,-7.0972110239999324],[112.68897937800011,-7.0972200659999771],[112.6889974820001,-7.0972199999999361],[112.68899754800009,-7.0972380839999687],[112.68900659900009,-7.0972380509999766],[112.68900663200009,-7.0972470929999645],[112.68902473600008,-7.0972470269999803],[112.68902476900007,-7.0972560689999682],[112.68905192400007,-7.0972559709999814],[112.68905189100008,-7.0972469289999367],[112.68906094300007,-7.0972468959999446],[112.68906091000008,-7.0972378539999568],[112.68905185800008,-7.0972378869999488],[112.6890517920001,-7.0972198029999731],[112.6890427400001,-7.0972198359999652],[112.68904270700011,-7.0972107939999773],[112.6890879660001,-7.0972106289999601],[112.68908806500008,-7.0972377549999806],[112.68906996100009,-7.0972378209999647],[112.68906999400008,-7.0972468629999526],[112.68907904600007,-7.0972468299999605],[112.68907907900007,-7.0972558719999483],[112.68909718200007,-7.0972558059999642],[112.68909721500006,-7.0972648479999521],[112.68911531900005,-7.0972647819999679],[112.68911535200004,-7.0972738239999558],[112.68912440300005,-7.0972737909999637],[112.68912443600004,-7.0972828329999516],[112.68916969500003,-7.0972826679999343],[112.68916972800002,-7.097291709999979],[112.68917878000002,-7.0972916769999301],[112.68917881300001,-7.0973007189999748],[112.68921502000001,-7.0973005869999497],[112.68921505300011,-7.0973096289999376],[112.689224104,-7.0973095959999455],[112.68922413700011,-7.0973186379999333],[112.6892422410001,-7.0973185729999386],[112.68924227400009,-7.0973276139999371],[112.6892513250001,-7.0973275819999344],[112.68925135800009,-7.0973366239999791],[112.68926041000009,-7.0973365909999302],[112.68926044300008,-7.0973456329999749],[112.68930570200007,-7.0973454679999577],[112.68930576800005,-7.0973635519999334],[112.68933292300005,-7.0973634529999572],[112.68933295600004,-7.097372494999945],[112.68935105900005,-7.0973724289999609],[112.68935109200004,-7.0973814709999488],[112.68936919600003,-7.0973814049999646],[112.68936922900002,-7.0973904469999525],[112.68940543500003,-7.0973903149999273],[112.68940550100001,-7.0974083989999599],[112.68942360500012,-7.0974083329999758],[112.68942363800011,-7.0974173749999636],[112.68944174100011,-7.0974173089999795],[112.68944180700009,-7.0974353929999552],[112.68945991100009,-7.097435326999971],[112.68945994400008,-7.0974443689999589],[112.68946899500008,-7.0974443359999668],[112.68946906100007,-7.0974624199999425],[112.68947811300006,-7.0974623869999505],[112.68947814600006,-7.0974714289999383],[112.68948719800005,-7.0974713959999463],[112.68948723100004,-7.0974804379999341],[112.68950533400005,-7.09748037199995],[112.68950536700004,-7.0974894139999378],[112.68951441900003,-7.0974893809999458],[112.68951445200003,-7.0974984229999336],[112.68952350400002,-7.0974983899999415],[112.68952353700001,-7.0975074319999294],[112.68955069200001,-7.0975073339999426],[112.68955072500012,-7.0975163759999305],[112.68955977600001,-7.0975163429999384],[112.68955980900012,-7.0975253849999262],[112.68956886100011,-7.0975253519999342],[112.68956899300008,-7.097561518999953],[112.68957804500008,-7.097561485999961],[112.68957814400005,-7.0975886119999814],[112.68958719500006,-7.0975885789999325],[112.68958726100004,-7.097606662999965],[112.68959631300004,-7.0976066299999729],[112.68959634600003,-7.0976156719999608],[112.68955108800003,-7.097615836999978],[112.68955118700001,-7.0976429629999416],[112.689578342,-7.0976428639999654],[112.68957844100009,-7.0976699899999289],[112.6895874920001,-7.0976699569999369],[112.68958759100008,-7.0976970829999573],[112.68956948800007,-7.0976971489999414],[112.68956952100007,-7.0977061909999293],[112.68957857300006,-7.0977061579999372],[112.68957863900005,-7.0977242419999698],[112.68958769000005,-7.0977242089999777],[112.68958765700006,-7.097715166999933],[112.68961481300005,-7.0977150679999568],[112.68961484500005,-7.0977241099999446],[112.68962389700005,-7.0977240769999526],[112.68962393000004,-7.0977331189999404],[112.68963298200003,-7.0977330859999483],[112.68963301500003,-7.0977421279999362],[112.68964206700002,-7.0977420949999441],[112.68964210000001,-7.097751136999932],[112.68966925500001,-7.0977510379999558],[112.68966922200002,-7.0977419959999679],[112.68967827400002,-7.0977419629999758],[112.68967830700001,-7.0977510049999637],[112.68969641000001,-7.0977509389999796],[112.68969644300012,-7.0977599809999674],[112.68970549500011,-7.0977599479999753],[112.68970562700008,-7.0977961159999268],[112.68972373000008,-7.0977960499999426],[112.68972379600007,-7.0978141339999752],[112.68971474400007,-7.0978141669999673],[112.68971477700006,-7.0978232089999551],[112.68975098400006,-7.09782307699993],[112.68975095100006,-7.0978140349999421],[112.68973284800006,-7.0978141009999263],[112.68973274900009,-7.0977869749999627],[112.68974180100008,-7.0977869419999706],[112.68974176800009,-7.0977778999999259],[112.6897508190001,-7.0977778679999801],[112.6897507860001,-7.0977688259999354],[112.6897598380001,-7.0977687929999433],[112.68975973900001,-7.0977416669999798],[112.68977784200001,-7.0977416009999388],[112.68977780900002,-7.0977325589999509],[112.68981401600001,-7.0977324269999258],[112.68981398300002,-7.0977233849999379],[112.68982303500002,-7.0977233519999459],[112.68982287000006,-7.0976781419999497],[112.68981381800006,-7.0976781749999418],[112.68981375200008,-7.0976600909999661],[112.68983185600007,-7.0976600249999251],[112.68983182300008,-7.0976509829999372],[112.68984087500007,-7.0976509499999452],[112.68984084200008,-7.0976419079999573],[112.68981368600009,-7.0976420069999335],[112.68981362000011,-7.0976239229999578],[112.6898226720001,-7.0976238899999657],[112.68982263900011,-7.0976148479999779],[112.68980453600011,-7.097614913999962],[112.689804503,-7.0976058719999742],[112.68981355400001,-7.0976058389999253],[112.68981352100002,-7.0975967969999374],[112.68984067700001,-7.0975966989999506],[112.68984061100002,-7.0975786149999749],[112.68984966200003,-7.097578581999926],[112.68984959600004,-7.0975604979999503],[112.68985864800004,-7.0975604649999582],[112.68985861500005,-7.0975514229999703],[112.68988577000005,-7.0975513239999373],[112.68988567100007,-7.0975241979999737],[112.68989472300007,-7.0975241649999248],[112.68989469000007,-7.0975151229999369],[112.68990374200007,-7.0975150899999448],[112.68990370900008,-7.097506047999957],[112.68991276000008,-7.0975060149999649],[112.68991272700009,-7.0974969729999771],[112.68992177900009,-7.0974969399999281],[112.6899217130001,-7.0974788559999524],[112.6899307650001,-7.0974788229999604],[112.68993056700003,-7.0974245719999658],[112.68993961800004,-7.0974245389999737],[112.68993942000009,-7.0973702869999329],[112.68994847200008,-7.0973702539999408],[112.6899484060001,-7.0973521699999651],[112.6899755610001,-7.097352070999932],[112.68997559400009,-7.0973611129999767],[112.69001180100008,-7.0973609809999516],[112.69001176800009,-7.0973519389999637],[112.69002082000009,-7.0973519059999717],[112.69002078700009,-7.097342863999927],[112.69002983900009,-7.0973428309999349],[112.6900298060001,-7.097333788999947],[112.6900388570001,-7.097333755999955],[112.69003882400011,-7.0973247139999671],[112.69004787600011,-7.097324680999975],[112.69004781000001,-7.0973065979999319],[112.69005686200001,-7.0973065649999398],[112.69005682900001,-7.097297522999952],[112.69006588000002,-7.0972974899999599],[112.69006578100004,-7.0972703639999395],[112.69007483300004,-7.0972703309999474],[112.69007473400006,-7.097243204999927],[112.69008378600006,-7.0972431719999349],[112.69008375300007,-7.0972341299999471],[112.69009280500006,-7.097234096999955],[112.69009270600009,-7.0972069709999346],[112.69010175700009,-7.0972069379999425],[112.69010169100011,-7.0971888539999668],[112.6900926400001,-7.0971888869999589],[112.69009254100001,-7.0971617609999385],[112.69007443700002,-7.0971618269999794],[112.69007437100004,-7.0971437429999469],[112.69008342300003,-7.0971437099999548],[112.69008339000004,-7.097134667999967],[112.69010149300004,-7.097134601999926],[112.69010142700006,-7.0971165179999502],[112.69011953100005,-7.0971164529999555],[112.69011949800006,-7.0971074109999677],[112.69015570500005,-7.0971072789999425],[112.69015573800004,-7.0971163209999304],[112.69018289300004,-7.0971162219999542],[112.69018286000005,-7.0971071799999663],[112.69020096300005,-7.0971071139999253],[112.69020093000006,-7.0970980719999375],[112.69020998200006,-7.0970980389999454],[112.69020994900006,-7.0970889969999575],[112.69021900100006,-7.0970889639999655],[112.69021880200012,-7.0970347119999815],[112.69023690600011,-7.0970346459999405],[112.69023677400003,-7.0969984779999322],[112.69024582600002,-7.0969984449999401],[112.69024576000004,-7.0969803619999539],[112.69023670800004,-7.0969803949999459],[112.69023667500005,-7.0969713529999581],[112.69025477800005,-7.0969712869999739],[112.69025481100005,-7.0969803289999618],[112.69027291500004,-7.0969802629999776],[112.69027288200004,-7.0969712209999329],[112.69029098500005,-7.0969711549999488],[112.69029095200005,-7.0969621129999609],[112.69032715900005,-7.0969619809999358],[112.69032712600006,-7.0969529389999479],[112.69033617800005,-7.0969529059999559],[112.69033624400004,-7.0969709899999316],[112.69034529500004,-7.0969709569999395],[112.69034532800003,-7.0969799989999274],[112.69035438000003,-7.0969799659999353],[112.69035451200011,-7.0970161339999436],[112.69036356400011,-7.0970161009999515],[112.6903635970001,-7.0970251429999394],[112.69037264800011,-7.0970251099999473],[112.69037271400009,-7.0970431939999798],[112.69038176600009,-7.0970431609999309],[112.69038199700003,-7.0971064549999596],[112.69039104900003,-7.0971064219999676],[112.69039108200002,-7.0971154639999554],[112.69040013400001,-7.0971154309999633],[112.6904002330001,-7.0971425559999375],[112.69040928400011,-7.0971425239999348],[112.6904093170001,-7.0971515649999333],[112.6904183690001,-7.0971515329999306],[112.69041840200009,-7.0971605739999291],[112.69042745400009,-7.0971605419999264],[112.69042752000007,-7.0971786249999695],[112.69043657100008,-7.0971785919999775],[112.69043660400007,-7.0971876339999653],[112.69044565600007,-7.0971876009999733],[112.69044568900006,-7.0971966429999611],[112.69045474100005,-7.097196609999969],[112.69045477400005,-7.0972056519999569],[112.69047287700005,-7.0972055859999728],[112.69047297600002,-7.0972327119999363],[112.69048202800002,-7.0972326789999443],[112.69048206100001,-7.0972417209999321],[112.69049111300001,-7.09724168799994],[112.69049114600011,-7.0972507299999279],[112.69050019700001,-7.0972506969999358],[112.6905002630001,-7.0972687809999684],[112.6905183670001,-7.0972687149999274],[112.69051840000009,-7.0972777569999721],[112.69052745200008,-7.09727772399998],[112.69052751800007,-7.0972958079999557],[112.69053656900007,-7.0972957749999637],[112.69053660200007,-7.0973048169999515],[112.69052755100006,-7.0973048499999436],[112.69052758400005,-7.0973138919999315],[112.69053663500006,-7.0973138589999394],[112.69053666800005,-7.0973229009999272],[112.69054572000005,-7.0973228679999352],[112.69054578600003,-7.0973409519999677],[112.69053673400003,-7.0973409849999598],[112.69053676700003,-7.0973500269999477],[112.69052771600002,-7.0973500599999397],[112.69052774900001,-7.0973591019999276],[112.69051869700002,-7.0973591349999765],[112.69051873000001,-7.0973681769999644],[112.69050062700001,-7.0973682429999485],[112.6905006930001,-7.0973863269999811],[112.69048258900011,-7.0973863929999652],[112.6904826220001,-7.0973954349999531],[112.69047357000011,-7.0973954679999451],[112.69047363600009,-7.0974135519999777],[112.69043743000009,-7.097413683999946],[112.6904373970001,-7.0974046419999581],[112.6904192930001,-7.0974047079999423],[112.6904193260001,-7.0974137489999407],[112.6903559640001,-7.0974139799999421],[112.6903559970001,-7.0974230219999299],[112.69034694600009,-7.0974230549999788],[112.69034704500007,-7.0974501809999424],[112.69033799300007,-7.0974502139999345],[112.69033802600006,-7.0974592559999792],[112.69032897400007,-7.0974592889999712],[112.69032904000005,-7.097477372999947],[112.69033809200005,-7.0974773399999549],[112.69033812500004,-7.0974863819999428],[112.69034717700004,-7.0974863489999507],[112.69034721000003,-7.0974953909999385],[112.69035626100003,-7.0974953579999465],[112.69035629400003,-7.0975043999999343],[112.69037439800002,-7.0975043339999502],[112.69037443100001,-7.097513375999938],[112.69039253400001,-7.0975133099999539],[112.69039250100002,-7.097504267999966],[112.69040155300002,-7.097504234999974],[112.69040145400004,-7.0974771089999535],[112.69041050600003,-7.0974770759999615],[112.69041053900003,-7.0974861179999493],[112.69041959000003,-7.0974860849999573],[112.69041962300003,-7.0974951269999451],[112.69041057200002,-7.0974951599999372],[112.69041063800012,-7.0975132439999697],[112.69043779300011,-7.0975131449999367],[112.69043772700002,-7.097495060999961],[112.69044677800002,-7.0974950279999689],[112.69044674500003,-7.097485985999981],[112.69046484900002,-7.0974859199999401],[112.69046481600003,-7.0974768779999522],[112.69048291900003,-7.097476811999968],[112.69048295200002,-7.0974858539999559],[112.69049200400002,-7.0974858209999638],[112.69049203700001,-7.0974948629999517],[112.69051919200001,-7.0974947639999755],[112.69051922500012,-7.0975038059999633],[112.69057353500011,-7.0975036089999435],[112.69057350200001,-7.0974945669999556],[112.69058255400012,-7.0974945339999636],[112.69058245500003,-7.0974674079999431],[112.69059150700002,-7.0974673749999511],[112.69059097900004,-7.0973227029999748],[112.69061813400003,-7.0973226039999417],[112.69061810100004,-7.0973135619999539],[112.69062715200005,-7.0973135299999512],[112.69062708600006,-7.0972954459999755],[112.69063613800006,-7.0972954129999266],[112.69063610500007,-7.0972863709999388],[112.69065420900006,-7.0972863049999546],[112.69065417600007,-7.0972772629999668],[112.69067227900007,-7.0972771969999258],[112.69067224600008,-7.0972681549999379],[112.69069940100007,-7.0972680559999617],[112.69069936800008,-7.0972590139999738],[112.69072652300008,-7.0972589149999408],[112.69072649000009,-7.0972498729999529],[112.69079890400008,-7.0972496089999595],[112.69079893700007,-7.0972586509999473],[112.69080798800007,-7.0972586179999553],[112.69080802200006,-7.0972676599999431],[112.69081707300006,-7.0972676269999511],[112.69081710600005,-7.0972766689999389],[112.69082615800005,-7.0972766359999468],[112.69082619100004,-7.0972856779999347],[112.69083524300004,-7.0972856449999426],[112.69083527600003,-7.0972946869999305],[112.69084432700004,-7.0972946539999384],[112.69084436000003,-7.0973036959999263],[112.69085341200002,-7.0973036629999342],[112.69085347800001,-7.0973217469999668],[112.69086253000012,-7.0973217139999747],[112.6908625960001,-7.0973397979999504],[112.6908716480001,-7.0973397649999583],[112.69087174700007,-7.0973668909999788],[112.69088079800008,-7.0973668579999298],[112.69088126100007,-7.0974934449999409],[112.69089031200008,-7.0974934119999489],[112.69089041100005,-7.0975205379999693],[112.69089946300005,-7.0975205049999772],[112.69089956200003,-7.0975476309999408],[112.69090861400002,-7.0975475979999487],[112.69090864700001,-7.0975566399999366],[112.69091769800002,-7.0975566069999445],[112.69091773100001,-7.0975656489999324],[112.690981093,-7.097565417999931],[112.69098106000001,-7.0975563759999432],[112.690999164,-7.097556309999959],[112.69099913100001,-7.0975472679999712],[112.69102628600001,-7.0975471689999381],[112.69102625300002,-7.0975381279999397],[112.69103530500001,-7.0975380949999476],[112.69103527200002,-7.0975290529999597],[112.69104432300003,-7.0975290199999677],[112.69104429000004,-7.0975199779999798],[112.69106239400003,-7.0975199119999388],[112.69106236100004,-7.097510869999951],[112.69107141200004,-7.0975108369999589],[112.69107137900005,-7.097501794999971],[112.69108043100005,-7.097501761999979],[112.69108033200007,-7.0974746359999585],[112.69108938400007,-7.0974746029999665],[112.69108931800008,-7.0974565189999339],[112.69110742100008,-7.0974564529999498],[112.6911073550001,-7.097438368999974],[112.6911164070001,-7.0974383359999251],[112.6911163740001,-7.0974292939999373],[112.6911254260001,-7.0974292609999452],[112.69112539300011,-7.0974202189999573],[112.69116159900011,-7.0974200869999322],[112.69116156600001,-7.0974110449999444],[112.69117967000011,-7.0974109789999602],[112.6911797030001,-7.0974200209999481],[112.6912249610001,-7.0974198559999309],[112.69122499400009,-7.0974288979999756],[112.69124309800009,-7.0974288319999346],[112.69124329600004,-7.0974830839999754],[112.69125234800003,-7.0974830509999265],[112.69125238100003,-7.0974920929999712],[112.69124332900003,-7.0974921259999633],[112.69124336200002,-7.0975011679999511],[112.69123431000003,-7.0975012009999432],[112.69123434300002,-7.0975102429999311],[112.69122529200001,-7.09751027599998],[112.691225325,-7.0975193179999678],[112.69121627300001,-7.0975193509999599],[112.69121633900011,-7.0975374349999356],[112.69120728700011,-7.0975374679999277],[112.6912073200001,-7.0975465099999724],[112.69119826800011,-7.0975465429999645],[112.69119830200009,-7.0975555849999523],[112.69118925000009,-7.0975556179999444],[112.69118928300009,-7.0975646599999322],[112.69118023100009,-7.0975646929999812],[112.69118026400008,-7.097573734999969],[112.69117121200009,-7.0975737679999611],[112.69117124500008,-7.0975828099999489],[112.69116219400007,-7.097582842999941],[112.69116222700006,-7.0975918849999289],[112.69115317500007,-7.0975919169999315],[112.69115324100005,-7.0976100009999641],[112.69108987900006,-7.0976102319999654],[112.69108994500004,-7.0976283159999412],[112.69107184200004,-7.0976283819999253],[112.69107200700012,-7.0976735919999783],[112.69105390300001,-7.0976736579999624],[112.69105403500009,-7.0977098259999707],[112.69106308700009,-7.0977097929999786],[112.6910630540001,-7.0977007509999339],[112.69107210600009,-7.0977007179999418],[112.69107213900008,-7.0977097599999297],[112.69109929400008,-7.0977096609999535],[112.69109926100009,-7.0977006189999656],[112.69111736400009,-7.0977005529999815],[112.69111739700008,-7.0977095949999693],[112.69113550100008,-7.0977095289999284],[112.69113546800008,-7.0977004869999405],[112.69117167500008,-7.0977003549999722],[112.69117170800007,-7.0977093969999601],[112.69118075900008,-7.097709363999968],[112.69118082600005,-7.0977274479999437],[112.69119892900005,-7.0977273819999596],[112.69119896200004,-7.0977364239999474],[112.69120801400004,-7.0977363909999553],[112.69120798100005,-7.0977273489999675],[112.69126229100004,-7.0977271509999582],[112.69126225800005,-7.0977181089999704],[112.69129846500005,-7.0977179769999452],[112.69129859700001,-7.0977541449999535],[112.69131670000002,-7.0977540789999694],[112.69131676600011,-7.0977721629999451],[112.69130771500011,-7.0977721959999371],[112.6913077480001,-7.097781237999925],[112.69127154100011,-7.0977813699999501],[112.69127150800011,-7.0977723279999623],[112.69126245600012,-7.0977723609999543],[112.69126248900011,-7.0977814029999422],[112.69125343700011,-7.0977814359999343],[112.69125347000011,-7.097790477999979],[112.6912625220001,-7.0977904449999301],[112.69126255500009,-7.0977994869999748],[112.69128065900009,-7.0977994209999338],[112.69128072500007,-7.0978175049999663],[112.69132598300007,-7.0978173399999491],[112.69132601600006,-7.097826381999937],[112.69135317100006,-7.0978262829999608],[112.69135313800007,-7.0978172409999729],[112.69136219000006,-7.0978172079999808],[112.69136222300006,-7.0978262499999687],[112.69138937800005,-7.0978261509999356],[112.69138934500006,-7.0978171089999478],[112.69142555200006,-7.0978169769999795],[112.69142551900006,-7.0978079349999348],[112.69147077800005,-7.0978077699999744],[112.69147074500006,-7.0977987279999297],[112.69147979600007,-7.0977986949999377],[112.69147976300007,-7.0977896529999498],[112.69149786700007,-7.0977895869999656],[112.69149783400007,-7.0977805449999778],[112.69151593700008,-7.0977804789999368],[112.69151590400008,-7.0977714369999489],[112.69152495600008,-7.0977714039999569],[112.69152492300009,-7.097762361999969],[112.69154302600009,-7.097762295999928],[112.6915429930001,-7.0977532539999402],[112.6915701480001,-7.097753154999964],[112.6915701150001,-7.0977441129999761],[112.6915791670001,-7.0977440799999272],[112.69157913400011,-7.0977350379999393],[112.6915881860001,-7.0977350049999473],[112.69158815300011,-7.0977259629999594],[112.69160625600011,-7.0977258969999752],[112.69160628900011,-7.0977349389999631],[112.6916334440001,-7.09773483999993],[112.69163341100011,-7.0977257979999422],[112.69164246300011,-7.0977257649999501],[112.69164243000012,-7.0977167229999623],[112.69166053300012,-7.0977166569999781],[112.69166056600011,-7.097725698999966],[112.69166961800011,-7.0977256659999739],[112.69166958500011,-7.0977166239999292],[112.69167863700011,-7.0977165909999371],[112.69167860400012,-7.0977075489999493],[112.69169670700001,-7.0977074829999651],[112.69169674000011,-7.097716524999953],[112.69170579200011,-7.0977164919999609],[112.6917058250001,-7.0977255339999488],[112.69171487700009,-7.0977255009999567],[112.69171491000009,-7.0977345429999446],[112.69173301300009,-7.0977344769999604],[112.6917329800001,-7.0977254349999725],[112.6917239280001,-7.0977254679999646],[112.69172389500011,-7.0977164259999768],[112.6917419990001,-7.0977163599999358],[112.69174213100007,-7.097752527999944],[112.69175118200008,-7.097752494999952],[112.69175121500007,-7.0977615369999398],[112.69174216400006,-7.0977615699999319],[112.69174219700005,-7.0977706119999766],[112.69172409300006,-7.0977706779999608],[112.69172412600005,-7.0977797199999486],[112.69173317800005,-7.0977796869999565],[112.69173324400003,-7.0977977709999323],[112.69171514100003,-7.0977978369999732],[112.69171517400002,-7.0978068789999611],[112.69169707000003,-7.0978069449999452],[112.69169710300002,-7.0978159869999331],[112.69172425900001,-7.0978158879999569],[112.69172429200012,-7.0978249299999447],[112.69173334300001,-7.0978248969999527],[112.69173331000002,-7.0978158549999648],[112.69174236200001,-7.0978158219999727],[112.69174229600003,-7.0977977379999402],[112.69176039900003,-7.097797671999956],[112.69176036600004,-7.0977886299999682],[112.69178752100004,-7.0977885309999351],[112.69178748800005,-7.0977794889999473],[112.69181464400003,-7.097779389999971],[112.69181461000005,-7.0977703479999263],[112.69182366200005,-7.0977703149999343],[112.69182362900006,-7.0977612729999464],[112.69180552600005,-7.0977613389999306],[112.69180549300006,-7.0977522969999427],[112.69179644100006,-7.0977523299999348],[112.6917963090001,-7.0977161619999265],[112.6918144120001,-7.0977160959999424],[112.69181437900011,-7.0977070539999545],[112.6918505860001,-7.0977069219999294],[112.69185061900009,-7.0977159639999741],[112.69185967100009,-7.0977159309999251],[112.69185970400008,-7.0977249729999699],[112.69187780700008,-7.0977249069999289],[112.69187784000007,-7.0977339489999736],[112.69188689200007,-7.0977339159999815],[112.69188685900008,-7.0977248739999368],[112.69190496200008,-7.0977248079999526],[112.69190506200005,-7.0977519339999731],[112.69192316500005,-7.0977518679999321],[112.69192313200006,-7.0977428259999442],[112.69193218400005,-7.0977427929999521],[112.69193215100006,-7.0977337509999643],[112.69194120200007,-7.0977337179999722],[112.69194116900007,-7.0977246759999275],[112.69195022100007,-7.0977246429999354],[112.69195025400006,-7.0977336849999801],[112.69201361600005,-7.0977334539999788],[112.69201358300006,-7.0977244119999341],[112.69203168600006,-7.0977243459999499],[112.69203162000008,-7.0977062619999742],[112.69204067200008,-7.0977062289999253],[112.69204070500007,-7.09771527099997],[112.69205880800007,-7.097715204999929],[112.69205877500008,-7.0977061629999412],[112.69208593100007,-7.097706063999965],[112.69208589700008,-7.0976970219999771],[112.69214925900008,-7.0976967909999757],[112.69214922600008,-7.097687748999931],[112.69216733000007,-7.0976876829999469],[112.69216729700008,-7.0976786419999485],[112.69217634800009,-7.0976786089999564],[112.6921762820001,-7.0976605249999807],[112.6921853340001,-7.0976604919999318],[112.69218530100011,-7.0976514499999439],[112.69220340400011,-7.0976513839999598],[112.69220337100001,-7.0976423419999719],[112.69221242300011,-7.0976423089999798],[112.69221215900006,-7.0975699729999633],[112.69222121100006,-7.0975699399999712],[112.6922210780001,-7.0975337719999629],[112.6922301300001,-7.0975337389999709],[112.69223003100001,-7.0975066129999504],[112.69223908300012,-7.0975065799999584],[112.69223888400006,-7.0974523289999638],[112.69222983300006,-7.0974523619999559],[112.69222973400008,-7.0974252359999355],[112.69222068200008,-7.0974252689999275],[112.69222064900009,-7.0974162269999397],[112.6922115970001,-7.0974162599999318],[112.6922115640001,-7.0974072179999439],[112.69220251200011,-7.097407250999936],[112.69220247900012,-7.0973982089999481],[112.69219342800011,-7.0973982419999402],[112.69219336200001,-7.0973801579999645],[112.69218431000002,-7.0973801909999565],[112.69218427700002,-7.0973711489999687],[112.69216617300003,-7.0973712149999528],[112.69216614000004,-7.097362172999965],[112.69213898500004,-7.0973622719999412],[112.69213901800003,-7.097371313999929],[112.69212091500003,-7.09737137999997],[112.69212094800002,-7.0973804219999579],[112.69211189600003,-7.09738045499995],[112.69211192900002,-7.0973894969999378],[112.69210287800001,-7.0973895299999299],[112.69210294400011,-7.0974076139999625],[112.69208484000001,-7.0974076799999466],[112.69208487300011,-7.0974167219999345],[112.69207582200011,-7.0974167549999265],[112.6920758550001,-7.0974257969999712],[112.69205775100011,-7.0974258629999554],[112.6920577840001,-7.0974349049999432],[112.69204873300009,-7.0974349379999353],[112.69204876600008,-7.09744397999998],[112.69203971400009,-7.0974440129999721],[112.69203974700008,-7.0974530549999599],[112.69203069500008,-7.097453087999952],[112.69203072800008,-7.0974621299999399],[112.69201262500007,-7.0974621959999808],[112.69201269100006,-7.0974802799999566],[112.69200363900006,-7.0974803129999486],[112.69200367200006,-7.0974893549999365],[112.69197651700006,-7.0974894539999696],[112.69197655000005,-7.097498494999968],[112.69195844700005,-7.0974985609999521],[112.69195848000004,-7.09750760299994],[112.69194942800004,-7.0975076359999321],[112.69194946100004,-7.0975166779999768],[112.69193135800003,-7.0975167439999609],[112.69193139100003,-7.0975257859999488],[112.69192233900003,-7.0975258189999408],[112.69192243800001,-7.0975529449999613],[112.69190433500012,-7.0975530109999454],[112.69190436800011,-7.0975620529999333],[112.69185649100007,-7.0975622279999584],[112.6918500920001,-7.0975715999999807],[112.6918501240001,-7.0975803349999751],[112.6918591750001,-7.0975803019999262],[112.69185927400008,-7.0976074279999466],[112.69175970600008,-7.0976077909999731],[112.69175977200007,-7.0976258749999488],[112.69174166800008,-7.0976259409999329],[112.69174163500008,-7.0976168989999451],[112.69173258400008,-7.0976169319999372],[112.69173268300005,-7.0976440579999576],[112.69174173400006,-7.0976440249999655],[112.69174186600003,-7.0976801929999738],[112.69173281500002,-7.0976802259999658],[112.69173284800002,-7.0976892679999537],[112.69177810600002,-7.0976891029999365],[112.69177807300002,-7.0976800609999486],[112.69176902200002,-7.0976800939999407],[112.69176898900002,-7.0976710519999529],[112.69175993700003,-7.0976710849999449],[112.69175990400004,-7.0976620429999571],[112.69178705900003,-7.0976619439999808],[112.69178719100012,-7.0976981119999323],[112.69176908800011,-7.0976981779999733],[112.69176912100011,-7.0977072189999717],[112.69176006900011,-7.0977072519999638],[112.69176003600001,-7.0976982109999653],[112.69173288100001,-7.0976983099999416],[112.69173284800002,-7.0976892679999537]],[[112.69130745000007,-7.0976998599999774],[112.69126219200007,-7.0977000249999378],[112.69126212600008,-7.0976819409999621],[112.69128022900009,-7.0976818749999779],[112.69128026200008,-7.0976909169999658],[112.69130741700008,-7.0976908179999327],[112.69130745000007,-7.0976998599999774]],[[112.6910901760001,-7.0976916099999698],[112.6910720730001,-7.097691675999954],[112.69107204000011,-7.0976826339999661],[112.69109014300011,-7.0976825679999251],[112.6910901760001,-7.0976916099999698]],[[112.69112621800002,-7.0976462679999486],[112.69109906300002,-7.0976463669999248],[112.69109909600002,-7.0976554089999695],[112.69109004400002,-7.0976554419999616],[112.69108997800004,-7.097637357999929],[112.69112618500003,-7.0976372259999607],[112.69112621800002,-7.0976462679999486]],[[112.69139763700002,-7.0976091109999402],[112.69127091300004,-7.0976095729999429],[112.69127084700006,-7.0975914889999672],[112.69127989900005,-7.0975914559999751],[112.69127983300007,-7.0975733719999425],[112.69127078100007,-7.0975734049999346],[112.69127074800008,-7.0975643629999468],[112.69126169600008,-7.0975643959999388],[112.69126166300009,-7.097555353999951],[112.69125261200008,-7.097555386999943],[112.6912525460001,-7.0975373029999673],[112.69126159700011,-7.0975372699999753],[112.69126156400011,-7.0975282279999306],[112.69127061600011,-7.0975281949999385],[112.691270583,-7.0975191529999506],[112.69128868700011,-7.0975190869999665],[112.69128865300002,-7.0975100449999786],[112.69129770500001,-7.0975100119999297],[112.69129767200002,-7.0975009699999418],[112.69130672400001,-7.0975009369999498],[112.69130669100002,-7.0974918949999619],[112.69131574300002,-7.0974918619999698],[112.69131577600001,-7.0975009039999577],[112.69132482700002,-7.0975008709999656],[112.69132486000001,-7.0975099129999535],[112.69134296400011,-7.0975098469999693],[112.69134299700011,-7.0975188889999572],[112.69135204800011,-7.0975188559999651],[112.69135214800008,-7.0975459819999287],[112.69139740600008,-7.0975458169999683],[112.69139763700002,-7.0976091109999402]],[[112.69124290000002,-7.09737458099994],[112.69123384800002,-7.0973746139999321],[112.69123381500003,-7.0973655719999442],[112.69124286700003,-7.0973655389999522],[112.69124290000002,-7.09737458099994]],[[112.69035428100005,-7.0969528399999717],[112.69034522900006,-7.0969528729999638],[112.69034516300007,-7.0969347889999312],[112.69035421500007,-7.0969347559999392],[112.69035428100005,-7.0969528399999717]],[[112.69034513000008,-7.0969257469999434],[112.69033607900008,-7.0969257799999355],[112.69033604600008,-7.0969167379999476],[112.69034509700009,-7.0969167049999555],[112.69034513000008,-7.0969257469999434]],[[112.6903359800001,-7.0968986539999719],[112.6903269280001,-7.096898686999964],[112.69032689500011,-7.0968896449999761],[112.69033594700011,-7.0968896119999272],[112.6903359800001,-7.0968986539999719]],[[112.69029055600004,-7.0968536089999361],[112.69028150400004,-7.0968536419999282],[112.69028147100005,-7.0968445999999403],[112.69029052300004,-7.0968445669999483],[112.69029055600004,-7.0968536089999361]],[[112.68979581400004,-7.0977053669999464],[112.68980486600003,-7.0977053339999543],[112.68980493200002,-7.09772341799993],[112.68979588000002,-7.0977234509999789],[112.68979581400004,-7.0977053669999464]],[[112.69045566500006,-7.0974497849999807],[112.69045559900007,-7.0974317019999376],[112.69047370200008,-7.0974316359999534],[112.69047376800006,-7.0974497199999291],[112.69045566500006,-7.0974497849999807]],[[112.69176935200005,-7.0977705129999435],[112.69177840400005,-7.0977704799999515],[112.69177843700004,-7.0977795219999393],[112.69176938500004,-7.0977795549999314],[112.69176935200005,-7.0977705129999435]],[[112.69180519500003,-7.0976709199999277],[112.69179614400002,-7.0976709529999766],[112.69179611100003,-7.0976619109999319],[112.69180516200004,-7.0976618779999399],[112.69180519500003,-7.0976709199999277]],[[112.69182326600003,-7.0976618119999557],[112.69181421400003,-7.0976618449999478],[112.69181418100004,-7.0976528029999599],[112.69184133600004,-7.0976527039999269],[112.69184136900003,-7.0976617459999716],[112.69183231700003,-7.0976617789999636],[112.69183235100002,-7.0976708209999515],[112.69182329900002,-7.0976708539999436],[112.69182326600003,-7.0976618119999557]],[[112.69176892200005,-7.0976529679999771],[112.69175081900005,-7.0976530339999613],[112.69175075300006,-7.0976349499999287],[112.69175980500006,-7.0976349169999366],[112.69175983800005,-7.0976439589999814],[112.69176888900006,-7.0976439259999324],[112.69176892200005,-7.0976529679999771]]]},"properties":{"OBJECTID":27532,"FID_mangrove_utm":27440,"OBJECTID_1":27440,"Name":"18102566,9293","FolderPath":"JATIM/JATIM","SymbolID":0,"AltMode":0,"Base":0,"Clamped":-1,"Extruded":0,"Snippet":"","PopupInfo":"\u003chtml xmlns:fo=\"http://www.w3.org/1999/XSL/Format\" xmlns:msxsl=\"urn:schemas-microsoft-com:xslt\"\u003e\n\u003chead\u003e\n\u003cMETA http-equiv=\"Content-Type\" content=\"text/html\"\u003e\n\u003cmeta http-equiv=\"content-type\" content=\"text/html; charset=UTF-8\"\u003e\n\u003c/head\u003e\n\u003cbody style=\"margin:0px 0px 0px 0px;overflow:auto;background:#FFFFFF;\"\u003e\n\u003ctable style=\"font-family:Arial,Verdana,Times;font-size:12px;text-align:left;width:100%;border-collapse:collapse;padding:3px 3px 3px 3px\"\u003e\n\u003ctr style=\"text-align:center;font-weight:bold;background:#9CBCE2\"\u003e\n\u003ctd\u003e18102566,9293\u003c/td\u003e\n\u003c/tr\u003e\n\u003ctr\u003e\n\u003ctd\u003e\n\u003ctable style=\"font-family:Arial,Verdana,Times;font-size:12px;text-align:left;width:100%;border-spacing:0px; padding:3px 3px 3px 3px\"\u003e\n\u003ctr\u003e\n\u003ctd\u003eFID\u003c/td\u003e\n\u003ctd\u003e0\u003c/td\u003e\n\u003c/tr\u003e\n\u003ctr bgcolor=\"#D4E4F3\"\u003e\n\u003ctd\u003eShape_Leng\u003c/td\u003e\n\u003ctd\u003e18102566,9293\u003c/td\u003e\n\u003c/tr\u003e\n\u003c/table\u003e\n\u003c/td\u003e\n\u003c/tr\u003e\n\u003c/table\u003e\n\u003c/body\u003e\u003cscript type=\"text/javascript\"\u003e\n\t\t\t\tfunction changeImage(attElement, nameElement) {\n\t\t\t\tdocument.getElementById('imageAttachment').src = attElement;\n\t\t\t\tdocument.getElementById('imageName').innerHTML = nameElement;}\n\t\t\t\u003c/script\u003e\u003c/html\u003e\n","FID_active_grids":150,"GridID":"M01","Shape_Length":0.017593480691272721,"Shape_Area":1.4175365875469521e-06}},{"type":"Feature","id":27533,"geometry":{"type":"Polygon","coordinates":[[[112.70370389800007,-7.0964700099999618],[112.70369484600008,-7.0964700429999539],[112.70369487900007,-7.0964790849999417],[112.70370393100006,-7.0964790519999497],[112.70370389800007,-7.0964700099999618]]]},"properties":{"OBJECTID":27533,"FID_mangrove_utm":27441,"OBJECTID_1":27441,"Name":"18102566,9293","FolderPath":"JATIM/JATIM","SymbolID":0,"AltMode":0,"Base":0,"Clamped":-1,"Extruded":0,"Snippet":"","PopupInfo":"\u003chtml xmlns:fo=\"http://www.w3.org/1999/XSL/Format\" xmlns:msxsl=\"urn:schemas-microsoft-com:xslt\"\u003e\n\u003chead\u003e\n\u003cMETA http-equiv=\"Content-Type\" content=\"text/html\"\u003e\n\u003cmeta http-equiv=\"content-type\" content=\"text/html; charset=UTF-8\"\u003e\n\u003c/head\u003e\n\u003cbody style=\"margin:0px 0px 0px 0px;overflow:auto;background:#FFFFFF;\"\u003e\n\u003ctable style=\"font-family:Arial,Verdana,Times;font-size:12px;text-align:left;width:100%;border-collapse:collapse;padding:3px 3px 3px 3px\"\u003e\n\u003ctr style=\"text-align:center;font-weight:bold;background:#9CBCE2\"\u003e\n\u003ctd\u003e18102566,9293\u003c/td\u003e\n\u003c/tr\u003e\n\u003ctr\u003e\n\u003ctd\u003e\n\u003ctable style=\"font-family:Arial,Verdana,Times;font-size:12px;text-align:left;width:100%;border-spacing:0px; padding:3px 3px 3px 3px\"\u003e\n\u003ctr\u003e\n\u003ctd\u003eFID\u003c/td\u003e\n\u003ctd\u003e0\u003c/td\u003e\n\u003c/tr\u003e\n\u003ctr bgcolor=\"#D4E4F3\"\u003e\n\u003ctd\u003eShape_Leng\u003c/td\u003e\n\u003ctd\u003e18102566,9293\u003c/td\u003e\n\u003c/tr\u003e\n\u003c/table\u003e\n\u003c/td\u003e\n\u003c/tr\u003e\n\u003c/table\u003e\n\u003c/body\u003e\u003cscript type=\"text/javascript\"\u003e\n\t\t\t\tfunction changeImage(attElement, nameElement) {\n\t\t\t\tdocument.getElementById('imageAttachment').src = attElement;\n\t\t\t\tdocument.getElementById('imageName').innerHTML = nameElement;}\n\t\t\t\u003c/script\u003e\u003c/html\u003e\n","FID_active_grids":150,"GridID":"M01","Shape_Length":3.6188240709241466e-05,"Shape_Area":8.1849272851502786e-11}},{"type":"Feature","id":27534,"geometry":{"type":"Polygon","coordinates":[[[112.70370389800007,-7.0964700099999618],[112.70373105300007,-7.0964699099999393],[112.70373108600006,-7.0964789519999272],[112.70374918900006,-7.096478885999943],[112.70374922200006,-7.0964879279999309],[112.70376490000001,-7.0964878699999758],[112.70371407300001,-7.0964518889999795],[112.70371288300009,-7.0964518929999372],[112.70371291600009,-7.096460934999925],[112.70370386400009,-7.0964609679999739],[112.70370389800007,-7.0964700099999618]]]},"properties":{"OBJECTID":27534,"FID_mangrove_utm":27442,"OBJECTID_1":27442,"Name":"18102566,9293","FolderPath":"JATIM/JATIM","SymbolID":0,"AltMode":0,"Base":0,"Clamped":-1,"Extruded":0,"Snippet":"","PopupInfo":"\u003chtml xmlns:fo=\"http://www.w3.org/1999/XSL/Format\" xmlns:msxsl=\"urn:schemas-microsoft-com:xslt\"\u003e\n\u003chead\u003e\n\u003cMETA http-equiv=\"Content-Type\" content=\"text/html\"\u003e\n\u003cmeta http-equiv=\"content-type\" content=\"text/html; charset=UTF-8\"\u003e\n\u003c/head\u003e\n\u003cbody style=\"margin:0px 0px 0px 0px;overflow:auto;background:#FFFFFF;\"\u003e\n\u003ctable style=\"font-family:Arial,Verdana,Times;font-size:12px;text-align:left;width:100%;border-collapse:collapse;padding:3px 3px 3px 3px\"\u003e\n\u003ctr style=\"text-align:center;font-weight:bold;background:#9CBCE2\"\u003e\n\u003ctd\u003e18102566,9293\u003c/td\u003e\n\u003c/tr\u003e\n\u003ctr\u003e\n\u003ctd\u003e\n\u003ctable style=\"font-family:Arial,Verdana,Times;font-size:12px;text-align:left;width:100%;border-spacing:0px; padding:3px 3px 3px 3px\"\u003e\n\u003ctr\u003e\n\u003ctd\u003eFID\u003c/td\u003e\n\u003ctd\u003e0\u003c/td\u003e\n\u003c/tr\u003e\n\u003ctr bgcolor=\"#D4E4F3\"\u003e\n\u003ctd\u003eShape_Leng\u003c/td\u003e\n\u003ctd\u003e18102566,9293\u003c/td\u003e\n\u003c/tr\u003e\n\u003c/table\u003e\n\u003c/td\u003e\n\u003c/tr\u003e\n\u003c/table\u003e\n\u003c/body\u003e\u003cscript type=\"text/javascript\"\u003e\n\t\t\t\tfunction changeImage(attElement, nameElement) {\n\t\t\t\tdocument.getElementById('imageAttachment').src = attElement;\n\t\t\t\tdocument.getElementById('imageName').innerHTML = nameElement;}\n\t\t\t\u003c/script\u003e\u003c/html\u003e\n","FID_active_grids":150,"GridID":"M01","Shape_Length":0.00016962044369514889,"Shape_Area":5.5056330266482244e-10}},{"type":"Feature","id":27538,"geometry":{"type":"Polygon","coordinates":[[[112.7050242040001,-7.0961306069999637],[112.70502418700005,-7.0961260339999512],[112.70501513700003,-7.0961265989999447],[112.7050151520001,-7.0961306399999557],[112.7050242040001,-7.0961306069999637]]]},"properties":{"OBJECTID":27538,"FID_mangrove_utm":27446,"OBJECTID_1":27446,"Name":"18102566,9293","FolderPath":"JATIM/JATIM","SymbolID":0,"AltMode":0,"Base":0,"Clamped":-1,"Extruded":0,"Snippet":"","PopupInfo":"\u003chtml xmlns:fo=\"http://www.w3.org/1999/XSL/Format\" xmlns:msxsl=\"urn:schemas-microsoft-com:xslt\"\u003e\n\u003chead\u003e\n\u003cMETA http-equiv=\"Content-Type\" content=\"text/html\"\u003e\n\u003cmeta http-equiv=\"content-type\" content=\"text/html; charset=UTF-8\"\u003e\n\u003c/head\u003e\n\u003cbody style=\"margin:0px 0px 0px 0px;overflow:auto;background:#FFFFFF;\"\u003e\n\u003ctable style=\"font-family:Arial,Verdana,Times;font-size:12px;text-align:left;width:100%;border-collapse:collapse;padding:3px 3px 3px 3px\"\u003e\n\u003ctr style=\"text-align:center;font-weight:bold;background:#9CBCE2\"\u003e\n\u003ctd\u003e18102566,9293\u003c/td\u003e\n\u003c/tr\u003e\n\u003ctr\u003e\n\u003ctd\u003e\n\u003ctable style=\"font-family:Arial,Verdana,Times;font-size:12px;text-align:left;width:100%;border-spacing:0px; padding:3px 3px 3px 3px\"\u003e\n\u003ctr\u003e\n\u003ctd\u003eFID\u003c/td\u003e\n\u003ctd\u003e0\u003c/td\u003e\n\u003c/tr\u003e\n\u003ctr bgcolor=\"#D4E4F3\"\u003e\n\u003ctd\u003eShape_Leng\u003c/td\u003e\n\u003ctd\u003e18102566,9293\u003c/td\u003e\n\u003c/tr\u003e\n\u003c/table\u003e\n\u003c/td\u003e\n\u003c/tr\u003e\n\u003c/table\u003e\n\u003c/body\u003e\u003cscript type=\"text/javascript\"\u003e\n\t\t\t\tfunction changeImage(attElement, nameElement) {\n\t\t\t\tdocument.getElementById('imageAttachment').src = attElement;\n\t\t\t\tdocument.getElementById('imageName').innerHTML = nameElement;}\n\t\t\t\u003c/script\u003e\u003c/html\u003e\n","FID_active_grids":150,"GridID":"M01","Shape_Length":2.6733739214801255e-05,"Shape_Area":3.8987441151039537e-11}},{"type":"Feature","id":27539,"geometry":{"type":"Polygon","coordinates":[[[112.70505135800011,-7.0961305069999412],[112.70505133600011,-7.0961243369999352],[112.70504228600009,-7.0961249019999286],[112.7050423070001,-7.0961305409999795],[112.70505135800011,-7.0961305069999412]]]},"properties":{"OBJECTID":27539,"FID_mangrove_utm":27447,"OBJECTID_1":27447,"Name":"18102566,9293","FolderPath":"JATIM/JATIM","SymbolID":0,"AltMode":0,"Base":0,"Clamped":-1,"Extruded":0,"Snippet":"","PopupInfo":"\u003chtml xmlns:fo=\"http://www.w3.org/1999/XSL/Format\" xmlns:msxsl=\"urn:schemas-microsoft-com:xslt\"\u003e\n\u003chead\u003e\n\u003cMETA http-equiv=\"Content-Type\" content=\"text/html\"\u003e\n\u003cmeta http-equiv=\"content-type\" content=\"text/html; charset=UTF-8\"\u003e\n\u003c/head\u003e\n\u003cbody style=\"margin:0px 0px 0px 0px;overflow:auto;background:#FFFFFF;\"\u003e\n\u003ctable style=\"font-family:Arial,Verdana,Times;font-size:12px;text-align:left;width:100%;border-collapse:collapse;padding:3px 3px 3px 3px\"\u003e\n\u003ctr style=\"text-align:center;font-weight:bold;background:#9CBCE2\"\u003e\n\u003ctd\u003e18102566,9293\u003c/td\u003e\n\u003c/tr\u003e\n\u003ctr\u003e\n\u003ctd\u003e\n\u003ctable style=\"font-family:Arial,Verdana,Times;font-size:12px;text-align:left;width:100%;border-spacing:0px; padding:3px 3px 3px 3px\"\u003e\n\u003ctr\u003e\n\u003ctd\u003eFID\u003c/td\u003e\n\u003ctd\u003e0\u003c/td\u003e\n\u003c/tr\u003e\n\u003ctr bgcolor=\"#D4E4F3\"\u003e\n\u003ctd\u003eShape_Leng\u003c/td\u003e\n\u003ctd\u003e18102566,9293\u003c/td\u003e\n\u003c/tr\u003e\n\u003c/table\u003e\n\u003c/td\u003e\n\u003c/tr\u003e\n\u003c/table\u003e\n\u003c/body\u003e\u003cscript type=\"text/javascript\"\u003e\n\t\t\t\tfunction changeImage(attElement, nameElement) {\n\t\t\t\tdocument.getElementById('imageAttachment').src = attElement;\n\t\t\t\tdocument.getElementById('imageName').innerHTML = nameElement;}\n\t\t\t\u003c/script\u003e\u003c/html\u003e\n","FID_active_grids":150,"GridID":"M01","Shape_Length":2.9927761852924226e-05,"Shape_Area":5.3445116826765838e-11}},{"type":"Feature","id":27541,"geometry":{"type":"Polygon","coordinates":[[[112.70496996000008,-7.0961488899999381],[112.70496982700001,-7.0961127229999761],[112.7049738610001,-7.0961127079999642],[112.70493536700008,-7.0960982729999387],[112.70481167800006,-7.0961411359999715],[112.70455318800009,-7.0964759339999546],[112.70457288700004,-7.0964758609999308],[112.70457282100006,-7.0964577779999445],[112.70458187200006,-7.096457743999963],[112.70458183900007,-7.0964487029999646],[112.70461804500007,-7.09644856999995],[112.70461801200008,-7.0964395279999621],[112.70463611500008,-7.0964394609999317],[112.7046360490001,-7.096421376999956],[112.70464510000011,-7.0964213439999639],[112.70464496700004,-7.0963851769999451],[112.70466307100003,-7.0963851099999715],[112.70466303700005,-7.0963760679999268],[112.70468114100004,-7.0963760019999427],[112.70468110700006,-7.0963669599999548],[112.70473541700005,-7.0963667599999667],[112.70473538400006,-7.0963577179999788],[112.70474443500007,-7.0963576849999299],[112.70474440200007,-7.0963486429999421],[112.70475345400007,-7.09634860999995],[112.70475342000009,-7.0963395679999621],[112.70477152400008,-7.096339501999978],[112.70477145700011,-7.0963214179999454],[112.7047805090001,-7.0963213849999534],[112.70478047500001,-7.0963123429999655],[112.70478952700012,-7.0963123089999272],[112.70478946100002,-7.0962942259999409],[112.70480756400002,-7.0962941589999673],[112.70480753000004,-7.0962851169999794],[112.70481658200003,-7.0962850839999305],[112.70481654900004,-7.0962760419999427],[112.70482560000005,-7.0962760089999506],[112.70482556700006,-7.0962669669999627],[112.70483461900005,-7.0962669339999707],[112.70483455200008,-7.0962488499999381],[112.70487075900007,-7.0962487169999804],[112.70487072500009,-7.0962396749999357],[112.70488882900008,-7.0962396089999515],[112.7048887950001,-7.0962305669999637],[112.7049612080001,-7.0962303009999346],[112.70496117500011,-7.0962212589999467],[112.70498833000011,-7.0962211589999811],[112.70498829700011,-7.0962121169999364],[112.70500640000012,-7.0962120509999522],[112.70500636700001,-7.0962030089999644],[112.70506972800001,-7.0962027759999273],[112.705069761,-7.096211817999972],[112.70509691600012,-7.0962117179999495],[112.70509688300001,-7.0962026759999617],[112.70510593400002,-7.0962026429999696],[112.70510590100002,-7.0961936009999249],[112.70511495300002,-7.0961935679999328],[112.70511491900004,-7.096184525999945],[112.70513302300003,-7.0961844589999714],[112.70513292300006,-7.0961573339999404],[112.70514197400007,-7.0961573009999483],[112.70514177500002,-7.0961030489999644],[112.70515082600002,-7.0961030159999723],[112.70515066700011,-7.0960598239999513],[112.70514475900006,-7.0960792369999695],[112.70508765200009,-7.0961220669999534],[112.70506038500002,-7.0961237709999523],[112.7050604100001,-7.0961304739999491],[112.7050694620001,-7.096130440999957],[112.70506949500009,-7.0961394829999449],[112.70506044300009,-7.096139515999937],[112.70506047700007,-7.0961485579999248],[112.70503332200008,-7.0961486579999473],[112.70503335500007,-7.0961576999999352],[112.70502430300007,-7.0961577329999272],[112.70502433700005,-7.0961667749999719],[112.70501528500006,-7.096166807999964],[112.70501521800009,-7.0961487239999315],[112.70499711500008,-7.0961487909999619],[112.70499708200009,-7.096139748999974],[112.7049880300001,-7.0961397819999661],[112.70498806400008,-7.0961488239999539],[112.70496996000008,-7.0961488899999381],[112.70496999400007,-7.0961579319999259],[112.70496094200007,-7.0961579659999643],[112.70496090900008,-7.0961489239999764],[112.70496996000008,-7.0961488899999381]],[[112.70509665000009,-7.0961393829999793],[112.70508759800009,-7.0961394159999713],[112.7050875650001,-7.0961303739999266],[112.70509661600011,-7.0961303409999346],[112.70509665000009,-7.0961393829999793]]]},"properties":{"OBJECTID":27541,"FID_mangrove_utm":27449,"OBJECTID_1":27449,"Name":"18102566,9293","FolderPath":"JATIM/JATIM","SymbolID":0,"AltMode":0,"Base":0,"Clamped":-1,"Extruded":0,"Snippet":"","PopupInfo":"\u003chtml xmlns:fo=\"http://www.w3.org/1999/XSL/Format\" xmlns:msxsl=\"urn:schemas-microsoft-com:xslt\"\u003e\n\u003chead\u003e\n\u003cMETA http-equiv=\"Content-Type\" content=\"text/html\"\u003e\n\u003cmeta http-equiv=\"content-type\" content=\"text/html; charset=UTF-8\"\u003e\n\u003c/head\u003e\n\u003cbody style=\"margin:0px 0px 0px 0px;overflow:auto;background:#FFFFFF;\"\u003e\n\u003ctable style=\"font-family:Arial,Verdana,Times;font-size:12px;text-align:left;width:100%;border-collapse:collapse;padding:3px 3px 3px 3px\"\u003e\n\u003ctr style=\"text-align:center;font-weight:bold;background:#9CBCE2\"\u003e\n\u003ctd\u003e18102566,9293\u003c/td\u003e\n\u003c/tr\u003e\n\u003ctr\u003e\n\u003ctd\u003e\n\u003ctable style=\"font-family:Arial,Verdana,Times;font-size:12px;text-align:left;width:100%;border-spacing:0px; padding:3px 3px 3px 3px\"\u003e\n\u003ctr\u003e\n\u003ctd\u003eFID\u003c/td\u003e\n\u003ctd\u003e0\u003c/td\u003e\n\u003c/tr\u003e\n\u003ctr bgcolor=\"#D4E4F3\"\u003e\n\u003ctd\u003eShape_Leng\u003c/td\u003e\n\u003ctd\u003e18102566,9293\u003c/td\u003e\n\u003c/tr\u003e\n\u003c/table\u003e\n\u003c/td\u003e\n\u003c/tr\u003e\n\u003c/table\u003e\n\u003c/body\u003e\u003cscript type=\"text/javascript\"\u003e\n\t\t\t\tfunction changeImage(attElement, nameElement) {\n\t\t\t\tdocument.getElementById('imageAttachment').src = attElement;\n\t\t\t\tdocument.getElementById('imageName').innerHTML = nameElement;}\n\t\t\t\u003c/script\u003e\u003c/html\u003e\n","FID_active_grids":150,"GridID":"M01","Shape_Length":0.0020452284886029576,"Shape_Area":5.2141492027383147e-08}},{"type":"Feature","id":27545,"geometry":{"type":"Polygon","coordinates":[[[112.70516856300003,-7.0960034889999406],[112.70517761500003,-7.0960034549999591],[112.70517749800001,-7.0959716679999474],[112.70516505700004,-7.0960125429999721],[112.70516859700001,-7.096012529999939],[112.70516856300003,-7.0960034889999406]]]},"properties":{"OBJECTID":27545,"FID_mangrove_utm":27453,"OBJECTID_1":27453,"Name":"18102566,9293","FolderPath":"JATIM/JATIM","SymbolID":0,"AltMode":0,"Base":0,"Clamped":-1,"Extruded":0,"Snippet":"","PopupInfo":"\u003chtml xmlns:fo=\"http://www.w3.org/1999/XSL/Format\" xmlns:msxsl=\"urn:schemas-microsoft-com:xslt\"\u003e\n\u003chead\u003e\n\u003cMETA http-equiv=\"Content-Type\" content=\"text/html\"\u003e\n\u003cmeta http-equiv=\"content-type\" content=\"text/html; charset=UTF-8\"\u003e\n\u003c/head\u003e\n\u003cbody style=\"margin:0px 0px 0px 0px;overflow:auto;background:#FFFFFF;\"\u003e\n\u003ctable style=\"font-family:Arial,Verdana,Times;font-size:12px;text-align:left;width:100%;border-collapse:collapse;padding:3px 3px 3px 3px\"\u003e\n\u003ctr style=\"text-align:center;font-weight:bold;background:#9CBCE2\"\u003e\n\u003ctd\u003e18102566,9293\u003c/td\u003e\n\u003c/tr\u003e\n\u003ctr\u003e\n\u003ctd\u003e\n\u003ctable style=\"font-family:Arial,Verdana,Times;font-size:12px;text-align:left;width:100%;border-spacing:0px; padding:3px 3px 3px 3px\"\u003e\n\u003ctr\u003e\n\u003ctd\u003eFID\u003c/td\u003e\n\u003ctd\u003e0\u003c/td\u003e\n\u003c/tr\u003e\n\u003ctr bgcolor=\"#D4E4F3\"\u003e\n\u003ctd\u003eShape_Leng\u003c/td\u003e\n\u003ctd\u003e18102566,9293\u003c/td\u003e\n\u003c/tr\u003e\n\u003c/table\u003e\n\u003c/td\u003e\n\u003c/tr\u003e\n\u003c/table\u003e\n\u003c/body\u003e\u003cscript type=\"text/javascript\"\u003e\n\t\t\t\tfunction changeImage(attElement, nameElement) {\n\t\t\t\tdocument.getElementById('imageAttachment').src = attElement;\n\t\t\t\tdocument.getElementById('imageName').innerHTML = nameElement;}\n\t\t\t\u003c/script\u003e\u003c/html\u003e\n","FID_active_grids":150,"GridID":"M01","Shape_Length":9.6146753494061007e-05,"Shape_Area":1.7520620951014967e-10}},{"type":"Feature","id":27546,"geometry":{"type":"Polygon","coordinates":[[[112.68731856600004,-7.0960325499999612],[112.68731854400005,-7.096026783999946],[112.68730948300004,-7.0960240899999576],[112.68730951400005,-7.0960325829999533],[112.68731856600004,-7.0960325499999612]]]},"properties":{"OBJECTID":27546,"FID_mangrove_utm":27454,"OBJECTID_1":27454,"Name":"18102566,9293","FolderPath":"JATIM/JATIM","SymbolID":0,"AltMode":0,"Base":0,"Clamped":-1,"Extruded":0,"Snippet":"","PopupInfo":"\u003chtml xmlns:fo=\"http://www.w3.org/1999/XSL/Format\" xmlns:msxsl=\"urn:schemas-microsoft-com:xslt\"\u003e\n\u003chead\u003e\n\u003cMETA http-equiv=\"Content-Type\" content=\"text/html\"\u003e\n\u003cmeta http-equiv=\"content-type\" content=\"text/html; charset=UTF-8\"\u003e\n\u003c/head\u003e\n\u003cbody style=\"margin:0px 0px 0px 0px;overflow:auto;background:#FFFFFF;\"\u003e\n\u003ctable style=\"font-family:Arial,Verdana,Times;font-size:12px;text-align:left;width:100%;border-collapse:collapse;padding:3px 3px 3px 3px\"\u003e\n\u003ctr style=\"text-align:center;font-weight:bold;background:#9CBCE2\"\u003e\n\u003ctd\u003e18102566,9293\u003c/td\u003e\n\u003c/tr\u003e\n\u003ctr\u003e\n\u003ctd\u003e\n\u003ctable style=\"font-family:Arial,Verdana,Times;font-size:12px;text-align:left;width:100%;border-spacing:0px; padding:3px 3px 3px 3px\"\u003e\n\u003ctr\u003e\n\u003ctd\u003eFID\u003c/td\u003e\n\u003ctd\u003e0\u003c/td\u003e\n\u003c/tr\u003e\n\u003ctr bgcolor=\"#D4E4F3\"\u003e\n\u003ctd\u003eShape_Leng\u003c/td\u003e\n\u003ctd\u003e18102566,9293\u003c/td\u003e\n\u003c/tr\u003e\n\u003c/table\u003e\n\u003c/td\u003e\n\u003c/tr\u003e\n\u003c/table\u003e\n\u003c/body\u003e\u003cscript type=\"text/javascript\"\u003e\n\t\t\t\tfunction changeImage(attElement, nameElement) {\n\t\t\t\tdocument.getElementById('imageAttachment').src = attElement;\n\t\t\t\tdocument.getElementById('imageName').innerHTML = nameElement;}\n\t\t\t\u003c/script\u003e\u003c/html\u003e\n","FID_active_grids":150,"GridID":"M01","Shape_Length":3.2764166543433084e-05,"Shape_Area":6.4533058580327561e-11}},{"type":"Feature","id":27548,"geometry":{"type":"Polygon","coordinates":[[[112.68730766100009,-7.0960235479999483],[112.68730042100003,-7.0960213959999692],[112.68730042900006,-7.0960235739999575],[112.68730766100009,-7.0960235479999483]]]},"properties":{"OBJECTID":27548,"FID_mangrove_utm":27456,"OBJECTID_1":27456,"Name":"18102566,9293","FolderPath":"JATIM/JATIM","SymbolID":0,"AltMode":0,"Base":0,"Clamped":-1,"Extruded":0,"Snippet":"","PopupInfo":"\u003chtml xmlns:fo=\"http://www.w3.org/1999/XSL/Format\" xmlns:msxsl=\"urn:schemas-microsoft-com:xslt\"\u003e\n\u003chead\u003e\n\u003cMETA http-equiv=\"Content-Type\" content=\"text/html\"\u003e\n\u003cmeta http-equiv=\"content-type\" content=\"text/html; charset=UTF-8\"\u003e\n\u003c/head\u003e\n\u003cbody style=\"margin:0px 0px 0px 0px;overflow:auto;background:#FFFFFF;\"\u003e\n\u003ctable style=\"font-family:Arial,Verdana,Times;font-size:12px;text-align:left;width:100%;border-collapse:collapse;padding:3px 3px 3px 3px\"\u003e\n\u003ctr style=\"text-align:center;font-weight:bold;background:#9CBCE2\"\u003e\n\u003ctd\u003e18102566,9293\u003c/td\u003e\n\u003c/tr\u003e\n\u003ctr\u003e\n\u003ctd\u003e\n\u003ctable style=\"font-family:Arial,Verdana,Times;font-size:12px;text-align:left;width:100%;border-spacing:0px; padding:3px 3px 3px 3px\"\u003e\n\u003ctr\u003e\n\u003ctd\u003eFID\u003c/td\u003e\n\u003ctd\u003e0\u003c/td\u003e\n\u003c/tr\u003e\n\u003ctr bgcolor=\"#D4E4F3\"\u003e\n\u003ctd\u003eShape_Leng\u003c/td\u003e\n\u003ctd\u003e18102566,9293\u003c/td\u003e\n\u003c/tr\u003e\n\u003c/table\u003e\n\u003c/td\u003e\n\u003c/tr\u003e\n\u003c/table\u003e\n\u003c/body\u003e\u003cscript type=\"text/javascript\"\u003e\n\t\t\t\tfunction changeImage(attElement, nameElement) {\n\t\t\t\tdocument.getElementById('imageAttachment').src = attElement;\n\t\t\t\tdocument.getElementById('imageName').innerHTML = nameElement;}\n\t\t\t\u003c/script\u003e\u003c/html\u003e\n","FID_active_grids":150,"GridID":"M01","Shape_Length":1.6963120745726087e-05,"Shape_Area":7.8757519909412735e-12}},{"type":"Feature","id":27549,"geometry":{"type":"Polygon","coordinates":[[[112.68728239200004,-7.0960417239999742],[112.68728235900005,-7.0960326819999295],[112.68729141000006,-7.0960326489999375],[112.68729136000002,-7.0960187019999807],[112.6872776140001,-7.0960146149999446],[112.68726418900008,-7.096014663999938],[112.68726425500006,-7.0960327479999705],[112.68727330700005,-7.0960327149999785],[112.68727334000005,-7.0960417569999663],[112.68728239200004,-7.0960417239999742]]]},"properties":{"OBJECTID":27549,"FID_mangrove_utm":27457,"OBJECTID_1":27457,"Name":"18102566,9293","FolderPath":"JATIM/JATIM","SymbolID":0,"AltMode":0,"Base":0,"Clamped":-1,"Extruded":0,"Snippet":"","PopupInfo":"\u003chtml xmlns:fo=\"http://www.w3.org/1999/XSL/Format\" xmlns:msxsl=\"urn:schemas-microsoft-com:xslt\"\u003e\n\u003chead\u003e\n\u003cMETA http-equiv=\"Content-Type\" content=\"text/html\"\u003e\n\u003cmeta http-equiv=\"content-type\" content=\"text/html; charset=UTF-8\"\u003e\n\u003c/head\u003e\n\u003cbody style=\"margin:0px 0px 0px 0px;overflow:auto;background:#FFFFFF;\"\u003e\n\u003ctable style=\"font-family:Arial,Verdana,Times;font-size:12px;text-align:left;width:100%;border-collapse:collapse;padding:3px 3px 3px 3px\"\u003e\n\u003ctr style=\"text-align:center;font-weight:bold;background:#9CBCE2\"\u003e\n\u003ctd\u003e18102566,9293\u003c/td\u003e\n\u003c/tr\u003e\n\u003ctr\u003e\n\u003ctd\u003e\n\u003ctable style=\"font-family:Arial,Verdana,Times;font-size:12px;text-align:left;width:100%;border-spacing:0px; padding:3px 3px 3px 3px\"\u003e\n\u003ctr\u003e\n\u003ctd\u003eFID\u003c/td\u003e\n\u003ctd\u003e0\u003c/td\u003e\n\u003c/tr\u003e\n\u003ctr bgcolor=\"#D4E4F3\"\u003e\n\u003ctd\u003eShape_Leng\u003c/td\u003e\n\u003ctd\u003e18102566,9293\u003c/td\u003e\n\u003c/tr\u003e\n\u003c/table\u003e\n\u003c/td\u003e\n\u003c/tr\u003e\n\u003c/table\u003e\n\u003c/body\u003e\u003cscript type=\"text/javascript\"\u003e\n\t\t\t\tfunction changeImage(attElement, nameElement) {\n\t\t\t\tdocument.getElementById('imageAttachment').src = attElement;\n\t\t\t\tdocument.getElementById('imageName').innerHTML = nameElement;}\n\t\t\t\u003c/script\u003e\u003c/html\u003e\n","FID_active_grids":150,"GridID":"M01","Shape_Length":0.00010503631460433274,"Shape_Area":5.4453486569916908e-10}},{"type":"Feature","id":27550,"geometry":{"type":"Polygon","coordinates":[[[112.68767138400005,-7.0959770149999599],[112.68767135100006,-7.0959679729999721],[112.68766229900007,-7.0959680059999641],[112.68766233200006,-7.095977047999952],[112.68767138400005,-7.0959770149999599]]]},"properties":{"OBJECTID":27550,"FID_mangrove_utm":27458,"OBJECTID_1":27458,"Name":"18102566,9293","FolderPath":"JATIM/JATIM","SymbolID":0,"AltMode":0,"Base":0,"Clamped":-1,"Extruded":0,"Snippet":"","PopupInfo":"\u003chtml xmlns:fo=\"http://www.w3.org/1999/XSL/Format\" xmlns:msxsl=\"urn:schemas-microsoft-com:xslt\"\u003e\n\u003chead\u003e\n\u003cMETA http-equiv=\"Content-Type\" content=\"text/html\"\u003e\n\u003cmeta http-equiv=\"content-type\" content=\"text/html; charset=UTF-8\"\u003e\n\u003c/head\u003e\n\u003cbody style=\"margin:0px 0px 0px 0px;overflow:auto;background:#FFFFFF;\"\u003e\n\u003ctable style=\"font-family:Arial,Verdana,Times;font-size:12px;text-align:left;width:100%;border-collapse:collapse;padding:3px 3px 3px 3px\"\u003e\n\u003ctr style=\"text-align:center;font-weight:bold;background:#9CBCE2\"\u003e\n\u003ctd\u003e18102566,9293\u003c/td\u003e\n\u003c/tr\u003e\n\u003ctr\u003e\n\u003ctd\u003e\n\u003ctable style=\"font-family:Arial,Verdana,Times;font-size:12px;text-align:left;width:100%;border-spacing:0px; padding:3px 3px 3px 3px\"\u003e\n\u003ctr\u003e\n\u003ctd\u003eFID\u003c/td\u003e\n\u003ctd\u003e0\u003c/td\u003e\n\u003c/tr\u003e\n\u003ctr bgcolor=\"#D4E4F3\"\u003e\n\u003ctd\u003eShape_Leng\u003c/td\u003e\n\u003ctd\u003e18102566,9293\u003c/td\u003e\n\u003c/tr\u003e\n\u003c/table\u003e\n\u003c/td\u003e\n\u003c/tr\u003e\n\u003c/table\u003e\n\u003c/body\u003e\u003cscript type=\"text/javascript\"\u003e\n\t\t\t\tfunction changeImage(attElement, nameElement) {\n\t\t\t\tdocument.getElementById('imageAttachment').src = attElement;\n\t\t\t\tdocument.getElementById('imageName').innerHTML = nameElement;}\n\t\t\t\u003c/script\u003e\u003c/html\u003e\n","FID_active_grids":150,"GridID":"M01","Shape_Length":3.6188240709241466e-05,"Shape_Area":8.1849272851502786e-11}},{"type":"Feature","id":27551,"geometry":{"type":"Polygon","coordinates":[[[112.68767138400005,-7.0959770149999599],[112.68767145000004,-7.0959950989999356],[112.68769860500004,-7.0959949999999594],[112.68769863800003,-7.0960040419999473],[112.68768053500003,-7.0960041079999314],[112.68768056800002,-7.0960131499999761],[112.68768961900003,-7.0960131169999272],[112.68768981700009,-7.096067368999968],[112.6876807650001,-7.0960674019999601],[112.68768079800009,-7.096076443999948],[112.68769890200008,-7.0960763779999638],[112.68769886900009,-7.096067335999976],[112.68770792000009,-7.0960673029999271],[112.6877078870001,-7.0960582609999392],[112.6877169390001,-7.0960582279999471],[112.68771687300011,-7.0960401439999714],[112.6877349770001,-7.0960400789999767],[112.68773500900011,-7.0960491209999645],[112.6877440610001,-7.0960490879999725],[112.68774412700009,-7.0960671719999482],[112.68773507500009,-7.0960672049999403],[112.68773517400007,-7.0960943299999713],[112.68772612300006,-7.0960943629999633],[112.68772622100005,-7.0961214889999269],[112.68773527300004,-7.0961214559999348],[112.68773530600004,-7.0961304979999795],[112.68776246100003,-7.0961303999999359],[112.68776252700002,-7.0961484839999684],[112.68777157900001,-7.0961484509999764],[112.68777164500011,-7.0961665349999521],[112.687780696,-7.09616650199996],[112.68778072900011,-7.0961755439999479],[112.6877988330001,-7.0961754779999637],[112.68779893100009,-7.0962026039999273],[112.68781703500008,-7.0962025379999432],[112.68781716700005,-7.0962387059999514],[112.68782621800005,-7.0962386729999594],[112.68782628400004,-7.0962567569999351],[112.68784438800003,-7.0962566909999509],[112.68784445400001,-7.0962747749999266],[112.68785350500002,-7.0962747419999346],[112.68785357100001,-7.0962928259999671],[112.68786262300011,-7.0962927929999751],[112.68786272200009,-7.0963199189999386],[112.6878717730001,-7.0963198859999466],[112.68787183900008,-7.0963379699999791],[112.68788089100008,-7.0963379369999302],[112.68788092400007,-7.0963469789999749],[112.68787187200007,-7.096347011999967],[112.68787190500007,-7.0963560539999548],[112.68786285400006,-7.0963560869999469],[112.68786288600006,-7.0963651289999348],[112.68785383500006,-7.0963651619999268],[112.68785386800005,-7.0963742039999715],[112.68783576400006,-7.0963742699999557],[112.68783579700005,-7.0963833119999435],[112.68782674600004,-7.0963833449999356],[112.68782681100004,-7.0964014289999682],[112.68781776000003,-7.0964014609999708],[112.68781779300002,-7.0964105029999587],[112.68780874100003,-7.0964105359999508],[112.68780877400002,-7.0964195779999386],[112.68779972200002,-7.0964196109999307],[112.68780015100003,-7.0965371569999434],[112.68780920200004,-7.0965371239999513],[112.68780936700011,-7.0965823339999474],[112.68781841900011,-7.0965823009999554],[112.68781848500009,-7.0966003849999311],[112.6878275360001,-7.096600351999939],[112.68782760200008,-7.0966184359999716],[112.68783665400008,-7.0966184029999795],[112.68783668700007,-7.0966274449999673],[112.68785479000007,-7.0966273789999263],[112.68785485600006,-7.0966454629999589],[112.68786390800005,-7.0966454299999668],[112.68786394100005,-7.0966544719999547],[112.68788204400005,-7.0966544059999705],[112.68788207700004,-7.0966634479999584],[112.68790018100003,-7.0966633829999637],[112.68790021400002,-7.0966724249999515],[112.68793642100002,-7.0966722929999264],[112.68793645300002,-7.0966813349999711],[112.68794550500002,-7.096681301999979],[112.68794547200002,-7.0966722599999343],[112.68800883400002,-7.096672028999933],[112.68800876800003,-7.0966539459999467],[112.68799971700003,-7.0966539779999493],[112.68799965100004,-7.0966358949999631],[112.68800870200005,-7.096635861999971],[112.68800863600006,-7.0966177779999384],[112.68801768800006,-7.0966177449999464],[112.68801775400004,-7.0966358289999789],[112.68803585700005,-7.0966357629999379],[112.68803579200005,-7.0966176789999622],[112.68804484300006,-7.0966176459999701],[112.68804487600005,-7.096626687999958],[112.68806298000004,-7.0966266219999738],[112.68806294700005,-7.0966175799999291],[112.68807199800005,-7.0966175469999371],[112.68807209700003,-7.0966446729999575],[112.68809020100002,-7.0966446069999733],[112.68809023400001,-7.0966536489999612],[112.68809928500002,-7.0966536159999691],[112.68809935100001,-7.0966716999999448],[112.68809030000011,-7.0966717329999369],[112.6880903330001,-7.0966807749999248],[112.68809938400011,-7.0966807419999327],[112.6880994170001,-7.0966897839999774],[112.68809036500011,-7.0966898169999695],[112.6880903980001,-7.0966988589999573],[112.68808134700009,-7.0966988919999494],[112.68808138000009,-7.0967079339999373],[112.68806327600009,-7.0967079999999783],[112.68806330900009,-7.0967170419999661],[112.68805425800008,-7.0967170749999582],[112.68805442200005,-7.0967622849999543],[112.68806347400005,-7.0967622519999622],[112.68806350700004,-7.0967712939999501],[112.68807255900003,-7.096771260999958],[112.68807275600011,-7.096825512999942],[112.68808180800011,-7.0968254799999499],[112.68808203900005,-7.0968887739999786],[112.68809109100005,-7.0968887409999297],[112.68809112400004,-7.0968977829999744],[112.68810017500005,-7.0968977499999255],[112.68810020800004,-7.0969067919999702],[112.68810926000003,-7.0969067589999781],[112.68810929300002,-7.096915800999966],[112.68811834500002,-7.0969157679999739],[112.68811837800001,-7.0969248099999618],[112.68812742900002,-7.0969247769999697],[112.68812746200001,-7.0969338189999576],[112.68813651400001,-7.0969337859999655],[112.68813654700011,-7.0969428279999534],[112.68815465000011,-7.0969427619999692],[112.68815468300011,-7.0969518039999571],[112.6881637350001,-7.096951770999965],[112.68816380100009,-7.0969698549999407],[112.68817285300008,-7.0969698219999486],[112.68817291900007,-7.0969879059999812],[112.68819102200007,-7.0969878399999402],[112.68819105500006,-7.0969968819999281],[112.68820010700006,-7.096996848999936],[112.68820014000005,-7.0970058909999807],[112.68820919100006,-7.0970058579999318],[112.68820922400005,-7.0970148999999765],[112.68822732800004,-7.0970148339999355],[112.68822736100003,-7.0970238759999802],[112.68823641200004,-7.0970238429999313],[112.68823654400001,-7.0970600109999395],[112.68825464800011,-7.0970599449999554],[112.6882547140001,-7.0970780289999311],[112.68831807600009,-7.097077798999976],[112.68831810900008,-7.0970868409999639],[112.68830905700008,-7.097086873999956],[112.68830915600006,-7.0971139999999764],[112.68828200100006,-7.0971140989999526],[112.68828196800007,-7.0971050569999647],[112.68824576100008,-7.0971051879999436],[112.68824579400007,-7.0971142299999315],[112.68823674200007,-7.0971142629999804],[112.68823677500006,-7.0971233049999682],[112.68822772300007,-7.0971233379999603],[112.68822775600006,-7.0971323799999482],[112.68821870400006,-7.0971324129999402],[112.68821877000005,-7.0971504969999728],[112.68820971900004,-7.0971505299999649],[112.68820975200003,-7.0971595719999527],[112.68820070000004,-7.0971596049999448],[112.68820073300003,-7.0971686469999327],[112.68820978500003,-7.0971686139999406],[112.68820994900011,-7.0972138239999367],[112.6882280530001,-7.0972137579999526],[112.68822808600009,-7.0972227999999404],[112.68825524100009,-7.0972227009999642],[112.68825527400008,-7.0972317429999521],[112.68826432600008,-7.09723170999996],[112.68826435900007,-7.0972407519999479],[112.68828246200007,-7.0972406859999637],[112.68828249500007,-7.0972497279999516],[112.68829154700006,-7.0972496949999595],[112.68829158000005,-7.0972587369999474],[112.68830968300006,-7.0972586709999632],[112.68830971600005,-7.0972677129999511],[112.68831876800004,-7.097267679999959],[112.68831880100004,-7.0972767219999469],[112.68833690400004,-7.0972766569999521],[112.68833693700003,-7.0972856979999506],[112.68834598900003,-7.0972856659999479],[112.68834602200002,-7.0972947079999358],[112.68835507400001,-7.0972946749999437],[112.68835510700001,-7.0973037169999316],[112.68837321000001,-7.0973036509999474],[112.68837311100003,-7.097276524999927],[112.68836405900004,-7.0972765579999759],[112.68836402600004,-7.0972675159999312],[112.68837307800004,-7.0972674829999391],[112.68837297900006,-7.0972403569999756],[112.68836392700007,-7.0972403899999676],[112.68836389500007,-7.0972313479999798],[112.68835484300007,-7.0972313809999719],[112.68835481000008,-7.0972223389999272],[112.68834575800008,-7.0972223719999761],[112.68834572500009,-7.0972133299999314],[112.68835477700009,-7.0972132969999393],[112.68835467800011,-7.0971861709999757],[112.68834562600011,-7.0971862039999678],[112.68834559300001,-7.0971771619999799],[112.68835464500012,-7.097177128999931],[112.68835461200001,-7.0971680869999432],[112.68834556000002,-7.0971681199999352],[112.68834549400003,-7.0971500359999595],[112.68835454600003,-7.0971500029999675],[112.68835448000004,-7.0971319189999349],[112.68836353200004,-7.0971318859999428],[112.68836349900005,-7.097122843999955],[112.68834539600005,-7.0971229099999391],[112.68834536300005,-7.0971138679999513],[112.68833631100006,-7.0971139009999433],[112.68833624500007,-7.0970958169999676],[112.68834529700007,-7.0970957839999755],[112.68834533000006,-7.0971048259999634],[112.68838153600007,-7.0971046939999383],[112.68838150300007,-7.0970956519999504],[112.68839055500007,-7.0970956189999583],[112.68839052200008,-7.0970865769999705],[112.68839957400007,-7.0970865449999678],[112.68839954100008,-7.09707750299998],[112.68843574800007,-7.0970773709999548],[112.68843578100007,-7.0970864129999427],[112.68844483200007,-7.0970863799999506],[112.68844486500006,-7.0970954219999385],[112.68849012400005,-7.0970952569999781],[112.68849005800007,-7.0970771729999456],[112.68851721300007,-7.0970770739999693],[112.68851724600006,-7.0970861159999572],[112.68852629800006,-7.0970860839999546],[112.68852626500006,-7.0970770419999667],[112.68854436800007,-7.0970769759999257],[112.68854433500007,-7.0970679339999378],[112.68857149100006,-7.0970678349999616],[112.68857152400005,-7.0970768769999495],[112.68859867900005,-7.0970767779999733],[112.68859871200004,-7.0970858199999611],[112.68861681500005,-7.097085753999977],[112.68861684800004,-7.0970947959999648],[112.68862590000003,-7.0970947629999728],[112.68862596600002,-7.0971128469999485],[112.68863501700002,-7.0971128139999564],[112.68863505000002,-7.0971218559999443],[112.68866220500001,-7.0971217569999681],[112.68866223800001,-7.0971307989999559],[112.68867129000012,-7.0971307659999638],[112.6886713560001,-7.0971488499999396],[112.6886804080001,-7.0971488169999475],[112.68868044100009,-7.0971578589999353],[112.68868949300008,-7.0971578259999433],[112.68868952500009,-7.0971668679999311],[112.68870762900008,-7.0971668029999364],[112.68870769500006,-7.097184886999969],[112.68871674700006,-7.0971848539999769],[112.68871678000005,-7.0971938959999648],[112.68874393500005,-7.0971937969999317],[112.68874396800004,-7.0972028389999764],[112.68878017500003,-7.0972027069999513],[112.68878020700004,-7.0972117489999391],[112.68879831100003,-7.097211682999955],[112.68879827800004,-7.0972026409999671],[112.68880733000003,-7.097202607999975],[112.68880723100006,-7.0971754819999546],[112.68881628200006,-7.0971754489999626],[112.68881624900007,-7.0971664069999747],[112.68883183500009,-7.0971663509999416],[112.68874292300006,-7.0971616079999649],[112.68860517600001,-7.0968976139999427],[112.68860090600003,-7.0968959279999808],[112.68857991600009,-7.0968960039999729],[112.68857988500008,-7.0968876279999336],[112.68857821600011,-7.0968869689999678],[112.68857083100011,-7.0968869949999771],[112.68857082000011,-7.0968840479999358],[112.68835151400003,-7.0967974529999651],[112.68819239600009,-7.0964426209999374],[112.68819459400004,-7.0962916999999379],[112.68782588500005,-7.0961471359999564],[112.68782588900001,-7.0961482529999671],[112.68781683700001,-7.0961482859999592],[112.68781682000008,-7.0961435819999679],[112.68778300800011,-7.0961303249999332],[112.68778056400004,-7.0961303339999517],[112.68778056100007,-7.0961293649999675],[112.68777452800009,-7.0961269999999672],[112.68778044300007,-7.0960970339999676],[112.68778043300006,-7.0960941659999435],[112.68778101000009,-7.0960941639999646],[112.68778636800005,-7.0960670179999283],[112.68778033400008,-7.0960670399999799],[112.68778020200011,-7.0960308719999716],[112.68778925400011,-7.0960308389999796],[112.68778922100012,-7.0960217969999348],[112.68779529900007,-7.0960217749999401],[112.68779821900011,-7.0960069859999635],[112.68779820700001,-7.0960036799999671],[112.68778915500002,-7.0960037129999591],[112.68778912200003,-7.0959946709999713],[112.68779817400002,-7.0959946379999792],[112.68779814100003,-7.0959855959999345],[112.68778908900003,-7.0959856289999266],[112.68778899900008,-7.0959610209999369],[112.68777994700008,-7.0959608999999659],[112.68778000400005,-7.0959766199999308],[112.68777095300004,-7.0959766529999797],[112.68777098600003,-7.0959856949999676],[112.68776193400004,-7.0959857279999596],[112.68776196700003,-7.0959947699999475],[112.68775291500003,-7.0959948029999396],[112.68775308000011,-7.0960400129999357],[112.68774402800011,-7.0960400459999278],[112.68774383100003,-7.0959857939999438],[112.68775288200004,-7.0959857609999517],[112.68775284900005,-7.0959767189999639],[112.68776190100004,-7.0959766859999718],[112.68776184300009,-7.0959606579999672],[112.6877527900001,-7.0959605369999394],[112.68775281600006,-7.095967676999976],[112.68774376500005,-7.0959677099999681],[112.68774379800004,-7.0959767519999559],[112.68773474600005,-7.095976784999948],[112.68773471300005,-7.0959677429999601],[112.68772566100006,-7.0959677759999522],[112.68772563400012,-7.0959601749999592],[112.68768942500003,-7.0959596919999512],[112.68768948700006,-7.0959769489999758],[112.68767138400005,-7.0959770149999599]],[[112.68771677400002,-7.096013017999951],[112.68771674100003,-7.0960039769999526],[112.68772579300003,-7.0960039439999605],[112.68772582600002,-7.0960129859999483],[112.68771677400002,-7.096013017999951]],[[112.68848067700003,-7.0969867859999454],[112.68848972800004,-7.0969867539999427],[112.68848979400002,-7.097004836999929],[112.68848074300001,-7.0970048699999779],[112.68848067700003,-7.0969867859999454]],[[112.68851698200001,-7.0970137809999301],[112.68853508600012,-7.0970137149999459],[112.68853511900011,-7.0970227569999338],[112.68851701500012,-7.0970228229999748],[112.68851698200001,-7.0970137809999301]],[[112.6884627710001,-7.0970411039999703],[112.6884718230001,-7.0970410709999783],[112.68847185600009,-7.0970501129999661],[112.6884628040001,-7.0970501459999582],[112.6884627710001,-7.0970411039999703]],[[112.68771664200005,-7.0959768509999321],[112.68770759100005,-7.0959768829999348],[112.68770755800006,-7.0959678419999364],[112.68771661000005,-7.0959678089999443],[112.68771664200005,-7.0959768509999321]]]},"properties":{"OBJECTID":27551,"FID_mangrove_utm":27459,"OBJECTID_1":27459,"Name":"18102566,9293","FolderPath":"JATIM/JATIM","SymbolID":0,"AltMode":0,"Base":0,"Clamped":-1,"Extruded":0,"Snippet":"","PopupInfo":"\u003chtml xmlns:fo=\"http://www.w3.org/1999/XSL/Format\" xmlns:msxsl=\"urn:schemas-microsoft-com:xslt\"\u003e\n\u003chead\u003e\n\u003cMETA http-equiv=\"Content-Type\" content=\"text/html\"\u003e\n\u003cmeta http-equiv=\"content-type\" content=\"text/html; charset=UTF-8\"\u003e\n\u003c/head\u003e\n\u003cbody style=\"margin:0px 0px 0px 0px;overflow:auto;background:#FFFFFF;\"\u003e\n\u003ctable style=\"font-family:Arial,Verdana,Times;font-size:12px;text-align:left;width:100%;border-collapse:collapse;padding:3px 3px 3px 3px\"\u003e\n\u003ctr style=\"text-align:center;font-weight:bold;background:#9CBCE2\"\u003e\n\u003ctd\u003e18102566,9293\u003c/td\u003e\n\u003c/tr\u003e\n\u003ctr\u003e\n\u003ctd\u003e\n\u003ctable style=\"font-family:Arial,Verdana,Times;font-size:12px;text-align:left;width:100%;border-spacing:0px; padding:3px 3px 3px 3px\"\u003e\n\u003ctr\u003e\n\u003ctd\u003eFID\u003c/td\u003e\n\u003ctd\u003e0\u003c/td\u003e\n\u003c/tr\u003e\n\u003ctr bgcolor=\"#D4E4F3\"\u003e\n\u003ctd\u003eShape_Leng\u003c/td\u003e\n\u003ctd\u003e18102566,9293\u003c/td\u003e\n\u003c/tr\u003e\n\u003c/table\u003e\n\u003c/td\u003e\n\u003c/tr\u003e\n\u003c/table\u003e\n\u003c/body\u003e\u003cscript type=\"text/javascript\"\u003e\n\t\t\t\tfunction changeImage(attElement, nameElement) {\n\t\t\t\tdocument.getElementById('imageAttachment').src = attElement;\n\t\t\t\tdocument.getElementById('imageName').innerHTML = nameElement;}\n\t\t\t\u003c/script\u003e\u003c/html\u003e\n","FID_active_grids":150,"GridID":"M01","Shape_Length":0.0064936163995404196,"Shape_Area":3.7584970999949954e-07}},{"type":"Feature","id":27552,"geometry":{"type":"Polygon","coordinates":[[[112.68767135100006,-7.0959679729999721],[112.68768040300006,-7.09596793999998],[112.68768037200005,-7.0959595709999803],[112.68767132000005,-7.0959594499999525],[112.68767135100006,-7.0959679729999721]]]},"properties":{"OBJECTID":27552,"FID_mangrove_utm":27460,"OBJECTID_1":27460,"Name":"18102566,9293","FolderPath":"JATIM/JATIM","SymbolID":0,"AltMode":0,"Base":0,"Clamped":-1,"Extruded":0,"Snippet":"","PopupInfo":"\u003chtml xmlns:fo=\"http://www.w3.org/1999/XSL/Format\" xmlns:msxsl=\"urn:schemas-microsoft-com:xslt\"\u003e\n\u003chead\u003e\n\u003cMETA http-equiv=\"Content-Type\" content=\"text/html\"\u003e\n\u003cmeta http-equiv=\"content-type\" content=\"text/html; charset=UTF-8\"\u003e\n\u003c/head\u003e\n\u003cbody style=\"margin:0px 0px 0px 0px;overflow:auto;background:#FFFFFF;\"\u003e\n\u003ctable style=\"font-family:Arial,Verdana,Times;font-size:12px;text-align:left;width:100%;border-collapse:collapse;padding:3px 3px 3px 3px\"\u003e\n\u003ctr style=\"text-align:center;font-weight:bold;background:#9CBCE2\"\u003e\n\u003ctd\u003e18102566,9293\u003c/td\u003e\n\u003c/tr\u003e\n\u003ctr\u003e\n\u003ctd\u003e\n\u003ctable style=\"font-family:Arial,Verdana,Times;font-size:12px;text-align:left;width:100%;border-spacing:0px; padding:3px 3px 3px 3px\"\u003e\n\u003ctr\u003e\n\u003ctd\u003eFID\u003c/td\u003e\n\u003ctd\u003e0\u003c/td\u003e\n\u003c/tr\u003e\n\u003ctr bgcolor=\"#D4E4F3\"\u003e\n\u003ctd\u003eShape_Leng\u003c/td\u003e\n\u003ctd\u003e18102566,9293\u003c/td\u003e\n\u003c/tr\u003e\n\u003c/table\u003e\n\u003c/td\u003e\n\u003c/tr\u003e\n\u003c/table\u003e\n\u003c/body\u003e\u003cscript type=\"text/javascript\"\u003e\n\t\t\t\tfunction changeImage(attElement, nameElement) {\n\t\t\t\tdocument.getElementById('imageAttachment').src = attElement;\n\t\t\t\tdocument.getElementById('imageName').innerHTML = nameElement;}\n\t\t\t\u003c/script\u003e\u003c/html\u003e\n","FID_active_grids":150,"GridID":"M01","Shape_Length":3.4996982634400174e-05,"Shape_Area":7.6451828050199291e-11}},{"type":"Feature","id":27553,"geometry":{"type":"Polygon","coordinates":[[[112.7058978980001,-7.0998707909999439],[112.70590694900011,-7.0998707569999624],[112.70590698300009,-7.0998797989999503],[112.7059160340001,-7.0998797659999582],[112.70591606800008,-7.099888807999946],[112.70592511900009,-7.099888774999954],[112.70592518600006,-7.0999068579999403],[112.70593423800005,-7.0999068249999482],[112.70593473800011,-7.1000424529999577],[112.70592568600011,-7.1000424869999392],[112.70592571900011,-7.1000515289999271],[112.70591666700011,-7.100051561999976],[112.70591676700008,-7.1000786869999502],[112.70590771600007,-7.1000787209999316],[112.70590778200005,-7.1000968049999642],[112.70589873100005,-7.1000968379999563],[112.70589879700003,-7.100114921999932],[112.70588974600003,-7.1001149549999809],[112.70588977900002,-7.1001239969999688],[112.70587167600002,-7.1001240629999529],[112.70587170900001,-7.1001331049999408],[112.70586265700001,-7.1001331389999791],[112.70586269100011,-7.1001421799999775],[112.70587174200011,-7.1001421469999286],[112.70587187600006,-7.1001783149999369],[112.70586282400006,-7.100178347999929],[112.70586285700006,-7.1001873899999737],[112.70585380500006,-7.1001874229999657],[112.70585387200003,-7.1002055069999415],[112.70586292400003,-7.1002054739999494],[112.70586299000001,-7.1002235569999357],[112.70587204200001,-7.1002235239999436],[112.70587230900003,-7.1002958589999707],[112.70588136000003,-7.1002958259999787],[112.70588142700001,-7.1003139099999544],[112.70587237500001,-7.1003139429999464],[112.7058724420001,-7.100332026999979],[112.7058814940001,-7.1003319939999301],[112.70588152700009,-7.1003410349999285],[112.70589057900008,-7.1003410019999365],[112.70589060800012,-7.1003488899999638],[112.70589666900003,-7.10030040099997],[112.70594901700008,-7.1001052849999269],[112.70595377600011,-7.0999815529999637],[112.70592522300001,-7.0998435439999525],[112.70588239200003,-7.0995722859999546],[112.70589666900003,-7.0993390989999625],[112.70597757100006,-7.0991249469999502],[112.70611557900008,-7.0989583849999462],[112.70620124000004,-7.0988489299999742],[112.7062393110001,-7.0987299569999323],[112.70626786500009,-7.0985681529999738],[112.70630117700011,-7.0983777959999657],[112.70635828400009,-7.0982635819999587],[112.70638683800007,-7.0981921979999356],[112.70638683800007,-7.0980779839999286],[112.70630593600004,-7.0979114219999815],[112.70620599900008,-7.0977496189999556],[112.70611082000005,-7.0976306459999705],[112.70604419600011,-7.0974688419999552],[112.70604419600011,-7.0972594499999673],[112.70615365100002,-7.0969977089999361],[112.70619886100008,-7.096900150999943],[112.70618744400008,-7.0968768199999772],[112.70618557500006,-7.09687682699996],[112.70618560800006,-7.0968858689999479],[112.70617655600006,-7.09688590199994],[112.70617649000008,-7.0968678179999642],[112.70618302700007,-7.0968677939999338],[112.70614413300007,-7.0967883159999587],[112.7061036990001,-7.0967654029999494],[112.70610371000009,-7.0967686229999458],[112.70609465900009,-7.0967686569999273],[112.70609462800007,-7.0967602629999647],[112.70600136500002,-7.0967074149999689],[112.70591570500005,-7.0965836829999489],[112.70584432100009,-7.0964551919999508],[112.70584432100009,-7.0963267009999527],[112.70586811500004,-7.0961982099999545],[112.70593474000009,-7.0960792369999695],[112.7059823300001,-7.0959745409999755],[112.70597803300006,-7.0959100939999757],[112.70597382400001,-7.0959101099999771],[112.70597379800006,-7.0959031569999524],[112.70596474600006,-7.0959031569999524],[112.70596477200002,-7.0959101429999691],[112.70595572100001,-7.0959101759999612],[112.70595569500006,-7.0959031569999524],[112.70592522300001,-7.0959031569999524],[112.70584908000001,-7.0959459869999364],[112.70578721400011,-7.0959983349999334],[112.705696794,-7.0960602009999434],[112.70558733900009,-7.0961315849999664],[112.70544933000008,-7.0961839329999634],[112.70533987500005,-7.0961839329999634],[112.70530656300002,-7.0961411029999795],[112.70531132200006,-7.0960411659999636],[112.70529704500007,-7.0959364689999802],[112.70526373200005,-7.0958888799999613],[112.70521138400011,-7.0958983979999743],[112.70517923900002,-7.0959672809999574],[112.70519558500007,-7.0959672209999667],[112.70519561800006,-7.0959762629999545],[112.70522277300006,-7.0959761629999321],[112.70522270700008,-7.0959580799999458],[112.70523175800008,-7.0959580459999643],[112.70523179100007,-7.0959670879999521],[112.70524084300007,-7.0959670549999601],[112.7052411090001,-7.0960393899999303],[112.70525016100009,-7.0960393569999383],[112.70525059400006,-7.0961569009999721],[112.70525964500007,-7.09615686799998],[112.70525967900005,-7.0961659099999679],[112.70526873000006,-7.0961658769999758],[112.70526889700011,-7.0962110859999257],[112.70527794800012,-7.0962110529999336],[112.70527804800008,-7.096238178999954],[112.70528710000008,-7.0962381459999619],[112.70528713300007,-7.0962471869999604],[112.70529618500007,-7.0962471539999683],[112.70529621800006,-7.0962561959999562],[112.70530527000005,-7.0962561629999641],[112.70530530300005,-7.0962652049999519],[112.70531435500004,-7.0962651709999705],[112.70531442100003,-7.0962832549999462],[112.70532347300002,-7.0962832219999541],[112.70532350600001,-7.096292263999942],[112.70534160900002,-7.0962921969999684],[112.7053416760001,-7.0963102809999441],[112.7053597790001,-7.09631021499996],[112.7053598120001,-7.0963192569999478],[112.70536886400009,-7.0963192229999663],[112.70536889700008,-7.0963282649999542],[112.70538700100008,-7.09632819899997],[112.70538703400007,-7.0963372409999579],[112.70540513700007,-7.0963371739999275],[112.70540517000006,-7.0963462159999722],[112.70541422200006,-7.0963461829999801],[112.70541425500005,-7.096355224999968],[112.70542330700005,-7.0963551909999296],[112.70542334000004,-7.0963642329999743],[112.70544144300004,-7.0963641669999333],[112.70544147700002,-7.096373208999978],[112.70545052800003,-7.0963731749999397],[112.70545056200001,-7.0963822169999276],[112.70549582000001,-7.0963820509999778],[112.70549585300012,-7.0963910929999656],[112.70550490500011,-7.0963910599999735],[112.70550507100006,-7.0964362689999803],[112.70549602000006,-7.0964363019999723],[112.70549608600004,-7.096454385999948],[112.70550513800004,-7.096454352999956],[112.70550520400002,-7.0964724369999317],[112.70551425600001,-7.0964724029999502],[112.7055143230001,-7.0964904869999259],[112.70552337400011,-7.0964904539999338],[112.70552344100008,-7.0965085379999664],[112.70553249200009,-7.0965085039999281],[112.70553252600007,-7.0965175459999728],[112.70554157700008,-7.0965175129999807],[112.70554161100006,-7.0965265549999685],[112.70555066200006,-7.0965265219999765],[112.70555069600005,-7.0965355639999643],[112.70555974700005,-7.096535529999926],[112.70555978000004,-7.0965445719999707],[112.70556883200004,-7.0965445389999786],[112.70556886500003,-7.0965535809999665],[112.70557791700003,-7.0965535479999744],[112.70557795000002,-7.0965625889999728],[112.70558700200002,-7.0965625559999808],[112.70558703500001,-7.0965715979999686],[112.70559608700012,-7.0965715649999765],[112.7055961530001,-7.0965896489999523],[112.7056052050001,-7.0965896149999708],[112.70560523800009,-7.0965986569999586],[112.70561429000009,-7.0965986239999665],[112.70561432300008,-7.0966076659999544],[112.70562337500007,-7.0966076329999623],[112.70562340800006,-7.0966166739999608],[112.70563246000006,-7.0966166409999687],[112.70563252600004,-7.0966347249999444],[112.70564157800004,-7.0966346919999523],[112.70564161100003,-7.0966437339999402],[112.70565971500002,-7.0966436669999666],[112.70565974800002,-7.0966527089999545],[112.70567785100002,-7.0966526419999809],[112.7056779510001,-7.0966797679999445],[112.70568700300009,-7.0966797349999524],[112.70568703600009,-7.0966887769999403],[112.70570513900009,-7.0966887099999667],[112.70570520600006,-7.0967067939999424],[112.70571425700007,-7.0967067609999503],[112.70571429100005,-7.0967158029999382],[112.70572334200006,-7.0967157689999567],[112.70572337600004,-7.0967248109999446],[112.70573242700004,-7.0967247779999525],[112.70573246100003,-7.0967338199999404],[112.70574151200003,-7.0967337869999483],[112.70574154600001,-7.0967428289999361],[112.70575059700002,-7.0967427949999546],[112.70575073000009,-7.0967789629999629],[112.70576883400008,-7.0967788959999325],[112.70576886700007,-7.0967879379999772],[112.70577791900007,-7.0967879049999283],[112.70577795200006,-7.096796946999973],[112.70578700300007,-7.0967969139999809],[112.70578703700005,-7.0968059549999793],[112.70579608800006,-7.0968059219999304],[112.70579612200004,-7.0968149639999751],[112.70581422500004,-7.0968148979999341],[112.70581425800003,-7.0968239389999326],[112.70582331000003,-7.0968239059999405],[112.70582334300002,-7.0968329479999284],[112.70585049800002,-7.0968328479999627],[112.70585053100001,-7.0968418899999506],[112.70585958300001,-7.0968418569999585],[112.70585961600011,-7.0968508989999464],[112.70586866800011,-7.0968508649999649],[112.7058687010001,-7.0968599069999527],[112.70588680500009,-7.0968598409999686],[112.70588683800008,-7.0968688829999564],[112.70590494100009,-7.096868815999926],[112.70590497400008,-7.0968778579999707],[112.70591402600007,-7.0968778249999787],[112.70591405900007,-7.0968868669999665],[112.70592311100006,-7.0968868329999282],[112.70592314400005,-7.0968958749999729],[112.70597745400005,-7.0968956759999742],[112.70597748700004,-7.096904717999962],[112.70604084900003,-7.096904484999925],[112.70604081500005,-7.0968954429999371],[112.70604986700005,-7.0968954099999451],[112.70604980000007,-7.0968773259999693],[112.70612221300007,-7.0968770599999402],[112.70612224700005,-7.0968861009999387],[112.70611319500006,-7.096886134999977],[112.70611322800005,-7.0968951769999649],[112.70612228000005,-7.0968951429999265],[112.70612231300004,-7.0969041849999712],[112.70613136500003,-7.0969041519999791],[112.70613139800003,-7.096913193999967],[112.70612234700002,-7.0969132269999591],[112.70612231300004,-7.0969041849999712],[112.70611326200003,-7.0969042179999633],[112.70611342800009,-7.0969494279999594],[112.70610437700009,-7.0969494609999515],[112.70610444300007,-7.0969675449999272],[112.70609539200007,-7.0969675779999761],[112.70609542500006,-7.096976619999964],[112.70608637300006,-7.0969766529999561],[112.70608644000004,-7.0969947369999318],[112.70607738800004,-7.0969947699999807],[112.70607748800001,-7.0970218959999443],[112.70606843700011,-7.0970219289999363],[112.70606880300011,-7.097121389999927],[112.70605975100011,-7.0971214239999654],[112.70605981800009,-7.0971395069999517],[112.70605076600009,-7.0971395409999332],[112.70605086600006,-7.0971666659999642],[112.70604181500005,-7.0971666999999456],[112.70604184800004,-7.0971757409999441],[112.70603279600004,-7.0971757749999256],[112.70603283000003,-7.0971848169999703],[112.70601472600003,-7.0971848829999544],[112.70601476000002,-7.0971939249999423],[112.70600570800002,-7.0971939579999344],[112.70600584100009,-7.0972301259999426],[112.70599679000009,-7.0972301589999347],[112.70599715600008,-7.0973296199999254],[112.70598810400008,-7.0973296529999743],[112.70598817100006,-7.09734773699995],[112.70597911900006,-7.0973477699999421],[112.70597921900003,-7.0973748959999625],[112.70598827100002,-7.0973748629999704],[112.7059883710001,-7.0974019879999446],[112.70597931900011,-7.0974020219999261],[112.70597938600008,-7.0974201049999692],[112.70598843800008,-7.0974200719999772],[112.70598850400006,-7.0974381559999529],[112.70599755600006,-7.0974381229999608],[112.70599762200004,-7.0974562059999471],[112.70600667400004,-7.097456172999955],[112.70600670700003,-7.0974652149999429],[112.70601575900002,-7.0974651819999508],[112.70601582600011,-7.0974832659999265],[112.706024877,-7.097483231999945],[112.70602494400009,-7.0975013159999776],[112.70604304700009,-7.0975012489999472],[112.70604321400003,-7.0975464589999433],[112.70605226500004,-7.0975464259999512],[112.70605229900002,-7.0975554679999391],[112.70604324700003,-7.0975555009999312],[112.7060433800001,-7.09759166799995],[112.70605243200009,-7.0975916349999579],[112.70605253200006,-7.0976187609999783],[112.70604348000006,-7.0976187939999704],[112.70604354700004,-7.0976368779999461],[112.70605259900003,-7.0976368449999541],[112.70605263200002,-7.0976458859999525],[112.70606168300003,-7.0976458529999604],[112.70606171700001,-7.0976548949999483],[112.70607076800002,-7.0976548619999562],[112.70607083500011,-7.0976729459999319],[112.70608893800011,-7.0976728789999584],[112.70608897200009,-7.0976819209999462],[112.7060980230001,-7.0976818879999541],[112.70609805700008,-7.097690929999942],[112.70612521200007,-7.0976908299999764],[112.70612527800006,-7.0977089129999626],[112.70613433000005,-7.0977088799999706],[112.70613436300005,-7.0977179219999584],[112.70614341500004,-7.0977178889999664],[112.70614344800003,-7.0977269309999542],[112.70616155100004,-7.0977268639999807],[112.70616161800001,-7.0977449479999564],[112.70617067000001,-7.0977449149999643],[112.7061707360001,-7.0977629979999506],[112.7061888400001,-7.0977629319999664],[112.70618887300009,-7.0977719739999543],[112.70617982100009,-7.0977720069999464],[112.70618002100002,-7.0978262579999409],[112.70617096900003,-7.0978262919999793],[112.70617110300009,-7.0978624589999413],[112.70616205100009,-7.0978624919999334],[112.70616241800008,-7.0979619529999809],[112.70615336600008,-7.0979619869999624],[112.70615346600005,-7.0979891119999365],[112.70618062100004,-7.0979890119999709],[112.70618075400012,-7.0980251799999792],[112.70618980600011,-7.0980251469999303],[112.7061898720001,-7.0980432299999734],[112.70619892400009,-7.0980431969999813],[112.70619895700008,-7.0980522389999692],[112.70620800900008,-7.0980522059999771],[112.70620807600005,-7.0980702899999528],[112.70621712700006,-7.0980702559999713],[112.70621719400003,-7.098088339999947],[112.70622624600003,-7.098088306999955],[112.70622627900002,-7.0980973489999428],[112.70624438200002,-7.0980972819999693],[112.7062444820001,-7.0981244079999328],[112.7062716370001,-7.0981243079999672],[112.70627170400007,-7.0981423919999429],[112.70628075500008,-7.0981423579999614],[112.70628078900006,-7.0981513999999493],[112.70627173700007,-7.0981514339999308],[112.70627177000006,-7.0981604749999292],[112.70628082200005,-7.0981604419999371],[112.70628085500005,-7.098169483999925],[112.70629895900004,-7.0981694179999408],[112.70629899200003,-7.0981784589999393],[112.70632614700003,-7.098178359999963],[112.70632611400003,-7.0981693179999752],[112.70633516500004,-7.0981692839999369],[112.70633513200005,-7.098160241999949],[112.70634418400005,-7.0981602089999569],[112.70634415000006,-7.0981511669999691],[112.70635320200006,-7.098151133999977],[112.70635323500005,-7.0981601759999648],[112.70637133800005,-7.0981601089999344],[112.70637143800002,-7.0981872349999549],[112.70638049000002,-7.0981872019999628],[112.70638052300001,-7.0981962439999506],[112.70637147200011,-7.0981962769999427],[112.70637150500011,-7.0982053189999306],[112.70634435000011,-7.0982054189999531],[112.70634428400001,-7.0981873349999773],[112.70633523200001,-7.0981873679999694],[112.70633526500001,-7.0981964099999573],[112.70632621400011,-7.0981964429999493],[112.70632618000002,-7.0981874009999615],[112.70631712900001,-7.098187434999943],[112.70631719500011,-7.0982055179999293],[112.70632624700011,-7.0982054849999372],[112.70632631300009,-7.0982235689999698],[112.70631726200008,-7.0982236019999618],[112.70631729500008,-7.0982326439999497],[112.70629014000008,-7.0982327439999722],[112.70629017400006,-7.09824178599996],[112.70627207000007,-7.0982418519999442],[112.70627217000003,-7.0982689779999646],[112.70626311900003,-7.0982690109999567],[112.70626315200002,-7.0982780529999445],[112.70624504900002,-7.0982781199999749],[112.70624528200005,-7.0983414129999574],[112.70623623000006,-7.0983414459999494],[112.70623629700003,-7.0983595299999251],[112.70622724500004,-7.0983595629999741],[112.70622737800011,-7.0983957309999255],[112.70620927500011,-7.0983957979999559],[112.70620934200008,-7.0984138809999422],[112.70620029000008,-7.0984139149999805],[112.70620039000005,-7.0984410399999547],[112.70619133800005,-7.0984410739999362],[112.70619137200003,-7.0984501149999346],[112.70618232000004,-7.098450148999973],[112.70618235300003,-7.0984591909999608],[112.70613709500003,-7.0984593569999674],[112.70613719500011,-7.098486482999931],[112.70614624700011,-7.0984864489999495],[112.7061462800001,-7.0984954909999374],[112.7061372280001,-7.0984955249999757],[112.70613726200008,-7.0985045669999636],[112.70612821000009,-7.0985045999999556],[112.70612827700006,-7.0985226839999314],[112.70611922500007,-7.0985227169999803],[112.70611929200004,-7.098540800999956],[112.70611024000004,-7.0985408339999481],[112.70611027300004,-7.0985498759999359],[112.70611932500003,-7.0985498429999438],[112.70611949200008,-7.0985950519999506],[112.70613759500009,-7.098594984999977],[112.70613766100007,-7.0986130689999527],[112.70614671300007,-7.0986130359999606],[112.70614678000004,-7.0986311199999363],[112.70611057300005,-7.0986312529999509],[112.70611060600004,-7.0986402949999388],[112.70610155500003,-7.0986403279999308],[112.70610162100002,-7.0986584119999634],[112.70608351800001,-7.0986584779999475],[112.70608355100001,-7.0986675199999354],[112.70607450000011,-7.0986675539999737],[112.70607453300011,-7.0986765949999722],[112.70606548100011,-7.0986766289999537],[112.70606551500009,-7.0986856709999415],[112.7060564630001,-7.0986857039999336],[112.70605653000007,-7.0987037879999662],[112.70604747800007,-7.0987038209999582],[112.706047678,-7.0987580719999528],[112.70603862600001,-7.0987581059999343],[112.7060386600001,-7.0987671469999327],[112.70604771100011,-7.0987671139999406],[112.70604794400003,-7.0988304069999799],[112.70605699600003,-7.098830373999931],[112.7060571290001,-7.0988665419999393],[112.7060661810001,-7.0988665079999578],[112.70606621400009,-7.0988755499999456],[112.70607526600008,-7.0988755169999536],[112.70607536600005,-7.098902642999974],[112.70608441800005,-7.0989026089999356],[112.70608445100004,-7.0989116509999803],[112.70610255400004,-7.0989115849999394],[112.70610245400007,-7.0988844589999758],[112.70612055800007,-7.0988843919999454],[112.70612065800003,-7.0989115179999658],[112.70611160600004,-7.0989115509999579],[112.70611167300001,-7.0989296349999336],[112.70610262100001,-7.0989296679999256],[112.70610265400001,-7.0989387099999703],[112.70600308600001,-7.0989390759999651],[112.7060031530001,-7.0989571599999408],[112.7059941010001,-7.0989571939999792],[112.70599413400009,-7.0989662349999776],[112.70598508300009,-7.0989662689999591],[112.70598518300005,-7.0989933939999332],[112.70597613100006,-7.0989934279999716],[112.70597619800003,-7.0990115109999579],[112.70596714600003,-7.0990115449999394],[112.70596724600011,-7.0990386699999704],[112.705958194,-7.0990387039999518],[112.70595826100009,-7.0990567869999381],[112.7059492090001,-7.0990568209999765],[112.70594924200009,-7.0990658629999643],[112.70594019100008,-7.0990658959999564],[112.70594022400007,-7.0990749379999443],[112.70592212100007,-7.0990750039999284],[112.70592218700006,-7.099093087999961],[112.70591313600005,-7.099093120999953],[112.70591320200003,-7.0991112049999288],[112.70590415100003,-7.0991112379999777],[112.70590418400002,-7.0991202799999655],[112.70589513200002,-7.099120313999947],[112.705895166,-7.0991293559999349],[112.70588611400001,-7.099129388999927],[112.70588614700011,-7.0991384309999717],[112.70587709600011,-7.0991384639999637],[112.7058771290001,-7.0991475059999516],[112.7058680770001,-7.0991475389999437],[112.70586817700007,-7.0991746649999641],[112.70585912500007,-7.0991746979999562],[112.70585915900006,-7.099183739999944],[112.70584105500006,-7.0991838069999744],[112.70584162200009,-7.0993375189999597],[112.70585067400009,-7.0993374849999782],[112.70585070700008,-7.099346526999966],[112.70585975900008,-7.099346493999974],[112.70585982500006,-7.0993645779999497],[112.70585077300007,-7.0993646109999418],[112.70585084000004,-7.0993826949999743],[112.70584178800004,-7.0993827279999664],[112.70584182200002,-7.0993917699999542],[112.70583277000003,-7.0993918029999463],[112.70583320300011,-7.0995093479999696],[112.70584225500011,-7.0995093149999775],[112.70584235500007,-7.0995364399999517],[112.70585140600008,-7.0995364069999596],[112.70585147300005,-7.0995544909999353],[112.70586052500005,-7.0995544579999432],[112.70586055800004,-7.0995634989999417],[112.70586961000004,-7.0995634659999496],[112.70586974300011,-7.0995996339999579],[112.70586069100011,-7.0995996669999499],[112.70586082500006,-7.0996358349999582],[112.70586987600007,-7.0996358009999767],[112.70587021000006,-7.0997262199999795],[112.70585210600007,-7.0997262869999531],[112.70585237300008,-7.0997986219999802],[112.70584332100009,-7.0997986549999723],[112.70584338800006,-7.099816738999948],[112.70586149100006,-7.0998166719999745],[112.70586152400006,-7.0998257139999623],[112.70587057600005,-7.0998256809999702],[112.70587064300003,-7.099843764999946],[112.70587969400003,-7.0998437309999645],[112.70587972800001,-7.0998527729999523],[112.70588877900002,-7.0998527399999602],[112.70588881300012,-7.0998617819999481],[112.70589786400001,-7.099861748999956],[112.7058978980001,-7.0998707909999439]],[[112.70611147300008,-7.098875383999939],[112.70610242100008,-7.0988754169999311],[112.70610238800009,-7.0988663749999432],[112.7061114390001,-7.0988663419999511],[112.70611147300008,-7.098875383999939]],[[112.7061476130001,-7.0988571669999487],[112.7061385610001,-7.0988571999999408],[112.70613859400009,-7.0988662419999287],[112.70612049100009,-7.0988663089999591],[112.7061204580001,-7.0988572669999712],[112.70612950900011,-7.0988572339999791],[112.70612947600011,-7.0988481919999344],[112.70614757900012,-7.0988481249999609],[112.7061476130001,-7.0988571669999487]],[[112.70631649500001,-7.0980156389999252],[112.70630744400012,-7.0980156719999741],[112.70630741100001,-7.0980066299999294],[112.70631646200002,-7.0980065969999373],[112.70631649500001,-7.0980156389999252]],[[112.70608870500007,-7.0976095859999759],[112.70607965300007,-7.097609618999968],[112.70607962000008,-7.0976005769999801],[112.70608867200008,-7.0976005439999312],[112.70608870500007,-7.0976095859999759]],[[112.70617665600003,-7.096913026999971],[112.70615855300002,-7.0969130939999445],[112.70615852000003,-7.0969040519999567],[112.70616757100004,-7.0969040189999646],[112.70616753800005,-7.0968949769999767],[112.70617659000004,-7.0968949439999278],[112.70617665600003,-7.096913026999971]],[[112.70521362200009,-7.09594907099995],[112.7051955180001,-7.0959491369999341],[112.7051954850001,-7.0959400959999357],[112.7052045370001,-7.0959400619999542],[112.70520450400011,-7.0959310199999663],[112.70521355500011,-7.0959309869999743],[112.70521362200009,-7.09594907099995]],[[112.70522260700011,-7.0959309539999254],[112.70523165800012,-7.0959309209999333],[112.70523172500009,-7.0959490039999764],[112.70522267300009,-7.0959490379999579],[112.70522260700011,-7.0959309539999254]]]},"properties":{"OBJECTID":27553,"FID_mangrove_utm":27461,"OBJECTID_1":27461,"Name":"18102566,9293","FolderPath":"JATIM/JATIM","SymbolID":0,"AltMode":0,"Base":0,"Clamped":-1,"Extruded":0,"Snippet":"","PopupInfo":"\u003chtml xmlns:fo=\"http://www.w3.org/1999/XSL/Format\" xmlns:msxsl=\"urn:schemas-microsoft-com:xslt\"\u003e\n\u003chead\u003e\n\u003cMETA http-equiv=\"Content-Type\" content=\"text/html\"\u003e\n\u003cmeta http-equiv=\"content-type\" content=\"text/html; charset=UTF-8\"\u003e\n\u003c/head\u003e\n\u003cbody style=\"margin:0px 0px 0px 0px;overflow:auto;background:#FFFFFF;\"\u003e\n\u003ctable style=\"font-family:Arial,Verdana,Times;font-size:12px;text-align:left;width:100%;border-collapse:collapse;padding:3px 3px 3px 3px\"\u003e\n\u003ctr style=\"text-align:center;font-weight:bold;background:#9CBCE2\"\u003e\n\u003ctd\u003e18102566,9293\u003c/td\u003e\n\u003c/tr\u003e\n\u003ctr\u003e\n\u003ctd\u003e\n\u003ctable style=\"font-family:Arial,Verdana,Times;font-size:12px;text-align:left;width:100%;border-spacing:0px; padding:3px 3px 3px 3px\"\u003e\n\u003ctr\u003e\n\u003ctd\u003eFID\u003c/td\u003e\n\u003ctd\u003e0\u003c/td\u003e\n\u003c/tr\u003e\n\u003ctr bgcolor=\"#D4E4F3\"\u003e\n\u003ctd\u003eShape_Leng\u003c/td\u003e\n\u003ctd\u003e18102566,9293\u003c/td\u003e\n\u003c/tr\u003e\n\u003c/table\u003e\n\u003c/td\u003e\n\u003c/tr\u003e\n\u003c/table\u003e\n\u003c/body\u003e\u003cscript type=\"text/javascript\"\u003e\n\t\t\t\tfunction changeImage(attElement, nameElement) {\n\t\t\t\tdocument.getElementById('imageAttachment').src = attElement;\n\t\t\t\tdocument.getElementById('imageName').innerHTML = nameElement;}\n\t\t\t\u003c/script\u003e\u003c/html\u003e\n","FID_active_grids":150,"GridID":"M01","Shape_Length":0.014026525490439007,"Shape_Area":6.177251086660714e-07}},{"type":"Feature","id":27554,"geometry":{"type":"Polygon","coordinates":[[[112.70360357100003,-7.0958193529999676],[112.70360193500005,-7.095819358999961],[112.70360194000011,-7.0958205899999598],[112.70360357100003,-7.0958193529999676]]]},"properties":{"OBJECTID":27554,"FID_mangrove_utm":27462,"OBJECTID_1":27462,"Name":"18102566,9293","FolderPath":"JATIM/JATIM","SymbolID":0,"AltMode":0,"Base":0,"Clamped":-1,"Extruded":0,"Snippet":"","PopupInfo":"\u003chtml xmlns:fo=\"http://www.w3.org/1999/XSL/Format\" xmlns:msxsl=\"urn:schemas-microsoft-com:xslt\"\u003e\n\u003chead\u003e\n\u003cMETA http-equiv=\"Content-Type\" content=\"text/html\"\u003e\n\u003cmeta http-equiv=\"content-type\" content=\"text/html; charset=UTF-8\"\u003e\n\u003c/head\u003e\n\u003cbody style=\"margin:0px 0px 0px 0px;overflow:auto;background:#FFFFFF;\"\u003e\n\u003ctable style=\"font-family:Arial,Verdana,Times;font-size:12px;text-align:left;width:100%;border-collapse:collapse;padding:3px 3px 3px 3px\"\u003e\n\u003ctr style=\"text-align:center;font-weight:bold;background:#9CBCE2\"\u003e\n\u003ctd\u003e18102566,9293\u003c/td\u003e\n\u003c/tr\u003e\n\u003ctr\u003e\n\u003ctd\u003e\n\u003ctable style=\"font-family:Arial,Verdana,Times;font-size:12px;text-align:left;width:100%;border-spacing:0px; padding:3px 3px 3px 3px\"\u003e\n\u003ctr\u003e\n\u003ctd\u003eFID\u003c/td\u003e\n\u003ctd\u003e0\u003c/td\u003e\n\u003c/tr\u003e\n\u003ctr bgcolor=\"#D4E4F3\"\u003e\n\u003ctd\u003eShape_Leng\u003c/td\u003e\n\u003ctd\u003e18102566,9293\u003c/td\u003e\n\u003c/tr\u003e\n\u003c/table\u003e\n\u003c/td\u003e\n\u003c/tr\u003e\n\u003c/table\u003e\n\u003c/body\u003e\u003cscript type=\"text/javascript\"\u003e\n\t\t\t\tfunction changeImage(attElement, nameElement) {\n\t\t\t\tdocument.getElementById('imageAttachment').src = attElement;\n\t\t\t\tdocument.getElementById('imageName').innerHTML = nameElement;}\n\t\t\t\u003c/script\u003e\u003c/html\u003e\n","FID_active_grids":150,"GridID":"M01","Shape_Length":4.9140506201850675e-06,"Shape_Area":1.0069729863059981e-12}},{"type":"Feature","id":27556,"geometry":{"type":"Polygon","coordinates":[[[112.70365148900009,-7.0957830089999447],[112.7036199050001,-7.0957831239999791],[112.70361997200007,-7.0958012079999548],[112.70361092000007,-7.0958012409999469],[112.70361096600004,-7.0958137439999405],[112.70365148900009,-7.0957830089999447]]]},"properties":{"OBJECTID":27556,"FID_mangrove_utm":27464,"OBJECTID_1":27464,"Name":"18102566,9293","FolderPath":"JATIM/JATIM","SymbolID":0,"AltMode":0,"Base":0,"Clamped":-1,"Extruded":0,"Snippet":"","PopupInfo":"\u003chtml xmlns:fo=\"http://www.w3.org/1999/XSL/Format\" xmlns:msxsl=\"urn:schemas-microsoft-com:xslt\"\u003e\n\u003chead\u003e\n\u003cMETA http-equiv=\"Content-Type\" content=\"text/html\"\u003e\n\u003cmeta http-equiv=\"content-type\" content=\"text/html; charset=UTF-8\"\u003e\n\u003c/head\u003e\n\u003cbody style=\"margin:0px 0px 0px 0px;overflow:auto;background:#FFFFFF;\"\u003e\n\u003ctable style=\"font-family:Arial,Verdana,Times;font-size:12px;text-align:left;width:100%;border-collapse:collapse;padding:3px 3px 3px 3px\"\u003e\n\u003ctr style=\"text-align:center;font-weight:bold;background:#9CBCE2\"\u003e\n\u003ctd\u003e18102566,9293\u003c/td\u003e\n\u003c/tr\u003e\n\u003ctr\u003e\n\u003ctd\u003e\n\u003ctable style=\"font-family:Arial,Verdana,Times;font-size:12px;text-align:left;width:100%;border-spacing:0px; padding:3px 3px 3px 3px\"\u003e\n\u003ctr\u003e\n\u003ctd\u003eFID\u003c/td\u003e\n\u003ctd\u003e0\u003c/td\u003e\n\u003c/tr\u003e\n\u003ctr bgcolor=\"#D4E4F3\"\u003e\n\u003ctd\u003eShape_Leng\u003c/td\u003e\n\u003ctd\u003e18102566,9293\u003c/td\u003e\n\u003c/tr\u003e\n\u003c/table\u003e\n\u003c/td\u003e\n\u003c/tr\u003e\n\u003c/table\u003e\n\u003c/body\u003e\u003cscript type=\"text/javascript\"\u003e\n\t\t\t\tfunction changeImage(attElement, nameElement) {\n\t\t\t\tdocument.getElementById('imageAttachment').src = attElement;\n\t\t\t\tdocument.getElementById('imageName').innerHTML = nameElement;}\n\t\t\t\u003c/script\u003e\u003c/html\u003e\n","FID_active_grids":150,"GridID":"M01","Shape_Length":0.00012208361739720299,"Shape_Area":4.5777417567999649e-10}},{"type":"Feature","id":27557,"geometry":{"type":"Polygon","coordinates":[[[112.70366346800006,-7.0957739229999675],[112.7036560790001,-7.0957739499999661],[112.70365609900011,-7.0957795119999787],[112.70366346800006,-7.0957739229999675]]]},"properties":{"OBJECTID":27557,"FID_mangrove_utm":27465,"OBJECTID_1":27465,"Name":"18102566,9293","FolderPath":"JATIM/JATIM","SymbolID":0,"AltMode":0,"Base":0,"Clamped":-1,"Extruded":0,"Snippet":"","PopupInfo":"\u003chtml xmlns:fo=\"http://www.w3.org/1999/XSL/Format\" xmlns:msxsl=\"urn:schemas-microsoft-com:xslt\"\u003e\n\u003chead\u003e\n\u003cMETA http-equiv=\"Content-Type\" content=\"text/html\"\u003e\n\u003cmeta http-equiv=\"content-type\" content=\"text/html; charset=UTF-8\"\u003e\n\u003c/head\u003e\n\u003cbody style=\"margin:0px 0px 0px 0px;overflow:auto;background:#FFFFFF;\"\u003e\n\u003ctable style=\"font-family:Arial,Verdana,Times;font-size:12px;text-align:left;width:100%;border-collapse:collapse;padding:3px 3px 3px 3px\"\u003e\n\u003ctr style=\"text-align:center;font-weight:bold;background:#9CBCE2\"\u003e\n\u003ctd\u003e18102566,9293\u003c/td\u003e\n\u003c/tr\u003e\n\u003ctr\u003e\n\u003ctd\u003e\n\u003ctable style=\"font-family:Arial,Verdana,Times;font-size:12px;text-align:left;width:100%;border-spacing:0px; padding:3px 3px 3px 3px\"\u003e\n\u003ctr\u003e\n\u003ctd\u003eFID\u003c/td\u003e\n\u003ctd\u003e0\u003c/td\u003e\n\u003c/tr\u003e\n\u003ctr bgcolor=\"#D4E4F3\"\u003e\n\u003ctd\u003eShape_Leng\u003c/td\u003e\n\u003ctd\u003e18102566,9293\u003c/td\u003e\n\u003c/tr\u003e\n\u003c/table\u003e\n\u003c/td\u003e\n\u003c/tr\u003e\n\u003c/table\u003e\n\u003c/body\u003e\u003cscript type=\"text/javascript\"\u003e\n\t\t\t\tfunction changeImage(attElement, nameElement) {\n\t\t\t\tdocument.getElementById('imageAttachment').src = attElement;\n\t\t\t\tdocument.getElementById('imageName').innerHTML = nameElement;}\n\t\t\t\u003c/script\u003e\u003c/html\u003e\n","FID_active_grids":150,"GridID":"M01","Shape_Length":2.2199819300719555e-05,"Shape_Area":2.0549078938762369e-11}},{"type":"Feature","id":27558,"geometry":{"type":"Polygon","coordinates":[[[112.70366705800006,-7.0957711999999447],[112.70368873200005,-7.0957557459999521],[112.70367411500001,-7.09575579899996],[112.70367414900011,-7.0957648409999479],[112.70366509700011,-7.0957648749999294],[112.70366512600003,-7.0957726659999594],[112.70366705800006,-7.0957711999999447]]]},"properties":{"OBJECTID":27558,"FID_mangrove_utm":27466,"OBJECTID_1":27466,"Name":"18102566,9293","FolderPath":"JATIM/JATIM","SymbolID":0,"AltMode":0,"Base":0,"Clamped":-1,"Extruded":0,"Snippet":"","PopupInfo":"\u003chtml xmlns:fo=\"http://www.w3.org/1999/XSL/Format\" xmlns:msxsl=\"urn:schemas-microsoft-com:xslt\"\u003e\n\u003chead\u003e\n\u003cMETA http-equiv=\"Content-Type\" content=\"text/html\"\u003e\n\u003cmeta http-equiv=\"content-type\" content=\"text/html; charset=UTF-8\"\u003e\n\u003c/head\u003e\n\u003cbody style=\"margin:0px 0px 0px 0px;overflow:auto;background:#FFFFFF;\"\u003e\n\u003ctable style=\"font-family:Arial,Verdana,Times;font-size:12px;text-align:left;width:100%;border-collapse:collapse;padding:3px 3px 3px 3px\"\u003e\n\u003ctr style=\"text-align:center;font-weight:bold;background:#9CBCE2\"\u003e\n\u003ctd\u003e18102566,9293\u003c/td\u003e\n\u003c/tr\u003e\n\u003ctr\u003e\n\u003ctd\u003e\n\u003ctable style=\"font-family:Arial,Verdana,Times;font-size:12px;text-align:left;width:100%;border-spacing:0px; padding:3px 3px 3px 3px\"\u003e\n\u003ctr\u003e\n\u003ctd\u003eFID\u003c/td\u003e\n\u003ctd\u003e0\u003c/td\u003e\n\u003c/tr\u003e\n\u003ctr bgcolor=\"#D4E4F3\"\u003e\n\u003ctd\u003eShape_Leng\u003c/td\u003e\n\u003ctd\u003e18102566,9293\u003c/td\u003e\n\u003c/tr\u003e\n\u003c/table\u003e\n\u003c/td\u003e\n\u003c/tr\u003e\n\u003c/table\u003e\n\u003c/body\u003e\u003cscript type=\"text/javascript\"\u003e\n\t\t\t\tfunction changeImage(attElement, nameElement) {\n\t\t\t\tdocument.getElementById('imageAttachment').src = attElement;\n\t\t\t\tdocument.getElementById('imageName').innerHTML = nameElement;}\n\t\t\t\u003c/script\u003e\u003c/html\u003e\n","FID_active_grids":150,"GridID":"M01","Shape_Length":6.9546839688069918e-05,"Shape_Area":1.1641233379681954e-10}},{"type":"Feature","id":27559,"geometry":{"type":"Polygon","coordinates":[[[112.68728242500003,-7.0960507659999621],[112.68727337300004,-7.0960507989999542],[112.68727340600003,-7.096059840999942],[112.68726435400004,-7.0960598739999341],[112.68726432100004,-7.0960508319999462],[112.68725526900005,-7.0960508649999383],[112.68725523700004,-7.0960418229999505],[112.68724618500005,-7.0960418559999425],[112.68724611900006,-7.0960237719999668],[112.68723706700007,-7.0960238049999589],[112.68723710000006,-7.0960328469999467],[112.68722804900005,-7.0960328789999494],[112.68722808100006,-7.0960419209999372],[112.68721903000005,-7.0960419539999293],[112.68721893100007,-7.0960148279999657],[112.68722798300007,-7.0960147949999737],[112.68722795000008,-7.096005752999929],[112.68720984600009,-7.09600581899997],[112.68720987900008,-7.0960148609999578],[112.68720082800007,-7.0960148939999499],[112.68720086000008,-7.0960239359999377],[112.68720991200007,-7.0960239029999457],[112.68720994500006,-7.0960329449999335],[112.68719184200006,-7.0960330109999745],[112.68719180900007,-7.0960239689999298],[112.68717370500008,-7.0960240349999708],[112.68717367200009,-7.0960149929999261],[112.68719177600008,-7.096014926999942],[112.68719174300008,-7.0960058849999541],[112.68717364000008,-7.0960059509999382],[112.68717360700009,-7.0959969089999504],[112.68716455500009,-7.0959969419999425],[112.68716449700003,-7.0959809859999723],[112.68715742600011,-7.095978883999976],[112.68715543700011,-7.0959788909999588],[112.68715543500002,-7.095978291999927],[112.68714637400001,-7.0959755979999386],[112.68714638600011,-7.0959789239999509],[112.68713733400011,-7.095978956999943],[112.687137312,-7.0959729039999502],[112.68703723800002,-7.0959431519999612],[112.68702858200004,-7.0959431829999744],[112.68702857200003,-7.0959405759999754],[112.68694037900002,-7.0959143559999802],[112.68682114900002,-7.0958625579999648],[112.68672957900003,-7.0958628909999675],[112.68672951400004,-7.0958448069999349],[112.68673856500004,-7.0958447739999428],[112.68673853200005,-7.095835731999955],[112.68674758400005,-7.0958356989999629],[112.68674756500002,-7.0958305909999808],[112.68668410200007,-7.0958030199999484],[112.68668422200005,-7.0958359299999643],[112.68667517000006,-7.0958359629999563],[112.68667520300005,-7.0958450049999442],[112.68666615200004,-7.0958450369999468],[112.68666625000003,-7.0958721629999673],[112.68668435400002,-7.0958720979999725],[112.68668442000001,-7.0958901819999483],[112.68667536800001,-7.0958902139999509],[112.68667543400011,-7.0959082979999266],[112.68666638200011,-7.0959083309999755],[112.68666664600005,-7.0959806669999352],[112.68665759400005,-7.0959806999999273],[112.68665772600002,-7.0960168679999356],[112.68666677700003,-7.0960168349999435],[112.68666687600012,-7.0960439609999639],[112.68669403100012,-7.0960438619999309],[112.68669406400011,-7.0960529039999756],[112.6867031160001,-7.0960528709999267],[112.6867031490001,-7.0960619129999714],[112.6867212520001,-7.0960618479999766],[112.68672128500009,-7.0960708899999645],[112.68678464700008,-7.0960706589999631],[112.68678468000007,-7.096079700999951],[112.68683899000007,-7.0960795039999311],[112.68683902300006,-7.0960885459999758],[112.68686617800006,-7.0960884469999428],[112.68686621100005,-7.0960974889999306],[112.68687526300005,-7.0960974559999386],[112.68687529600004,-7.0961064979999264],[112.68689339900004,-7.0961064329999317],[112.68689343200003,-7.0961154749999764],[112.68693869100002,-7.0961153099999592],[112.68693859200005,-7.0960881839999388],[112.68694764300005,-7.0960881509999467],[112.68694757800006,-7.096070066999971],[112.68693852600006,-7.0960700999999631],[112.68693849300007,-7.0960610579999752],[112.68694754500007,-7.0960610249999263],[112.6869474130001,-7.0960248569999749],[112.68695646500009,-7.096024823999926],[112.68695639900011,-7.0960067399999502],[112.68694734700011,-7.0960067729999423],[112.68694728100002,-7.0959886889999666],[112.68697443600001,-7.0959885909999798],[112.68697450200011,-7.0960066749999555],[112.68698355400011,-7.0960066419999634],[112.68698345500002,-7.095979515999943],[112.68700155800002,-7.0959794499999589],[112.68700152600002,-7.095970407999971],[112.68701057700002,-7.095970374999979],[112.68701061000002,-7.0959794169999668],[112.68703776500001,-7.0959793179999338],[112.68703779800001,-7.0959883599999785],[112.68705590200011,-7.0959882949999269],[112.6870559350001,-7.0959973369999716],[112.6871011930001,-7.0959971719999544],[112.6871012260001,-7.0960062139999422],[112.68711027800009,-7.0960061809999502],[112.68711034400008,-7.0960242649999259],[112.68711939500008,-7.0960242319999338],[112.68711946100007,-7.0960423159999664],[112.68712851300006,-7.0960422829999743],[112.68712861200004,-7.0960694089999379],[112.68713766300004,-7.0960693759999458],[112.68713786100011,-7.0961236279999298],[112.68712880900011,-7.0961236609999787],[112.68712913900004,-7.096214080999971],[112.68714724200004,-7.09621401499993],[112.68714727500003,-7.0962230569999747],[112.68719253300003,-7.0962228929999469],[112.68719213800011,-7.0961143889999789],[112.68721929300011,-7.0961142899999459],[112.68721926000001,-7.096105247999958],[112.68722831200012,-7.0961052149999659],[112.68722834500011,-7.0961142569999538],[112.68725550000011,-7.096114158999967],[112.6872555330001,-7.0961232009999549],[112.68726458500009,-7.0961231679999628],[112.68726461800009,-7.0961322099999506],[112.68730082400009,-7.0961320779999255],[112.68730089000007,-7.0961501619999581],[112.68731899400007,-7.0961500959999739],[112.68731902700006,-7.0961591379999618],[112.68734618200006,-7.0961590389999287],[112.68734621500005,-7.0961680809999734],[112.68736431800005,-7.0961680159999787],[112.68736435100004,-7.0961770579999666],[112.68740055800004,-7.0961769259999414],[112.68740062400002,-7.096195009999974],[112.68741872700002,-7.096194943999933],[112.68741876000001,-7.0962039859999777],[112.68743686300002,-7.0962039199999367],[112.68743689600001,-7.0962129619999814],[112.68747310300012,-7.0962128309999457],[112.68747307000001,-7.0962037889999579],[112.68748212200001,-7.0962037559999658],[112.68748208900001,-7.0961947139999779],[112.68749114100001,-7.096194680999929],[112.68749110800002,-7.0961856389999411],[112.68750015900002,-7.0961856059999491],[112.68750019200002,-7.0961946479999369],[112.68750924400001,-7.0961946149999449],[112.68750917800003,-7.0961765309999691],[112.68750012700002,-7.0961765639999612],[112.68750009400003,-7.0961675219999734],[112.68749104200003,-7.0961675549999654],[112.68749100900004,-7.0961585129999776],[112.68748195700005,-7.0961585459999696],[112.68748192400005,-7.0961495039999249],[112.68747287300005,-7.0961495369999739],[112.68747284000005,-7.0961404949999292],[112.68751809800006,-7.0961403299999688],[112.68751806500006,-7.0961312879999809],[112.68752711700006,-7.096131254999932],[112.68752718300004,-7.0961493389999646],[112.68753623500004,-7.0961493059999725],[112.68753626700004,-7.0961583479999604],[112.68757247400004,-7.0961582169999815],[112.68757250700003,-7.0961672589999694],[112.68758155900002,-7.0961672259999773],[112.68758152600003,-7.0961581839999326],[112.68759057800003,-7.0961581509999405],[112.68759054500003,-7.0961491089999527],[112.68759959600004,-7.0961490759999606],[112.68759953100005,-7.096130991999928],[112.68760858200005,-7.096130958999936],[112.68760861500004,-7.0961400009999807],[112.68761766700004,-7.0961399679999317],[112.68761763400005,-7.0961309259999439],[112.68762668600004,-7.0961308929999518],[112.68762665300005,-7.096121850999964],[112.68763570400006,-7.0961218179999719],[112.68763567100007,-7.0961127759999272],[112.68765377500006,-7.0961127109999325],[112.68765374200007,-7.0961036689999446],[112.68764469000007,-7.0961037019999367],[112.68764462400009,-7.096085617999961],[112.68766272800008,-7.0960855519999768],[112.68766266200009,-7.0960674679999443],[112.6876717130001,-7.0960674349999522],[112.68767164800011,-7.0960493509999765],[112.68768069900011,-7.0960493179999276],[112.68768063300001,-7.0960312339999518],[112.68767158200001,-7.0960312669999439],[112.68767151600002,-7.0960131829999682],[112.68765341200003,-7.0960132489999523],[112.68765347800002,-7.0960313329999281],[112.68764442700001,-7.096031365999977],[112.68764439400002,-7.0960223239999323],[112.68763534200002,-7.0960223569999812],[112.68763527600004,-7.0960042729999486],[112.68765337900004,-7.0960042069999645],[112.68765334700004,-7.0959951649999766],[112.68763524300005,-7.0959952309999608],[112.68763521000005,-7.0959861889999729],[112.6876196720001,-7.0959862449999491],[112.6875204480001,-7.0960868089999281],[112.68736385300008,-7.096040253999945],[112.68736385700004,-7.0960414279999782],[112.68735480500004,-7.0960414609999702],[112.68735479100008,-7.0960375599999566],[112.6873377070001,-7.096032480999952],[112.68733666900005,-7.0960324849999665],[112.68733673500003,-7.0960505689999422],[112.68730052800004,-7.096050699999978],[112.68730049500004,-7.0960416579999332],[112.68728239200004,-7.0960417239999742],[112.68728242500003,-7.0960507659999621],[112.68729147600004,-7.09605073299997],[112.68729150900003,-7.0960597749999579],[112.68728245800003,-7.09605980799995],[112.68728242500003,-7.0960507659999621]],[[112.68730059400002,-7.0960687839999537],[112.68730056100003,-7.0960597419999658],[112.68731866400003,-7.0960596759999248],[112.68731869700002,-7.0960687179999695],[112.68730059400002,-7.0960687839999537],[112.68730062700001,-7.0960778259999415],[112.68729157500002,-7.0960778589999336],[112.68729154200003,-7.0960688169999457],[112.68730059400002,-7.0960687839999537]],[[112.68675716300004,-7.0959803379999471],[112.68676621400004,-7.095980304999955],[112.68676624700004,-7.0959893469999429],[112.68675719500004,-7.095989379999935],[112.68675716300004,-7.0959803379999471]]]},"properties":{"OBJECTID":27559,"FID_mangrove_utm":27467,"OBJECTID_1":27467,"Name":"18102566,9293","FolderPath":"JATIM/JATIM","SymbolID":0,"AltMode":0,"Base":0,"Clamped":-1,"Extruded":0,"Snippet":"","PopupInfo":"\u003chtml xmlns:fo=\"http://www.w3.org/1999/XSL/Format\" xmlns:msxsl=\"urn:schemas-microsoft-com:xslt\"\u003e\n\u003chead\u003e\n\u003cMETA http-equiv=\"Content-Type\" content=\"text/html\"\u003e\n\u003cmeta http-equiv=\"content-type\" content=\"text/html; charset=UTF-8\"\u003e\n\u003c/head\u003e\n\u003cbody style=\"margin:0px 0px 0px 0px;overflow:auto;background:#FFFFFF;\"\u003e\n\u003ctable style=\"font-family:Arial,Verdana,Times;font-size:12px;text-align:left;width:100%;border-collapse:collapse;padding:3px 3px 3px 3px\"\u003e\n\u003ctr style=\"text-align:center;font-weight:bold;background:#9CBCE2\"\u003e\n\u003ctd\u003e18102566,9293\u003c/td\u003e\n\u003c/tr\u003e\n\u003ctr\u003e\n\u003ctd\u003e\n\u003ctable style=\"font-family:Arial,Verdana,Times;font-size:12px;text-align:left;width:100%;border-spacing:0px; padding:3px 3px 3px 3px\"\u003e\n\u003ctr\u003e\n\u003ctd\u003eFID\u003c/td\u003e\n\u003ctd\u003e0\u003c/td\u003e\n\u003c/tr\u003e\n\u003ctr bgcolor=\"#D4E4F3\"\u003e\n\u003ctd\u003eShape_Leng\u003c/td\u003e\n\u003ctd\u003e18102566,9293\u003c/td\u003e\n\u003c/tr\u003e\n\u003c/table\u003e\n\u003c/td\u003e\n\u003c/tr\u003e\n\u003c/table\u003e\n\u003c/body\u003e\u003cscript type=\"text/javascript\"\u003e\n\t\t\t\tfunction changeImage(attElement, nameElement) {\n\t\t\t\tdocument.getElementById('imageAttachment').src = attElement;\n\t\t\t\tdocument.getElementById('imageName').innerHTML = nameElement;}\n\t\t\t\u003c/script\u003e\u003c/html\u003e\n","FID_active_grids":150,"GridID":"M01","Shape_Length":0.0042184322051363786,"Shape_Area":1.355368130612711e-07}},{"type":"Feature","id":27561,"geometry":{"type":"Polygon","coordinates":[[[112.69268482700011,-7.0956332449999309],[112.69264862000011,-7.095633376999956],[112.69264865300011,-7.0956424189999439],[112.6926396020001,-7.0956424519999359],[112.69263963500009,-7.0956514939999806],[112.6926305830001,-7.0956515269999727],[112.69263061600009,-7.0956605689999606],[112.69262156500008,-7.0956606019999526],[112.69262166400006,-7.095687727999973],[112.69261261200006,-7.0956877609999651],[112.69261267800005,-7.0957058449999408],[112.69260362600005,-7.0957058779999329],[112.69260375900001,-7.0957420459999412],[112.69259470700001,-7.0957420789999333],[112.69259477300011,-7.0957601629999658],[112.69258572100011,-7.0957601959999579],[112.6925857870001,-7.0957782799999336],[112.69257673600009,-7.0957783129999257],[112.69257680200008,-7.0957963969999582],[112.69256775000008,-7.0957964299999503],[112.6925678020001,-7.0958106469999507],[112.6926857740001,-7.0963728929999661],[112.6926387960001,-7.0968733709999583],[112.69258742500006,-7.0969421419999321],[112.69233360800001,-7.0968938879999541],[112.69213848100003,-7.0968873299999586],[112.69206975500003,-7.0971455149999656],[112.69207483000002,-7.0971454959999392],[112.69207479700003,-7.0971364539999513],[112.69210195200003,-7.0971363549999751],[112.69210188600005,-7.0971182709999425],[112.69211093800004,-7.0971182379999505],[112.69211090500005,-7.0971091959999626],[112.69211995700005,-7.0971091629999705],[112.69211992400005,-7.0971001209999258],[112.69214707900005,-7.0971000219999496],[112.69214704600006,-7.0970909799999617],[112.69215609700007,-7.0970909469999697],[112.69215606400007,-7.097081904999925],[112.69216511600007,-7.0970818719999329],[112.69216508300008,-7.097072829999945],[112.69217413500007,-7.097072796999953],[112.69217410200008,-7.0970637549999651],[112.69218315300009,-7.097063721999973],[112.69218302100001,-7.0970275549999542],[112.69219207300011,-7.0970275219999621],[112.69219190800004,-7.096982311999966],[112.69220095900005,-7.0969822789999739],[112.69220082700008,-7.0969461109999656],[112.69220987900007,-7.0969460779999736],[112.69220981300009,-7.096927993999941],[112.69220076100009,-7.0969280269999331],[112.69220069500011,-7.0969099429999574],[112.69220974700011,-7.0969099099999653],[112.69220971400011,-7.0969008679999774],[112.69222781700012,-7.0969008019999364],[112.69222778400001,-7.0968917599999486],[112.69224588800012,-7.0968916939999644],[112.69224592100011,-7.0969007359999523],[112.69226402400011,-7.0969006699999682],[112.6922640570001,-7.096909711999956],[112.6922912120001,-7.0969096129999798],[112.69229124500009,-7.0969186549999677],[112.69230934800009,-7.0969185889999267],[112.69230938200008,-7.0969276309999714],[112.69234558800008,-7.0969274989999462],[112.69234562100007,-7.0969365409999341],[112.69237277600007,-7.0969364419999579],[112.69237280900006,-7.0969454839999457],[112.69238186100006,-7.0969454509999537],[112.69238189400005,-7.0969544929999415],[112.69239999800004,-7.0969544269999574],[112.69240003100003,-7.0969634689999452],[112.69240908200004,-7.0969634359999532],[112.69240911500003,-7.096972477999941],[112.69243627000003,-7.0969723789999648],[112.69243633700012,-7.0969904629999405],[112.69246349200012,-7.0969903639999643],[112.69246352500011,-7.0969994059999522],[112.69249068000011,-7.0969993069999759],[112.6924907130001,-7.0970083489999638],[112.69257217800009,-7.097008050999932],[112.69257221100008,-7.0970170929999767],[112.69258126300008,-7.0970170599999278],[112.69258139500005,-7.0970532279999361],[112.69259044700004,-7.097053194999944],[112.69259048000004,-7.0970622369999319],[112.69260858300004,-7.0970621709999477],[112.69260864900002,-7.0970802549999803],[112.69261770100002,-7.0970802219999314],[112.69261773400001,-7.0970892639999761],[112.69262678600001,-7.0970892309999272],[112.69262681900011,-7.0970982729999719],[112.69263587000012,-7.0970982399999798],[112.69263590300011,-7.0971072819999677],[112.6926540070001,-7.0971072159999267],[112.69265404000009,-7.0971162579999714],[112.69266309200009,-7.0971162249999793],[112.69266312500008,-7.0971252669999672],[112.69267217600009,-7.0971252339999751],[112.69267220900008,-7.0971342759999629],[112.69272651900008,-7.0971340779999537],[112.69272648600008,-7.0971250359999658],[112.69273553800008,-7.0971250029999737],[112.69273547200009,-7.0971069189999412],[112.6927535750001,-7.097106852999957],[112.6927535420001,-7.0970978109999692],[112.6927625940001,-7.0970977779999771],[112.69276256100011,-7.0970887359999324],[112.6927716130001,-7.0970887029999403],[112.6927716460001,-7.0970977449999282],[112.6927806970001,-7.0970977119999361],[112.69278066400011,-7.0970886699999483],[112.69280781900011,-7.097088570999972],[112.69280778600012,-7.0970795289999273],[112.69282589000011,-7.0970794629999432],[112.69282582400001,-7.0970613789999675],[112.69283487500002,-7.0970613459999754],[112.69283467700006,-7.0970070939999346],[112.69284372900006,-7.0970070609999425],[112.69284366300008,-7.0969889769999668],[112.69285271400008,-7.0969889439999747],[112.69285258200011,-7.0969527759999664],[112.69286163400011,-7.0969527429999744],[112.69286143600004,-7.0968984919999798],[112.69287048700005,-7.0968984589999309],[112.69287045400006,-7.096889416999943],[112.69287950600005,-7.096889383999951],[112.69287953900005,-7.0968984259999388],[112.69288859100004,-7.0968983929999467],[112.69288862400003,-7.0969074339999452],[112.69294293400003,-7.0969072359999359],[112.69294300000001,-7.0969253199999685],[112.69296110300002,-7.0969252539999275],[112.69296126900008,-7.0969704639999804],[112.69297032000009,-7.0969704309999315],[112.69297038600007,-7.0969885149999641],[112.69297943800007,-7.096988481999972],[112.69297947100006,-7.0969975239999599],[112.69302473000005,-7.0969973589999427],[112.69302469600007,-7.0969883169999548],[112.69303374800006,-7.0969882839999627],[112.69303361600009,-7.0969521159999545],[112.6930245640001,-7.0969521489999465],[112.69302433300004,-7.0968888549999747],[112.69301528100004,-7.0968888879999668],[112.69301524800005,-7.0968798459999789],[112.69300619600006,-7.096879878999971],[112.69300613000007,-7.0968617949999384],[112.69303328500007,-7.0968616959999622],[112.69303325200008,-7.0968526539999743],[112.69304230400007,-7.0968526209999254],[112.69304223800009,-7.0968345379999391],[112.69303318600009,-7.0968345709999312],[112.69303308700012,-7.0968074449999676],[112.69304213900011,-7.0968074119999756],[112.69304210600001,-7.0967983699999309],[112.69306926100001,-7.0967982709999546],[112.69306922800001,-7.0967892289999668],[112.69307827900002,-7.0967891959999747],[112.69307814700005,-7.0967530279999664],[112.69306909500006,-7.0967530609999585],[112.69306906200006,-7.0967440189999706],[112.69307811400006,-7.0967439859999786],[112.6930779490001,-7.0966987759999256],[112.6930688970001,-7.0966988089999745],[112.69306879800001,-7.0966716829999541],[112.69307785000001,-7.096671649999962],[112.69307781700002,-7.0966626079999742],[112.69308686800002,-7.0966625749999253],[112.69308673600005,-7.0966264079999632],[112.69311389100005,-7.0966263079999408],[112.69311392400004,-7.0966353499999286],[112.69313202800004,-7.0966352839999445],[112.69313199400005,-7.0966262419999566],[112.69315009800005,-7.0966261759999725],[112.69315016400003,-7.0966442599999482],[112.69315921600003,-7.0966442269999561],[112.69315924900002,-7.096653268999944],[112.69317735200002,-7.0966532029999598],[112.69317731900003,-7.096644160999972],[112.69318637100002,-7.0966441279999799],[112.69318633800003,-7.0966350859999352],[112.69320444100003,-7.0966350199999511],[112.69320447400003,-7.0966440619999389],[112.69327688800001,-7.0966437979999455],[112.69327685400003,-7.0966347559999576],[112.69328590600003,-7.0966347229999656],[112.69328584000004,-7.096616638999933],[112.69329489200004,-7.0966166059999409],[112.69329485900005,-7.0966075639999531],[112.69330391000005,-7.096607530999961],[112.69330387700006,-7.0965984889999731],[112.69329482600006,-7.0965985219999652],[112.69329479300006,-7.0965894799999774],[112.69330384400007,-7.0965894469999284],[112.69330381100008,-7.0965804049999406],[112.69332191500007,-7.0965803389999564],[112.69332178200011,-7.0965441709999482],[112.6933398860001,-7.096544104999964],[112.69333985300011,-7.0965350629999762],[112.69334890400012,-7.0965350299999272],[112.69334887100001,-7.0965259879999394],[112.69335792300001,-7.0965259549999473],[112.69335789000002,-7.0965169129999595],[112.69336694200001,-7.0965168799999674],[112.69336687500004,-7.0964987969999811],[112.69337592700003,-7.0964987639999322],[112.69337586100005,-7.0964806799999565],[112.69338491300005,-7.0964806469999644],[112.69338488000005,-7.0964716049999765],[112.69339393100006,-7.0964715719999276],[112.69339389800007,-7.0964625299999398],[112.69340295000006,-7.0964624969999477],[112.69340288400008,-7.096444412999972],[112.69339383200008,-7.096444445999964],[112.69339379900009,-7.0964354039999762],[112.6933847470001,-7.0964354369999683],[112.6933847140001,-7.0964263949999804],[112.6933485080001,-7.0964265269999487],[112.69334854100009,-7.0964355689999365],[112.6933304370001,-7.0964356349999775],[112.69333037100012,-7.096417550999945],[112.69333942300011,-7.0964175179999529],[112.69333915800007,-7.0963451819999364],[112.69334821000007,-7.0963451489999443],[112.69334817700008,-7.0963361069999564],[112.69333912500008,-7.0963361409999379],[112.69333909200009,-7.0963270989999501],[112.69338435100008,-7.0963269329999434],[112.69338431800008,-7.096317891999945],[112.69341147300008,-7.0963177919999794],[112.69341150600007,-7.0963268339999672],[112.69342055700008,-7.0963268009999751],[112.69342059000007,-7.096335842999963],[112.69345679700007,-7.0963357109999379],[112.69345676400008,-7.09632666899995],[112.69346581600007,-7.0963266359999579],[112.69346578300008,-7.0963175939999701],[112.69348388600008,-7.0963175279999291],[112.69348385300009,-7.0963084859999412],[112.69349290500008,-7.0963084529999492],[112.69349283800011,-7.0962903689999735],[112.69350189000011,-7.0962903359999814],[112.69350156000007,-7.0961999169999785],[112.69349250800008,-7.0961999499999706],[112.69349244200009,-7.0961818659999381],[112.6934833900001,-7.0961818989999301],[112.6934833570001,-7.0961728569999423],[112.69347430500011,-7.0961728899999343],[112.69347423900001,-7.0961548059999586],[112.693465188,-7.0961548389999507],[112.69346515400002,-7.0961457969999628],[112.69345610300002,-7.0961458299999549],[112.69345607000002,-7.0961367879999671],[112.69346512100003,-7.096136754999975],[112.69346505500005,-7.0961186709999424],[112.69345600400004,-7.0961187039999345],[112.69345587100008,-7.0960825369999725],[112.69343776800008,-7.0960826029999566],[112.6934376690001,-7.0960554769999362],[112.69342861700011,-7.0960555099999283],[112.69342858400012,-7.0960464679999404],[112.69341953200001,-7.0960465009999325],[112.69341943300003,-7.0960193749999689],[112.69340133000003,-7.0960194409999531],[112.69340129700004,-7.0960103989999652],[112.69339224500004,-7.0960104319999573],[112.69339221200005,-7.0960013899999694],[112.69335600600004,-7.0960015219999377],[112.69335597200006,-7.0959924799999499],[112.69334692100006,-7.0959925129999419],[112.69334688800006,-7.0959834709999541],[112.69333783600007,-7.0959835039999462],[112.69333780300008,-7.0959744619999583],[112.69331970000007,-7.0959745289999319],[112.69331966700008,-7.095965486999944],[112.69330156300009,-7.0959655529999281],[112.6933015300001,-7.0959565109999403],[112.6932834270001,-7.0959565769999813],[112.6932833940001,-7.0959475349999366],[112.69327434200011,-7.0959475679999287],[112.69327427600001,-7.0959294839999529],[112.69325617300001,-7.0959295499999371],[112.69325614000002,-7.0959205079999492],[112.69323803600003,-7.0959205739999334],[112.69323800300003,-7.0959115319999455],[112.69322895200003,-7.0959115649999376],[112.69322891900003,-7.0959025229999497],[112.69321081500004,-7.0959025889999339],[112.69321078200005,-7.095893546999946],[112.69320173000006,-7.0958935799999381],[112.69320169700006,-7.0958845379999502],[112.69318359400006,-7.0958846039999344],[112.69318356100007,-7.0958755619999465],[112.69317450900007,-7.0958755949999386],[112.69317447600008,-7.0958665529999507],[112.69316542500007,-7.0958665859999428],[112.69316539200008,-7.0958575439999549],[112.69315634000009,-7.095857576999947],[112.6931562740001,-7.0958394939999607],[112.69313817000011,-7.0958395599999449],[112.69313813700001,-7.095830517999957],[112.69312908600011,-7.0958305509999491],[112.69312905300001,-7.0958215089999612],[112.69311094900002,-7.0958215749999454],[112.69311091600002,-7.0958125329999575],[112.69309281300002,-7.0958125989999417],[112.69309274700004,-7.0957945149999659],[112.69308369500004,-7.095794547999958],[112.69308366200005,-7.0957855059999702],[112.69307461100004,-7.0957855389999622],[112.69307454400007,-7.0957674549999297],[112.69306549300006,-7.0957674879999786],[112.69306546000007,-7.0957584459999339],[112.69305640800007,-7.095758478999926],[112.69305637500008,-7.0957494369999381],[112.69302922000008,-7.0957495359999712],[112.69302918700009,-7.0957404939999265],[112.69300203200009,-7.0957405929999595],[112.6930019990001,-7.0957315509999717],[112.6929748440001,-7.0957316499999479],[112.69297481100011,-7.09572260799996],[112.69295670800011,-7.0957226749999336],[112.69295667400002,-7.0957136329999457],[112.69293857100001,-7.0957136989999299],[112.69293853800002,-7.095704656999942],[112.69289328000002,-7.0957048219999592],[112.69289324700003,-7.0956957799999714],[112.69286609200003,-7.0956958789999476],[112.69286605900004,-7.0956868369999597],[112.69282985200005,-7.095686968999928],[112.69282981900005,-7.0956779269999402],[112.69280266400006,-7.0956780259999732],[112.69280263100006,-7.0956689839999285],[112.69279357900007,-7.0956690169999774],[112.69279354600008,-7.0956599749999327],[112.69273923600008,-7.095660172999942],[112.69273920300009,-7.0956511309999541],[112.69273015200008,-7.0956511639999462],[112.6927301180001,-7.0956421219999584],[112.6926848600001,-7.0956422869999756],[112.69268482700011,-7.0956332449999309]],[[112.69305099200005,-7.0967531269999427],[112.69306004400005,-7.0967530939999506],[112.69306007700004,-7.0967621359999384],[112.69305102500005,-7.0967621689999305],[112.69305099200005,-7.0967531269999427]]]},"properties":{"OBJECTID":27561,"FID_mangrove_utm":27469,"OBJECTID_1":27469,"Name":"18102566,9293","FolderPath":"JATIM/JATIM","SymbolID":0,"AltMode":0,"Base":0,"Clamped":-1,"Extruded":0,"Snippet":"","PopupInfo":"\u003chtml xmlns:fo=\"http://www.w3.org/1999/XSL/Format\" xmlns:msxsl=\"urn:schemas-microsoft-com:xslt\"\u003e\n\u003chead\u003e\n\u003cMETA http-equiv=\"Content-Type\" content=\"text/html\"\u003e\n\u003cmeta http-equiv=\"content-type\" content=\"text/html; charset=UTF-8\"\u003e\n\u003c/head\u003e\n\u003cbody style=\"margin:0px 0px 0px 0px;overflow:auto;background:#FFFFFF;\"\u003e\n\u003ctable style=\"font-family:Arial,Verdana,Times;font-size:12px;text-align:left;width:100%;border-collapse:collapse;padding:3px 3px 3px 3px\"\u003e\n\u003ctr style=\"text-align:center;font-weight:bold;background:#9CBCE2\"\u003e\n\u003ctd\u003e18102566,9293\u003c/td\u003e\n\u003c/tr\u003e\n\u003ctr\u003e\n\u003ctd\u003e\n\u003ctable style=\"font-family:Arial,Verdana,Times;font-size:12px;text-align:left;width:100%;border-spacing:0px; padding:3px 3px 3px 3px\"\u003e\n\u003ctr\u003e\n\u003ctd\u003eFID\u003c/td\u003e\n\u003ctd\u003e0\u003c/td\u003e\n\u003c/tr\u003e\n\u003ctr bgcolor=\"#D4E4F3\"\u003e\n\u003ctd\u003eShape_Leng\u003c/td\u003e\n\u003ctd\u003e18102566,9293\u003c/td\u003e\n\u003c/tr\u003e\n\u003c/table\u003e\n\u003c/td\u003e\n\u003c/tr\u003e\n\u003c/table\u003e\n\u003c/body\u003e\u003cscript type=\"text/javascript\"\u003e\n\t\t\t\tfunction changeImage(attElement, nameElement) {\n\t\t\t\tdocument.getElementById('imageAttachment').src = attElement;\n\t\t\t\tdocument.getElementById('imageName').innerHTML = nameElement;}\n\t\t\t\u003c/script\u003e\u003c/html\u003e\n","FID_active_grids":150,"GridID":"M01","Shape_Length":0.0071684399393345116,"Shape_Area":8.611811557179061e-07}},{"type":"Feature","id":27562,"geometry":{"type":"Polygon","coordinates":[[[112.69270273200004,-7.0955789279999522],[112.69270263300007,-7.0955518019999317],[112.69269358100007,-7.0955518349999807],[112.69269368100004,-7.0955789609999442],[112.69270273200004,-7.0955789279999522]]]},"properties":{"OBJECTID":27562,"FID_mangrove_utm":27470,"OBJECTID_1":27470,"Name":"18102566,9293","FolderPath":"JATIM/JATIM","SymbolID":0,"AltMode":0,"Base":0,"Clamped":-1,"Extruded":0,"Snippet":"","PopupInfo":"\u003chtml xmlns:fo=\"http://www.w3.org/1999/XSL/Format\" xmlns:msxsl=\"urn:schemas-microsoft-com:xslt\"\u003e\n\u003chead\u003e\n\u003cMETA http-equiv=\"Content-Type\" content=\"text/html\"\u003e\n\u003cmeta http-equiv=\"content-type\" content=\"text/html; charset=UTF-8\"\u003e\n\u003c/head\u003e\n\u003cbody style=\"margin:0px 0px 0px 0px;overflow:auto;background:#FFFFFF;\"\u003e\n\u003ctable style=\"font-family:Arial,Verdana,Times;font-size:12px;text-align:left;width:100%;border-collapse:collapse;padding:3px 3px 3px 3px\"\u003e\n\u003ctr style=\"text-align:center;font-weight:bold;background:#9CBCE2\"\u003e\n\u003ctd\u003e18102566,9293\u003c/td\u003e\n\u003c/tr\u003e\n\u003ctr\u003e\n\u003ctd\u003e\n\u003ctable style=\"font-family:Arial,Verdana,Times;font-size:12px;text-align:left;width:100%;border-spacing:0px; padding:3px 3px 3px 3px\"\u003e\n\u003ctr\u003e\n\u003ctd\u003eFID\u003c/td\u003e\n\u003ctd\u003e0\u003c/td\u003e\n\u003c/tr\u003e\n\u003ctr bgcolor=\"#D4E4F3\"\u003e\n\u003ctd\u003eShape_Leng\u003c/td\u003e\n\u003ctd\u003e18102566,9293\u003c/td\u003e\n\u003c/tr\u003e\n\u003c/table\u003e\n\u003c/td\u003e\n\u003c/tr\u003e\n\u003c/table\u003e\n\u003c/body\u003e\u003cscript type=\"text/javascript\"\u003e\n\t\t\t\tfunction changeImage(attElement, nameElement) {\n\t\t\t\tdocument.getElementById('imageAttachment').src = attElement;\n\t\t\t\tdocument.getElementById('imageName').innerHTML = nameElement;}\n\t\t\t\u003c/script\u003e\u003c/html\u003e\n","FID_active_grids":150,"GridID":"M01","Shape_Length":7.2355485277941659e-05,"Shape_Area":2.4553427245786935e-10}},{"type":"Feature","id":27567,"geometry":{"type":"Polygon","coordinates":[[[112.69302812900003,-7.0954511519999528],[112.69297381900003,-7.0954513499999621],[112.69297385200002,-7.0954603919999499],[112.69298290400002,-7.0954603589999579],[112.69298293700001,-7.0954694009999457],[112.69300104000001,-7.0954693349999616],[112.69300107400011,-7.0954783769999494],[112.69302822900011,-7.0954782779999732],[112.6930282620001,-7.0954873199999611],[112.6930554170001,-7.095487220999928],[112.69305535000001,-7.0954691369999523],[112.69304629900012,-7.0954691699999444],[112.69304626600001,-7.0954601279999565],[112.69302816200002,-7.0954601939999407],[112.69302812900003,-7.0954511519999528]]]},"properties":{"OBJECTID":27567,"FID_mangrove_utm":27475,"OBJECTID_1":27475,"Name":"18102566,9293","FolderPath":"JATIM/JATIM","SymbolID":0,"AltMode":0,"Base":0,"Clamped":-1,"Extruded":0,"Snippet":"","PopupInfo":"\u003chtml xmlns:fo=\"http://www.w3.org/1999/XSL/Format\" xmlns:msxsl=\"urn:schemas-microsoft-com:xslt\"\u003e\n\u003chead\u003e\n\u003cMETA http-equiv=\"Content-Type\" content=\"text/html\"\u003e\n\u003cmeta http-equiv=\"content-type\" content=\"text/html; charset=UTF-8\"\u003e\n\u003c/head\u003e\n\u003cbody style=\"margin:0px 0px 0px 0px;overflow:auto;background:#FFFFFF;\"\u003e\n\u003ctable style=\"font-family:Arial,Verdana,Times;font-size:12px;text-align:left;width:100%;border-collapse:collapse;padding:3px 3px 3px 3px\"\u003e\n\u003ctr style=\"text-align:center;font-weight:bold;background:#9CBCE2\"\u003e\n\u003ctd\u003e18102566,9293\u003c/td\u003e\n\u003c/tr\u003e\n\u003ctr\u003e\n\u003ctd\u003e\n\u003ctable style=\"font-family:Arial,Verdana,Times;font-size:12px;text-align:left;width:100%;border-spacing:0px; padding:3px 3px 3px 3px\"\u003e\n\u003ctr\u003e\n\u003ctd\u003eFID\u003c/td\u003e\n\u003ctd\u003e0\u003c/td\u003e\n\u003c/tr\u003e\n\u003ctr bgcolor=\"#D4E4F3\"\u003e\n\u003ctd\u003eShape_Leng\u003c/td\u003e\n\u003ctd\u003e18102566,9293\u003c/td\u003e\n\u003c/tr\u003e\n\u003c/table\u003e\n\u003c/td\u003e\n\u003c/tr\u003e\n\u003c/table\u003e\n\u003c/body\u003e\u003cscript type=\"text/javascript\"\u003e\n\t\t\t\tfunction changeImage(attElement, nameElement) {\n\t\t\t\tdocument.getElementById('imageAttachment').src = attElement;\n\t\t\t\tdocument.getElementById('imageName').innerHTML = nameElement;}\n\t\t\t\u003c/script\u003e\u003c/html\u003e\n","FID_active_grids":150,"GridID":"M01","Shape_Length":0.00023526757169051109,"Shape_Area":1.800616372291929e-09}},{"type":"Feature","id":27568,"geometry":{"type":"Polygon","coordinates":[[[112.69444923900005,-7.0954459669999324],[112.69445829100005,-7.0954459339999403],[112.69445822500006,-7.0954278499999646],[112.69443107000006,-7.0954279489999408],[112.69443110300006,-7.0954369909999286],[112.69442205100006,-7.0954370239999776],[112.69442208400005,-7.0954460659999654],[112.69441303300005,-7.0954460989999575],[112.69441306600004,-7.0954551409999453],[112.69440401400004,-7.0954551739999374],[112.69440418000011,-7.0955003839999335],[112.69439512800011,-7.0955004169999256],[112.6943951610001,-7.0955094589999703],[112.6944042130001,-7.0955094259999782],[112.69440431200007,-7.0955365509999524],[112.69442241500008,-7.0955364849999683],[112.69442238200008,-7.0955274429999804],[112.69443143400008,-7.0955274099999315],[112.6944313680001,-7.0955093259999558],[112.6944404190001,-7.0955092929999637],[112.69444028700002,-7.0954731259999448],[112.69444933900002,-7.0954730929999528],[112.69444923900005,-7.0954459669999324]]]},"properties":{"OBJECTID":27568,"FID_mangrove_utm":27476,"OBJECTID_1":27476,"Name":"18102566,9293","FolderPath":"JATIM/JATIM","SymbolID":0,"AltMode":0,"Base":0,"Clamped":-1,"Extruded":0,"Snippet":"","PopupInfo":"\u003chtml xmlns:fo=\"http://www.w3.org/1999/XSL/Format\" xmlns:msxsl=\"urn:schemas-microsoft-com:xslt\"\u003e\n\u003chead\u003e\n\u003cMETA http-equiv=\"Content-Type\" content=\"text/html\"\u003e\n\u003cmeta http-equiv=\"content-type\" content=\"text/html; charset=UTF-8\"\u003e\n\u003c/head\u003e\n\u003cbody style=\"margin:0px 0px 0px 0px;overflow:auto;background:#FFFFFF;\"\u003e\n\u003ctable style=\"font-family:Arial,Verdana,Times;font-size:12px;text-align:left;width:100%;border-collapse:collapse;padding:3px 3px 3px 3px\"\u003e\n\u003ctr style=\"text-align:center;font-weight:bold;background:#9CBCE2\"\u003e\n\u003ctd\u003e18102566,9293\u003c/td\u003e\n\u003c/tr\u003e\n\u003ctr\u003e\n\u003ctd\u003e\n\u003ctable style=\"font-family:Arial,Verdana,Times;font-size:12px;text-align:left;width:100%;border-spacing:0px; padding:3px 3px 3px 3px\"\u003e\n\u003ctr\u003e\n\u003ctd\u003eFID\u003c/td\u003e\n\u003ctd\u003e0\u003c/td\u003e\n\u003c/tr\u003e\n\u003ctr bgcolor=\"#D4E4F3\"\u003e\n\u003ctd\u003eShape_Leng\u003c/td\u003e\n\u003ctd\u003e18102566,9293\u003c/td\u003e\n\u003c/tr\u003e\n\u003c/table\u003e\n\u003c/td\u003e\n\u003c/tr\u003e\n\u003c/table\u003e\n\u003c/body\u003e\u003cscript type=\"text/javascript\"\u003e\n\t\t\t\tfunction changeImage(attElement, nameElement) {\n\t\t\t\tdocument.getElementById('imageAttachment').src = attElement;\n\t\t\t\tdocument.getElementById('imageName').innerHTML = nameElement;}\n\t\t\t\u003c/script\u003e\u003c/html\u003e\n","FID_active_grids":150,"GridID":"M01","Shape_Length":0.00034373229469136156,"Shape_Area":3.7648768678059293e-09}},{"type":"Feature","id":27571,"geometry":{"type":"Polygon","coordinates":[[[112.69291029300007,-7.0954063709999673],[112.69287408600007,-7.0954065029999356],[112.69287411900007,-7.0954155449999803],[112.69286506700007,-7.0954155779999724],[112.69286510000006,-7.0954246199999602],[112.69285604900006,-7.0954246529999523],[112.69285608200005,-7.0954336949999401],[112.69286513300005,-7.0954336619999481],[112.69286519900004,-7.0954517459999806],[112.69287425100003,-7.0954517129999317],[112.69287428400003,-7.0954607549999764],[112.69291954200003,-7.0954605899999592],[112.69291950900003,-7.0954515479999714],[112.69294666400003,-7.0954514489999383],[112.69294669700002,-7.0954604909999262],[112.69295574900002,-7.0954604579999341],[112.69295561700005,-7.0954242899999258],[112.69292846200005,-7.0954243889999589],[112.69292842900006,-7.095415346999971],[112.69291032600006,-7.0954154129999552],[112.69291029300007,-7.0954063709999673]]]},"properties":{"OBJECTID":27571,"FID_mangrove_utm":27479,"OBJECTID_1":27479,"Name":"18102566,9293","FolderPath":"JATIM/JATIM","SymbolID":0,"AltMode":0,"Base":0,"Clamped":-1,"Extruded":0,"Snippet":"","PopupInfo":"\u003chtml xmlns:fo=\"http://www.w3.org/1999/XSL/Format\" xmlns:msxsl=\"urn:schemas-microsoft-com:xslt\"\u003e\n\u003chead\u003e\n\u003cMETA http-equiv=\"Content-Type\" content=\"text/html\"\u003e\n\u003cmeta http-equiv=\"content-type\" content=\"text/html; charset=UTF-8\"\u003e\n\u003c/head\u003e\n\u003cbody style=\"margin:0px 0px 0px 0px;overflow:auto;background:#FFFFFF;\"\u003e\n\u003ctable style=\"font-family:Arial,Verdana,Times;font-size:12px;text-align:left;width:100%;border-collapse:collapse;padding:3px 3px 3px 3px\"\u003e\n\u003ctr style=\"text-align:center;font-weight:bold;background:#9CBCE2\"\u003e\n\u003ctd\u003e18102566,9293\u003c/td\u003e\n\u003c/tr\u003e\n\u003ctr\u003e\n\u003ctd\u003e\n\u003ctable style=\"font-family:Arial,Verdana,Times;font-size:12px;text-align:left;width:100%;border-spacing:0px; padding:3px 3px 3px 3px\"\u003e\n\u003ctr\u003e\n\u003ctd\u003eFID\u003c/td\u003e\n\u003ctd\u003e0\u003c/td\u003e\n\u003c/tr\u003e\n\u003ctr bgcolor=\"#D4E4F3\"\u003e\n\u003ctd\u003eShape_Leng\u003c/td\u003e\n\u003ctd\u003e18102566,9293\u003c/td\u003e\n\u003c/tr\u003e\n\u003c/table\u003e\n\u003c/td\u003e\n\u003c/tr\u003e\n\u003c/table\u003e\n\u003c/body\u003e\u003cscript type=\"text/javascript\"\u003e\n\t\t\t\tfunction changeImage(attElement, nameElement) {\n\t\t\t\tdocument.getElementById('imageAttachment').src = attElement;\n\t\t\t\tdocument.getElementById('imageName').innerHTML = nameElement;}\n\t\t\t\u003c/script\u003e\u003c/html\u003e\n","FID_active_grids":150,"GridID":"M01","Shape_Length":0.0003257261665147726,"Shape_Area":3.9286293749825206e-09}},{"type":"Feature","id":27573,"geometry":{"type":"Polygon","coordinates":[[[112.69350757000007,-7.0953680239999812],[112.69347136300007,-7.0953681559999495],[112.69347139600006,-7.0953771979999374],[112.69346234500006,-7.0953772309999295],[112.69346237800005,-7.0953862729999742],[112.69345332600005,-7.0953863059999662],[112.69345335900005,-7.0953953479999541],[112.69344430700005,-7.0953953809999462],[112.69344434000004,-7.095404422999934],[112.69343528900004,-7.0954044559999261],[112.69343535500002,-7.0954225399999586],[112.69342630300002,-7.0954225729999507],[112.69342633600002,-7.0954316149999386],[112.69341728500001,-7.0954316479999306],[112.69341735100011,-7.0954497319999632],[112.69340829900011,-7.0954497649999553],[112.69340843100008,-7.0954859329999636],[112.69339938000007,-7.0954859659999556],[112.69339944600006,-7.0955040499999313],[112.69339039400006,-7.0955040829999803],[112.69339069200009,-7.0955854599999384],[112.6933997430001,-7.0955854269999463],[112.69339980900008,-7.0956035109999789],[112.69340886100008,-7.09560347799993],[112.69340899300005,-7.0956396459999382],[112.69341804500004,-7.0956396129999462],[112.69341821,-7.0956848229999423],[112.69342726200011,-7.0956847899999502],[112.6934273280001,-7.0957028739999259],[112.69343638000009,-7.0957028409999339],[112.69343654500005,-7.0957480499999406],[112.69345464800006,-7.0957479839999564],[112.69345471400004,-7.0957660679999321],[112.69346376600004,-7.0957660349999401],[112.69346379900003,-7.0957750769999279],[112.69347285100002,-7.0957750439999359],[112.69347288400002,-7.0957840859999806],[112.69348193500002,-7.0957840529999316],[112.69348196900012,-7.0957930949999763],[112.69349102000001,-7.0957930619999274],[112.69349105300012,-7.0958021039999721],[112.69350010500011,-7.0958020709999801],[112.6935001710001,-7.0958201549999558],[112.69350922300009,-7.0958201219999637],[112.69350925600008,-7.0958291639999516],[112.69351830700009,-7.0958291309999595],[112.69351834000008,-7.0958381729999473],[112.69352739200008,-7.0958381399999553],[112.69352742500007,-7.0958471819999431],[112.69354552900006,-7.095847115999959],[112.69354559500005,-7.0958651999999347],[112.69355464600005,-7.0958651669999426],[112.69355467900004,-7.0958742079999411],[112.69357278300004,-7.0958741419999569],[112.69357281600003,-7.0958831839999448],[112.69358186700003,-7.0958831509999527],[112.69358190000003,-7.0958921929999406],[112.69359095200002,-7.0958921599999485],[112.69359101800001,-7.095910243999981],[112.69360007000012,-7.0959102109999321],[112.69360010300011,-7.0959192529999768],[112.6936091550001,-7.0959192199999279],[112.6936091880001,-7.0959282619999726],[112.6936182390001,-7.0959282289999805],[112.69361827200009,-7.0959372709999684],[112.69363637600009,-7.0959372049999274],[112.69363644200007,-7.09595528899996],[112.69365454500007,-7.0959552229999758],[112.69365457800006,-7.0959642649999637],[112.69366363000006,-7.0959642319999716],[112.69366366300005,-7.0959732739999595],[112.69367271500005,-7.0959732409999674],[112.69367274800004,-7.0959822829999553],[112.69368179900005,-7.0959822489999738],[112.69368183300003,-7.0959912909999616],[112.69371803900003,-7.0959911589999365],[112.69371797300005,-7.0959730749999608],[112.69373607600005,-7.0959730089999766],[112.69373594400008,-7.0959368419999578],[112.69374499600008,-7.0959368089999657],[112.69374456600008,-7.095819262999953],[112.69373551400008,-7.0958192959999451],[112.69373534900001,-7.095774085999949],[112.69372629700001,-7.0957741199999305],[112.69372613200005,-7.0957289099999343],[112.69371708000006,-7.0957289429999264],[112.69371701400007,-7.0957108589999507],[112.69370796300007,-7.0957108919999428],[112.6937078630001,-7.0956837659999792],[112.69369881200009,-7.0956837989999713],[112.69369871300012,-7.0956566729999508],[112.69368966100001,-7.0956567059999429],[112.69368959500002,-7.0956386219999672],[112.69368054300003,-7.0956386549999593],[112.69368047700004,-7.095620571999973],[112.69367142500005,-7.0956206049999651],[112.69367135900006,-7.0956025209999325],[112.69366230800006,-7.0956025539999814],[112.69366220800009,-7.095575427999961],[112.69365315700009,-7.0955754609999531],[112.69365312400009,-7.0955664189999652],[112.6936440720001,-7.0955664519999573],[112.69364397300001,-7.0955393259999369],[112.69363492100001,-7.0955393589999289],[112.69363482200004,-7.0955122329999654],[112.69362577000004,-7.0955122659999574],[112.69362573700005,-7.0955032239999696],[112.69361668600004,-7.0955032569999616],[112.69361661900007,-7.0954851729999291],[112.69360756800006,-7.095485205999978],[112.69360753500007,-7.0954761649999796],[112.69359848300007,-7.0954761979999716],[112.69359841700009,-7.0954581139999391],[112.69358936500009,-7.0954581469999312],[112.69358929900011,-7.0954400629999554],[112.69358024700011,-7.0954400959999475],[112.69358021400001,-7.0954310539999597],[112.69357116300012,-7.0954310869999517],[112.69357113000001,-7.0954220449999639],[112.69356207800001,-7.0954220779999559],[112.69356204500002,-7.0954130359999681],[112.69355299300003,-7.0954130689999602],[112.69355296000003,-7.0954040269999723],[112.69354390900003,-7.0954040599999644],[112.69354387600004,-7.0953950179999765],[112.69353482400004,-7.0953950509999686],[112.69353479100005,-7.0953860089999807],[112.69351668800005,-7.0953860749999649],[112.69351665400006,-7.095377032999977],[112.69350760300006,-7.0953770659999691],[112.69350757000007,-7.0953680239999812]]]},"properties":{"OBJECTID":27573,"FID_mangrove_utm":27481,"OBJECTID_1":27481,"Name":"18102566,9293","FolderPath":"JATIM/JATIM","SymbolID":0,"AltMode":0,"Base":0,"Clamped":-1,"Extruded":0,"Snippet":"","PopupInfo":"\u003chtml xmlns:fo=\"http://www.w3.org/1999/XSL/Format\" xmlns:msxsl=\"urn:schemas-microsoft-com:xslt\"\u003e\n\u003chead\u003e\n\u003cMETA http-equiv=\"Content-Type\" content=\"text/html\"\u003e\n\u003cmeta http-equiv=\"content-type\" content=\"text/html; charset=UTF-8\"\u003e\n\u003c/head\u003e\n\u003cbody style=\"margin:0px 0px 0px 0px;overflow:auto;background:#FFFFFF;\"\u003e\n\u003ctable style=\"font-family:Arial,Verdana,Times;font-size:12px;text-align:left;width:100%;border-collapse:collapse;padding:3px 3px 3px 3px\"\u003e\n\u003ctr style=\"text-align:center;font-weight:bold;background:#9CBCE2\"\u003e\n\u003ctd\u003e18102566,9293\u003c/td\u003e\n\u003c/tr\u003e\n\u003ctr\u003e\n\u003ctd\u003e\n\u003ctable style=\"font-family:Arial,Verdana,Times;font-size:12px;text-align:left;width:100%;border-spacing:0px; padding:3px 3px 3px 3px\"\u003e\n\u003ctr\u003e\n\u003ctd\u003eFID\u003c/td\u003e\n\u003ctd\u003e0\u003c/td\u003e\n\u003c/tr\u003e\n\u003ctr bgcolor=\"#D4E4F3\"\u003e\n\u003ctd\u003eShape_Leng\u003c/td\u003e\n\u003ctd\u003e18102566,9293\u003c/td\u003e\n\u003c/tr\u003e\n\u003c/table\u003e\n\u003c/td\u003e\n\u003c/tr\u003e\n\u003c/table\u003e\n\u003c/body\u003e\u003cscript type=\"text/javascript\"\u003e\n\t\t\t\tfunction changeImage(attElement, nameElement) {\n\t\t\t\tdocument.getElementById('imageAttachment').src = attElement;\n\t\t\t\tdocument.getElementById('imageName').innerHTML = nameElement;}\n\t\t\t\u003c/script\u003e\u003c/html\u003e\n","FID_active_grids":150,"GridID":"M01","Shape_Length":0.001953831039192886,"Shape_Area":1.2833416130346005e-07}},{"type":"Feature","id":27576,"geometry":{"type":"Polygon","coordinates":[[[112.69258420200003,-7.0953442659999268],[112.69257515000004,-7.0953442989999758],[112.69257518300003,-7.0953533409999636],[112.69255617600004,-7.0953534099999729],[112.6925316380001,-7.0954439199999797],[112.69255741000006,-7.0954438259999506],[112.69255747600005,-7.0954619099999263],[112.69256652800004,-7.0954618769999342],[112.69256656100004,-7.0954709189999789],[112.69257561200004,-7.09547088599993],[112.69257554600006,-7.0954528019999543],[112.69258459800005,-7.0954527689999622],[112.69258463100005,-7.0954618109999501],[112.69263894100004,-7.0954616129999408],[112.69263890800005,-7.095452570999953],[112.69264796000004,-7.0954525379999609],[112.69264786000008,-7.0954254119999405],[112.69267501500008,-7.0954253129999643],[112.69267494900009,-7.0954072289999317],[112.69269305300008,-7.0954071629999476],[112.69269302000009,-7.0953981209999597],[112.6926839680001,-7.0953981539999518],[112.69268386900001,-7.0953710289999776],[112.69264766200001,-7.0953711609999459],[112.69264759600003,-7.0953530769999702],[112.69262044100003,-7.0953531759999464],[112.69262047400002,-7.0953622179999343],[112.69261142300002,-7.0953622509999263],[112.69261139000002,-7.0953532089999385],[112.69258423500003,-7.0953533079999715],[112.69258420200003,-7.0953442659999268]],[[112.6926206060001,-7.0953983849999531],[112.6926296580001,-7.0953983519999611],[112.69262962500011,-7.0953893109999626],[112.69264772800011,-7.0953892449999785],[112.69264782700009,-7.0954163699999526],[112.69262067200009,-7.0954164689999288],[112.6926206060001,-7.0953983849999531]]]},"properties":{"OBJECTID":27576,"FID_mangrove_utm":27484,"OBJECTID_1":27484,"Name":"18102566,9293","FolderPath":"JATIM/JATIM","SymbolID":0,"AltMode":0,"Base":0,"Clamped":-1,"Extruded":0,"Snippet":"","PopupInfo":"\u003chtml xmlns:fo=\"http://www.w3.org/1999/XSL/Format\" xmlns:msxsl=\"urn:schemas-microsoft-com:xslt\"\u003e\n\u003chead\u003e\n\u003cMETA http-equiv=\"Content-Type\" content=\"text/html\"\u003e\n\u003cmeta http-equiv=\"content-type\" content=\"text/html; charset=UTF-8\"\u003e\n\u003c/head\u003e\n\u003cbody style=\"margin:0px 0px 0px 0px;overflow:auto;background:#FFFFFF;\"\u003e\n\u003ctable style=\"font-family:Arial,Verdana,Times;font-size:12px;text-align:left;width:100%;border-collapse:collapse;padding:3px 3px 3px 3px\"\u003e\n\u003ctr style=\"text-align:center;font-weight:bold;background:#9CBCE2\"\u003e\n\u003ctd\u003e18102566,9293\u003c/td\u003e\n\u003c/tr\u003e\n\u003ctr\u003e\n\u003ctd\u003e\n\u003ctable style=\"font-family:Arial,Verdana,Times;font-size:12px;text-align:left;width:100%;border-spacing:0px; padding:3px 3px 3px 3px\"\u003e\n\u003ctr\u003e\n\u003ctd\u003eFID\u003c/td\u003e\n\u003ctd\u003e0\u003c/td\u003e\n\u003c/tr\u003e\n\u003ctr bgcolor=\"#D4E4F3\"\u003e\n\u003ctd\u003eShape_Leng\u003c/td\u003e\n\u003ctd\u003e18102566,9293\u003c/td\u003e\n\u003c/tr\u003e\n\u003c/table\u003e\n\u003c/td\u003e\n\u003c/tr\u003e\n\u003c/table\u003e\n\u003c/body\u003e\u003cscript type=\"text/javascript\"\u003e\n\t\t\t\tfunction changeImage(attElement, nameElement) {\n\t\t\t\tdocument.getElementById('imageAttachment').src = attElement;\n\t\t\t\tdocument.getElementById('imageName').innerHTML = nameElement;}\n\t\t\t\u003c/script\u003e\u003c/html\u003e\n","FID_active_grids":150,"GridID":"M01","Shape_Length":0.00069949128648557637,"Shape_Area":1.2173286738774094e-08}},{"type":"Feature","id":27577,"geometry":{"type":"Polygon","coordinates":[[[112.69258420200003,-7.0953442659999268],[112.69260230500004,-7.0953441999999427],[112.69260227200004,-7.0953351579999548],[112.69258416800005,-7.095335223999939],[112.69258420200003,-7.0953442659999268]]]},"properties":{"OBJECTID":27577,"FID_mangrove_utm":27485,"OBJECTID_1":27485,"Name":"18102566,9293","FolderPath":"JATIM/JATIM","SymbolID":0,"AltMode":0,"Base":0,"Clamped":-1,"Extruded":0,"Snippet":"","PopupInfo":"\u003chtml xmlns:fo=\"http://www.w3.org/1999/XSL/Format\" xmlns:msxsl=\"urn:schemas-microsoft-com:xslt\"\u003e\n\u003chead\u003e\n\u003cMETA http-equiv=\"Content-Type\" content=\"text/html\"\u003e\n\u003cmeta http-equiv=\"content-type\" content=\"text/html; charset=UTF-8\"\u003e\n\u003c/head\u003e\n\u003cbody style=\"margin:0px 0px 0px 0px;overflow:auto;background:#FFFFFF;\"\u003e\n\u003ctable style=\"font-family:Arial,Verdana,Times;font-size:12px;text-align:left;width:100%;border-collapse:collapse;padding:3px 3px 3px 3px\"\u003e\n\u003ctr style=\"text-align:center;font-weight:bold;background:#9CBCE2\"\u003e\n\u003ctd\u003e18102566,9293\u003c/td\u003e\n\u003c/tr\u003e\n\u003ctr\u003e\n\u003ctd\u003e\n\u003ctable style=\"font-family:Arial,Verdana,Times;font-size:12px;text-align:left;width:100%;border-spacing:0px; padding:3px 3px 3px 3px\"\u003e\n\u003ctr\u003e\n\u003ctd\u003eFID\u003c/td\u003e\n\u003ctd\u003e0\u003c/td\u003e\n\u003c/tr\u003e\n\u003ctr bgcolor=\"#D4E4F3\"\u003e\n\u003ctd\u003eShape_Leng\u003c/td\u003e\n\u003ctd\u003e18102566,9293\u003c/td\u003e\n\u003c/tr\u003e\n\u003c/table\u003e\n\u003c/td\u003e\n\u003c/tr\u003e\n\u003c/table\u003e\n\u003c/body\u003e\u003cscript type=\"text/javascript\"\u003e\n\t\t\t\tfunction changeImage(attElement, nameElement) {\n\t\t\t\tdocument.getElementById('imageAttachment').src = attElement;\n\t\t\t\tdocument.getElementById('imageName').innerHTML = nameElement;}\n\t\t\t\u003c/script\u003e\u003c/html\u003e\n","FID_active_grids":150,"GridID":"M01","Shape_Length":5.4291364727357371e-05,"Shape_Area":1.6369405775046611e-10}},{"type":"Feature","id":27578,"geometry":{"type":"Polygon","coordinates":[[[112.70436333300006,-7.0952747249999675],[112.70436378300008,-7.0952740409999251],[112.70436027500011,-7.0952740529999687],[112.70436028500001,-7.0952768979999519],[112.70436333300006,-7.0952747249999675]]]},"properties":{"OBJECTID":27578,"FID_mangrove_utm":27486,"OBJECTID_1":27486,"Name":"18102566,9293","FolderPath":"JATIM/JATIM","SymbolID":0,"AltMode":0,"Base":0,"Clamped":-1,"Extruded":0,"Snippet":"","PopupInfo":"\u003chtml xmlns:fo=\"http://www.w3.org/1999/XSL/Format\" xmlns:msxsl=\"urn:schemas-microsoft-com:xslt\"\u003e\n\u003chead\u003e\n\u003cMETA http-equiv=\"Content-Type\" content=\"text/html\"\u003e\n\u003cmeta http-equiv=\"content-type\" content=\"text/html; charset=UTF-8\"\u003e\n\u003c/head\u003e\n\u003cbody style=\"margin:0px 0px 0px 0px;overflow:auto;background:#FFFFFF;\"\u003e\n\u003ctable style=\"font-family:Arial,Verdana,Times;font-size:12px;text-align:left;width:100%;border-collapse:collapse;padding:3px 3px 3px 3px\"\u003e\n\u003ctr style=\"text-align:center;font-weight:bold;background:#9CBCE2\"\u003e\n\u003ctd\u003e18102566,9293\u003c/td\u003e\n\u003c/tr\u003e\n\u003ctr\u003e\n\u003ctd\u003e\n\u003ctable style=\"font-family:Arial,Verdana,Times;font-size:12px;text-align:left;width:100%;border-spacing:0px; padding:3px 3px 3px 3px\"\u003e\n\u003ctr\u003e\n\u003ctd\u003eFID\u003c/td\u003e\n\u003ctd\u003e0\u003c/td\u003e\n\u003c/tr\u003e\n\u003ctr bgcolor=\"#D4E4F3\"\u003e\n\u003ctd\u003eShape_Leng\u003c/td\u003e\n\u003ctd\u003e18102566,9293\u003c/td\u003e\n\u003c/tr\u003e\n\u003c/table\u003e\n\u003c/td\u003e\n\u003c/tr\u003e\n\u003c/table\u003e\n\u003c/body\u003e\u003cscript type=\"text/javascript\"\u003e\n\t\t\t\tfunction changeImage(attElement, nameElement) {\n\t\t\t\tdocument.getElementById('imageAttachment').src = attElement;\n\t\t\t\tdocument.getElementById('imageName').innerHTML = nameElement;}\n\t\t\t\u003c/script\u003e\u003c/html\u003e\n","FID_active_grids":150,"GridID":"M01","Shape_Length":1.0915082567017945e-05,"Shape_Area":5.5436809869948918e-12}},{"type":"Feature","id":27579,"geometry":{"type":"Polygon","coordinates":[[[112.69423147100008,-7.0953020879999258],[112.69421336700009,-7.0953021549999562],[112.69421340000008,-7.0953111959999546],[112.69423150400007,-7.0953111299999705],[112.69423147100008,-7.0953020879999258]]]},"properties":{"OBJECTID":27579,"FID_mangrove_utm":27487,"OBJECTID_1":27487,"Name":"18102566,9293","FolderPath":"JATIM/JATIM","SymbolID":0,"AltMode":0,"Base":0,"Clamped":-1,"Extruded":0,"Snippet":"","PopupInfo":"\u003chtml xmlns:fo=\"http://www.w3.org/1999/XSL/Format\" xmlns:msxsl=\"urn:schemas-microsoft-com:xslt\"\u003e\n\u003chead\u003e\n\u003cMETA http-equiv=\"Content-Type\" content=\"text/html\"\u003e\n\u003cmeta http-equiv=\"content-type\" content=\"text/html; charset=UTF-8\"\u003e\n\u003c/head\u003e\n\u003cbody style=\"margin:0px 0px 0px 0px;overflow:auto;background:#FFFFFF;\"\u003e\n\u003ctable style=\"font-family:Arial,Verdana,Times;font-size:12px;text-align:left;width:100%;border-collapse:collapse;padding:3px 3px 3px 3px\"\u003e\n\u003ctr style=\"text-align:center;font-weight:bold;background:#9CBCE2\"\u003e\n\u003ctd\u003e18102566,9293\u003c/td\u003e\n\u003c/tr\u003e\n\u003ctr\u003e\n\u003ctd\u003e\n\u003ctable style=\"font-family:Arial,Verdana,Times;font-size:12px;text-align:left;width:100%;border-spacing:0px; padding:3px 3px 3px 3px\"\u003e\n\u003ctr\u003e\n\u003ctd\u003eFID\u003c/td\u003e\n\u003ctd\u003e0\u003c/td\u003e\n\u003c/tr\u003e\n\u003ctr bgcolor=\"#D4E4F3\"\u003e\n\u003ctd\u003eShape_Leng\u003c/td\u003e\n\u003ctd\u003e18102566,9293\u003c/td\u003e\n\u003c/tr\u003e\n\u003c/table\u003e\n\u003c/td\u003e\n\u003c/tr\u003e\n\u003c/table\u003e\n\u003c/body\u003e\u003cscript type=\"text/javascript\"\u003e\n\t\t\t\tfunction changeImage(attElement, nameElement) {\n\t\t\t\tdocument.getElementById('imageAttachment').src = attElement;\n\t\t\t\tdocument.getElementById('imageName').innerHTML = nameElement;}\n\t\t\t\u003c/script\u003e\u003c/html\u003e\n","FID_active_grids":150,"GridID":"M01","Shape_Length":5.4291364752715979e-05,"Shape_Area":1.6368951081404438e-10}},{"type":"Feature","id":27580,"geometry":{"type":"Polygon","coordinates":[[[112.70401628000002,-7.0952662739999255],[112.70401634700011,-7.095284357999958],[112.7040435020001,-7.0952842579999356],[112.70404346900011,-7.0952752159999477],[112.70402536500001,-7.0952752829999781],[112.70402533200001,-7.0952662409999334],[112.70401628000002,-7.0952662739999255]]]},"properties":{"OBJECTID":27580,"FID_mangrove_utm":27488,"OBJECTID_1":27488,"Name":"18102566,9293","FolderPath":"JATIM/JATIM","SymbolID":0,"AltMode":0,"Base":0,"Clamped":-1,"Extruded":0,"Snippet":"","PopupInfo":"\u003chtml xmlns:fo=\"http://www.w3.org/1999/XSL/Format\" xmlns:msxsl=\"urn:schemas-microsoft-com:xslt\"\u003e\n\u003chead\u003e\n\u003cMETA http-equiv=\"Content-Type\" content=\"text/html\"\u003e\n\u003cmeta http-equiv=\"content-type\" content=\"text/html; charset=UTF-8\"\u003e\n\u003c/head\u003e\n\u003cbody style=\"margin:0px 0px 0px 0px;overflow:auto;background:#FFFFFF;\"\u003e\n\u003ctable style=\"font-family:Arial,Verdana,Times;font-size:12px;text-align:left;width:100%;border-collapse:collapse;padding:3px 3px 3px 3px\"\u003e\n\u003ctr style=\"text-align:center;font-weight:bold;background:#9CBCE2\"\u003e\n\u003ctd\u003e18102566,9293\u003c/td\u003e\n\u003c/tr\u003e\n\u003ctr\u003e\n\u003ctd\u003e\n\u003ctable style=\"font-family:Arial,Verdana,Times;font-size:12px;text-align:left;width:100%;border-spacing:0px; padding:3px 3px 3px 3px\"\u003e\n\u003ctr\u003e\n\u003ctd\u003eFID\u003c/td\u003e\n\u003ctd\u003e0\u003c/td\u003e\n\u003c/tr\u003e\n\u003ctr bgcolor=\"#D4E4F3\"\u003e\n\u003ctd\u003eShape_Leng\u003c/td\u003e\n\u003ctd\u003e18102566,9293\u003c/td\u003e\n\u003c/tr\u003e\n\u003c/table\u003e\n\u003c/td\u003e\n\u003c/tr\u003e\n\u003c/table\u003e\n\u003c/body\u003e\u003cscript type=\"text/javascript\"\u003e\n\t\t\t\tfunction changeImage(attElement, nameElement) {\n\t\t\t\tdocument.getElementById('imageAttachment').src = attElement;\n\t\t\t\tdocument.getElementById('imageName').innerHTML = nameElement;}\n\t\t\t\u003c/script\u003e\u003c/html\u003e\n","FID_active_grids":150,"GridID":"M01","Shape_Length":9.0479612974406556e-05,"Shape_Area":3.2738360681438096e-10}},{"type":"Feature","id":27581,"geometry":{"type":"Polygon","coordinates":[[[112.70430056300006,-7.0953194829999688],[112.70431514500001,-7.0953090849999398],[112.70431511600009,-7.0953013449999389],[112.70432416800008,-7.0953013119999468],[112.70432403500001,-7.0952651439999386],[112.70431498300002,-7.0952651779999769],[112.70431501700011,-7.0952742199999648],[112.70429691300001,-7.0952742859999489],[112.70429698000009,-7.0952923699999815],[112.7042879280001,-7.0952924029999735],[112.70428796200008,-7.0953014449999614],[112.70427891000008,-7.0953014779999535],[112.70427897700006,-7.0953195619999292],[112.70428802800006,-7.0953195289999371],[112.70428806100006,-7.0953283969999461],[112.70429708900008,-7.0953219599999784],[112.70429708000006,-7.095319495999945],[112.70430056300006,-7.0953194829999688]]]},"properties":{"OBJECTID":27581,"FID_mangrove_utm":27489,"OBJECTID_1":27489,"Name":"18102566,9293","FolderPath":"JATIM/JATIM","SymbolID":0,"AltMode":0,"Base":0,"Clamped":-1,"Extruded":0,"Snippet":"","PopupInfo":"\u003chtml xmlns:fo=\"http://www.w3.org/1999/XSL/Format\" xmlns:msxsl=\"urn:schemas-microsoft-com:xslt\"\u003e\n\u003chead\u003e\n\u003cMETA http-equiv=\"Content-Type\" content=\"text/html\"\u003e\n\u003cmeta http-equiv=\"content-type\" content=\"text/html; charset=UTF-8\"\u003e\n\u003c/head\u003e\n\u003cbody style=\"margin:0px 0px 0px 0px;overflow:auto;background:#FFFFFF;\"\u003e\n\u003ctable style=\"font-family:Arial,Verdana,Times;font-size:12px;text-align:left;width:100%;border-collapse:collapse;padding:3px 3px 3px 3px\"\u003e\n\u003ctr style=\"text-align:center;font-weight:bold;background:#9CBCE2\"\u003e\n\u003ctd\u003e18102566,9293\u003c/td\u003e\n\u003c/tr\u003e\n\u003ctr\u003e\n\u003ctd\u003e\n\u003ctable style=\"font-family:Arial,Verdana,Times;font-size:12px;text-align:left;width:100%;border-spacing:0px; padding:3px 3px 3px 3px\"\u003e\n\u003ctr\u003e\n\u003ctd\u003eFID\u003c/td\u003e\n\u003ctd\u003e0\u003c/td\u003e\n\u003c/tr\u003e\n\u003ctr bgcolor=\"#D4E4F3\"\u003e\n\u003ctd\u003eShape_Leng\u003c/td\u003e\n\u003ctd\u003e18102566,9293\u003c/td\u003e\n\u003c/tr\u003e\n\u003c/table\u003e\n\u003c/td\u003e\n\u003c/tr\u003e\n\u003c/table\u003e\n\u003c/body\u003e\u003cscript type=\"text/javascript\"\u003e\n\t\t\t\tfunction changeImage(attElement, nameElement) {\n\t\t\t\tdocument.getElementById('imageAttachment').src = attElement;\n\t\t\t\tdocument.getElementById('imageName').innerHTML = nameElement;}\n\t\t\t\u003c/script\u003e\u003c/html\u003e\n","FID_active_grids":150,"GridID":"M01","Shape_Length":0.00020533660396554056,"Shape_Area":1.5307255014448196e-09}},{"type":"Feature","id":27582,"geometry":{"type":"Polygon","coordinates":[[[112.70434210500002,-7.0952560359999666],[112.70434207200003,-7.0952469939999787],[112.70433302000004,-7.0952470269999708],[112.70433305300003,-7.0952560689999586],[112.70434210500002,-7.0952560359999666]]]},"properties":{"OBJECTID":27582,"FID_mangrove_utm":27490,"OBJECTID_1":27490,"Name":"18102566,9293","FolderPath":"JATIM/JATIM","SymbolID":0,"AltMode":0,"Base":0,"Clamped":-1,"Extruded":0,"Snippet":"","PopupInfo":"\u003chtml xmlns:fo=\"http://www.w3.org/1999/XSL/Format\" xmlns:msxsl=\"urn:schemas-microsoft-com:xslt\"\u003e\n\u003chead\u003e\n\u003cMETA http-equiv=\"Content-Type\" content=\"text/html\"\u003e\n\u003cmeta http-equiv=\"content-type\" content=\"text/html; charset=UTF-8\"\u003e\n\u003c/head\u003e\n\u003cbody style=\"margin:0px 0px 0px 0px;overflow:auto;background:#FFFFFF;\"\u003e\n\u003ctable style=\"font-family:Arial,Verdana,Times;font-size:12px;text-align:left;width:100%;border-collapse:collapse;padding:3px 3px 3px 3px\"\u003e\n\u003ctr style=\"text-align:center;font-weight:bold;background:#9CBCE2\"\u003e\n\u003ctd\u003e18102566,9293\u003c/td\u003e\n\u003c/tr\u003e\n\u003ctr\u003e\n\u003ctd\u003e\n\u003ctable style=\"font-family:Arial,Verdana,Times;font-size:12px;text-align:left;width:100%;border-spacing:0px; padding:3px 3px 3px 3px\"\u003e\n\u003ctr\u003e\n\u003ctd\u003eFID\u003c/td\u003e\n\u003ctd\u003e0\u003c/td\u003e\n\u003c/tr\u003e\n\u003ctr bgcolor=\"#D4E4F3\"\u003e\n\u003ctd\u003eShape_Leng\u003c/td\u003e\n\u003ctd\u003e18102566,9293\u003c/td\u003e\n\u003c/tr\u003e\n\u003c/table\u003e\n\u003c/td\u003e\n\u003c/tr\u003e\n\u003c/table\u003e\n\u003c/body\u003e\u003cscript type=\"text/javascript\"\u003e\n\t\t\t\tfunction changeImage(attElement, nameElement) {\n\t\t\t\tdocument.getElementById('imageAttachment').src = attElement;\n\t\t\t\tdocument.getElementById('imageName').innerHTML = nameElement;}\n\t\t\t\u003c/script\u003e\u003c/html\u003e\n","FID_active_grids":150,"GridID":"M01","Shape_Length":3.6188240709241466e-05,"Shape_Area":8.1849272851502786e-11}},{"type":"Feature","id":27583,"geometry":{"type":"Polygon","coordinates":[[[112.70437568800003,-7.0952559129999599],[112.70437829700006,-7.0952519399999687],[112.70437827800004,-7.0952468609999642],[112.70436017500003,-7.0952469279999377],[112.70436020800003,-7.0952559699999256],[112.70437568800003,-7.0952559129999599]]]},"properties":{"OBJECTID":27583,"FID_mangrove_utm":27491,"OBJECTID_1":27491,"Name":"18102566,9293","FolderPath":"JATIM/JATIM","SymbolID":0,"AltMode":0,"Base":0,"Clamped":-1,"Extruded":0,"Snippet":"","PopupInfo":"\u003chtml xmlns:fo=\"http://www.w3.org/1999/XSL/Format\" xmlns:msxsl=\"urn:schemas-microsoft-com:xslt\"\u003e\n\u003chead\u003e\n\u003cMETA http-equiv=\"Content-Type\" content=\"text/html\"\u003e\n\u003cmeta http-equiv=\"content-type\" content=\"text/html; charset=UTF-8\"\u003e\n\u003c/head\u003e\n\u003cbody style=\"margin:0px 0px 0px 0px;overflow:auto;background:#FFFFFF;\"\u003e\n\u003ctable style=\"font-family:Arial,Verdana,Times;font-size:12px;text-align:left;width:100%;border-collapse:collapse;padding:3px 3px 3px 3px\"\u003e\n\u003ctr style=\"text-align:center;font-weight:bold;background:#9CBCE2\"\u003e\n\u003ctd\u003e18102566,9293\u003c/td\u003e\n\u003c/tr\u003e\n\u003ctr\u003e\n\u003ctd\u003e\n\u003ctable style=\"font-family:Arial,Verdana,Times;font-size:12px;text-align:left;width:100%;border-spacing:0px; padding:3px 3px 3px 3px\"\u003e\n\u003ctr\u003e\n\u003ctd\u003eFID\u003c/td\u003e\n\u003ctd\u003e0\u003c/td\u003e\n\u003c/tr\u003e\n\u003ctr bgcolor=\"#D4E4F3\"\u003e\n\u003ctd\u003eShape_Leng\u003c/td\u003e\n\u003ctd\u003e18102566,9293\u003c/td\u003e\n\u003c/tr\u003e\n\u003c/table\u003e\n\u003c/td\u003e\n\u003c/tr\u003e\n\u003c/table\u003e\n\u003c/body\u003e\u003cscript type=\"text/javascript\"\u003e\n\t\t\t\tfunction changeImage(attElement, nameElement) {\n\t\t\t\tdocument.getElementById('imageAttachment').src = attElement;\n\t\t\t\tdocument.getElementById('imageName').innerHTML = nameElement;}\n\t\t\t\u003c/script\u003e\u003c/html\u003e\n","FID_active_grids":150,"GridID":"M01","Shape_Length":5.2457387913979309e-05,"Shape_Area":1.5849673256565006e-10}},{"type":"Feature","id":27584,"geometry":{"type":"Polygon","coordinates":[[[112.70435109000005,-7.0952379189999419],[112.70435105700005,-7.0952288769999541],[112.70434200500006,-7.0952289099999462],[112.70434203800005,-7.095237951999934],[112.70435109000005,-7.0952379189999419]]]},"properties":{"OBJECTID":27584,"FID_mangrove_utm":27492,"OBJECTID_1":27492,"Name":"18102566,9293","FolderPath":"JATIM/JATIM","SymbolID":0,"AltMode":0,"Base":0,"Clamped":-1,"Extruded":0,"Snippet":"","PopupInfo":"\u003chtml xmlns:fo=\"http://www.w3.org/1999/XSL/Format\" xmlns:msxsl=\"urn:schemas-microsoft-com:xslt\"\u003e\n\u003chead\u003e\n\u003cMETA http-equiv=\"Content-Type\" content=\"text/html\"\u003e\n\u003cmeta http-equiv=\"content-type\" content=\"text/html; charset=UTF-8\"\u003e\n\u003c/head\u003e\n\u003cbody style=\"margin:0px 0px 0px 0px;overflow:auto;background:#FFFFFF;\"\u003e\n\u003ctable style=\"font-family:Arial,Verdana,Times;font-size:12px;text-align:left;width:100%;border-collapse:collapse;padding:3px 3px 3px 3px\"\u003e\n\u003ctr style=\"text-align:center;font-weight:bold;background:#9CBCE2\"\u003e\n\u003ctd\u003e18102566,9293\u003c/td\u003e\n\u003c/tr\u003e\n\u003ctr\u003e\n\u003ctd\u003e\n\u003ctable style=\"font-family:Arial,Verdana,Times;font-size:12px;text-align:left;width:100%;border-spacing:0px; padding:3px 3px 3px 3px\"\u003e\n\u003ctr\u003e\n\u003ctd\u003eFID\u003c/td\u003e\n\u003ctd\u003e0\u003c/td\u003e\n\u003c/tr\u003e\n\u003ctr bgcolor=\"#D4E4F3\"\u003e\n\u003ctd\u003eShape_Leng\u003c/td\u003e\n\u003ctd\u003e18102566,9293\u003c/td\u003e\n\u003c/tr\u003e\n\u003c/table\u003e\n\u003c/td\u003e\n\u003c/tr\u003e\n\u003c/table\u003e\n\u003c/body\u003e\u003cscript type=\"text/javascript\"\u003e\n\t\t\t\tfunction changeImage(attElement, nameElement) {\n\t\t\t\tdocument.getElementById('imageAttachment').src = attElement;\n\t\t\t\tdocument.getElementById('imageName').innerHTML = nameElement;}\n\t\t\t\u003c/script\u003e\u003c/html\u003e\n","FID_active_grids":150,"GridID":"M01","Shape_Length":3.6188240709241466e-05,"Shape_Area":8.1849272851502786e-11}},{"type":"Feature","id":27587,"geometry":{"type":"Polygon","coordinates":[[[112.69263788400008,-7.0951722709999672],[112.69263785100009,-7.0951632289999793],[112.69261974700009,-7.0951632949999635],[112.69261978000009,-7.0951723369999513],[112.69263788400008,-7.0951722709999672]]]},"properties":{"OBJECTID":27587,"FID_mangrove_utm":27495,"OBJECTID_1":27495,"Name":"18102566,9293","FolderPath":"JATIM/JATIM","SymbolID":0,"AltMode":0,"Base":0,"Clamped":-1,"Extruded":0,"Snippet":"","PopupInfo":"\u003chtml xmlns:fo=\"http://www.w3.org/1999/XSL/Format\" xmlns:msxsl=\"urn:schemas-microsoft-com:xslt\"\u003e\n\u003chead\u003e\n\u003cMETA http-equiv=\"Content-Type\" content=\"text/html\"\u003e\n\u003cmeta http-equiv=\"content-type\" content=\"text/html; charset=UTF-8\"\u003e\n\u003c/head\u003e\n\u003cbody style=\"margin:0px 0px 0px 0px;overflow:auto;background:#FFFFFF;\"\u003e\n\u003ctable style=\"font-family:Arial,Verdana,Times;font-size:12px;text-align:left;width:100%;border-collapse:collapse;padding:3px 3px 3px 3px\"\u003e\n\u003ctr style=\"text-align:center;font-weight:bold;background:#9CBCE2\"\u003e\n\u003ctd\u003e18102566,9293\u003c/td\u003e\n\u003c/tr\u003e\n\u003ctr\u003e\n\u003ctd\u003e\n\u003ctable style=\"font-family:Arial,Verdana,Times;font-size:12px;text-align:left;width:100%;border-spacing:0px; padding:3px 3px 3px 3px\"\u003e\n\u003ctr\u003e\n\u003ctd\u003eFID\u003c/td\u003e\n\u003ctd\u003e0\u003c/td\u003e\n\u003c/tr\u003e\n\u003ctr bgcolor=\"#D4E4F3\"\u003e\n\u003ctd\u003eShape_Leng\u003c/td\u003e\n\u003ctd\u003e18102566,9293\u003c/td\u003e\n\u003c/tr\u003e\n\u003c/table\u003e\n\u003c/td\u003e\n\u003c/tr\u003e\n\u003c/table\u003e\n\u003c/body\u003e\u003cscript type=\"text/javascript\"\u003e\n\t\t\t\tfunction changeImage(attElement, nameElement) {\n\t\t\t\tdocument.getElementById('imageAttachment').src = attElement;\n\t\t\t\tdocument.getElementById('imageName').innerHTML = nameElement;}\n\t\t\t\u003c/script\u003e\u003c/html\u003e\n","FID_active_grids":150,"GridID":"M01","Shape_Length":5.4292361005270058e-05,"Shape_Area":1.636985457030056e-10}},{"type":"Feature","id":27588,"geometry":{"type":"Polygon","coordinates":[[[112.6926559210001,-7.0951541209999505],[112.69265582200001,-7.09512699499993],[112.69264677000001,-7.095127027999979],[112.6926468690001,-7.0951541539999425],[112.6926559210001,-7.0951541209999505]]]},"properties":{"OBJECTID":27588,"FID_mangrove_utm":27496,"OBJECTID_1":27496,"Name":"18102566,9293","FolderPath":"JATIM/JATIM","SymbolID":0,"AltMode":0,"Base":0,"Clamped":-1,"Extruded":0,"Snippet":"","PopupInfo":"\u003chtml xmlns:fo=\"http://www.w3.org/1999/XSL/Format\" xmlns:msxsl=\"urn:schemas-microsoft-com:xslt\"\u003e\n\u003chead\u003e\n\u003cMETA http-equiv=\"Content-Type\" content=\"text/html\"\u003e\n\u003cmeta http-equiv=\"content-type\" content=\"text/html; charset=UTF-8\"\u003e\n\u003c/head\u003e\n\u003cbody style=\"margin:0px 0px 0px 0px;overflow:auto;background:#FFFFFF;\"\u003e\n\u003ctable style=\"font-family:Arial,Verdana,Times;font-size:12px;text-align:left;width:100%;border-collapse:collapse;padding:3px 3px 3px 3px\"\u003e\n\u003ctr style=\"text-align:center;font-weight:bold;background:#9CBCE2\"\u003e\n\u003ctd\u003e18102566,9293\u003c/td\u003e\n\u003c/tr\u003e\n\u003ctr\u003e\n\u003ctd\u003e\n\u003ctable style=\"font-family:Arial,Verdana,Times;font-size:12px;text-align:left;width:100%;border-spacing:0px; padding:3px 3px 3px 3px\"\u003e\n\u003ctr\u003e\n\u003ctd\u003eFID\u003c/td\u003e\n\u003ctd\u003e0\u003c/td\u003e\n\u003c/tr\u003e\n\u003ctr bgcolor=\"#D4E4F3\"\u003e\n\u003ctd\u003eShape_Leng\u003c/td\u003e\n\u003ctd\u003e18102566,9293\u003c/td\u003e\n\u003c/tr\u003e\n\u003c/table\u003e\n\u003c/td\u003e\n\u003c/tr\u003e\n\u003c/table\u003e\n\u003c/body\u003e\u003cscript type=\"text/javascript\"\u003e\n\t\t\t\tfunction changeImage(attElement, nameElement) {\n\t\t\t\tdocument.getElementById('imageAttachment').src = attElement;\n\t\t\t\tdocument.getElementById('imageName').innerHTML = nameElement;}\n\t\t\t\u003c/script\u003e\u003c/html\u003e\n","FID_active_grids":150,"GridID":"M01","Shape_Length":7.2356481593547291e-05,"Shape_Area":2.4554781881834711e-10}},{"type":"Feature","id":27589,"geometry":{"type":"Polygon","coordinates":[[[112.69352461500011,-7.0950786159999666],[112.69353366700011,-7.0950785829999745],[112.693533634,-7.0950695409999298],[112.69352458200001,-7.0950695739999787],[112.69352461500011,-7.0950786159999666]]]},"properties":{"OBJECTID":27589,"FID_mangrove_utm":27497,"OBJECTID_1":27497,"Name":"18102566,9293","FolderPath":"JATIM/JATIM","SymbolID":0,"AltMode":0,"Base":0,"Clamped":-1,"Extruded":0,"Snippet":"","PopupInfo":"\u003chtml xmlns:fo=\"http://www.w3.org/1999/XSL/Format\" xmlns:msxsl=\"urn:schemas-microsoft-com:xslt\"\u003e\n\u003chead\u003e\n\u003cMETA http-equiv=\"Content-Type\" content=\"text/html\"\u003e\n\u003cmeta http-equiv=\"content-type\" content=\"text/html; charset=UTF-8\"\u003e\n\u003c/head\u003e\n\u003cbody style=\"margin:0px 0px 0px 0px;overflow:auto;background:#FFFFFF;\"\u003e\n\u003ctable style=\"font-family:Arial,Verdana,Times;font-size:12px;text-align:left;width:100%;border-collapse:collapse;padding:3px 3px 3px 3px\"\u003e\n\u003ctr style=\"text-align:center;font-weight:bold;background:#9CBCE2\"\u003e\n\u003ctd\u003e18102566,9293\u003c/td\u003e\n\u003c/tr\u003e\n\u003ctr\u003e\n\u003ctd\u003e\n\u003ctable style=\"font-family:Arial,Verdana,Times;font-size:12px;text-align:left;width:100%;border-spacing:0px; padding:3px 3px 3px 3px\"\u003e\n\u003ctr\u003e\n\u003ctd\u003eFID\u003c/td\u003e\n\u003ctd\u003e0\u003c/td\u003e\n\u003c/tr\u003e\n\u003ctr bgcolor=\"#D4E4F3\"\u003e\n\u003ctd\u003eShape_Leng\u003c/td\u003e\n\u003ctd\u003e18102566,9293\u003c/td\u003e\n\u003c/tr\u003e\n\u003c/table\u003e\n\u003c/td\u003e\n\u003c/tr\u003e\n\u003c/table\u003e\n\u003c/body\u003e\u003cscript type=\"text/javascript\"\u003e\n\t\t\t\tfunction changeImage(attElement, nameElement) {\n\t\t\t\tdocument.getElementById('imageAttachment').src = attElement;\n\t\t\t\tdocument.getElementById('imageName').innerHTML = nameElement;}\n\t\t\t\u003c/script\u003e\u003c/html\u003e\n","FID_active_grids":150,"GridID":"M01","Shape_Length":3.6188240767121558e-05,"Shape_Area":8.1849273113465677e-11}},{"type":"Feature","id":27590,"geometry":{"type":"Polygon","coordinates":[[[112.69265565700005,-7.0950817849999339],[112.69265559100006,-7.0950637009999582],[112.69263748700007,-7.0950637669999423],[112.69263755300005,-7.0950818509999749],[112.69265565700005,-7.0950817849999339]]]},"properties":{"OBJECTID":27590,"FID_mangrove_utm":27498,"OBJECTID_1":27498,"Name":"18102566,9293","FolderPath":"JATIM/JATIM","SymbolID":0,"AltMode":0,"Base":0,"Clamped":-1,"Extruded":0,"Snippet":"","PopupInfo":"\u003chtml xmlns:fo=\"http://www.w3.org/1999/XSL/Format\" xmlns:msxsl=\"urn:schemas-microsoft-com:xslt\"\u003e\n\u003chead\u003e\n\u003cMETA http-equiv=\"Content-Type\" content=\"text/html\"\u003e\n\u003cmeta http-equiv=\"content-type\" content=\"text/html; charset=UTF-8\"\u003e\n\u003c/head\u003e\n\u003cbody style=\"margin:0px 0px 0px 0px;overflow:auto;background:#FFFFFF;\"\u003e\n\u003ctable style=\"font-family:Arial,Verdana,Times;font-size:12px;text-align:left;width:100%;border-collapse:collapse;padding:3px 3px 3px 3px\"\u003e\n\u003ctr style=\"text-align:center;font-weight:bold;background:#9CBCE2\"\u003e\n\u003ctd\u003e18102566,9293\u003c/td\u003e\n\u003c/tr\u003e\n\u003ctr\u003e\n\u003ctd\u003e\n\u003ctable style=\"font-family:Arial,Verdana,Times;font-size:12px;text-align:left;width:100%;border-spacing:0px; padding:3px 3px 3px 3px\"\u003e\n\u003ctr\u003e\n\u003ctd\u003eFID\u003c/td\u003e\n\u003ctd\u003e0\u003c/td\u003e\n\u003c/tr\u003e\n\u003ctr bgcolor=\"#D4E4F3\"\u003e\n\u003ctd\u003eShape_Leng\u003c/td\u003e\n\u003ctd\u003e18102566,9293\u003c/td\u003e\n\u003c/tr\u003e\n\u003c/table\u003e\n\u003c/td\u003e\n\u003c/tr\u003e\n\u003c/table\u003e\n\u003c/body\u003e\u003cscript type=\"text/javascript\"\u003e\n\t\t\t\tfunction changeImage(attElement, nameElement) {\n\t\t\t\tdocument.getElementById('imageAttachment').src = attElement;\n\t\t\t\tdocument.getElementById('imageName').innerHTML = nameElement;}\n\t\t\t\u003c/script\u003e\u003c/html\u003e\n","FID_active_grids":150,"GridID":"M01","Shape_Length":7.2376481475533203e-05,"Shape_Area":3.273970919224336e-10}},{"type":"Feature","id":27591,"geometry":{"type":"Polygon","coordinates":[[[112.69420332400011,-7.0950309289999609],[112.69420329100001,-7.095021886999973],[112.69418518700002,-7.0950219529999572],[112.69418522000001,-7.0950309949999451],[112.69420332400011,-7.0950309289999609]]]},"properties":{"OBJECTID":27591,"FID_mangrove_utm":27499,"OBJECTID_1":27499,"Name":"18102566,9293","FolderPath":"JATIM/JATIM","SymbolID":0,"AltMode":0,"Base":0,"Clamped":-1,"Extruded":0,"Snippet":"","PopupInfo":"\u003chtml xmlns:fo=\"http://www.w3.org/1999/XSL/Format\" xmlns:msxsl=\"urn:schemas-microsoft-com:xslt\"\u003e\n\u003chead\u003e\n\u003cMETA http-equiv=\"Content-Type\" content=\"text/html\"\u003e\n\u003cmeta http-equiv=\"content-type\" content=\"text/html; charset=UTF-8\"\u003e\n\u003c/head\u003e\n\u003cbody style=\"margin:0px 0px 0px 0px;overflow:auto;background:#FFFFFF;\"\u003e\n\u003ctable style=\"font-family:Arial,Verdana,Times;font-size:12px;text-align:left;width:100%;border-collapse:collapse;padding:3px 3px 3px 3px\"\u003e\n\u003ctr style=\"text-align:center;font-weight:bold;background:#9CBCE2\"\u003e\n\u003ctd\u003e18102566,9293\u003c/td\u003e\n\u003c/tr\u003e\n\u003ctr\u003e\n\u003ctd\u003e\n\u003ctable style=\"font-family:Arial,Verdana,Times;font-size:12px;text-align:left;width:100%;border-spacing:0px; padding:3px 3px 3px 3px\"\u003e\n\u003ctr\u003e\n\u003ctd\u003eFID\u003c/td\u003e\n\u003ctd\u003e0\u003c/td\u003e\n\u003c/tr\u003e\n\u003ctr bgcolor=\"#D4E4F3\"\u003e\n\u003ctd\u003eShape_Leng\u003c/td\u003e\n\u003ctd\u003e18102566,9293\u003c/td\u003e\n\u003c/tr\u003e\n\u003c/table\u003e\n\u003c/td\u003e\n\u003c/tr\u003e\n\u003c/table\u003e\n\u003c/body\u003e\u003cscript type=\"text/javascript\"\u003e\n\t\t\t\tfunction changeImage(attElement, nameElement) {\n\t\t\t\tdocument.getElementById('imageAttachment').src = attElement;\n\t\t\t\tdocument.getElementById('imageName').innerHTML = nameElement;}\n\t\t\t\u003c/script\u003e\u003c/html\u003e\n","FID_active_grids":150,"GridID":"M01","Shape_Length":5.4292361119371061e-05,"Shape_Area":1.6369854622073544e-10}},{"type":"Feature","id":27593,"geometry":{"type":"Polygon","coordinates":[[[112.69274584300001,-7.0949910349999641],[112.69273679100002,-7.0949910679999562],[112.69273685700011,-7.0950091519999319],[112.69274590900011,-7.0950091189999398],[112.69274584300001,-7.0949910349999641]]]},"properties":{"OBJECTID":27593,"FID_mangrove_utm":27501,"OBJECTID_1":27501,"Name":"18102566,9293","FolderPath":"JATIM/JATIM","SymbolID":0,"AltMode":0,"Base":0,"Clamped":-1,"Extruded":0,"Snippet":"","PopupInfo":"\u003chtml xmlns:fo=\"http://www.w3.org/1999/XSL/Format\" xmlns:msxsl=\"urn:schemas-microsoft-com:xslt\"\u003e\n\u003chead\u003e\n\u003cMETA http-equiv=\"Content-Type\" content=\"text/html\"\u003e\n\u003cmeta http-equiv=\"content-type\" content=\"text/html; charset=UTF-8\"\u003e\n\u003c/head\u003e\n\u003cbody style=\"margin:0px 0px 0px 0px;overflow:auto;background:#FFFFFF;\"\u003e\n\u003ctable style=\"font-family:Arial,Verdana,Times;font-size:12px;text-align:left;width:100%;border-collapse:collapse;padding:3px 3px 3px 3px\"\u003e\n\u003ctr style=\"text-align:center;font-weight:bold;background:#9CBCE2\"\u003e\n\u003ctd\u003e18102566,9293\u003c/td\u003e\n\u003c/tr\u003e\n\u003ctr\u003e\n\u003ctd\u003e\n\u003ctable style=\"font-family:Arial,Verdana,Times;font-size:12px;text-align:left;width:100%;border-spacing:0px; padding:3px 3px 3px 3px\"\u003e\n\u003ctr\u003e\n\u003ctd\u003eFID\u003c/td\u003e\n\u003ctd\u003e0\u003c/td\u003e\n\u003c/tr\u003e\n\u003ctr bgcolor=\"#D4E4F3\"\u003e\n\u003ctd\u003eShape_Leng\u003c/td\u003e\n\u003ctd\u003e18102566,9293\u003c/td\u003e\n\u003c/tr\u003e\n\u003c/table\u003e\n\u003c/td\u003e\n\u003c/tr\u003e\n\u003c/table\u003e\n\u003c/body\u003e\u003cscript type=\"text/javascript\"\u003e\n\t\t\t\tfunction changeImage(attElement, nameElement) {\n\t\t\t\tdocument.getElementById('imageAttachment').src = attElement;\n\t\t\t\tdocument.getElementById('imageName').innerHTML = nameElement;}\n\t\t\t\u003c/script\u003e\u003c/html\u003e\n","FID_active_grids":150,"GridID":"M01","Shape_Length":5.427236112328416e-05,"Shape_Area":1.6369854570675722e-10}},{"type":"Feature","id":27594,"geometry":{"type":"Polygon","coordinates":[[[112.69274584300001,-7.0949910349999641],[112.69275489400002,-7.094991001999972],[112.69275482800003,-7.0949729189999289],[112.69274577700003,-7.0949729519999778],[112.69274584300001,-7.0949910349999641]]]},"properties":{"OBJECTID":27594,"FID_mangrove_utm":27502,"OBJECTID_1":27502,"Name":"18102566,9293","FolderPath":"JATIM/JATIM","SymbolID":0,"AltMode":0,"Base":0,"Clamped":-1,"Extruded":0,"Snippet":"","PopupInfo":"\u003chtml xmlns:fo=\"http://www.w3.org/1999/XSL/Format\" xmlns:msxsl=\"urn:schemas-microsoft-com:xslt\"\u003e\n\u003chead\u003e\n\u003cMETA http-equiv=\"Content-Type\" content=\"text/html\"\u003e\n\u003cmeta http-equiv=\"content-type\" content=\"text/html; charset=UTF-8\"\u003e\n\u003c/head\u003e\n\u003cbody style=\"margin:0px 0px 0px 0px;overflow:auto;background:#FFFFFF;\"\u003e\n\u003ctable style=\"font-family:Arial,Verdana,Times;font-size:12px;text-align:left;width:100%;border-collapse:collapse;padding:3px 3px 3px 3px\"\u003e\n\u003ctr style=\"text-align:center;font-weight:bold;background:#9CBCE2\"\u003e\n\u003ctd\u003e18102566,9293\u003c/td\u003e\n\u003c/tr\u003e\n\u003ctr\u003e\n\u003ctd\u003e\n\u003ctable style=\"font-family:Arial,Verdana,Times;font-size:12px;text-align:left;width:100%;border-spacing:0px; padding:3px 3px 3px 3px\"\u003e\n\u003ctr\u003e\n\u003ctd\u003eFID\u003c/td\u003e\n\u003ctd\u003e0\u003c/td\u003e\n\u003c/tr\u003e\n\u003ctr bgcolor=\"#D4E4F3\"\u003e\n\u003ctd\u003eShape_Leng\u003c/td\u003e\n\u003ctd\u003e18102566,9293\u003c/td\u003e\n\u003c/tr\u003e\n\u003c/table\u003e\n\u003c/td\u003e\n\u003c/tr\u003e\n\u003c/table\u003e\n\u003c/body\u003e\u003cscript type=\"text/javascript\"\u003e\n\t\t\t\tfunction changeImage(attElement, nameElement) {\n\t\t\t\tdocument.getElementById('imageAttachment').src = attElement;\n\t\t\t\tdocument.getElementById('imageName').innerHTML = nameElement;}\n\t\t\t\u003c/script\u003e\u003c/html\u003e\n","FID_active_grids":150,"GridID":"M01","Shape_Length":5.4268361248418131e-05,"Shape_Area":1.636714112491077e-10}},{"type":"Feature","id":27595,"geometry":{"type":"Polygon","coordinates":[[[112.69283632600002,-7.0949816629999418],[112.69283629300003,-7.094972620999954],[112.69282724200002,-7.0949726549999355],[112.69282727500001,-7.0949816959999339],[112.69283632600002,-7.0949816629999418]]]},"properties":{"OBJECTID":27595,"FID_mangrove_utm":27503,"OBJECTID_1":27503,"Name":"18102566,9293","FolderPath":"JATIM/JATIM","SymbolID":0,"AltMode":0,"Base":0,"Clamped":-1,"Extruded":0,"Snippet":"","PopupInfo":"\u003chtml xmlns:fo=\"http://www.w3.org/1999/XSL/Format\" xmlns:msxsl=\"urn:schemas-microsoft-com:xslt\"\u003e\n\u003chead\u003e\n\u003cMETA http-equiv=\"Content-Type\" content=\"text/html\"\u003e\n\u003cmeta http-equiv=\"content-type\" content=\"text/html; charset=UTF-8\"\u003e\n\u003c/head\u003e\n\u003cbody style=\"margin:0px 0px 0px 0px;overflow:auto;background:#FFFFFF;\"\u003e\n\u003ctable style=\"font-family:Arial,Verdana,Times;font-size:12px;text-align:left;width:100%;border-collapse:collapse;padding:3px 3px 3px 3px\"\u003e\n\u003ctr style=\"text-align:center;font-weight:bold;background:#9CBCE2\"\u003e\n\u003ctd\u003e18102566,9293\u003c/td\u003e\n\u003c/tr\u003e\n\u003ctr\u003e\n\u003ctd\u003e\n\u003ctable style=\"font-family:Arial,Verdana,Times;font-size:12px;text-align:left;width:100%;border-spacing:0px; padding:3px 3px 3px 3px\"\u003e\n\u003ctr\u003e\n\u003ctd\u003eFID\u003c/td\u003e\n\u003ctd\u003e0\u003c/td\u003e\n\u003c/tr\u003e\n\u003ctr bgcolor=\"#D4E4F3\"\u003e\n\u003ctd\u003eShape_Leng\u003c/td\u003e\n\u003ctd\u003e18102566,9293\u003c/td\u003e\n\u003c/tr\u003e\n\u003c/table\u003e\n\u003c/td\u003e\n\u003c/tr\u003e\n\u003c/table\u003e\n\u003c/body\u003e\u003cscript type=\"text/javascript\"\u003e\n\t\t\t\tfunction changeImage(attElement, nameElement) {\n\t\t\t\tdocument.getElementById('imageAttachment').src = attElement;\n\t\t\t\tdocument.getElementById('imageName').innerHTML = nameElement;}\n\t\t\t\u003c/script\u003e\u003c/html\u003e\n","FID_active_grids":150,"GridID":"M01","Shape_Length":3.6185244462102308e-05,"Shape_Area":8.1835721994815036e-11}},{"type":"Feature","id":27596,"geometry":{"type":"Polygon","coordinates":[[[112.69283632600002,-7.0949816629999418],[112.69283635900001,-7.0949907049999297],[112.69285446300012,-7.0949906389999455],[112.69285439700002,-7.0949725549999698],[112.69284534500002,-7.0949725879999619],[112.69284537800002,-7.0949816299999497],[112.69283632600002,-7.0949816629999418]]]},"properties":{"OBJECTID":27596,"FID_mangrove_utm":27504,"OBJECTID_1":27504,"Name":"18102566,9293","FolderPath":"JATIM/JATIM","SymbolID":0,"AltMode":0,"Base":0,"Clamped":-1,"Extruded":0,"Snippet":"","PopupInfo":"\u003chtml xmlns:fo=\"http://www.w3.org/1999/XSL/Format\" xmlns:msxsl=\"urn:schemas-microsoft-com:xslt\"\u003e\n\u003chead\u003e\n\u003cMETA http-equiv=\"Content-Type\" content=\"text/html\"\u003e\n\u003cmeta http-equiv=\"content-type\" content=\"text/html; charset=UTF-8\"\u003e\n\u003c/head\u003e\n\u003cbody style=\"margin:0px 0px 0px 0px;overflow:auto;background:#FFFFFF;\"\u003e\n\u003ctable style=\"font-family:Arial,Verdana,Times;font-size:12px;text-align:left;width:100%;border-collapse:collapse;padding:3px 3px 3px 3px\"\u003e\n\u003ctr style=\"text-align:center;font-weight:bold;background:#9CBCE2\"\u003e\n\u003ctd\u003e18102566,9293\u003c/td\u003e\n\u003c/tr\u003e\n\u003ctr\u003e\n\u003ctd\u003e\n\u003ctable style=\"font-family:Arial,Verdana,Times;font-size:12px;text-align:left;width:100%;border-spacing:0px; padding:3px 3px 3px 3px\"\u003e\n\u003ctr\u003e\n\u003ctd\u003eFID\u003c/td\u003e\n\u003ctd\u003e0\u003c/td\u003e\n\u003c/tr\u003e\n\u003ctr bgcolor=\"#D4E4F3\"\u003e\n\u003ctd\u003eShape_Leng\u003c/td\u003e\n\u003ctd\u003e18102566,9293\u003c/td\u003e\n\u003c/tr\u003e\n\u003c/table\u003e\n\u003c/td\u003e\n\u003c/tr\u003e\n\u003c/table\u003e\n\u003c/body\u003e\u003cscript type=\"text/javascript\"\u003e\n\t\t\t\tfunction changeImage(attElement, nameElement) {\n\t\t\t\tdocument.getElementById('imageAttachment').src = attElement;\n\t\t\t\tdocument.getElementById('imageName').innerHTML = nameElement;}\n\t\t\t\u003c/script\u003e\u003c/html\u003e\n","FID_active_grids":150,"GridID":"M01","Shape_Length":7.2376481532583935e-05,"Shape_Area":2.4554781958621639e-10}},{"type":"Feature","id":27597,"geometry":{"type":"Polygon","coordinates":[[[112.69277289900003,-7.0949638109999569],[112.69277293200003,-7.0949728529999447],[112.69278198300003,-7.0949728199999527],[112.69278201600002,-7.0949818609999511],[112.69280917100002,-7.0949817619999749],[112.69280913800003,-7.0949727209999764],[112.69280008700002,-7.0949727539999685],[112.69280005400003,-7.0949637119999807],[112.69277289900003,-7.0949638109999569]]]},"properties":{"OBJECTID":27597,"FID_mangrove_utm":27505,"OBJECTID_1":27505,"Name":"18102566,9293","FolderPath":"JATIM/JATIM","SymbolID":0,"AltMode":0,"Base":0,"Clamped":-1,"Extruded":0,"Snippet":"","PopupInfo":"\u003chtml xmlns:fo=\"http://www.w3.org/1999/XSL/Format\" xmlns:msxsl=\"urn:schemas-microsoft-com:xslt\"\u003e\n\u003chead\u003e\n\u003cMETA http-equiv=\"Content-Type\" content=\"text/html\"\u003e\n\u003cmeta http-equiv=\"content-type\" content=\"text/html; charset=UTF-8\"\u003e\n\u003c/head\u003e\n\u003cbody style=\"margin:0px 0px 0px 0px;overflow:auto;background:#FFFFFF;\"\u003e\n\u003ctable style=\"font-family:Arial,Verdana,Times;font-size:12px;text-align:left;width:100%;border-collapse:collapse;padding:3px 3px 3px 3px\"\u003e\n\u003ctr style=\"text-align:center;font-weight:bold;background:#9CBCE2\"\u003e\n\u003ctd\u003e18102566,9293\u003c/td\u003e\n\u003c/tr\u003e\n\u003ctr\u003e\n\u003ctd\u003e\n\u003ctable style=\"font-family:Arial,Verdana,Times;font-size:12px;text-align:left;width:100%;border-spacing:0px; padding:3px 3px 3px 3px\"\u003e\n\u003ctr\u003e\n\u003ctd\u003eFID\u003c/td\u003e\n\u003ctd\u003e0\u003c/td\u003e\n\u003c/tr\u003e\n\u003ctr bgcolor=\"#D4E4F3\"\u003e\n\u003ctd\u003eShape_Leng\u003c/td\u003e\n\u003ctd\u003e18102566,9293\u003c/td\u003e\n\u003c/tr\u003e\n\u003c/table\u003e\n\u003c/td\u003e\n\u003c/tr\u003e\n\u003c/table\u003e\n\u003c/body\u003e\u003cscript type=\"text/javascript\"\u003e\n\t\t\t\tfunction changeImage(attElement, nameElement) {\n\t\t\t\tdocument.getElementById('imageAttachment').src = attElement;\n\t\t\t\tdocument.getElementById('imageName').innerHTML = nameElement;}\n\t\t\t\u003c/script\u003e\u003c/html\u003e\n","FID_active_grids":150,"GridID":"M01","Shape_Length":0.00010857872211389582,"Shape_Area":4.9105033258817741e-10}},{"type":"Feature","id":27598,"geometry":{"type":"Polygon","coordinates":[[[112.69277289900003,-7.0949638109999569],[112.69277288000001,-7.094958705999943],[112.69274573300004,-7.0949609749999354],[112.69274574400004,-7.0949639099999331],[112.69275479500004,-7.094963876999941],[112.69275482800003,-7.0949729189999289],[112.69276388000003,-7.0949728859999368],[112.69276384700004,-7.0949638439999489],[112.69277289900003,-7.0949638109999569]]]},"properties":{"OBJECTID":27598,"FID_mangrove_utm":27506,"OBJECTID_1":27506,"Name":"18102566,9293","FolderPath":"JATIM/JATIM","SymbolID":0,"AltMode":0,"Base":0,"Clamped":-1,"Extruded":0,"Snippet":"","PopupInfo":"\u003chtml xmlns:fo=\"http://www.w3.org/1999/XSL/Format\" xmlns:msxsl=\"urn:schemas-microsoft-com:xslt\"\u003e\n\u003chead\u003e\n\u003cMETA http-equiv=\"Content-Type\" content=\"text/html\"\u003e\n\u003cmeta http-equiv=\"content-type\" content=\"text/html; charset=UTF-8\"\u003e\n\u003c/head\u003e\n\u003cbody style=\"margin:0px 0px 0px 0px;overflow:auto;background:#FFFFFF;\"\u003e\n\u003ctable style=\"font-family:Arial,Verdana,Times;font-size:12px;text-align:left;width:100%;border-collapse:collapse;padding:3px 3px 3px 3px\"\u003e\n\u003ctr style=\"text-align:center;font-weight:bold;background:#9CBCE2\"\u003e\n\u003ctd\u003e18102566,9293\u003c/td\u003e\n\u003c/tr\u003e\n\u003ctr\u003e\n\u003ctd\u003e\n\u003ctable style=\"font-family:Arial,Verdana,Times;font-size:12px;text-align:left;width:100%;border-spacing:0px; padding:3px 3px 3px 3px\"\u003e\n\u003ctr\u003e\n\u003ctd\u003eFID\u003c/td\u003e\n\u003ctd\u003e0\u003c/td\u003e\n\u003c/tr\u003e\n\u003ctr bgcolor=\"#D4E4F3\"\u003e\n\u003ctd\u003eShape_Leng\u003c/td\u003e\n\u003ctd\u003e18102566,9293\u003c/td\u003e\n\u003c/tr\u003e\n\u003c/table\u003e\n\u003c/td\u003e\n\u003c/tr\u003e\n\u003c/table\u003e\n\u003c/body\u003e\u003cscript type=\"text/javascript\"\u003e\n\t\t\t\tfunction changeImage(attElement, nameElement) {\n\t\t\t\tdocument.getElementById('imageAttachment').src = attElement;\n\t\t\t\tdocument.getElementById('imageName').innerHTML = nameElement;}\n\t\t\t\u003c/script\u003e\u003c/html\u003e\n","FID_active_grids":150,"GridID":"M01","Shape_Length":8.0521015548377551e-05,"Shape_Area":1.9101401995557132e-10}},{"type":"Feature","id":27599,"geometry":{"type":"Polygon","coordinates":[[[112.69297196900004,-7.0949450009999282],[112.69296291700005,-7.0949450339999771],[112.69296295000004,-7.0949540749999755],[112.69291769200004,-7.0949542409999253],[112.69291779100001,-7.0949813659999563],[112.69289968800001,-7.0949814319999405],[112.69289972100012,-7.0949904739999283],[112.69292687600012,-7.0949903749999521],[112.69292684300001,-7.0949813329999643],[112.69295399800001,-7.0949812339999312],[112.69295396500002,-7.0949721919999433],[112.69298112000001,-7.0949720929999671],[112.69298108700002,-7.0949630509999793],[112.69299013800003,-7.0949630179999303],[112.69299010500004,-7.0949539759999425],[112.69297200200003,-7.0949540419999266],[112.69297196900004,-7.0949450009999282]]]},"properties":{"OBJECTID":27599,"FID_mangrove_utm":27507,"OBJECTID_1":27507,"Name":"18102566,9293","FolderPath":"JATIM/JATIM","SymbolID":0,"AltMode":0,"Base":0,"Clamped":-1,"Extruded":0,"Snippet":"","PopupInfo":"\u003chtml xmlns:fo=\"http://www.w3.org/1999/XSL/Format\" xmlns:msxsl=\"urn:schemas-microsoft-com:xslt\"\u003e\n\u003chead\u003e\n\u003cMETA http-equiv=\"Content-Type\" content=\"text/html\"\u003e\n\u003cmeta http-equiv=\"content-type\" content=\"text/html; charset=UTF-8\"\u003e\n\u003c/head\u003e\n\u003cbody style=\"margin:0px 0px 0px 0px;overflow:auto;background:#FFFFFF;\"\u003e\n\u003ctable style=\"font-family:Arial,Verdana,Times;font-size:12px;text-align:left;width:100%;border-collapse:collapse;padding:3px 3px 3px 3px\"\u003e\n\u003ctr style=\"text-align:center;font-weight:bold;background:#9CBCE2\"\u003e\n\u003ctd\u003e18102566,9293\u003c/td\u003e\n\u003c/tr\u003e\n\u003ctr\u003e\n\u003ctd\u003e\n\u003ctable style=\"font-family:Arial,Verdana,Times;font-size:12px;text-align:left;width:100%;border-spacing:0px; padding:3px 3px 3px 3px\"\u003e\n\u003ctr\u003e\n\u003ctd\u003eFID\u003c/td\u003e\n\u003ctd\u003e0\u003c/td\u003e\n\u003c/tr\u003e\n\u003ctr bgcolor=\"#D4E4F3\"\u003e\n\u003ctd\u003eShape_Leng\u003c/td\u003e\n\u003ctd\u003e18102566,9293\u003c/td\u003e\n\u003c/tr\u003e\n\u003c/table\u003e\n\u003c/td\u003e\n\u003c/tr\u003e\n\u003c/table\u003e\n\u003c/body\u003e\u003cscript type=\"text/javascript\"\u003e\n\t\t\t\tfunction changeImage(attElement, nameElement) {\n\t\t\t\tdocument.getElementById('imageAttachment').src = attElement;\n\t\t\t\tdocument.getElementById('imageName').innerHTML = nameElement;}\n\t\t\t\u003c/script\u003e\u003c/html\u003e\n","FID_active_grids":150,"GridID":"M01","Shape_Length":0.00027145080893086669,"Shape_Area":1.8824384854203121e-09}},{"type":"Feature","id":27603,"geometry":{"type":"Polygon","coordinates":[[[112.6931642190001,-7.0949262149999299],[112.6931641330001,-7.0949260019999656],[112.69316146200003,-7.0949262249999379],[112.6931642190001,-7.0949262149999299]]]},"properties":{"OBJECTID":27603,"FID_mangrove_utm":27511,"OBJECTID_1":27511,"Name":"18102566,9293","FolderPath":"JATIM/JATIM","SymbolID":0,"AltMode":0,"Base":0,"Clamped":-1,"Extruded":0,"Snippet":"","PopupInfo":"\u003chtml xmlns:fo=\"http://www.w3.org/1999/XSL/Format\" xmlns:msxsl=\"urn:schemas-microsoft-com:xslt\"\u003e\n\u003chead\u003e\n\u003cMETA http-equiv=\"Content-Type\" content=\"text/html\"\u003e\n\u003cmeta http-equiv=\"content-type\" content=\"text/html; charset=UTF-8\"\u003e\n\u003c/head\u003e\n\u003cbody style=\"margin:0px 0px 0px 0px;overflow:auto;background:#FFFFFF;\"\u003e\n\u003ctable style=\"font-family:Arial,Verdana,Times;font-size:12px;text-align:left;width:100%;border-collapse:collapse;padding:3px 3px 3px 3px\"\u003e\n\u003ctr style=\"text-align:center;font-weight:bold;background:#9CBCE2\"\u003e\n\u003ctd\u003e18102566,9293\u003c/td\u003e\n\u003c/tr\u003e\n\u003ctr\u003e\n\u003ctd\u003e\n\u003ctable style=\"font-family:Arial,Verdana,Times;font-size:12px;text-align:left;width:100%;border-spacing:0px; padding:3px 3px 3px 3px\"\u003e\n\u003ctr\u003e\n\u003ctd\u003eFID\u003c/td\u003e\n\u003ctd\u003e0\u003c/td\u003e\n\u003c/tr\u003e\n\u003ctr bgcolor=\"#D4E4F3\"\u003e\n\u003ctd\u003eShape_Leng\u003c/td\u003e\n\u003ctd\u003e18102566,9293\u003c/td\u003e\n\u003c/tr\u003e\n\u003c/table\u003e\n\u003c/td\u003e\n\u003c/tr\u003e\n\u003c/table\u003e\n\u003c/body\u003e\u003cscript type=\"text/javascript\"\u003e\n\t\t\t\tfunction changeImage(attElement, nameElement) {\n\t\t\t\tdocument.getElementById('imageAttachment').src = attElement;\n\t\t\t\tdocument.getElementById('imageName').innerHTML = nameElement;}\n\t\t\t\u003c/script\u003e\u003c/html\u003e\n","FID_active_grids":150,"GridID":"M01","Shape_Length":5.6670174510044469e-06,"Shape_Area":2.9405045768535466e-13}},{"type":"Feature","id":27607,"geometry":{"type":"Polygon","coordinates":[[[112.70307275300001,-7.0946820049999815],[112.70307271900003,-7.0946729629999368],[112.70306366800003,-7.0946729959999288],[112.70306370100002,-7.0946820379999735],[112.70307275300001,-7.0946820049999815]]]},"properties":{"OBJECTID":27607,"FID_mangrove_utm":27515,"OBJECTID_1":27515,"Name":"18102566,9293","FolderPath":"JATIM/JATIM","SymbolID":0,"AltMode":0,"Base":0,"Clamped":-1,"Extruded":0,"Snippet":"","PopupInfo":"\u003chtml xmlns:fo=\"http://www.w3.org/1999/XSL/Format\" xmlns:msxsl=\"urn:schemas-microsoft-com:xslt\"\u003e\n\u003chead\u003e\n\u003cMETA http-equiv=\"Content-Type\" content=\"text/html\"\u003e\n\u003cmeta http-equiv=\"content-type\" content=\"text/html; charset=UTF-8\"\u003e\n\u003c/head\u003e\n\u003cbody style=\"margin:0px 0px 0px 0px;overflow:auto;background:#FFFFFF;\"\u003e\n\u003ctable style=\"font-family:Arial,Verdana,Times;font-size:12px;text-align:left;width:100%;border-collapse:collapse;padding:3px 3px 3px 3px\"\u003e\n\u003ctr style=\"text-align:center;font-weight:bold;background:#9CBCE2\"\u003e\n\u003ctd\u003e18102566,9293\u003c/td\u003e\n\u003c/tr\u003e\n\u003ctr\u003e\n\u003ctd\u003e\n\u003ctable style=\"font-family:Arial,Verdana,Times;font-size:12px;text-align:left;width:100%;border-spacing:0px; padding:3px 3px 3px 3px\"\u003e\n\u003ctr\u003e\n\u003ctd\u003eFID\u003c/td\u003e\n\u003ctd\u003e0\u003c/td\u003e\n\u003c/tr\u003e\n\u003ctr bgcolor=\"#D4E4F3\"\u003e\n\u003ctd\u003eShape_Leng\u003c/td\u003e\n\u003ctd\u003e18102566,9293\u003c/td\u003e\n\u003c/tr\u003e\n\u003c/table\u003e\n\u003c/td\u003e\n\u003c/tr\u003e\n\u003c/table\u003e\n\u003c/body\u003e\u003cscript type=\"text/javascript\"\u003e\n\t\t\t\tfunction changeImage(attElement, nameElement) {\n\t\t\t\tdocument.getElementById('imageAttachment').src = attElement;\n\t\t\t\tdocument.getElementById('imageName').innerHTML = nameElement;}\n\t\t\t\u003c/script\u003e\u003c/html\u003e\n","FID_active_grids":150,"GridID":"M01","Shape_Length":3.6187244545015196e-05,"Shape_Area":8.1844768913660004e-11}},{"type":"Feature","id":27610,"geometry":{"type":"Polygon","coordinates":[[[112.68619273100001,-7.0950962629999594],[112.68619269900012,-7.0950872209999716],[112.6862077720001,-7.0950871659999279],[112.68614941900012,-7.0950331249999294],[112.68614724300005,-7.0950331329999585],[112.68614723500002,-7.0950311029999398],[112.68589367800007,-7.0947962839999263],[112.68588297500003,-7.0947281519999592],[112.68590151000001,-7.0946664859999373],[112.68590146500003,-7.0946542569999451],[112.68590963600002,-7.0946542279999676],[112.68591051200008,-7.0946530149999489],[112.68591048400003,-7.0946451829999546],[112.68589238000004,-7.0946452479999493],[112.68589234800004,-7.0946362059999615],[112.68588329600004,-7.0946362389999535],[112.68588332900003,-7.0946452809999414],[112.68581996700004,-7.0946455109999533],[112.68582000000004,-7.0946545529999412],[112.68581094800004,-7.0946545859999333],[112.68581101400002,-7.0946726699999658],[112.68580196200003,-7.0946727029999579],[112.68580219300009,-7.0947359969999297],[112.68581124400009,-7.0947359639999377],[112.68581140900005,-7.0947811739999338],[112.68580235700006,-7.0947812069999259],[112.68580252200002,-7.0948264169999788],[112.68579347000002,-7.0948264499999709],[112.68579366800009,-7.0948807009999655],[112.68580271900009,-7.0948806689999628],[112.68580278500008,-7.0948987529999386],[112.68579373300008,-7.0948987849999412],[112.68579376600007,-7.0949078269999291],[112.68580281800007,-7.0949077949999264],[112.68580288400005,-7.094925878999959],[112.68581193500006,-7.0949258459999669],[112.68581200100004,-7.0949439299999426],[112.68583915600004,-7.0949438309999664],[112.68583918900003,-7.0949528729999543],[112.68586634400003,-7.094952773999978],[112.68586637700002,-7.0949618159999659],[112.68587542900002,-7.0949617839999632],[112.685875495,-7.0949798669999495],[112.68588454600001,-7.0949798349999469],[112.68588457900012,-7.0949888769999347],[112.68590268300011,-7.0949888109999506],[112.6859027160001,-7.0949978529999385],[112.6859208190001,-7.0949977869999543],[112.68592085200009,-7.0950068289999422],[112.6859389550001,-7.095006762999958],[112.68593905400007,-7.0950338889999784],[112.68593000200008,-7.0950339219999705],[112.68593013400005,-7.0950700899999788],[112.68593918600004,-7.0950700569999299],[112.68593921800004,-7.0950790989999746],[112.68594827000004,-7.0950790659999257],[112.68594833600002,-7.0950971499999582],[112.68593928400003,-7.0950971829999503],[112.68593931700002,-7.0951062249999381],[112.68593026500002,-7.0951062579999302],[112.68593029800002,-7.0951152999999749],[112.68593935000001,-7.095115266999926],[112.685939383,-7.0951243089999707],[112.68594843500011,-7.0951242759999786],[112.68594850000011,-7.0951423599999544],[112.6859575520001,-7.0951423269999623],[112.6859575850001,-7.0951513689999501],[112.6859485330001,-7.0951514019999422],[112.68594859900008,-7.0951694859999748],[112.68593049600008,-7.0951695519999589],[112.68593052900007,-7.0951785939999468],[112.68592147700008,-7.0951786269999388],[112.68592154300006,-7.0951967109999714],[112.68591249100007,-7.0951967439999635],[112.68591262300004,-7.0952329119999717],[112.68592167400004,-7.0952328789999797],[112.68592174000003,-7.0952509629999554],[112.68595794700002,-7.0952508309999303],[112.68595798000001,-7.095259872999975],[112.68601229000001,-7.0952596759999551],[112.68601232300011,-7.095268717999943],[112.68603042600012,-7.0952686519999588],[112.68603055800008,-7.0953048199999671],[112.68603961000008,-7.095304786999975],[112.68603964300007,-7.0953138289999629],[112.68604869400008,-7.0953137959999708],[112.68604882600005,-7.0953499639999791],[112.68605787800004,-7.0953499309999302],[112.68605791100003,-7.0953589729999749],[112.68604885900004,-7.0953590059999669],[112.68604902300001,-7.0954042159999631],[112.68603997200012,-7.0954042489999551],[112.68604033400004,-7.0955037109999353],[112.68604938500005,-7.0955036779999432],[112.68604948400002,-7.0955308039999636],[112.68605853600002,-7.0955307709999715],[112.68605876600009,-7.0955940649999434],[112.68606781800008,-7.0955940319999513],[112.68606788400007,-7.095612115999927],[112.68607693500007,-7.095612082999935],[112.68607700100006,-7.0956301669999675],[112.68608605300005,-7.0956301339999754],[112.68608615200003,-7.095657259999939],[112.68610425500003,-7.0956571949999443],[112.68610428800002,-7.0956662369999322],[112.68611334000002,-7.0956662039999401],[112.68611337300001,-7.0956752459999279],[112.68612242400002,-7.0956752129999359],[112.6861225560001,-7.0957113809999441],[112.6861406590001,-7.09571131499996],[112.68614069200009,-7.0957203569999479],[112.68614974400009,-7.0957203239999558],[112.68614977700008,-7.0957293659999436],[112.68619503500008,-7.0957292019999727],[112.68619520000004,-7.0957744119999688],[112.68621330300005,-7.0957743459999278],[112.68621336900003,-7.0957924299999604],[112.68623147300002,-7.0957923639999763],[112.68623150600001,-7.0958014059999641],[112.68625866100001,-7.0958013069999311],[112.68625862800002,-7.0957922649999432],[112.68627673100002,-7.0957921999999485],[112.68627669800003,-7.0957831579999606],[112.68628575000002,-7.0957831249999685],[112.68628571700003,-7.0957740829999807],[112.68630382000003,-7.0957740169999397],[112.68630385300003,-7.0957830589999276],[112.68631290500002,-7.0957830259999355],[112.68631300400011,-7.0958101519999559],[112.68630395200012,-7.095810184999948],[112.68630398500011,-7.0958192269999358],[112.68629493300011,-7.0958192599999279],[112.6862949660001,-7.0958283019999726],[112.6862859150001,-7.0958283349999647],[112.6862859470001,-7.0958373769999525],[112.6862587920001,-7.0958374749999393],[112.68625875900011,-7.0958284329999515],[112.68624065600011,-7.0958284989999356],[112.6862406890001,-7.0958375409999803],[112.6862497410001,-7.0958375079999314],[112.68624980600009,-7.095855591999964],[112.68625885800009,-7.0958555589999719],[112.68625889100008,-7.0958646009999597],[112.68628604600008,-7.095864502999973],[112.68628614500005,-7.0958916289999365],[112.68632235200005,-7.0958914969999682],[112.68632238500004,-7.0959005389999561],[112.68633143600005,-7.095900505999964],[112.68633146900004,-7.0959095479999519],[112.68634957300003,-7.0959094819999677],[112.68634963900001,-7.0959275659999435],[112.68635869000002,-7.0959275329999514],[112.68635872300001,-7.0959365749999392],[112.68638587800001,-7.0959364769999524],[112.68638591100012,-7.0959455189999403],[112.68641306600011,-7.0959454199999641],[112.68641303300001,-7.0959363779999762],[112.68643113700011,-7.0959363119999352],[112.68643117000011,-7.0959453539999799],[112.68644022100011,-7.095945320999931],[112.68644009000002,-7.0959091529999796],[112.68644914100003,-7.0959091209999769],[112.68644891100007,-7.0958458269999483],[112.68645796300007,-7.0958457939999562],[112.68645786400009,-7.0958186679999358],[112.68646691600009,-7.0958186349999437],[112.68646688300009,-7.0958095929999558],[112.68651214100009,-7.0958094289999281],[112.68651207500011,-7.0957913449999523],[112.68649397200011,-7.0957914099999471],[112.68649387300002,-7.0957642839999266],[112.68650292500001,-7.0957642519999808],[112.68650289200002,-7.0957552099999361],[112.68649384000003,-7.0957552419999388],[112.68649380700003,-7.0957461999999509],[112.68648475600003,-7.095746232999943],[112.68648472300004,-7.0957371909999551],[112.68647567100004,-7.0957372239999472],[112.68647563800005,-7.0957281819999594],[112.68646658600005,-7.0957282149999514],[112.68646651500001,-7.0957084919999716],[112.68634734600005,-7.0956567209999548],[112.68605093500003,-7.0955004629999507],[112.68620181600011,-7.0951051849999658],[112.68620178300012,-7.0950962299999674],[112.68619273100001,-7.0950962629999594],[112.68619276400011,-7.0951053049999473],[112.6861837130001,-7.0951053379999394],[112.68618368000011,-7.0950962959999515],[112.68619273100001,-7.0950962629999594]],[[112.68614951400002,-7.0956570299999271],[112.68615856500003,-7.095656996999935],[112.68615853200004,-7.0956479549999472],[112.68616758400003,-7.0956479219999551],[112.68616755100004,-7.0956388799999672],[112.68617660300004,-7.0956388479999646],[112.68617666900002,-7.0956569319999403],[112.68618572000003,-7.0956568989999482],[112.68618578600001,-7.0956749829999808],[112.68621294100001,-7.0956748839999477],[112.68621297400011,-7.0956839259999356],[112.68622202600011,-7.0956838929999435],[112.6862220590001,-7.0956929349999314],[112.6862311110001,-7.0956929019999393],[112.68623117600009,-7.0957109859999719],[112.68622212500009,-7.0957110189999639],[112.68622215800008,-7.0957200609999518],[112.68620405400009,-7.0957201269999359],[112.68620402100009,-7.0957110849999481],[112.68616781500009,-7.0957112159999269],[112.68616774900011,-7.0956931319999512],[112.68614964500011,-7.0956931979999354],[112.68614951400002,-7.0956570299999271]],[[112.68632149600001,-7.0956564049999429],[112.68633959900001,-7.0956563399999482],[112.68633966500011,-7.0956744239999807],[112.6863215620001,-7.0956744889999754],[112.68632159500009,-7.0956835309999633],[112.6863034910001,-7.0956835969999474],[112.68630342500001,-7.0956655129999717],[112.68632152900011,-7.0956654469999307],[112.68632149600001,-7.0956564049999429]],[[112.68629453800008,-7.0957107559999599],[112.68627643500008,-7.0957108219999441],[112.6862763690001,-7.0956927379999684],[112.68628542100009,-7.0956927049999763],[112.68628535500011,-7.0956746209999437],[112.6862944070001,-7.0956745879999517],[112.68629453800008,-7.0957107559999599]],[[112.68621313900007,-7.0957291359999317],[112.68622219100007,-7.0957291029999396],[112.68622222300007,-7.0957381449999275],[112.68621317200007,-7.0957381779999764],[112.68621313900007,-7.0957291359999317]],[[112.68644858200003,-7.095755406999956],[112.68645763300003,-7.0957553739999639],[112.68645766600002,-7.0957644159999518],[112.68644861500002,-7.0957644489999439],[112.68644858200003,-7.095755406999956]]]},"properties":{"OBJECTID":27610,"FID_mangrove_utm":27518,"OBJECTID_1":27518,"Name":"18102566,9293","FolderPath":"JATIM/JATIM","SymbolID":0,"AltMode":0,"Base":0,"Clamped":-1,"Extruded":0,"Snippet":"","PopupInfo":"\u003chtml xmlns:fo=\"http://www.w3.org/1999/XSL/Format\" xmlns:msxsl=\"urn:schemas-microsoft-com:xslt\"\u003e\n\u003chead\u003e\n\u003cMETA http-equiv=\"Content-Type\" content=\"text/html\"\u003e\n\u003cmeta http-equiv=\"content-type\" content=\"text/html; charset=UTF-8\"\u003e\n\u003c/head\u003e\n\u003cbody style=\"margin:0px 0px 0px 0px;overflow:auto;background:#FFFFFF;\"\u003e\n\u003ctable style=\"font-family:Arial,Verdana,Times;font-size:12px;text-align:left;width:100%;border-collapse:collapse;padding:3px 3px 3px 3px\"\u003e\n\u003ctr style=\"text-align:center;font-weight:bold;background:#9CBCE2\"\u003e\n\u003ctd\u003e18102566,9293\u003c/td\u003e\n\u003c/tr\u003e\n\u003ctr\u003e\n\u003ctd\u003e\n\u003ctable style=\"font-family:Arial,Verdana,Times;font-size:12px;text-align:left;width:100%;border-spacing:0px; padding:3px 3px 3px 3px\"\u003e\n\u003ctr\u003e\n\u003ctd\u003eFID\u003c/td\u003e\n\u003ctd\u003e0\u003c/td\u003e\n\u003c/tr\u003e\n\u003ctr bgcolor=\"#D4E4F3\"\u003e\n\u003ctd\u003eShape_Leng\u003c/td\u003e\n\u003ctd\u003e18102566,9293\u003c/td\u003e\n\u003c/tr\u003e\n\u003c/table\u003e\n\u003c/td\u003e\n\u003c/tr\u003e\n\u003c/table\u003e\n\u003c/body\u003e\u003cscript type=\"text/javascript\"\u003e\n\t\t\t\tfunction changeImage(attElement, nameElement) {\n\t\t\t\tdocument.getElementById('imageAttachment').src = attElement;\n\t\t\t\tdocument.getElementById('imageName').innerHTML = nameElement;}\n\t\t\t\u003c/script\u003e\u003c/html\u003e\n","FID_active_grids":150,"GridID":"M01","Shape_Length":0.0050975797737926381,"Shape_Area":2.0391503815887677e-07}},{"type":"Feature","id":27611,"geometry":{"type":"Polygon","coordinates":[[[112.70286416700003,-7.0945742659999382],[112.70286413400004,-7.0945652239999504],[112.70285508200004,-7.0945652569999424],[112.70285511500003,-7.0945742989999303],[112.70286416700003,-7.0945742659999382]]]},"properties":{"OBJECTID":27611,"FID_mangrove_utm":27519,"OBJECTID_1":27519,"Name":"18102566,9293","FolderPath":"JATIM/JATIM","SymbolID":0,"AltMode":0,"Base":0,"Clamped":-1,"Extruded":0,"Snippet":"","PopupInfo":"\u003chtml xmlns:fo=\"http://www.w3.org/1999/XSL/Format\" xmlns:msxsl=\"urn:schemas-microsoft-com:xslt\"\u003e\n\u003chead\u003e\n\u003cMETA http-equiv=\"Content-Type\" content=\"text/html\"\u003e\n\u003cmeta http-equiv=\"content-type\" content=\"text/html; charset=UTF-8\"\u003e\n\u003c/head\u003e\n\u003cbody style=\"margin:0px 0px 0px 0px;overflow:auto;background:#FFFFFF;\"\u003e\n\u003ctable style=\"font-family:Arial,Verdana,Times;font-size:12px;text-align:left;width:100%;border-collapse:collapse;padding:3px 3px 3px 3px\"\u003e\n\u003ctr style=\"text-align:center;font-weight:bold;background:#9CBCE2\"\u003e\n\u003ctd\u003e18102566,9293\u003c/td\u003e\n\u003c/tr\u003e\n\u003ctr\u003e\n\u003ctd\u003e\n\u003ctable style=\"font-family:Arial,Verdana,Times;font-size:12px;text-align:left;width:100%;border-spacing:0px; padding:3px 3px 3px 3px\"\u003e\n\u003ctr\u003e\n\u003ctd\u003eFID\u003c/td\u003e\n\u003ctd\u003e0\u003c/td\u003e\n\u003c/tr\u003e\n\u003ctr bgcolor=\"#D4E4F3\"\u003e\n\u003ctd\u003eShape_Leng\u003c/td\u003e\n\u003ctd\u003e18102566,9293\u003c/td\u003e\n\u003c/tr\u003e\n\u003c/table\u003e\n\u003c/td\u003e\n\u003c/tr\u003e\n\u003c/table\u003e\n\u003c/body\u003e\u003cscript type=\"text/javascript\"\u003e\n\t\t\t\tfunction changeImage(attElement, nameElement) {\n\t\t\t\tdocument.getElementById('imageAttachment').src = attElement;\n\t\t\t\tdocument.getElementById('imageName').innerHTML = nameElement;}\n\t\t\t\u003c/script\u003e\u003c/html\u003e\n","FID_active_grids":150,"GridID":"M01","Shape_Length":3.6188240709241466e-05,"Shape_Area":8.1849272851502786e-11}},{"type":"Feature","id":27612,"geometry":{"type":"Polygon","coordinates":[[[112.68608170900006,-7.0944365919999655],[112.68608177500005,-7.0944546759999412],[112.68608315300003,-7.0944546709999372],[112.6860908000001,-7.0944474859999787],[112.68609076000007,-7.0944365589999734],[112.68608170900006,-7.0944365919999655]]]},"properties":{"OBJECTID":27612,"FID_mangrove_utm":27520,"OBJECTID_1":27520,"Name":"18102566,9293","FolderPath":"JATIM/JATIM","SymbolID":0,"AltMode":0,"Base":0,"Clamped":-1,"Extruded":0,"Snippet":"","PopupInfo":"\u003chtml xmlns:fo=\"http://www.w3.org/1999/XSL/Format\" xmlns:msxsl=\"urn:schemas-microsoft-com:xslt\"\u003e\n\u003chead\u003e\n\u003cMETA http-equiv=\"Content-Type\" content=\"text/html\"\u003e\n\u003cmeta http-equiv=\"content-type\" content=\"text/html; charset=UTF-8\"\u003e\n\u003c/head\u003e\n\u003cbody style=\"margin:0px 0px 0px 0px;overflow:auto;background:#FFFFFF;\"\u003e\n\u003ctable style=\"font-family:Arial,Verdana,Times;font-size:12px;text-align:left;width:100%;border-collapse:collapse;padding:3px 3px 3px 3px\"\u003e\n\u003ctr style=\"text-align:center;font-weight:bold;background:#9CBCE2\"\u003e\n\u003ctd\u003e18102566,9293\u003c/td\u003e\n\u003c/tr\u003e\n\u003ctr\u003e\n\u003ctd\u003e\n\u003ctable style=\"font-family:Arial,Verdana,Times;font-size:12px;text-align:left;width:100%;border-spacing:0px; padding:3px 3px 3px 3px\"\u003e\n\u003ctr\u003e\n\u003ctd\u003eFID\u003c/td\u003e\n\u003ctd\u003e0\u003c/td\u003e\n\u003c/tr\u003e\n\u003ctr bgcolor=\"#D4E4F3\"\u003e\n\u003ctd\u003eShape_Leng\u003c/td\u003e\n\u003ctd\u003e18102566,9293\u003c/td\u003e\n\u003c/tr\u003e\n\u003c/table\u003e\n\u003c/td\u003e\n\u003c/tr\u003e\n\u003c/table\u003e\n\u003c/body\u003e\u003cscript type=\"text/javascript\"\u003e\n\t\t\t\tfunction changeImage(attElement, nameElement) {\n\t\t\t\tdocument.getElementById('imageAttachment').src = attElement;\n\t\t\t\tdocument.getElementById('imageName').innerHTML = nameElement;}\n\t\t\t\u003c/script\u003e\u003c/html\u003e\n","FID_active_grids":150,"GridID":"M01","Shape_Length":4.9933157325992252e-05,"Shape_Area":1.3622346625969741e-10}},{"type":"Feature","id":27613,"geometry":{"type":"Polygon","coordinates":[[[112.68608170900006,-7.0944365919999655],[112.68608167600007,-7.0944275499999776],[112.68607262400008,-7.0944275829999697],[112.68607265700007,-7.0944366249999575],[112.68608170900006,-7.0944365919999655]]]},"properties":{"OBJECTID":27613,"FID_mangrove_utm":27521,"OBJECTID_1":27521,"Name":"18102566,9293","FolderPath":"JATIM/JATIM","SymbolID":0,"AltMode":0,"Base":0,"Clamped":-1,"Extruded":0,"Snippet":"","PopupInfo":"\u003chtml xmlns:fo=\"http://www.w3.org/1999/XSL/Format\" xmlns:msxsl=\"urn:schemas-microsoft-com:xslt\"\u003e\n\u003chead\u003e\n\u003cMETA http-equiv=\"Content-Type\" content=\"text/html\"\u003e\n\u003cmeta http-equiv=\"content-type\" content=\"text/html; charset=UTF-8\"\u003e\n\u003c/head\u003e\n\u003cbody style=\"margin:0px 0px 0px 0px;overflow:auto;background:#FFFFFF;\"\u003e\n\u003ctable style=\"font-family:Arial,Verdana,Times;font-size:12px;text-align:left;width:100%;border-collapse:collapse;padding:3px 3px 3px 3px\"\u003e\n\u003ctr style=\"text-align:center;font-weight:bold;background:#9CBCE2\"\u003e\n\u003ctd\u003e18102566,9293\u003c/td\u003e\n\u003c/tr\u003e\n\u003ctr\u003e\n\u003ctd\u003e\n\u003ctable style=\"font-family:Arial,Verdana,Times;font-size:12px;text-align:left;width:100%;border-spacing:0px; padding:3px 3px 3px 3px\"\u003e\n\u003ctr\u003e\n\u003ctd\u003eFID\u003c/td\u003e\n\u003ctd\u003e0\u003c/td\u003e\n\u003c/tr\u003e\n\u003ctr bgcolor=\"#D4E4F3\"\u003e\n\u003ctd\u003eShape_Leng\u003c/td\u003e\n\u003ctd\u003e18102566,9293\u003c/td\u003e\n\u003c/tr\u003e\n\u003c/table\u003e\n\u003c/td\u003e\n\u003c/tr\u003e\n\u003c/table\u003e\n\u003c/body\u003e\u003cscript type=\"text/javascript\"\u003e\n\t\t\t\tfunction changeImage(attElement, nameElement) {\n\t\t\t\tdocument.getElementById('imageAttachment').src = attElement;\n\t\t\t\tdocument.getElementById('imageName').innerHTML = nameElement;}\n\t\t\t\u003c/script\u003e\u003c/html\u003e\n","FID_active_grids":150,"GridID":"M01","Shape_Length":3.6188240709241466e-05,"Shape_Area":8.1849272851502786e-11}},{"type":"Feature","id":27615,"geometry":{"type":"Polygon","coordinates":[[[112.6860996150001,-7.0943822749999299],[112.68609056300011,-7.0943823069999326],[112.6860905960001,-7.0943913489999773],[112.68609964800009,-7.0943913169999746],[112.6860996150001,-7.0943822749999299]]]},"properties":{"OBJECTID":27615,"FID_mangrove_utm":27523,"OBJECTID_1":27523,"Name":"18102566,9293","FolderPath":"JATIM/JATIM","SymbolID":0,"AltMode":0,"Base":0,"Clamped":-1,"Extruded":0,"Snippet":"","PopupInfo":"\u003chtml xmlns:fo=\"http://www.w3.org/1999/XSL/Format\" xmlns:msxsl=\"urn:schemas-microsoft-com:xslt\"\u003e\n\u003chead\u003e\n\u003cMETA http-equiv=\"Content-Type\" content=\"text/html\"\u003e\n\u003cmeta http-equiv=\"content-type\" content=\"text/html; charset=UTF-8\"\u003e\n\u003c/head\u003e\n\u003cbody style=\"margin:0px 0px 0px 0px;overflow:auto;background:#FFFFFF;\"\u003e\n\u003ctable style=\"font-family:Arial,Verdana,Times;font-size:12px;text-align:left;width:100%;border-collapse:collapse;padding:3px 3px 3px 3px\"\u003e\n\u003ctr style=\"text-align:center;font-weight:bold;background:#9CBCE2\"\u003e\n\u003ctd\u003e18102566,9293\u003c/td\u003e\n\u003c/tr\u003e\n\u003ctr\u003e\n\u003ctd\u003e\n\u003ctable style=\"font-family:Arial,Verdana,Times;font-size:12px;text-align:left;width:100%;border-spacing:0px; padding:3px 3px 3px 3px\"\u003e\n\u003ctr\u003e\n\u003ctd\u003eFID\u003c/td\u003e\n\u003ctd\u003e0\u003c/td\u003e\n\u003c/tr\u003e\n\u003ctr bgcolor=\"#D4E4F3\"\u003e\n\u003ctd\u003eShape_Leng\u003c/td\u003e\n\u003ctd\u003e18102566,9293\u003c/td\u003e\n\u003c/tr\u003e\n\u003c/table\u003e\n\u003c/td\u003e\n\u003c/tr\u003e\n\u003c/table\u003e\n\u003c/body\u003e\u003cscript type=\"text/javascript\"\u003e\n\t\t\t\tfunction changeImage(attElement, nameElement) {\n\t\t\t\tdocument.getElementById('imageAttachment').src = attElement;\n\t\t\t\tdocument.getElementById('imageName').innerHTML = nameElement;}\n\t\t\t\u003c/script\u003e\u003c/html\u003e\n","FID_active_grids":150,"GridID":"M01","Shape_Length":3.6188233642316818e-05,"Shape_Area":8.1849240366406329e-11}},{"type":"Feature","id":27616,"geometry":{"type":"Polygon","coordinates":[[[112.69443932800004,-7.0952109089999453],[112.69444838000004,-7.0952108759999533],[112.69444844600002,-7.095228959999929],[112.69446654900003,-7.0952288939999448],[112.69446658200002,-7.0952379359999327],[112.69447563400001,-7.0952379029999406],[112.69447566700001,-7.0952469449999285],[112.69448471800001,-7.0952469119999364],[112.6944847850001,-7.095264995999969],[112.69449383600011,-7.0952649629999769],[112.69449377000001,-7.0952468789999443],[112.69450282200012,-7.0952468459999523],[112.69450278900001,-7.0952378039999644],[112.69451184000002,-7.0952377709999723],[112.69451180700003,-7.0952287289999276],[112.69452991000003,-7.0952286629999435],[112.69452994400001,-7.0952377049999313],[112.69453899500002,-7.0952376719999393],[112.69453902800001,-7.0952467129999377],[112.69456618300001,-7.0952466139999615],[112.6945662490001,-7.0952646979999372],[112.6945843530001,-7.0952646319999531],[112.69458438600009,-7.0952736739999409],[112.69461154100009,-7.0952735749999647],[112.69461150800009,-7.0952645329999768],[112.6946296110001,-7.0952644669999358],[112.69462954500011,-7.0952463829999601],[112.694638596,-7.0952463499999681],[112.69463846400004,-7.0952101819999598],[112.69464751600003,-7.0952101489999677],[112.69464748300004,-7.0952011069999799],[112.69466558600004,-7.0952010409999389],[112.69466548700007,-7.0951739149999753],[112.69467453800007,-7.0951738819999264],[112.69467457100006,-7.0951829239999711],[112.69469267500006,-7.0951828579999301],[112.69469264200006,-7.0951738159999422],[112.69470169300007,-7.0951737829999502],[112.69470162700009,-7.0951556989999744],[112.69471067900008,-7.0951556659999255],[112.69471064600009,-7.0951466239999377],[112.6947196970001,-7.0951465909999456],[112.69471933400007,-7.0950471299999549],[112.69472838500008,-7.0950470969999628],[112.69472831900009,-7.0950290129999303],[112.69473737100009,-7.0950289799999382],[112.69473730400011,-7.0950108959999625],[112.69476445900011,-7.0950107969999294],[112.69476436000002,-7.0949836709999659],[112.69477341200002,-7.0949836379999738],[112.69477334600003,-7.0949655539999412],[112.69478239700004,-7.0949655209999491],[112.69478236400005,-7.0949564789999613],[112.69480951900005,-7.0949563799999282],[112.69480955200004,-7.0949654219999729],[112.69481860400003,-7.0949653889999809],[112.69481863700003,-7.0949744309999687],[112.69483674000003,-7.0949743649999277],[112.69483680600001,-7.0949924489999603],[112.69484585800001,-7.0949924159999682],[112.69484589100011,-7.0950014569999666],[112.69487304600011,-7.0950013579999336],[112.6948730790001,-7.0950103999999783],[112.6948821310001,-7.0950103669999294],[112.69488216400009,-7.0950194089999741],[112.69496362900009,-7.0950191119999317],[112.69496359600009,-7.0950100699999439],[112.6949726470001,-7.0950100369999518],[112.69497261400011,-7.095000994999964],[112.6951445950001,-7.0950003669999546],[112.69514456200011,-7.0949913249999668],[112.69516266500011,-7.0949912589999258],[112.69516263200001,-7.0949822169999379],[112.69517168400012,-7.0949821839999458],[112.69517161800002,-7.0949640999999701],[112.69518067000001,-7.0949640669999781],[112.69518053700006,-7.0949278989999698],[112.69518958900005,-7.0949278659999777],[112.69518952300007,-7.0949097819999452],[112.69519857400007,-7.0949097489999531],[112.69519854100008,-7.0949007069999652],[112.69520759300008,-7.0949006739999732],[112.69520752700009,-7.0948825899999406],[112.6952256300001,-7.0948825239999564],[112.6952255970001,-7.0948734819999686],[112.69524370000011,-7.0948734159999276],[112.69524366700011,-7.0948643739999397],[112.69527987400011,-7.0948642419999715],[112.69527984000001,-7.0948551999999268],[112.69528889200001,-7.0948551669999347],[112.69528882600002,-7.094837082999959],[112.69531598100002,-7.0948369839999259],[112.69531591500004,-7.0948188999999502],[112.69532496600004,-7.0948188669999581],[112.69532490000006,-7.0948007829999256],[112.69533395200006,-7.0948007499999335],[112.69533388600007,-7.0947826659999578],[112.69534293700008,-7.0947826329999657],[112.69534290400009,-7.0947735909999778],[112.69535195600008,-7.0947735579999289],[112.69535179000002,-7.0947283479999328],[112.69536084200001,-7.0947283149999407],[112.69536067700005,-7.094683105999934],[112.69536972800006,-7.0946830729999419],[112.69536953000011,-7.094628820999958],[112.69537858100011,-7.0946287879999659],[112.69537828300008,-7.0945474099999615],[112.69538733500008,-7.0945473769999694],[112.69538717000012,-7.0945021679999627],[112.69539622100001,-7.0945021349999706],[112.69539602300006,-7.0944478829999298],[112.69540507400006,-7.0944478499999377],[112.6954049420001,-7.0944116819999294],[112.69541399400009,-7.0944116489999374],[112.6954139610001,-7.0944026069999495],[112.69542301200011,-7.0944025739999574],[112.69542297900011,-7.0943935319999696],[112.69543203100011,-7.0943934989999775],[112.69543196400002,-7.094375414999945],[112.69544101600002,-7.0943753819999529],[112.69544095000003,-7.0943572979999772],[112.69545000200003,-7.0943572649999282],[112.69544996800005,-7.0943482229999404],[112.69545902000004,-7.0943481899999483],[112.69545898700005,-7.0943391479999605],[112.69546803900005,-7.0943391149999684],[112.6954680230001,-7.0943348289999335],[112.69544199200004,-7.0943354579999323],[112.69537961800006,-7.0943752259999542],[112.69536550800001,-7.0944995879999624],[112.69535314400002,-7.0946430859999623],[112.69528025500006,-7.0948001589999308],[112.69516896500011,-7.0948995849999505],[112.69420683400006,-7.0949512099999765],[112.69407013000011,-7.0949327569999809],[112.69390312400003,-7.0948285959999566],[112.69373641400011,-7.09470614199995],[112.69355492800003,-7.0946325959999399],[112.69344155400006,-7.0946421099999384],[112.69344156400007,-7.0946448989999453],[112.69344104300001,-7.094644900999981],[112.69347632400002,-7.0949069929999382],[112.69347872900005,-7.0949069839999765],[112.69347879600002,-7.0949253539999404],[112.69347997400007,-7.0949341059999256],[112.69348788000002,-7.094934076999948],[112.69348797900011,-7.0949612029999685],[112.69348362400001,-7.0949612179999804],[112.69348994800009,-7.0950081959999807],[112.69343046100005,-7.0951747589999741],[112.69331148800006,-7.0951509639999699],[112.69321631000003,-7.0950557859999321],[112.69321140700004,-7.095043589999932],[112.69319862400005,-7.0950436369999466],[112.69319865700004,-7.0950526789999344],[112.69316245000005,-7.0950528109999595],[112.69316241700005,-7.0950437689999717],[112.69315336500006,-7.0950438019999638],[112.69315333200007,-7.0950347599999759],[112.69311712600006,-7.0950348919999442],[112.69311722500004,-7.0950620179999646],[112.69312627700003,-7.0950619849999725],[112.69312631000003,-7.0950710269999604],[112.69313536100003,-7.0950709939999683],[112.69313546000001,-7.0950981199999319],[112.69314451200012,-7.0950980869999398],[112.6931445780001,-7.0951161699999261],[112.6931536300001,-7.095116136999934],[112.69315366300009,-7.0951251789999787],[112.6931627140001,-7.0951251459999298],[112.69316278100007,-7.0951432299999624],[112.69318088400007,-7.0951431639999782],[112.69318091700006,-7.0951522059999661],[112.69318996900006,-7.095152172999974],[112.69319000200005,-7.0951612149999619],[112.69323526000005,-7.0951610499999447],[112.69323535900003,-7.0951881759999651],[112.69324441100002,-7.095188142999973],[112.69324444400002,-7.0951971849999609],[112.69325349500002,-7.0951971519999688],[112.69325352800001,-7.0952061939999567],[112.69327163200001,-7.0952061279999725],[112.6932717310001,-7.0952332539999361],[112.69328078300009,-7.095233220999944],[112.69328084900008,-7.0952513039999303],[112.69328990000008,-7.0952512709999382],[112.69328996600007,-7.0952693549999708],[112.69329901800006,-7.0952693219999787],[112.69329908400005,-7.0952874059999544],[112.69330813600004,-7.0952873729999624],[112.69330816900003,-7.0952964149999502],[112.69331722100003,-7.0952963819999582],[112.69331725400002,-7.095305423999946],[112.69332630500003,-7.0953053909999539],[112.69332633800002,-7.0953144329999418],[112.69334444200001,-7.0953143669999577],[112.69334440900002,-7.0953053249999698],[112.69336251200002,-7.0953052589999288],[112.69336247900003,-7.095296216999941],[112.69337153100003,-7.0952961839999489],[112.69337149700004,-7.095287141999961],[112.69338054900004,-7.095287108999969],[112.69338051600005,-7.0952780669999811],[112.69340767100005,-7.095277967999948],[112.69340770400004,-7.0952870099999359],[112.69343485900004,-7.0952869109999597],[112.69343482600004,-7.0952778689999718],[112.69345292900005,-7.0952778029999308],[112.69345289600005,-7.095268760999943],[112.69346194800005,-7.0952687279999509],[112.69346188200007,-7.0952506439999752],[112.69347998500007,-7.0952505779999342],[112.69347995200008,-7.0952415359999463],[112.69349805500008,-7.0952414699999622],[112.69349802200009,-7.0952324279999743],[112.69350707400008,-7.0952323949999254],[112.6935069750001,-7.0952052689999618],[112.69352507800011,-7.0952052029999777],[112.69352501200001,-7.0951871189999451],[112.693534064,-7.0951870859999531],[112.69353396400004,-7.0951599599999327],[112.69354301600004,-7.0951599269999406],[112.69354281800008,-7.095105675999946],[112.69353376600009,-7.0951057089999381],[112.6935337000001,-7.0950876249999624],[112.69352464800011,-7.0950876579999544],[112.69352461500011,-7.0950786159999666],[112.69351556400011,-7.0950786489999587],[112.69351543100004,-7.0950424809999504],[112.69355163800003,-7.0950423489999253],[112.69355167100002,-7.09505139099997],[112.69356072300002,-7.0950513579999779],[112.69356088800009,-7.095096567999974],[112.69356994000009,-7.0950965349999251],[112.69357010500005,-7.0951417439999318],[112.69358820800005,-7.0951416779999477],[112.69358834000002,-7.0951778459999559],[112.69359739200002,-7.0951778129999639],[112.69359742500001,-7.0951868549999517],[112.69361552800001,-7.0951867889999676],[112.6936155950001,-7.0952048729999433],[112.6936336980001,-7.0952048069999591],[112.69363383000007,-7.0952409749999674],[112.69364288200006,-7.0952409419999753],[112.69364291500005,-7.0952499839999632],[112.69365196600006,-7.0952499509999711],[112.69365203300003,-7.0952680349999468],[112.69366108400004,-7.0952680019999548],[112.69366115000003,-7.0952860849999411],[112.69367925400002,-7.0952860189999569],[112.69367935300011,-7.0953131449999773],[112.6936884050001,-7.0953131119999284],[112.69368847100009,-7.095331195999961],[112.69370657400009,-7.0953311299999768],[112.69370660700008,-7.0953401719999647],[112.69371565900008,-7.0953401389999726],[112.69371569200007,-7.0953491809999605],[112.69372474300008,-7.0953491479999684],[112.69372477600007,-7.0953581899999563],[112.69373382800006,-7.0953581569999642],[112.69373386100006,-7.0953671989999521],[112.69374291300005,-7.09536716599996],[112.69374294600004,-7.0953762079999478],[112.69375199800004,-7.0953761749999558],[112.69375203100003,-7.0953852169999436],[112.69377013400003,-7.0953851509999595],[112.69377016700003,-7.0953941929999473],[112.69377921900002,-7.0953941589999658],[112.69377925200001,-7.0954032009999537],[112.69380640700001,-7.0954031019999775],[112.69380644000012,-7.0954121439999653],[112.69381549100001,-7.0954121109999733],[112.69381545800002,-7.0954030689999286],[112.69382451000001,-7.0954030359999365],[112.69382444400003,-7.0953849519999608],[112.69386970200003,-7.0953847869999436],[112.69386966900004,-7.0953757449999557],[112.69387872100003,-7.0953757119999636],[112.69387875400002,-7.0953847539999515],[112.69389685700003,-7.0953846879999674],[112.69389692300001,-7.0954027719999431],[112.69387882000001,-7.0954028379999272],[112.69387885300011,-7.0954118799999719],[112.69386980100001,-7.095411912999964],[112.6938698670001,-7.0954299969999397],[112.6938789190001,-7.0954299639999476],[112.69387905100007,-7.0954661319999559],[112.69391525800006,-7.0954659999999308],[112.69391529100005,-7.0954750419999755],[112.69395149800005,-7.0954749089999609],[112.69395153100004,-7.0954839509999488],[112.69396058200005,-7.0954839179999567],[112.69396064900002,-7.0955020019999324],[112.69396970000003,-7.0955019689999403],[112.69396973300002,-7.0955110109999282],[112.69397878500001,-7.0955109779999361],[112.69397881800001,-7.0955200199999808],[112.69399692100001,-7.0955199539999398],[112.69399698700011,-7.0955380379999724],[112.6940241420001,-7.0955379389999393],[112.69402407600001,-7.0955198549999636],[112.69403312800011,-7.0955198219999716],[112.69403306200002,-7.095501737999939],[112.69402401000002,-7.0955017709999311],[112.69402397700003,-7.0954927289999432],[112.69401492500003,-7.0954927619999353],[112.69401489200004,-7.0954837199999474],[112.69402394400004,-7.0954836869999554],[112.69402391100004,-7.0954746449999675],[112.69403296300004,-7.0954746119999754],[112.69403293000005,-7.0954655699999307],[112.69402387800005,-7.0954656029999796],[112.69402371300009,-7.0954203939999729],[112.6940146610001,-7.095420426999965],[112.6940146280001,-7.0954113849999771],[112.69402367900011,-7.0954113519999282],[112.69402364600001,-7.0954023099999404],[112.69403269800011,-7.0954022769999483],[112.69403266500001,-7.0953932349999604],[112.694041717,-7.0953932019999684],[112.69404151800006,-7.0953389499999275],[112.69403246700006,-7.0953389829999765],[112.69403243300007,-7.0953299409999318],[112.69404148500007,-7.0953299079999397],[112.6940413530001,-7.0952937399999314],[112.69403230100011,-7.0952937729999803],[112.69403216900002,-7.095257604999972],[112.69404122100002,-7.09525757199998],[112.69404118800003,-7.0952485299999353],[112.69405023900003,-7.0952484969999432],[112.69405027200003,-7.0952575389999311],[112.69405932400002,-7.095257505999939],[112.69405939000001,-7.0952755899999715],[112.69409559700011,-7.0952754579999464],[112.69409556400001,-7.0952664159999586],[112.69410461500001,-7.0952663829999665],[112.69410458200002,-7.0952573409999786],[112.69411363400002,-7.0952573079999297],[112.69411360100003,-7.0952482659999419],[112.69412265200003,-7.0952482329999498],[112.69412261900004,-7.0952391909999619],[112.69413167100004,-7.0952391579999698],[112.69413163800004,-7.0952301159999251],[112.69414069000004,-7.0952300829999331],[112.69414065600006,-7.0952210409999452],[112.69414970800005,-7.0952210079999531],[112.69414967500006,-7.0952119659999653],[112.69417683000006,-7.0952118669999322],[112.69417686300005,-7.0952209089999769],[112.69418591500005,-7.095220875999928],[112.69418594800004,-7.0952299179999727],[112.69419499900005,-7.0952298849999806],[112.69419503300003,-7.0952389269999685],[112.69420408400003,-7.0952388939999764],[112.69420411700003,-7.0952479359999643],[112.69422222100002,-7.0952478699999801],[112.69422228700012,-7.0952659539999559],[112.69423133800001,-7.0952659209999638],[112.69423137100011,-7.0952749629999516],[112.6942766300001,-7.095274796999945],[112.69427659700011,-7.0952657549999572],[112.69429470000011,-7.095265688999973],[112.69429463400002,-7.0952476059999299],[112.69430368500002,-7.0952475719999484],[112.6943037850001,-7.0952746979999688],[112.69431283600011,-7.0952746649999767],[112.69431300200006,-7.0953198749999729],[112.69429489800007,-7.095319940999957],[112.69429486500007,-7.0953108989999691],[112.69427676200007,-7.0953109649999533],[112.69427679500006,-7.0953200069999411],[112.69426774300007,-7.0953200399999332],[112.69426781000004,-7.0953381239999658],[112.69431306800004,-7.0953379589999486],[112.69431316700002,-7.095365084999969],[112.69434937400001,-7.0953649529999439],[112.69434934100002,-7.095355910999956],[112.69435839200003,-7.0953558779999639],[112.69435822700007,-7.0953106679999678],[112.69436727800007,-7.0953106349999757],[112.6943671460001,-7.0952744669999674],[112.69438524900011,-7.0952744009999265],[112.69438521600011,-7.0952653589999386],[112.69439426800011,-7.0952653259999465],[112.69439420200001,-7.0952472419999708],[112.69440325400001,-7.0952472089999787],[112.69440318700003,-7.0952291249999462],[112.69442129100003,-7.095229058999962],[112.69442125800003,-7.0952200169999742],[112.69443936100004,-7.0952199509999332],[112.69443932800004,-7.0952109089999453],[112.69443027600005,-7.0952109419999374],[112.69443024300006,-7.0952018999999495],[112.69443929500005,-7.0952018669999575],[112.69443932800004,-7.0952109089999453]],[[112.69405915900006,-7.0952122969999323],[112.69408631400006,-7.0952121979999561],[112.69408641300004,-7.0952393229999302],[112.69407736100004,-7.0952393559999791],[112.69407732800005,-7.0952303139999344],[112.69406827600005,-7.0952303469999265],[112.69406824300006,-7.0952213059999281],[112.69405919200005,-7.095221338999977],[112.69405922500005,-7.0952303799999754],[112.69404112100005,-7.095230446999949],[112.69404069200004,-7.0951129009999363],[112.69404974300005,-7.0951128679999442],[112.69404971000006,-7.0951038259999564],[112.69405876200005,-7.0951037929999643],[112.69405879500005,-7.0951128349999522],[112.69406784600005,-7.0951128019999601],[112.69406791300003,-7.0951308859999358],[112.69407696400003,-7.0951308529999437],[112.69407686500006,-7.0951037269999802],[112.69409496800006,-7.0951036609999392],[112.69409500100005,-7.095112702999927],[112.69413120800004,-7.0951125709999587],[112.69413127400003,-7.0951306549999344],[112.69414032600002,-7.0951306219999424],[112.69414035900002,-7.0951396639999302],[112.69414941100001,-7.0951396309999382],[112.69414947700011,-7.0951577149999707],[112.69412232200011,-7.0951578139999469],[112.69412228900001,-7.0951487719999591],[112.69410418500001,-7.0951488379999432],[112.69410421800001,-7.0951578799999311],[112.69409516700011,-7.09515791299998],[112.6940952330001,-7.0951759969999557],[112.6940861810001,-7.0951760299999478],[112.69408624700009,-7.0951941139999803],[112.69407719600008,-7.0951941469999724],[112.6940770970001,-7.095167020999952],[112.69406804500011,-7.0951670539999441],[112.69406801200012,-7.0951580119999562],[112.69405896000001,-7.0951580449999483],[112.69405899300011,-7.0951670869999361],[112.69404994200011,-7.0951671199999282],[112.6940499750001,-7.0951761619999729],[112.6940590260001,-7.0951761289999808],[112.69405915900006,-7.0952122969999323]],[[112.69462921400009,-7.0951559639999573],[112.69464731700009,-7.0951558979999731],[112.69464738300007,-7.0951739809999594],[112.69462022900007,-7.0951740809999251],[112.69462019500008,-7.0951650389999372],[112.69462924700008,-7.0951650059999452],[112.69462921400009,-7.0951559639999573]],[[112.69431257200006,-7.0952023299999496],[112.69433067500006,-7.0952022639999655],[112.69433074100004,-7.0952203479999412],[112.69432168900005,-7.0952203809999332],[112.69432172300003,-7.0952294229999779],[112.69429456800003,-7.0952295219999542],[112.69429446800007,-7.0952023959999337],[112.69430352000006,-7.0952023629999417],[112.69430355300005,-7.0952114049999295],[112.69431260500005,-7.0952113719999375],[112.69431257200006,-7.0952023299999496]],[[112.69433979300004,-7.0952203139999597],[112.69433976000005,-7.0952112729999612],[112.69434881100005,-7.0952112389999797],[112.69434884400005,-7.0952202809999676],[112.69433979300004,-7.0952203139999597]],[[112.69405872900006,-7.0950947509999764],[112.69404967700007,-7.0950947839999685],[112.69404964400007,-7.0950857419999807],[112.69404059200008,-7.0950857749999727],[112.69404055900009,-7.095076732999928],[112.69404961100008,-7.095076699999936],[112.69404957800009,-7.0950676579999481],[112.69405863000009,-7.095067624999956],[112.69405872900006,-7.0950947509999764]],[[112.6941943380001,-7.0950490459999287],[112.69418528600011,-7.0950490789999776],[112.69418525300011,-7.0950400369999329],[112.69415809800012,-7.095040135999966],[112.69415813100011,-7.0950491779999538],[112.6941309770001,-7.09504927699993],[112.69413101000009,-7.0950583189999747],[112.6941219580001,-7.0950583519999668],[112.6941219250001,-7.095049309999979],[112.69411287300011,-7.095049342999971],[112.69411274100003,-7.0950131759999522],[112.69412179300002,-7.0950131429999601],[112.69412182600001,-7.0950221839999585],[112.69413087700002,-7.0950221509999665],[112.69413084400003,-7.0950131089999786],[112.69413989600002,-7.0950130759999297],[112.69413986300003,-7.0950040349999313],[112.69415796600003,-7.0950039679999577],[112.69415793300004,-7.0949949259999698],[112.69417603600004,-7.0949948599999288],[112.69417600300005,-7.094985817999941],[112.69420315800005,-7.0949857189999648],[112.69420319100004,-7.0949947609999526],[112.69421224300004,-7.0949947279999606],[112.69421227600003,-7.0950037699999484],[112.69424848300002,-7.0950036379999801],[112.69424851600002,-7.095012679999968],[112.69423946400002,-7.0950127129999601],[112.69423949700001,-7.0950217549999479],[112.69424854900001,-7.0950217219999558],[112.69424858200011,-7.0950307639999437],[112.69425763300001,-7.0950307309999516],[112.69425770000009,-7.0950488149999273],[112.6942395960001,-7.0950488809999683],[112.69423956300011,-7.0950398389999805],[112.6942305120001,-7.0950398719999725],[112.6942305450001,-7.0950489139999604],[112.6942214930001,-7.0950489469999525],[112.69422155900008,-7.0950670309999282],[112.69421250800008,-7.0950670639999771],[112.69421254100007,-7.095076105999965],[112.69420348900007,-7.095076138999957],[112.69420345600008,-7.0950670969999692],[112.69419440400009,-7.0950671299999613],[112.6941943380001,-7.0950490459999287]],[[112.6940676480001,-7.0950585499999761],[112.6940495450001,-7.0950586169999497],[112.69404951200011,-7.0950495749999618],[112.69404046000011,-7.0950496079999539],[112.69404039400001,-7.0950315239999782],[112.69403134200002,-7.0950315569999702],[112.69403121000005,-7.094995388999962],[112.69404026200004,-7.0949953559999699],[112.69404029500004,-7.0950043979999577],[112.69404934600004,-7.0950043649999657],[112.69404937900003,-7.0950134069999535],[112.69405843100003,-7.0950133739999615],[112.69405853000001,-7.095040499999925],[112.69406758200012,-7.095040466999933],[112.6940676480001,-7.0950585499999761]],[[112.6939499770001,-7.0950589799999761],[112.69394092500011,-7.0950590129999682],[112.69394085900001,-7.0950409289999357],[112.69395896200001,-7.0950408629999515],[112.69395899500012,-7.0950499049999394],[112.69394994400011,-7.0950499379999314],[112.6939499770001,-7.0950589799999761]],[[112.69398615000011,-7.0950498059999632],[112.69398611700001,-7.0950407639999753],[112.69400422000001,-7.0950406979999343],[112.69400425300012,-7.095049739999979],[112.69398615000011,-7.0950498059999632],[112.69398618300011,-7.095058847999951],[112.6939771320001,-7.0950588809999431],[112.69397709900011,-7.0950498389999552],[112.69398615000011,-7.0950498059999632]],[[112.69395892900002,-7.0950318209999637],[112.69394987700002,-7.0950318539999557],[112.69394984400003,-7.0950228119999679],[112.69390458600003,-7.0950229769999282],[112.69390455300004,-7.0950139349999404],[112.69389550100004,-7.0950139679999324],[112.69389546800005,-7.0950049259999446],[112.69385926200005,-7.0950050579999697],[112.69385922900005,-7.094996015999925],[112.69385017700006,-7.0949960489999739],[112.69385014400007,-7.0949870079999755],[112.69385919600006,-7.0949869749999266],[112.69385916300007,-7.0949779329999387],[112.69386821400008,-7.0949778999999467],[112.69386818100008,-7.0949688579999588],[112.69388628500008,-7.0949687919999747],[112.69388631800007,-7.0949778329999731],[112.69389536900007,-7.094977799999981],[112.69389533600008,-7.0949687589999257],[112.69390438800008,-7.0949687249999442],[112.69390445400006,-7.0949868089999768],[112.69392255700006,-7.0949867429999358],[112.69392259000006,-7.0949957849999805],[112.69394069400005,-7.0949957189999395],[112.69394066100006,-7.0949866769999517],[112.69394971200006,-7.0949866439999596],[112.69394967900007,-7.0949776019999717],[112.69394062700007,-7.0949776349999638],[112.69394059400008,-7.094968592999976],[112.69397680100008,-7.0949684609999508],[112.69397686700006,-7.0949865449999265],[112.69400402200006,-7.0949864459999503],[112.69400405500005,-7.0949954879999382],[112.69402215800005,-7.094995421999954],[112.69402219100004,-7.0950044639999419],[112.69401314000004,-7.095004496999934],[112.69401317300003,-7.0950135389999787],[112.69400412100003,-7.0950135719999707],[112.69400415400003,-7.0950226139999586],[112.69398605100002,-7.0950226799999427],[112.69398601800003,-7.0950136379999549],[112.69397696600004,-7.095013670999947],[112.69397699900003,-7.0950227129999348],[112.69395889600003,-7.0950227789999758],[112.69395892900002,-7.0950318209999637]],[[112.69375057600007,-7.0949873709999451],[112.69374152400007,-7.0949874039999372],[112.69374149100008,-7.0949783619999494],[112.69371433600008,-7.0949784609999256],[112.69371430300009,-7.0949694189999377],[112.69375051000009,-7.0949692869999694],[112.69375057600007,-7.0949873709999451]],[[112.69364192300009,-7.0949787249999758],[112.69363287100009,-7.0949787579999679],[112.6936328380001,-7.0949697159999801],[112.69364189000009,-7.0949696829999311],[112.69364192300009,-7.0949787249999758]],[[112.6936147350001,-7.0949697819999642],[112.6936056830001,-7.0949698149999563],[112.69360565000011,-7.0949607729999684],[112.6936147020001,-7.0949607399999763],[112.6936147350001,-7.0949697819999642]],[[112.69401320600002,-7.0950225809999665],[112.69402225800002,-7.0950225479999744],[112.69402229100001,-7.0950315899999623],[112.69401323900001,-7.0950316229999544],[112.69401320600002,-7.0950225809999665]],[[112.69407660100001,-7.095031391999953],[112.69407656700002,-7.0950223499999652],[112.69408561900002,-7.0950223169999731],[112.69408565200001,-7.095031358999961],[112.69407660100001,-7.095031391999953]],[[112.69427570400001,-7.0950216229999796],[112.69426665200001,-7.0950216559999717],[112.69426661900002,-7.095012613999927],[112.69427567100001,-7.0950125809999349],[112.69427570400001,-7.0950216229999796],[112.69428475500001,-7.0950215899999307],[112.694284788,-7.0950306319999754],[112.69427573700011,-7.0950306649999675],[112.69427570400001,-7.0950216229999796]]]},"properties":{"OBJECTID":27616,"FID_mangrove_utm":27524,"OBJECTID_1":27524,"Name":"18102566,9293","FolderPath":"JATIM/JATIM","SymbolID":0,"AltMode":0,"Base":0,"Clamped":-1,"Extruded":0,"Snippet":"","PopupInfo":"\u003chtml xmlns:fo=\"http://www.w3.org/1999/XSL/Format\" xmlns:msxsl=\"urn:schemas-microsoft-com:xslt\"\u003e\n\u003chead\u003e\n\u003cMETA http-equiv=\"Content-Type\" content=\"text/html\"\u003e\n\u003cmeta http-equiv=\"content-type\" content=\"text/html; charset=UTF-8\"\u003e\n\u003c/head\u003e\n\u003cbody style=\"margin:0px 0px 0px 0px;overflow:auto;background:#FFFFFF;\"\u003e\n\u003ctable style=\"font-family:Arial,Verdana,Times;font-size:12px;text-align:left;width:100%;border-collapse:collapse;padding:3px 3px 3px 3px\"\u003e\n\u003ctr style=\"text-align:center;font-weight:bold;background:#9CBCE2\"\u003e\n\u003ctd\u003e18102566,9293\u003c/td\u003e\n\u003c/tr\u003e\n\u003ctr\u003e\n\u003ctd\u003e\n\u003ctable style=\"font-family:Arial,Verdana,Times;font-size:12px;text-align:left;width:100%;border-spacing:0px; padding:3px 3px 3px 3px\"\u003e\n\u003ctr\u003e\n\u003ctd\u003eFID\u003c/td\u003e\n\u003ctd\u003e0\u003c/td\u003e\n\u003c/tr\u003e\n\u003ctr bgcolor=\"#D4E4F3\"\u003e\n\u003ctd\u003eShape_Leng\u003c/td\u003e\n\u003ctd\u003e18102566,9293\u003c/td\u003e\n\u003c/tr\u003e\n\u003c/table\u003e\n\u003c/td\u003e\n\u003c/tr\u003e\n\u003c/table\u003e\n\u003c/body\u003e\u003cscript type=\"text/javascript\"\u003e\n\t\t\t\tfunction changeImage(attElement, nameElement) {\n\t\t\t\tdocument.getElementById('imageAttachment').src = attElement;\n\t\t\t\tdocument.getElementById('imageName').innerHTML = nameElement;}\n\t\t\t\u003c/script\u003e\u003c/html\u003e\n","FID_active_grids":150,"GridID":"M01","Shape_Length":0.01218305379389974,"Shape_Area":6.320453613794453e-07}},{"type":"Feature","id":27618,"geometry":{"type":"Polygon","coordinates":[[[112.68600899900002,-7.094355476999965],[112.68599089600002,-7.0943555429999492],[112.68599092900001,-7.0943645849999371],[112.68598187700002,-7.0943646179999291],[112.68598191000001,-7.0943736599999738],[112.68596380700001,-7.094373725999958],[112.68596384000011,-7.0943827679999458],[112.68595478800012,-7.0943828009999379],[112.6859548540001,-7.0944008849999705],[112.68593675000011,-7.0944009499999652],[112.68593688200008,-7.0944371179999735],[112.68594593400007,-7.0944370849999814],[112.68594596700007,-7.0944461269999692],[112.68599122500007,-7.0944459629999415],[112.68599119200007,-7.0944369209999536],[112.68600024400007,-7.0944368879999615],[112.68600021100008,-7.0944278459999737],[112.68600926300007,-7.0944278129999248],[112.68600923000008,-7.0944187709999369],[112.68603638500008,-7.0944186729999501],[112.68603635200009,-7.0944096309999622],[112.68602730000009,-7.0944096639999543],[112.68602713600001,-7.0943644539999582],[112.68600903200002,-7.0943645189999529],[112.68600899900002,-7.094355476999965]]]},"properties":{"OBJECTID":27618,"FID_mangrove_utm":27526,"OBJECTID_1":27526,"Name":"18102566,9293","FolderPath":"JATIM/JATIM","SymbolID":0,"AltMode":0,"Base":0,"Clamped":-1,"Extruded":0,"Snippet":"","PopupInfo":"\u003chtml xmlns:fo=\"http://www.w3.org/1999/XSL/Format\" xmlns:msxsl=\"urn:schemas-microsoft-com:xslt\"\u003e\n\u003chead\u003e\n\u003cMETA http-equiv=\"Content-Type\" content=\"text/html\"\u003e\n\u003cmeta http-equiv=\"content-type\" content=\"text/html; charset=UTF-8\"\u003e\n\u003c/head\u003e\n\u003cbody style=\"margin:0px 0px 0px 0px;overflow:auto;background:#FFFFFF;\"\u003e\n\u003ctable style=\"font-family:Arial,Verdana,Times;font-size:12px;text-align:left;width:100%;border-collapse:collapse;padding:3px 3px 3px 3px\"\u003e\n\u003ctr style=\"text-align:center;font-weight:bold;background:#9CBCE2\"\u003e\n\u003ctd\u003e18102566,9293\u003c/td\u003e\n\u003c/tr\u003e\n\u003ctr\u003e\n\u003ctd\u003e\n\u003ctable style=\"font-family:Arial,Verdana,Times;font-size:12px;text-align:left;width:100%;border-spacing:0px; padding:3px 3px 3px 3px\"\u003e\n\u003ctr\u003e\n\u003ctd\u003eFID\u003c/td\u003e\n\u003ctd\u003e0\u003c/td\u003e\n\u003c/tr\u003e\n\u003ctr bgcolor=\"#D4E4F3\"\u003e\n\u003ctd\u003eShape_Leng\u003c/td\u003e\n\u003ctd\u003e18102566,9293\u003c/td\u003e\n\u003c/tr\u003e\n\u003c/table\u003e\n\u003c/td\u003e\n\u003c/tr\u003e\n\u003c/table\u003e\n\u003c/body\u003e\u003cscript type=\"text/javascript\"\u003e\n\t\t\t\tfunction changeImage(attElement, nameElement) {\n\t\t\t\tdocument.getElementById('imageAttachment').src = attElement;\n\t\t\t\tdocument.getElementById('imageName').innerHTML = nameElement;}\n\t\t\t\u003c/script\u003e\u003c/html\u003e\n","FID_active_grids":150,"GridID":"M01","Shape_Length":0.00037998150956688759,"Shape_Area":5.8110763120240184e-09}},{"type":"Feature","id":27619,"geometry":{"type":"Polygon","coordinates":[[[112.70208470000011,-7.0942968209999435],[112.70206659700011,-7.0942968869999277],[112.7020666300001,-7.0943059289999724],[112.70207568100011,-7.0943058959999803],[112.70207571500009,-7.0943149379999682],[112.7020847660001,-7.0943149049999761],[112.70208470000011,-7.0942968209999435]]]},"properties":{"OBJECTID":27619,"FID_mangrove_utm":27527,"OBJECTID_1":27527,"Name":"18102566,9293","FolderPath":"JATIM/JATIM","SymbolID":0,"AltMode":0,"Base":0,"Clamped":-1,"Extruded":0,"Snippet":"","PopupInfo":"\u003chtml xmlns:fo=\"http://www.w3.org/1999/XSL/Format\" xmlns:msxsl=\"urn:schemas-microsoft-com:xslt\"\u003e\n\u003chead\u003e\n\u003cMETA http-equiv=\"Content-Type\" content=\"text/html\"\u003e\n\u003cmeta http-equiv=\"content-type\" content=\"text/html; charset=UTF-8\"\u003e\n\u003c/head\u003e\n\u003cbody style=\"margin:0px 0px 0px 0px;overflow:auto;background:#FFFFFF;\"\u003e\n\u003ctable style=\"font-family:Arial,Verdana,Times;font-size:12px;text-align:left;width:100%;border-collapse:collapse;padding:3px 3px 3px 3px\"\u003e\n\u003ctr style=\"text-align:center;font-weight:bold;background:#9CBCE2\"\u003e\n\u003ctd\u003e18102566,9293\u003c/td\u003e\n\u003c/tr\u003e\n\u003ctr\u003e\n\u003ctd\u003e\n\u003ctable style=\"font-family:Arial,Verdana,Times;font-size:12px;text-align:left;width:100%;border-spacing:0px; padding:3px 3px 3px 3px\"\u003e\n\u003ctr\u003e\n\u003ctd\u003eFID\u003c/td\u003e\n\u003ctd\u003e0\u003c/td\u003e\n\u003c/tr\u003e\n\u003ctr bgcolor=\"#D4E4F3\"\u003e\n\u003ctd\u003eShape_Leng\u003c/td\u003e\n\u003ctd\u003e18102566,9293\u003c/td\u003e\n\u003c/tr\u003e\n\u003c/table\u003e\n\u003c/td\u003e\n\u003c/tr\u003e\n\u003c/table\u003e\n\u003c/body\u003e\u003cscript type=\"text/javascript\"\u003e\n\t\t\t\tfunction changeImage(attElement, nameElement) {\n\t\t\t\tdocument.getElementById('imageAttachment').src = attElement;\n\t\t\t\tdocument.getElementById('imageName').innerHTML = nameElement;}\n\t\t\t\u003c/script\u003e\u003c/html\u003e\n","FID_active_grids":150,"GridID":"M01","Shape_Length":7.2373485288698745e-05,"Shape_Area":2.4553425672793507e-10}},{"type":"Feature","id":27621,"geometry":{"type":"Polygon","coordinates":[[[112.69942345700008,-7.0942869829999609],[112.6992967330001,-7.0942869849999397],[112.69929674000002,-7.0942889489999743],[112.69931484300002,-7.0942888829999333],[112.69931487700001,-7.094297924999978],[112.69936013500001,-7.0942977589999714],[112.69936010100002,-7.0942887169999267],[112.69937820500002,-7.0942886509999425],[112.69937823800001,-7.0942976929999304],[112.69940539300001,-7.0942975939999542],[112.69940536000001,-7.0942885519999663],[112.69942346300002,-7.0942884859999253],[112.69942345700008,-7.0942869829999609]]]},"properties":{"OBJECTID":27621,"FID_mangrove_utm":27529,"OBJECTID_1":27529,"Name":"18102566,9293","FolderPath":"JATIM/JATIM","SymbolID":0,"AltMode":0,"Base":0,"Clamped":-1,"Extruded":0,"Snippet":"","PopupInfo":"\u003chtml xmlns:fo=\"http://www.w3.org/1999/XSL/Format\" xmlns:msxsl=\"urn:schemas-microsoft-com:xslt\"\u003e\n\u003chead\u003e\n\u003cMETA http-equiv=\"Content-Type\" content=\"text/html\"\u003e\n\u003cmeta http-equiv=\"content-type\" content=\"text/html; charset=UTF-8\"\u003e\n\u003c/head\u003e\n\u003cbody style=\"margin:0px 0px 0px 0px;overflow:auto;background:#FFFFFF;\"\u003e\n\u003ctable style=\"font-family:Arial,Verdana,Times;font-size:12px;text-align:left;width:100%;border-collapse:collapse;padding:3px 3px 3px 3px\"\u003e\n\u003ctr style=\"text-align:center;font-weight:bold;background:#9CBCE2\"\u003e\n\u003ctd\u003e18102566,9293\u003c/td\u003e\n\u003c/tr\u003e\n\u003ctr\u003e\n\u003ctd\u003e\n\u003ctable style=\"font-family:Arial,Verdana,Times;font-size:12px;text-align:left;width:100%;border-spacing:0px; padding:3px 3px 3px 3px\"\u003e\n\u003ctr\u003e\n\u003ctd\u003eFID\u003c/td\u003e\n\u003ctd\u003e0\u003c/td\u003e\n\u003c/tr\u003e\n\u003ctr bgcolor=\"#D4E4F3\"\u003e\n\u003ctd\u003eShape_Leng\u003c/td\u003e\n\u003ctd\u003e18102566,9293\u003c/td\u003e\n\u003c/tr\u003e\n\u003c/table\u003e\n\u003c/td\u003e\n\u003c/tr\u003e\n\u003c/table\u003e\n\u003c/body\u003e\u003cscript type=\"text/javascript\"\u003e\n\t\t\t\tfunction changeImage(attElement, nameElement) {\n\t\t\t\tdocument.getElementById('imageAttachment').src = attElement;\n\t\t\t\tdocument.getElementById('imageName').innerHTML = nameElement;}\n\t\t\t\u003c/script\u003e\u003c/html\u003e\n","FID_active_grids":150,"GridID":"M01","Shape_Length":0.00029308311861374716,"Shape_Area":8.7442127703168779e-10}},{"type":"Feature","id":27622,"geometry":{"type":"Polygon","coordinates":[[[112.69924243100002,-7.094289147999973],[112.69926053400002,-7.094289081999932],[112.6992605260001,-7.0942869859999291],[112.69919716400011,-7.0942869869999754],[112.69919717300002,-7.0942893139999796],[112.69921527600002,-7.0942892479999387],[112.69921530900001,-7.0942982889999371],[112.69924246400001,-7.0942981899999609],[112.69924243100002,-7.094289147999973]]]},"properties":{"OBJECTID":27622,"FID_mangrove_utm":27530,"OBJECTID_1":27530,"Name":"18102566,9293","FolderPath":"JATIM/JATIM","SymbolID":0,"AltMode":0,"Base":0,"Clamped":-1,"Extruded":0,"Snippet":"","PopupInfo":"\u003chtml xmlns:fo=\"http://www.w3.org/1999/XSL/Format\" xmlns:msxsl=\"urn:schemas-microsoft-com:xslt\"\u003e\n\u003chead\u003e\n\u003cMETA http-equiv=\"Content-Type\" content=\"text/html\"\u003e\n\u003cmeta http-equiv=\"content-type\" content=\"text/html; charset=UTF-8\"\u003e\n\u003c/head\u003e\n\u003cbody style=\"margin:0px 0px 0px 0px;overflow:auto;background:#FFFFFF;\"\u003e\n\u003ctable style=\"font-family:Arial,Verdana,Times;font-size:12px;text-align:left;width:100%;border-collapse:collapse;padding:3px 3px 3px 3px\"\u003e\n\u003ctr style=\"text-align:center;font-weight:bold;background:#9CBCE2\"\u003e\n\u003ctd\u003e18102566,9293\u003c/td\u003e\n\u003c/tr\u003e\n\u003ctr\u003e\n\u003ctd\u003e\n\u003ctable style=\"font-family:Arial,Verdana,Times;font-size:12px;text-align:left;width:100%;border-spacing:0px; padding:3px 3px 3px 3px\"\u003e\n\u003ctr\u003e\n\u003ctd\u003eFID\u003c/td\u003e\n\u003ctd\u003e0\u003c/td\u003e\n\u003c/tr\u003e\n\u003ctr bgcolor=\"#D4E4F3\"\u003e\n\u003ctd\u003eShape_Leng\u003c/td\u003e\n\u003ctd\u003e18102566,9293\u003c/td\u003e\n\u003c/tr\u003e\n\u003c/table\u003e\n\u003c/td\u003e\n\u003c/tr\u003e\n\u003c/table\u003e\n\u003c/body\u003e\u003cscript type=\"text/javascript\"\u003e\n\t\t\t\tfunction changeImage(attElement, nameElement) {\n\t\t\t\tdocument.getElementById('imageAttachment').src = attElement;\n\t\t\t\tdocument.getElementById('imageName').innerHTML = nameElement;}\n\t\t\t\u003c/script\u003e\u003c/html\u003e\n","FID_active_grids":150,"GridID":"M01","Shape_Length":0.00014922957419608593,"Shape_Area":3.8565016350287642e-10}},{"type":"Feature","id":27623,"geometry":{"type":"Polygon","coordinates":[[[112.69913381100002,-7.0942895459999704],[112.69914286300002,-7.0942895129999783],[112.69914285400012,-7.0942869879999648],[112.6987861340001,-7.0942869929999688],[112.69852612500006,-7.0943221229999267],[112.69832940000003,-7.0943087279999304],[112.69811974900006,-7.0943001909999452],[112.69753801500008,-7.0943208549999781],[112.69726446400011,-7.0943459879999295],[112.69681689400011,-7.0943787539999335],[112.69681689600009,-7.0943793979999441],[112.69684405100008,-7.0943792979999785],[112.69684421700003,-7.0944245079999746],[112.69685326800004,-7.0944244749999257],[112.69685333400002,-7.0944425589999582],[112.69686238600002,-7.0944425259999662],[112.69686241900001,-7.094451567999954],[112.69694388400001,-7.0944512699999791],[112.69694378400004,-7.0944241439999587],[112.69696188800003,-7.0944240779999745],[112.69696185500004,-7.0944150359999298],[112.69697090600005,-7.0944150029999378],[112.69697093900004,-7.0944240449999256],[112.69698904300003,-7.0944239789999415],[112.69698910900001,-7.094442062999974],[112.69707057300002,-7.0944417649999423],[112.69707060600001,-7.0944508069999301],[112.69707965800001,-7.0944507739999381],[112.69707969100011,-7.0944598159999259],[112.69711589800011,-7.0944596829999682],[112.6971159310001,-7.0944687249999561],[112.69721549900009,-7.0944683609999402],[112.6972154660001,-7.0944593189999523],[112.69722451700011,-7.0944592859999602],[112.69722448400012,-7.0944502439999724],[112.69723353600011,-7.0944502109999803],[112.69723350300001,-7.0944411689999356],[112.69724255400001,-7.0944411359999435],[112.69724252100002,-7.0944320939999557],[112.69725157300002,-7.0944320609999636],[112.69725150600004,-7.094413976999931],[112.69726055800004,-7.094413943999939],[112.69726049200005,-7.0943958599999632],[112.69728764700005,-7.0943957609999302],[112.69728768000004,-7.0944048029999749],[112.69729673100005,-7.094404769999926],[112.69729669800006,-7.0943957279999381],[112.69730575000006,-7.094395694999946],[112.69730568400007,-7.0943776109999703],[112.69734189000008,-7.0943774789999452],[112.69734185700008,-7.0943684369999573],[112.69736901200008,-7.0943683369999349],[112.69736897900009,-7.094359294999947],[112.69739613400009,-7.0943591959999708],[112.69739616700008,-7.0943682379999586],[112.69743237300008,-7.0943681059999335],[112.69743234000009,-7.0943590639999456],[112.69747759800009,-7.094358897999939],[112.69747753200011,-7.0943408149999527],[112.69748658300011,-7.0943407809999712],[112.69748655000001,-7.0943317389999265],[112.69752275700012,-7.0943316069999582],[112.6975228230001,-7.094349690999934],[112.6975318750001,-7.0943496579999419],[112.69753190800009,-7.0943586999999297],[112.69756811400009,-7.094358566999972],[112.69756814700008,-7.0943676089999599],[112.69758625100008,-7.0943675429999757],[112.69758628400007,-7.0943765849999636],[112.69771300600007,-7.0943761219999715],[112.69771304000005,-7.0943851639999593],[112.69774019400006,-7.0943850639999368],[112.69774016100007,-7.094376021999949],[112.69781257400007,-7.0943757579999556],[112.69781260700006,-7.0943847999999434],[112.69782165900006,-7.0943847659999619],[112.69782162600006,-7.0943757249999635],[112.69795740000006,-7.094375227999933],[112.69795736700007,-7.0943661859999452],[112.69800262500007,-7.094366020999928],[112.69800259200008,-7.0943569789999401],[112.69808405600008,-7.0943566809999652],[112.69808402300009,-7.0943476389999773],[112.69812023000009,-7.0943475059999628],[112.69812026300008,-7.0943565479999506],[112.69812931400008,-7.0943565149999586],[112.69812934800007,-7.0943655569999464],[112.69813839900007,-7.0943655239999543],[112.69813843200006,-7.0943745659999422],[112.69814748400006,-7.0943745329999501],[112.69814758300004,-7.0944016589999706],[112.69815663500003,-7.0944016249999322],[112.69815670100002,-7.0944197089999648],[112.69817480500001,-7.0944196429999806],[112.69817483800011,-7.0944286849999685],[112.69821104400012,-7.0944285529999433],[112.69821101100001,-7.0944195109999555],[112.69823816600001,-7.094419410999933],[112.69823813300002,-7.0944103689999451],[112.69824718400002,-7.0944103359999531],[112.69824715100003,-7.0944012939999652],[112.69823810000003,-7.0944013269999573],[112.69823806600004,-7.0943922859999589],[112.69824711800004,-7.0943922519999774],[112.69824695200009,-7.0943470429999707],[112.69827410700009,-7.0943469429999482],[112.69827414000008,-7.094355984999936],[112.69829224400007,-7.0943559189999519],[112.69829221000009,-7.094346876999964],[112.69831031400008,-7.0943468109999799],[112.69831024700011,-7.0943287269999473],[112.6983283510001,-7.0943286609999632],[112.69832841700008,-7.0943467449999389],[112.69831936500009,-7.094346777999931],[112.69831956400003,-7.0944010289999255],[112.69828335800003,-7.0944011619999401],[112.69828342400001,-7.0944192459999726],[112.69829247600001,-7.0944192129999806],[112.6982925420001,-7.0944372969999563],[112.69830159300011,-7.0944372629999748],[112.69830162700009,-7.0944463049999626],[112.6983106780001,-7.0944462719999706],[112.69831071100009,-7.0944553139999584],[112.69831976300009,-7.0944552809999664],[112.69831979600008,-7.0944643229999542],[112.69841031200008,-7.0944639919999304],[112.69841024600009,-7.0944459079999547],[112.6984283490001,-7.0944458419999705],[112.69842825000001,-7.0944187159999501],[112.69843730100001,-7.094418682999958],[112.69843720200004,-7.0943915569999376],[112.69848246000004,-7.0943913919999773],[112.69848239400005,-7.0943733079999447],[112.69860911600006,-7.0943728439999632],[112.69860908300006,-7.0943638019999753],[112.69861813500006,-7.0943637689999264],[112.69861810200007,-7.0943547269999385],[112.69863620500007,-7.0943546609999544],[112.69863617200008,-7.0943456189999665],[112.69865427500008,-7.0943455529999255],[112.6986542090001,-7.0943274689999498],[112.6986632600001,-7.0943274359999577],[112.69866322700011,-7.0943183939999699],[112.69867227900011,-7.0943183609999778],[112.69867224600011,-7.0943093189999331],[112.69882612300012,-7.0943087559999753],[112.69882609000001,-7.0942997139999306],[112.69885324500001,-7.094299613999965],[112.69885327800012,-7.0943086559999529],[112.69889853600012,-7.0943084909999357],[112.69889856900011,-7.0943175329999804],[112.6989076210001,-7.0943174999999314],[112.6989076540001,-7.0943265419999761],[112.69898006700009,-7.0943262769999365],[112.69898003300011,-7.0943172349999486],[112.69900718800011,-7.0943171349999261],[112.6990072210001,-7.0943261769999708],[112.6990162730001,-7.0943261439999787],[112.69901637200007,-7.0943532699999423],[112.69902542400007,-7.0943532369999502],[112.69902545700006,-7.0943622789999381],[112.69903450900006,-7.0943622449999566],[112.69903454200005,-7.0943712869999445],[112.69910695500005,-7.0943710219999616],[112.69910692200006,-7.0943619799999738],[112.69911597300006,-7.0943619469999248],[112.69911590700008,-7.0943438639999385],[112.69912495900007,-7.0943438299999571],[112.69912479300001,-7.0942986209999503],[112.69913384400002,-7.0942985879999583],[112.69913381100002,-7.0942895459999704]]]},"properties":{"OBJECTID":27623,"FID_mangrove_utm":27531,"OBJECTID_1":27531,"Name":"18102566,9293","FolderPath":"JATIM/JATIM","SymbolID":0,"AltMode":0,"Base":0,"Clamped":-1,"Extruded":0,"Snippet":"","PopupInfo":"\u003chtml xmlns:fo=\"http://www.w3.org/1999/XSL/Format\" xmlns:msxsl=\"urn:schemas-microsoft-com:xslt\"\u003e\n\u003chead\u003e\n\u003cMETA http-equiv=\"Content-Type\" content=\"text/html\"\u003e\n\u003cmeta http-equiv=\"content-type\" content=\"text/html; charset=UTF-8\"\u003e\n\u003c/head\u003e\n\u003cbody style=\"margin:0px 0px 0px 0px;overflow:auto;background:#FFFFFF;\"\u003e\n\u003ctable style=\"font-family:Arial,Verdana,Times;font-size:12px;text-align:left;width:100%;border-collapse:collapse;padding:3px 3px 3px 3px\"\u003e\n\u003ctr style=\"text-align:center;font-weight:bold;background:#9CBCE2\"\u003e\n\u003ctd\u003e18102566,9293\u003c/td\u003e\n\u003c/tr\u003e\n\u003ctr\u003e\n\u003ctd\u003e\n\u003ctable style=\"font-family:Arial,Verdana,Times;font-size:12px;text-align:left;width:100%;border-spacing:0px; padding:3px 3px 3px 3px\"\u003e\n\u003ctr\u003e\n\u003ctd\u003eFID\u003c/td\u003e\n\u003ctd\u003e0\u003c/td\u003e\n\u003c/tr\u003e\n\u003ctr bgcolor=\"#D4E4F3\"\u003e\n\u003ctd\u003eShape_Leng\u003c/td\u003e\n\u003ctd\u003e18102566,9293\u003c/td\u003e\n\u003c/tr\u003e\n\u003c/table\u003e\n\u003c/td\u003e\n\u003c/tr\u003e\n\u003c/table\u003e\n\u003c/body\u003e\u003cscript type=\"text/javascript\"\u003e\n\t\t\t\tfunction changeImage(attElement, nameElement) {\n\t\t\t\tdocument.getElementById('imageAttachment').src = attElement;\n\t\t\t\tdocument.getElementById('imageName').innerHTML = nameElement;}\n\t\t\t\u003c/script\u003e\u003c/html\u003e\n","FID_active_grids":150,"GridID":"M01","Shape_Length":0.0058819053200861631,"Shape_Area":1.4419993876760746e-07}},{"type":"Feature","id":27624,"geometry":{"type":"Polygon","coordinates":[[[112.69632775600007,-7.0942850119999434],[112.69632787700004,-7.0943178899999566],[112.69633692800005,-7.0943178569999645],[112.69633696200003,-7.0943268989999524],[112.69634601300004,-7.0943268659999603],[112.69634614600011,-7.0943630339999686],[112.69635519700012,-7.0943630009999765],[112.6963552630001,-7.0943810849999522],[112.6963643150001,-7.0943810519999602],[112.69636434800009,-7.0943900929999586],[112.69637340000008,-7.0943900599999665],[112.69637346600007,-7.0944081439999422],[112.69639156900007,-7.0944080779999581],[112.69639160200006,-7.094417119999946],[112.69640970600005,-7.0944170539999618],[112.69640973900005,-7.0944260959999497],[112.69642784200005,-7.0944260299999655],[112.69642787500004,-7.0944350719999534],[112.69643692700004,-7.0944350389999613],[112.69643696000003,-7.0944440799999597],[112.69648221800003,-7.0944439149999425],[112.69648225100002,-7.0944529569999304],[112.69650940600002,-7.0944528579999542],[112.69650943900001,-7.094461899999942],[112.69656374900001,-7.0944617009999433],[112.69656378200011,-7.0944707429999312],[112.696572833,-7.0944707099999391],[112.69657280000001,-7.0944616679999513],[112.69659995500001,-7.094461568999975],[112.69659992200002,-7.0944525269999303],[112.69663612900001,-7.0944523949999621],[112.69663609500003,-7.0944433529999742],[112.69665419900002,-7.0944432869999332],[112.69665423200001,-7.0944523289999779],[112.69667233500002,-7.0944522619999475],[112.69667236800001,-7.0944613039999354],[112.69669047100001,-7.0944612379999512],[112.69669050500011,-7.0944702799999391],[112.69675386600011,-7.0944700489999377],[112.69675383300012,-7.0944610069999499],[112.69676288400001,-7.0944609739999578],[112.69676285100002,-7.0944519319999699],[112.69677190300001,-7.0944518989999779],[112.69677187000002,-7.0944428569999332],[112.69678092100003,-7.0944428239999411],[112.69678088800003,-7.0944337819999532],[112.69678994000003,-7.0944337489999612],[112.69678990700004,-7.0944247069999733],[112.69679895800004,-7.094424672999935],[112.69679885900007,-7.0943975479999608],[112.69680791100006,-7.0943975149999687],[112.69680784500008,-7.0943794309999362],[112.69680763800011,-7.0943794309999362],[112.69657350300008,-7.0943965719999369],[112.6964923490001,-7.0943786839999348],[112.69632775600007,-7.0942850119999434]]]},"properties":{"OBJECTID":27624,"FID_mangrove_utm":27532,"OBJECTID_1":27532,"Name":"18102566,9293","FolderPath":"JATIM/JATIM","SymbolID":0,"AltMode":0,"Base":0,"Clamped":-1,"Extruded":0,"Snippet":"","PopupInfo":"\u003chtml xmlns:fo=\"http://www.w3.org/1999/XSL/Format\" xmlns:msxsl=\"urn:schemas-microsoft-com:xslt\"\u003e\n\u003chead\u003e\n\u003cMETA http-equiv=\"Content-Type\" content=\"text/html\"\u003e\n\u003cmeta http-equiv=\"content-type\" content=\"text/html; charset=UTF-8\"\u003e\n\u003c/head\u003e\n\u003cbody style=\"margin:0px 0px 0px 0px;overflow:auto;background:#FFFFFF;\"\u003e\n\u003ctable style=\"font-family:Arial,Verdana,Times;font-size:12px;text-align:left;width:100%;border-collapse:collapse;padding:3px 3px 3px 3px\"\u003e\n\u003ctr style=\"text-align:center;font-weight:bold;background:#9CBCE2\"\u003e\n\u003ctd\u003e18102566,9293\u003c/td\u003e\n\u003c/tr\u003e\n\u003ctr\u003e\n\u003ctd\u003e\n\u003ctable style=\"font-family:Arial,Verdana,Times;font-size:12px;text-align:left;width:100%;border-spacing:0px; padding:3px 3px 3px 3px\"\u003e\n\u003ctr\u003e\n\u003ctd\u003eFID\u003c/td\u003e\n\u003ctd\u003e0\u003c/td\u003e\n\u003c/tr\u003e\n\u003ctr bgcolor=\"#D4E4F3\"\u003e\n\u003ctd\u003eShape_Leng\u003c/td\u003e\n\u003ctd\u003e18102566,9293\u003c/td\u003e\n\u003c/tr\u003e\n\u003c/table\u003e\n\u003c/td\u003e\n\u003c/tr\u003e\n\u003c/table\u003e\n\u003c/body\u003e\u003cscript type=\"text/javascript\"\u003e\n\t\t\t\tfunction changeImage(attElement, nameElement) {\n\t\t\t\tdocument.getElementById('imageAttachment').src = attElement;\n\t\t\t\tdocument.getElementById('imageName').innerHTML = nameElement;}\n\t\t\t\u003c/script\u003e\u003c/html\u003e\n","FID_active_grids":150,"GridID":"M01","Shape_Length":0.00131845344913467,"Shape_Area":3.4455389098706253e-08}},{"type":"Feature","id":27626,"geometry":{"type":"Polygon","coordinates":[[[112.69621023900004,-7.0943273619999445],[112.69621929000004,-7.0943273289999524],[112.69621925700005,-7.0943182869999646],[112.69622830900005,-7.0943182539999725],[112.69622827600006,-7.0943092119999278],[112.69623732700006,-7.0943091789999357],[112.69623720700008,-7.0942763979999768],[112.69608346700011,-7.094309424999949],[112.69562188700002,-7.0943305879999343],[112.69562191600005,-7.0943385529999432],[112.69565812300004,-7.0943384209999749],[112.69565815600004,-7.0943474629999628],[112.69567625900004,-7.0943473969999786],[112.69567629200003,-7.0943564389999665],[112.69573965400002,-7.0943562069999757],[112.69573962100003,-7.094347164999931],[112.69575772400003,-7.0943470989999469],[112.69575769100004,-7.094338056999959],[112.69591156800004,-7.0943374949999338],[112.69591160100003,-7.0943465369999785],[112.69593875600003,-7.0943464379999455],[112.69593878900002,-7.0943554799999333],[112.69595689300002,-7.0943554139999492],[112.69595692600001,-7.094364455999937],[112.69600218400001,-7.0943642899999304],[112.69600221700011,-7.0943733319999751],[112.69602032000012,-7.0943732659999341],[112.69602035300011,-7.0943823079999788],[112.6961108700001,-7.094381976999955],[112.69611090300009,-7.0943910189999428],[112.6961199540001,-7.0943909859999508],[112.69611998700009,-7.0944000279999386],[112.69615619400008,-7.0943998959999703],[112.69615616100009,-7.0943908539999256],[112.6961652120001,-7.0943908209999336],[112.6961651790001,-7.0943817789999457],[112.6961742310001,-7.0943817459999536],[112.69617419800011,-7.0943727039999658],[112.69618324900011,-7.0943726709999737],[112.69618321600001,-7.094363628999929],[112.696192268,-7.0943635959999369],[112.69619223500001,-7.0943545539999491],[112.69620128600002,-7.094354520999957],[112.69620125300003,-7.0943454789999691],[112.69621030500002,-7.0943454459999771],[112.69621023900004,-7.0943273619999445]]]},"properties":{"OBJECTID":27626,"FID_mangrove_utm":27534,"OBJECTID_1":27534,"Name":"18102566,9293","FolderPath":"JATIM/JATIM","SymbolID":0,"AltMode":0,"Base":0,"Clamped":-1,"Extruded":0,"Snippet":"","PopupInfo":"\u003chtml xmlns:fo=\"http://www.w3.org/1999/XSL/Format\" xmlns:msxsl=\"urn:schemas-microsoft-com:xslt\"\u003e\n\u003chead\u003e\n\u003cMETA http-equiv=\"Content-Type\" content=\"text/html\"\u003e\n\u003cmeta http-equiv=\"content-type\" content=\"text/html; charset=UTF-8\"\u003e\n\u003c/head\u003e\n\u003cbody style=\"margin:0px 0px 0px 0px;overflow:auto;background:#FFFFFF;\"\u003e\n\u003ctable style=\"font-family:Arial,Verdana,Times;font-size:12px;text-align:left;width:100%;border-collapse:collapse;padding:3px 3px 3px 3px\"\u003e\n\u003ctr style=\"text-align:center;font-weight:bold;background:#9CBCE2\"\u003e\n\u003ctd\u003e18102566,9293\u003c/td\u003e\n\u003c/tr\u003e\n\u003ctr\u003e\n\u003ctd\u003e\n\u003ctable style=\"font-family:Arial,Verdana,Times;font-size:12px;text-align:left;width:100%;border-spacing:0px; padding:3px 3px 3px 3px\"\u003e\n\u003ctr\u003e\n\u003ctd\u003eFID\u003c/td\u003e\n\u003ctd\u003e0\u003c/td\u003e\n\u003c/tr\u003e\n\u003ctr bgcolor=\"#D4E4F3\"\u003e\n\u003ctd\u003eShape_Leng\u003c/td\u003e\n\u003ctd\u003e18102566,9293\u003c/td\u003e\n\u003c/tr\u003e\n\u003c/table\u003e\n\u003c/td\u003e\n\u003c/tr\u003e\n\u003c/table\u003e\n\u003c/body\u003e\u003cscript type=\"text/javascript\"\u003e\n\t\t\t\tfunction changeImage(attElement, nameElement) {\n\t\t\t\tdocument.getElementById('imageAttachment').src = attElement;\n\t\t\t\tdocument.getElementById('imageName').innerHTML = nameElement;}\n\t\t\t\u003c/script\u003e\u003c/html\u003e\n","FID_active_grids":150,"GridID":"M01","Shape_Length":0.0014654560204552629,"Shape_Area":2.6923960685533384e-08}},{"type":"Feature","id":27627,"geometry":{"type":"Polygon","coordinates":[[[112.6963220130001,-7.0942817429999536],[112.69630961500002,-7.0942746879999277],[112.69630964100008,-7.0942817889999787],[112.6963220130001,-7.0942817429999536]]]},"properties":{"OBJECTID":27627,"FID_mangrove_utm":27535,"OBJECTID_1":27535,"Name":"18102566,9293","FolderPath":"JATIM/JATIM","SymbolID":0,"AltMode":0,"Base":0,"Clamped":-1,"Extruded":0,"Snippet":"","PopupInfo":"\u003chtml xmlns:fo=\"http://www.w3.org/1999/XSL/Format\" xmlns:msxsl=\"urn:schemas-microsoft-com:xslt\"\u003e\n\u003chead\u003e\n\u003cMETA http-equiv=\"Content-Type\" content=\"text/html\"\u003e\n\u003cmeta http-equiv=\"content-type\" content=\"text/html; charset=UTF-8\"\u003e\n\u003c/head\u003e\n\u003cbody style=\"margin:0px 0px 0px 0px;overflow:auto;background:#FFFFFF;\"\u003e\n\u003ctable style=\"font-family:Arial,Verdana,Times;font-size:12px;text-align:left;width:100%;border-collapse:collapse;padding:3px 3px 3px 3px\"\u003e\n\u003ctr style=\"text-align:center;font-weight:bold;background:#9CBCE2\"\u003e\n\u003ctd\u003e18102566,9293\u003c/td\u003e\n\u003c/tr\u003e\n\u003ctr\u003e\n\u003ctd\u003e\n\u003ctable style=\"font-family:Arial,Verdana,Times;font-size:12px;text-align:left;width:100%;border-spacing:0px; padding:3px 3px 3px 3px\"\u003e\n\u003ctr\u003e\n\u003ctd\u003eFID\u003c/td\u003e\n\u003ctd\u003e0\u003c/td\u003e\n\u003c/tr\u003e\n\u003ctr bgcolor=\"#D4E4F3\"\u003e\n\u003ctd\u003eShape_Leng\u003c/td\u003e\n\u003ctd\u003e18102566,9293\u003c/td\u003e\n\u003c/tr\u003e\n\u003c/table\u003e\n\u003c/td\u003e\n\u003c/tr\u003e\n\u003c/table\u003e\n\u003c/body\u003e\u003cscript type=\"text/javascript\"\u003e\n\t\t\t\tfunction changeImage(attElement, nameElement) {\n\t\t\t\tdocument.getElementById('imageAttachment').src = attElement;\n\t\t\t\tdocument.getElementById('imageName').innerHTML = nameElement;}\n\t\t\t\u003c/script\u003e\u003c/html\u003e\n","FID_active_grids":150,"GridID":"M01","Shape_Length":3.373789505593437e-05,"Shape_Area":4.3927384369993512e-11}},{"type":"Feature","id":27628,"geometry":{"type":"Polygon","coordinates":[[[112.69630622600005,-7.0942727589999777],[112.69630054400011,-7.0942695249999588],[112.6963005560001,-7.0942727799999261],[112.69630622600005,-7.0942727589999777]]]},"properties":{"OBJECTID":27628,"FID_mangrove_utm":27536,"OBJECTID_1":27536,"Name":"18102566,9293","FolderPath":"JATIM/JATIM","SymbolID":0,"AltMode":0,"Base":0,"Clamped":-1,"Extruded":0,"Snippet":"","PopupInfo":"\u003chtml xmlns:fo=\"http://www.w3.org/1999/XSL/Format\" xmlns:msxsl=\"urn:schemas-microsoft-com:xslt\"\u003e\n\u003chead\u003e\n\u003cMETA http-equiv=\"Content-Type\" content=\"text/html\"\u003e\n\u003cmeta http-equiv=\"content-type\" content=\"text/html; charset=UTF-8\"\u003e\n\u003c/head\u003e\n\u003cbody style=\"margin:0px 0px 0px 0px;overflow:auto;background:#FFFFFF;\"\u003e\n\u003ctable style=\"font-family:Arial,Verdana,Times;font-size:12px;text-align:left;width:100%;border-collapse:collapse;padding:3px 3px 3px 3px\"\u003e\n\u003ctr style=\"text-align:center;font-weight:bold;background:#9CBCE2\"\u003e\n\u003ctd\u003e18102566,9293\u003c/td\u003e\n\u003c/tr\u003e\n\u003ctr\u003e\n\u003ctd\u003e\n\u003ctable style=\"font-family:Arial,Verdana,Times;font-size:12px;text-align:left;width:100%;border-spacing:0px; padding:3px 3px 3px 3px\"\u003e\n\u003ctr\u003e\n\u003ctd\u003eFID\u003c/td\u003e\n\u003ctd\u003e0\u003c/td\u003e\n\u003c/tr\u003e\n\u003ctr bgcolor=\"#D4E4F3\"\u003e\n\u003ctd\u003eShape_Leng\u003c/td\u003e\n\u003ctd\u003e18102566,9293\u003c/td\u003e\n\u003c/tr\u003e\n\u003c/table\u003e\n\u003c/td\u003e\n\u003c/tr\u003e\n\u003c/table\u003e\n\u003c/body\u003e\u003cscript type=\"text/javascript\"\u003e\n\t\t\t\tfunction changeImage(attElement, nameElement) {\n\t\t\t\tdocument.getElementById('imageAttachment').src = attElement;\n\t\t\t\tdocument.getElementById('imageName').innerHTML = nameElement;}\n\t\t\t\u003c/script\u003e\u003c/html\u003e\n","FID_active_grids":150,"GridID":"M01","Shape_Length":1.5462941271287908e-05,"Shape_Area":9.2280508263025301e-12}},{"type":"Feature","id":27629,"geometry":{"type":"Polygon","coordinates":[[[112.68614451100007,-7.0942826479999326],[112.68613545900007,-7.0942826809999815],[112.68613549200006,-7.0942917229999694],[112.68614454400006,-7.0942916899999773],[112.68614451100007,-7.0942826479999326]]]},"properties":{"OBJECTID":27629,"FID_mangrove_utm":27537,"OBJECTID_1":27537,"Name":"18102566,9293","FolderPath":"JATIM/JATIM","SymbolID":0,"AltMode":0,"Base":0,"Clamped":-1,"Extruded":0,"Snippet":"","PopupInfo":"\u003chtml xmlns:fo=\"http://www.w3.org/1999/XSL/Format\" xmlns:msxsl=\"urn:schemas-microsoft-com:xslt\"\u003e\n\u003chead\u003e\n\u003cMETA http-equiv=\"Content-Type\" content=\"text/html\"\u003e\n\u003cmeta http-equiv=\"content-type\" content=\"text/html; charset=UTF-8\"\u003e\n\u003c/head\u003e\n\u003cbody style=\"margin:0px 0px 0px 0px;overflow:auto;background:#FFFFFF;\"\u003e\n\u003ctable style=\"font-family:Arial,Verdana,Times;font-size:12px;text-align:left;width:100%;border-collapse:collapse;padding:3px 3px 3px 3px\"\u003e\n\u003ctr style=\"text-align:center;font-weight:bold;background:#9CBCE2\"\u003e\n\u003ctd\u003e18102566,9293\u003c/td\u003e\n\u003c/tr\u003e\n\u003ctr\u003e\n\u003ctd\u003e\n\u003ctable style=\"font-family:Arial,Verdana,Times;font-size:12px;text-align:left;width:100%;border-spacing:0px; padding:3px 3px 3px 3px\"\u003e\n\u003ctr\u003e\n\u003ctd\u003eFID\u003c/td\u003e\n\u003ctd\u003e0\u003c/td\u003e\n\u003c/tr\u003e\n\u003ctr bgcolor=\"#D4E4F3\"\u003e\n\u003ctd\u003eShape_Leng\u003c/td\u003e\n\u003ctd\u003e18102566,9293\u003c/td\u003e\n\u003c/tr\u003e\n\u003c/table\u003e\n\u003c/td\u003e\n\u003c/tr\u003e\n\u003c/table\u003e\n\u003c/body\u003e\u003cscript type=\"text/javascript\"\u003e\n\t\t\t\tfunction changeImage(attElement, nameElement) {\n\t\t\t\tdocument.getElementById('imageAttachment').src = attElement;\n\t\t\t\tdocument.getElementById('imageName').innerHTML = nameElement;}\n\t\t\t\u003c/script\u003e\u003c/html\u003e\n","FID_active_grids":150,"GridID":"M01","Shape_Length":3.618824076629173e-05,"Shape_Area":8.1849273109714013e-11}},{"type":"Feature","id":27630,"geometry":{"type":"Polygon","coordinates":[[[112.68614451100007,-7.0942826479999326],[112.68615356300006,-7.0942826159999299],[112.68615353000007,-7.0942735739999421],[112.68614447800007,-7.0942736059999447],[112.68614451100007,-7.0942826479999326]]]},"properties":{"OBJECTID":27630,"FID_mangrove_utm":27538,"OBJECTID_1":27538,"Name":"18102566,9293","FolderPath":"JATIM/JATIM","SymbolID":0,"AltMode":0,"Base":0,"Clamped":-1,"Extruded":0,"Snippet":"","PopupInfo":"\u003chtml xmlns:fo=\"http://www.w3.org/1999/XSL/Format\" xmlns:msxsl=\"urn:schemas-microsoft-com:xslt\"\u003e\n\u003chead\u003e\n\u003cMETA http-equiv=\"Content-Type\" content=\"text/html\"\u003e\n\u003cmeta http-equiv=\"content-type\" content=\"text/html; charset=UTF-8\"\u003e\n\u003c/head\u003e\n\u003cbody style=\"margin:0px 0px 0px 0px;overflow:auto;background:#FFFFFF;\"\u003e\n\u003ctable style=\"font-family:Arial,Verdana,Times;font-size:12px;text-align:left;width:100%;border-collapse:collapse;padding:3px 3px 3px 3px\"\u003e\n\u003ctr style=\"text-align:center;font-weight:bold;background:#9CBCE2\"\u003e\n\u003ctd\u003e18102566,9293\u003c/td\u003e\n\u003c/tr\u003e\n\u003ctr\u003e\n\u003ctd\u003e\n\u003ctable style=\"font-family:Arial,Verdana,Times;font-size:12px;text-align:left;width:100%;border-spacing:0px; padding:3px 3px 3px 3px\"\u003e\n\u003ctr\u003e\n\u003ctd\u003eFID\u003c/td\u003e\n\u003ctd\u003e0\u003c/td\u003e\n\u003c/tr\u003e\n\u003ctr bgcolor=\"#D4E4F3\"\u003e\n\u003ctd\u003eShape_Leng\u003c/td\u003e\n\u003ctd\u003e18102566,9293\u003c/td\u003e\n\u003c/tr\u003e\n\u003c/table\u003e\n\u003c/td\u003e\n\u003c/tr\u003e\n\u003c/table\u003e\n\u003c/body\u003e\u003cscript type=\"text/javascript\"\u003e\n\t\t\t\tfunction changeImage(attElement, nameElement) {\n\t\t\t\tdocument.getElementById('imageAttachment').src = attElement;\n\t\t\t\tdocument.getElementById('imageName').innerHTML = nameElement;}\n\t\t\t\u003c/script\u003e\u003c/html\u003e\n","FID_active_grids":150,"GridID":"M01","Shape_Length":3.6188233528630732e-05,"Shape_Area":8.1849239851859702e-11}},{"type":"Feature","id":27632,"geometry":{"type":"Polygon","coordinates":[[[112.70385954300002,-7.0944892349999691],[112.70385947700004,-7.094471151999926],[112.70386852800004,-7.0944711179999445],[112.70386849500005,-7.094462076999946],[112.70385944300006,-7.0944621099999381],[112.70385939000005,-7.0944475969999417],[112.70358126400004,-7.094600183999944],[112.70330968000007,-7.0941685669999401],[112.70290013900001,-7.0945104189999597],[112.7029001410001,-7.0945108399999413],[112.70290919200011,-7.0945108059999598],[112.70290922600009,-7.0945198479999476],[112.70292732900009,-7.0945197819999635],[112.70292736200008,-7.0945288239999513],[112.70293641400008,-7.0945287909999593],[112.70293644700007,-7.0945378319999577],[112.70294549800008,-7.0945377989999656],[112.70294559800004,-7.0945649249999292],[112.70293654700004,-7.0945649579999781],[112.70293658000003,-7.094573999999966],[112.70292752800003,-7.094574032999958],[112.70292756100002,-7.0945830749999459],[112.70291851000002,-7.094583107999938],[112.70291864300009,-7.0946192759999462],[112.7029276940001,-7.0946192429999542],[112.70292772800008,-7.094628284999942],[112.70293677900008,-7.09462825199995],[112.70293694500003,-7.0946734609999567],[112.70294599700003,-7.0946734279999646],[112.70294603000002,-7.0946824699999524],[112.70295508200002,-7.0946824369999604],[112.70295514800011,-7.0947005199999467],[112.70296420000011,-7.0947004869999546],[112.7029642330001,-7.0947095289999424],[112.7029732850001,-7.0947094959999504],[112.70297335100008,-7.0947275799999261],[112.70296430000008,-7.094727612999975],[112.70296436600006,-7.0947456969999507],[112.70297341800006,-7.0947456629999692],[112.70297345100005,-7.0947547049999571],[112.70298250300004,-7.094754671999965],[112.70298253600004,-7.0947637139999529],[112.70300063900004,-7.0947636479999687],[112.70300070600001,-7.094781730999955],[112.70300975700002,-7.0947816979999629],[112.70300982400011,-7.0947997819999387],[112.70301887500011,-7.0947997489999466],[112.7030189080001,-7.0948087909999344],[112.7030279600001,-7.0948087579999424],[112.70302802700007,-7.0948268409999287],[112.70303707800008,-7.0948268079999366],[112.7030370120001,-7.0948087239999609],[112.7030460630001,-7.0948086909999688],[112.70304603000011,-7.0947996489999809],[112.70305508200011,-7.094799615999932],[112.70305504800001,-7.0947905739999442],[112.70307315200012,-7.09479050799996],[112.70307311800002,-7.0947814659999722],[112.70308217000002,-7.0947814329999801],[112.70308210300004,-7.0947633489999475],[112.70309115500004,-7.0947633159999555],[112.70309108900005,-7.0947452319999798],[112.70310014000006,-7.0947451989999308],[112.70310004000009,-7.0947180729999673],[112.70309098900009,-7.0947181059999593],[112.7030909560001,-7.0947090639999715],[112.7030728520001,-7.094709130999945],[112.70307281900011,-7.0947000889999572],[112.70300040600011,-7.09470035399994],[112.70300020700006,-7.0946461029999455],[112.70300925900005,-7.0946460699999534],[112.70300922500007,-7.0946370279999655],[112.70300017400007,-7.0946370609999576],[112.70300004100011,-7.0946008929999493],[112.70299098900011,-7.0946009269999308],[112.70299085600004,-7.0945647589999794],[112.70300895900004,-7.0945646929999384],[112.70300892600005,-7.0945556509999506],[112.70305418400005,-7.0945554849999439],[112.70305421700004,-7.0945645269999318],[112.70307232100004,-7.0945644599999582],[112.70307225400006,-7.0945463759999257],[112.70306320200007,-7.094546409999964],[112.70306316900007,-7.0945373679999761],[112.70309032400007,-7.0945372679999537],[112.70309045700003,-7.0945734359999619],[112.70309950900003,-7.0945734019999804],[112.70309954200002,-7.0945824439999683],[112.70313574800002,-7.0945823109999537],[112.7031358480001,-7.0946094369999742],[112.7031177450001,-7.0946095039999477],[112.70311777800009,-7.0946185459999356],[112.7031087260001,-7.0946185789999276],[112.70310882600006,-7.0946457039999586],[112.70309977400007,-7.0946457379999401],[112.70309980800005,-7.094654779999928],[112.70309075600005,-7.0946548129999769],[112.70309085600002,-7.0946819379999511],[112.70309990700002,-7.094681904999959],[112.703099941,-7.0946909469999468],[112.70311804400001,-7.0946908809999627],[112.70311807700011,-7.0946999229999506],[112.70316333500011,-7.0946997569999439],[112.70316340200009,-7.0947178399999302],[112.70315435000009,-7.0947178739999686],[112.70315438300008,-7.0947269159999564],[112.70314533200008,-7.0947269489999485],[112.70314543100005,-7.0947540739999795],[112.70316353500004,-7.0947540079999385],[112.70316356800004,-7.0947630499999264],[112.70317261900004,-7.0947630169999343],[112.70317265300002,-7.094772058999979],[112.70318170400003,-7.0947720249999406],[112.70318177100012,-7.0947901089999732],[112.70320892600012,-7.0947900099999401],[112.7032089920001,-7.0948080929999264],[112.7032270950001,-7.0948080269999423],[112.70322712800009,-7.0948170689999301],[112.70323618000009,-7.0948170359999381],[112.70323624700006,-7.0948351199999706],[112.70326340100007,-7.0948350199999481],[112.70326343500005,-7.094844061999936],[112.70328153800006,-7.0948439949999624],[112.70328157100005,-7.0948530369999503],[112.70331777700005,-7.0948529039999357],[112.70331774400006,-7.0948438629999373],[112.70335395100005,-7.0948437299999796],[112.70335398400005,-7.0948527719999674],[112.70345355100005,-7.0948524059999727],[112.70345358500003,-7.0948614479999605],[112.70346263600004,-7.0948614149999685],[112.70346267000002,-7.0948704569999563],[112.70348982400003,-7.0948703569999338],[112.70348979100004,-7.094861314999946],[112.70351694600004,-7.0948612159999698],[112.70351691300004,-7.0948521739999251],[112.70352596400005,-7.094852140999933],[112.70352593100006,-7.0948430989999451],[112.70353498300005,-7.0948430649999636],[112.70353501600005,-7.0948521069999515],[112.70352596400005,-7.094852140999933],[112.70352599700004,-7.0948611829999777],[112.70354410100003,-7.0948611159999473],[112.70354400100007,-7.0948339899999269],[112.70355305300006,-7.0948339569999348],[112.70355301900008,-7.0948249149999469],[112.70358922600008,-7.0948247819999324],[112.70358919200009,-7.0948157399999445],[112.70359824400009,-7.0948157069999525],[112.70359831100006,-7.0948337909999282],[112.70360736200007,-7.0948337579999361],[112.70360746200004,-7.0948608839999565],[112.70359841000004,-7.0948609169999486],[112.70359844400002,-7.0948699589999364],[112.70358939200003,-7.0948699919999285],[112.70358942500002,-7.0948790339999732],[112.70357132200002,-7.0948790999999574],[112.70357135500001,-7.0948881419999452],[112.70353514900012,-7.0948882749999598],[112.70353524900008,-7.0949154009999802],[112.70352619700009,-7.0949154339999723],[112.70352623000008,-7.0949244759999601],[112.70350812700008,-7.0949245419999443],[112.70350836000011,-7.094987835999973],[112.70352646300012,-7.0949877689999425],[112.70352649600011,-7.0949968109999304],[112.7035355480001,-7.0949967779999383],[112.7035355810001,-7.0950058199999262],[112.70354463300009,-7.0950057869999341],[112.70354466600008,-7.0950148279999325],[112.70357182100008,-7.0950147289999563],[112.70357178800009,-7.0950056869999685],[112.7035808390001,-7.0950056539999764],[112.70358087200009,-7.0950146959999643],[112.70358992400008,-7.0950146619999259],[112.70358982400001,-7.0949875369999518],[112.70359887600011,-7.0949875029999703],[112.70359877600004,-7.0949603779999393],[112.70362593100003,-7.0949602779999736],[112.70362596400003,-7.0949693199999615],[112.70363501600002,-7.0949692869999694],[112.70363488300006,-7.0949331189999612],[112.70367108900007,-7.0949329859999466],[112.70367112200006,-7.0949420279999345],[112.70368017400006,-7.0949419949999424],[112.70368020700005,-7.0949510369999302],[112.70365305200005,-7.0949511369999527],[112.70365315200002,-7.0949782619999269],[112.70366220400001,-7.0949782289999348],[112.70366223700012,-7.0949872709999795],[112.70367128900011,-7.0949872379999306],[112.70367125500002,-7.0949781959999427],[112.70369841000002,-7.0949780959999771],[112.70369844300001,-7.0949871379999649],[112.70368939200011,-7.094987170999957],[112.70368942500011,-7.0949962129999449],[112.7036984770001,-7.0949961799999528],[112.70369857600008,-7.0950233059999732],[112.70368952500007,-7.0950233389999653],[112.70368959100006,-7.095041422999941],[112.70368054000005,-7.0950414559999331],[112.70368060600003,-7.0950595399999656],[112.70367155500003,-7.0950595729999577],[112.70367158800002,-7.0950686149999456],[112.70366253600002,-7.0950686479999376],[112.7036626360001,-7.0950957739999581],[112.7036445330001,-7.0950958399999422],[112.70364463300007,-7.0951229659999626],[112.70365368400007,-7.0951229329999705],[112.70365381700003,-7.0951590999999326],[112.70366286900003,-7.0951590669999405],[112.70366293500001,-7.095177150999973],[112.70367198700001,-7.095177117999981],[112.70367208700009,-7.0952042429999551],[112.70368113800009,-7.095204209999963],[112.70368117200007,-7.0952132519999509],[112.70369927500008,-7.0952131859999668],[112.70369934100006,-7.095231268999953],[112.70372649600006,-7.0952311699999768],[112.70372652900005,-7.0952402119999647],[112.70374463300004,-7.0952401449999343],[112.70374459900006,-7.0952311029999464],[112.70377175400006,-7.0952310039999702],[112.70377172100007,-7.0952219619999255],[112.70378077200007,-7.0952219289999334],[112.70378073900008,-7.0952128869999456],[112.70379884200008,-7.095212819999972],[112.70379880900009,-7.0952037779999273],[112.70380786100009,-7.0952037449999352],[112.70380782800009,-7.0951947029999474],[112.7038259310001,-7.0951946369999632],[112.70382596400009,-7.0952036789999511],[112.70383501600008,-7.0952036449999696],[112.70383504900008,-7.0952126869999574],[112.70388030700008,-7.0952125209999508],[112.70388037300006,-7.0952306049999265],[112.70388942500006,-7.0952305719999345],[112.70388945800005,-7.0952396139999792],[112.70389851000004,-7.0952395799999408],[112.70389854300004,-7.0952486219999287],[112.70391664600004,-7.0952485559999445],[112.70391681300009,-7.0952937649999512],[112.7039258640001,-7.0952937319999592],[112.70392589700009,-7.095302773999947],[112.70393494900009,-7.0953027409999549],[112.70393498200008,-7.0953117829999428],[112.70394403400007,-7.0953117499999507],[112.70394410000006,-7.095329832999937],[112.70396220400005,-7.0953297669999529],[112.70396227000003,-7.0953478509999286],[112.70397132200003,-7.0953478169999471],[112.70397142200011,-7.0953749429999675],[112.70396237000011,-7.0953749759999596],[112.70396243700009,-7.0953930599999353],[112.70394433300009,-7.0953931269999657],[112.70394436700008,-7.0954021689999536],[112.70393531500008,-7.0954022019999456],[112.70393534800007,-7.0954112439999335],[112.70394440000007,-7.095411209999952],[112.70394443300006,-7.0954202519999399],[112.70395348500006,-7.0954202189999478],[112.70395368400011,-7.0954744709999318],[112.70393558100011,-7.0954745369999728],[112.7039356140001,-7.0954835789999606],[112.7039265630001,-7.0954836119999527],[112.70392662900008,-7.0955016959999284],[112.70391757800007,-7.0955017289999773],[112.70391761100007,-7.0955107709999652],[112.70390855900007,-7.0955108039999573],[112.70390862600004,-7.095528887999933],[112.70389957400005,-7.095528920999925],[112.70389960700004,-7.0955379629999697],[112.70389055600003,-7.0955379959999618],[112.70389062200002,-7.0955560799999375],[112.70388157100001,-7.0955561129999296],[112.70388163700011,-7.0955741969999622],[112.7038725860001,-7.0955742299999542],[112.70387261900009,-7.0955832719999421],[112.7038635670001,-7.0955833059999804],[112.70386360100008,-7.0955923479999683],[112.70385454900008,-7.0955923809999604],[112.70385458200008,-7.0956014229999482],[112.70383647900007,-7.0956014889999324],[112.70383651200007,-7.0956105309999771],[112.70382746100006,-7.0956105639999691],[112.70382749400005,-7.095619605999957],[112.70381844200006,-7.0956196389999491],[112.70381847600004,-7.0956286809999369],[112.70380942400004,-7.095628713999929],[112.70380945700003,-7.0956377559999737],[112.70380040600003,-7.0956377899999552],[112.70380043900002,-7.0956468309999536],[112.70378233600002,-7.0956468979999272],[112.70378236900001,-7.0956559399999719],[112.70377331700001,-7.095655972999964],[112.70377335000001,-7.0956650149999518],[112.70375524700012,-7.095665080999936],[112.70375531400009,-7.0956831649999685],[112.7037462620001,-7.0956831979999606],[112.70374629500009,-7.0956922399999485],[112.70373724400008,-7.09569227399993],[112.70373727700007,-7.0957013149999284],[112.70372822500008,-7.0957013489999667],[112.70372825900006,-7.0957103909999546],[112.70371920700006,-7.0957104239999467],[112.70371924000005,-7.0957194659999345],[112.70371018900005,-7.0957194989999266],[112.70371022200004,-7.0957285409999713],[112.70370117000004,-7.0957285739999634],[112.70370123700002,-7.0957466579999391],[112.70369218500002,-7.0957466909999312],[112.70369220900011,-7.0957532659999742],[112.70419778000007,-7.0953927719999683],[112.70419777800009,-7.0953921959999775],[112.70419859100002,-7.0953921929999524],[112.70420680800009,-7.0953863339999543],[112.70420676300012,-7.0953740789999529],[112.70421581500011,-7.0953740459999608],[112.70421578200001,-7.0953650039999729],[112.70422483300001,-7.0953649709999809],[112.70422473400004,-7.0953378449999605],[112.70423378500004,-7.0953378119999684],[112.70423365200008,-7.0953016439999601],[112.70422460000009,-7.0953016779999416],[112.7042245670001,-7.0952926359999537],[112.70421551600009,-7.0952926689999458],[112.70421544900012,-7.0952745849999701],[112.70423355200001,-7.0952745189999291],[112.70423351900001,-7.0952654769999413],[112.70426067400001,-7.0952653769999756],[112.70426064100002,-7.0952563349999309],[112.70426969200003,-7.0952563019999388],[112.70426965900003,-7.095247259999951],[112.70428776200004,-7.0952471939999668],[112.70428772900004,-7.095238151999979],[112.70429678000005,-7.0952381179999406],[112.70429674700006,-7.0952290769999422],[112.70430579900005,-7.0952290429999607],[112.70430576500007,-7.0952200009999729],[112.70431481700007,-7.0952199679999808],[112.70431478400008,-7.0952109259999361],[112.70432383500008,-7.095210892999944],[112.70432380200009,-7.0952018509999562],[112.70434190500009,-7.095201784999972],[112.7043418720001,-7.0951927429999273],[112.7043509240001,-7.0951927099999352],[112.70435089000011,-7.0951836679999474],[112.70436899400011,-7.0951836009999738],[112.70436906000009,-7.0952016849999495],[112.70436000900008,-7.0952017179999416],[112.70436004200008,-7.0952107599999295],[112.70436909300008,-7.0952107269999374],[112.70436912700006,-7.0952197689999252],[112.70438723000007,-7.0952197019999517],[112.70438726300006,-7.0952287439999395],[112.70439354500002,-7.0952287209999554],[112.70439949800004,-7.0952196569999728],[112.70439628200006,-7.0952196689999596],[112.70439621500009,-7.095201584999927],[112.70440526700008,-7.095201551999935],[112.70440510000003,-7.0951563429999283],[112.70437794500003,-7.0951564419999613],[112.70437787900005,-7.0951383579999288],[112.70436882700005,-7.0951383919999671],[112.70436879400006,-7.0951293499999792],[112.70437784600006,-7.0951293169999303],[112.70437787900005,-7.0951383579999288],[112.70440503400005,-7.0951382589999525],[112.70440506700004,-7.0951473009999404],[112.70441411900003,-7.0951472669999589],[112.70441415200003,-7.0951563089999468],[112.70442320300003,-7.0951562759999547],[112.70442313700005,-7.095138191999979],[112.70444124000005,-7.095138125999938],[112.70444104000001,-7.095083873999954],[112.70443198900011,-7.0950839079999355],[112.70443192200003,-7.0950658239999598],[112.70441381900002,-7.0950658899999439],[112.70441385200002,-7.0950749319999318],[112.70440480100001,-7.0950749649999807],[112.70440483400012,-7.0950840069999686],[112.70438673100011,-7.0950840739999421],[112.70438669800001,-7.0950750319999543],[112.70437764600001,-7.0950750649999463],[112.70437767900012,-7.0950841069999342],[112.70436862800011,-7.0950841399999263],[112.7043686610001,-7.095093181999971],[112.70435960900011,-7.095093214999963],[112.70435954300001,-7.0950751319999767],[112.70436859400002,-7.0950750979999384],[112.70436856100002,-7.0950660559999505],[112.70437761300002,-7.0950660229999585],[112.70437751300005,-7.0950388979999275],[112.70435941000005,-7.0950389639999685],[112.70435937600007,-7.0950299219999806],[112.70436842800007,-7.0950298889999317],[112.70436836200008,-7.095011804999956],[112.70435931000009,-7.0950118379999481],[112.70435925800007,-7.0949977719999424],[112.70415041700005,-7.0948206109999319],[112.70415042500008,-7.0948227229999361],[112.70412327000008,-7.0948228219999692],[112.70412323700009,-7.0948137799999813],[112.70414228300001,-7.094813710999972],[112.70390879800004,-7.0946156429999405],[112.7039052670001,-7.0946156559999736],[112.7039052560001,-7.0946126379999441],[112.70389587200009,-7.0946046779999392],[112.70392630000003,-7.0945703689999391],[112.70391415200004,-7.0945704129999285],[112.70391411900005,-7.0945613709999407],[112.70387791200005,-7.0945615039999552],[112.70387787900006,-7.0945524619999674],[112.70386882800005,-7.0945524959999489],[112.70386879400007,-7.094543453999961],[112.70387784600007,-7.0945434199999795],[112.70387781300008,-7.0945343789999811],[112.70386876100008,-7.0945344119999731],[112.70386869400011,-7.0945163279999406],[112.7038596430001,-7.0945163609999327],[112.70385961000011,-7.0945073189999448],[112.70386866100012,-7.0945072859999527],[112.70386859500002,-7.094489201999977],[112.70385954300002,-7.0944892349999691],[112.70385957600001,-7.0944982769999569],[112.70385052500001,-7.0944983109999384],[112.70385055800011,-7.0945073519999369],[112.70384150600012,-7.0945073859999752],[112.70384144000002,-7.0944893019999427],[112.70385954300002,-7.0944892349999691]],[[112.7030547490001,-7.0947091969999292],[112.7030638010001,-7.0947091639999371],[112.70306383400009,-7.094718205999925],[112.70305478200009,-7.0947182389999739],[112.7030547490001,-7.0947091969999292]],[[112.703498577,-7.0947889469999268],[112.70351668000001,-7.0947888799999532],[112.70351664700001,-7.0947798389999548],[112.70352569800002,-7.0947798049999733],[112.70352573100001,-7.0947888469999612],[112.703543835,-7.094788780999977],[112.70354386800011,-7.0947978229999649],[112.70355292000011,-7.0947977899999728],[112.7035529530001,-7.0948068309999712],[112.7035076950001,-7.0948069979999673],[112.70350766200011,-7.0947979559999794],[112.70349861000011,-7.0947979889999715],[112.703498577,-7.0947889469999268]],[[112.70343524900011,-7.0947982209999623],[112.70342619700011,-7.0947982549999438],[112.7034262300001,-7.0948072959999422],[112.7034171790001,-7.0948073299999805],[112.70341711200001,-7.094789245999948],[112.70343521600012,-7.0947891789999744],[112.70343524900011,-7.0947982209999623]],[[112.70398826100006,-7.0950312839999583],[112.70399731300006,-7.0950312509999662],[112.70399734600005,-7.0950402929999541],[112.70398829400006,-7.0950403259999462],[112.70398826100006,-7.0950312839999583]],[[112.70414230400002,-7.095075928999961],[112.70415135600001,-7.0950758959999689],[112.70415138900012,-7.0950849379999568],[112.70414233800011,-7.0950849709999488],[112.70414230400002,-7.095075928999961]],[[112.7040971130001,-7.0950941789999433],[112.70409708000011,-7.0950851369999555],[112.70412423400001,-7.095085036999933],[112.70412430100009,-7.0951031209999655],[112.7041152490001,-7.095103154999947],[112.7041152160001,-7.0950941129999592],[112.7040971130001,-7.0950941789999433],[112.70409714600009,-7.0951032209999312],[112.70408809500009,-7.0951032539999801],[112.70408806100011,-7.0950942119999354],[112.7040971130001,-7.0950941789999433]],[[112.7040337520001,-7.0950944119999804],[112.7040247000001,-7.0950944449999724],[112.70402466700011,-7.0950854029999277],[112.70403371800001,-7.0950853699999357],[112.7040337520001,-7.0950944119999804]],[[112.70413341900007,-7.0951211719999492],[112.70412436800007,-7.0951212049999413],[112.70412433400008,-7.0951121629999534],[112.70413338600008,-7.0951121299999613],[112.70413341900007,-7.0951211719999492],[112.70414247100007,-7.0951211389999571],[112.70414253700005,-7.0951392219999434],[112.70412443400005,-7.0951392889999738],[112.70412440100006,-7.0951302469999291],[112.70413345200006,-7.095130213999937],[112.70413341900007,-7.0951211719999492]],[[112.70407012400005,-7.0951394879999725],[112.70406107300005,-7.0951395209999646],[112.70406104000006,-7.0951304799999662],[112.70407009100006,-7.0951304459999278],[112.70407012400005,-7.0951394879999725]],[[112.70437797900001,-7.0951654839999492],[112.70438703000002,-7.0951654509999571],[112.70438709700011,-7.0951835349999328],[112.70437804500011,-7.0951835679999249],[112.70437797900001,-7.0951654839999492]],[[112.70395258700012,-7.0951760879999597],[112.70394353500001,-7.0951761209999518],[112.70394350200002,-7.0951670789999639],[112.70395255300002,-7.0951670459999718],[112.70395258700012,-7.0951760879999597]],[[112.70411548200002,-7.0951664479999295],[112.70412453400002,-7.0951664149999374],[112.70412456700001,-7.0951754559999358],[112.70411551600012,-7.0951754899999742],[112.70411548200002,-7.0951664479999295]],[[112.70392546500011,-7.0951852289999806],[112.70393451700011,-7.0951851959999317],[112.70393458300009,-7.0952032799999643],[112.70392553200008,-7.0952033129999563],[112.70392546500011,-7.0951852289999806]],[[112.70401628000002,-7.0952662739999255],[112.70401624700003,-7.0952572319999376],[112.70400719600002,-7.095257265999976],[112.70400716200004,-7.0952482239999313],[112.70399811100003,-7.0952482569999802],[112.70399807800004,-7.0952392149999355],[112.70397997400005,-7.0952392809999765],[112.70398000800003,-7.0952483229999643],[112.70397095600003,-7.0952483569999458],[112.70397092300004,-7.095239314999958],[112.70396187100005,-7.09523934799995],[112.70396183800005,-7.0952303059999622],[112.70397088900006,-7.0952302729999701],[112.70397085600007,-7.0952212309999254],[112.70399801100007,-7.0952211309999598],[112.70399804400006,-7.0952301729999476],[112.70401614700006,-7.0952301069999635],[112.70401621400003,-7.0952481899999498],[112.70404336900003,-7.0952480909999736],[112.70404340200002,-7.0952571329999614],[112.70405245400002,-7.0952570989999799],[112.70405255300011,-7.0952842249999435],[112.70406160500011,-7.0952841919999514],[112.70406170500007,-7.0953113179999718],[112.70405265300008,-7.0953113509999639],[112.70405262000008,-7.095302308999976],[112.70403451700008,-7.0953023749999602],[112.7040344830001,-7.0952933329999723],[112.70402543200009,-7.0952933669999538],[112.70402549800008,-7.0953114509999295],[112.70401644700007,-7.0953114839999785],[112.70401641400008,-7.0953024419999338],[112.70399831000009,-7.0953025079999748],[112.70399821100011,-7.0952753829999438],[112.704007262,-7.0952753489999623],[112.70400722900001,-7.0952663069999744],[112.70401628000002,-7.0952662739999255]],[[112.70405268600007,-7.0953203929999518],[112.70406173800006,-7.0953203599999597],[112.70406177100006,-7.0953294009999581],[112.70405272000005,-7.0953294349999396],[112.70405268600007,-7.0953203929999518]],[[112.70400792700002,-7.0954561869999679],[112.70401697900002,-7.0954561539999759],[112.70401701200001,-7.0954651959999637],[112.70400796100012,-7.0954652289999558],[112.70400792700002,-7.0954561869999679]]]},"properties":{"OBJECTID":27632,"FID_mangrove_utm":27540,"OBJECTID_1":27540,"Name":"18102566,9293","FolderPath":"JATIM/JATIM","SymbolID":0,"AltMode":0,"Base":0,"Clamped":-1,"Extruded":0,"Snippet":"","PopupInfo":"\u003chtml xmlns:fo=\"http://www.w3.org/1999/XSL/Format\" xmlns:msxsl=\"urn:schemas-microsoft-com:xslt\"\u003e\n\u003chead\u003e\n\u003cMETA http-equiv=\"Content-Type\" content=\"text/html\"\u003e\n\u003cmeta http-equiv=\"content-type\" content=\"text/html; charset=UTF-8\"\u003e\n\u003c/head\u003e\n\u003cbody style=\"margin:0px 0px 0px 0px;overflow:auto;background:#FFFFFF;\"\u003e\n\u003ctable style=\"font-family:Arial,Verdana,Times;font-size:12px;text-align:left;width:100%;border-collapse:collapse;padding:3px 3px 3px 3px\"\u003e\n\u003ctr style=\"text-align:center;font-weight:bold;background:#9CBCE2\"\u003e\n\u003ctd\u003e18102566,9293\u003c/td\u003e\n\u003c/tr\u003e\n\u003ctr\u003e\n\u003ctd\u003e\n\u003ctable style=\"font-family:Arial,Verdana,Times;font-size:12px;text-align:left;width:100%;border-spacing:0px; padding:3px 3px 3px 3px\"\u003e\n\u003ctr\u003e\n\u003ctd\u003eFID\u003c/td\u003e\n\u003ctd\u003e0\u003c/td\u003e\n\u003c/tr\u003e\n\u003ctr bgcolor=\"#D4E4F3\"\u003e\n\u003ctd\u003eShape_Leng\u003c/td\u003e\n\u003ctd\u003e18102566,9293\u003c/td\u003e\n\u003c/tr\u003e\n\u003c/table\u003e\n\u003c/td\u003e\n\u003c/tr\u003e\n\u003c/table\u003e\n\u003c/body\u003e\u003cscript type=\"text/javascript\"\u003e\n\t\t\t\tfunction changeImage(attElement, nameElement) {\n\t\t\t\tdocument.getElementById('imageAttachment').src = attElement;\n\t\t\t\tdocument.getElementById('imageName').innerHTML = nameElement;}\n\t\t\t\u003c/script\u003e\u003c/html\u003e\n","FID_active_grids":150,"GridID":"M01","Shape_Length":0.010040021658261461,"Shape_Area":7.6365682613433463e-07}},{"type":"Feature","id":27635,"geometry":{"type":"Polygon","coordinates":[[[112.68656512400003,-7.0939465629999745],[112.68656543700001,-7.0939460959999678],[112.68656556900009,-7.093937518999951],[112.68655963700007,-7.0939375409999457],[112.68655967000007,-7.0939465829999335],[112.68656512400003,-7.0939465629999745]]]},"properties":{"OBJECTID":27635,"FID_mangrove_utm":27543,"OBJECTID_1":27543,"Name":"18102566,9293","FolderPath":"JATIM/JATIM","SymbolID":0,"AltMode":0,"Base":0,"Clamped":-1,"Extruded":0,"Snippet":"","PopupInfo":"\u003chtml xmlns:fo=\"http://www.w3.org/1999/XSL/Format\" xmlns:msxsl=\"urn:schemas-microsoft-com:xslt\"\u003e\n\u003chead\u003e\n\u003cMETA http-equiv=\"Content-Type\" content=\"text/html\"\u003e\n\u003cmeta http-equiv=\"content-type\" content=\"text/html; charset=UTF-8\"\u003e\n\u003c/head\u003e\n\u003cbody style=\"margin:0px 0px 0px 0px;overflow:auto;background:#FFFFFF;\"\u003e\n\u003ctable style=\"font-family:Arial,Verdana,Times;font-size:12px;text-align:left;width:100%;border-collapse:collapse;padding:3px 3px 3px 3px\"\u003e\n\u003ctr style=\"text-align:center;font-weight:bold;background:#9CBCE2\"\u003e\n\u003ctd\u003e18102566,9293\u003c/td\u003e\n\u003c/tr\u003e\n\u003ctr\u003e\n\u003ctd\u003e\n\u003ctable style=\"font-family:Arial,Verdana,Times;font-size:12px;text-align:left;width:100%;border-spacing:0px; padding:3px 3px 3px 3px\"\u003e\n\u003ctr\u003e\n\u003ctd\u003eFID\u003c/td\u003e\n\u003ctd\u003e0\u003c/td\u003e\n\u003c/tr\u003e\n\u003ctr bgcolor=\"#D4E4F3\"\u003e\n\u003ctd\u003eShape_Leng\u003c/td\u003e\n\u003ctd\u003e18102566,9293\u003c/td\u003e\n\u003c/tr\u003e\n\u003c/table\u003e\n\u003c/td\u003e\n\u003c/tr\u003e\n\u003c/table\u003e\n\u003c/body\u003e\u003cscript type=\"text/javascript\"\u003e\n\t\t\t\tfunction changeImage(attElement, nameElement) {\n\t\t\t\tdocument.getElementById('imageAttachment').src = attElement;\n\t\t\t\tdocument.getElementById('imageName').innerHTML = nameElement;}\n\t\t\t\u003c/script\u003e\u003c/html\u003e\n","FID_active_grids":150,"GridID":"M01","Shape_Length":2.956834371023382e-05,"Shape_Area":5.2788951385414688e-11}},{"type":"Feature","id":27637,"geometry":{"type":"Polygon","coordinates":[[[112.68650455400007,-7.0935489299999404],[112.68650428100011,-7.0935398889999419],[112.68650387900004,-7.0935398909999776],[112.68650391200003,-7.0935489329999655],[112.68650455400007,-7.0935489299999404]]]},"properties":{"OBJECTID":27637,"FID_mangrove_utm":27545,"OBJECTID_1":27545,"Name":"18102566,9293","FolderPath":"JATIM/JATIM","SymbolID":0,"AltMode":0,"Base":0,"Clamped":-1,"Extruded":0,"Snippet":"","PopupInfo":"\u003chtml xmlns:fo=\"http://www.w3.org/1999/XSL/Format\" xmlns:msxsl=\"urn:schemas-microsoft-com:xslt\"\u003e\n\u003chead\u003e\n\u003cMETA http-equiv=\"Content-Type\" content=\"text/html\"\u003e\n\u003cmeta http-equiv=\"content-type\" content=\"text/html; charset=UTF-8\"\u003e\n\u003c/head\u003e\n\u003cbody style=\"margin:0px 0px 0px 0px;overflow:auto;background:#FFFFFF;\"\u003e\n\u003ctable style=\"font-family:Arial,Verdana,Times;font-size:12px;text-align:left;width:100%;border-collapse:collapse;padding:3px 3px 3px 3px\"\u003e\n\u003ctr style=\"text-align:center;font-weight:bold;background:#9CBCE2\"\u003e\n\u003ctd\u003e18102566,9293\u003c/td\u003e\n\u003c/tr\u003e\n\u003ctr\u003e\n\u003ctd\u003e\n\u003ctable style=\"font-family:Arial,Verdana,Times;font-size:12px;text-align:left;width:100%;border-spacing:0px; padding:3px 3px 3px 3px\"\u003e\n\u003ctr\u003e\n\u003ctd\u003eFID\u003c/td\u003e\n\u003ctd\u003e0\u003c/td\u003e\n\u003c/tr\u003e\n\u003ctr bgcolor=\"#D4E4F3\"\u003e\n\u003ctd\u003eShape_Leng\u003c/td\u003e\n\u003ctd\u003e18102566,9293\u003c/td\u003e\n\u003c/tr\u003e\n\u003c/table\u003e\n\u003c/td\u003e\n\u003c/tr\u003e\n\u003c/table\u003e\n\u003c/body\u003e\u003cscript type=\"text/javascript\"\u003e\n\t\t\t\tfunction changeImage(attElement, nameElement) {\n\t\t\t\tdocument.getElementById('imageAttachment').src = attElement;\n\t\t\t\tdocument.getElementById('imageName').innerHTML = nameElement;}\n\t\t\t\u003c/script\u003e\u003c/html\u003e\n","FID_active_grids":150,"GridID":"M01","Shape_Length":1.913119307312896e-05,"Shape_Area":4.7200459557581916e-12}},{"type":"Feature","id":27638,"geometry":{"type":"Polygon","coordinates":[[[112.68650292000007,-7.0934946839999498],[112.6865026480001,-7.0934856429999513],[112.68649463000008,-7.0934856719999289],[112.68649466300008,-7.0934947139999736],[112.68650292000007,-7.0934946839999498]]]},"properties":{"OBJECTID":27638,"FID_mangrove_utm":27546,"OBJECTID_1":27546,"Name":"18102566,9293","FolderPath":"JATIM/JATIM","SymbolID":0,"AltMode":0,"Base":0,"Clamped":-1,"Extruded":0,"Snippet":"","PopupInfo":"\u003chtml xmlns:fo=\"http://www.w3.org/1999/XSL/Format\" xmlns:msxsl=\"urn:schemas-microsoft-com:xslt\"\u003e\n\u003chead\u003e\n\u003cMETA http-equiv=\"Content-Type\" content=\"text/html\"\u003e\n\u003cmeta http-equiv=\"content-type\" content=\"text/html; charset=UTF-8\"\u003e\n\u003c/head\u003e\n\u003cbody style=\"margin:0px 0px 0px 0px;overflow:auto;background:#FFFFFF;\"\u003e\n\u003ctable style=\"font-family:Arial,Verdana,Times;font-size:12px;text-align:left;width:100%;border-collapse:collapse;padding:3px 3px 3px 3px\"\u003e\n\u003ctr style=\"text-align:center;font-weight:bold;background:#9CBCE2\"\u003e\n\u003ctd\u003e18102566,9293\u003c/td\u003e\n\u003c/tr\u003e\n\u003ctr\u003e\n\u003ctd\u003e\n\u003ctable style=\"font-family:Arial,Verdana,Times;font-size:12px;text-align:left;width:100%;border-spacing:0px; padding:3px 3px 3px 3px\"\u003e\n\u003ctr\u003e\n\u003ctd\u003eFID\u003c/td\u003e\n\u003ctd\u003e0\u003c/td\u003e\n\u003c/tr\u003e\n\u003ctr bgcolor=\"#D4E4F3\"\u003e\n\u003ctd\u003eShape_Leng\u003c/td\u003e\n\u003ctd\u003e18102566,9293\u003c/td\u003e\n\u003c/tr\u003e\n\u003c/table\u003e\n\u003c/td\u003e\n\u003c/tr\u003e\n\u003c/table\u003e\n\u003c/body\u003e\u003cscript type=\"text/javascript\"\u003e\n\t\t\t\tfunction changeImage(attElement, nameElement) {\n\t\t\t\tdocument.getElementById('imageAttachment').src = attElement;\n\t\t\t\tdocument.getElementById('imageName').innerHTML = nameElement;}\n\t\t\t\u003c/script\u003e\u003c/html\u003e\n","FID_active_grids":150,"GridID":"M01","Shape_Length":3.4362257868811293e-05,"Shape_Area":7.3579705207649447e-11}},{"type":"Feature","id":27640,"geometry":{"type":"Polygon","coordinates":[[[112.68653060600002,-7.0934222459999319],[112.68650345100002,-7.0934223449999649],[112.68650348400001,-7.0934313869999528],[112.68651253600001,-7.0934313539999607],[112.68651256900012,-7.0934403959999486],[112.68652162000001,-7.0934403629999565],[112.68652165300011,-7.0934494049999444],[112.68652251200001,-7.0934494019999761],[112.68653428400012,-7.0934312749999435],[112.68653063900001,-7.0934312879999766],[112.68653060600002,-7.0934222459999319]]]},"properties":{"OBJECTID":27640,"FID_mangrove_utm":27548,"OBJECTID_1":27548,"Name":"18102566,9293","FolderPath":"JATIM/JATIM","SymbolID":0,"AltMode":0,"Base":0,"Clamped":-1,"Extruded":0,"Snippet":"","PopupInfo":"\u003chtml xmlns:fo=\"http://www.w3.org/1999/XSL/Format\" xmlns:msxsl=\"urn:schemas-microsoft-com:xslt\"\u003e\n\u003chead\u003e\n\u003cMETA http-equiv=\"Content-Type\" content=\"text/html\"\u003e\n\u003cmeta http-equiv=\"content-type\" content=\"text/html; charset=UTF-8\"\u003e\n\u003c/head\u003e\n\u003cbody style=\"margin:0px 0px 0px 0px;overflow:auto;background:#FFFFFF;\"\u003e\n\u003ctable style=\"font-family:Arial,Verdana,Times;font-size:12px;text-align:left;width:100%;border-collapse:collapse;padding:3px 3px 3px 3px\"\u003e\n\u003ctr style=\"text-align:center;font-weight:bold;background:#9CBCE2\"\u003e\n\u003ctd\u003e18102566,9293\u003c/td\u003e\n\u003c/tr\u003e\n\u003ctr\u003e\n\u003ctd\u003e\n\u003ctable style=\"font-family:Arial,Verdana,Times;font-size:12px;text-align:left;width:100%;border-spacing:0px; padding:3px 3px 3px 3px\"\u003e\n\u003ctr\u003e\n\u003ctd\u003eFID\u003c/td\u003e\n\u003ctd\u003e0\u003c/td\u003e\n\u003c/tr\u003e\n\u003ctr bgcolor=\"#D4E4F3\"\u003e\n\u003ctd\u003eShape_Leng\u003c/td\u003e\n\u003ctd\u003e18102566,9293\u003c/td\u003e\n\u003c/tr\u003e\n\u003c/table\u003e\n\u003c/td\u003e\n\u003c/tr\u003e\n\u003c/table\u003e\n\u003c/body\u003e\u003cscript type=\"text/javascript\"\u003e\n\t\t\t\tfunction changeImage(attElement, nameElement) {\n\t\t\t\tdocument.getElementById('imageAttachment').src = attElement;\n\t\t\t\tdocument.getElementById('imageName').innerHTML = nameElement;}\n\t\t\t\u003c/script\u003e\u003c/html\u003e\n","FID_active_grids":150,"GridID":"M01","Shape_Length":0.00010754464216091746,"Shape_Area":4.4995599324758795e-10}},{"type":"Feature","id":27641,"geometry":{"type":"Polygon","coordinates":[[[112.68654016900007,-7.093422210999961],[112.68653965800002,-7.0934222129999398],[112.6865396610001,-7.093422994999969],[112.68654016900007,-7.093422210999961]]]},"properties":{"OBJECTID":27641,"FID_mangrove_utm":27549,"OBJECTID_1":27549,"Name":"18102566,9293","FolderPath":"JATIM/JATIM","SymbolID":0,"AltMode":0,"Base":0,"Clamped":-1,"Extruded":0,"Snippet":"","PopupInfo":"\u003chtml xmlns:fo=\"http://www.w3.org/1999/XSL/Format\" xmlns:msxsl=\"urn:schemas-microsoft-com:xslt\"\u003e\n\u003chead\u003e\n\u003cMETA http-equiv=\"Content-Type\" content=\"text/html\"\u003e\n\u003cmeta http-equiv=\"content-type\" content=\"text/html; charset=UTF-8\"\u003e\n\u003c/head\u003e\n\u003cbody style=\"margin:0px 0px 0px 0px;overflow:auto;background:#FFFFFF;\"\u003e\n\u003ctable style=\"font-family:Arial,Verdana,Times;font-size:12px;text-align:left;width:100%;border-collapse:collapse;padding:3px 3px 3px 3px\"\u003e\n\u003ctr style=\"text-align:center;font-weight:bold;background:#9CBCE2\"\u003e\n\u003ctd\u003e18102566,9293\u003c/td\u003e\n\u003c/tr\u003e\n\u003ctr\u003e\n\u003ctd\u003e\n\u003ctable style=\"font-family:Arial,Verdana,Times;font-size:12px;text-align:left;width:100%;border-spacing:0px; padding:3px 3px 3px 3px\"\u003e\n\u003ctr\u003e\n\u003ctd\u003eFID\u003c/td\u003e\n\u003ctd\u003e0\u003c/td\u003e\n\u003c/tr\u003e\n\u003ctr bgcolor=\"#D4E4F3\"\u003e\n\u003ctd\u003eShape_Leng\u003c/td\u003e\n\u003ctd\u003e18102566,9293\u003c/td\u003e\n\u003c/tr\u003e\n\u003c/table\u003e\n\u003c/td\u003e\n\u003c/tr\u003e\n\u003c/table\u003e\n\u003c/body\u003e\u003cscript type=\"text/javascript\"\u003e\n\t\t\t\tfunction changeImage(attElement, nameElement) {\n\t\t\t\tdocument.getElementById('imageAttachment').src = attElement;\n\t\t\t\tdocument.getElementById('imageName').innerHTML = nameElement;}\n\t\t\t\u003c/script\u003e\u003c/html\u003e\n","FID_active_grids":150,"GridID":"M01","Shape_Length":2.2272045821232242e-06,"Shape_Area":1.9980402820360177e-13}},{"type":"Feature","id":27643,"geometry":{"type":"Polygon","coordinates":[[[112.68661161000011,-7.0932953629999815],[112.68661157700001,-7.0932863209999368],[112.68659347400001,-7.0932863859999316],[112.68659350700011,-7.0932954279999763],[112.68656635200011,-7.0932955269999525],[112.6865664180001,-7.0933136109999282],[112.68654831400011,-7.0933136769999692],[112.68654828100011,-7.0933046349999813],[112.68653923000011,-7.0933046679999734],[112.68653913100002,-7.093277541999953],[112.68654818300001,-7.0932775089999609],[112.68654815000002,-7.093268466999973],[112.68653004700002,-7.0932685329999572],[112.68653007900002,-7.0932775739999556],[112.68651197600002,-7.0932776399999398],[112.68651200900001,-7.0932866819999276],[112.68649390600001,-7.0932867479999686],[112.68649397200011,-7.0933048319999443],[112.68648492000011,-7.0933048649999364],[112.6864849530001,-7.0933139069999811],[112.68647590100011,-7.0933139399999732],[112.68647596700009,-7.0933320239999489],[112.6864669150001,-7.093332056999941],[112.68646694800009,-7.0933410989999288],[112.68645789700008,-7.0933411309999315],[112.68645796200008,-7.093359214999964],[112.68644891100007,-7.0933592479999561],[112.68644897700005,-7.0933773319999318],[112.68643992500006,-7.0933773649999807],[112.68644005700003,-7.0934135329999322],[112.68643100500003,-7.0934135659999811],[112.68643113700011,-7.0934497339999325],[112.68642208500012,-7.0934497669999814],[112.6864221510001,-7.0934678509999571],[112.68643120200011,-7.0934678179999651],[112.6864312350001,-7.0934768599999529],[112.68642218400009,-7.093476892999945],[112.6864221510001,-7.0934678509999571],[112.68641309900011,-7.0934678839999492],[112.68641316500009,-7.0934859679999249],[112.68643126800009,-7.0934859019999408],[112.68643130100008,-7.0934949439999286],[112.68644035300008,-7.0934949109999366],[112.68644038600007,-7.0935039529999813],[112.68642228200008,-7.0935040189999654],[112.68642231500007,-7.0935130609999533],[112.68641326400007,-7.0935130929999559],[112.68641329700006,-7.0935221349999438],[112.68640424500006,-7.0935221679999358],[112.68640427800005,-7.0935312099999805],[112.68637712300006,-7.0935313089999568],[112.68637715600005,-7.0935403509999446],[112.68635905200006,-7.0935404169999288],[112.68635911800004,-7.0935585009999613],[112.68635006700003,-7.0935585339999534],[112.68635023100001,-7.0936037429999601],[112.68635928300012,-7.0936037109999575],[112.6863593490001,-7.0936217949999332],[112.68636840000011,-7.0936217619999411],[112.68636846600009,-7.0936398459999737],[112.68637751800009,-7.0936398129999247],[112.68637755100008,-7.0936488549999694],[112.68638660200008,-7.0936488219999774],[112.68638686600002,-7.0937211579999371],[112.68639591700003,-7.093721124999945],[112.68639595000002,-7.0937301669999329],[112.68640500200001,-7.0937301339999408],[112.68640503500001,-7.0937391759999286],[112.68639598300001,-7.0937392089999776],[112.68639604900011,-7.0937572929999533],[112.6864051010001,-7.0937572599999612],[112.6864051660001,-7.0937753439999369],[112.68639611500009,-7.093775376999929],[112.68639614800009,-7.0937844189999737],[112.68637804400009,-7.0937844839999684],[112.68637814300007,-7.093811609999932],[112.68636909100007,-7.0938116429999809],[112.68636912400007,-7.0938206849999688],[112.68636007300006,-7.0938207179999608],[112.68636013800005,-7.0938388019999365],[112.68635108700005,-7.0938388349999286],[112.68635112000004,-7.0938478769999733],[112.68634206800004,-7.0938479099999654],[112.68634210100004,-7.0938569519999533],[112.68633304900004,-7.0938569849999453],[112.68633308200003,-7.0938660269999332],[112.68632403100003,-7.0938660599999253],[112.68632406300003,-7.09387510199997],[112.68631501200002,-7.0938751339999726],[112.68631504500001,-7.0938841759999605],[112.68630599300002,-7.0938842089999525],[112.68630602600001,-7.0938932509999404],[112.68629697400002,-7.0938932839999325],[112.68629700700001,-7.0939023259999772],[112.68626080100012,-7.0939024579999455],[112.68626083300001,-7.0939114999999333],[112.68625178200011,-7.0939115329999254],[112.68625181500011,-7.0939205749999701],[112.68626086600011,-7.093920541999978],[112.6862608990001,-7.0939295839999659],[112.6862971060001,-7.0939294519999407],[112.68629713900009,-7.0939384939999286],[112.68630619100009,-7.0939384609999365],[112.68630625600008,-7.0939565449999691],[112.68629720500007,-7.0939565779999612],[112.68629723800007,-7.093965619999949],[112.68628818600007,-7.0939656529999411],[112.68628825200005,-7.0939837369999736],[112.68629730300006,-7.0939837039999816],[112.68629733600005,-7.0939927459999694],[112.68630638800005,-7.0939927129999774],[112.68630645400003,-7.0940107969999531],[112.68631550500004,-7.094010763999961],[112.68631553800003,-7.0940198059999489],[112.68632459000003,-7.0940197729999568],[112.68632449100005,-7.0939926469999364],[112.68634259500004,-7.0939925819999416],[112.68634266000004,-7.0940106659999742],[112.68635171200003,-7.0940106329999253],[112.68635177800002,-7.0940287169999579],[112.68634272600002,-7.0940287499999499],[112.68634275900001,-7.0940377919999378],[112.68631560400001,-7.0940378899999814],[112.6863157030001,-7.094065015999945],[112.68630665100011,-7.0940650489999371],[112.6863066840001,-7.0940740909999249],[112.6862885810001,-7.0940741569999659],[112.68628861400009,-7.0940831989999538],[112.6862795620001,-7.0940832319999458],[112.68627959500009,-7.0940922739999337],[112.68625244000009,-7.0940923719999773],[112.68625247300008,-7.0941014139999652],[112.68624342100009,-7.0941014469999573],[112.68624345400008,-7.0941104889999451],[112.68623440200008,-7.0941105219999372],[112.68623450100006,-7.0941376479999576],[112.68622545000005,-7.0941376809999497],[112.68622554800004,-7.0941648069999701],[112.68621649700003,-7.0941648399999622],[112.68621656200003,-7.0941829239999379],[112.68620751100002,-7.0941829559999405],[112.68620760900001,-7.0942100819999609],[112.68619855800011,-7.094210114999953],[112.68619859100011,-7.0942191569999409],[112.68618953900011,-7.094219189999933],[112.6861895720001,-7.0942282319999777],[112.6861714690001,-7.0942282979999618],[112.6861715340001,-7.0942463819999375],[112.68616248300009,-7.0942464149999296],[112.68616251600008,-7.0942554569999743],[112.68615346400009,-7.0942554899999664],[112.68615353000007,-7.0942735739999421],[112.68616258200007,-7.09427354099995],[112.68616254900007,-7.0942644989999621],[112.68617160000008,-7.0942644659999701],[112.68617156700009,-7.0942554239999254],[112.68618967100008,-7.0942553579999412],[112.68618970400007,-7.0942643999999291],[112.68619875500008,-7.094264366999937],[112.68619872200009,-7.0942553249999492],[112.68620777400008,-7.0942552919999571],[112.68620780700007,-7.0942643339999449],[112.68621685900007,-7.0942643009999529],[112.68621682600008,-7.094255258999965],[112.68622587700008,-7.0942552269999624],[112.68622591000008,-7.0942642689999502],[112.68621685900007,-7.0942643009999529],[112.68621689200006,-7.0942733429999407],[112.68623499500006,-7.094273277999946],[112.68623502800006,-7.0942823199999339],[112.68626217700012,-7.0942822209999576],[112.68632530200011,-7.0942152519999695],[112.68632524800012,-7.0942006129999413],[112.68631619700011,-7.0942006459999334],[112.686316164,-7.0941916039999455],[112.68632521500001,-7.0941915709999535],[112.68632515000002,-7.0941734869999777],[112.68633420100002,-7.0941734539999288],[112.68633423400001,-7.0941824959999735],[112.68634328600001,-7.0941824629999815],[112.68634325300002,-7.0941734209999368],[112.68636480400005,-7.0941733429999658],[112.68638300200007,-7.094154036999953],[112.68645157000003,-7.094089834999977],[112.68645154400008,-7.0940826069999616],[112.68644249200008,-7.0940826399999537],[112.68644245900009,-7.0940735979999658],[112.68645151100009,-7.0940735649999738],[112.68645147800009,-7.0940645229999291],[112.68646053000009,-7.094064489999937],[112.68646056200009,-7.0940735319999249],[112.68646901500006,-7.0940735009999685],[112.68649855300009,-7.0940458439999361],[112.68651042400006,-7.0940281399999776],[112.68650565600001,-7.0940281579999578],[112.68650562300002,-7.0940191159999699],[112.68651467500001,-7.0940190829999779],[112.68651457600004,-7.0939919569999574],[112.68653268000003,-7.0939918909999733],[112.68653258100005,-7.0939647649999529],[112.68654163200006,-7.0939647319999608],[112.68654160000006,-7.0939556899999729],[112.68655065100006,-7.0939556579999703],[112.68655055200009,-7.0939285319999499],[112.68653244900008,-7.0939285969999446],[112.68653241600009,-7.0939195549999567],[112.68652336500008,-7.0939195879999488],[112.68652323300012,-7.0938834199999405],[112.68653228500011,-7.0938833869999485],[112.68653225200001,-7.0938743449999606],[112.68651414800001,-7.0938744109999448],[112.68651408300002,-7.093856326999969],[112.68650503100002,-7.0938563599999611],[112.68650496500004,-7.0938382759999286],[112.68649591300004,-7.0938383089999775],[112.68649588000005,-7.0938292669999328],[112.68650493200005,-7.0938292339999407],[112.68650489900006,-7.0938201919999528],[112.68651395100005,-7.0938201589999608],[112.68651385200008,-7.0937930329999404],[112.68652290400007,-7.0937929999999483],[112.68652293700006,-7.0938020419999361],[112.68653198800007,-7.0938020099999335],[112.68653202100006,-7.0938110519999782],[112.68655012500005,-7.0938109859999372],[112.68655015700006,-7.0938200279999251],[112.68655920900005,-7.093819994999933],[112.68655914300007,-7.0938019109999573],[112.68656765200001,-7.093801879999944],[112.68656779700007,-7.0937924359999442],[112.68653650700003,-7.0936816759999601],[112.68653162900011,-7.0936663789999557],[112.68653149500005,-7.0936663799999451],[112.68653149300007,-7.0936659529999702],[112.6865287490001,-7.0936573479999652],[112.68652241000007,-7.0936573709999493],[112.68652237700007,-7.0936483289999614],[112.68651332600007,-7.0936483619999535],[112.68651329300008,-7.0936393199999657],[112.68650424100008,-7.0936393519999683],[112.6865041750001,-7.0936212689999252],[112.68651722900006,-7.093621220999978],[112.68651434900005,-7.0936121889999413],[112.6865131940001,-7.0936121939999452],[112.68651318100001,-7.0936085249999792],[112.68650858900003,-7.0935941259999709],[112.68647692100001,-7.0935942409999484],[112.68647705300009,-7.0936304089999567],[112.68646800100009,-7.0936304419999487],[112.68646806700008,-7.0936485259999813],[112.68645901600007,-7.0936485589999734],[112.68645908100007,-7.0936666429999491],[112.68645003000006,-7.0936666759999412],[112.68644999700007,-7.0936576339999533],[112.68644094500007,-7.0936576669999454],[112.6864407810001,-7.0936124569999492],[112.6864136260001,-7.093612554999936],[112.68641359300011,-7.0936035129999482],[112.68640454100012,-7.0936035459999403],[112.68640444200003,-7.0935764199999767],[112.68641349400002,-7.0935763869999278],[112.68641346100003,-7.0935673449999399],[112.68644061600003,-7.0935672469999531],[112.68644055000004,-7.0935491629999774],[112.68643149900004,-7.0935491959999695],[112.68643146600004,-7.0935401539999248],[112.68644051700005,-7.0935401209999327],[112.68644045200006,-7.093522036999957],[112.68645855500006,-7.0935219709999728],[112.68645862100004,-7.0935400549999486],[112.68646767200005,-7.0935400219999565],[112.68646770500004,-7.0935490639999443],[112.68644960200004,-7.0935491299999285],[112.68644963500003,-7.0935581719999732],[112.68645868600004,-7.0935581389999811],[112.68645871900003,-7.093567180999969],[112.68646777100003,-7.0935671479999769],[112.68646773800003,-7.0935581059999322],[112.68647679000003,-7.0935580729999401],[112.68647682300002,-7.093567114999928],[112.68648587400003,-7.0935670819999359],[112.68648584100004,-7.0935580399999481],[112.68649489300003,-7.0935580079999454],[112.68649482700005,-7.0935399239999697],[112.68648577600004,-7.0935399559999723],[112.68648574300005,-7.0935309139999276],[112.68647669100005,-7.0935309469999765],[112.68647662500007,-7.093512862999944],[112.68649472900006,-7.0935127979999493],[112.68649469600007,-7.0935037559999614],[112.68648564400007,-7.0935037879999641],[112.68648541400012,-7.0934404949999248],[112.68649446500001,-7.0934404619999327],[112.68649443200002,-7.0934314199999449],[112.68648538100001,-7.0934314529999369],[112.68648521600005,-7.0933862429999408],[112.68649426800005,-7.0933862099999487],[112.68649423500005,-7.0933771679999609],[112.68652139000005,-7.0933770689999278],[112.68652135700006,-7.09336802699994],[112.68655756400005,-7.0933678959999611],[112.68655759600006,-7.093376937999949],[112.68654854500005,-7.093376970999941],[112.68654857800004,-7.0933860129999289],[112.68656421800006,-7.0933859559999632],[112.68658987600008,-7.0933587359999706],[112.68657563400006,-7.0933587879999322],[112.68657560100007,-7.0933497459999444],[112.68658465300007,-7.0933497129999523],[112.68658462000008,-7.0933406709999645],[112.68660272300008,-7.0933406049999803],[112.68660269000009,-7.0933315629999356],[112.68661174200008,-7.0933315299999435],[112.6866116760001,-7.0933134469999573],[112.68662637500006,-7.0933133929999599],[112.68663169600006,-7.0932952899999577],[112.68661161000011,-7.0932953629999815],[112.68661164300011,-7.0933044049999694],[112.68660259100011,-7.093304436999972],[112.68660255800012,-7.0932953949999273],[112.68661161000011,-7.0932953629999815]],[[112.68653942700007,-7.093358918999968],[112.68653939400008,-7.0933498769999801],[112.68654844600007,-7.0933498449999774],[112.68654847900007,-7.0933588869999653],[112.68653942700007,-7.093358918999968]],[[112.68641405400001,-7.0937301009999487],[112.68643215700001,-7.0937300349999646],[112.68643219,-7.0937390769999524],[112.68645029300001,-7.0937390119999577],[112.68645032600011,-7.0937480539999456],[112.68645937800011,-7.0937480209999535],[112.6864594110001,-7.0937570629999414],[112.68646846200011,-7.0937570299999493],[112.68646852800009,-7.093775113999925],[112.6864594760001,-7.0937751469999739],[112.68645950900009,-7.0937841889999618],[112.68642330300008,-7.0937843199999406],[112.6864232370001,-7.0937662359999649],[112.6864141850001,-7.093766268999957],[112.68641405400001,-7.0937301009999487]],[[112.68650470200009,-7.0937659399999689],[112.6865137530001,-7.0937659069999768],[112.68651381900008,-7.0937839909999525],[112.68650476800008,-7.0937840239999446],[112.68650470200009,-7.0937659399999689]],[[112.68645049100007,-7.0937932629999523],[112.68649574900007,-7.0937930989999813],[112.68649578200007,-7.0938021409999692],[112.68650483300007,-7.0938021079999771],[112.68650486600006,-7.093811149999965],[112.68645055600007,-7.093811346999928],[112.68645049100007,-7.0937932629999523]],[[112.68641487600007,-7.0939561509999294],[112.68640582500007,-7.0939561839999783],[112.68640585800006,-7.0939652259999662],[112.68639680600006,-7.0939652579999688],[112.68639677300007,-7.0939562159999809],[112.68638772100007,-7.093956248999973],[112.68638768800008,-7.0939472069999283],[112.68641484300008,-7.0939471089999415],[112.68641487600007,-7.0939561509999294],[112.68646918600007,-7.0939559529999769],[112.68646928500004,-7.0939830789999405],[112.68647833700004,-7.0939830469999379],[112.68647850100001,-7.0940282559999446],[112.68646945000012,-7.0940282889999366],[112.68646948200001,-7.0940373309999814],[112.68646043100011,-7.0940373639999734],[112.68646046400011,-7.0940464059999613],[112.68643330900011,-7.0940465049999375],[112.68643327600012,-7.0940374629999496],[112.68642422400001,-7.0940374959999417],[112.68642419100001,-7.0940284539999539],[112.68641514000001,-7.0940284869999459],[112.68641504100003,-7.0940013609999255],[112.68639693800003,-7.0940014259999771],[112.68639683900005,-7.0939742999999567],[112.68640589000006,-7.093974267999954],[112.68640592300005,-7.0939833099999419],[112.68642402700004,-7.0939832439999577],[112.68642399400005,-7.0939742019999699],[112.68641494200006,-7.0939742349999619],[112.68641487600007,-7.0939561509999294]]]},"properties":{"OBJECTID":27643,"FID_mangrove_utm":27551,"OBJECTID_1":27551,"Name":"18102566,9293","FolderPath":"JATIM/JATIM","SymbolID":0,"AltMode":0,"Base":0,"Clamped":-1,"Extruded":0,"Snippet":"","PopupInfo":"\u003chtml xmlns:fo=\"http://www.w3.org/1999/XSL/Format\" xmlns:msxsl=\"urn:schemas-microsoft-com:xslt\"\u003e\n\u003chead\u003e\n\u003cMETA http-equiv=\"Content-Type\" content=\"text/html\"\u003e\n\u003cmeta http-equiv=\"content-type\" content=\"text/html; charset=UTF-8\"\u003e\n\u003c/head\u003e\n\u003cbody style=\"margin:0px 0px 0px 0px;overflow:auto;background:#FFFFFF;\"\u003e\n\u003ctable style=\"font-family:Arial,Verdana,Times;font-size:12px;text-align:left;width:100%;border-collapse:collapse;padding:3px 3px 3px 3px\"\u003e\n\u003ctr style=\"text-align:center;font-weight:bold;background:#9CBCE2\"\u003e\n\u003ctd\u003e18102566,9293\u003c/td\u003e\n\u003c/tr\u003e\n\u003ctr\u003e\n\u003ctd\u003e\n\u003ctable style=\"font-family:Arial,Verdana,Times;font-size:12px;text-align:left;width:100%;border-spacing:0px; padding:3px 3px 3px 3px\"\u003e\n\u003ctr\u003e\n\u003ctd\u003eFID\u003c/td\u003e\n\u003ctd\u003e0\u003c/td\u003e\n\u003c/tr\u003e\n\u003ctr bgcolor=\"#D4E4F3\"\u003e\n\u003ctd\u003eShape_Leng\u003c/td\u003e\n\u003ctd\u003e18102566,9293\u003c/td\u003e\n\u003c/tr\u003e\n\u003c/table\u003e\n\u003c/td\u003e\n\u003c/tr\u003e\n\u003c/table\u003e\n\u003c/body\u003e\u003cscript type=\"text/javascript\"\u003e\n\t\t\t\tfunction changeImage(attElement, nameElement) {\n\t\t\t\tdocument.getElementById('imageAttachment').src = attElement;\n\t\t\t\tdocument.getElementById('imageName').innerHTML = nameElement;}\n\t\t\t\u003c/script\u003e\u003c/html\u003e\n","FID_active_grids":150,"GridID":"M01","Shape_Length":0.005521828192629208,"Shape_Area":1.2911854680423568e-07}},{"type":"Feature","id":27644,"geometry":{"type":"Polygon","coordinates":[[[112.6866476560001,-7.0932409789999724],[112.68665031600005,-7.0932319269999766],[112.68664758600005,-7.0932319369999277],[112.68664761900004,-7.0932409789999724],[112.6866476560001,-7.0932409789999724]]]},"properties":{"OBJECTID":27644,"FID_mangrove_utm":27552,"OBJECTID_1":27552,"Name":"18102566,9293","FolderPath":"JATIM/JATIM","SymbolID":0,"AltMode":0,"Base":0,"Clamped":-1,"Extruded":0,"Snippet":"","PopupInfo":"\u003chtml xmlns:fo=\"http://www.w3.org/1999/XSL/Format\" xmlns:msxsl=\"urn:schemas-microsoft-com:xslt\"\u003e\n\u003chead\u003e\n\u003cMETA http-equiv=\"Content-Type\" content=\"text/html\"\u003e\n\u003cmeta http-equiv=\"content-type\" content=\"text/html; charset=UTF-8\"\u003e\n\u003c/head\u003e\n\u003cbody style=\"margin:0px 0px 0px 0px;overflow:auto;background:#FFFFFF;\"\u003e\n\u003ctable style=\"font-family:Arial,Verdana,Times;font-size:12px;text-align:left;width:100%;border-collapse:collapse;padding:3px 3px 3px 3px\"\u003e\n\u003ctr style=\"text-align:center;font-weight:bold;background:#9CBCE2\"\u003e\n\u003ctd\u003e18102566,9293\u003c/td\u003e\n\u003c/tr\u003e\n\u003ctr\u003e\n\u003ctd\u003e\n\u003ctable style=\"font-family:Arial,Verdana,Times;font-size:12px;text-align:left;width:100%;border-spacing:0px; padding:3px 3px 3px 3px\"\u003e\n\u003ctr\u003e\n\u003ctd\u003eFID\u003c/td\u003e\n\u003ctd\u003e0\u003c/td\u003e\n\u003c/tr\u003e\n\u003ctr bgcolor=\"#D4E4F3\"\u003e\n\u003ctd\u003eShape_Leng\u003c/td\u003e\n\u003ctd\u003e18102566,9293\u003c/td\u003e\n\u003c/tr\u003e\n\u003c/table\u003e\n\u003c/td\u003e\n\u003c/tr\u003e\n\u003c/table\u003e\n\u003c/body\u003e\u003cscript type=\"text/javascript\"\u003e\n\t\t\t\tfunction changeImage(attElement, nameElement) {\n\t\t\t\tdocument.getElementById('imageAttachment').src = attElement;\n\t\t\t\tdocument.getElementById('imageName').innerHTML = nameElement;}\n\t\t\t\u003c/script\u003e\u003c/html\u003e\n","FID_active_grids":150,"GridID":"M01","Shape_Length":2.1243817841267676e-05,"Shape_Area":1.2509957372677477e-11}},{"type":"Feature","id":27646,"geometry":{"type":"Polygon","coordinates":[[[112.68654815000002,-7.093268466999973],[112.68658435600003,-7.0932683349999479],[112.68658432400002,-7.0932592929999601],[112.68661147800003,-7.0932591949999733],[112.68661134700005,-7.093223026999965],[112.68659324400005,-7.0932230919999597],[112.68659327600005,-7.0932321339999476],[112.68658422500005,-7.0932321669999396],[112.68658425800004,-7.0932412089999275],[112.68655710300004,-7.0932413079999606],[112.68655716900003,-7.0932593919999363],[112.68654811700003,-7.0932594249999283],[112.68654815000002,-7.093268466999973]]]},"properties":{"OBJECTID":27646,"FID_mangrove_utm":27554,"OBJECTID_1":27554,"Name":"18102566,9293","FolderPath":"JATIM/JATIM","SymbolID":0,"AltMode":0,"Base":0,"Clamped":-1,"Extruded":0,"Snippet":"","PopupInfo":"\u003chtml xmlns:fo=\"http://www.w3.org/1999/XSL/Format\" xmlns:msxsl=\"urn:schemas-microsoft-com:xslt\"\u003e\n\u003chead\u003e\n\u003cMETA http-equiv=\"Content-Type\" content=\"text/html\"\u003e\n\u003cmeta http-equiv=\"content-type\" content=\"text/html; charset=UTF-8\"\u003e\n\u003c/head\u003e\n\u003cbody style=\"margin:0px 0px 0px 0px;overflow:auto;background:#FFFFFF;\"\u003e\n\u003ctable style=\"font-family:Arial,Verdana,Times;font-size:12px;text-align:left;width:100%;border-collapse:collapse;padding:3px 3px 3px 3px\"\u003e\n\u003ctr style=\"text-align:center;font-weight:bold;background:#9CBCE2\"\u003e\n\u003ctd\u003e18102566,9293\u003c/td\u003e\n\u003c/tr\u003e\n\u003ctr\u003e\n\u003ctd\u003e\n\u003ctable style=\"font-family:Arial,Verdana,Times;font-size:12px;text-align:left;width:100%;border-spacing:0px; padding:3px 3px 3px 3px\"\u003e\n\u003ctr\u003e\n\u003ctd\u003eFID\u003c/td\u003e\n\u003ctd\u003e0\u003c/td\u003e\n\u003c/tr\u003e\n\u003ctr bgcolor=\"#D4E4F3\"\u003e\n\u003ctd\u003eShape_Leng\u003c/td\u003e\n\u003ctd\u003e18102566,9293\u003c/td\u003e\n\u003c/tr\u003e\n\u003c/table\u003e\n\u003c/td\u003e\n\u003c/tr\u003e\n\u003c/table\u003e\n\u003c/body\u003e\u003cscript type=\"text/javascript\"\u003e\n\t\t\t\tfunction changeImage(attElement, nameElement) {\n\t\t\t\tdocument.getElementById('imageAttachment').src = attElement;\n\t\t\t\tdocument.getElementById('imageName').innerHTML = nameElement;}\n\t\t\t\u003c/script\u003e\u003c/html\u003e\n","FID_active_grids":150,"GridID":"M01","Shape_Length":0.00021714242630309439,"Shape_Area":1.7187576185425716e-09}},{"type":"Feature","id":27649,"geometry":{"type":"Polygon","coordinates":[[[112.68661134700005,-7.093223026999965],[112.68662039800006,-7.0932229939999729],[112.68662033300006,-7.0932049099999404],[112.68661128100007,-7.0932049429999324],[112.68661134700005,-7.093223026999965]]]},"properties":{"OBJECTID":27649,"FID_mangrove_utm":27557,"OBJECTID_1":27557,"Name":"18102566,9293","FolderPath":"JATIM/JATIM","SymbolID":0,"AltMode":0,"Base":0,"Clamped":-1,"Extruded":0,"Snippet":"","PopupInfo":"\u003chtml xmlns:fo=\"http://www.w3.org/1999/XSL/Format\" xmlns:msxsl=\"urn:schemas-microsoft-com:xslt\"\u003e\n\u003chead\u003e\n\u003cMETA http-equiv=\"Content-Type\" content=\"text/html\"\u003e\n\u003cmeta http-equiv=\"content-type\" content=\"text/html; charset=UTF-8\"\u003e\n\u003c/head\u003e\n\u003cbody style=\"margin:0px 0px 0px 0px;overflow:auto;background:#FFFFFF;\"\u003e\n\u003ctable style=\"font-family:Arial,Verdana,Times;font-size:12px;text-align:left;width:100%;border-collapse:collapse;padding:3px 3px 3px 3px\"\u003e\n\u003ctr style=\"text-align:center;font-weight:bold;background:#9CBCE2\"\u003e\n\u003ctd\u003e18102566,9293\u003c/td\u003e\n\u003c/tr\u003e\n\u003ctr\u003e\n\u003ctd\u003e\n\u003ctable style=\"font-family:Arial,Verdana,Times;font-size:12px;text-align:left;width:100%;border-spacing:0px; padding:3px 3px 3px 3px\"\u003e\n\u003ctr\u003e\n\u003ctd\u003eFID\u003c/td\u003e\n\u003ctd\u003e0\u003c/td\u003e\n\u003c/tr\u003e\n\u003ctr bgcolor=\"#D4E4F3\"\u003e\n\u003ctd\u003eShape_Leng\u003c/td\u003e\n\u003ctd\u003e18102566,9293\u003c/td\u003e\n\u003c/tr\u003e\n\u003c/table\u003e\n\u003c/td\u003e\n\u003c/tr\u003e\n\u003c/table\u003e\n\u003c/body\u003e\u003cscript type=\"text/javascript\"\u003e\n\t\t\t\tfunction changeImage(attElement, nameElement) {\n\t\t\t\tdocument.getElementById('imageAttachment').src = attElement;\n\t\t\t\tdocument.getElementById('imageName').innerHTML = nameElement;}\n\t\t\t\u003c/script\u003e\u003c/html\u003e\n","FID_active_grids":150,"GridID":"M01","Shape_Length":5.4271357631437982e-05,"Shape_Area":1.6368948781333715e-10}},{"type":"Feature","id":27651,"geometry":{"type":"Polygon","coordinates":[[[112.68665829700001,-7.0932047719999787],[112.68666095700007,-7.093195719999926],[112.68665650600008,-7.0931957359999274],[112.68665653900007,-7.0932047779999721],[112.68665829700001,-7.0932047719999787]]]},"properties":{"OBJECTID":27651,"FID_mangrove_utm":27559,"OBJECTID_1":27559,"Name":"18102566,9293","FolderPath":"JATIM/JATIM","SymbolID":0,"AltMode":0,"Base":0,"Clamped":-1,"Extruded":0,"Snippet":"","PopupInfo":"\u003chtml xmlns:fo=\"http://www.w3.org/1999/XSL/Format\" xmlns:msxsl=\"urn:schemas-microsoft-com:xslt\"\u003e\n\u003chead\u003e\n\u003cMETA http-equiv=\"Content-Type\" content=\"text/html\"\u003e\n\u003cmeta http-equiv=\"content-type\" content=\"text/html; charset=UTF-8\"\u003e\n\u003c/head\u003e\n\u003cbody style=\"margin:0px 0px 0px 0px;overflow:auto;background:#FFFFFF;\"\u003e\n\u003ctable style=\"font-family:Arial,Verdana,Times;font-size:12px;text-align:left;width:100%;border-collapse:collapse;padding:3px 3px 3px 3px\"\u003e\n\u003ctr style=\"text-align:center;font-weight:bold;background:#9CBCE2\"\u003e\n\u003ctd\u003e18102566,9293\u003c/td\u003e\n\u003c/tr\u003e\n\u003ctr\u003e\n\u003ctd\u003e\n\u003ctable style=\"font-family:Arial,Verdana,Times;font-size:12px;text-align:left;width:100%;border-spacing:0px; padding:3px 3px 3px 3px\"\u003e\n\u003ctr\u003e\n\u003ctd\u003eFID\u003c/td\u003e\n\u003ctd\u003e0\u003c/td\u003e\n\u003c/tr\u003e\n\u003ctr bgcolor=\"#D4E4F3\"\u003e\n\u003ctd\u003eShape_Leng\u003c/td\u003e\n\u003ctd\u003e18102566,9293\u003c/td\u003e\n\u003c/tr\u003e\n\u003c/table\u003e\n\u003c/td\u003e\n\u003c/tr\u003e\n\u003c/table\u003e\n\u003c/body\u003e\u003cscript type=\"text/javascript\"\u003e\n\t\t\t\tfunction changeImage(attElement, nameElement) {\n\t\t\t\tdocument.getElementById('imageAttachment').src = attElement;\n\t\t\t\tdocument.getElementById('imageName').innerHTML = nameElement;}\n\t\t\t\u003c/script\u003e\u003c/html\u003e\n","FID_active_grids":150,"GridID":"M01","Shape_Length":2.4685838475002372e-05,"Shape_Area":2.8071962858521014e-11}},{"type":"Feature","id":27655,"geometry":{"type":"Polygon","coordinates":[[[112.68664738900009,-7.0931776849999437],[112.68664722400001,-7.0931324749999476],[112.68663817300001,-7.0931325079999397],[112.68663820600011,-7.0931415499999275],[112.68662915400012,-7.0931415829999764],[112.68662928600008,-7.0931777509999279],[112.68664738900009,-7.0931776849999437]]]},"properties":{"OBJECTID":27655,"FID_mangrove_utm":27563,"OBJECTID_1":27563,"Name":"18102566,9293","FolderPath":"JATIM/JATIM","SymbolID":0,"AltMode":0,"Base":0,"Clamped":-1,"Extruded":0,"Snippet":"","PopupInfo":"\u003chtml xmlns:fo=\"http://www.w3.org/1999/XSL/Format\" xmlns:msxsl=\"urn:schemas-microsoft-com:xslt\"\u003e\n\u003chead\u003e\n\u003cMETA http-equiv=\"Content-Type\" content=\"text/html\"\u003e\n\u003cmeta http-equiv=\"content-type\" content=\"text/html; charset=UTF-8\"\u003e\n\u003c/head\u003e\n\u003cbody style=\"margin:0px 0px 0px 0px;overflow:auto;background:#FFFFFF;\"\u003e\n\u003ctable style=\"font-family:Arial,Verdana,Times;font-size:12px;text-align:left;width:100%;border-collapse:collapse;padding:3px 3px 3px 3px\"\u003e\n\u003ctr style=\"text-align:center;font-weight:bold;background:#9CBCE2\"\u003e\n\u003ctd\u003e18102566,9293\u003c/td\u003e\n\u003c/tr\u003e\n\u003ctr\u003e\n\u003ctd\u003e\n\u003ctable style=\"font-family:Arial,Verdana,Times;font-size:12px;text-align:left;width:100%;border-spacing:0px; padding:3px 3px 3px 3px\"\u003e\n\u003ctr\u003e\n\u003ctd\u003eFID\u003c/td\u003e\n\u003ctd\u003e0\u003c/td\u003e\n\u003c/tr\u003e\n\u003ctr bgcolor=\"#D4E4F3\"\u003e\n\u003ctd\u003eShape_Leng\u003c/td\u003e\n\u003ctd\u003e18102566,9293\u003c/td\u003e\n\u003c/tr\u003e\n\u003c/table\u003e\n\u003c/td\u003e\n\u003c/tr\u003e\n\u003c/table\u003e\n\u003c/body\u003e\u003cscript type=\"text/javascript\"\u003e\n\t\t\t\tfunction changeImage(attElement, nameElement) {\n\t\t\t\tdocument.getElementById('imageAttachment').src = attElement;\n\t\t\t\tdocument.getElementById('imageName').innerHTML = nameElement;}\n\t\t\t\u003c/script\u003e\u003c/html\u003e\n","FID_active_grids":150,"GridID":"M01","Shape_Length":0.00012662684275044367,"Shape_Area":7.3659822836429386e-10}},{"type":"Feature","id":27656,"geometry":{"type":"Polygon","coordinates":[[[112.68670120500008,-7.0930418579999355],[112.68667405000008,-7.0930419569999685],[112.68667408300007,-7.0930509989999564],[112.68668313500007,-7.0930509659999643],[112.68668316800006,-7.0930600079999522],[112.68667411600006,-7.0930600409999442],[112.68667414900005,-7.0930690829999321],[112.68666509700006,-7.093069115999981],[112.68666513000005,-7.0930781579999689],[112.68665607800006,-7.093078190999961],[112.68665630900011,-7.0931414839999434],[112.68666536000001,-7.0931414519999407],[112.6866654590001,-7.0931685779999611],[112.68665640800009,-7.0931686099999638],[112.68665647300008,-7.0931866939999395],[112.68666361700002,-7.0931866679999303],[112.6866655020001,-7.0931802549999361],[112.68666549200009,-7.093177619999949],[112.68666627700009,-7.0931776169999807],[112.68667444300002,-7.0931498299999589],[112.68667428000003,-7.0931052509999404],[112.68668333200003,-7.0931052179999483],[112.68668326600005,-7.0930871339999726],[112.68669287800003,-7.0930870989999448],[112.68670126600011,-7.0930585569999494],[112.68670120500008,-7.0930418579999355]]]},"properties":{"OBJECTID":27656,"FID_mangrove_utm":27564,"OBJECTID_1":27564,"Name":"18102566,9293","FolderPath":"JATIM/JATIM","SymbolID":0,"AltMode":0,"Base":0,"Clamped":-1,"Extruded":0,"Snippet":"","PopupInfo":"\u003chtml xmlns:fo=\"http://www.w3.org/1999/XSL/Format\" xmlns:msxsl=\"urn:schemas-microsoft-com:xslt\"\u003e\n\u003chead\u003e\n\u003cMETA http-equiv=\"Content-Type\" content=\"text/html\"\u003e\n\u003cmeta http-equiv=\"content-type\" content=\"text/html; charset=UTF-8\"\u003e\n\u003c/head\u003e\n\u003cbody style=\"margin:0px 0px 0px 0px;overflow:auto;background:#FFFFFF;\"\u003e\n\u003ctable style=\"font-family:Arial,Verdana,Times;font-size:12px;text-align:left;width:100%;border-collapse:collapse;padding:3px 3px 3px 3px\"\u003e\n\u003ctr style=\"text-align:center;font-weight:bold;background:#9CBCE2\"\u003e\n\u003ctd\u003e18102566,9293\u003c/td\u003e\n\u003c/tr\u003e\n\u003ctr\u003e\n\u003ctd\u003e\n\u003ctable style=\"font-family:Arial,Verdana,Times;font-size:12px;text-align:left;width:100%;border-spacing:0px; padding:3px 3px 3px 3px\"\u003e\n\u003ctr\u003e\n\u003ctd\u003eFID\u003c/td\u003e\n\u003ctd\u003e0\u003c/td\u003e\n\u003c/tr\u003e\n\u003ctr bgcolor=\"#D4E4F3\"\u003e\n\u003ctd\u003eShape_Leng\u003c/td\u003e\n\u003ctd\u003e18102566,9293\u003c/td\u003e\n\u003c/tr\u003e\n\u003c/table\u003e\n\u003c/td\u003e\n\u003c/tr\u003e\n\u003c/table\u003e\n\u003c/body\u003e\u003cscript type=\"text/javascript\"\u003e\n\t\t\t\tfunction changeImage(attElement, nameElement) {\n\t\t\t\tdocument.getElementById('imageAttachment').src = attElement;\n\t\t\t\tdocument.getElementById('imageName').innerHTML = nameElement;}\n\t\t\t\u003c/script\u003e\u003c/html\u003e\n","FID_active_grids":150,"GridID":"M01","Shape_Length":0.0004001235962354782,"Shape_Area":2.7864133365705428e-09}},{"type":"Feature","id":27657,"geometry":{"type":"Polygon","coordinates":[[[112.68670120500008,-7.0930418579999355],[112.68670617800001,-7.0930418399999553],[112.68671020700003,-7.0930281329999616],[112.68671019100009,-7.0930237409999677],[112.68670113900009,-7.0930237739999598],[112.68670120500008,-7.0930418579999355]]]},"properties":{"OBJECTID":27657,"FID_mangrove_utm":27565,"OBJECTID_1":27565,"Name":"18102566,9293","FolderPath":"JATIM/JATIM","SymbolID":0,"AltMode":0,"Base":0,"Clamped":-1,"Extruded":0,"Snippet":"","PopupInfo":"\u003chtml xmlns:fo=\"http://www.w3.org/1999/XSL/Format\" xmlns:msxsl=\"urn:schemas-microsoft-com:xslt\"\u003e\n\u003chead\u003e\n\u003cMETA http-equiv=\"Content-Type\" content=\"text/html\"\u003e\n\u003cmeta http-equiv=\"content-type\" content=\"text/html; charset=UTF-8\"\u003e\n\u003c/head\u003e\n\u003cbody style=\"margin:0px 0px 0px 0px;overflow:auto;background:#FFFFFF;\"\u003e\n\u003ctable style=\"font-family:Arial,Verdana,Times;font-size:12px;text-align:left;width:100%;border-collapse:collapse;padding:3px 3px 3px 3px\"\u003e\n\u003ctr style=\"text-align:center;font-weight:bold;background:#9CBCE2\"\u003e\n\u003ctd\u003e18102566,9293\u003c/td\u003e\n\u003c/tr\u003e\n\u003ctr\u003e\n\u003ctd\u003e\n\u003ctable style=\"font-family:Arial,Verdana,Times;font-size:12px;text-align:left;width:100%;border-spacing:0px; padding:3px 3px 3px 3px\"\u003e\n\u003ctr\u003e\n\u003ctd\u003eFID\u003c/td\u003e\n\u003ctd\u003e0\u003c/td\u003e\n\u003c/tr\u003e\n\u003ctr bgcolor=\"#D4E4F3\"\u003e\n\u003ctd\u003eShape_Leng\u003c/td\u003e\n\u003ctd\u003e18102566,9293\u003c/td\u003e\n\u003c/tr\u003e\n\u003c/table\u003e\n\u003c/td\u003e\n\u003c/tr\u003e\n\u003c/table\u003e\n\u003c/body\u003e\u003cscript type=\"text/javascript\"\u003e\n\t\t\t\tfunction changeImage(attElement, nameElement) {\n\t\t\t\tdocument.getElementById('imageAttachment').src = attElement;\n\t\t\t\tdocument.getElementById('imageName').innerHTML = nameElement;}\n\t\t\t\u003c/script\u003e\u003c/html\u003e\n","FID_active_grids":150,"GridID":"M01","Shape_Length":5.0788113453133311e-05,"Shape_Area":1.3577365840355414e-10}},{"type":"Feature","id":27658,"geometry":{"type":"Polygon","coordinates":[[[112.68671019100009,-7.0930237409999677],[112.68671149900001,-7.0930237369999531],[112.68671415900008,-7.0930146849999574],[112.6867101580001,-7.0930146989999798],[112.68671019100009,-7.0930237409999677]]]},"properties":{"OBJECTID":27658,"FID_mangrove_utm":27566,"OBJECTID_1":27566,"Name":"18102566,9293","FolderPath":"JATIM/JATIM","SymbolID":0,"AltMode":0,"Base":0,"Clamped":-1,"Extruded":0,"Snippet":"","PopupInfo":"\u003chtml xmlns:fo=\"http://www.w3.org/1999/XSL/Format\" xmlns:msxsl=\"urn:schemas-microsoft-com:xslt\"\u003e\n\u003chead\u003e\n\u003cMETA http-equiv=\"Content-Type\" content=\"text/html\"\u003e\n\u003cmeta http-equiv=\"content-type\" content=\"text/html; charset=UTF-8\"\u003e\n\u003c/head\u003e\n\u003cbody style=\"margin:0px 0px 0px 0px;overflow:auto;background:#FFFFFF;\"\u003e\n\u003ctable style=\"font-family:Arial,Verdana,Times;font-size:12px;text-align:left;width:100%;border-collapse:collapse;padding:3px 3px 3px 3px\"\u003e\n\u003ctr style=\"text-align:center;font-weight:bold;background:#9CBCE2\"\u003e\n\u003ctd\u003e18102566,9293\u003c/td\u003e\n\u003c/tr\u003e\n\u003ctr\u003e\n\u003ctd\u003e\n\u003ctable style=\"font-family:Arial,Verdana,Times;font-size:12px;text-align:left;width:100%;border-spacing:0px; padding:3px 3px 3px 3px\"\u003e\n\u003ctr\u003e\n\u003ctd\u003eFID\u003c/td\u003e\n\u003ctd\u003e0\u003c/td\u003e\n\u003c/tr\u003e\n\u003ctr bgcolor=\"#D4E4F3\"\u003e\n\u003ctd\u003eShape_Leng\u003c/td\u003e\n\u003ctd\u003e18102566,9293\u003c/td\u003e\n\u003c/tr\u003e\n\u003c/table\u003e\n\u003c/td\u003e\n\u003c/tr\u003e\n\u003c/table\u003e\n\u003c/body\u003e\u003cscript type=\"text/javascript\"\u003e\n\t\t\t\tfunction changeImage(attElement, nameElement) {\n\t\t\t\tdocument.getElementById('imageAttachment').src = attElement;\n\t\t\t\tdocument.getElementById('imageName').innerHTML = nameElement;}\n\t\t\t\u003c/script\u003e\u003c/html\u003e\n","FID_active_grids":150,"GridID":"M01","Shape_Length":2.3785829945556629e-05,"Shape_Area":2.4003439514019829e-11}},{"type":"Feature","id":27659,"geometry":{"type":"Polygon","coordinates":[[[112.70102068400001,-7.0929444149999767],[112.70102973500002,-7.0929443819999278],[112.70102970200003,-7.09293533999994],[112.70103875400002,-7.0929353069999479],[112.70103872000004,-7.09292626499996],[112.70102061700004,-7.0929263309999442],[112.70102068400001,-7.0929444149999767]]]},"properties":{"OBJECTID":27659,"FID_mangrove_utm":27567,"OBJECTID_1":27567,"Name":"18102566,9293","FolderPath":"JATIM/JATIM","SymbolID":0,"AltMode":0,"Base":0,"Clamped":-1,"Extruded":0,"Snippet":"","PopupInfo":"\u003chtml xmlns:fo=\"http://www.w3.org/1999/XSL/Format\" xmlns:msxsl=\"urn:schemas-microsoft-com:xslt\"\u003e\n\u003chead\u003e\n\u003cMETA http-equiv=\"Content-Type\" content=\"text/html\"\u003e\n\u003cmeta http-equiv=\"content-type\" content=\"text/html; charset=UTF-8\"\u003e\n\u003c/head\u003e\n\u003cbody style=\"margin:0px 0px 0px 0px;overflow:auto;background:#FFFFFF;\"\u003e\n\u003ctable style=\"font-family:Arial,Verdana,Times;font-size:12px;text-align:left;width:100%;border-collapse:collapse;padding:3px 3px 3px 3px\"\u003e\n\u003ctr style=\"text-align:center;font-weight:bold;background:#9CBCE2\"\u003e\n\u003ctd\u003e18102566,9293\u003c/td\u003e\n\u003c/tr\u003e\n\u003ctr\u003e\n\u003ctd\u003e\n\u003ctable style=\"font-family:Arial,Verdana,Times;font-size:12px;text-align:left;width:100%;border-spacing:0px; padding:3px 3px 3px 3px\"\u003e\n\u003ctr\u003e\n\u003ctd\u003eFID\u003c/td\u003e\n\u003ctd\u003e0\u003c/td\u003e\n\u003c/tr\u003e\n\u003ctr bgcolor=\"#D4E4F3\"\u003e\n\u003ctd\u003eShape_Leng\u003c/td\u003e\n\u003ctd\u003e18102566,9293\u003c/td\u003e\n\u003c/tr\u003e\n\u003c/table\u003e\n\u003c/td\u003e\n\u003c/tr\u003e\n\u003c/table\u003e\n\u003c/body\u003e\u003cscript type=\"text/javascript\"\u003e\n\t\t\t\tfunction changeImage(attElement, nameElement) {\n\t\t\t\tdocument.getElementById('imageAttachment').src = attElement;\n\t\t\t\tdocument.getElementById('imageName').innerHTML = nameElement;}\n\t\t\t\u003c/script\u003e\u003c/html\u003e\n","FID_active_grids":150,"GridID":"M01","Shape_Length":7.2374488892060606e-05,"Shape_Area":2.4553430545657452e-10}},{"type":"Feature","id":27660,"geometry":{"type":"Polygon","coordinates":[[[112.70102068400001,-7.0929444149999767],[112.70101163200002,-7.0929444479999688],[112.70101156600003,-7.0929263639999363],[112.70100251400004,-7.0929263969999283],[112.70100248100005,-7.0929173549999405],[112.70099342900005,-7.0929173889999788],[112.70099352900002,-7.092944513999953],[112.70096637400002,-7.0929446139999754],[112.70096640700001,-7.0929536559999633],[112.70097545900001,-7.0929536229999712],[112.7009755250001,-7.0929717059999575],[112.7009664740001,-7.092971739999939],[112.70096650700009,-7.0929807819999269],[112.70094840400009,-7.0929808479999679],[112.70094833700011,-7.0929627639999353],[112.70095738900011,-7.0929627309999432],[112.70095735600012,-7.0929536889999554],[112.70094830400001,-7.0929537219999474],[112.70094823800002,-7.0929356379999717],[112.70093918600003,-7.0929356709999638],[112.70093912000004,-7.0929174989999524],[112.70082623900009,-7.0929239069999426],[112.70071700700009,-7.0932413329999804],[112.7002204800001,-7.0941568069999335],[112.70013412900005,-7.0943060029999288],[112.70004500300001,-7.0942869729999529],[112.69962259500005,-7.0942869799999357],[112.69962263100001,-7.0942967989999488],[112.69964978600001,-7.0942966989999263],[112.69964985200011,-7.0943147829999589],[112.6996679560001,-7.0943147169999747],[112.69966798900009,-7.0943237589999626],[112.69974040200009,-7.0943234939999797],[112.69974046800007,-7.094341576999966],[112.69975857100007,-7.094341510999925],[112.69975860400007,-7.0943505529999698],[112.69982196600006,-7.094350320999979],[112.69982199900005,-7.0943593629999668],[112.69984010200005,-7.0943592969999258],[112.69984013500004,-7.0943683389999705],[112.69989444500004,-7.0943681399999718],[112.69989447800003,-7.0943771819999597],[112.69992163300003,-7.0943770819999372],[112.69992166600002,-7.0943861239999251],[112.69993071800002,-7.094386090999933],[112.69993078400012,-7.0944041749999656],[112.69994888700001,-7.0944041089999814],[112.69994892000011,-7.0944131509999693],[112.7000122820001,-7.0944129189999785],[112.70001231500009,-7.0944219599999769],[112.7000213660001,-7.094421926999928],[112.70002140000008,-7.0944309689999727],[112.70008476100008,-7.0944307369999251],[112.70008472800009,-7.0944216949999372],[112.70010283100009,-7.0944216289999531],[112.70010286400009,-7.094430670999941],[112.70013001900008,-7.0944305709999753],[112.70013005200008,-7.0944396129999632],[112.70014815500008,-7.094439546999979],[112.70014812200009,-7.0944305049999343],[112.70016622500009,-7.0944304389999502],[112.7001661590001,-7.0944123549999745],[112.70018426200011,-7.0944122889999335],[112.70018422900012,-7.0944032469999456],[112.70019328100011,-7.0944032139999536],[112.70019321400002,-7.0943851299999778],[112.70020226600002,-7.0943850969999289],[112.70020219900005,-7.0943670129999532],[112.70019314800004,-7.0943670459999453],[112.70019308100007,-7.0943489619999696],[112.70020213300006,-7.0943489289999775],[112.70020210000007,-7.0943398869999328],[112.70021115100008,-7.0943398539999407],[112.70021108500009,-7.094321769999965],[112.70022013700009,-7.0943217369999729],[112.7002201040001,-7.0943126949999282],[112.7002291550001,-7.0943126619999362],[112.70022912200011,-7.0943036199999483],[112.70023817400011,-7.0943035869999562],[112.70023810700002,-7.0942855029999805],[112.70024715900001,-7.0942854699999316],[112.70024705900005,-7.094258343999968],[112.70025611100004,-7.0942583109999759],[112.70025607800005,-7.0942492689999312],[112.70026512900006,-7.0942492359999392],[112.70026503000008,-7.0942221099999756],[112.70028313300008,-7.0942220439999346],[112.70028310000009,-7.0942130019999468],[112.70030120300009,-7.0942129359999626],[112.7003011700001,-7.0942038939999748],[112.70031022100011,-7.0942038609999258],[112.70031015500001,-7.0941857769999501],[112.70032825800001,-7.0941857099999766],[112.70032819200003,-7.0941676269999334],[112.70033724300004,-7.0941675929999519],[112.70033721000004,-7.0941585509999641],[112.70034626200004,-7.094158517999972],[112.70034619500007,-7.0941404349999289],[112.70035524700006,-7.0941404009999474],[112.7003551140001,-7.0941042339999285],[112.7003641660001,-7.0941042009999364],[112.70036406600002,-7.0940770749999729],[112.70037311800002,-7.0940770419999808],[112.70037301800005,-7.0940499159999604],[112.70038207000005,-7.0940498829999683],[112.70038200400006,-7.0940317989999357],[112.70039105500007,-7.0940317659999437],[112.70039102200008,-7.0940227239999558],[112.70040007400007,-7.0940226909999637],[112.7004000070001,-7.0940046069999312],[112.70040905900009,-7.0940045739999391],[112.70040899300011,-7.0939864899999634],[112.70041804400012,-7.0939864569999713],[112.70041797800002,-7.0939683729999388],[112.70042702900002,-7.0939683399999467],[112.70042693000005,-7.0939412139999263],[112.70043598100006,-7.0939411809999342],[112.70043594800006,-7.0939321389999463],[112.70044500000006,-7.0939321059999543],[112.70044493300009,-7.0939140219999786],[112.70046303700008,-7.0939139559999376],[112.7004630030001,-7.0939049139999497],[112.70048110700009,-7.0939048469999761],[112.70048107300011,-7.0938958049999314],[112.7004991770001,-7.0938957389999473],[112.70049914300012,-7.0938866969999594],[112.70050819500011,-7.0938866639999674],[112.70050812900001,-7.0938685799999348],[112.70051718000002,-7.0938685469999427],[112.70051701400007,-7.093823337999936],[112.70052606600007,-7.0938233039999545],[112.7005259660001,-7.0937961789999804],[112.7005350180001,-7.093796144999942],[112.70053491800002,-7.0937690199999679],[112.70054397000001,-7.0937689869999758],[112.70054393700002,-7.0937599449999311],[112.70055298800003,-7.0937599109999496],[112.70055288900005,-7.0937327859999755],[112.70056194000006,-7.0937327529999266],[112.70056187400007,-7.0937146689999508],[112.70057092600007,-7.0937146359999588],[112.70057085900009,-7.0936965519999262],[112.70057991100009,-7.0936965189999341],[112.70057984400012,-7.0936784349999584],[112.70058889600011,-7.0936784019999664],[112.70058886300001,-7.0936693599999785],[112.70059791400001,-7.0936693269999296],[112.70059788100002,-7.0936602849999417],[112.70060693300002,-7.0936602509999602],[112.70060680000006,-7.0936240839999414],[112.70062490300006,-7.0936240169999678],[112.70062487000007,-7.0936149759999694],[112.70063392200007,-7.093614941999931],[112.70063388900007,-7.0936059009999326],[112.70064294000008,-7.0936058669999511],[112.70064290700009,-7.0935968249999632],[112.70065195800009,-7.0935967919999712],[112.7006519250001,-7.0935877499999265],[112.7006609770001,-7.0935877169999344],[112.70066094400011,-7.0935786749999465],[112.70066999500011,-7.0935786419999545],[112.70066996200001,-7.0935695999999666],[112.70067901400012,-7.0935695669999745],[112.70067898100001,-7.0935605249999298],[112.70068803200002,-7.0935604919999378],[112.70068796600003,-7.0935424079999621],[112.70069701700004,-7.09354237499997],[112.70069698400005,-7.0935333329999253],[112.70070603600004,-7.0935332999999332],[112.70070600300005,-7.0935242579999453],[112.70071505400006,-7.0935242249999533],[112.70071498800007,-7.0935061409999776],[112.70077834900007,-7.0935059089999299],[112.70077831600008,-7.0934968669999421],[112.70079641900008,-7.0934968009999579],[112.70079638600009,-7.0934877589999701],[112.7008054370001,-7.093487725999978],[112.70080540400011,-7.0934786839999333],[112.7008144560001,-7.0934786509999412],[112.70081435600002,-7.0934515249999777],[112.70082340800002,-7.0934514919999287],[112.70082337400004,-7.0934424499999409],[112.70083242600003,-7.0934424169999488],[112.70083239300004,-7.093433374999961],[112.70084144400005,-7.0934333419999689],[112.70084141100006,-7.093424299999981],[112.70085046300005,-7.0934242659999427],[112.70085043000006,-7.0934152249999443],[112.70085948100007,-7.0934151909999628],[112.70085944800007,-7.0934061489999749],[112.70085039600008,-7.0934061829999564],[112.70085033000009,-7.0933880989999807],[112.70083222700009,-7.0933881649999648],[112.70083226000008,-7.0933972069999527],[112.70082320800009,-7.0933972399999448],[112.70082324200007,-7.0934062819999326],[112.70081419000007,-7.0934063149999815],[112.70081415700008,-7.0933972729999368],[112.70080510500009,-7.0933973059999289],[112.70080507200009,-7.0933882649999305],[112.70081412400009,-7.093388230999949],[112.70081409000011,-7.0933791889999611],[112.7008321940001,-7.093379122999977],[112.70083216,-7.0933700809999323],[112.70085026400011,-7.0933700149999481],[112.70085023000001,-7.0933609729999603],[112.70085928200001,-7.0933609399999682],[112.70085931500012,-7.0933699819999561],[112.70088647000011,-7.0933698819999336],[112.70088650300011,-7.0933789239999783],[112.7008955550001,-7.0933788909999294],[112.70089568800006,-7.0934150589999376],[112.70087758400007,-7.0934151249999786],[112.70087765100004,-7.0934332089999543],[112.70086859900005,-7.0934332419999464],[112.70086863200004,-7.0934422839999343],[112.70085958100003,-7.0934423169999263],[112.70085964700002,-7.0934604009999589],[112.70087775000002,-7.0934603349999747],[112.70087778300001,-7.0934693769999626],[112.70088683500001,-7.0934693429999811],[112.7008869010001,-7.0934874269999568],[112.7008778500001,-7.0934874599999489],[112.70087788300009,-7.0934965019999368],[112.70088693500009,-7.0934964689999447],[112.70088696800008,-7.0935055109999325],[112.70089601900008,-7.0935054779999405],[112.70089598600009,-7.0934964359999526],[112.70090503800009,-7.0934964029999605],[112.7009050050001,-7.0934873609999727],[112.7009140560001,-7.0934873279999806],[112.70091402300011,-7.0934782859999359],[112.70092307500011,-7.0934782529999438],[112.70092274300009,-7.093387833999941],[112.7009317940001,-7.0933877999999595],[112.70093176100011,-7.0933787579999716],[112.7009408130001,-7.0933787249999796],[112.70094077900001,-7.0933696829999349],[112.70093172800011,-7.0933697169999732],[112.70093169500001,-7.0933606749999285],[112.70092264300001,-7.0933607079999774],[112.70092261000002,-7.0933516659999327],[112.70094976500002,-7.0933515659999671],[112.70094969800004,-7.0933334829999808],[112.70095875000004,-7.0933334489999424],[112.70095848400001,-7.0932611139999722],[112.70096753600001,-7.0932610809999801],[112.70096743600004,-7.0932339549999597],[112.70097648800004,-7.0932339219999676],[112.70097645500005,-7.0932248799999797],[112.70098550600005,-7.0932248469999308],[112.70098547300006,-7.093215804999943],[112.70099452500006,-7.0932157719999509],[112.70099449100007,-7.093206729999963],[112.70100354300007,-7.093206696999971],[112.70100347700009,-7.0931886129999384],[112.70099442500009,-7.0931886459999305],[112.70099435900011,-7.0931705619999548],[112.70103961700011,-7.0931703969999376],[112.70103958300001,-7.0931613549999497],[112.70104863500001,-7.0931613209999682],[112.70104836900009,-7.0930889859999411],[112.70103931800008,-7.0930890189999332],[112.70103925100011,-7.0930709349999574],[112.7010302000001,-7.0930709689999389],[112.70103013300002,-7.0930528849999632],[112.70102108200001,-7.0930529179999553],[112.70102085000008,-7.0929896239999266],[112.70101179800008,-7.0929896579999649],[112.70101169800012,-7.0929625319999445],[112.70102075000011,-7.0929624989999525],[112.70102068400001,-7.0929444149999767]],[[112.70086800200011,-7.0932704879999733],[112.70087705300011,-7.0932704539999349],[112.70087702000001,-7.0932614119999471],[112.70088607200012,-7.093261378999955],[112.70088610500011,-7.0932704209999429],[112.70089515600012,-7.0932703879999508],[112.7008951900001,-7.0932794299999387],[112.7009132930001,-7.0932793639999545],[112.70091355800002,-7.0933516989999248],[112.70088640400002,-7.0933517989999473],[112.70088637000003,-7.0933427569999594],[112.70087731900003,-7.0933427899999515],[112.70087728600004,-7.0933337479999636],[112.70088633700004,-7.0933337149999716],[112.70088630400005,-7.0933246729999269],[112.70089535600005,-7.0933246399999348],[112.70089532200006,-7.0933155979999469],[112.70090437400006,-7.0933155649999549],[112.70090434100007,-7.093306522999967],[112.70089528900007,-7.0933065559999591],[112.70089525600008,-7.0932975139999712],[112.70090430800008,-7.0932974809999791],[112.7009042740001,-7.0932884389999344],[112.70087712000009,-7.0932885379999675],[112.70087715300008,-7.0932975799999554],[112.70086810100008,-7.0932976129999474],[112.70086800200011,-7.0932704879999733]],[[112.70086826700003,-7.0933428229999436],[112.70085921600003,-7.0933428559999356],[112.70085924900002,-7.0933518979999803],[112.70084114600002,-7.0933519639999645],[112.70084101300006,-7.0933157969999456],[112.70085006400006,-7.0933157629999641],[112.70085003100007,-7.0933067219999657],[112.70085908300007,-7.0933066879999274],[112.70085918200004,-7.0933338139999478],[112.70086823400004,-7.0933337809999557],[112.70086826700003,-7.0933428229999436]],[[112.70078710200005,-7.0934244989999797],[112.70078706900006,-7.093415456999935],[112.70080517200006,-7.0934153899999615],[112.70080520500005,-7.0934244319999493],[112.70078710200005,-7.0934244989999797],[112.70078713500004,-7.0934335399999782],[112.70077808300005,-7.0934335739999597],[112.70077805000005,-7.0934245319999718],[112.70078710200005,-7.0934244989999797]]]},"properties":{"OBJECTID":27660,"FID_mangrove_utm":27568,"OBJECTID_1":27568,"Name":"18102566,9293","FolderPath":"JATIM/JATIM","SymbolID":0,"AltMode":0,"Base":0,"Clamped":-1,"Extruded":0,"Snippet":"","PopupInfo":"\u003chtml xmlns:fo=\"http://www.w3.org/1999/XSL/Format\" xmlns:msxsl=\"urn:schemas-microsoft-com:xslt\"\u003e\n\u003chead\u003e\n\u003cMETA http-equiv=\"Content-Type\" content=\"text/html\"\u003e\n\u003cmeta http-equiv=\"content-type\" content=\"text/html; charset=UTF-8\"\u003e\n\u003c/head\u003e\n\u003cbody style=\"margin:0px 0px 0px 0px;overflow:auto;background:#FFFFFF;\"\u003e\n\u003ctable style=\"font-family:Arial,Verdana,Times;font-size:12px;text-align:left;width:100%;border-collapse:collapse;padding:3px 3px 3px 3px\"\u003e\n\u003ctr style=\"text-align:center;font-weight:bold;background:#9CBCE2\"\u003e\n\u003ctd\u003e18102566,9293\u003c/td\u003e\n\u003c/tr\u003e\n\u003ctr\u003e\n\u003ctd\u003e\n\u003ctable style=\"font-family:Arial,Verdana,Times;font-size:12px;text-align:left;width:100%;border-spacing:0px; padding:3px 3px 3px 3px\"\u003e\n\u003ctr\u003e\n\u003ctd\u003eFID\u003c/td\u003e\n\u003ctd\u003e0\u003c/td\u003e\n\u003c/tr\u003e\n\u003ctr bgcolor=\"#D4E4F3\"\u003e\n\u003ctd\u003eShape_Leng\u003c/td\u003e\n\u003ctd\u003e18102566,9293\u003c/td\u003e\n\u003c/tr\u003e\n\u003c/table\u003e\n\u003c/td\u003e\n\u003c/tr\u003e\n\u003c/table\u003e\n\u003c/body\u003e\u003cscript type=\"text/javascript\"\u003e\n\t\t\t\tfunction changeImage(attElement, nameElement) {\n\t\t\t\tdocument.getElementById('imageAttachment').src = attElement;\n\t\t\t\tdocument.getElementById('imageName').innerHTML = nameElement;}\n\t\t\t\u003c/script\u003e\u003c/html\u003e\n","FID_active_grids":150,"GridID":"M01","Shape_Length":0.0067816620120259019,"Shape_Area":2.854940812030432e-07}},{"type":"Feature","id":27661,"geometry":{"type":"Polygon","coordinates":[[[112.70125592500005,-7.0929164269999774],[112.70125586300003,-7.0928995179999674],[112.70124681300001,-7.0929000319999318],[112.70124684000007,-7.0929074179999247],[112.70123778900006,-7.0929074509999737],[112.70123782200005,-7.0929164929999615],[112.70125592500005,-7.0929164269999774]]]},"properties":{"OBJECTID":27661,"FID_mangrove_utm":27569,"OBJECTID_1":27569,"Name":"18102566,9293","FolderPath":"JATIM/JATIM","SymbolID":0,"AltMode":0,"Base":0,"Clamped":-1,"Extruded":0,"Snippet":"","PopupInfo":"\u003chtml xmlns:fo=\"http://www.w3.org/1999/XSL/Format\" xmlns:msxsl=\"urn:schemas-microsoft-com:xslt\"\u003e\n\u003chead\u003e\n\u003cMETA http-equiv=\"Content-Type\" content=\"text/html\"\u003e\n\u003cmeta http-equiv=\"content-type\" content=\"text/html; charset=UTF-8\"\u003e\n\u003c/head\u003e\n\u003cbody style=\"margin:0px 0px 0px 0px;overflow:auto;background:#FFFFFF;\"\u003e\n\u003ctable style=\"font-family:Arial,Verdana,Times;font-size:12px;text-align:left;width:100%;border-collapse:collapse;padding:3px 3px 3px 3px\"\u003e\n\u003ctr style=\"text-align:center;font-weight:bold;background:#9CBCE2\"\u003e\n\u003ctd\u003e18102566,9293\u003c/td\u003e\n\u003c/tr\u003e\n\u003ctr\u003e\n\u003ctd\u003e\n\u003ctable style=\"font-family:Arial,Verdana,Times;font-size:12px;text-align:left;width:100%;border-spacing:0px; padding:3px 3px 3px 3px\"\u003e\n\u003ctr\u003e\n\u003ctd\u003eFID\u003c/td\u003e\n\u003ctd\u003e0\u003c/td\u003e\n\u003c/tr\u003e\n\u003ctr bgcolor=\"#D4E4F3\"\u003e\n\u003ctd\u003eShape_Leng\u003c/td\u003e\n\u003ctd\u003e18102566,9293\u003c/td\u003e\n\u003c/tr\u003e\n\u003c/table\u003e\n\u003c/td\u003e\n\u003c/tr\u003e\n\u003c/table\u003e\n\u003c/body\u003e\u003cscript type=\"text/javascript\"\u003e\n\t\t\t\tfunction changeImage(attElement, nameElement) {\n\t\t\t\tdocument.getElementById('imageAttachment').src = attElement;\n\t\t\t\tdocument.getElementById('imageName').innerHTML = nameElement;}\n\t\t\t\u003c/script\u003e\u003c/html\u003e\n","FID_active_grids":150,"GridID":"M01","Shape_Length":6.9555988432182505e-05,"Shape_Area":2.3272332675441769e-10}},{"type":"Feature","id":27662,"geometry":{"type":"Polygon","coordinates":[[[112.70131931900005,-7.0929252369999745],[112.70131938600002,-7.0929433209999502],[112.70132843700003,-7.0929432869999687],[112.70132847000002,-7.0929523289999565],[112.70133752200002,-7.0929522959999645],[112.70133755500001,-7.0929613379999523],[112.70141901900001,-7.0929610399999774],[112.70141898600002,-7.0929519979999327],[112.70142803800002,-7.0929519649999406],[112.70142800400004,-7.0929429229999528],[112.70143705600003,-7.0929428899999607],[112.70143708900002,-7.0929519309999591],[112.70150045000003,-7.0929516989999684],[112.70150041700003,-7.0929426569999805],[112.70155472600004,-7.092942457999925],[112.70155462700006,-7.0929153329999508],[112.70159083300007,-7.0929151999999362],[112.70159086600006,-7.0929242419999809],[112.70159991800006,-7.092924208999932],[112.70159995100005,-7.0929332509999767],[112.70160900300004,-7.0929332169999384],[112.70160903600004,-7.0929422589999263],[112.70165429400004,-7.0929420939999659],[112.70165426000005,-7.092933051999978],[112.70167236400005,-7.0929329849999476],[112.70167239700004,-7.0929420269999355],[112.70168144800004,-7.0929419939999434],[112.70168148200003,-7.0929510359999313],[112.70166337800003,-7.0929511019999723],[112.70166341200002,-7.0929601439999601],[112.70165436000002,-7.0929601769999522],[112.70165432700003,-7.0929511349999643],[112.70160906900003,-7.092951300999971],[112.70160910200002,-7.0929603429999588],[112.70159099900002,-7.0929604099999324],[112.70159103200001,-7.0929694509999308],[112.70157292900001,-7.0929695179999612],[112.70157296200011,-7.0929785599999491],[112.70156391100011,-7.0929785929999412],[112.7015639440001,-7.092987634999929],[112.7015729960001,-7.0929876019999369],[112.70157309500007,-7.0930147269999679],[112.70156404400007,-7.0930147609999494],[112.70156411000005,-7.0930328439999357],[112.70155505800005,-7.0930328769999278],[112.70155509200004,-7.0930419189999725],[112.70154604000004,-7.093041952999954],[112.70154614,-7.0930690779999281],[112.70153708800001,-7.0930691109999771],[112.70153712100011,-7.0930781529999649],[112.70152807000011,-7.0930781869999464],[112.70152813600009,-7.0930962699999327],[112.70151908500009,-7.093096303999971],[112.70151921700005,-7.093132470999933],[112.70151016600005,-7.0931325039999251],[112.70151029900001,-7.0931686719999334],[112.70150124700001,-7.0931687049999255],[112.70150138000008,-7.0932048729999337],[112.70149232800009,-7.0932049059999258],[112.70149239500006,-7.0932229899999584],[112.70148334300006,-7.0932230229999504],[112.70148384100003,-7.0933586519999494],[112.70147479000002,-7.0933586849999415],[112.70147482300001,-7.0933677269999293],[112.70146577100002,-7.0933677599999783],[112.70146593700008,-7.0934129699999744],[112.70145688600007,-7.0934130029999665],[112.70145698500005,-7.0934401279999406],[112.70144793400004,-7.093440161999979],[112.70144796700004,-7.0934492039999668],[112.70143891500004,-7.0934492369999589],[112.70143904800011,-7.0934854039999777],[112.70142999600012,-7.0934854379999592],[112.70143009600008,-7.0935125629999334],[112.70142104400009,-7.0935125959999255],[112.70142124400002,-7.0935668479999663],[112.70141219200002,-7.0935668809999584],[112.70141222500001,-7.0935759229999462],[112.70139412200001,-7.0935759889999304],[112.7013941890001,-7.0935940729999629],[112.7013851370001,-7.093594105999955],[112.70138527000006,-7.0936302739999633],[112.70139432100007,-7.0936302409999712],[112.70139438800004,-7.0936483249999469],[112.70141249100004,-7.0936482579999733],[112.70141255700003,-7.0936663419999491],[112.70144876400002,-7.0936662089999345],[112.70144879700001,-7.0936752509999792],[112.70145784800002,-7.0936752179999303],[112.70145781500003,-7.0936661759999424],[112.70146686700002,-7.0936661429999504],[112.70146673400006,-7.0936299749999421],[112.70147578600006,-7.09362994199995],[112.70147575200008,-7.0936208999999621],[112.70148480400007,-7.0936208669999701],[112.70148483700007,-7.0936299089999579],[112.70149388900006,-7.0936298759999659],[112.70149392200005,-7.0936389179999537],[112.70151202500006,-7.0936388519999696],[112.70151205800005,-7.093647892999968],[112.70152111000004,-7.0936478599999759],[112.70152121000001,-7.0936749859999395],[112.70151215800001,-7.0936750189999316],[112.70151219100001,-7.0936840609999763],[112.70148503600001,-7.0936841609999419],[112.7014850700001,-7.0936932029999298],[112.70147601800011,-7.0936932359999787],[112.7014760510001,-7.0937022779999666],[112.70144889700009,-7.0937023769999428],[112.70144896300008,-7.0937204609999753],[112.70145801400008,-7.0937204279999264],[112.70145804800006,-7.0937294699999711],[112.70146709900007,-7.093729436999979],[112.70146726500002,-7.0937746459999289],[112.70151252300002,-7.0937744799999791],[112.70151259000011,-7.0937925639999548],[112.70152164100011,-7.0937925309999628],[112.70152167400011,-7.0938015729999506],[112.7015397780001,-7.0938015059999771],[112.70153981100009,-7.0938105479999649],[112.70155791400009,-7.0938104819999808],[112.70155801400006,-7.0938376079999443],[112.70154896200006,-7.0938376409999364],[112.70154912800001,-7.0938828509999325],[112.70155818000001,-7.093882816999951],[112.7015582460001,-7.0939009009999268],[112.70154919400011,-7.0939009339999757],[112.70154922800009,-7.0939099759999635],[112.7015582790001,-7.0939099429999715],[112.70155834600007,-7.0939280269999472],[112.70154929400007,-7.0939280599999393],[112.70154946000002,-7.0939732699999354],[112.70155851200002,-7.0939732369999433],[112.70155854500001,-7.0939822779999417],[112.70151328700001,-7.0939824439999484],[112.70151335300011,-7.0940005279999809],[112.7015043020001,-7.094000560999973],[112.70150440100008,-7.0940276869999366],[112.70149535000007,-7.0940277199999286],[112.70149538300006,-7.0940367619999734],[112.70150443500006,-7.0940367289999813],[112.70150446800005,-7.0940457709999691],[112.70153162300005,-7.0940456709999467],[112.70153165600004,-7.0940547129999345],[112.70154070700005,-7.0940546799999424],[112.70154074100003,-7.0940637219999303],[112.70154979200004,-7.0940636889999382],[112.70154982500003,-7.0940727309999261],[112.70155887700002,-7.094072697999934],[112.70155891000002,-7.0940817389999324],[112.70157701300002,-7.0940816729999483],[112.70157704700011,-7.0940907149999362],[112.70164040800012,-7.0940904829999454],[112.70164044100011,-7.0940995249999332],[112.70165854400011,-7.0940994579999597],[112.70165864400008,-7.0941265839999801],[112.70166769500008,-7.0941265509999312],[112.70166772900006,-7.0941355929999759],[112.70174014100007,-7.0941353269999468],[112.70174017500005,-7.0941443689999346],[112.70174922600006,-7.0941443359999425],[112.70174925900005,-7.0941533779999304],[112.70176736300004,-7.0941533119999463],[112.70176739600004,-7.0941623539999341],[112.70177644700004,-7.0941623199999526],[112.70177641400005,-7.0941532789999542],[112.70178546600005,-7.0941532449999727],[112.70178543300005,-7.094144202999928],[112.70180353600006,-7.0941441369999438],[112.70180343600009,-7.0941170109999803],[112.70182153900009,-7.0941169449999393],[112.7018215060001,-7.0941079029999514],[112.7018486610001,-7.0941078039999752],[112.70184862800011,-7.0940987619999305],[112.70185767900011,-7.094098727999949],[112.70185764600001,-7.0940896869999506],[112.70186669800012,-7.0940896529999691],[112.7018667640001,-7.0941077369999448],[112.7018758160001,-7.0941077039999527],[112.70187584900009,-7.0941167459999406],[112.70192110700009,-7.0941165799999339],[112.70192114000008,-7.0941256219999786],[112.70193019200008,-7.0941255889999297],[112.70193022500007,-7.0941346309999744],[112.70191212200007,-7.0941346969999586],[112.70191218800005,-7.0941527809999343],[112.70192124000005,-7.0941527479999422],[112.70192127300004,-7.0941617899999301],[112.70193032400005,-7.0941617559999486],[112.70193035800003,-7.0941707979999364],[112.70193940900003,-7.0941707649999444],[112.70193950900011,-7.0941978909999648],[112.70193045700012,-7.0941979239999569],[112.70193055700008,-7.0942250499999773],[112.70193960900008,-7.0942250169999284],[112.70193964200007,-7.0942340589999731],[112.70194869300008,-7.0942340249999347],[112.70194872700006,-7.0942430669999794],[112.70195777800006,-7.0942430339999305],[112.70195781100006,-7.0942520759999752],[112.70197591500005,-7.0942520099999342],[112.70197594800004,-7.0942610519999789],[112.70199405100004,-7.0942609849999485],[112.70199408400003,-7.0942700269999364],[112.70201218700004,-7.0942699609999522],[112.70201225400001,-7.0942880449999279],[112.70204846000001,-7.0942879119999702],[112.70204839400003,-7.0942698279999377],[112.70205744500004,-7.0942697949999456],[112.70205737900005,-7.0942517109999699],[112.70206643100005,-7.0942516779999778],[112.70206646400004,-7.0942607199999657],[112.70207551500005,-7.0942606869999736],[112.70207554900003,-7.094269727999972],[112.70210270300004,-7.094269628999939],[112.70210280300012,-7.0942967549999594],[112.70209375100001,-7.0942967879999514],[112.70209381800009,-7.0943148719999272],[112.70212097300009,-7.0943147719999615],[112.70212100600008,-7.0943238139999494],[112.70214816100008,-7.0943237139999269],[112.7021481270001,-7.0943146729999285],[112.7021933850001,-7.0943145069999787],[112.70219335200011,-7.094305464999934],[112.70221145500011,-7.0943053979999604],[112.70221138900001,-7.0942873149999741],[112.70220233700002,-7.0942873479999662],[112.70220220400006,-7.0942511799999579],[112.70221125600006,-7.0942511469999658],[112.7022111230001,-7.0942149789999576],[112.70224733000009,-7.094214845999943],[112.70224736300008,-7.0942238879999309],[112.70226546600009,-7.0942238219999467],[112.70226539900011,-7.094205737999971],[112.70227445100011,-7.0942057049999789],[112.7022744840001,-7.0942147469999668],[112.7022835360001,-7.0942147139999747],[112.70228356900009,-7.0942237559999626],[112.70232882700009,-7.0942235899999559],[112.70232886000008,-7.0942326319999438],[112.70233791200008,-7.0942325979999623],[112.70233797800006,-7.094250681999938],[112.70232892700005,-7.0942507149999301],[112.70232896000005,-7.0942597569999748],[112.70230180500005,-7.0942598569999404],[112.70230183800004,-7.0942688989999283],[112.70226563200004,-7.0942690319999429],[112.70226573200011,-7.0942961569999738],[112.70225668,-7.0942961899999659],[112.70225674700009,-7.0943142739999416],[112.7022657980001,-7.0943142409999496],[112.70226589800006,-7.09434136699997],[112.70227494900007,-7.0943413339999779],[112.70227501600004,-7.0943594169999642],[112.70229311900005,-7.0943593509999801],[112.70229315200004,-7.0943683929999679],[112.70230220400003,-7.0943683599999758],[112.70230223700003,-7.0943774019999637],[112.70233844300003,-7.0943772689999491],[112.70233837700005,-7.0943591849999734],[112.70236553200004,-7.0943590859999404],[112.70236549900005,-7.0943500439999525],[112.70237455000006,-7.0943500109999604],[112.70237431800001,-7.0942867169999317],[112.70239242100001,-7.0942866509999476],[112.70239235400004,-7.0942685669999719],[112.70243761200004,-7.0942684009999653],[112.70243764600002,-7.0942774429999531],[112.70245574900002,-7.094277376999969],[112.70245578200002,-7.0942864179999674],[112.70246483400001,-7.0942863849999753],[112.70246490000011,-7.094304468999951],[112.7024739520001,-7.094304435999959],[112.7024739850001,-7.0943134779999468],[112.7024830360001,-7.0943134449999548],[112.70248307000008,-7.0943224859999532],[112.70249212100009,-7.0943224529999611],[112.70249215400008,-7.094331494999949],[112.70250120600008,-7.0943314619999569],[112.70250147200011,-7.0944037969999272],[112.70251052300011,-7.0944037639999351],[112.7025105570001,-7.0944128059999798],[112.7025286600001,-7.0944127399999388],[112.70252872600008,-7.0944308229999251],[112.70254683000007,-7.094430756999941],[112.70254686300007,-7.0944397989999288],[112.70255591400007,-7.0944397659999368],[112.70255594800005,-7.0944488079999815],[112.70257405100006,-7.094448740999951],[112.70257408400005,-7.0944577829999389],[112.70258313600004,-7.0944577499999468],[112.70258316900004,-7.0944667919999347],[112.70263747800004,-7.094466592999936],[112.70263754500002,-7.0944846769999685],[112.70264659600002,-7.0944846429999302],[112.70264663000012,-7.0944936849999749],[112.70267378400001,-7.0944935859999418],[112.70267381800011,-7.0945026279999297],[112.70269192100011,-7.0945025609999561],[112.7026919540001,-7.094511602999944],[112.7027010060001,-7.0945115699999519],[112.70270103900009,-7.0945206119999398],[112.70272819400009,-7.0945205119999741],[112.70272822700008,-7.094529553999962],[112.70273727900008,-7.0945295209999699],[112.70273731200007,-7.0945385629999578],[112.70275541500007,-7.0945384959999274],[112.70275548100005,-7.0945565799999599],[112.70277358500005,-7.0945565139999758],[112.70277361800004,-7.0945655559999636],[112.70279172100004,-7.0945654889999332],[112.70279178800001,-7.0945835729999658],[112.70282799400002,-7.0945834399999512],[112.70282796100003,-7.0945743979999634],[112.70284606400003,-7.0945743319999792],[112.70284599500008,-7.0945556149999334],[112.70283251000001,-7.0945668709999268],[112.70268494700008,-7.0943850399999633],[112.70266433400002,-7.0943851159999554],[112.70266436700001,-7.0943941579999432],[112.70264626400001,-7.0943942239999274],[112.70264619800002,-7.0943761399999516],[112.70267763100003,-7.0943760249999741],[112.70262641700003,-7.0943129189999468],[112.7026188100001,-7.0943129469999349],[112.70261884400009,-7.0943219889999796],[112.70262789500009,-7.0943219549999412],[112.70262792800008,-7.0943309969999291],[112.70263698000008,-7.094330963999937],[112.70263701300007,-7.0943400059999249],[112.70264606500007,-7.0943399729999328],[112.70264609800006,-7.0943490149999775],[112.70260989200005,-7.0943491479999352],[112.70260985800007,-7.0943401059999474],[112.70257365200007,-7.0943402379999725],[112.70257361900008,-7.0943311959999278],[112.70255551600007,-7.0943312629999582],[112.70255548200009,-7.0943222209999703],[112.70254643100009,-7.0943222539999624],[112.70254633100001,-7.094295127999942],[112.70252822800001,-7.0942951949999724],[112.70252789600011,-7.0942047759999696],[112.70253694700011,-7.0942047429999775],[112.7025369800001,-7.0942137839999759],[112.70254593900006,-7.0942137519999733],[112.70242055200004,-7.0940592469999615],[112.70234364400005,-7.0940246109999521],[112.70232809600009,-7.0940246679999746],[112.70232807000002,-7.0940175969999473],[112.70232372800001,-7.0940156419999312],[112.7023009080001,-7.0940157249999629],[112.70230087500011,-7.0940066829999751],[112.7022827720001,-7.0940067499999486],[112.7022828050001,-7.0940157919999365],[112.7022737530001,-7.0940158249999286],[112.70227372000011,-7.0940067829999407],[112.7022646690001,-7.0940068159999328],[112.70226463500001,-7.0939977739999449],[112.70223748100011,-7.0939978739999674],[112.70223744700002,-7.0939888319999795],[112.70221934400001,-7.0939888979999637],[112.70221931100002,-7.0939798559999758],[112.70220120800002,-7.0939799229999494],[112.70220117500003,-7.0939708809999615],[112.70219212300003,-7.0939709139999536],[112.70219209000004,-7.0939618719999658],[112.70218303800004,-7.0939619049999578],[112.70218300500005,-7.09395286299997],[112.70216490200005,-7.0939529299999435],[112.70216486900006,-7.0939440979999517],[112.70216440600007,-7.0939438899999345],[112.70213771400006,-7.0939439869999319],[112.70213768100007,-7.093934944999944],[112.70212862900007,-7.0939349789999255],[112.70212860300001,-7.0939277649999326],[112.70212457600007,-7.0939259519999496],[112.70211049300008,-7.0939260029999787],[112.7021104690001,-7.0939195979999567],[112.70206483000004,-7.0938990439999543],[112.70205608300012,-7.0938990759999569],[112.70205606900004,-7.0938950989999512],[112.7020449150001,-7.0938900749999334],[112.70203794700001,-7.0938901009999427],[112.70203793500002,-7.0938869319999753],[112.70202499900006,-7.0938811059999693],[112.70201981100001,-7.0938811249999389],[112.70201980200011,-7.0938787659999321],[112.70198516900007,-7.0938631679999276],[112.70197448600004,-7.0938632069999699],[112.70197446800012,-7.0938583489999587],[112.70196525400002,-7.0938541989999635],[112.70190204000005,-7.0938544309999543],[112.70190197400007,-7.0938363469999786],[112.70189292200007,-7.0938363799999706],[112.70189286800007,-7.0938215999999557],[112.70188559300004,-7.0938183229999368],[112.70187475300008,-7.0938183629999685],[112.70187473500005,-7.0938134329999798],[112.70186567700011,-7.0938093539999727],[112.7018566160001,-7.0938093869999648],[112.70185660100003,-7.0938052669999365],[112.70173305000003,-7.0937496239999405],[112.70187128200007,-7.0928734699999723],[112.70187126600001,-7.0928689619999545],[112.70187199400004,-7.0928689589999294],[112.70187269700011,-7.0928645029999302],[112.70159070600005,-7.0928805109999757],[112.7015907330001,-7.0928880739999727],[112.7015816820001,-7.0928881069999647],[112.70158165600003,-7.0928810239999507],[112.70152735700003,-7.0928841069999748],[112.7015273720001,-7.0928883059999634],[112.70151832100009,-7.0928883399999449],[112.70151830700001,-7.0928846199999498],[112.70144590900009,-7.0928887299999701],[112.70144594200008,-7.0928976469999725],[112.70143689000008,-7.0928976799999646],[112.70143692300007,-7.0929067219999524],[112.70141882000007,-7.0929067879999366],[112.70141878700008,-7.0928977459999487],[112.70140973500008,-7.0928977789999408],[112.70140971000001,-7.0928907849999518],[112.70139161000009,-7.0928918129999374],[112.70139163200008,-7.0928978459999712],[112.70135542600008,-7.0928979779999395],[112.70135541100001,-7.0928938669999297],[112.70130845400001,-7.0928965329999301],[112.70130111200001,-7.0928969499999539],[112.70130115000006,-7.092907218999926],[112.70129209800007,-7.092907251999975],[112.70129206500008,-7.0928982109999765],[112.70127799400007,-7.0928982619999488],[112.70126491300005,-7.0928990049999356],[112.70126501000004,-7.0929254359999732],[112.70128311300004,-7.0929253689999427],[112.70128314600004,-7.0929344109999306],[112.70129219800003,-7.0929343779999385],[112.70129226400002,-7.0929524619999711],[112.70131036700002,-7.0929523959999301],[112.70131033400003,-7.0929433539999422],[112.70130128200003,-7.0929433869999343],[112.70130121600005,-7.0929253029999586],[112.70131931900005,-7.0929252369999745],[112.70131928600006,-7.0929161949999298],[112.70132833700006,-7.0929161619999377],[112.70132837100005,-7.0929252039999255],[112.70131931900005,-7.0929252369999745]],[[112.70137362900005,-7.0929250379999758],[112.70135552500005,-7.0929251039999599],[112.70135549200006,-7.092916061999972],[112.70137359500006,-7.0929159959999311],[112.70137362900005,-7.0929250379999758]],[[112.70152747200007,-7.092915431999927],[112.70151842000007,-7.0929154649999759],[112.70151838700008,-7.0929064229999312],[112.70152743900007,-7.0929063899999392],[112.70152747200007,-7.092915431999927]],[[112.70155778100002,-7.0937743139999725],[112.70156683300002,-7.0937742809999804],[112.70156676600004,-7.0937561969999479],[112.70158487000003,-7.0937561309999637],[112.70158490300003,-7.0937651729999516],[112.70157585100003,-7.0937652059999436],[112.70157591800012,-7.0937832899999762],[112.70155781400001,-7.0937833559999603],[112.70155778100002,-7.0937743139999725]],[[112.70156759700001,-7.0939822449999497],[112.70161285400002,-7.093982078999943],[112.70161292100011,-7.0940001629999756],[112.7015948180001,-7.0940002299999492],[112.70159478500011,-7.0939911879999613],[112.70156763000011,-7.0939912869999375],[112.70156759700001,-7.0939822449999497]],[[112.70167638200007,-7.0940270569999484],[112.70169448500008,-7.0940269899999748],[112.70169451800007,-7.0940360319999627],[112.70170357000006,-7.0940359989999706],[112.70170366900004,-7.0940631249999342],[112.70169461800003,-7.0940631579999263],[112.70169465100003,-7.094072199999971],[112.70166749600003,-7.0940722989999472],[112.70166746300004,-7.0940632579999487],[112.70165841100004,-7.0940632909999408],[112.70165837800005,-7.094054248999953],[112.70166743000004,-7.0940542159999609],[112.70166739700005,-7.094045173999973],[112.70167644800006,-7.094045140999981],[112.70167638200007,-7.0940270569999484]],[[112.70172173900005,-7.0940540169999622],[112.70173984200005,-7.0940539499999318],[112.70173987600003,-7.0940629919999765],[112.70177608200004,-7.0940628589999619],[112.70177614800002,-7.0940809429999376],[112.70174899400001,-7.0940810429999601],[112.70174902700001,-7.094090084999948],[112.70173092400012,-7.0940901509999321],[112.70173089000002,-7.0940811089999443],[112.70172183900002,-7.0940811419999363],[112.70172173900005,-7.0940540169999622]],[[112.70235608200005,-7.0942506159999539],[112.70237418500005,-7.0942505489999803],[112.70237425100004,-7.094268632999956],[112.70236520000003,-7.0942686669999375],[112.70236516600005,-7.0942596249999497],[112.70235611500004,-7.0942596579999417],[112.70235608200005,-7.0942506159999539]]]},"properties":{"OBJECTID":27662,"FID_mangrove_utm":27570,"OBJECTID_1":27570,"Name":"18102566,9293","FolderPath":"JATIM/JATIM","SymbolID":0,"AltMode":0,"Base":0,"Clamped":-1,"Extruded":0,"Snippet":"","PopupInfo":"\u003chtml xmlns:fo=\"http://www.w3.org/1999/XSL/Format\" xmlns:msxsl=\"urn:schemas-microsoft-com:xslt\"\u003e\n\u003chead\u003e\n\u003cMETA http-equiv=\"Content-Type\" content=\"text/html\"\u003e\n\u003cmeta http-equiv=\"content-type\" content=\"text/html; charset=UTF-8\"\u003e\n\u003c/head\u003e\n\u003cbody style=\"margin:0px 0px 0px 0px;overflow:auto;background:#FFFFFF;\"\u003e\n\u003ctable style=\"font-family:Arial,Verdana,Times;font-size:12px;text-align:left;width:100%;border-collapse:collapse;padding:3px 3px 3px 3px\"\u003e\n\u003ctr style=\"text-align:center;font-weight:bold;background:#9CBCE2\"\u003e\n\u003ctd\u003e18102566,9293\u003c/td\u003e\n\u003c/tr\u003e\n\u003ctr\u003e\n\u003ctd\u003e\n\u003ctable style=\"font-family:Arial,Verdana,Times;font-size:12px;text-align:left;width:100%;border-spacing:0px; padding:3px 3px 3px 3px\"\u003e\n\u003ctr\u003e\n\u003ctd\u003eFID\u003c/td\u003e\n\u003ctd\u003e0\u003c/td\u003e\n\u003c/tr\u003e\n\u003ctr bgcolor=\"#D4E4F3\"\u003e\n\u003ctd\u003eShape_Leng\u003c/td\u003e\n\u003ctd\u003e18102566,9293\u003c/td\u003e\n\u003c/tr\u003e\n\u003c/table\u003e\n\u003c/td\u003e\n\u003c/tr\u003e\n\u003c/table\u003e\n\u003c/body\u003e\u003cscript type=\"text/javascript\"\u003e\n\t\t\t\tfunction changeImage(attElement, nameElement) {\n\t\t\t\tdocument.getElementById('imageAttachment').src = attElement;\n\t\t\t\tdocument.getElementById('imageName').innerHTML = nameElement;}\n\t\t\t\u003c/script\u003e\u003c/html\u003e\n","FID_active_grids":150,"GridID":"M01","Shape_Length":0.009773518488958655,"Shape_Area":6.3567699966855062e-07}},{"type":"Feature","id":27663,"geometry":{"type":"Polygon","coordinates":[[[112.68669166000006,-7.0929062609999391],[112.68668260800007,-7.0929062939999312],[112.68668290400001,-7.0929876719999356],[112.68669195600012,-7.0929876389999436],[112.68669185700003,-7.09296051299998],[112.68670090900002,-7.0929604799999311],[112.68670084300004,-7.0929423959999554],[112.68670989500004,-7.0929423639999527],[112.68670986200004,-7.0929333219999648],[112.68670081000005,-7.0929333539999675],[112.68670077700006,-7.0929243119999796],[112.68669172500006,-7.0929243449999717],[112.68669166000006,-7.0929062609999391]]]},"properties":{"OBJECTID":27663,"FID_mangrove_utm":27571,"OBJECTID_1":27571,"Name":"18102566,9293","FolderPath":"JATIM/JATIM","SymbolID":0,"AltMode":0,"Base":0,"Clamped":-1,"Extruded":0,"Snippet":"","PopupInfo":"\u003chtml xmlns:fo=\"http://www.w3.org/1999/XSL/Format\" xmlns:msxsl=\"urn:schemas-microsoft-com:xslt\"\u003e\n\u003chead\u003e\n\u003cMETA http-equiv=\"Content-Type\" content=\"text/html\"\u003e\n\u003cmeta http-equiv=\"content-type\" content=\"text/html; charset=UTF-8\"\u003e\n\u003c/head\u003e\n\u003cbody style=\"margin:0px 0px 0px 0px;overflow:auto;background:#FFFFFF;\"\u003e\n\u003ctable style=\"font-family:Arial,Verdana,Times;font-size:12px;text-align:left;width:100%;border-collapse:collapse;padding:3px 3px 3px 3px\"\u003e\n\u003ctr style=\"text-align:center;font-weight:bold;background:#9CBCE2\"\u003e\n\u003ctd\u003e18102566,9293\u003c/td\u003e\n\u003c/tr\u003e\n\u003ctr\u003e\n\u003ctd\u003e\n\u003ctable style=\"font-family:Arial,Verdana,Times;font-size:12px;text-align:left;width:100%;border-spacing:0px; padding:3px 3px 3px 3px\"\u003e\n\u003ctr\u003e\n\u003ctd\u003eFID\u003c/td\u003e\n\u003ctd\u003e0\u003c/td\u003e\n\u003c/tr\u003e\n\u003ctr bgcolor=\"#D4E4F3\"\u003e\n\u003ctd\u003eShape_Leng\u003c/td\u003e\n\u003ctd\u003e18102566,9293\u003c/td\u003e\n\u003c/tr\u003e\n\u003c/table\u003e\n\u003c/td\u003e\n\u003c/tr\u003e\n\u003c/table\u003e\n\u003c/body\u003e\u003cscript type=\"text/javascript\"\u003e\n\t\t\t\tfunction changeImage(attElement, nameElement) {\n\t\t\t\tdocument.getElementById('imageAttachment').src = attElement;\n\t\t\t\tdocument.getElementById('imageName').innerHTML = nameElement;}\n\t\t\t\u003c/script\u003e\u003c/html\u003e\n","FID_active_grids":150,"GridID":"M01","Shape_Length":0.0002170694304458772,"Shape_Area":1.145858110082872e-09}},{"type":"Feature","id":27664,"geometry":{"type":"Polygon","coordinates":[[[112.68669146200011,-7.0928520089999552],[112.68669142900001,-7.0928429669999673],[112.68668237800011,-7.0928429999999594],[112.68668241100011,-7.0928520419999472],[112.68669146200011,-7.0928520089999552]]]},"properties":{"OBJECTID":27664,"FID_mangrove_utm":27572,"OBJECTID_1":27572,"Name":"18102566,9293","FolderPath":"JATIM/JATIM","SymbolID":0,"AltMode":0,"Base":0,"Clamped":-1,"Extruded":0,"Snippet":"","PopupInfo":"\u003chtml xmlns:fo=\"http://www.w3.org/1999/XSL/Format\" xmlns:msxsl=\"urn:schemas-microsoft-com:xslt\"\u003e\n\u003chead\u003e\n\u003cMETA http-equiv=\"Content-Type\" content=\"text/html\"\u003e\n\u003cmeta http-equiv=\"content-type\" content=\"text/html; charset=UTF-8\"\u003e\n\u003c/head\u003e\n\u003cbody style=\"margin:0px 0px 0px 0px;overflow:auto;background:#FFFFFF;\"\u003e\n\u003ctable style=\"font-family:Arial,Verdana,Times;font-size:12px;text-align:left;width:100%;border-collapse:collapse;padding:3px 3px 3px 3px\"\u003e\n\u003ctr style=\"text-align:center;font-weight:bold;background:#9CBCE2\"\u003e\n\u003ctd\u003e18102566,9293\u003c/td\u003e\n\u003c/tr\u003e\n\u003ctr\u003e\n\u003ctd\u003e\n\u003ctable style=\"font-family:Arial,Verdana,Times;font-size:12px;text-align:left;width:100%;border-spacing:0px; padding:3px 3px 3px 3px\"\u003e\n\u003ctr\u003e\n\u003ctd\u003eFID\u003c/td\u003e\n\u003ctd\u003e0\u003c/td\u003e\n\u003c/tr\u003e\n\u003ctr bgcolor=\"#D4E4F3\"\u003e\n\u003ctd\u003eShape_Leng\u003c/td\u003e\n\u003ctd\u003e18102566,9293\u003c/td\u003e\n\u003c/tr\u003e\n\u003c/table\u003e\n\u003c/td\u003e\n\u003c/tr\u003e\n\u003c/table\u003e\n\u003c/body\u003e\u003cscript type=\"text/javascript\"\u003e\n\t\t\t\tfunction changeImage(attElement, nameElement) {\n\t\t\t\tdocument.getElementById('imageAttachment').src = attElement;\n\t\t\t\tdocument.getElementById('imageName').innerHTML = nameElement;}\n\t\t\t\u003c/script\u003e\u003c/html\u003e\n","FID_active_grids":150,"GridID":"M01","Shape_Length":3.6186240630412713e-05,"Shape_Area":8.1840230435035341e-11}},{"type":"Feature","id":27666,"geometry":{"type":"Polygon","coordinates":[[[112.68669133100002,-7.0928158419999363],[112.68668227900002,-7.092815873999939],[112.68668221300004,-7.0927977899999632],[112.68667316100004,-7.0927978229999553],[112.68667326000002,-7.0928249489999757],[112.68668231200002,-7.0928249159999268],[112.68668234500001,-7.0928339579999715],[112.68669139600001,-7.0928339259999689],[112.68669133100002,-7.0928158419999363]]]},"properties":{"OBJECTID":27666,"FID_mangrove_utm":27574,"OBJECTID_1":27574,"Name":"18102566,9293","FolderPath":"JATIM/JATIM","SymbolID":0,"AltMode":0,"Base":0,"Clamped":-1,"Extruded":0,"Snippet":"","PopupInfo":"\u003chtml xmlns:fo=\"http://www.w3.org/1999/XSL/Format\" xmlns:msxsl=\"urn:schemas-microsoft-com:xslt\"\u003e\n\u003chead\u003e\n\u003cMETA http-equiv=\"Content-Type\" content=\"text/html\"\u003e\n\u003cmeta http-equiv=\"content-type\" content=\"text/html; charset=UTF-8\"\u003e\n\u003c/head\u003e\n\u003cbody style=\"margin:0px 0px 0px 0px;overflow:auto;background:#FFFFFF;\"\u003e\n\u003ctable style=\"font-family:Arial,Verdana,Times;font-size:12px;text-align:left;width:100%;border-collapse:collapse;padding:3px 3px 3px 3px\"\u003e\n\u003ctr style=\"text-align:center;font-weight:bold;background:#9CBCE2\"\u003e\n\u003ctd\u003e18102566,9293\u003c/td\u003e\n\u003c/tr\u003e\n\u003ctr\u003e\n\u003ctd\u003e\n\u003ctable style=\"font-family:Arial,Verdana,Times;font-size:12px;text-align:left;width:100%;border-spacing:0px; padding:3px 3px 3px 3px\"\u003e\n\u003ctr\u003e\n\u003ctd\u003eFID\u003c/td\u003e\n\u003ctd\u003e0\u003c/td\u003e\n\u003c/tr\u003e\n\u003ctr bgcolor=\"#D4E4F3\"\u003e\n\u003ctd\u003eShape_Leng\u003c/td\u003e\n\u003ctd\u003e18102566,9293\u003c/td\u003e\n\u003c/tr\u003e\n\u003c/table\u003e\n\u003c/td\u003e\n\u003c/tr\u003e\n\u003c/table\u003e\n\u003c/body\u003e\u003cscript type=\"text/javascript\"\u003e\n\t\t\t\tfunction changeImage(attElement, nameElement) {\n\t\t\t\tdocument.getElementById('imageAttachment').src = attElement;\n\t\t\t\tdocument.getElementById('imageName').innerHTML = nameElement;}\n\t\t\t\u003c/script\u003e\u003c/html\u003e\n","FID_active_grids":150,"GridID":"M01","Shape_Length":0.00010854371162993519,"Shape_Area":4.092372411276979e-10}},{"type":"Feature","id":27670,"geometry":{"type":"Polygon","coordinates":[[[112.6866088700001,-7.0923821199999679],[112.68660827500003,-7.0923790689999464],[112.68660828600002,-7.0923821219999468],[112.6866088700001,-7.0923821199999679]]]},"properties":{"OBJECTID":27670,"FID_mangrove_utm":27578,"OBJECTID_1":27578,"Name":"18102566,9293","FolderPath":"JATIM/JATIM","SymbolID":0,"AltMode":0,"Base":0,"Clamped":-1,"Extruded":0,"Snippet":"","PopupInfo":"\u003chtml xmlns:fo=\"http://www.w3.org/1999/XSL/Format\" xmlns:msxsl=\"urn:schemas-microsoft-com:xslt\"\u003e\n\u003chead\u003e\n\u003cMETA http-equiv=\"Content-Type\" content=\"text/html\"\u003e\n\u003cmeta http-equiv=\"content-type\" content=\"text/html; charset=UTF-8\"\u003e\n\u003c/head\u003e\n\u003cbody style=\"margin:0px 0px 0px 0px;overflow:auto;background:#FFFFFF;\"\u003e\n\u003ctable style=\"font-family:Arial,Verdana,Times;font-size:12px;text-align:left;width:100%;border-collapse:collapse;padding:3px 3px 3px 3px\"\u003e\n\u003ctr style=\"text-align:center;font-weight:bold;background:#9CBCE2\"\u003e\n\u003ctd\u003e18102566,9293\u003c/td\u003e\n\u003c/tr\u003e\n\u003ctr\u003e\n\u003ctd\u003e\n\u003ctable style=\"font-family:Arial,Verdana,Times;font-size:12px;text-align:left;width:100%;border-spacing:0px; padding:3px 3px 3px 3px\"\u003e\n\u003ctr\u003e\n\u003ctd\u003eFID\u003c/td\u003e\n\u003ctd\u003e0\u003c/td\u003e\n\u003c/tr\u003e\n\u003ctr bgcolor=\"#D4E4F3\"\u003e\n\u003ctd\u003eShape_Leng\u003c/td\u003e\n\u003ctd\u003e18102566,9293\u003c/td\u003e\n\u003c/tr\u003e\n\u003c/table\u003e\n\u003c/td\u003e\n\u003c/tr\u003e\n\u003c/table\u003e\n\u003c/body\u003e\u003cscript type=\"text/javascript\"\u003e\n\t\t\t\tfunction changeImage(attElement, nameElement) {\n\t\t\t\tdocument.getElementById('imageAttachment').src = attElement;\n\t\t\t\tdocument.getElementById('imageName').innerHTML = nameElement;}\n\t\t\t\u003c/script\u003e\u003c/html\u003e\n","FID_active_grids":150,"GridID":"M01","Shape_Length":6.7454998291837919e-06,"Shape_Area":8.9148711713401748e-13}},{"type":"Feature","id":27671,"geometry":{"type":"Polygon","coordinates":[[[112.68657201400003,-7.0923641699999393],[112.68657198100004,-7.0923551279999515],[112.68659008400004,-7.0923550619999673],[112.68659005100005,-7.0923460199999795],[112.68657194800005,-7.0923460859999636],[112.68657188200007,-7.0923280019999311],[112.68656283100006,-7.09232803499998],[112.68656286300006,-7.0923370769999678],[112.68655381200006,-7.0923371089999705],[112.68655384500005,-7.0923461509999584],[112.68654479300005,-7.0923461839999504],[112.68654476000006,-7.0923371419999626],[112.68651760500006,-7.0923372409999388],[112.68651763800005,-7.0923462829999266],[112.68650858700005,-7.0923463159999756],[112.68650855400006,-7.0923372739999309],[112.68649950200006,-7.0923373069999798],[112.68649946900007,-7.0923282649999351],[112.68645421100007,-7.0923284289999629],[112.68645414500008,-7.0923103449999303],[112.68644509400008,-7.0923103779999792],[112.68644502800009,-7.0922922939999467],[112.6864178730001,-7.0922923929999797],[112.68641790600009,-7.0923014349999676],[112.68642695700009,-7.0923014019999755],[112.68642712200005,-7.0923466119999716],[112.68641807000006,-7.0923466449999637],[112.68641813600004,-7.0923647289999394],[112.68642718800004,-7.0923646959999473],[112.68642722100003,-7.0923737379999352],[112.68641816900004,-7.0923737699999378],[112.68641826800001,-7.0924008959999583],[112.68640921600002,-7.0924009289999503],[112.68640924900001,-7.0924099709999382],[112.68639114600001,-7.0924100369999792],[112.68639117900011,-7.092419078999967],[112.68628255900001,-7.0924194729999499],[112.68628259200011,-7.0924285149999378],[112.68623733400011,-7.092428679999955],[112.6862373670001,-7.0924377219999428],[112.68622831500011,-7.0924377549999349],[112.6862283480001,-7.0924467969999796],[112.6862102450001,-7.0924468619999743],[112.68621027800009,-7.0924559039999622],[112.68620122600009,-7.0924559369999542],[112.68620125900009,-7.0924649789999421],[112.68619220700009,-7.0924650119999342],[112.68619230600007,-7.0924921379999546],[112.68617420300006,-7.0924922039999387],[112.68617423600006,-7.0925012459999266],[112.68616518400006,-7.0925012789999755],[112.68616534800003,-7.0925464889999716],[112.68615629700003,-7.0925465209999743],[112.68615633000002,-7.0925555629999621],[112.68616538100002,-7.0925555309999595],[112.68616541400002,-7.0925645719999579],[112.68617446600001,-7.0925645399999553],[112.68617453200011,-7.092582623999931],[112.68618358300012,-7.0925825909999389],[112.68618361600011,-7.0925916329999268],[112.6861926680001,-7.0925915999999347],[112.6861927010001,-7.0926006419999794],[112.68621985600009,-7.0926005429999464],[112.68621988900009,-7.0926095849999342],[112.68623799200009,-7.0926095189999501],[112.68623802500008,-7.0926185609999379],[112.68624707600009,-7.0926185289999353],[112.68624714200007,-7.0926366129999678],[112.68625619400007,-7.0926365799999758],[112.68625622700006,-7.0926456219999636],[112.68626527800006,-7.0926455889999716],[112.68626531100006,-7.0926546309999594],[112.68630151800005,-7.0926544989999343],[112.68630148500006,-7.0926454569999464],[112.68631053700005,-7.0926454239999543],[112.68631056900006,-7.0926544659999422],[112.68633772400005,-7.0926543679999554],[112.68633779000004,-7.0926724519999311],[112.68635589300004,-7.092672385999947],[112.68635592600003,-7.0926814279999348],[112.68641023600003,-7.0926812309999718],[112.68641026900002,-7.0926902729999597],[112.68641932100002,-7.0926902399999676],[112.68641935400001,-7.0926992819999555],[112.68642840500002,-7.0926992489999634],[112.68642847100011,-7.0927173329999391],[112.68643752300011,-7.092717299999947],[112.6864375560001,-7.0927263419999349],[112.6864556590001,-7.0927262759999508],[112.6864556920001,-7.0927353179999386],[112.6864737950001,-7.0927352529999439],[112.68647382800009,-7.0927442949999318],[112.68648288000009,-7.0927442619999397],[112.68648291200009,-7.0927533039999275],[112.68649196400008,-7.0927532709999355],[112.68649199700008,-7.0927623129999802],[112.68650104900007,-7.0927622799999313],[112.68650108200006,-7.092771321999976],[112.68658254600007,-7.0927710259999799],[112.68658251300008,-7.0927619839999352],[112.68660061700007,-7.092761917999951],[112.68660058400008,-7.0927528759999632],[112.68660963500008,-7.0927528439999605],[112.68660960300008,-7.0927438019999727],[112.68661865400009,-7.0927437689999806],[112.6866185880001,-7.092725684999948],[112.68663669200009,-7.0927256189999639],[112.68663672500008,-7.0927346609999518],[112.68665482800009,-7.0927345949999676],[112.68665479500009,-7.0927255529999798],[112.68667578400004,-7.0927254769999308],[112.68667402300002,-7.0927164409999364],[112.68667286500011,-7.0927164449999509],[112.68667284300011,-7.0927103859999647],[112.68666521900002,-7.0926712629999429],[112.68666364900002,-7.0926712679999468],[112.68666361900011,-7.0926630549999459],[112.68665817500005,-7.0926351199999544],[112.68665446600005,-7.0926351329999306],[112.68665443300006,-7.0926260909999428],[112.68664538100006,-7.0926261239999349],[112.68664534800007,-7.092617081999947],[112.68665440000007,-7.0926170489999549],[112.68665439500001,-7.092615723999927],[112.68665113100008,-7.092598976999966],[112.68663623100008,-7.0925990309999634],[112.6866361650001,-7.0925809469999308],[112.6866271130001,-7.0925809799999797],[112.68662694900001,-7.0925357699999267],[112.68663600000002,-7.0925357369999347],[112.68663594700001,-7.0925210619999461],[112.68662119600003,-7.0924453699999503],[112.68661756800009,-7.0924453829999266],[112.68661770000006,-7.0924815509999348],[112.68660864800006,-7.0924815839999269],[112.68660868100005,-7.0924906259999716],[112.68659057800005,-7.0924906919999557],[112.68659054500006,-7.0924816499999679],[112.68657244200006,-7.092481715999952],[112.68657240900006,-7.0924726739999642],[112.68655430500007,-7.0924727389999589],[112.68655424000008,-7.0924546549999263],[112.68656329100008,-7.0924546219999343],[112.68656332400008,-7.092463663999979],[112.68658142700008,-7.0924635989999274],[112.68658139500008,-7.0924545569999395],[112.68659044600008,-7.0924545239999475],[112.68659047900007,-7.0924635659999353],[112.68659953100007,-7.0924635329999433],[112.68659946500009,-7.0924454489999675],[112.68660851600009,-7.0924454159999755],[112.68660848400009,-7.0924363739999308],[112.68659943200009,-7.0924364069999797],[112.6865993990001,-7.092427364999935],[112.68659034700011,-7.0924273979999271],[112.6865903150001,-7.0924183559999392],[112.68658126300011,-7.0924183889999313],[112.68658119700001,-7.0924003049999556],[112.68659024900001,-7.0924002719999635],[112.68659021600001,-7.0923912299999756],[112.68658116400002,-7.0923912629999677],[112.68658106500004,-7.0923641369999473],[112.68657201400003,-7.0923641699999393],[112.68657204700003,-7.0923732119999272],[112.68656299500003,-7.0923732449999761],[112.68656296200004,-7.0923642029999314],[112.68657201400003,-7.0923641699999393]],[[112.68653577400005,-7.0923552589999304],[112.68655387800004,-7.0923551929999462],[112.68655394300004,-7.0923732769999788],[112.68653584000003,-7.0923733429999629],[112.68653577400005,-7.0923552589999304]],[[112.6865360380001,-7.0924275949999469],[112.68653600500011,-7.092418552999959],[112.68654505600011,-7.092418519999967],[112.68654508900011,-7.0924275619999548],[112.6865360380001,-7.0924275949999469],[112.68653610300009,-7.0924456789999795],[112.68652705200009,-7.0924457119999715],[112.6865269860001,-7.092427627999939],[112.6865360380001,-7.0924275949999469]],[[112.68652708500008,-7.0924547539999594],[112.68654518800008,-7.0924546879999752],[112.68654525400007,-7.092472771999951],[112.68653620200007,-7.092472804999943],[112.68653623500006,-7.0924818469999309],[112.68652718300007,-7.0924818799999798],[112.68652708500008,-7.0924547539999594]],[[112.68659064400003,-7.0925087759999315],[112.68660874700004,-7.0925087099999473],[112.68660884600001,-7.0925358359999677],[112.68659074200002,-7.0925359019999519],[112.68659064400003,-7.0925087759999315]],[[112.68662734400004,-7.0926442739999516],[112.68664544700005,-7.0926442079999674],[112.68664548000004,-7.0926532499999553],[112.68662737700004,-7.0926533159999394],[112.68662734400004,-7.0926442739999516]]]},"properties":{"OBJECTID":27671,"FID_mangrove_utm":27579,"OBJECTID_1":27579,"Name":"18102566,9293","FolderPath":"JATIM/JATIM","SymbolID":0,"AltMode":0,"Base":0,"Clamped":-1,"Extruded":0,"Snippet":"","PopupInfo":"\u003chtml xmlns:fo=\"http://www.w3.org/1999/XSL/Format\" xmlns:msxsl=\"urn:schemas-microsoft-com:xslt\"\u003e\n\u003chead\u003e\n\u003cMETA http-equiv=\"Content-Type\" content=\"text/html\"\u003e\n\u003cmeta http-equiv=\"content-type\" content=\"text/html; charset=UTF-8\"\u003e\n\u003c/head\u003e\n\u003cbody style=\"margin:0px 0px 0px 0px;overflow:auto;background:#FFFFFF;\"\u003e\n\u003ctable style=\"font-family:Arial,Verdana,Times;font-size:12px;text-align:left;width:100%;border-collapse:collapse;padding:3px 3px 3px 3px\"\u003e\n\u003ctr style=\"text-align:center;font-weight:bold;background:#9CBCE2\"\u003e\n\u003ctd\u003e18102566,9293\u003c/td\u003e\n\u003c/tr\u003e\n\u003ctr\u003e\n\u003ctd\u003e\n\u003ctable style=\"font-family:Arial,Verdana,Times;font-size:12px;text-align:left;width:100%;border-spacing:0px; padding:3px 3px 3px 3px\"\u003e\n\u003ctr\u003e\n\u003ctd\u003eFID\u003c/td\u003e\n\u003ctd\u003e0\u003c/td\u003e\n\u003c/tr\u003e\n\u003ctr bgcolor=\"#D4E4F3\"\u003e\n\u003ctd\u003eShape_Leng\u003c/td\u003e\n\u003ctd\u003e18102566,9293\u003c/td\u003e\n\u003c/tr\u003e\n\u003c/table\u003e\n\u003c/td\u003e\n\u003c/tr\u003e\n\u003c/table\u003e\n\u003c/body\u003e\u003cscript type=\"text/javascript\"\u003e\n\t\t\t\tfunction changeImage(attElement, nameElement) {\n\t\t\t\tdocument.getElementById('imageAttachment').src = attElement;\n\t\t\t\tdocument.getElementById('imageName').innerHTML = nameElement;}\n\t\t\t\u003c/script\u003e\u003c/html\u003e\n","FID_active_grids":150,"GridID":"M01","Shape_Length":0.0028535242424102447,"Shape_Area":1.3811441479609893e-07}},{"type":"Feature","id":27672,"geometry":{"type":"Polygon","coordinates":[[[112.68658090100007,-7.0923189269999511],[112.68658083500009,-7.0923008429999754],[112.68658988700008,-7.0923008099999265],[112.68658985400009,-7.0922917679999387],[112.6865912610001,-7.0922917629999347],[112.68658421700002,-7.0922556199999462],[112.68658067100012,-7.0922556329999793],[112.68658073600011,-7.092273716999955],[112.6865716850001,-7.0922737499999471],[112.68657184900007,-7.0923189599999432],[112.68658090100007,-7.0923189269999511]]]},"properties":{"OBJECTID":27672,"FID_mangrove_utm":27580,"OBJECTID_1":27580,"Name":"18102566,9293","FolderPath":"JATIM/JATIM","SymbolID":0,"AltMode":0,"Base":0,"Clamped":-1,"Extruded":0,"Snippet":"","PopupInfo":"\u003chtml xmlns:fo=\"http://www.w3.org/1999/XSL/Format\" xmlns:msxsl=\"urn:schemas-microsoft-com:xslt\"\u003e\n\u003chead\u003e\n\u003cMETA http-equiv=\"Content-Type\" content=\"text/html\"\u003e\n\u003cmeta http-equiv=\"content-type\" content=\"text/html; charset=UTF-8\"\u003e\n\u003c/head\u003e\n\u003cbody style=\"margin:0px 0px 0px 0px;overflow:auto;background:#FFFFFF;\"\u003e\n\u003ctable style=\"font-family:Arial,Verdana,Times;font-size:12px;text-align:left;width:100%;border-collapse:collapse;padding:3px 3px 3px 3px\"\u003e\n\u003ctr style=\"text-align:center;font-weight:bold;background:#9CBCE2\"\u003e\n\u003ctd\u003e18102566,9293\u003c/td\u003e\n\u003c/tr\u003e\n\u003ctr\u003e\n\u003ctd\u003e\n\u003ctable style=\"font-family:Arial,Verdana,Times;font-size:12px;text-align:left;width:100%;border-spacing:0px; padding:3px 3px 3px 3px\"\u003e\n\u003ctr\u003e\n\u003ctd\u003eFID\u003c/td\u003e\n\u003ctd\u003e0\u003c/td\u003e\n\u003c/tr\u003e\n\u003ctr bgcolor=\"#D4E4F3\"\u003e\n\u003ctd\u003eShape_Leng\u003c/td\u003e\n\u003ctd\u003e18102566,9293\u003c/td\u003e\n\u003c/tr\u003e\n\u003c/table\u003e\n\u003c/td\u003e\n\u003c/tr\u003e\n\u003c/table\u003e\n\u003c/body\u003e\u003cscript type=\"text/javascript\"\u003e\n\t\t\t\tfunction changeImage(attElement, nameElement) {\n\t\t\t\tdocument.getElementById('imageAttachment').src = attElement;\n\t\t\t\tdocument.getElementById('imageName').innerHTML = nameElement;}\n\t\t\t\u003c/script\u003e\u003c/html\u003e\n","FID_active_grids":150,"GridID":"M01","Shape_Length":0.00015935182229763619,"Shape_Area":7.4435184129626869e-10}},{"type":"Feature","id":27673,"geometry":{"type":"Polygon","coordinates":[[[112.68646293400002,-7.0922379759999785],[112.68644483000003,-7.0922380419999627],[112.68644489600001,-7.0922561259999384],[112.68645394800001,-7.0922560929999463],[112.68645398100011,-7.0922651349999342],[112.68646303200001,-7.0922651019999421],[112.68646293400002,-7.0922379759999785]]]},"properties":{"OBJECTID":27673,"FID_mangrove_utm":27581,"OBJECTID_1":27581,"Name":"18102566,9293","FolderPath":"JATIM/JATIM","SymbolID":0,"AltMode":0,"Base":0,"Clamped":-1,"Extruded":0,"Snippet":"","PopupInfo":"\u003chtml xmlns:fo=\"http://www.w3.org/1999/XSL/Format\" xmlns:msxsl=\"urn:schemas-microsoft-com:xslt\"\u003e\n\u003chead\u003e\n\u003cMETA http-equiv=\"Content-Type\" content=\"text/html\"\u003e\n\u003cmeta http-equiv=\"content-type\" content=\"text/html; charset=UTF-8\"\u003e\n\u003c/head\u003e\n\u003cbody style=\"margin:0px 0px 0px 0px;overflow:auto;background:#FFFFFF;\"\u003e\n\u003ctable style=\"font-family:Arial,Verdana,Times;font-size:12px;text-align:left;width:100%;border-collapse:collapse;padding:3px 3px 3px 3px\"\u003e\n\u003ctr style=\"text-align:center;font-weight:bold;background:#9CBCE2\"\u003e\n\u003ctd\u003e18102566,9293\u003c/td\u003e\n\u003c/tr\u003e\n\u003ctr\u003e\n\u003ctd\u003e\n\u003ctable style=\"font-family:Arial,Verdana,Times;font-size:12px;text-align:left;width:100%;border-spacing:0px; padding:3px 3px 3px 3px\"\u003e\n\u003ctr\u003e\n\u003ctd\u003eFID\u003c/td\u003e\n\u003ctd\u003e0\u003c/td\u003e\n\u003c/tr\u003e\n\u003ctr bgcolor=\"#D4E4F3\"\u003e\n\u003ctd\u003eShape_Leng\u003c/td\u003e\n\u003ctd\u003e18102566,9293\u003c/td\u003e\n\u003c/tr\u003e\n\u003c/table\u003e\n\u003c/td\u003e\n\u003c/tr\u003e\n\u003c/table\u003e\n\u003c/body\u003e\u003cscript type=\"text/javascript\"\u003e\n\t\t\t\tfunction changeImage(attElement, nameElement) {\n\t\t\t\tdocument.getElementById('imageAttachment').src = attElement;\n\t\t\t\tdocument.getElementById('imageName').innerHTML = nameElement;}\n\t\t\t\u003c/script\u003e\u003c/html\u003e\n","FID_active_grids":150,"GridID":"M01","Shape_Length":9.0459598104506307e-05,"Shape_Area":4.0923278438904237e-10}},{"type":"Feature","id":27674,"geometry":{"type":"Polygon","coordinates":[[[112.68658245600011,-7.0922465839999518],[112.68658060300004,-7.0922370759999467],[112.68658063800001,-7.0922465909999346],[112.68658245600011,-7.0922465839999518]]]},"properties":{"OBJECTID":27674,"FID_mangrove_utm":27582,"OBJECTID_1":27582,"Name":"18102566,9293","FolderPath":"JATIM/JATIM","SymbolID":0,"AltMode":0,"Base":0,"Clamped":-1,"Extruded":0,"Snippet":"","PopupInfo":"\u003chtml xmlns:fo=\"http://www.w3.org/1999/XSL/Format\" xmlns:msxsl=\"urn:schemas-microsoft-com:xslt\"\u003e\n\u003chead\u003e\n\u003cMETA http-equiv=\"Content-Type\" content=\"text/html\"\u003e\n\u003cmeta http-equiv=\"content-type\" content=\"text/html; charset=UTF-8\"\u003e\n\u003c/head\u003e\n\u003cbody style=\"margin:0px 0px 0px 0px;overflow:auto;background:#FFFFFF;\"\u003e\n\u003ctable style=\"font-family:Arial,Verdana,Times;font-size:12px;text-align:left;width:100%;border-collapse:collapse;padding:3px 3px 3px 3px\"\u003e\n\u003ctr style=\"text-align:center;font-weight:bold;background:#9CBCE2\"\u003e\n\u003ctd\u003e18102566,9293\u003c/td\u003e\n\u003c/tr\u003e\n\u003ctr\u003e\n\u003ctd\u003e\n\u003ctable style=\"font-family:Arial,Verdana,Times;font-size:12px;text-align:left;width:100%;border-spacing:0px; padding:3px 3px 3px 3px\"\u003e\n\u003ctr\u003e\n\u003ctd\u003eFID\u003c/td\u003e\n\u003ctd\u003e0\u003c/td\u003e\n\u003c/tr\u003e\n\u003ctr bgcolor=\"#D4E4F3\"\u003e\n\u003ctd\u003eShape_Leng\u003c/td\u003e\n\u003ctd\u003e18102566,9293\u003c/td\u003e\n\u003c/tr\u003e\n\u003c/table\u003e\n\u003c/td\u003e\n\u003c/tr\u003e\n\u003c/table\u003e\n\u003c/body\u003e\u003cscript type=\"text/javascript\"\u003e\n\t\t\t\tfunction changeImage(attElement, nameElement) {\n\t\t\t\tdocument.getElementById('imageAttachment').src = attElement;\n\t\t\t\tdocument.getElementById('imageName').innerHTML = nameElement;}\n\t\t\t\u003c/script\u003e\u003c/html\u003e\n","FID_active_grids":150,"GridID":"M01","Shape_Length":2.1019959445182682e-05,"Shape_Area":8.6492579676155158e-12}},{"type":"Feature","id":27675,"geometry":{"type":"Polygon","coordinates":[[[112.68648090500005,-7.0922017429999755],[112.68648100400003,-7.0922288689999391],[112.68647195200003,-7.0922289019999312],[112.68647201800002,-7.0922469849999743],[112.68648107000001,-7.0922469529999717],[112.68648110300001,-7.0922559949999595],[112.68649015400001,-7.0922559619999674],[112.68649012100002,-7.0922469199999796],[112.68649917300002,-7.0922468869999307],[112.68649907400004,-7.0922197609999671],[112.68649002300003,-7.0922197939999592],[112.68648999000004,-7.0922107519999713],[112.68649904100005,-7.0922107189999792],[112.68649900800006,-7.0922016769999345],[112.68648090500005,-7.0922017429999755]]]},"properties":{"OBJECTID":27675,"FID_mangrove_utm":27583,"OBJECTID_1":27583,"Name":"18102566,9293","FolderPath":"JATIM/JATIM","SymbolID":0,"AltMode":0,"Base":0,"Clamped":-1,"Extruded":0,"Snippet":"","PopupInfo":"\u003chtml xmlns:fo=\"http://www.w3.org/1999/XSL/Format\" xmlns:msxsl=\"urn:schemas-microsoft-com:xslt\"\u003e\n\u003chead\u003e\n\u003cMETA http-equiv=\"Content-Type\" content=\"text/html\"\u003e\n\u003cmeta http-equiv=\"content-type\" content=\"text/html; charset=UTF-8\"\u003e\n\u003c/head\u003e\n\u003cbody style=\"margin:0px 0px 0px 0px;overflow:auto;background:#FFFFFF;\"\u003e\n\u003ctable style=\"font-family:Arial,Verdana,Times;font-size:12px;text-align:left;width:100%;border-collapse:collapse;padding:3px 3px 3px 3px\"\u003e\n\u003ctr style=\"text-align:center;font-weight:bold;background:#9CBCE2\"\u003e\n\u003ctd\u003e18102566,9293\u003c/td\u003e\n\u003c/tr\u003e\n\u003ctr\u003e\n\u003ctd\u003e\n\u003ctable style=\"font-family:Arial,Verdana,Times;font-size:12px;text-align:left;width:100%;border-spacing:0px; padding:3px 3px 3px 3px\"\u003e\n\u003ctr\u003e\n\u003ctd\u003eFID\u003c/td\u003e\n\u003ctd\u003e0\u003c/td\u003e\n\u003c/tr\u003e\n\u003ctr bgcolor=\"#D4E4F3\"\u003e\n\u003ctd\u003eShape_Leng\u003c/td\u003e\n\u003ctd\u003e18102566,9293\u003c/td\u003e\n\u003c/tr\u003e\n\u003c/table\u003e\n\u003c/td\u003e\n\u003c/tr\u003e\n\u003c/table\u003e\n\u003c/body\u003e\u003cscript type=\"text/javascript\"\u003e\n\t\t\t\tfunction changeImage(attElement, nameElement) {\n\t\t\t\tdocument.getElementById('imageAttachment').src = attElement;\n\t\t\t\tdocument.getElementById('imageName').innerHTML = nameElement;}\n\t\t\t\u003c/script\u003e\u003c/html\u003e\n","FID_active_grids":150,"GridID":"M01","Shape_Length":0.00018091620027330677,"Shape_Area":9.8214149104825135e-10}},{"type":"Feature","id":27676,"geometry":{"type":"Polygon","coordinates":[[[112.68646280200005,-7.0922018079999702],[112.68646276900006,-7.0921927659999255],[112.68644466600006,-7.0921928319999665],[112.68644469900005,-7.0922018739999544],[112.68646280200005,-7.0922018079999702]]]},"properties":{"OBJECTID":27676,"FID_mangrove_utm":27584,"OBJECTID_1":27584,"Name":"18102566,9293","FolderPath":"JATIM/JATIM","SymbolID":0,"AltMode":0,"Base":0,"Clamped":-1,"Extruded":0,"Snippet":"","PopupInfo":"\u003chtml xmlns:fo=\"http://www.w3.org/1999/XSL/Format\" xmlns:msxsl=\"urn:schemas-microsoft-com:xslt\"\u003e\n\u003chead\u003e\n\u003cMETA http-equiv=\"Content-Type\" content=\"text/html\"\u003e\n\u003cmeta http-equiv=\"content-type\" content=\"text/html; charset=UTF-8\"\u003e\n\u003c/head\u003e\n\u003cbody style=\"margin:0px 0px 0px 0px;overflow:auto;background:#FFFFFF;\"\u003e\n\u003ctable style=\"font-family:Arial,Verdana,Times;font-size:12px;text-align:left;width:100%;border-collapse:collapse;padding:3px 3px 3px 3px\"\u003e\n\u003ctr style=\"text-align:center;font-weight:bold;background:#9CBCE2\"\u003e\n\u003ctd\u003e18102566,9293\u003c/td\u003e\n\u003c/tr\u003e\n\u003ctr\u003e\n\u003ctd\u003e\n\u003ctable style=\"font-family:Arial,Verdana,Times;font-size:12px;text-align:left;width:100%;border-spacing:0px; padding:3px 3px 3px 3px\"\u003e\n\u003ctr\u003e\n\u003ctd\u003eFID\u003c/td\u003e\n\u003ctd\u003e0\u003c/td\u003e\n\u003c/tr\u003e\n\u003ctr bgcolor=\"#D4E4F3\"\u003e\n\u003ctd\u003eShape_Leng\u003c/td\u003e\n\u003ctd\u003e18102566,9293\u003c/td\u003e\n\u003c/tr\u003e\n\u003c/table\u003e\n\u003c/td\u003e\n\u003c/tr\u003e\n\u003c/table\u003e\n\u003c/body\u003e\u003cscript type=\"text/javascript\"\u003e\n\t\t\t\tfunction changeImage(attElement, nameElement) {\n\t\t\t\tdocument.getElementById('imageAttachment').src = attElement;\n\t\t\t\tdocument.getElementById('imageName').innerHTML = nameElement;}\n\t\t\t\u003c/script\u003e\u003c/html\u003e\n","FID_active_grids":150,"GridID":"M01","Shape_Length":5.4290361096762026e-05,"Shape_Area":1.6368950431409661e-10}},{"type":"Feature","id":27677,"geometry":{"type":"Polygon","coordinates":[[[112.68643564700005,-7.0922019069999465],[112.68643558100007,-7.0921838229999707],[112.68642653000006,-7.0921838559999628],[112.68642659500006,-7.0922019399999385],[112.68643564700005,-7.0922019069999465]]]},"properties":{"OBJECTID":27677,"FID_mangrove_utm":27585,"OBJECTID_1":27585,"Name":"18102566,9293","FolderPath":"JATIM/JATIM","SymbolID":0,"AltMode":0,"Base":0,"Clamped":-1,"Extruded":0,"Snippet":"","PopupInfo":"\u003chtml xmlns:fo=\"http://www.w3.org/1999/XSL/Format\" xmlns:msxsl=\"urn:schemas-microsoft-com:xslt\"\u003e\n\u003chead\u003e\n\u003cMETA http-equiv=\"Content-Type\" content=\"text/html\"\u003e\n\u003cmeta http-equiv=\"content-type\" content=\"text/html; charset=UTF-8\"\u003e\n\u003c/head\u003e\n\u003cbody style=\"margin:0px 0px 0px 0px;overflow:auto;background:#FFFFFF;\"\u003e\n\u003ctable style=\"font-family:Arial,Verdana,Times;font-size:12px;text-align:left;width:100%;border-collapse:collapse;padding:3px 3px 3px 3px\"\u003e\n\u003ctr style=\"text-align:center;font-weight:bold;background:#9CBCE2\"\u003e\n\u003ctd\u003e18102566,9293\u003c/td\u003e\n\u003c/tr\u003e\n\u003ctr\u003e\n\u003ctd\u003e\n\u003ctable style=\"font-family:Arial,Verdana,Times;font-size:12px;text-align:left;width:100%;border-spacing:0px; padding:3px 3px 3px 3px\"\u003e\n\u003ctr\u003e\n\u003ctd\u003eFID\u003c/td\u003e\n\u003ctd\u003e0\u003c/td\u003e\n\u003c/tr\u003e\n\u003ctr bgcolor=\"#D4E4F3\"\u003e\n\u003ctd\u003eShape_Leng\u003c/td\u003e\n\u003ctd\u003e18102566,9293\u003c/td\u003e\n\u003c/tr\u003e\n\u003c/table\u003e\n\u003c/td\u003e\n\u003c/tr\u003e\n\u003c/table\u003e\n\u003c/body\u003e\u003cscript type=\"text/javascript\"\u003e\n\t\t\t\tfunction changeImage(attElement, nameElement) {\n\t\t\t\tdocument.getElementById('imageAttachment').src = attElement;\n\t\t\t\tdocument.getElementById('imageName').innerHTML = nameElement;}\n\t\t\t\u003c/script\u003e\u003c/html\u003e\n","FID_active_grids":150,"GridID":"M01","Shape_Length":5.427135751775189e-05,"Shape_Area":1.6368948729881894e-10}},{"type":"Feature","id":27678,"geometry":{"type":"Polygon","coordinates":[[[112.68648090500005,-7.0922017429999755],[112.68648087200006,-7.0921927009999308],[112.68651707900005,-7.0921925689999625],[112.68651711200005,-7.0922016109999504],[112.68653521500005,-7.0922015449999662],[112.68653518200006,-7.0921925029999784],[112.68654423400005,-7.0921924709999757],[112.68654426700004,-7.0922015129999636],[112.68655777600009,-7.0922014639999702],[112.68653219400005,-7.092183471999931],[112.68647178800006,-7.092183691999935],[112.68647185400005,-7.0922017759999676],[112.68648090500005,-7.0922017429999755]]]},"properties":{"OBJECTID":27678,"FID_mangrove_utm":27586,"OBJECTID_1":27586,"Name":"18102566,9293","FolderPath":"JATIM/JATIM","SymbolID":0,"AltMode":0,"Base":0,"Clamped":-1,"Extruded":0,"Snippet":"","PopupInfo":"\u003chtml xmlns:fo=\"http://www.w3.org/1999/XSL/Format\" xmlns:msxsl=\"urn:schemas-microsoft-com:xslt\"\u003e\n\u003chead\u003e\n\u003cMETA http-equiv=\"Content-Type\" content=\"text/html\"\u003e\n\u003cmeta http-equiv=\"content-type\" content=\"text/html; charset=UTF-8\"\u003e\n\u003c/head\u003e\n\u003cbody style=\"margin:0px 0px 0px 0px;overflow:auto;background:#FFFFFF;\"\u003e\n\u003ctable style=\"font-family:Arial,Verdana,Times;font-size:12px;text-align:left;width:100%;border-collapse:collapse;padding:3px 3px 3px 3px\"\u003e\n\u003ctr style=\"text-align:center;font-weight:bold;background:#9CBCE2\"\u003e\n\u003ctd\u003e18102566,9293\u003c/td\u003e\n\u003c/tr\u003e\n\u003ctr\u003e\n\u003ctd\u003e\n\u003ctable style=\"font-family:Arial,Verdana,Times;font-size:12px;text-align:left;width:100%;border-spacing:0px; padding:3px 3px 3px 3px\"\u003e\n\u003ctr\u003e\n\u003ctd\u003eFID\u003c/td\u003e\n\u003ctd\u003e0\u003c/td\u003e\n\u003c/tr\u003e\n\u003ctr bgcolor=\"#D4E4F3\"\u003e\n\u003ctd\u003eShape_Leng\u003c/td\u003e\n\u003ctd\u003e18102566,9293\u003c/td\u003e\n\u003c/tr\u003e\n\u003c/table\u003e\n\u003c/td\u003e\n\u003c/tr\u003e\n\u003c/table\u003e\n\u003c/body\u003e\u003cscript type=\"text/javascript\"\u003e\n\t\t\t\tfunction changeImage(attElement, nameElement) {\n\t\t\t\tdocument.getElementById('imageAttachment').src = attElement;\n\t\t\t\tdocument.getElementById('imageName').innerHTML = nameElement;}\n\t\t\t\u003c/script\u003e\u003c/html\u003e\n","FID_active_grids":150,"GridID":"M01","Shape_Length":0.00023185673085081206,"Shape_Area":9.1387205005381317e-10}},{"type":"Feature","id":27733,"geometry":{"type":"Polygon","coordinates":[[[112.68543516700004,-7.0908853909999721],[112.68543510100005,-7.0908673069999395],[112.68542605000005,-7.0908673399999316],[112.68542611500004,-7.0908854239999641],[112.68543516700004,-7.0908853909999721]]]},"properties":{"OBJECTID":27733,"FID_mangrove_utm":27641,"OBJECTID_1":27641,"Name":"18102566,9293","FolderPath":"JATIM/JATIM","SymbolID":0,"AltMode":0,"Base":0,"Clamped":-1,"Extruded":0,"Snippet":"","PopupInfo":"\u003chtml xmlns:fo=\"http://www.w3.org/1999/XSL/Format\" xmlns:msxsl=\"urn:schemas-microsoft-com:xslt\"\u003e\n\u003chead\u003e\n\u003cMETA http-equiv=\"Content-Type\" content=\"text/html\"\u003e\n\u003cmeta http-equiv=\"content-type\" content=\"text/html; charset=UTF-8\"\u003e\n\u003c/head\u003e\n\u003cbody style=\"margin:0px 0px 0px 0px;overflow:auto;background:#FFFFFF;\"\u003e\n\u003ctable style=\"font-family:Arial,Verdana,Times;font-size:12px;text-align:left;width:100%;border-collapse:collapse;padding:3px 3px 3px 3px\"\u003e\n\u003ctr style=\"text-align:center;font-weight:bold;background:#9CBCE2\"\u003e\n\u003ctd\u003e18102566,9293\u003c/td\u003e\n\u003c/tr\u003e\n\u003ctr\u003e\n\u003ctd\u003e\n\u003ctable style=\"font-family:Arial,Verdana,Times;font-size:12px;text-align:left;width:100%;border-spacing:0px; padding:3px 3px 3px 3px\"\u003e\n\u003ctr\u003e\n\u003ctd\u003eFID\u003c/td\u003e\n\u003ctd\u003e0\u003c/td\u003e\n\u003c/tr\u003e\n\u003ctr bgcolor=\"#D4E4F3\"\u003e\n\u003ctd\u003eShape_Leng\u003c/td\u003e\n\u003ctd\u003e18102566,9293\u003c/td\u003e\n\u003c/tr\u003e\n\u003c/table\u003e\n\u003c/td\u003e\n\u003c/tr\u003e\n\u003c/table\u003e\n\u003c/body\u003e\u003cscript type=\"text/javascript\"\u003e\n\t\t\t\tfunction changeImage(attElement, nameElement) {\n\t\t\t\tdocument.getElementById('imageAttachment').src = attElement;\n\t\t\t\tdocument.getElementById('imageName').innerHTML = nameElement;}\n\t\t\t\u003c/script\u003e\u003c/html\u003e\n","FID_active_grids":150,"GridID":"M01","Shape_Length":5.4271357631437989e-05,"Shape_Area":1.6368948781333715e-10}},{"type":"Feature","id":27739,"geometry":{"type":"Polygon","coordinates":[[[112.68544385700011,-7.090785895999943],[112.68542575400011,-7.0907859619999272],[112.68542588500009,-7.0908221299999354],[112.68541683400008,-7.0908221629999275],[112.68541686700007,-7.0908312049999722],[112.68540781500008,-7.0908312379999643],[112.68540788100006,-7.09084932199994],[112.68542598400006,-7.0908492559999559],[112.68542595100007,-7.090840213999968],[112.68543500300007,-7.0908401809999759],[112.68543497000007,-7.0908311389999312],[112.68546212500007,-7.0908310409999444],[112.68546209200008,-7.0908219989999566],[112.68547114300009,-7.0908219659999645],[112.68547107800009,-7.0908038819999319],[112.6854529740001,-7.0908039469999267],[112.68545294100011,-7.0907949049999388],[112.6854438900001,-7.0907949379999309],[112.68544385700011,-7.090785895999943]]]},"properties":{"OBJECTID":27739,"FID_mangrove_utm":27647,"OBJECTID_1":27647,"Name":"18102566,9293","FolderPath":"JATIM/JATIM","SymbolID":0,"AltMode":0,"Base":0,"Clamped":-1,"Extruded":0,"Snippet":"","PopupInfo":"\u003chtml xmlns:fo=\"http://www.w3.org/1999/XSL/Format\" xmlns:msxsl=\"urn:schemas-microsoft-com:xslt\"\u003e\n\u003chead\u003e\n\u003cMETA http-equiv=\"Content-Type\" content=\"text/html\"\u003e\n\u003cmeta http-equiv=\"content-type\" content=\"text/html; charset=UTF-8\"\u003e\n\u003c/head\u003e\n\u003cbody style=\"margin:0px 0px 0px 0px;overflow:auto;background:#FFFFFF;\"\u003e\n\u003ctable style=\"font-family:Arial,Verdana,Times;font-size:12px;text-align:left;width:100%;border-collapse:collapse;padding:3px 3px 3px 3px\"\u003e\n\u003ctr style=\"text-align:center;font-weight:bold;background:#9CBCE2\"\u003e\n\u003ctd\u003e18102566,9293\u003c/td\u003e\n\u003c/tr\u003e\n\u003ctr\u003e\n\u003ctd\u003e\n\u003ctable style=\"font-family:Arial,Verdana,Times;font-size:12px;text-align:left;width:100%;border-spacing:0px; padding:3px 3px 3px 3px\"\u003e\n\u003ctr\u003e\n\u003ctd\u003eFID\u003c/td\u003e\n\u003ctd\u003e0\u003c/td\u003e\n\u003c/tr\u003e\n\u003ctr bgcolor=\"#D4E4F3\"\u003e\n\u003ctd\u003eShape_Leng\u003c/td\u003e\n\u003ctd\u003e18102566,9293\u003c/td\u003e\n\u003c/tr\u003e\n\u003c/table\u003e\n\u003c/td\u003e\n\u003c/tr\u003e\n\u003c/table\u003e\n\u003c/body\u003e\u003cscript type=\"text/javascript\"\u003e\n\t\t\t\tfunction changeImage(attElement, nameElement) {\n\t\t\t\tdocument.getElementById('imageAttachment').src = attElement;\n\t\t\t\tdocument.getElementById('imageName').innerHTML = nameElement;}\n\t\t\t\u003c/script\u003e\u003c/html\u003e\n","FID_active_grids":150,"GridID":"M01","Shape_Length":0.00025331167079253316,"Shape_Area":2.0461548182075223e-09}},{"type":"Feature","id":27753,"geometry":{"type":"Polygon","coordinates":[[[112.68588580700009,-7.0903502709999771],[112.68587675500009,-7.0903503039999691],[112.68587679600012,-7.0903614859999493],[112.68588585000009,-7.090362124999956],[112.68588580700009,-7.0903502709999771]]]},"properties":{"OBJECTID":27753,"FID_mangrove_utm":27661,"OBJECTID_1":27661,"Name":"18102566,9293","FolderPath":"JATIM/JATIM","SymbolID":0,"AltMode":0,"Base":0,"Clamped":-1,"Extruded":0,"Snippet":"","PopupInfo":"\u003chtml xmlns:fo=\"http://www.w3.org/1999/XSL/Format\" xmlns:msxsl=\"urn:schemas-microsoft-com:xslt\"\u003e\n\u003chead\u003e\n\u003cMETA http-equiv=\"Content-Type\" content=\"text/html\"\u003e\n\u003cmeta http-equiv=\"content-type\" content=\"text/html; charset=UTF-8\"\u003e\n\u003c/head\u003e\n\u003cbody style=\"margin:0px 0px 0px 0px;overflow:auto;background:#FFFFFF;\"\u003e\n\u003ctable style=\"font-family:Arial,Verdana,Times;font-size:12px;text-align:left;width:100%;border-collapse:collapse;padding:3px 3px 3px 3px\"\u003e\n\u003ctr style=\"text-align:center;font-weight:bold;background:#9CBCE2\"\u003e\n\u003ctd\u003e18102566,9293\u003c/td\u003e\n\u003c/tr\u003e\n\u003ctr\u003e\n\u003ctd\u003e\n\u003ctable style=\"font-family:Arial,Verdana,Times;font-size:12px;text-align:left;width:100%;border-spacing:0px; padding:3px 3px 3px 3px\"\u003e\n\u003ctr\u003e\n\u003ctd\u003eFID\u003c/td\u003e\n\u003ctd\u003e0\u003c/td\u003e\n\u003c/tr\u003e\n\u003ctr bgcolor=\"#D4E4F3\"\u003e\n\u003ctd\u003eShape_Leng\u003c/td\u003e\n\u003ctd\u003e18102566,9293\u003c/td\u003e\n\u003c/tr\u003e\n\u003c/table\u003e\n\u003c/td\u003e\n\u003c/tr\u003e\n\u003c/table\u003e\n\u003c/body\u003e\u003cscript type=\"text/javascript\"\u003e\n\t\t\t\tfunction changeImage(attElement, nameElement) {\n\t\t\t\tdocument.getElementById('imageAttachment').src = attElement;\n\t\t\t\tdocument.getElementById('imageName').innerHTML = nameElement;}\n\t\t\t\u003c/script\u003e\u003c/html\u003e\n","FID_active_grids":150,"GridID":"M01","Shape_Length":4.1164734432691679e-05,"Shape_Area":1.0425972764115226e-10}},{"type":"Feature","id":27756,"geometry":{"type":"Polygon","coordinates":[[[112.68626571100003,-7.0902765559999352],[112.68624876800004,-7.0902766169999722],[112.68626573100005,-7.0902820349999729],[112.68626571100003,-7.0902765559999352]]]},"properties":{"OBJECTID":27756,"FID_mangrove_utm":27664,"OBJECTID_1":27664,"Name":"18102566,9293","FolderPath":"JATIM/JATIM","SymbolID":0,"AltMode":0,"Base":0,"Clamped":-1,"Extruded":0,"Snippet":"","PopupInfo":"\u003chtml xmlns:fo=\"http://www.w3.org/1999/XSL/Format\" xmlns:msxsl=\"urn:schemas-microsoft-com:xslt\"\u003e\n\u003chead\u003e\n\u003cMETA http-equiv=\"Content-Type\" content=\"text/html\"\u003e\n\u003cmeta http-equiv=\"content-type\" content=\"text/html; charset=UTF-8\"\u003e\n\u003c/head\u003e\n\u003cbody style=\"margin:0px 0px 0px 0px;overflow:auto;background:#FFFFFF;\"\u003e\n\u003ctable style=\"font-family:Arial,Verdana,Times;font-size:12px;text-align:left;width:100%;border-collapse:collapse;padding:3px 3px 3px 3px\"\u003e\n\u003ctr style=\"text-align:center;font-weight:bold;background:#9CBCE2\"\u003e\n\u003ctd\u003e18102566,9293\u003c/td\u003e\n\u003c/tr\u003e\n\u003ctr\u003e\n\u003ctd\u003e\n\u003ctable style=\"font-family:Arial,Verdana,Times;font-size:12px;text-align:left;width:100%;border-spacing:0px; padding:3px 3px 3px 3px\"\u003e\n\u003ctr\u003e\n\u003ctd\u003eFID\u003c/td\u003e\n\u003ctd\u003e0\u003c/td\u003e\n\u003c/tr\u003e\n\u003ctr bgcolor=\"#D4E4F3\"\u003e\n\u003ctd\u003eShape_Leng\u003c/td\u003e\n\u003ctd\u003e18102566,9293\u003c/td\u003e\n\u003c/tr\u003e\n\u003c/table\u003e\n\u003c/td\u003e\n\u003c/tr\u003e\n\u003c/table\u003e\n\u003c/body\u003e\u003cscript type=\"text/javascript\"\u003e\n\t\t\t\tfunction changeImage(attElement, nameElement) {\n\t\t\t\tdocument.getElementById('imageAttachment').src = attElement;\n\t\t\t\tdocument.getElementById('imageName').innerHTML = nameElement;}\n\t\t\t\u003c/script\u003e\u003c/html\u003e\n","FID_active_grids":150,"GridID":"M01","Shape_Length":4.0229394675931121e-05,"Shape_Area":4.6415958796507527e-11}},{"type":"Feature","id":27757,"geometry":{"type":"Polygon","coordinates":[[[112.68565912300005,-7.0902425889999563],[112.68565909000006,-7.0902335469999684],[112.68565003800006,-7.0902335799999605],[112.68565007100005,-7.0902426219999484],[112.68565912300005,-7.0902425889999563]]]},"properties":{"OBJECTID":27757,"FID_mangrove_utm":27665,"OBJECTID_1":27665,"Name":"18102566,9293","FolderPath":"JATIM/JATIM","SymbolID":0,"AltMode":0,"Base":0,"Clamped":-1,"Extruded":0,"Snippet":"","PopupInfo":"\u003chtml xmlns:fo=\"http://www.w3.org/1999/XSL/Format\" xmlns:msxsl=\"urn:schemas-microsoft-com:xslt\"\u003e\n\u003chead\u003e\n\u003cMETA http-equiv=\"Content-Type\" content=\"text/html\"\u003e\n\u003cmeta http-equiv=\"content-type\" content=\"text/html; charset=UTF-8\"\u003e\n\u003c/head\u003e\n\u003cbody style=\"margin:0px 0px 0px 0px;overflow:auto;background:#FFFFFF;\"\u003e\n\u003ctable style=\"font-family:Arial,Verdana,Times;font-size:12px;text-align:left;width:100%;border-collapse:collapse;padding:3px 3px 3px 3px\"\u003e\n\u003ctr style=\"text-align:center;font-weight:bold;background:#9CBCE2\"\u003e\n\u003ctd\u003e18102566,9293\u003c/td\u003e\n\u003c/tr\u003e\n\u003ctr\u003e\n\u003ctd\u003e\n\u003ctable style=\"font-family:Arial,Verdana,Times;font-size:12px;text-align:left;width:100%;border-spacing:0px; padding:3px 3px 3px 3px\"\u003e\n\u003ctr\u003e\n\u003ctd\u003eFID\u003c/td\u003e\n\u003ctd\u003e0\u003c/td\u003e\n\u003c/tr\u003e\n\u003ctr bgcolor=\"#D4E4F3\"\u003e\n\u003ctd\u003eShape_Leng\u003c/td\u003e\n\u003ctd\u003e18102566,9293\u003c/td\u003e\n\u003c/tr\u003e\n\u003c/table\u003e\n\u003c/td\u003e\n\u003c/tr\u003e\n\u003c/table\u003e\n\u003c/body\u003e\u003cscript type=\"text/javascript\"\u003e\n\t\t\t\tfunction changeImage(attElement, nameElement) {\n\t\t\t\tdocument.getElementById('imageAttachment').src = attElement;\n\t\t\t\tdocument.getElementById('imageName').innerHTML = nameElement;}\n\t\t\t\u003c/script\u003e\u003c/html\u003e\n","FID_active_grids":150,"GridID":"M01","Shape_Length":3.6188240709241466e-05,"Shape_Area":8.1849272851502786e-11}},{"type":"Feature","id":27758,"geometry":{"type":"Polygon","coordinates":[[[112.68560474700007,-7.0902247019999436],[112.68560478000006,-7.0902337439999314],[112.68561383200006,-7.0902337109999394],[112.68561386500005,-7.0902427529999272],[112.68563196800005,-7.0902426869999431],[112.68563193500006,-7.0902336449999552],[112.68562288300006,-7.0902336779999473],[112.68562285100006,-7.0902246359999594],[112.68560474700007,-7.0902247019999436]]]},"properties":{"OBJECTID":27758,"FID_mangrove_utm":27666,"OBJECTID_1":27666,"Name":"18102566,9293","FolderPath":"JATIM/JATIM","SymbolID":0,"AltMode":0,"Base":0,"Clamped":-1,"Extruded":0,"Snippet":"","PopupInfo":"\u003chtml xmlns:fo=\"http://www.w3.org/1999/XSL/Format\" xmlns:msxsl=\"urn:schemas-microsoft-com:xslt\"\u003e\n\u003chead\u003e\n\u003cMETA http-equiv=\"Content-Type\" content=\"text/html\"\u003e\n\u003cmeta http-equiv=\"content-type\" content=\"text/html; charset=UTF-8\"\u003e\n\u003c/head\u003e\n\u003cbody style=\"margin:0px 0px 0px 0px;overflow:auto;background:#FFFFFF;\"\u003e\n\u003ctable style=\"font-family:Arial,Verdana,Times;font-size:12px;text-align:left;width:100%;border-collapse:collapse;padding:3px 3px 3px 3px\"\u003e\n\u003ctr style=\"text-align:center;font-weight:bold;background:#9CBCE2\"\u003e\n\u003ctd\u003e18102566,9293\u003c/td\u003e\n\u003c/tr\u003e\n\u003ctr\u003e\n\u003ctd\u003e\n\u003ctable style=\"font-family:Arial,Verdana,Times;font-size:12px;text-align:left;width:100%;border-spacing:0px; padding:3px 3px 3px 3px\"\u003e\n\u003ctr\u003e\n\u003ctd\u003eFID\u003c/td\u003e\n\u003ctd\u003e0\u003c/td\u003e\n\u003c/tr\u003e\n\u003ctr bgcolor=\"#D4E4F3\"\u003e\n\u003ctd\u003eShape_Leng\u003c/td\u003e\n\u003ctd\u003e18102566,9293\u003c/td\u003e\n\u003c/tr\u003e\n\u003c/table\u003e\n\u003c/td\u003e\n\u003c/tr\u003e\n\u003c/table\u003e\n\u003c/body\u003e\u003cscript type=\"text/javascript\"\u003e\n\t\t\t\tfunction changeImage(attElement, nameElement) {\n\t\t\t\tdocument.getElementById('imageAttachment').src = attElement;\n\t\t\t\tdocument.getElementById('imageName').innerHTML = nameElement;}\n\t\t\t\u003c/script\u003e\u003c/html\u003e\n","FID_active_grids":150,"GridID":"M01","Shape_Length":9.0479598137456366e-05,"Shape_Area":3.2738352854946349e-10}},{"type":"Feature","id":27759,"geometry":{"type":"Polygon","coordinates":[[[112.68575859200007,-7.0902151009999557],[112.68574048800008,-7.0902151669999398],[112.68574052100007,-7.0902242089999277],[112.68572241800007,-7.0902242749999687],[112.68572248400005,-7.0902423589999444],[112.68573153500006,-7.0902423259999523],[112.68573156800005,-7.0902513679999402],[112.68576777500004,-7.0902512369999613],[112.68576774200005,-7.0902421949999734],[112.68584015400006,-7.0902419319999694],[112.68584012200006,-7.0902328899999816],[112.68579486400006,-7.0902330539999525],[112.68579483100007,-7.0902240119999647],[112.68575862400007,-7.0902241429999435],[112.68575859200007,-7.0902151009999557]]]},"properties":{"OBJECTID":27759,"FID_mangrove_utm":27667,"OBJECTID_1":27667,"Name":"18102566,9293","FolderPath":"JATIM/JATIM","SymbolID":0,"AltMode":0,"Base":0,"Clamped":-1,"Extruded":0,"Snippet":"","PopupInfo":"\u003chtml xmlns:fo=\"http://www.w3.org/1999/XSL/Format\" xmlns:msxsl=\"urn:schemas-microsoft-com:xslt\"\u003e\n\u003chead\u003e\n\u003cMETA http-equiv=\"Content-Type\" content=\"text/html\"\u003e\n\u003cmeta http-equiv=\"content-type\" content=\"text/html; charset=UTF-8\"\u003e\n\u003c/head\u003e\n\u003cbody style=\"margin:0px 0px 0px 0px;overflow:auto;background:#FFFFFF;\"\u003e\n\u003ctable style=\"font-family:Arial,Verdana,Times;font-size:12px;text-align:left;width:100%;border-collapse:collapse;padding:3px 3px 3px 3px\"\u003e\n\u003ctr style=\"text-align:center;font-weight:bold;background:#9CBCE2\"\u003e\n\u003ctd\u003e18102566,9293\u003c/td\u003e\n\u003c/tr\u003e\n\u003ctr\u003e\n\u003ctd\u003e\n\u003ctable style=\"font-family:Arial,Verdana,Times;font-size:12px;text-align:left;width:100%;border-spacing:0px; padding:3px 3px 3px 3px\"\u003e\n\u003ctr\u003e\n\u003ctd\u003eFID\u003c/td\u003e\n\u003ctd\u003e0\u003c/td\u003e\n\u003c/tr\u003e\n\u003ctr bgcolor=\"#D4E4F3\"\u003e\n\u003ctd\u003eShape_Leng\u003c/td\u003e\n\u003ctd\u003e18102566,9293\u003c/td\u003e\n\u003c/tr\u003e\n\u003c/table\u003e\n\u003c/td\u003e\n\u003c/tr\u003e\n\u003c/table\u003e\n\u003c/body\u003e\u003cscript type=\"text/javascript\"\u003e\n\t\t\t\tfunction changeImage(attElement, nameElement) {\n\t\t\t\tdocument.getElementById('imageAttachment').src = attElement;\n\t\t\t\tdocument.getElementById('imageName').innerHTML = nameElement;}\n\t\t\t\u003c/script\u003e\u003c/html\u003e\n","FID_active_grids":150,"GridID":"M01","Shape_Length":0.000307680023948141,"Shape_Area":2.2098803711394645e-09}},{"type":"Feature","id":27760,"geometry":{"type":"Polygon","coordinates":[[[112.68654608000008,-7.0902122429999395],[112.68653702800009,-7.0902122759999315],[112.68653706100008,-7.0902213179999762],[112.68654611300008,-7.0902212849999273],[112.68654608000008,-7.0902122429999395]]]},"properties":{"OBJECTID":27760,"FID_mangrove_utm":27668,"OBJECTID_1":27668,"Name":"18102566,9293","FolderPath":"JATIM/JATIM","SymbolID":0,"AltMode":0,"Base":0,"Clamped":-1,"Extruded":0,"Snippet":"","PopupInfo":"\u003chtml xmlns:fo=\"http://www.w3.org/1999/XSL/Format\" xmlns:msxsl=\"urn:schemas-microsoft-com:xslt\"\u003e\n\u003chead\u003e\n\u003cMETA http-equiv=\"Content-Type\" content=\"text/html\"\u003e\n\u003cmeta http-equiv=\"content-type\" content=\"text/html; charset=UTF-8\"\u003e\n\u003c/head\u003e\n\u003cbody style=\"margin:0px 0px 0px 0px;overflow:auto;background:#FFFFFF;\"\u003e\n\u003ctable style=\"font-family:Arial,Verdana,Times;font-size:12px;text-align:left;width:100%;border-collapse:collapse;padding:3px 3px 3px 3px\"\u003e\n\u003ctr style=\"text-align:center;font-weight:bold;background:#9CBCE2\"\u003e\n\u003ctd\u003e18102566,9293\u003c/td\u003e\n\u003c/tr\u003e\n\u003ctr\u003e\n\u003ctd\u003e\n\u003ctable style=\"font-family:Arial,Verdana,Times;font-size:12px;text-align:left;width:100%;border-spacing:0px; padding:3px 3px 3px 3px\"\u003e\n\u003ctr\u003e\n\u003ctd\u003eFID\u003c/td\u003e\n\u003ctd\u003e0\u003c/td\u003e\n\u003c/tr\u003e\n\u003ctr bgcolor=\"#D4E4F3\"\u003e\n\u003ctd\u003eShape_Leng\u003c/td\u003e\n\u003ctd\u003e18102566,9293\u003c/td\u003e\n\u003c/tr\u003e\n\u003c/table\u003e\n\u003c/td\u003e\n\u003c/tr\u003e\n\u003c/table\u003e\n\u003c/body\u003e\u003cscript type=\"text/javascript\"\u003e\n\t\t\t\tfunction changeImage(attElement, nameElement) {\n\t\t\t\tdocument.getElementById('imageAttachment').src = attElement;\n\t\t\t\tdocument.getElementById('imageName').innerHTML = nameElement;}\n\t\t\t\u003c/script\u003e\u003c/html\u003e\n","FID_active_grids":150,"GridID":"M01","Shape_Length":3.618824076629173e-05,"Shape_Area":8.1849273109714013e-11}},{"type":"Feature","id":27761,"geometry":{"type":"Polygon","coordinates":[[[112.68572238500008,-7.0902152329999808],[112.68572235200008,-7.0902061909999361],[112.68569519700009,-7.0902062889999797],[112.68569523000008,-7.0902153309999676],[112.68572238500008,-7.0902152329999808]]]},"properties":{"OBJECTID":27761,"FID_mangrove_utm":27669,"OBJECTID_1":27669,"Name":"18102566,9293","FolderPath":"JATIM/JATIM","SymbolID":0,"AltMode":0,"Base":0,"Clamped":-1,"Extruded":0,"Snippet":"","PopupInfo":"\u003chtml xmlns:fo=\"http://www.w3.org/1999/XSL/Format\" xmlns:msxsl=\"urn:schemas-microsoft-com:xslt\"\u003e\n\u003chead\u003e\n\u003cMETA http-equiv=\"Content-Type\" content=\"text/html\"\u003e\n\u003cmeta http-equiv=\"content-type\" content=\"text/html; charset=UTF-8\"\u003e\n\u003c/head\u003e\n\u003cbody style=\"margin:0px 0px 0px 0px;overflow:auto;background:#FFFFFF;\"\u003e\n\u003ctable style=\"font-family:Arial,Verdana,Times;font-size:12px;text-align:left;width:100%;border-collapse:collapse;padding:3px 3px 3px 3px\"\u003e\n\u003ctr style=\"text-align:center;font-weight:bold;background:#9CBCE2\"\u003e\n\u003ctd\u003e18102566,9293\u003c/td\u003e\n\u003c/tr\u003e\n\u003ctr\u003e\n\u003ctd\u003e\n\u003ctable style=\"font-family:Arial,Verdana,Times;font-size:12px;text-align:left;width:100%;border-spacing:0px; padding:3px 3px 3px 3px\"\u003e\n\u003ctr\u003e\n\u003ctd\u003eFID\u003c/td\u003e\n\u003ctd\u003e0\u003c/td\u003e\n\u003c/tr\u003e\n\u003ctr bgcolor=\"#D4E4F3\"\u003e\n\u003ctd\u003eShape_Leng\u003c/td\u003e\n\u003ctd\u003e18102566,9293\u003c/td\u003e\n\u003c/tr\u003e\n\u003c/table\u003e\n\u003c/td\u003e\n\u003c/tr\u003e\n\u003c/table\u003e\n\u003c/body\u003e\u003cscript type=\"text/javascript\"\u003e\n\t\t\t\tfunction changeImage(attElement, nameElement) {\n\t\t\t\tdocument.getElementById('imageAttachment').src = attElement;\n\t\t\t\tdocument.getElementById('imageName').innerHTML = nameElement;}\n\t\t\t\u003c/script\u003e\u003c/html\u003e\n","FID_active_grids":150,"GridID":"M01","Shape_Length":7.2394474138264849e-05,"Shape_Area":2.4553874442322961e-10}},{"type":"Feature","id":27762,"geometry":{"type":"Polygon","coordinates":[[[112.68578574600008,-7.0902150029999689],[112.68578571300009,-7.090205960999981],[112.68577666200008,-7.0902059939999731],[112.68577669500007,-7.0902150359999609],[112.68578574600008,-7.0902150029999689]]]},"properties":{"OBJECTID":27762,"FID_mangrove_utm":27670,"OBJECTID_1":27670,"Name":"18102566,9293","FolderPath":"JATIM/JATIM","SymbolID":0,"AltMode":0,"Base":0,"Clamped":-1,"Extruded":0,"Snippet":"","PopupInfo":"\u003chtml xmlns:fo=\"http://www.w3.org/1999/XSL/Format\" xmlns:msxsl=\"urn:schemas-microsoft-com:xslt\"\u003e\n\u003chead\u003e\n\u003cMETA http-equiv=\"Content-Type\" content=\"text/html\"\u003e\n\u003cmeta http-equiv=\"content-type\" content=\"text/html; charset=UTF-8\"\u003e\n\u003c/head\u003e\n\u003cbody style=\"margin:0px 0px 0px 0px;overflow:auto;background:#FFFFFF;\"\u003e\n\u003ctable style=\"font-family:Arial,Verdana,Times;font-size:12px;text-align:left;width:100%;border-collapse:collapse;padding:3px 3px 3px 3px\"\u003e\n\u003ctr style=\"text-align:center;font-weight:bold;background:#9CBCE2\"\u003e\n\u003ctd\u003e18102566,9293\u003c/td\u003e\n\u003c/tr\u003e\n\u003ctr\u003e\n\u003ctd\u003e\n\u003ctable style=\"font-family:Arial,Verdana,Times;font-size:12px;text-align:left;width:100%;border-spacing:0px; padding:3px 3px 3px 3px\"\u003e\n\u003ctr\u003e\n\u003ctd\u003eFID\u003c/td\u003e\n\u003ctd\u003e0\u003c/td\u003e\n\u003c/tr\u003e\n\u003ctr bgcolor=\"#D4E4F3\"\u003e\n\u003ctd\u003eShape_Leng\u003c/td\u003e\n\u003ctd\u003e18102566,9293\u003c/td\u003e\n\u003c/tr\u003e\n\u003c/table\u003e\n\u003c/td\u003e\n\u003c/tr\u003e\n\u003c/table\u003e\n\u003c/body\u003e\u003cscript type=\"text/javascript\"\u003e\n\t\t\t\tfunction changeImage(attElement, nameElement) {\n\t\t\t\tdocument.getElementById('imageAttachment').src = attElement;\n\t\t\t\tdocument.getElementById('imageName').innerHTML = nameElement;}\n\t\t\t\u003c/script\u003e\u003c/html\u003e\n","FID_active_grids":150,"GridID":"M01","Shape_Length":3.6186240743683881e-05,"Shape_Area":8.1840230947137701e-11}},{"type":"Feature","id":27764,"geometry":{"type":"Polygon","coordinates":[[[112.68560474700007,-7.0902247019999436],[112.68560468200008,-7.0902066179999679],[112.68558657800008,-7.0902066829999626],[112.68558654600008,-7.0901976409999747],[112.68557749400009,-7.0901976739999668],[112.68557746100009,-7.090188631999979],[112.68555935800009,-7.0901886979999631],[112.68555939100008,-7.090197739999951],[112.68556844200009,-7.0901977069999589],[112.68556850800007,-7.0902157909999346],[112.68559566300007,-7.0902156929999478],[112.68559569600006,-7.0902247349999357],[112.68560474700007,-7.0902247019999436]]]},"properties":{"OBJECTID":27764,"FID_mangrove_utm":27672,"OBJECTID_1":27672,"Name":"18102566,9293","FolderPath":"JATIM/JATIM","SymbolID":0,"AltMode":0,"Base":0,"Clamped":-1,"Extruded":0,"Snippet":"","PopupInfo":"\u003chtml xmlns:fo=\"http://www.w3.org/1999/XSL/Format\" xmlns:msxsl=\"urn:schemas-microsoft-com:xslt\"\u003e\n\u003chead\u003e\n\u003cMETA http-equiv=\"Content-Type\" content=\"text/html\"\u003e\n\u003cmeta http-equiv=\"content-type\" content=\"text/html; charset=UTF-8\"\u003e\n\u003c/head\u003e\n\u003cbody style=\"margin:0px 0px 0px 0px;overflow:auto;background:#FFFFFF;\"\u003e\n\u003ctable style=\"font-family:Arial,Verdana,Times;font-size:12px;text-align:left;width:100%;border-collapse:collapse;padding:3px 3px 3px 3px\"\u003e\n\u003ctr style=\"text-align:center;font-weight:bold;background:#9CBCE2\"\u003e\n\u003ctd\u003e18102566,9293\u003c/td\u003e\n\u003c/tr\u003e\n\u003ctr\u003e\n\u003ctd\u003e\n\u003ctable style=\"font-family:Arial,Verdana,Times;font-size:12px;text-align:left;width:100%;border-spacing:0px; padding:3px 3px 3px 3px\"\u003e\n\u003ctr\u003e\n\u003ctd\u003eFID\u003c/td\u003e\n\u003ctd\u003e0\u003c/td\u003e\n\u003c/tr\u003e\n\u003ctr bgcolor=\"#D4E4F3\"\u003e\n\u003ctd\u003eShape_Leng\u003c/td\u003e\n\u003ctd\u003e18102566,9293\u003c/td\u003e\n\u003c/tr\u003e\n\u003c/table\u003e\n\u003c/td\u003e\n\u003c/tr\u003e\n\u003c/table\u003e\n\u003c/body\u003e\u003cscript type=\"text/javascript\"\u003e\n\t\t\t\tfunction changeImage(attElement, nameElement) {\n\t\t\t\tdocument.getElementById('imageAttachment').src = attElement;\n\t\t\t\tdocument.getElementById('imageName').innerHTML = nameElement;}\n\t\t\t\u003c/script\u003e\u003c/html\u003e\n","FID_active_grids":150,"GridID":"M01","Shape_Length":0.00016285306874049465,"Shape_Area":7.366253038555511e-10}},{"type":"Feature","id":27765,"geometry":{"type":"Polygon","coordinates":[[[112.6865369620001,-7.0901941919999558],[112.6865369300001,-7.090185149999968],[112.68652787800011,-7.09018518299996],[112.6865279110001,-7.0901942249999479],[112.6865369620001,-7.0901941919999558]]]},"properties":{"OBJECTID":27765,"FID_mangrove_utm":27673,"OBJECTID_1":27673,"Name":"18102566,9293","FolderPath":"JATIM/JATIM","SymbolID":0,"AltMode":0,"Base":0,"Clamped":-1,"Extruded":0,"Snippet":"","PopupInfo":"\u003chtml xmlns:fo=\"http://www.w3.org/1999/XSL/Format\" xmlns:msxsl=\"urn:schemas-microsoft-com:xslt\"\u003e\n\u003chead\u003e\n\u003cMETA http-equiv=\"Content-Type\" content=\"text/html\"\u003e\n\u003cmeta http-equiv=\"content-type\" content=\"text/html; charset=UTF-8\"\u003e\n\u003c/head\u003e\n\u003cbody style=\"margin:0px 0px 0px 0px;overflow:auto;background:#FFFFFF;\"\u003e\n\u003ctable style=\"font-family:Arial,Verdana,Times;font-size:12px;text-align:left;width:100%;border-collapse:collapse;padding:3px 3px 3px 3px\"\u003e\n\u003ctr style=\"text-align:center;font-weight:bold;background:#9CBCE2\"\u003e\n\u003ctd\u003e18102566,9293\u003c/td\u003e\n\u003c/tr\u003e\n\u003ctr\u003e\n\u003ctd\u003e\n\u003ctable style=\"font-family:Arial,Verdana,Times;font-size:12px;text-align:left;width:100%;border-spacing:0px; padding:3px 3px 3px 3px\"\u003e\n\u003ctr\u003e\n\u003ctd\u003eFID\u003c/td\u003e\n\u003ctd\u003e0\u003c/td\u003e\n\u003c/tr\u003e\n\u003ctr bgcolor=\"#D4E4F3\"\u003e\n\u003ctd\u003eShape_Leng\u003c/td\u003e\n\u003ctd\u003e18102566,9293\u003c/td\u003e\n\u003c/tr\u003e\n\u003c/table\u003e\n\u003c/td\u003e\n\u003c/tr\u003e\n\u003c/table\u003e\n\u003c/body\u003e\u003cscript type=\"text/javascript\"\u003e\n\t\t\t\tfunction changeImage(attElement, nameElement) {\n\t\t\t\tdocument.getElementById('imageAttachment').src = attElement;\n\t\t\t\tdocument.getElementById('imageName').innerHTML = nameElement;}\n\t\t\t\u003c/script\u003e\u003c/html\u003e\n","FID_active_grids":150,"GridID":"M01","Shape_Length":3.618723713218666e-05,"Shape_Area":8.1844735399498701e-11}},{"type":"Feature","id":27766,"geometry":{"type":"Polygon","coordinates":[[[112.68654608000008,-7.0902122429999395],[112.68656418300009,-7.0902121769999553],[112.68656408400011,-7.0901850509999349],[112.6865550330001,-7.090185083999927],[112.68655500000011,-7.0901760419999391],[112.68654594800012,-7.0901760749999312],[112.68654608000008,-7.0902122429999395]]]},"properties":{"OBJECTID":27766,"FID_mangrove_utm":27674,"OBJECTID_1":27674,"Name":"18102566,9293","FolderPath":"JATIM/JATIM","SymbolID":0,"AltMode":0,"Base":0,"Clamped":-1,"Extruded":0,"Snippet":"","PopupInfo":"\u003chtml xmlns:fo=\"http://www.w3.org/1999/XSL/Format\" xmlns:msxsl=\"urn:schemas-microsoft-com:xslt\"\u003e\n\u003chead\u003e\n\u003cMETA http-equiv=\"Content-Type\" content=\"text/html\"\u003e\n\u003cmeta http-equiv=\"content-type\" content=\"text/html; charset=UTF-8\"\u003e\n\u003c/head\u003e\n\u003cbody style=\"margin:0px 0px 0px 0px;overflow:auto;background:#FFFFFF;\"\u003e\n\u003ctable style=\"font-family:Arial,Verdana,Times;font-size:12px;text-align:left;width:100%;border-collapse:collapse;padding:3px 3px 3px 3px\"\u003e\n\u003ctr style=\"text-align:center;font-weight:bold;background:#9CBCE2\"\u003e\n\u003ctd\u003e18102566,9293\u003c/td\u003e\n\u003c/tr\u003e\n\u003ctr\u003e\n\u003ctd\u003e\n\u003ctable style=\"font-family:Arial,Verdana,Times;font-size:12px;text-align:left;width:100%;border-spacing:0px; padding:3px 3px 3px 3px\"\u003e\n\u003ctr\u003e\n\u003ctd\u003eFID\u003c/td\u003e\n\u003ctd\u003e0\u003c/td\u003e\n\u003c/tr\u003e\n\u003ctr bgcolor=\"#D4E4F3\"\u003e\n\u003ctd\u003eShape_Leng\u003c/td\u003e\n\u003ctd\u003e18102566,9293\u003c/td\u003e\n\u003c/tr\u003e\n\u003c/table\u003e\n\u003c/td\u003e\n\u003c/tr\u003e\n\u003c/table\u003e\n\u003c/body\u003e\u003cscript type=\"text/javascript\"\u003e\n\t\t\t\tfunction changeImage(attElement, nameElement) {\n\t\t\t\tdocument.getElementById('imageAttachment').src = attElement;\n\t\t\t\tdocument.getElementById('imageName').innerHTML = nameElement;}\n\t\t\t\u003c/script\u003e\u003c/html\u003e\n","FID_active_grids":150,"GridID":"M01","Shape_Length":0.00010854272239303677,"Shape_Area":5.72917768777577e-10}},{"type":"Feature","id":27770,"geometry":{"type":"Polygon","coordinates":[[[112.68553184100006,-7.0900893349999592],[112.68552279000005,-7.0900893669999618],[112.68552295400002,-7.090134576999958],[112.68553200600002,-7.0901345449999553],[112.68553213700011,-7.0901707129999636],[112.68554118900011,-7.0901706799999715],[112.68554092600004,-7.090098343999955],[112.68553187400005,-7.090098376999947],[112.68553184100006,-7.0900893349999592]]]},"properties":{"OBJECTID":27770,"FID_mangrove_utm":27678,"OBJECTID_1":27678,"Name":"18102566,9293","FolderPath":"JATIM/JATIM","SymbolID":0,"AltMode":0,"Base":0,"Clamped":-1,"Extruded":0,"Snippet":"","PopupInfo":"\u003chtml xmlns:fo=\"http://www.w3.org/1999/XSL/Format\" xmlns:msxsl=\"urn:schemas-microsoft-com:xslt\"\u003e\n\u003chead\u003e\n\u003cMETA http-equiv=\"Content-Type\" content=\"text/html\"\u003e\n\u003cmeta http-equiv=\"content-type\" content=\"text/html; charset=UTF-8\"\u003e\n\u003c/head\u003e\n\u003cbody style=\"margin:0px 0px 0px 0px;overflow:auto;background:#FFFFFF;\"\u003e\n\u003ctable style=\"font-family:Arial,Verdana,Times;font-size:12px;text-align:left;width:100%;border-collapse:collapse;padding:3px 3px 3px 3px\"\u003e\n\u003ctr style=\"text-align:center;font-weight:bold;background:#9CBCE2\"\u003e\n\u003ctd\u003e18102566,9293\u003c/td\u003e\n\u003c/tr\u003e\n\u003ctr\u003e\n\u003ctd\u003e\n\u003ctable style=\"font-family:Arial,Verdana,Times;font-size:12px;text-align:left;width:100%;border-spacing:0px; padding:3px 3px 3px 3px\"\u003e\n\u003ctr\u003e\n\u003ctd\u003eFID\u003c/td\u003e\n\u003ctd\u003e0\u003c/td\u003e\n\u003c/tr\u003e\n\u003ctr bgcolor=\"#D4E4F3\"\u003e\n\u003ctd\u003eShape_Leng\u003c/td\u003e\n\u003ctd\u003e18102566,9293\u003c/td\u003e\n\u003c/tr\u003e\n\u003c/table\u003e\n\u003c/td\u003e\n\u003c/tr\u003e\n\u003c/table\u003e\n\u003c/body\u003e\u003cscript type=\"text/javascript\"\u003e\n\t\t\t\tfunction changeImage(attElement, nameElement) {\n\t\t\t\tdocument.getElementById('imageAttachment').src = attElement;\n\t\t\t\tdocument.getElementById('imageName').innerHTML = nameElement;}\n\t\t\t\u003c/script\u003e\u003c/html\u003e\n","FID_active_grids":150,"GridID":"M01","Shape_Length":0.00019896430645846506,"Shape_Area":1.0639996481063881e-09}},{"type":"Feature","id":27795,"geometry":{"type":"Polygon","coordinates":[[[112.68565655800001,-7.0895373129999371],[112.68565652500001,-7.0895282709999492],[112.68564747400001,-7.0895283039999413],[112.68564750700011,-7.0895373459999291],[112.68565655800001,-7.0895373129999371]]]},"properties":{"OBJECTID":27795,"FID_mangrove_utm":27703,"OBJECTID_1":27703,"Name":"18102566,9293","FolderPath":"JATIM/JATIM","SymbolID":0,"AltMode":0,"Base":0,"Clamped":-1,"Extruded":0,"Snippet":"","PopupInfo":"\u003chtml xmlns:fo=\"http://www.w3.org/1999/XSL/Format\" xmlns:msxsl=\"urn:schemas-microsoft-com:xslt\"\u003e\n\u003chead\u003e\n\u003cMETA http-equiv=\"Content-Type\" content=\"text/html\"\u003e\n\u003cmeta http-equiv=\"content-type\" content=\"text/html; charset=UTF-8\"\u003e\n\u003c/head\u003e\n\u003cbody style=\"margin:0px 0px 0px 0px;overflow:auto;background:#FFFFFF;\"\u003e\n\u003ctable style=\"font-family:Arial,Verdana,Times;font-size:12px;text-align:left;width:100%;border-collapse:collapse;padding:3px 3px 3px 3px\"\u003e\n\u003ctr style=\"text-align:center;font-weight:bold;background:#9CBCE2\"\u003e\n\u003ctd\u003e18102566,9293\u003c/td\u003e\n\u003c/tr\u003e\n\u003ctr\u003e\n\u003ctd\u003e\n\u003ctable style=\"font-family:Arial,Verdana,Times;font-size:12px;text-align:left;width:100%;border-spacing:0px; padding:3px 3px 3px 3px\"\u003e\n\u003ctr\u003e\n\u003ctd\u003eFID\u003c/td\u003e\n\u003ctd\u003e0\u003c/td\u003e\n\u003c/tr\u003e\n\u003ctr bgcolor=\"#D4E4F3\"\u003e\n\u003ctd\u003eShape_Leng\u003c/td\u003e\n\u003ctd\u003e18102566,9293\u003c/td\u003e\n\u003c/tr\u003e\n\u003c/table\u003e\n\u003c/td\u003e\n\u003c/tr\u003e\n\u003c/table\u003e\n\u003c/body\u003e\u003cscript type=\"text/javascript\"\u003e\n\t\t\t\tfunction changeImage(attElement, nameElement) {\n\t\t\t\tdocument.getElementById('imageAttachment').src = attElement;\n\t\t\t\tdocument.getElementById('imageName').innerHTML = nameElement;}\n\t\t\t\u003c/script\u003e\u003c/html\u003e\n","FID_active_grids":150,"GridID":"M01","Shape_Length":3.6186240630412713e-05,"Shape_Area":8.1840230435035341e-11}},{"type":"Feature","id":27797,"geometry":{"type":"Polygon","coordinates":[[[112.68584657600002,-7.0895185399999718],[112.68584651000003,-7.0895004559999393],[112.68583745800004,-7.0895004889999313],[112.68583752400002,-7.0895185729999639],[112.68584657600002,-7.0895185399999718]]]},"properties":{"OBJECTID":27797,"FID_mangrove_utm":27705,"OBJECTID_1":27705,"Name":"18102566,9293","FolderPath":"JATIM/JATIM","SymbolID":0,"AltMode":0,"Base":0,"Clamped":-1,"Extruded":0,"Snippet":"","PopupInfo":"\u003chtml xmlns:fo=\"http://www.w3.org/1999/XSL/Format\" xmlns:msxsl=\"urn:schemas-microsoft-com:xslt\"\u003e\n\u003chead\u003e\n\u003cMETA http-equiv=\"Content-Type\" content=\"text/html\"\u003e\n\u003cmeta http-equiv=\"content-type\" content=\"text/html; charset=UTF-8\"\u003e\n\u003c/head\u003e\n\u003cbody style=\"margin:0px 0px 0px 0px;overflow:auto;background:#FFFFFF;\"\u003e\n\u003ctable style=\"font-family:Arial,Verdana,Times;font-size:12px;text-align:left;width:100%;border-collapse:collapse;padding:3px 3px 3px 3px\"\u003e\n\u003ctr style=\"text-align:center;font-weight:bold;background:#9CBCE2\"\u003e\n\u003ctd\u003e18102566,9293\u003c/td\u003e\n\u003c/tr\u003e\n\u003ctr\u003e\n\u003ctd\u003e\n\u003ctable style=\"font-family:Arial,Verdana,Times;font-size:12px;text-align:left;width:100%;border-spacing:0px; padding:3px 3px 3px 3px\"\u003e\n\u003ctr\u003e\n\u003ctd\u003eFID\u003c/td\u003e\n\u003ctd\u003e0\u003c/td\u003e\n\u003c/tr\u003e\n\u003ctr bgcolor=\"#D4E4F3\"\u003e\n\u003ctd\u003eShape_Leng\u003c/td\u003e\n\u003ctd\u003e18102566,9293\u003c/td\u003e\n\u003c/tr\u003e\n\u003c/table\u003e\n\u003c/td\u003e\n\u003c/tr\u003e\n\u003c/table\u003e\n\u003c/body\u003e\u003cscript type=\"text/javascript\"\u003e\n\t\t\t\tfunction changeImage(attElement, nameElement) {\n\t\t\t\tdocument.getElementById('imageAttachment').src = attElement;\n\t\t\t\tdocument.getElementById('imageName').innerHTML = nameElement;}\n\t\t\t\u003c/script\u003e\u003c/html\u003e\n","FID_active_grids":150,"GridID":"M01","Shape_Length":5.4272361236140411e-05,"Shape_Area":1.6369854621755221e-10}},{"type":"Feature","id":27799,"geometry":{"type":"Polygon","coordinates":[[[112.68615413200007,-7.0894631709999771],[112.68615409900008,-7.0894541289999324],[112.68611789300007,-7.0894542599999681],[112.68611792600007,-7.089463301999956],[112.68615413200007,-7.0894631709999771]]]},"properties":{"OBJECTID":27799,"FID_mangrove_utm":27707,"OBJECTID_1":27707,"Name":"18102566,9293","FolderPath":"JATIM/JATIM","SymbolID":0,"AltMode":0,"Base":0,"Clamped":-1,"Extruded":0,"Snippet":"","PopupInfo":"\u003chtml xmlns:fo=\"http://www.w3.org/1999/XSL/Format\" xmlns:msxsl=\"urn:schemas-microsoft-com:xslt\"\u003e\n\u003chead\u003e\n\u003cMETA http-equiv=\"Content-Type\" content=\"text/html\"\u003e\n\u003cmeta http-equiv=\"content-type\" content=\"text/html; charset=UTF-8\"\u003e\n\u003c/head\u003e\n\u003cbody style=\"margin:0px 0px 0px 0px;overflow:auto;background:#FFFFFF;\"\u003e\n\u003ctable style=\"font-family:Arial,Verdana,Times;font-size:12px;text-align:left;width:100%;border-collapse:collapse;padding:3px 3px 3px 3px\"\u003e\n\u003ctr style=\"text-align:center;font-weight:bold;background:#9CBCE2\"\u003e\n\u003ctd\u003e18102566,9293\u003c/td\u003e\n\u003c/tr\u003e\n\u003ctr\u003e\n\u003ctd\u003e\n\u003ctable style=\"font-family:Arial,Verdana,Times;font-size:12px;text-align:left;width:100%;border-spacing:0px; padding:3px 3px 3px 3px\"\u003e\n\u003ctr\u003e\n\u003ctd\u003eFID\u003c/td\u003e\n\u003ctd\u003e0\u003c/td\u003e\n\u003c/tr\u003e\n\u003ctr bgcolor=\"#D4E4F3\"\u003e\n\u003ctd\u003eShape_Leng\u003c/td\u003e\n\u003ctd\u003e18102566,9293\u003c/td\u003e\n\u003c/tr\u003e\n\u003c/table\u003e\n\u003c/td\u003e\n\u003c/tr\u003e\n\u003c/table\u003e\n\u003c/body\u003e\u003cscript type=\"text/javascript\"\u003e\n\t\t\t\tfunction changeImage(attElement, nameElement) {\n\t\t\t\tdocument.getElementById('imageAttachment').src = attElement;\n\t\t\t\tdocument.getElementById('imageName').innerHTML = nameElement;}\n\t\t\t\u003c/script\u003e\u003c/html\u003e\n","FID_active_grids":150,"GridID":"M01","Shape_Length":9.0496594459396132e-05,"Shape_Area":3.2737897562761222e-10}},{"type":"Feature","id":27800,"geometry":{"type":"Polygon","coordinates":[[[112.68630797600008,-7.0894535709999786],[112.68628082100008,-7.0894536689999654],[112.68628092000006,-7.089480794999929],[112.68628997100006,-7.0894807619999369],[112.68629000400006,-7.0894898039999248],[112.68629905600005,-7.0894897709999327],[112.68629902300006,-7.0894807289999449],[112.68630807400007,-7.0894806969999422],[112.68630797600008,-7.0894535709999786]]]},"properties":{"OBJECTID":27800,"FID_mangrove_utm":27708,"OBJECTID_1":27708,"Name":"18102566,9293","FolderPath":"JATIM/JATIM","SymbolID":0,"AltMode":0,"Base":0,"Clamped":-1,"Extruded":0,"Snippet":"","PopupInfo":"\u003chtml xmlns:fo=\"http://www.w3.org/1999/XSL/Format\" xmlns:msxsl=\"urn:schemas-microsoft-com:xslt\"\u003e\n\u003chead\u003e\n\u003cMETA http-equiv=\"Content-Type\" content=\"text/html\"\u003e\n\u003cmeta http-equiv=\"content-type\" content=\"text/html; charset=UTF-8\"\u003e\n\u003c/head\u003e\n\u003cbody style=\"margin:0px 0px 0px 0px;overflow:auto;background:#FFFFFF;\"\u003e\n\u003ctable style=\"font-family:Arial,Verdana,Times;font-size:12px;text-align:left;width:100%;border-collapse:collapse;padding:3px 3px 3px 3px\"\u003e\n\u003ctr style=\"text-align:center;font-weight:bold;background:#9CBCE2\"\u003e\n\u003ctd\u003e18102566,9293\u003c/td\u003e\n\u003c/tr\u003e\n\u003ctr\u003e\n\u003ctd\u003e\n\u003ctable style=\"font-family:Arial,Verdana,Times;font-size:12px;text-align:left;width:100%;border-spacing:0px; padding:3px 3px 3px 3px\"\u003e\n\u003ctr\u003e\n\u003ctd\u003eFID\u003c/td\u003e\n\u003ctd\u003e0\u003c/td\u003e\n\u003c/tr\u003e\n\u003ctr bgcolor=\"#D4E4F3\"\u003e\n\u003ctd\u003eShape_Leng\u003c/td\u003e\n\u003ctd\u003e18102566,9293\u003c/td\u003e\n\u003c/tr\u003e\n\u003c/table\u003e\n\u003c/td\u003e\n\u003c/tr\u003e\n\u003c/table\u003e\n\u003c/body\u003e\u003cscript type=\"text/javascript\"\u003e\n\t\t\t\tfunction changeImage(attElement, nameElement) {\n\t\t\t\tdocument.getElementById('imageAttachment').src = attElement;\n\t\t\t\tdocument.getElementById('imageName').innerHTML = nameElement;}\n\t\t\t\u003c/script\u003e\u003c/html\u003e\n","FID_active_grids":150,"GridID":"M01","Shape_Length":0.00012664583174349715,"Shape_Area":8.1844284054270271e-10}},{"type":"Feature","id":27801,"geometry":{"type":"Polygon","coordinates":[[[112.6863531680001,-7.0894353219999289],[112.6863531350001,-7.089426279999941],[112.6863350320001,-7.0894263459999252],[112.68633506500009,-7.0894353879999699],[112.6863531680001,-7.0894353219999289]]]},"properties":{"OBJECTID":27801,"FID_mangrove_utm":27709,"OBJECTID_1":27709,"Name":"18102566,9293","FolderPath":"JATIM/JATIM","SymbolID":0,"AltMode":0,"Base":0,"Clamped":-1,"Extruded":0,"Snippet":"","PopupInfo":"\u003chtml xmlns:fo=\"http://www.w3.org/1999/XSL/Format\" xmlns:msxsl=\"urn:schemas-microsoft-com:xslt\"\u003e\n\u003chead\u003e\n\u003cMETA http-equiv=\"Content-Type\" content=\"text/html\"\u003e\n\u003cmeta http-equiv=\"content-type\" content=\"text/html; charset=UTF-8\"\u003e\n\u003c/head\u003e\n\u003cbody style=\"margin:0px 0px 0px 0px;overflow:auto;background:#FFFFFF;\"\u003e\n\u003ctable style=\"font-family:Arial,Verdana,Times;font-size:12px;text-align:left;width:100%;border-collapse:collapse;padding:3px 3px 3px 3px\"\u003e\n\u003ctr style=\"text-align:center;font-weight:bold;background:#9CBCE2\"\u003e\n\u003ctd\u003e18102566,9293\u003c/td\u003e\n\u003c/tr\u003e\n\u003ctr\u003e\n\u003ctd\u003e\n\u003ctable style=\"font-family:Arial,Verdana,Times;font-size:12px;text-align:left;width:100%;border-spacing:0px; padding:3px 3px 3px 3px\"\u003e\n\u003ctr\u003e\n\u003ctd\u003eFID\u003c/td\u003e\n\u003ctd\u003e0\u003c/td\u003e\n\u003c/tr\u003e\n\u003ctr bgcolor=\"#D4E4F3\"\u003e\n\u003ctd\u003eShape_Leng\u003c/td\u003e\n\u003ctd\u003e18102566,9293\u003c/td\u003e\n\u003c/tr\u003e\n\u003c/table\u003e\n\u003c/td\u003e\n\u003c/tr\u003e\n\u003c/table\u003e\n\u003c/body\u003e\u003cscript type=\"text/javascript\"\u003e\n\t\t\t\tfunction changeImage(attElement, nameElement) {\n\t\t\t\tdocument.getElementById('imageAttachment').src = attElement;\n\t\t\t\tdocument.getElementById('imageName').innerHTML = nameElement;}\n\t\t\t\u003c/script\u003e\u003c/html\u003e\n","FID_active_grids":150,"GridID":"M01","Shape_Length":5.4290361096762019e-05,"Shape_Area":1.6368950431409661e-10}},{"type":"Feature","id":27802,"geometry":{"type":"Polygon","coordinates":[[[112.68670642900008,-7.0894249979999699],[112.68670612500011,-7.0894192359999693],[112.68670614600001,-7.0894249989999594],[112.68670642900008,-7.0894249979999699]]]},"properties":{"OBJECTID":27802,"FID_mangrove_utm":27710,"OBJECTID_1":27710,"Name":"18102566,9293","FolderPath":"JATIM/JATIM","SymbolID":0,"AltMode":0,"Base":0,"Clamped":-1,"Extruded":0,"Snippet":"","PopupInfo":"\u003chtml xmlns:fo=\"http://www.w3.org/1999/XSL/Format\" xmlns:msxsl=\"urn:schemas-microsoft-com:xslt\"\u003e\n\u003chead\u003e\n\u003cMETA http-equiv=\"Content-Type\" content=\"text/html\"\u003e\n\u003cmeta http-equiv=\"content-type\" content=\"text/html; charset=UTF-8\"\u003e\n\u003c/head\u003e\n\u003cbody style=\"margin:0px 0px 0px 0px;overflow:auto;background:#FFFFFF;\"\u003e\n\u003ctable style=\"font-family:Arial,Verdana,Times;font-size:12px;text-align:left;width:100%;border-collapse:collapse;padding:3px 3px 3px 3px\"\u003e\n\u003ctr style=\"text-align:center;font-weight:bold;background:#9CBCE2\"\u003e\n\u003ctd\u003e18102566,9293\u003c/td\u003e\n\u003c/tr\u003e\n\u003ctr\u003e\n\u003ctd\u003e\n\u003ctable style=\"font-family:Arial,Verdana,Times;font-size:12px;text-align:left;width:100%;border-spacing:0px; padding:3px 3px 3px 3px\"\u003e\n\u003ctr\u003e\n\u003ctd\u003eFID\u003c/td\u003e\n\u003ctd\u003e0\u003c/td\u003e\n\u003c/tr\u003e\n\u003ctr bgcolor=\"#D4E4F3\"\u003e\n\u003ctd\u003eShape_Leng\u003c/td\u003e\n\u003ctd\u003e18102566,9293\u003c/td\u003e\n\u003c/tr\u003e\n\u003c/table\u003e\n\u003c/td\u003e\n\u003c/tr\u003e\n\u003c/table\u003e\n\u003c/body\u003e\u003cscript type=\"text/javascript\"\u003e\n\t\t\t\tfunction changeImage(attElement, nameElement) {\n\t\t\t\tdocument.getElementById('imageAttachment').src = attElement;\n\t\t\t\tdocument.getElementById('imageName').innerHTML = nameElement;}\n\t\t\t\u003c/script\u003e\u003c/html\u003e\n","FID_active_grids":150,"GridID":"M01","Shape_Length":1.1816053958175757e-05,"Shape_Area":8.1547521946446669e-13}},{"type":"Feature","id":27803,"geometry":{"type":"Polygon","coordinates":[[[112.686452669,-7.0894168769999624],[112.68642551500011,-7.0894169749999492],[112.6864255480001,-7.089426016999937],[112.6863802900001,-7.0894261819999542],[112.6863803550001,-7.0894442659999299],[112.68631699400009,-7.0894444959999419],[112.68631712600006,-7.0894806639999501],[112.68635333200007,-7.089480531999925],[112.68635336500006,-7.0894895739999697],[112.68637146800006,-7.089489508999975],[112.68637143500007,-7.0894804669999303],[112.68638953900006,-7.0894804009999461],[112.68638950600007,-7.0894713589999583],[112.68639855700008,-7.0894713259999662],[112.68639852400008,-7.0894622839999784],[112.68641662800007,-7.0894622179999374],[112.68641659500008,-7.0894531759999495],[112.68642564600009,-7.0894531429999574],[112.6864256130001,-7.0894441009999696],[112.68652518100009,-7.0894437399999788],[112.6865251480001,-7.0894346979999341],[112.6865160960001,-7.0894347309999262],[112.68651606300011,-7.0894256889999383],[112.68649796000011,-7.0894257549999793],[112.6864979930001,-7.0894347969999671],[112.68648894100011,-7.0894348289999698],[112.6864889090001,-7.0894257869999251],[112.68645270200011,-7.0894259189999502],[112.686452669,-7.0894168769999624]]]},"properties":{"OBJECTID":27803,"FID_mangrove_utm":27711,"OBJECTID_1":27711,"Name":"18102566,9293","FolderPath":"JATIM/JATIM","SymbolID":0,"AltMode":0,"Base":0,"Clamped":-1,"Extruded":0,"Snippet":"","PopupInfo":"\u003chtml xmlns:fo=\"http://www.w3.org/1999/XSL/Format\" xmlns:msxsl=\"urn:schemas-microsoft-com:xslt\"\u003e\n\u003chead\u003e\n\u003cMETA http-equiv=\"Content-Type\" content=\"text/html\"\u003e\n\u003cmeta http-equiv=\"content-type\" content=\"text/html; charset=UTF-8\"\u003e\n\u003c/head\u003e\n\u003cbody style=\"margin:0px 0px 0px 0px;overflow:auto;background:#FFFFFF;\"\u003e\n\u003ctable style=\"font-family:Arial,Verdana,Times;font-size:12px;text-align:left;width:100%;border-collapse:collapse;padding:3px 3px 3px 3px\"\u003e\n\u003ctr style=\"text-align:center;font-weight:bold;background:#9CBCE2\"\u003e\n\u003ctd\u003e18102566,9293\u003c/td\u003e\n\u003c/tr\u003e\n\u003ctr\u003e\n\u003ctd\u003e\n\u003ctable style=\"font-family:Arial,Verdana,Times;font-size:12px;text-align:left;width:100%;border-spacing:0px; padding:3px 3px 3px 3px\"\u003e\n\u003ctr\u003e\n\u003ctd\u003eFID\u003c/td\u003e\n\u003ctd\u003e0\u003c/td\u003e\n\u003c/tr\u003e\n\u003ctr bgcolor=\"#D4E4F3\"\u003e\n\u003ctd\u003eShape_Leng\u003c/td\u003e\n\u003ctd\u003e18102566,9293\u003c/td\u003e\n\u003c/tr\u003e\n\u003c/table\u003e\n\u003c/td\u003e\n\u003c/tr\u003e\n\u003c/table\u003e\n\u003c/body\u003e\u003cscript type=\"text/javascript\"\u003e\n\t\t\t\tfunction changeImage(attElement, nameElement) {\n\t\t\t\tdocument.getElementById('imageAttachment').src = attElement;\n\t\t\t\tdocument.getElementById('imageName').innerHTML = nameElement;}\n\t\t\t\u003c/script\u003e\u003c/html\u003e\n","FID_active_grids":150,"GridID":"M01","Shape_Length":0.00057913382204881163,"Shape_Area":6.1383784307994497e-09}},{"type":"Feature","id":27804,"geometry":{"type":"Polygon","coordinates":[[[112.68664281800011,-7.0894342709999592],[112.6866428510001,-7.089443312999947],[112.6866519030001,-7.0894432799999549],[112.68665196800009,-7.0894613639999307],[112.68666102000009,-7.0894613309999386],[112.6866609870001,-7.0894522889999507],[112.68667003900009,-7.0894522559999587],[112.6866700060001,-7.0894432139999708],[112.68667905700011,-7.0894431809999787],[112.68667902400011,-7.089434138999934],[112.68668807600011,-7.0894341069999314],[112.68668817500009,-7.0894612329999518],[112.68669722600009,-7.0894611999999597],[112.6866971930001,-7.0894521579999719],[112.6867062450001,-7.0894521249999798],[112.6867062120001,-7.0894430829999351],[112.68669716000011,-7.0894431159999272],[112.68669706200001,-7.0894159899999636],[112.68670595300011,-7.0894159569999715],[112.6867045250001,-7.0893888359999551],[112.68668791200002,-7.0893888969999352],[112.68668794400003,-7.0893979389999799],[112.68667889300002,-7.0893979709999257],[112.68667886000003,-7.0893889289999379],[112.68666980800003,-7.08938896199993],[112.68666974300004,-7.0893708779999542],[112.68666069100004,-7.0893709109999463],[112.68666065800005,-7.0893618689999585],[112.68666971000005,-7.0893618359999664],[112.68666967700005,-7.0893527939999785],[112.68664252200006,-7.0893528929999547],[112.68664258800004,-7.0893709769999305],[112.68665163900005,-7.0893709439999384],[112.68665170500003,-7.0893890279999709],[112.68666075700003,-7.0893889949999789],[112.68666079000002,-7.0893980369999667],[112.68663363500002,-7.089398135999943],[112.68663370100001,-7.0894162199999755],[112.68661559800012,-7.0894162849999702],[112.68661563100011,-7.0894253269999581],[112.68655227000011,-7.08942555699997],[112.68655230200011,-7.0894345989999579],[112.68653419900011,-7.089434664999942],[112.6865342320001,-7.0894437069999299],[112.6865794900001,-7.0894435429999589],[112.68657952300009,-7.0894525849999468],[112.68658857500009,-7.0894525519999547],[112.68658860700009,-7.0894615939999426],[112.68659765900009,-7.0894615609999505],[112.6865975930001,-7.0894434769999748],[112.6866247480001,-7.0894433789999312],[112.68662471500011,-7.0894343369999433],[112.68664281800011,-7.0894342709999592],[112.68664278500012,-7.0894252289999713],[112.68665183700011,-7.0894251959999792],[112.68665187000011,-7.0894342379999671],[112.68664281800011,-7.0894342709999592]]]},"properties":{"OBJECTID":27804,"FID_mangrove_utm":27712,"OBJECTID_1":27712,"Name":"18102566,9293","FolderPath":"JATIM/JATIM","SymbolID":0,"AltMode":0,"Base":0,"Clamped":-1,"Extruded":0,"Snippet":"","PopupInfo":"\u003chtml xmlns:fo=\"http://www.w3.org/1999/XSL/Format\" xmlns:msxsl=\"urn:schemas-microsoft-com:xslt\"\u003e\n\u003chead\u003e\n\u003cMETA http-equiv=\"Content-Type\" content=\"text/html\"\u003e\n\u003cmeta http-equiv=\"content-type\" content=\"text/html; charset=UTF-8\"\u003e\n\u003c/head\u003e\n\u003cbody style=\"margin:0px 0px 0px 0px;overflow:auto;background:#FFFFFF;\"\u003e\n\u003ctable style=\"font-family:Arial,Verdana,Times;font-size:12px;text-align:left;width:100%;border-collapse:collapse;padding:3px 3px 3px 3px\"\u003e\n\u003ctr style=\"text-align:center;font-weight:bold;background:#9CBCE2\"\u003e\n\u003ctd\u003e18102566,9293\u003c/td\u003e\n\u003c/tr\u003e\n\u003ctr\u003e\n\u003ctd\u003e\n\u003ctable style=\"font-family:Arial,Verdana,Times;font-size:12px;text-align:left;width:100%;border-spacing:0px; padding:3px 3px 3px 3px\"\u003e\n\u003ctr\u003e\n\u003ctd\u003eFID\u003c/td\u003e\n\u003ctd\u003e0\u003c/td\u003e\n\u003c/tr\u003e\n\u003ctr bgcolor=\"#D4E4F3\"\u003e\n\u003ctd\u003eShape_Leng\u003c/td\u003e\n\u003ctd\u003e18102566,9293\u003c/td\u003e\n\u003c/tr\u003e\n\u003c/table\u003e\n\u003c/td\u003e\n\u003c/tr\u003e\n\u003c/table\u003e\n\u003c/body\u003e\u003cscript type=\"text/javascript\"\u003e\n\t\t\t\tfunction changeImage(attElement, nameElement) {\n\t\t\t\tdocument.getElementById('imageAttachment').src = attElement;\n\t\t\t\tdocument.getElementById('imageName').innerHTML = nameElement;}\n\t\t\t\u003c/script\u003e\u003c/html\u003e\n","FID_active_grids":150,"GridID":"M01","Shape_Length":0.00079454663303045437,"Shape_Area":6.2797445411488716e-09}},{"type":"Feature","id":27805,"geometry":{"type":"Polygon","coordinates":[[[112.68664239100008,-7.0893167249999465],[112.68663333900008,-7.0893167579999385],[112.68663337200007,-7.0893257999999264],[112.68664242300008,-7.0893257669999343],[112.68664239100008,-7.0893167249999465]]]},"properties":{"OBJECTID":27805,"FID_mangrove_utm":27713,"OBJECTID_1":27713,"Name":"18102566,9293","FolderPath":"JATIM/JATIM","SymbolID":0,"AltMode":0,"Base":0,"Clamped":-1,"Extruded":0,"Snippet":"","PopupInfo":"\u003chtml xmlns:fo=\"http://www.w3.org/1999/XSL/Format\" xmlns:msxsl=\"urn:schemas-microsoft-com:xslt\"\u003e\n\u003chead\u003e\n\u003cMETA http-equiv=\"Content-Type\" content=\"text/html\"\u003e\n\u003cmeta http-equiv=\"content-type\" content=\"text/html; charset=UTF-8\"\u003e\n\u003c/head\u003e\n\u003cbody style=\"margin:0px 0px 0px 0px;overflow:auto;background:#FFFFFF;\"\u003e\n\u003ctable style=\"font-family:Arial,Verdana,Times;font-size:12px;text-align:left;width:100%;border-collapse:collapse;padding:3px 3px 3px 3px\"\u003e\n\u003ctr style=\"text-align:center;font-weight:bold;background:#9CBCE2\"\u003e\n\u003ctd\u003e18102566,9293\u003c/td\u003e\n\u003c/tr\u003e\n\u003ctr\u003e\n\u003ctd\u003e\n\u003ctable style=\"font-family:Arial,Verdana,Times;font-size:12px;text-align:left;width:100%;border-spacing:0px; padding:3px 3px 3px 3px\"\u003e\n\u003ctr\u003e\n\u003ctd\u003eFID\u003c/td\u003e\n\u003ctd\u003e0\u003c/td\u003e\n\u003c/tr\u003e\n\u003ctr bgcolor=\"#D4E4F3\"\u003e\n\u003ctd\u003eShape_Leng\u003c/td\u003e\n\u003ctd\u003e18102566,9293\u003c/td\u003e\n\u003c/tr\u003e\n\u003c/table\u003e\n\u003c/td\u003e\n\u003c/tr\u003e\n\u003c/table\u003e\n\u003c/body\u003e\u003cscript type=\"text/javascript\"\u003e\n\t\t\t\tfunction changeImage(attElement, nameElement) {\n\t\t\t\tdocument.getElementById('imageAttachment').src = attElement;\n\t\t\t\tdocument.getElementById('imageName').innerHTML = nameElement;}\n\t\t\t\u003c/script\u003e\u003c/html\u003e\n","FID_active_grids":150,"GridID":"M01","Shape_Length":3.618723713218666e-05,"Shape_Area":8.1844735399498701e-11}},{"type":"Feature","id":27806,"geometry":{"type":"Polygon","coordinates":[[[112.68627690800008,-7.0892818829999555],[112.68626207700004,-7.0892775459999484],[112.6862620930001,-7.0892819369999529],[112.68627690800008,-7.0892818829999555]]]},"properties":{"OBJECTID":27806,"FID_mangrove_utm":27714,"OBJECTID_1":27714,"Name":"18102566,9293","FolderPath":"JATIM/JATIM","SymbolID":0,"AltMode":0,"Base":0,"Clamped":-1,"Extruded":0,"Snippet":"","PopupInfo":"\u003chtml xmlns:fo=\"http://www.w3.org/1999/XSL/Format\" xmlns:msxsl=\"urn:schemas-microsoft-com:xslt\"\u003e\n\u003chead\u003e\n\u003cMETA http-equiv=\"Content-Type\" content=\"text/html\"\u003e\n\u003cmeta http-equiv=\"content-type\" content=\"text/html; charset=UTF-8\"\u003e\n\u003c/head\u003e\n\u003cbody style=\"margin:0px 0px 0px 0px;overflow:auto;background:#FFFFFF;\"\u003e\n\u003ctable style=\"font-family:Arial,Verdana,Times;font-size:12px;text-align:left;width:100%;border-collapse:collapse;padding:3px 3px 3px 3px\"\u003e\n\u003ctr style=\"text-align:center;font-weight:bold;background:#9CBCE2\"\u003e\n\u003ctd\u003e18102566,9293\u003c/td\u003e\n\u003c/tr\u003e\n\u003ctr\u003e\n\u003ctd\u003e\n\u003ctable style=\"font-family:Arial,Verdana,Times;font-size:12px;text-align:left;width:100%;border-spacing:0px; padding:3px 3px 3px 3px\"\u003e\n\u003ctr\u003e\n\u003ctd\u003eFID\u003c/td\u003e\n\u003ctd\u003e0\u003c/td\u003e\n\u003c/tr\u003e\n\u003ctr bgcolor=\"#D4E4F3\"\u003e\n\u003ctd\u003eShape_Leng\u003c/td\u003e\n\u003ctd\u003e18102566,9293\u003c/td\u003e\n\u003c/tr\u003e\n\u003c/table\u003e\n\u003c/td\u003e\n\u003c/tr\u003e\n\u003c/table\u003e\n\u003c/body\u003e\u003cscript type=\"text/javascript\"\u003e\n\t\t\t\tfunction changeImage(attElement, nameElement) {\n\t\t\t\tdocument.getElementById('imageAttachment').src = attElement;\n\t\t\t\tdocument.getElementById('imageName').innerHTML = nameElement;}\n\t\t\t\u003c/script\u003e\u003c/html\u003e\n","FID_active_grids":150,"GridID":"M01","Shape_Length":3.4658251401019759e-05,"Shape_Area":3.2526764503847643e-11}},{"type":"Feature","id":27807,"geometry":{"type":"Polygon","coordinates":[[[112.68624636800007,-7.0892729519999307],[112.68624395400002,-7.0892722459999504],[112.6862439570001,-7.0892729609999492],[112.68624636800007,-7.0892729519999307]]]},"properties":{"OBJECTID":27807,"FID_mangrove_utm":27715,"OBJECTID_1":27715,"Name":"18102566,9293","FolderPath":"JATIM/JATIM","SymbolID":0,"AltMode":0,"Base":0,"Clamped":-1,"Extruded":0,"Snippet":"","PopupInfo":"\u003chtml xmlns:fo=\"http://www.w3.org/1999/XSL/Format\" xmlns:msxsl=\"urn:schemas-microsoft-com:xslt\"\u003e\n\u003chead\u003e\n\u003cMETA http-equiv=\"Content-Type\" content=\"text/html\"\u003e\n\u003cmeta http-equiv=\"content-type\" content=\"text/html; charset=UTF-8\"\u003e\n\u003c/head\u003e\n\u003cbody style=\"margin:0px 0px 0px 0px;overflow:auto;background:#FFFFFF;\"\u003e\n\u003ctable style=\"font-family:Arial,Verdana,Times;font-size:12px;text-align:left;width:100%;border-collapse:collapse;padding:3px 3px 3px 3px\"\u003e\n\u003ctr style=\"text-align:center;font-weight:bold;background:#9CBCE2\"\u003e\n\u003ctd\u003e18102566,9293\u003c/td\u003e\n\u003c/tr\u003e\n\u003ctr\u003e\n\u003ctd\u003e\n\u003ctable style=\"font-family:Arial,Verdana,Times;font-size:12px;text-align:left;width:100%;border-spacing:0px; padding:3px 3px 3px 3px\"\u003e\n\u003ctr\u003e\n\u003ctd\u003eFID\u003c/td\u003e\n\u003ctd\u003e0\u003c/td\u003e\n\u003c/tr\u003e\n\u003ctr bgcolor=\"#D4E4F3\"\u003e\n\u003ctd\u003eShape_Leng\u003c/td\u003e\n\u003ctd\u003e18102566,9293\u003c/td\u003e\n\u003c/tr\u003e\n\u003c/table\u003e\n\u003c/td\u003e\n\u003c/tr\u003e\n\u003c/table\u003e\n\u003c/body\u003e\u003cscript type=\"text/javascript\"\u003e\n\t\t\t\tfunction changeImage(attElement, nameElement) {\n\t\t\t\tdocument.getElementById('imageAttachment').src = attElement;\n\t\t\t\tdocument.getElementById('imageName').innerHTML = nameElement;}\n\t\t\t\u003c/script\u003e\u003c/html\u003e\n","FID_active_grids":150,"GridID":"M01","Shape_Length":5.6411437753632011e-06,"Shape_Area":8.6194598766609375e-13}},{"type":"Feature","id":27809,"geometry":{"type":"Polygon","coordinates":[[[112.68612420900001,-7.0892372269999555],[112.68610803400009,-7.0892324969999549],[112.68610805200001,-7.0892372859999568],[112.68612420900001,-7.0892372269999555]]]},"properties":{"OBJECTID":27809,"FID_mangrove_utm":27717,"OBJECTID_1":27717,"Name":"18102566,9293","FolderPath":"JATIM/JATIM","SymbolID":0,"AltMode":0,"Base":0,"Clamped":-1,"Extruded":0,"Snippet":"","PopupInfo":"\u003chtml xmlns:fo=\"http://www.w3.org/1999/XSL/Format\" xmlns:msxsl=\"urn:schemas-microsoft-com:xslt\"\u003e\n\u003chead\u003e\n\u003cMETA http-equiv=\"Content-Type\" content=\"text/html\"\u003e\n\u003cmeta http-equiv=\"content-type\" content=\"text/html; charset=UTF-8\"\u003e\n\u003c/head\u003e\n\u003cbody style=\"margin:0px 0px 0px 0px;overflow:auto;background:#FFFFFF;\"\u003e\n\u003ctable style=\"font-family:Arial,Verdana,Times;font-size:12px;text-align:left;width:100%;border-collapse:collapse;padding:3px 3px 3px 3px\"\u003e\n\u003ctr style=\"text-align:center;font-weight:bold;background:#9CBCE2\"\u003e\n\u003ctd\u003e18102566,9293\u003c/td\u003e\n\u003c/tr\u003e\n\u003ctr\u003e\n\u003ctd\u003e\n\u003ctable style=\"font-family:Arial,Verdana,Times;font-size:12px;text-align:left;width:100%;border-spacing:0px; padding:3px 3px 3px 3px\"\u003e\n\u003ctr\u003e\n\u003ctd\u003eFID\u003c/td\u003e\n\u003ctd\u003e0\u003c/td\u003e\n\u003c/tr\u003e\n\u003ctr bgcolor=\"#D4E4F3\"\u003e\n\u003ctd\u003eShape_Leng\u003c/td\u003e\n\u003ctd\u003e18102566,9293\u003c/td\u003e\n\u003c/tr\u003e\n\u003c/table\u003e\n\u003c/td\u003e\n\u003c/tr\u003e\n\u003c/table\u003e\n\u003c/body\u003e\u003cscript type=\"text/javascript\"\u003e\n\t\t\t\tfunction changeImage(attElement, nameElement) {\n\t\t\t\tdocument.getElementById('imageAttachment').src = attElement;\n\t\t\t\tdocument.getElementById('imageName').innerHTML = nameElement;}\n\t\t\t\u003c/script\u003e\u003c/html\u003e\n","FID_active_grids":150,"GridID":"M01","Shape_Length":3.7798545619543002e-05,"Shape_Area":3.8688467523977467e-11}},{"type":"Feature","id":27810,"geometry":{"type":"Polygon","coordinates":[[[112.68609366900012,-7.0892282959999307],[112.68608991200006,-7.089227196999957],[112.68608991600001,-7.0892283089999637],[112.68609366900012,-7.0892282959999307]]]},"properties":{"OBJECTID":27810,"FID_mangrove_utm":27718,"OBJECTID_1":27718,"Name":"18102566,9293","FolderPath":"JATIM/JATIM","SymbolID":0,"AltMode":0,"Base":0,"Clamped":-1,"Extruded":0,"Snippet":"","PopupInfo":"\u003chtml xmlns:fo=\"http://www.w3.org/1999/XSL/Format\" xmlns:msxsl=\"urn:schemas-microsoft-com:xslt\"\u003e\n\u003chead\u003e\n\u003cMETA http-equiv=\"Content-Type\" content=\"text/html\"\u003e\n\u003cmeta http-equiv=\"content-type\" content=\"text/html; charset=UTF-8\"\u003e\n\u003c/head\u003e\n\u003cbody style=\"margin:0px 0px 0px 0px;overflow:auto;background:#FFFFFF;\"\u003e\n\u003ctable style=\"font-family:Arial,Verdana,Times;font-size:12px;text-align:left;width:100%;border-collapse:collapse;padding:3px 3px 3px 3px\"\u003e\n\u003ctr style=\"text-align:center;font-weight:bold;background:#9CBCE2\"\u003e\n\u003ctd\u003e18102566,9293\u003c/td\u003e\n\u003c/tr\u003e\n\u003ctr\u003e\n\u003ctd\u003e\n\u003ctable style=\"font-family:Arial,Verdana,Times;font-size:12px;text-align:left;width:100%;border-spacing:0px; padding:3px 3px 3px 3px\"\u003e\n\u003ctr\u003e\n\u003ctd\u003eFID\u003c/td\u003e\n\u003ctd\u003e0\u003c/td\u003e\n\u003c/tr\u003e\n\u003ctr bgcolor=\"#D4E4F3\"\u003e\n\u003ctd\u003eShape_Leng\u003c/td\u003e\n\u003ctd\u003e18102566,9293\u003c/td\u003e\n\u003c/tr\u003e\n\u003c/table\u003e\n\u003c/td\u003e\n\u003c/tr\u003e\n\u003c/table\u003e\n\u003c/body\u003e\u003cscript type=\"text/javascript\"\u003e\n\t\t\t\tfunction changeImage(attElement, nameElement) {\n\t\t\t\tdocument.getElementById('imageAttachment').src = attElement;\n\t\t\t\tdocument.getElementById('imageName').innerHTML = nameElement;}\n\t\t\t\u003c/script\u003e\u003c/html\u003e\n","FID_active_grids":150,"GridID":"M01","Shape_Length":8.7794710776810649e-06,"Shape_Area":2.0866940685512755e-12}},{"type":"Feature","id":27811,"geometry":{"type":"Polygon","coordinates":[[[112.6860631290001,-7.0892193639999732],[112.68605366600002,-7.089216596999961],[112.68605367700002,-7.0892193989999441],[112.6860631290001,-7.0892193639999732]]]},"properties":{"OBJECTID":27811,"FID_mangrove_utm":27719,"OBJECTID_1":27719,"Name":"18102566,9293","FolderPath":"JATIM/JATIM","SymbolID":0,"AltMode":0,"Base":0,"Clamped":-1,"Extruded":0,"Snippet":"","PopupInfo":"\u003chtml xmlns:fo=\"http://www.w3.org/1999/XSL/Format\" xmlns:msxsl=\"urn:schemas-microsoft-com:xslt\"\u003e\n\u003chead\u003e\n\u003cMETA http-equiv=\"Content-Type\" content=\"text/html\"\u003e\n\u003cmeta http-equiv=\"content-type\" content=\"text/html; charset=UTF-8\"\u003e\n\u003c/head\u003e\n\u003cbody style=\"margin:0px 0px 0px 0px;overflow:auto;background:#FFFFFF;\"\u003e\n\u003ctable style=\"font-family:Arial,Verdana,Times;font-size:12px;text-align:left;width:100%;border-collapse:collapse;padding:3px 3px 3px 3px\"\u003e\n\u003ctr style=\"text-align:center;font-weight:bold;background:#9CBCE2\"\u003e\n\u003ctd\u003e18102566,9293\u003c/td\u003e\n\u003c/tr\u003e\n\u003ctr\u003e\n\u003ctd\u003e\n\u003ctable style=\"font-family:Arial,Verdana,Times;font-size:12px;text-align:left;width:100%;border-spacing:0px; padding:3px 3px 3px 3px\"\u003e\n\u003ctr\u003e\n\u003ctd\u003eFID\u003c/td\u003e\n\u003ctd\u003e0\u003c/td\u003e\n\u003c/tr\u003e\n\u003ctr bgcolor=\"#D4E4F3\"\u003e\n\u003ctd\u003eShape_Leng\u003c/td\u003e\n\u003ctd\u003e18102566,9293\u003c/td\u003e\n\u003c/tr\u003e\n\u003c/table\u003e\n\u003c/td\u003e\n\u003c/tr\u003e\n\u003c/table\u003e\n\u003c/body\u003e\u003cscript type=\"text/javascript\"\u003e\n\t\t\t\tfunction changeImage(attElement, nameElement) {\n\t\t\t\tdocument.getElementById('imageAttachment').src = attElement;\n\t\t\t\tdocument.getElementById('imageName').innerHTML = nameElement;}\n\t\t\t\u003c/script\u003e\u003c/html\u003e\n","FID_active_grids":150,"GridID":"M01","Shape_Length":2.2113328807428479e-05,"Shape_Area":1.3242444540261805e-11}},{"type":"Feature","id":27813,"geometry":{"type":"Polygon","coordinates":[[[112.68664239100008,-7.0893167249999465],[112.68666049400008,-7.0893166589999623],[112.68666046100009,-7.0893076169999745],[112.68667856400009,-7.0893075519999798],[112.68667859700008,-7.0893165939999676],[112.68668764800009,-7.0893165609999755],[112.68668768100008,-7.0893256029999634],[112.68669673300008,-7.0893255699999713],[112.68669676600007,-7.0893346119999592],[112.68670167100004,-7.089334593999979],[112.68669658700003,-7.0892380029999345],[112.68657845400003,-7.0891301429999771],[112.68629691500007,-7.089281810999978],[112.6862982990001,-7.089281805999974],[112.68629833200009,-7.0892908479999619],[112.68632548700009,-7.0892907489999288],[112.68632552000008,-7.0892997909999735],[112.68635267400009,-7.0892996929999299],[112.68635270700008,-7.0893087339999283],[112.68638891400008,-7.0893086029999495],[112.68638888100008,-7.0892995609999616],[112.68642508700009,-7.0892994299999259],[112.6864250540001,-7.089290387999938],[112.6864612600001,-7.0892902559999698],[112.6864612280001,-7.0892812139999251],[112.6864702790001,-7.089281180999933],[112.68647024600011,-7.0892721389999451],[112.68647929800011,-7.0892721069999425],[112.68647926500012,-7.0892630649999546],[112.686497368,-7.0892629989999705],[112.68649733500001,-7.0892539569999258],[112.68650638700001,-7.0892539239999337],[112.68650635400002,-7.0892448819999458],[112.68651540500002,-7.0892448489999538],[112.68651543800001,-7.0892538909999416],[112.68652449000001,-7.0892538579999496],[112.68652452300012,-7.0892628999999374],[112.68655167700001,-7.0892628019999506],[112.68655171000012,-7.0892718439999385],[112.68656076200011,-7.0892718109999464],[112.6865607950001,-7.0892808529999343],[112.6865879500001,-7.0892807539999581],[112.6865880150001,-7.0892988379999338],[112.68659706700009,-7.0892988049999417],[112.68659710000009,-7.0893078469999296],[112.68661520300009,-7.0893077819999348],[112.6866151700001,-7.089298739999947],[112.68662422200009,-7.0892987069999549],[112.68662415600011,-7.0892806229999792],[112.68663320700011,-7.0892805899999303],[112.68663314200001,-7.0892625059999546],[112.68664219300001,-7.0892624729999625],[112.68664225900011,-7.0892805569999382],[112.68665131100011,-7.0892805239999461],[112.68665140900009,-7.0893076499999665],[112.68664235800009,-7.0893076829999586],[112.68664239100008,-7.0893167249999465]]]},"properties":{"OBJECTID":27813,"FID_mangrove_utm":27721,"OBJECTID_1":27721,"Name":"18102566,9293","FolderPath":"JATIM/JATIM","SymbolID":0,"AltMode":0,"Base":0,"Clamped":-1,"Extruded":0,"Snippet":"","PopupInfo":"\u003chtml xmlns:fo=\"http://www.w3.org/1999/XSL/Format\" xmlns:msxsl=\"urn:schemas-microsoft-com:xslt\"\u003e\n\u003chead\u003e\n\u003cMETA http-equiv=\"Content-Type\" content=\"text/html\"\u003e\n\u003cmeta http-equiv=\"content-type\" content=\"text/html; charset=UTF-8\"\u003e\n\u003c/head\u003e\n\u003cbody style=\"margin:0px 0px 0px 0px;overflow:auto;background:#FFFFFF;\"\u003e\n\u003ctable style=\"font-family:Arial,Verdana,Times;font-size:12px;text-align:left;width:100%;border-collapse:collapse;padding:3px 3px 3px 3px\"\u003e\n\u003ctr style=\"text-align:center;font-weight:bold;background:#9CBCE2\"\u003e\n\u003ctd\u003e18102566,9293\u003c/td\u003e\n\u003c/tr\u003e\n\u003ctr\u003e\n\u003ctd\u003e\n\u003ctable style=\"font-family:Arial,Verdana,Times;font-size:12px;text-align:left;width:100%;border-spacing:0px; padding:3px 3px 3px 3px\"\u003e\n\u003ctr\u003e\n\u003ctd\u003eFID\u003c/td\u003e\n\u003ctd\u003e0\u003c/td\u003e\n\u003c/tr\u003e\n\u003ctr bgcolor=\"#D4E4F3\"\u003e\n\u003ctd\u003eShape_Leng\u003c/td\u003e\n\u003ctd\u003e18102566,9293\u003c/td\u003e\n\u003c/tr\u003e\n\u003c/table\u003e\n\u003c/td\u003e\n\u003c/tr\u003e\n\u003c/table\u003e\n\u003c/body\u003e\u003cscript type=\"text/javascript\"\u003e\n\t\t\t\tfunction changeImage(attElement, nameElement) {\n\t\t\t\tdocument.getElementById('imageAttachment').src = attElement;\n\t\t\t\tdocument.getElementById('imageName').innerHTML = nameElement;}\n\t\t\t\u003c/script\u003e\u003c/html\u003e\n","FID_active_grids":150,"GridID":"M01","Shape_Length":0.0012884913312559429,"Shape_Area":3.6039491534845564e-08}},{"type":"Feature","id":27821,"geometry":{"type":"Polygon","coordinates":[[[112.68521971600001,-7.0888878659999364],[112.68513825200012,-7.0888881619999324],[112.6851383180001,-7.088906245999965],[112.6851564210001,-7.0889061799999808],[112.68515651900009,-7.0889333059999444],[112.68516557100008,-7.0889332729999524],[112.68516560400008,-7.0889423149999402],[112.68520181000008,-7.0889421839999613],[112.68520177700009,-7.0889331419999735],[112.68521082900008,-7.0889331089999814],[112.68521079600009,-7.0889240669999367],[112.6852198470001,-7.0889240339999446],[112.68521971600001,-7.0888878659999364]]]},"properties":{"OBJECTID":27821,"FID_mangrove_utm":27729,"OBJECTID_1":27729,"Name":"18102566,9293","FolderPath":"JATIM/JATIM","SymbolID":0,"AltMode":0,"Base":0,"Clamped":-1,"Extruded":0,"Snippet":"","PopupInfo":"\u003chtml xmlns:fo=\"http://www.w3.org/1999/XSL/Format\" xmlns:msxsl=\"urn:schemas-microsoft-com:xslt\"\u003e\n\u003chead\u003e\n\u003cMETA http-equiv=\"Content-Type\" content=\"text/html\"\u003e\n\u003cmeta http-equiv=\"content-type\" content=\"text/html; charset=UTF-8\"\u003e\n\u003c/head\u003e\n\u003cbody style=\"margin:0px 0px 0px 0px;overflow:auto;background:#FFFFFF;\"\u003e\n\u003ctable style=\"font-family:Arial,Verdana,Times;font-size:12px;text-align:left;width:100%;border-collapse:collapse;padding:3px 3px 3px 3px\"\u003e\n\u003ctr style=\"text-align:center;font-weight:bold;background:#9CBCE2\"\u003e\n\u003ctd\u003e18102566,9293\u003c/td\u003e\n\u003c/tr\u003e\n\u003ctr\u003e\n\u003ctd\u003e\n\u003ctable style=\"font-family:Arial,Verdana,Times;font-size:12px;text-align:left;width:100%;border-spacing:0px; padding:3px 3px 3px 3px\"\u003e\n\u003ctr\u003e\n\u003ctd\u003eFID\u003c/td\u003e\n\u003ctd\u003e0\u003c/td\u003e\n\u003c/tr\u003e\n\u003ctr bgcolor=\"#D4E4F3\"\u003e\n\u003ctd\u003eShape_Leng\u003c/td\u003e\n\u003ctd\u003e18102566,9293\u003c/td\u003e\n\u003c/tr\u003e\n\u003c/table\u003e\n\u003c/td\u003e\n\u003c/tr\u003e\n\u003c/table\u003e\n\u003c/body\u003e\u003cscript type=\"text/javascript\"\u003e\n\t\t\t\tfunction changeImage(attElement, nameElement) {\n\t\t\t\tdocument.getElementById('imageAttachment').src = attElement;\n\t\t\t\tdocument.getElementById('imageName').innerHTML = nameElement;}\n\t\t\t\u003c/script\u003e\u003c/html\u003e\n","FID_active_grids":150,"GridID":"M01","Shape_Length":0.0002714337908003632,"Shape_Area":3.437488242582641e-09}},{"type":"Feature","id":27921,"geometry":{"type":"Polygon","coordinates":[[[112.68431661500006,-7.0869651699999281],[112.68431671300004,-7.0869922959999485],[112.68432576500004,-7.0869922629999564],[112.68432579800003,-7.0870013049999443],[112.68433484900004,-7.0870012729999416],[112.68433501400011,-7.0870464829999378],[112.68432596200012,-7.0870465149999404],[112.68432599500011,-7.0870555569999283],[112.68431694300011,-7.0870555899999772],[112.68431720600006,-7.0871279259999369],[112.68430815400006,-7.087127958999929],[112.68430818700006,-7.0871370009999737],[112.68431723900005,-7.0871369679999248],[112.68431727200004,-7.0871460099999695],[112.68432632300005,-7.0871459769999774],[112.68432638900003,-7.0871640609999531],[112.68433544000004,-7.0871640289999505],[112.68433550600002,-7.0871821129999262],[112.68435360900003,-7.087182046999942],[112.68435374100011,-7.0872182149999503],[112.68437184400011,-7.0872181489999662],[112.68437187600011,-7.087227190999954],[112.68438092800011,-7.0872271589999514],[112.6843809610001,-7.0872362009999392],[112.68439001200011,-7.0872361679999472],[112.6843900450001,-7.087245209999935],[112.6843990970001,-7.0872451769999429],[112.68439913000009,-7.0872542189999308],[112.68440818100009,-7.0872541859999387],[112.68440831300006,-7.087290353999947],[112.68439926100007,-7.0872903869999391],[112.68439939200005,-7.0873265549999473],[112.68440844400004,-7.0873265219999553],[112.68440854200003,-7.0873536479999757],[112.68441759400002,-7.0873536149999268],[112.68441766000001,-7.0873716989999593],[112.68442671100001,-7.0873716659999673],[112.6844268430001,-7.0874078339999755],[112.6844358940001,-7.0874078019999729],[112.6844359270001,-7.0874168439999607],[112.6844540300001,-7.0874167779999766],[112.68445406300009,-7.0874258199999645],[112.6844631140001,-7.0874257869999724],[112.68446318000008,-7.0874438709999481],[112.68447223200008,-7.087443837999956],[112.68447229700007,-7.0874619219999317],[112.68448134900007,-7.0874618899999291],[112.68448138200006,-7.0874709319999738],[112.68447233000006,-7.0874709639999764],[112.68447236300005,-7.0874800059999643],[112.68448141500005,-7.0874799739999617],[112.68448151300004,-7.0875070999999252],[112.68449056500003,-7.0875070669999332],[112.68449069600001,-7.0875432349999414],[112.68449974800001,-7.0875432019999494],[112.68449978000001,-7.0875522439999372],[112.68450883200001,-7.0875522109999451],[112.68450886500011,-7.087561252999933],[112.684517916,-7.0875612199999409],[112.68451801500009,-7.0875883459999613],[112.6845361180001,-7.0875882809999666],[112.68453615100009,-7.0875973229999545],[112.6845633050001,-7.0875972239999783],[112.68456333800009,-7.0876062659999661],[112.68457239000008,-7.0876062329999741],[112.68457242300008,-7.0876152749999619],[112.68459052600008,-7.0876152099999672],[112.68459055900007,-7.087624251999955],[112.68459961000008,-7.087624218999963],[112.68459964300007,-7.0876332609999508],[112.68460869500007,-7.0876332279999588],[112.68460872700007,-7.0876422699999466],[112.68464493400006,-7.0876421389999678],[112.68464499900006,-7.0876602229999435],[112.68465405100005,-7.0876601899999514],[112.68465408400004,-7.0876692319999393],[112.68466313500005,-7.0876691989999472],[112.68466320100003,-7.0876872829999797],[112.68468130400004,-7.0876872179999282],[112.68468133700003,-7.0876962599999729],[112.68469038800004,-7.0876962269999808],[112.68469048700001,-7.0877233529999444],[112.68469953900001,-7.0877233199999523],[112.68469957100001,-7.0877323619999402],[112.68469052000012,-7.0877323949999322],[112.6846905860001,-7.0877504789999648],[112.68469963700011,-7.0877504459999727],[112.68470006400003,-7.0878679919999286],[112.68470911600002,-7.0878679589999365],[112.68470918100002,-7.087886042999969],[112.68471823300001,-7.087886009999977],[112.68471833100011,-7.0879131359999406],[112.6847364350001,-7.0879130709999458],[112.6847365000001,-7.0879311549999784],[112.68474555200009,-7.0879311219999295],[112.68474574900006,-7.0879853739999703],[112.68469144000005,-7.0879855709999333],[112.68469140700006,-7.0879765289999455],[112.68468235500006,-7.0879765609999481],[112.68468242100005,-7.0879946449999807],[112.68471862700005,-7.087994513999945],[112.68471866000004,-7.0880035559999328],[112.68473676300005,-7.0880034909999381],[112.68473673000005,-7.0879944489999502],[112.68474578200005,-7.0879944159999582],[112.68474581500004,-7.088003457999946],[112.68475486600005,-7.0880034249999539],[112.68475493200003,-7.0880215089999297],[112.68476398300004,-7.0880214759999376],[112.68476408200002,-7.088048601999958],[112.68478218500002,-7.0880485359999739],[112.6847823490001,-7.08809374599997],[112.6847914010001,-7.0880937139999673],[112.68479153200008,-7.0881298819999756],[112.68480058400007,-7.0881298489999267],[112.68480061700006,-7.0881388909999714],[112.68480966800007,-7.0881388579999793],[112.68480976700005,-7.0881659839999429],[112.68481881800005,-7.0881659509999508],[112.68481885100005,-7.0881749929999387],[112.68482790300004,-7.0881749599999466],[112.68482796900003,-7.0881930439999792],[112.68483702000003,-7.0881930109999303],[112.68483708600002,-7.0882110949999628],[112.68484613700002,-7.0882110629999602],[112.68484617000001,-7.088220104999948],[112.68485522200001,-7.088220071999956],[112.68485525500012,-7.0882291139999438],[112.68486430600001,-7.0882290809999517],[112.68486437200011,-7.0882471649999275],[112.68487342300011,-7.0882471319999354],[112.6848734890001,-7.0882652159999679],[112.68488254100009,-7.0882651829999759],[112.68488270500006,-7.088310392999972],[112.68489175700006,-7.0883103599999799],[112.68489178900006,-7.0883194019999678],[112.68490084100006,-7.0883193699999651],[112.68490090700004,-7.0883374539999409],[112.68490995800005,-7.0883374209999488],[112.68491002400003,-7.0883555049999813],[112.68491907600003,-7.0883554719999324],[112.68491917400002,-7.0883825979999528],[112.68492822600001,-7.0883825649999608],[112.68492829100001,-7.0884006489999365],[112.68494639400001,-7.0884005829999523],[112.68494642700011,-7.0884096249999402],[112.68497358200011,-7.0884095269999534],[112.6849736150001,-7.0884185689999413],[112.68498266600011,-7.0884185359999492],[112.6849826990001,-7.0884275779999371],[112.6849917510001,-7.088427544999945],[112.68499178400009,-7.0884365869999328],[112.6850008350001,-7.0884365539999408],[112.6850008020001,-7.0884275119999529],[112.6850098540001,-7.0884274799999503],[112.68500995300008,-7.0884546059999707],[112.68500090100008,-7.0884546379999733],[112.68500093400007,-7.0884636799999612],[112.68499188200008,-7.0884637129999533],[112.68499194800006,-7.088481796999929],[112.68500100000006,-7.0884817639999369],[112.68500106500005,-7.0884998479999695],[112.68501011700005,-7.0884998159999668],[112.68501028100002,-7.0885450259999629],[112.68501933300001,-7.0885449929999709],[112.68501946400011,-7.0885811609999791],[112.6850285160001,-7.0885811279999302],[112.68502861400009,-7.0886082539999506],[112.68503766600008,-7.0886082209999586],[112.68503776400007,-7.088635346999979],[112.68505586800006,-7.088635280999938],[112.68505603200003,-7.0886804909999341],[112.68506508300004,-7.0886804589999315],[112.68506511600003,-7.0886895009999762],[112.68507416800003,-7.0886894679999273],[112.68507420100002,-7.088698509999972],[112.68510135500003,-7.0886984109999389],[112.68510132300003,-7.0886893689999511],[112.68511037400003,-7.088689335999959],[112.68511034100004,-7.0886802939999711],[112.68512844400004,-7.0886802289999764],[112.68512841200004,-7.0886711869999317],[112.68514651500004,-7.0886711209999476],[112.68514648200005,-7.0886620789999597],[112.68516458500005,-7.0886620129999756],[112.68516455200006,-7.0886529709999309],[112.68518265500006,-7.0886529059999361],[112.68518268800005,-7.0886619479999808],[112.68519174000005,-7.0886619149999319],[112.68519180500004,-7.0886799989999645],[112.68517370200004,-7.0886800649999486],[112.68517386700012,-7.0887252749999448],[112.68520102100001,-7.0887251759999685],[112.68520115300009,-7.0887613439999768],[112.6852102040001,-7.0887613109999279],[112.68521023700009,-7.0887703529999726],[112.68521928900009,-7.0887703199999805],[112.68521951900004,-7.0888336139999524],[112.68522857000005,-7.0888335809999603],[112.68522860300004,-7.0888426229999482],[112.68523765500004,-7.0888425909999455],[112.68523775300002,-7.0888697169999659],[112.68524680500002,-7.0888696839999739],[112.68524683800001,-7.0888787259999617],[112.68526494100001,-7.0888786599999776],[112.68526497400001,-7.0888877019999654],[112.68528307700001,-7.0888876359999813],[112.68528324100009,-7.0889328459999774],[112.68527419000009,-7.0889328789999695],[112.68527422300008,-7.0889419209999573],[112.68528327400008,-7.0889418879999653],[112.68528330700008,-7.0889509299999531],[112.68529235900007,-7.0889508979999505],[112.68529242400007,-7.0889689819999262],[112.68531052700007,-7.0889689159999421],[112.68531059300005,-7.0889869999999746],[112.68531964500005,-7.0889869669999257],[112.68531967800004,-7.0889960089999704],[112.68533778100004,-7.0889959429999294],[112.68533784600004,-7.089014026999962],[112.68534689800003,-7.0890139949999593],[112.68534693100003,-7.0890230359999578],[112.68535598200003,-7.0890230039999551],[112.68535601500002,-7.089032045999943],[112.68537411800003,-7.0890319799999588],[112.68537415100002,-7.0890410219999467],[112.68538320300001,-7.0890409889999546],[112.68538326900011,-7.0890590729999303],[112.68541042300001,-7.0890589749999435],[112.68541045600011,-7.0890680169999314],[112.68542855900012,-7.0890679509999472],[112.68542859200011,-7.0890769929999351],[112.68544669500011,-7.089076926999951],[112.6854467280001,-7.0890859689999388],[112.6854557800001,-7.0890859359999467],[112.68545574700011,-7.0890768939999589],[112.6854647990001,-7.0890768619999562],[112.68546489700009,-7.0891039879999767],[112.68547394900008,-7.0891039549999277],[112.68547398200008,-7.0891129969999724],[112.68551018800008,-7.0891128649999473],[112.68551022100007,-7.0891219069999352],[112.68553737500008,-7.0891218089999484],[112.68553750700005,-7.0891579769999566],[112.68555561000005,-7.0891579109999725],[112.68555564300004,-7.0891669529999604],[112.68556469500004,-7.0891669199999683],[112.68556472700004,-7.0891759619999561],[112.68558283100003,-7.0891758969999614],[112.68558286300004,-7.0891849389999493],[112.68560096700003,-7.0891848729999651],[112.68560099900003,-7.089193914999953],[112.68561005100003,-7.0891938819999609],[112.68561008400002,-7.0892029239999488],[112.68565534200002,-7.0892027599999778],[112.68565530900003,-7.0891937179999331],[112.68566436000003,-7.0891936849999411],[112.68566432800003,-7.0891846429999532],[112.68569148200004,-7.0891845449999664],[112.68569144900005,-7.0891755029999786],[112.68570050100004,-7.0891754699999296],[112.68570046800005,-7.0891664279999418],[112.68574572600005,-7.0891662629999814],[112.68574569300006,-7.0891572219999262],[112.68587778300002,-7.0891567419999433],[112.68562690600004,-7.0890036009999449],[112.68559498800005,-7.0888719139999807],[112.68558932100007,-7.0886835889999702],[112.68561856500003,-7.0884942149999688],[112.68556039700002,-7.0884191669999268],[112.68543324500001,-7.0883741159999545],[112.68528451500003,-7.0883087689999797],[112.68519101600009,-7.0882208199999468],[112.68514492400004,-7.088082576999966],[112.68508465700006,-7.087937778999958],[112.68504533800001,-7.0877923509999619],[112.68493535500011,-7.0876211199999375],[112.68481266700007,-7.087492157999975],[112.68470945700005,-7.0873137419999352],[112.68460666700003,-7.0871492759999342],[112.68449605500007,-7.086957118999976],[112.68440576100011,-7.0867434069999717],[112.68427147500006,-7.0864612029999421],[112.6842228380001,-7.0863544519999664],[112.68422056000009,-7.0860613069999658],[112.6841866100001,-7.0860614299999725],[112.68418664300009,-7.0860704719999603],[112.68417759100009,-7.0860705049999524],[112.68417762400009,-7.0860795469999402],[112.68416857300008,-7.0860795789999429],[112.68416863800007,-7.0860976629999755],[112.68415958700007,-7.0860976959999675],[112.68415962000006,-7.0861067379999554],[112.68414151700006,-7.0861068039999395],[112.68414154900006,-7.0861158459999274],[112.68412344600006,-7.086115910999979],[112.68412347900005,-7.0861249529999668],[112.68410537600005,-7.086125018999951],[112.68410540900004,-7.0861340609999388],[112.68406015100004,-7.0861342249999666],[112.68406018400003,-7.0861432669999544],[112.68405113300003,-7.0861432999999465],[112.68405116600002,-7.0861523419999344],[112.68402401100002,-7.086152439999978],[112.68402410900001,-7.0861795659999416],[112.68403316100012,-7.0861795329999495],[112.6840332590001,-7.0862066589999699],[112.6840242080001,-7.086206691999962],[112.68402427400008,-7.0862247759999377],[112.68401522200008,-7.0862248089999298],[112.68401538600006,-7.0862700189999259],[112.68400633500005,-7.0862700519999748],[112.68400653200001,-7.0863243039999588],[112.68399748000002,-7.0863243359999615],[112.68399751300001,-7.0863333779999493],[112.68398846100001,-7.0863334109999414],[112.68398865800009,-7.0863876629999254],[112.68400676200008,-7.0863875979999307],[112.68400682700008,-7.0864056819999632],[112.68401587900007,-7.0864056489999712],[112.68401594400007,-7.0864237329999469],[112.68404309900006,-7.0864236339999707],[112.68404313200006,-7.0864326759999585],[112.68405218300006,-7.0864326439999559],[112.68405221600005,-7.0864416859999437],[112.68406126800005,-7.0864416529999517],[112.68406130000005,-7.0864506949999395],[112.68407940400004,-7.0864506289999554],[112.68407943600005,-7.0864596709999432],[112.68409753900005,-7.0864596059999485],[112.68409757200004,-7.0864686479999364],[112.68410662400004,-7.0864686149999443],[112.68410668900003,-7.0864866989999769],[112.68411574100003,-7.0864866659999279],[112.68411577400002,-7.0864957079999726],[112.68412482500003,-7.0864956749999806],[112.68412485800002,-7.0865047169999684],[112.68413391000001,-7.0865046839999764],[112.68413394300001,-7.0865137259999642],[112.68414299400001,-7.0865136939999616],[112.6841430930001,-7.0865408199999251],[112.68415214400011,-7.0865407869999331],[112.68415224300009,-7.0865679129999535],[112.68416129400009,-7.0865678799999614],[112.68416136000008,-7.0865859639999371],[112.68417041100008,-7.086585930999945],[112.68417047700007,-7.0866040149999776],[112.68418858000007,-7.086603949999926],[112.68418861300006,-7.0866129919999707],[112.68419766400007,-7.0866129589999787],[112.68419769700006,-7.0866220009999665],[112.68420674900005,-7.0866219679999745],[112.68420678200005,-7.0866310099999623],[112.68421583300005,-7.0866309769999702],[112.68421586600005,-7.0866400189999581],[112.68422491700005,-7.086639985999966],[112.68422495000004,-7.0866490279999539],[112.68424305300005,-7.0866489629999592],[112.68424308600004,-7.086658004999947],[112.68425213800003,-7.086657971999955],[112.68425217100003,-7.0866670139999428],[112.68428837700003,-7.0866668829999639],[112.68428841000002,-7.0866759249999518],[112.68434271900003,-7.086675727999932],[112.68434278400002,-7.0866938119999645],[112.68433373300002,-7.0866938449999566],[112.68433379900011,-7.0867119289999323],[112.68434285000001,-7.0867118959999402],[112.6843429490001,-7.0867390219999606],[112.6843338970001,-7.0867390549999527],[112.68433396300009,-7.0867571389999284],[112.68432491100009,-7.0867571719999773],[112.68432501000007,-7.0867842979999409],[112.68431595800007,-7.0867843299999436],[112.68431602400005,-7.0868024139999761],[112.68430697200006,-7.0868024469999682],[112.68430700500005,-7.0868114889999561],[112.68429795400004,-7.0868115219999481],[112.68429798600005,-7.086820563999936],[112.68428893500004,-7.0868205969999281],[112.68428896800003,-7.0868296389999728],[112.68426181300003,-7.0868297369999596],[112.68426184600003,-7.0868387789999474],[112.68425279400003,-7.0868388119999395],[112.68425282700002,-7.0868478539999273],[112.68423472400002,-7.0868479199999683],[112.68423475700001,-7.0868569619999562],[112.68422570600001,-7.0868569939999588],[112.68422593500009,-7.0869202879999307],[112.68423498700008,-7.086920255999928],[112.68423511800006,-7.0869564239999363],[112.68424417000006,-7.0869563909999442],[112.68424420300005,-7.0869654329999321],[112.68426230600005,-7.0869653669999479],[112.68426233900004,-7.0869744089999358],[112.68427139000005,-7.0869743759999437],[112.68427142300004,-7.0869834179999316],[112.68429857800004,-7.0869833199999448],[112.68429851200005,-7.0869652359999691],[112.68431661500006,-7.0869651699999281],[112.68431658200006,-7.0869561279999402],[112.68433468500007,-7.0869560629999455],[112.68433475100005,-7.0869741469999781],[112.68432569900006,-7.0869741799999701],[112.68432566600006,-7.0869651379999254],[112.68431661500006,-7.0869651699999281]],[[112.68538149400001,-7.0885708059999502],[112.68539959700001,-7.088570739999966],[112.68539963000001,-7.0885797819999539],[112.68540868100001,-7.0885797489999618],[112.68540884600009,-7.0886249589999579],[112.68541789700009,-7.0886249259999659],[112.6854178320001,-7.0886068419999333],[112.6854268830001,-7.0886068089999412],[112.68542685000011,-7.0885977669999534],[112.68544495300011,-7.0885977019999586],[112.6854450190001,-7.0886157859999344],[112.68545407100009,-7.0886157529999423],[112.6854541030001,-7.0886247949999301],[112.68544505200009,-7.0886248279999791],[112.68544515100007,-7.0886519539999426],[112.68543609900007,-7.0886519869999347],[112.68543613200006,-7.0886610289999794],[112.68542708000007,-7.0886610609999252],[112.68542711300006,-7.0886701029999699],[112.68541806200005,-7.088670135999962],[112.68541799600007,-7.0886520519999294],[112.68540894400007,-7.0886520849999783],[112.68540897700007,-7.0886611269999662],[112.68539992600006,-7.0886611599999583],[112.68539986000008,-7.0886430759999257],[112.68539080800008,-7.0886431089999746],[112.68539077500009,-7.0886340669999299],[112.68537267200009,-7.0886341319999815],[112.68537277100006,-7.0886612579999451],[112.68538182200007,-7.0886612259999424],[112.68538185500006,-7.0886702669999408],[112.68534564900006,-7.088670398999966],[112.68534561600006,-7.0886613569999781],[112.68530941000006,-7.088661487999957],[112.68530937700007,-7.0886524459999691],[112.68531842900006,-7.0886524129999771],[112.68531839600007,-7.0886433709999324],[112.68530934400007,-7.0886434039999813],[112.68530927800009,-7.0886253199999487],[112.68530022700008,-7.0886253529999408],[112.68530029300007,-7.0886434369999733],[112.68529124100007,-7.0886434699999654],[112.68529127400006,-7.0886525119999533],[112.68530032600006,-7.0886524789999612],[112.68530035800006,-7.0886615209999491],[112.68529130700006,-7.0886615539999411],[112.68529140500004,-7.0886886799999616],[112.68528235400004,-7.0886887129999536],[112.68528238700003,-7.0886977549999415],[112.68525523200003,-7.0886978529999283],[112.68525516600005,-7.0886797689999526],[112.68524611500004,-7.0886798019999446],[112.68524608200005,-7.0886707599999568],[112.68526418500005,-7.0886706939999726],[112.68526415200006,-7.0886616519999279],[112.68527320400005,-7.0886616189999359],[112.68527323700005,-7.0886706609999806],[112.68528228800005,-7.0886706289999779],[112.68528215700007,-7.0886344609999696],[112.68529120800008,-7.0886344279999776],[112.68529104400011,-7.0885892179999814],[112.68530009500012,-7.0885891849999325],[112.68530006300011,-7.0885801429999447],[112.68531816600012,-7.0885800769999605],[112.68531819900011,-7.0885891189999484],[112.68534535300012,-7.0885890209999616],[112.68534532000001,-7.0885799789999737],[112.68535437200001,-7.0885799459999248],[112.68535440500011,-7.0885889879999695],[112.685363456,-7.0885889549999774],[112.68536348900011,-7.0885979969999653],[112.68537254100011,-7.0885979639999732],[112.68537247500001,-7.0885798799999407],[112.68538152700012,-7.088579847999938],[112.68538149400001,-7.0885708059999502]],[[112.68548139000006,-7.0886608639999622],[112.68549044100007,-7.0886608319999596],[112.68549047400006,-7.088669872999958],[112.68548142300006,-7.0886699059999501],[112.68548139000006,-7.0886608639999622]],[[112.68547243700004,-7.0886880229999747],[112.68548148800005,-7.0886879899999258],[112.68548155400003,-7.0887060739999583],[112.68547250200004,-7.0887061069999504],[112.68547243700004,-7.0886880229999747]],[[112.68511929400006,-7.0886531359999481],[112.68510119100006,-7.0886532009999428],[112.68510112500007,-7.0886351169999671],[112.68511922900007,-7.0886350519999723],[112.68511929400006,-7.0886531359999481]],[[112.6851100130001,-7.0885898739999789],[112.68511906400011,-7.0885898419999762],[112.68511913000009,-7.0886079259999519],[112.68511007800009,-7.0886079579999546],[112.68511011100009,-7.0886169999999424],[112.68510106000008,-7.0886170329999345],[112.68510092800011,-7.0885808649999262],[112.68510998000011,-7.0885808319999342],[112.6851100130001,-7.0885898739999789]],[[112.68438817300012,-7.086729815999945],[112.68437912200011,-7.0867298489999371],[112.68437908900012,-7.0867208069999492],[112.68438814100011,-7.0867207739999571],[112.68438817300012,-7.086729815999945]]]},"properties":{"OBJECTID":27921,"FID_mangrove_utm":27829,"OBJECTID_1":27829,"Name":"18102566,9293","FolderPath":"JATIM/JATIM","SymbolID":0,"AltMode":0,"Base":0,"Clamped":-1,"Extruded":0,"Snippet":"","PopupInfo":"\u003chtml xmlns:fo=\"http://www.w3.org/1999/XSL/Format\" xmlns:msxsl=\"urn:schemas-microsoft-com:xslt\"\u003e\n\u003chead\u003e\n\u003cMETA http-equiv=\"Content-Type\" content=\"text/html\"\u003e\n\u003cmeta http-equiv=\"content-type\" content=\"text/html; charset=UTF-8\"\u003e\n\u003c/head\u003e\n\u003cbody style=\"margin:0px 0px 0px 0px;overflow:auto;background:#FFFFFF;\"\u003e\n\u003ctable style=\"font-family:Arial,Verdana,Times;font-size:12px;text-align:left;width:100%;border-collapse:collapse;padding:3px 3px 3px 3px\"\u003e\n\u003ctr style=\"text-align:center;font-weight:bold;background:#9CBCE2\"\u003e\n\u003ctd\u003e18102566,9293\u003c/td\u003e\n\u003c/tr\u003e\n\u003ctr\u003e\n\u003ctd\u003e\n\u003ctable style=\"font-family:Arial,Verdana,Times;font-size:12px;text-align:left;width:100%;border-spacing:0px; padding:3px 3px 3px 3px\"\u003e\n\u003ctr\u003e\n\u003ctd\u003eFID\u003c/td\u003e\n\u003ctd\u003e0\u003c/td\u003e\n\u003c/tr\u003e\n\u003ctr bgcolor=\"#D4E4F3\"\u003e\n\u003ctd\u003eShape_Leng\u003c/td\u003e\n\u003ctd\u003e18102566,9293\u003c/td\u003e\n\u003c/tr\u003e\n\u003c/table\u003e\n\u003c/td\u003e\n\u003c/tr\u003e\n\u003c/table\u003e\n\u003c/body\u003e\u003cscript type=\"text/javascript\"\u003e\n\t\t\t\tfunction changeImage(attElement, nameElement) {\n\t\t\t\tdocument.getElementById('imageAttachment').src = attElement;\n\t\t\t\tdocument.getElementById('imageName').innerHTML = nameElement;}\n\t\t\t\u003c/script\u003e\u003c/html\u003e\n","FID_active_grids":150,"GridID":"M01","Shape_Length":0.011253156190729682,"Shape_Area":9.4539424235363346e-07}},{"type":"Feature","id":27930,"geometry":{"type":"Polygon","coordinates":[[[112.68421356800002,-7.0860070789999554],[112.68419546500002,-7.0860071449999396],[112.68419553000001,-7.0860252289999721],[112.68422394700008,-7.0860251259999814],[112.6842266000001,-7.0860160739999287],[112.68421360000002,-7.0860161209999433],[112.68421356800002,-7.0860070789999554]]]},"properties":{"OBJECTID":27930,"FID_mangrove_utm":27838,"OBJECTID_1":27838,"Name":"18102566,9293","FolderPath":"JATIM/JATIM","SymbolID":0,"AltMode":0,"Base":0,"Clamped":-1,"Extruded":0,"Snippet":"","PopupInfo":"\u003chtml xmlns:fo=\"http://www.w3.org/1999/XSL/Format\" xmlns:msxsl=\"urn:schemas-microsoft-com:xslt\"\u003e\n\u003chead\u003e\n\u003cMETA http-equiv=\"Content-Type\" content=\"text/html\"\u003e\n\u003cmeta http-equiv=\"content-type\" content=\"text/html; charset=UTF-8\"\u003e\n\u003c/head\u003e\n\u003cbody style=\"margin:0px 0px 0px 0px;overflow:auto;background:#FFFFFF;\"\u003e\n\u003ctable style=\"font-family:Arial,Verdana,Times;font-size:12px;text-align:left;width:100%;border-collapse:collapse;padding:3px 3px 3px 3px\"\u003e\n\u003ctr style=\"text-align:center;font-weight:bold;background:#9CBCE2\"\u003e\n\u003ctd\u003e18102566,9293\u003c/td\u003e\n\u003c/tr\u003e\n\u003ctr\u003e\n\u003ctd\u003e\n\u003ctable style=\"font-family:Arial,Verdana,Times;font-size:12px;text-align:left;width:100%;border-spacing:0px; padding:3px 3px 3px 3px\"\u003e\n\u003ctr\u003e\n\u003ctd\u003eFID\u003c/td\u003e\n\u003ctd\u003e0\u003c/td\u003e\n\u003c/tr\u003e\n\u003ctr bgcolor=\"#D4E4F3\"\u003e\n\u003ctd\u003eShape_Leng\u003c/td\u003e\n\u003ctd\u003e18102566,9293\u003c/td\u003e\n\u003c/tr\u003e\n\u003c/table\u003e\n\u003c/td\u003e\n\u003c/tr\u003e\n\u003c/table\u003e\n\u003c/body\u003e\u003cscript type=\"text/javascript\"\u003e\n\t\t\t\tfunction changeImage(attElement, nameElement) {\n\t\t\t\tdocument.getElementById('imageAttachment').src = attElement;\n\t\t\t\tdocument.getElementById('imageName').innerHTML = nameElement;}\n\t\t\t\u003c/script\u003e\u003c/html\u003e\n","FID_active_grids":150,"GridID":"M01","Shape_Length":9.6079333651292981e-05,"Shape_Area":4.3278573824738374e-10}},{"type":"Feature","id":27940,"geometry":{"type":"Polygon","coordinates":[[[112.68427435600006,-7.0858531429999516],[112.68425826700002,-7.0858532009999635],[112.68425836600011,-7.0858803269999271],[112.68424931400011,-7.085880359999976],[112.6842493470001,-7.0858894019999639],[112.68424029500011,-7.0858894349999559],[112.68424036100009,-7.0859075189999317],[112.6842313090001,-7.0859075519999806],[112.68423147400006,-7.0859527619999767],[112.68422242200006,-7.0859527949999688],[112.68422245500005,-7.0859618369999566],[112.68421340300006,-7.0859618689999593],[112.68421343600005,-7.0859709109999471],[112.68422248800005,-7.0859708789999445],[112.68422252100004,-7.0859799209999323],[112.68423157200004,-7.0859798879999403],[112.68423163800003,-7.0859979719999728],[112.68423190600004,-7.0859979709999266],[112.68427435600006,-7.0858531429999516]]]},"properties":{"OBJECTID":27940,"FID_mangrove_utm":27848,"OBJECTID_1":27848,"Name":"18102566,9293","FolderPath":"JATIM/JATIM","SymbolID":0,"AltMode":0,"Base":0,"Clamped":-1,"Extruded":0,"Snippet":"","PopupInfo":"\u003chtml xmlns:fo=\"http://www.w3.org/1999/XSL/Format\" xmlns:msxsl=\"urn:schemas-microsoft-com:xslt\"\u003e\n\u003chead\u003e\n\u003cMETA http-equiv=\"Content-Type\" content=\"text/html\"\u003e\n\u003cmeta http-equiv=\"content-type\" content=\"text/html; charset=UTF-8\"\u003e\n\u003c/head\u003e\n\u003cbody style=\"margin:0px 0px 0px 0px;overflow:auto;background:#FFFFFF;\"\u003e\n\u003ctable style=\"font-family:Arial,Verdana,Times;font-size:12px;text-align:left;width:100%;border-collapse:collapse;padding:3px 3px 3px 3px\"\u003e\n\u003ctr style=\"text-align:center;font-weight:bold;background:#9CBCE2\"\u003e\n\u003ctd\u003e18102566,9293\u003c/td\u003e\n\u003c/tr\u003e\n\u003ctr\u003e\n\u003ctd\u003e\n\u003ctable style=\"font-family:Arial,Verdana,Times;font-size:12px;text-align:left;width:100%;border-spacing:0px; padding:3px 3px 3px 3px\"\u003e\n\u003ctr\u003e\n\u003ctd\u003eFID\u003c/td\u003e\n\u003ctd\u003e0\u003c/td\u003e\n\u003c/tr\u003e\n\u003ctr bgcolor=\"#D4E4F3\"\u003e\n\u003ctd\u003eShape_Leng\u003c/td\u003e\n\u003ctd\u003e18102566,9293\u003c/td\u003e\n\u003c/tr\u003e\n\u003c/table\u003e\n\u003c/td\u003e\n\u003c/tr\u003e\n\u003c/table\u003e\n\u003c/body\u003e\u003cscript type=\"text/javascript\"\u003e\n\t\t\t\tfunction changeImage(attElement, nameElement) {\n\t\t\t\tdocument.getElementById('imageAttachment').src = attElement;\n\t\t\t\tdocument.getElementById('imageName').innerHTML = nameElement;}\n\t\t\t\u003c/script\u003e\u003c/html\u003e\n","FID_active_grids":150,"GridID":"M01","Shape_Length":0.00037531449646590026,"Shape_Area":2.4109085352201153e-09}},{"type":"Feature","id":27942,"geometry":{"type":"Polygon","coordinates":[[[112.6842810500001,-7.0858303039999555],[112.68428187200004,-7.0858259899999325],[112.68427627200003,-7.0858260099999484],[112.68427634500006,-7.0858463549999442],[112.6842810500001,-7.0858303039999555]]]},"properties":{"OBJECTID":27942,"FID_mangrove_utm":27850,"OBJECTID_1":27850,"Name":"18102566,9293","FolderPath":"JATIM/JATIM","SymbolID":0,"AltMode":0,"Base":0,"Clamped":-1,"Extruded":0,"Snippet":"","PopupInfo":"\u003chtml xmlns:fo=\"http://www.w3.org/1999/XSL/Format\" xmlns:msxsl=\"urn:schemas-microsoft-com:xslt\"\u003e\n\u003chead\u003e\n\u003cMETA http-equiv=\"Content-Type\" content=\"text/html\"\u003e\n\u003cmeta http-equiv=\"content-type\" content=\"text/html; charset=UTF-8\"\u003e\n\u003c/head\u003e\n\u003cbody style=\"margin:0px 0px 0px 0px;overflow:auto;background:#FFFFFF;\"\u003e\n\u003ctable style=\"font-family:Arial,Verdana,Times;font-size:12px;text-align:left;width:100%;border-collapse:collapse;padding:3px 3px 3px 3px\"\u003e\n\u003ctr style=\"text-align:center;font-weight:bold;background:#9CBCE2\"\u003e\n\u003ctd\u003e18102566,9293\u003c/td\u003e\n\u003c/tr\u003e\n\u003ctr\u003e\n\u003ctd\u003e\n\u003ctable style=\"font-family:Arial,Verdana,Times;font-size:12px;text-align:left;width:100%;border-spacing:0px; padding:3px 3px 3px 3px\"\u003e\n\u003ctr\u003e\n\u003ctd\u003eFID\u003c/td\u003e\n\u003ctd\u003e0\u003c/td\u003e\n\u003c/tr\u003e\n\u003ctr bgcolor=\"#D4E4F3\"\u003e\n\u003ctd\u003eShape_Leng\u003c/td\u003e\n\u003ctd\u003e18102566,9293\u003c/td\u003e\n\u003c/tr\u003e\n\u003c/table\u003e\n\u003c/td\u003e\n\u003c/tr\u003e\n\u003c/table\u003e\n\u003c/body\u003e\u003cscript type=\"text/javascript\"\u003e\n\t\t\t\tfunction changeImage(attElement, nameElement) {\n\t\t\t\tdocument.getElementById('imageAttachment').src = attElement;\n\t\t\t\tdocument.getElementById('imageName').innerHTML = nameElement;}\n\t\t\t\u003c/script\u003e\u003c/html\u003e\n","FID_active_grids":150,"GridID":"M01","Shape_Length":4.7063156593972679e-05,"Shape_Area":6.0518454639922562e-11}},{"type":"Feature","id":27943,"geometry":{"type":"Polygon","coordinates":[[[112.68428531900008,-7.0858078929999806],[112.68428525700006,-7.0858078929999806],[112.68428525900003,-7.0858082089999357],[112.68428531900008,-7.0858078929999806]]]},"properties":{"OBJECTID":27943,"FID_mangrove_utm":27851,"OBJECTID_1":27851,"Name":"18102566,9293","FolderPath":"JATIM/JATIM","SymbolID":0,"AltMode":0,"Base":0,"Clamped":-1,"Extruded":0,"Snippet":"","PopupInfo":"\u003chtml xmlns:fo=\"http://www.w3.org/1999/XSL/Format\" xmlns:msxsl=\"urn:schemas-microsoft-com:xslt\"\u003e\n\u003chead\u003e\n\u003cMETA http-equiv=\"Content-Type\" content=\"text/html\"\u003e\n\u003cmeta http-equiv=\"content-type\" content=\"text/html; charset=UTF-8\"\u003e\n\u003c/head\u003e\n\u003cbody style=\"margin:0px 0px 0px 0px;overflow:auto;background:#FFFFFF;\"\u003e\n\u003ctable style=\"font-family:Arial,Verdana,Times;font-size:12px;text-align:left;width:100%;border-collapse:collapse;padding:3px 3px 3px 3px\"\u003e\n\u003ctr style=\"text-align:center;font-weight:bold;background:#9CBCE2\"\u003e\n\u003ctd\u003e18102566,9293\u003c/td\u003e\n\u003c/tr\u003e\n\u003ctr\u003e\n\u003ctd\u003e\n\u003ctable style=\"font-family:Arial,Verdana,Times;font-size:12px;text-align:left;width:100%;border-spacing:0px; padding:3px 3px 3px 3px\"\u003e\n\u003ctr\u003e\n\u003ctd\u003eFID\u003c/td\u003e\n\u003ctd\u003e0\u003c/td\u003e\n\u003c/tr\u003e\n\u003ctr bgcolor=\"#D4E4F3\"\u003e\n\u003ctd\u003eShape_Leng\u003c/td\u003e\n\u003ctd\u003e18102566,9293\u003c/td\u003e\n\u003c/tr\u003e\n\u003c/table\u003e\n\u003c/td\u003e\n\u003c/tr\u003e\n\u003c/table\u003e\n\u003c/body\u003e\u003cscript type=\"text/javascript\"\u003e\n\t\t\t\tfunction changeImage(attElement, nameElement) {\n\t\t\t\tdocument.getElementById('imageAttachment').src = attElement;\n\t\t\t\tdocument.getElementById('imageName').innerHTML = nameElement;}\n\t\t\t\u003c/script\u003e\u003c/html\u003e\n","FID_active_grids":150,"GridID":"M01","Shape_Length":6.9965204310176661e-07,"Shape_Area":9.7960027863388414e-15}},{"type":"Feature","id":27961,"geometry":{"type":"Polygon","coordinates":[[[112.68407661300012,-7.0856820589999643],[112.68403135500012,-7.0856822229999352],[112.6840314210001,-7.0857003069999678],[112.6840585760001,-7.085700208999981],[112.68405864100009,-7.0857182929999567],[112.68408579600009,-7.0857181949999699],[112.68408582900008,-7.0857272369999578],[112.68409488000009,-7.0857272039999657],[112.68409474900011,-7.0856910359999574],[112.68407664600011,-7.0856911009999521],[112.68407661300012,-7.0856820589999643]]]},"properties":{"OBJECTID":27961,"FID_mangrove_utm":27869,"OBJECTID_1":27869,"Name":"18102566,9293","FolderPath":"JATIM/JATIM","SymbolID":0,"AltMode":0,"Base":0,"Clamped":-1,"Extruded":0,"Snippet":"","PopupInfo":"\u003chtml xmlns:fo=\"http://www.w3.org/1999/XSL/Format\" xmlns:msxsl=\"urn:schemas-microsoft-com:xslt\"\u003e\n\u003chead\u003e\n\u003cMETA http-equiv=\"Content-Type\" content=\"text/html\"\u003e\n\u003cmeta http-equiv=\"content-type\" content=\"text/html; charset=UTF-8\"\u003e\n\u003c/head\u003e\n\u003cbody style=\"margin:0px 0px 0px 0px;overflow:auto;background:#FFFFFF;\"\u003e\n\u003ctable style=\"font-family:Arial,Verdana,Times;font-size:12px;text-align:left;width:100%;border-collapse:collapse;padding:3px 3px 3px 3px\"\u003e\n\u003ctr style=\"text-align:center;font-weight:bold;background:#9CBCE2\"\u003e\n\u003ctd\u003e18102566,9293\u003c/td\u003e\n\u003c/tr\u003e\n\u003ctr\u003e\n\u003ctd\u003e\n\u003ctable style=\"font-family:Arial,Verdana,Times;font-size:12px;text-align:left;width:100%;border-spacing:0px; padding:3px 3px 3px 3px\"\u003e\n\u003ctr\u003e\n\u003ctd\u003eFID\u003c/td\u003e\n\u003ctd\u003e0\u003c/td\u003e\n\u003c/tr\u003e\n\u003ctr bgcolor=\"#D4E4F3\"\u003e\n\u003ctd\u003eShape_Leng\u003c/td\u003e\n\u003ctd\u003e18102566,9293\u003c/td\u003e\n\u003c/tr\u003e\n\u003c/table\u003e\n\u003c/td\u003e\n\u003c/tr\u003e\n\u003c/table\u003e\n\u003c/body\u003e\u003cscript type=\"text/javascript\"\u003e\n\t\t\t\tfunction changeImage(attElement, nameElement) {\n\t\t\t\tdocument.getElementById('imageAttachment').src = attElement;\n\t\t\t\tdocument.getElementById('imageName').innerHTML = nameElement;}\n\t\t\t\u003c/script\u003e\u003c/html\u003e\n","FID_active_grids":150,"GridID":"M01","Shape_Length":0.00021714342259030551,"Shape_Area":1.7187666962066424e-09}},{"type":"Feature","id":27962,"geometry":{"type":"Polygon","coordinates":[[[112.68426669500002,-7.0856813709999642],[112.68425764300002,-7.0856814029999668],[112.68425761000003,-7.085672360999979],[112.68423045600002,-7.0856724599999552],[112.68423048900002,-7.0856815019999431],[112.68421238600001,-7.0856815669999378],[112.68421235300002,-7.0856725249999499],[112.68419425000002,-7.0856725909999341],[112.68419448000009,-7.0857358849999628],[112.68420353100009,-7.0857358519999707],[112.68420356400009,-7.0857448939999585],[112.68423071900008,-7.0857447959999718],[112.68423075100009,-7.0857538379999596],[112.68423980300008,-7.0857538049999675],[112.68423983600007,-7.0857628469999554],[112.68425793900008,-7.0857627809999713],[112.68425797200007,-7.0857718229999591],[112.68427607500007,-7.0857717579999644],[112.68427597600009,-7.085744631999944],[112.68428502800009,-7.0857445989999519],[112.68428496200011,-7.0857265149999762],[112.68427591000011,-7.0857265479999683],[112.68427577900002,-7.08569037999996],[112.68426672800001,-7.0856904129999521],[112.68426669500002,-7.0856813709999642]]]},"properties":{"OBJECTID":27962,"FID_mangrove_utm":27870,"OBJECTID_1":27870,"Name":"18102566,9293","FolderPath":"JATIM/JATIM","SymbolID":0,"AltMode":0,"Base":0,"Clamped":-1,"Extruded":0,"Snippet":"","PopupInfo":"\u003chtml xmlns:fo=\"http://www.w3.org/1999/XSL/Format\" xmlns:msxsl=\"urn:schemas-microsoft-com:xslt\"\u003e\n\u003chead\u003e\n\u003cMETA http-equiv=\"Content-Type\" content=\"text/html\"\u003e\n\u003cmeta http-equiv=\"content-type\" content=\"text/html; charset=UTF-8\"\u003e\n\u003c/head\u003e\n\u003cbody style=\"margin:0px 0px 0px 0px;overflow:auto;background:#FFFFFF;\"\u003e\n\u003ctable style=\"font-family:Arial,Verdana,Times;font-size:12px;text-align:left;width:100%;border-collapse:collapse;padding:3px 3px 3px 3px\"\u003e\n\u003ctr style=\"text-align:center;font-weight:bold;background:#9CBCE2\"\u003e\n\u003ctd\u003e18102566,9293\u003c/td\u003e\n\u003c/tr\u003e\n\u003ctr\u003e\n\u003ctd\u003e\n\u003ctable style=\"font-family:Arial,Verdana,Times;font-size:12px;text-align:left;width:100%;border-spacing:0px; padding:3px 3px 3px 3px\"\u003e\n\u003ctr\u003e\n\u003ctd\u003eFID\u003c/td\u003e\n\u003ctd\u003e0\u003c/td\u003e\n\u003c/tr\u003e\n\u003ctr bgcolor=\"#D4E4F3\"\u003e\n\u003ctd\u003eShape_Leng\u003c/td\u003e\n\u003ctd\u003e18102566,9293\u003c/td\u003e\n\u003c/tr\u003e\n\u003c/table\u003e\n\u003c/td\u003e\n\u003c/tr\u003e\n\u003c/table\u003e\n\u003c/body\u003e\u003cscript type=\"text/javascript\"\u003e\n\t\t\t\tfunction changeImage(attElement, nameElement) {\n\t\t\t\tdocument.getElementById('imageAttachment').src = attElement;\n\t\t\t\tdocument.getElementById('imageName').innerHTML = nameElement;}\n\t\t\t\u003c/script\u003e\u003c/html\u003e\n","FID_active_grids":150,"GridID":"M01","Shape_Length":0.00039804162297651864,"Shape_Area":6.4657209079928653e-09}},{"type":"Feature","id":27976,"geometry":{"type":"Polygon","coordinates":[[[112.68362328300009,-7.0854757329999529],[112.6836232170001,-7.0854576489999772],[112.6836051140001,-7.0854577139999719],[112.68360518000009,-7.0854757979999476],[112.68362328300009,-7.0854757329999529]]]},"properties":{"OBJECTID":27976,"FID_mangrove_utm":27883,"OBJECTID_1":27883,"Name":"18102566,9293","FolderPath":"JATIM/JATIM","SymbolID":0,"AltMode":0,"Base":0,"Clamped":-1,"Extruded":0,"Snippet":"","PopupInfo":"\u003chtml xmlns:fo=\"http://www.w3.org/1999/XSL/Format\" xmlns:msxsl=\"urn:schemas-microsoft-com:xslt\"\u003e\n\u003chead\u003e\n\u003cMETA http-equiv=\"Content-Type\" content=\"text/html\"\u003e\n\u003cmeta http-equiv=\"content-type\" content=\"text/html; charset=UTF-8\"\u003e\n\u003c/head\u003e\n\u003cbody style=\"margin:0px 0px 0px 0px;overflow:auto;background:#FFFFFF;\"\u003e\n\u003ctable style=\"font-family:Arial,Verdana,Times;font-size:12px;text-align:left;width:100%;border-collapse:collapse;padding:3px 3px 3px 3px\"\u003e\n\u003ctr style=\"text-align:center;font-weight:bold;background:#9CBCE2\"\u003e\n\u003ctd\u003e18102566,9293\u003c/td\u003e\n\u003c/tr\u003e\n\u003ctr\u003e\n\u003ctd\u003e\n\u003ctable style=\"font-family:Arial,Verdana,Times;font-size:12px;text-align:left;width:100%;border-spacing:0px; padding:3px 3px 3px 3px\"\u003e\n\u003ctr\u003e\n\u003ctd\u003eFID\u003c/td\u003e\n\u003ctd\u003e0\u003c/td\u003e\n\u003c/tr\u003e\n\u003ctr bgcolor=\"#D4E4F3\"\u003e\n\u003ctd\u003eShape_Leng\u003c/td\u003e\n\u003ctd\u003e18102566,9293\u003c/td\u003e\n\u003c/tr\u003e\n\u003c/table\u003e\n\u003c/td\u003e\n\u003c/tr\u003e\n\u003c/table\u003e\n\u003c/body\u003e\u003cscript type=\"text/javascript\"\u003e\n\t\t\t\tfunction changeImage(attElement, nameElement) {\n\t\t\t\tdocument.getElementById('imageAttachment').src = attElement;\n\t\t\t\tdocument.getElementById('imageName').innerHTML = nameElement;}\n\t\t\t\u003c/script\u003e\u003c/html\u003e\n","FID_active_grids":150,"GridID":"M01","Shape_Length":7.2374474216680012e-05,"Shape_Area":3.2737894159799481e-10}},{"type":"Feature","id":27983,"geometry":{"type":"Polygon","coordinates":[[[112.68306185900008,-7.0854144709999787],[112.68306179400008,-7.0853963869999461],[112.68304369100008,-7.0853964529999303],[112.68304375600007,-7.0854145369999628],[112.68306185900008,-7.0854144709999787]]]},"properties":{"OBJECTID":27983,"FID_mangrove_utm":27890,"OBJECTID_1":27890,"Name":"18102566,9293","FolderPath":"JATIM/JATIM","SymbolID":0,"AltMode":0,"Base":0,"Clamped":-1,"Extruded":0,"Snippet":"","PopupInfo":"\u003chtml xmlns:fo=\"http://www.w3.org/1999/XSL/Format\" xmlns:msxsl=\"urn:schemas-microsoft-com:xslt\"\u003e\n\u003chead\u003e\n\u003cMETA http-equiv=\"Content-Type\" content=\"text/html\"\u003e\n\u003cmeta http-equiv=\"content-type\" content=\"text/html; charset=UTF-8\"\u003e\n\u003c/head\u003e\n\u003cbody style=\"margin:0px 0px 0px 0px;overflow:auto;background:#FFFFFF;\"\u003e\n\u003ctable style=\"font-family:Arial,Verdana,Times;font-size:12px;text-align:left;width:100%;border-collapse:collapse;padding:3px 3px 3px 3px\"\u003e\n\u003ctr style=\"text-align:center;font-weight:bold;background:#9CBCE2\"\u003e\n\u003ctd\u003e18102566,9293\u003c/td\u003e\n\u003c/tr\u003e\n\u003ctr\u003e\n\u003ctd\u003e\n\u003ctable style=\"font-family:Arial,Verdana,Times;font-size:12px;text-align:left;width:100%;border-spacing:0px; padding:3px 3px 3px 3px\"\u003e\n\u003ctr\u003e\n\u003ctd\u003eFID\u003c/td\u003e\n\u003ctd\u003e0\u003c/td\u003e\n\u003c/tr\u003e\n\u003ctr bgcolor=\"#D4E4F3\"\u003e\n\u003ctd\u003eShape_Leng\u003c/td\u003e\n\u003ctd\u003e18102566,9293\u003c/td\u003e\n\u003c/tr\u003e\n\u003c/table\u003e\n\u003c/td\u003e\n\u003c/tr\u003e\n\u003c/table\u003e\n\u003c/body\u003e\u003cscript type=\"text/javascript\"\u003e\n\t\t\t\tfunction changeImage(attElement, nameElement) {\n\t\t\t\tdocument.getElementById('imageAttachment').src = attElement;\n\t\t\t\tdocument.getElementById('imageName').innerHTML = nameElement;}\n\t\t\t\u003c/script\u003e\u003c/html\u003e\n","FID_active_grids":150,"GridID":"M01","Shape_Length":7.2374474322763435e-05,"Shape_Area":3.2737894262703122e-10}},{"type":"Feature","id":27988,"geometry":{"type":"Polygon","coordinates":[[[112.68307064800001,-7.0853421019999701],[112.68307061600001,-7.0853330599999254],[112.68306156400001,-7.0853330929999743],[112.68306159700001,-7.0853421349999621],[112.68307064800001,-7.0853421019999701]]]},"properties":{"OBJECTID":27988,"FID_mangrove_utm":27895,"OBJECTID_1":27895,"Name":"18102566,9293","FolderPath":"JATIM/JATIM","SymbolID":0,"AltMode":0,"Base":0,"Clamped":-1,"Extruded":0,"Snippet":"","PopupInfo":"\u003chtml xmlns:fo=\"http://www.w3.org/1999/XSL/Format\" xmlns:msxsl=\"urn:schemas-microsoft-com:xslt\"\u003e\n\u003chead\u003e\n\u003cMETA http-equiv=\"Content-Type\" content=\"text/html\"\u003e\n\u003cmeta http-equiv=\"content-type\" content=\"text/html; charset=UTF-8\"\u003e\n\u003c/head\u003e\n\u003cbody style=\"margin:0px 0px 0px 0px;overflow:auto;background:#FFFFFF;\"\u003e\n\u003ctable style=\"font-family:Arial,Verdana,Times;font-size:12px;text-align:left;width:100%;border-collapse:collapse;padding:3px 3px 3px 3px\"\u003e\n\u003ctr style=\"text-align:center;font-weight:bold;background:#9CBCE2\"\u003e\n\u003ctd\u003e18102566,9293\u003c/td\u003e\n\u003c/tr\u003e\n\u003ctr\u003e\n\u003ctd\u003e\n\u003ctable style=\"font-family:Arial,Verdana,Times;font-size:12px;text-align:left;width:100%;border-spacing:0px; padding:3px 3px 3px 3px\"\u003e\n\u003ctr\u003e\n\u003ctd\u003eFID\u003c/td\u003e\n\u003ctd\u003e0\u003c/td\u003e\n\u003c/tr\u003e\n\u003ctr bgcolor=\"#D4E4F3\"\u003e\n\u003ctd\u003eShape_Leng\u003c/td\u003e\n\u003ctd\u003e18102566,9293\u003c/td\u003e\n\u003c/tr\u003e\n\u003c/table\u003e\n\u003c/td\u003e\n\u003c/tr\u003e\n\u003c/table\u003e\n\u003c/body\u003e\u003cscript type=\"text/javascript\"\u003e\n\t\t\t\tfunction changeImage(attElement, nameElement) {\n\t\t\t\tdocument.getElementById('imageAttachment').src = attElement;\n\t\t\t\tdocument.getElementById('imageName').innerHTML = nameElement;}\n\t\t\t\u003c/script\u003e\u003c/html\u003e\n","FID_active_grids":150,"GridID":"M01","Shape_Length":3.6187237189236951e-05,"Shape_Area":8.1844735657681507e-11}},{"type":"Feature","id":28013,"geometry":{"type":"Polygon","coordinates":[[[112.68373039100004,-7.0850594069999602],[112.68373037200001,-7.0850541939999516],[112.683724256,-7.0850557889999664],[112.68372132800005,-7.0850563209999677],[112.68372134000003,-7.0850594399999522],[112.68373039100004,-7.0850594069999602]]]},"properties":{"OBJECTID":28013,"FID_mangrove_utm":27920,"OBJECTID_1":27920,"Name":"18102566,9293","FolderPath":"JATIM/JATIM","SymbolID":0,"AltMode":0,"Base":0,"Clamped":-1,"Extruded":0,"Snippet":"","PopupInfo":"\u003chtml xmlns:fo=\"http://www.w3.org/1999/XSL/Format\" xmlns:msxsl=\"urn:schemas-microsoft-com:xslt\"\u003e\n\u003chead\u003e\n\u003cMETA http-equiv=\"Content-Type\" content=\"text/html\"\u003e\n\u003cmeta http-equiv=\"content-type\" content=\"text/html; charset=UTF-8\"\u003e\n\u003c/head\u003e\n\u003cbody style=\"margin:0px 0px 0px 0px;overflow:auto;background:#FFFFFF;\"\u003e\n\u003ctable style=\"font-family:Arial,Verdana,Times;font-size:12px;text-align:left;width:100%;border-collapse:collapse;padding:3px 3px 3px 3px\"\u003e\n\u003ctr style=\"text-align:center;font-weight:bold;background:#9CBCE2\"\u003e\n\u003ctd\u003e18102566,9293\u003c/td\u003e\n\u003c/tr\u003e\n\u003ctr\u003e\n\u003ctd\u003e\n\u003ctable style=\"font-family:Arial,Verdana,Times;font-size:12px;text-align:left;width:100%;border-spacing:0px; padding:3px 3px 3px 3px\"\u003e\n\u003ctr\u003e\n\u003ctd\u003eFID\u003c/td\u003e\n\u003ctd\u003e0\u003c/td\u003e\n\u003c/tr\u003e\n\u003ctr bgcolor=\"#D4E4F3\"\u003e\n\u003ctd\u003eShape_Leng\u003c/td\u003e\n\u003ctd\u003e18102566,9293\u003c/td\u003e\n\u003c/tr\u003e\n\u003c/table\u003e\n\u003c/td\u003e\n\u003c/tr\u003e\n\u003c/table\u003e\n\u003c/body\u003e\u003cscript type=\"text/javascript\"\u003e\n\t\t\t\tfunction changeImage(attElement, nameElement) {\n\t\t\t\tdocument.getElementById('imageAttachment').src = attElement;\n\t\t\t\tdocument.getElementById('imageName').innerHTML = nameElement;}\n\t\t\t\u003c/script\u003e\u003c/html\u003e\n","FID_active_grids":150,"GridID":"M01","Shape_Length":2.6679616190777815e-05,"Shape_Area":3.700040093815484e-11}},{"type":"Feature","id":28014,"geometry":{"type":"Polygon","coordinates":[[[112.68403804400009,-7.0850311669999542],[112.68403880400001,-7.085031163999929],[112.68403834500009,-7.085030804999974],[112.68401087600012,-7.0850275349999379],[112.68401088900009,-7.085031264999941],[112.68401994100009,-7.0850312319999489],[112.68401997300009,-7.0850402739999367],[112.68403807600009,-7.085040208999942],[112.68403804400009,-7.0850311669999542]]]},"properties":{"OBJECTID":28014,"FID_mangrove_utm":27921,"OBJECTID_1":27921,"Name":"18102566,9293","FolderPath":"JATIM/JATIM","SymbolID":0,"AltMode":0,"Base":0,"Clamped":-1,"Extruded":0,"Snippet":"","PopupInfo":"\u003chtml xmlns:fo=\"http://www.w3.org/1999/XSL/Format\" xmlns:msxsl=\"urn:schemas-microsoft-com:xslt\"\u003e\n\u003chead\u003e\n\u003cMETA http-equiv=\"Content-Type\" content=\"text/html\"\u003e\n\u003cmeta http-equiv=\"content-type\" content=\"text/html; charset=UTF-8\"\u003e\n\u003c/head\u003e\n\u003cbody style=\"margin:0px 0px 0px 0px;overflow:auto;background:#FFFFFF;\"\u003e\n\u003ctable style=\"font-family:Arial,Verdana,Times;font-size:12px;text-align:left;width:100%;border-collapse:collapse;padding:3px 3px 3px 3px\"\u003e\n\u003ctr style=\"text-align:center;font-weight:bold;background:#9CBCE2\"\u003e\n\u003ctd\u003e18102566,9293\u003c/td\u003e\n\u003c/tr\u003e\n\u003ctr\u003e\n\u003ctd\u003e\n\u003ctable style=\"font-family:Arial,Verdana,Times;font-size:12px;text-align:left;width:100%;border-spacing:0px; padding:3px 3px 3px 3px\"\u003e\n\u003ctr\u003e\n\u003ctd\u003eFID\u003c/td\u003e\n\u003ctd\u003e0\u003c/td\u003e\n\u003c/tr\u003e\n\u003ctr bgcolor=\"#D4E4F3\"\u003e\n\u003ctd\u003eShape_Leng\u003c/td\u003e\n\u003ctd\u003e18102566,9293\u003c/td\u003e\n\u003c/tr\u003e\n\u003c/table\u003e\n\u003c/td\u003e\n\u003c/tr\u003e\n\u003c/table\u003e\n\u003c/body\u003e\u003cscript type=\"text/javascript\"\u003e\n\t\t\t\tfunction changeImage(attElement, nameElement) {\n\t\t\t\tdocument.getElementById('imageAttachment').src = attElement;\n\t\t\t\tdocument.getElementById('imageName').innerHTML = nameElement;}\n\t\t\t\u003c/script\u003e\u003c/html\u003e\n","FID_active_grids":150,"GridID":"M01","Shape_Length":7.7974988995592638e-05,"Shape_Area":2.1993074058765557e-10}},{"type":"Feature","id":28016,"geometry":{"type":"Polygon","coordinates":[[[112.68396757300002,-7.0850223799999412],[112.68393843100012,-7.0850189099999739],[112.68393844400009,-7.0850224849999677],[112.68396757300002,-7.0850223799999412]]]},"properties":{"OBJECTID":28016,"FID_mangrove_utm":27923,"OBJECTID_1":27923,"Name":"18102566,9293","FolderPath":"JATIM/JATIM","SymbolID":0,"AltMode":0,"Base":0,"Clamped":-1,"Extruded":0,"Snippet":"","PopupInfo":"\u003chtml xmlns:fo=\"http://www.w3.org/1999/XSL/Format\" xmlns:msxsl=\"urn:schemas-microsoft-com:xslt\"\u003e\n\u003chead\u003e\n\u003cMETA http-equiv=\"Content-Type\" content=\"text/html\"\u003e\n\u003cmeta http-equiv=\"content-type\" content=\"text/html; charset=UTF-8\"\u003e\n\u003c/head\u003e\n\u003cbody style=\"margin:0px 0px 0px 0px;overflow:auto;background:#FFFFFF;\"\u003e\n\u003ctable style=\"font-family:Arial,Verdana,Times;font-size:12px;text-align:left;width:100%;border-collapse:collapse;padding:3px 3px 3px 3px\"\u003e\n\u003ctr style=\"text-align:center;font-weight:bold;background:#9CBCE2\"\u003e\n\u003ctd\u003e18102566,9293\u003c/td\u003e\n\u003c/tr\u003e\n\u003ctr\u003e\n\u003ctd\u003e\n\u003ctable style=\"font-family:Arial,Verdana,Times;font-size:12px;text-align:left;width:100%;border-spacing:0px; padding:3px 3px 3px 3px\"\u003e\n\u003ctr\u003e\n\u003ctd\u003eFID\u003c/td\u003e\n\u003ctd\u003e0\u003c/td\u003e\n\u003c/tr\u003e\n\u003ctr bgcolor=\"#D4E4F3\"\u003e\n\u003ctd\u003eShape_Leng\u003c/td\u003e\n\u003ctd\u003e18102566,9293\u003c/td\u003e\n\u003c/tr\u003e\n\u003c/table\u003e\n\u003c/td\u003e\n\u003c/tr\u003e\n\u003c/table\u003e\n\u003c/body\u003e\u003cscript type=\"text/javascript\"\u003e\n\t\t\t\tfunction changeImage(attElement, nameElement) {\n\t\t\t\tdocument.getElementById('imageAttachment').src = attElement;\n\t\t\t\tdocument.getElementById('imageName').innerHTML = nameElement;}\n\t\t\t\u003c/script\u003e\u003c/html\u003e\n","FID_active_grids":150,"GridID":"M01","Shape_Length":6.2052075723229317e-05,"Shape_Area":5.2068769778008655e-11}},{"type":"Feature","id":28023,"geometry":{"type":"Polygon","coordinates":[[[112.68356262200007,-7.084967522999932],[112.68351619100008,-7.0849155089999272],[112.68351263000011,-7.0849155219999602],[112.6835126630001,-7.0849245639999481],[112.68350361100011,-7.0849245969999401],[112.68350371000008,-7.0849517229999606],[112.68349465800009,-7.0849517559999526],[112.68349469100008,-7.0849607979999405],[112.68348564000007,-7.0849608299999431],[112.68348570500007,-7.0849789139999757],[112.68349475700006,-7.0849788819999731],[112.68349478900006,-7.0849879239999609],[112.68352194400006,-7.0849878249999279],[112.68352197700005,-7.0849968669999726],[112.68353102800006,-7.0849968349999699],[112.68353106100005,-7.0850058769999578],[112.68354916400006,-7.0850058109999736],[112.68354913100006,-7.0849967689999289],[112.68357423900011,-7.0849966779999249],[112.68356262200007,-7.084967522999932]]]},"properties":{"OBJECTID":28023,"FID_mangrove_utm":27930,"OBJECTID_1":27930,"Name":"18102566,9293","FolderPath":"JATIM/JATIM","SymbolID":0,"AltMode":0,"Base":0,"Clamped":-1,"Extruded":0,"Snippet":"","PopupInfo":"\u003chtml xmlns:fo=\"http://www.w3.org/1999/XSL/Format\" xmlns:msxsl=\"urn:schemas-microsoft-com:xslt\"\u003e\n\u003chead\u003e\n\u003cMETA http-equiv=\"Content-Type\" content=\"text/html\"\u003e\n\u003cmeta http-equiv=\"content-type\" content=\"text/html; charset=UTF-8\"\u003e\n\u003c/head\u003e\n\u003cbody style=\"margin:0px 0px 0px 0px;overflow:auto;background:#FFFFFF;\"\u003e\n\u003ctable style=\"font-family:Arial,Verdana,Times;font-size:12px;text-align:left;width:100%;border-collapse:collapse;padding:3px 3px 3px 3px\"\u003e\n\u003ctr style=\"text-align:center;font-weight:bold;background:#9CBCE2\"\u003e\n\u003ctd\u003e18102566,9293\u003c/td\u003e\n\u003c/tr\u003e\n\u003ctr\u003e\n\u003ctd\u003e\n\u003ctable style=\"font-family:Arial,Verdana,Times;font-size:12px;text-align:left;width:100%;border-spacing:0px; padding:3px 3px 3px 3px\"\u003e\n\u003ctr\u003e\n\u003ctd\u003eFID\u003c/td\u003e\n\u003ctd\u003e0\u003c/td\u003e\n\u003c/tr\u003e\n\u003ctr bgcolor=\"#D4E4F3\"\u003e\n\u003ctd\u003eShape_Leng\u003c/td\u003e\n\u003ctd\u003e18102566,9293\u003c/td\u003e\n\u003c/tr\u003e\n\u003c/table\u003e\n\u003c/td\u003e\n\u003c/tr\u003e\n\u003c/table\u003e\n\u003c/body\u003e\u003cscript type=\"text/javascript\"\u003e\n\t\t\t\tfunction changeImage(attElement, nameElement) {\n\t\t\t\tdocument.getElementById('imageAttachment').src = attElement;\n\t\t\t\tdocument.getElementById('imageName').innerHTML = nameElement;}\n\t\t\t\u003c/script\u003e\u003c/html\u003e\n","FID_active_grids":150,"GridID":"M01","Shape_Length":0.00031975562606089688,"Shape_Area":4.1602815336212524e-09}},{"type":"Feature","id":28049,"geometry":{"type":"Polygon","coordinates":[[[112.68357474400011,-7.0845716969999444],[112.68356569200012,-7.084571728999947],[112.6835657580001,-7.0845898129999796],[112.6835567060001,-7.0845898459999717],[112.6835567390001,-7.0845988879999595],[112.68354768800009,-7.0845989209999516],[112.68354778600008,-7.084626046999972],[112.68353873400008,-7.0846260799999641],[112.68353876700007,-7.0846351219999519],[112.68352971600007,-7.084635154999944],[112.68352979200006,-7.0846560859999386],[112.68357485900003,-7.0846034599999257],[112.68357474400011,-7.0845716969999444]]]},"properties":{"OBJECTID":28049,"FID_mangrove_utm":27956,"OBJECTID_1":27956,"Name":"18102566,9293","FolderPath":"JATIM/JATIM","SymbolID":0,"AltMode":0,"Base":0,"Clamped":-1,"Extruded":0,"Snippet":"","PopupInfo":"\u003chtml xmlns:fo=\"http://www.w3.org/1999/XSL/Format\" xmlns:msxsl=\"urn:schemas-microsoft-com:xslt\"\u003e\n\u003chead\u003e\n\u003cMETA http-equiv=\"Content-Type\" content=\"text/html\"\u003e\n\u003cmeta http-equiv=\"content-type\" content=\"text/html; charset=UTF-8\"\u003e\n\u003c/head\u003e\n\u003cbody style=\"margin:0px 0px 0px 0px;overflow:auto;background:#FFFFFF;\"\u003e\n\u003ctable style=\"font-family:Arial,Verdana,Times;font-size:12px;text-align:left;width:100%;border-collapse:collapse;padding:3px 3px 3px 3px\"\u003e\n\u003ctr style=\"text-align:center;font-weight:bold;background:#9CBCE2\"\u003e\n\u003ctd\u003e18102566,9293\u003c/td\u003e\n\u003c/tr\u003e\n\u003ctr\u003e\n\u003ctd\u003e\n\u003ctable style=\"font-family:Arial,Verdana,Times;font-size:12px;text-align:left;width:100%;border-spacing:0px; padding:3px 3px 3px 3px\"\u003e\n\u003ctr\u003e\n\u003ctd\u003eFID\u003c/td\u003e\n\u003ctd\u003e0\u003c/td\u003e\n\u003c/tr\u003e\n\u003ctr bgcolor=\"#D4E4F3\"\u003e\n\u003ctd\u003eShape_Leng\u003c/td\u003e\n\u003ctd\u003e18102566,9293\u003c/td\u003e\n\u003c/tr\u003e\n\u003c/table\u003e\n\u003c/td\u003e\n\u003c/tr\u003e\n\u003c/table\u003e\n\u003c/body\u003e\u003cscript type=\"text/javascript\"\u003e\n\t\t\t\tfunction changeImage(attElement, nameElement) {\n\t\t\t\tdocument.getElementById('imageAttachment').src = attElement;\n\t\t\t\tdocument.getElementById('imageName').innerHTML = nameElement;}\n\t\t\t\u003c/script\u003e\u003c/html\u003e\n","FID_active_grids":150,"GridID":"M01","Shape_Length":0.00023053292101642169,"Shape_Area":1.151520974852192e-09}},{"type":"Feature","id":28056,"geometry":{"type":"Polygon","coordinates":[[[112.68362879000006,-7.0844991639999648],[112.68361068700005,-7.0844992289999595],[112.68361072000005,-7.0845082709999474],[112.68359261700004,-7.0845083369999315],[112.68359268200004,-7.0845264209999641],[112.68358363100003,-7.0845264539999562],[112.68358366400003,-7.084535495999944],[112.68357461200003,-7.0845355289999361],[112.68357474400011,-7.0845716969999444],[112.68359284700011,-7.0845716309999602],[112.68359287900012,-7.0845806729999481],[112.68358382800011,-7.0845807059999402],[112.6835838610001,-7.084589747999928],[112.68358660900003,-7.0845897379999769],[112.68362893900007,-7.0845403069999406],[112.68362892100004,-7.0845353319999731],[112.68361987000003,-7.0845353649999652],[112.68361983700004,-7.0845263229999773],[112.68362888800004,-7.0845262899999284],[112.68362885600004,-7.0845172479999405],[112.68363790700005,-7.0845172149999485],[112.68363787400006,-7.0845081729999606],[112.68362882300005,-7.0845082059999527],[112.68362879000006,-7.0844991639999648]]]},"properties":{"OBJECTID":28056,"FID_mangrove_utm":27963,"OBJECTID_1":27963,"Name":"18102566,9293","FolderPath":"JATIM/JATIM","SymbolID":0,"AltMode":0,"Base":0,"Clamped":-1,"Extruded":0,"Snippet":"","PopupInfo":"\u003chtml xmlns:fo=\"http://www.w3.org/1999/XSL/Format\" xmlns:msxsl=\"urn:schemas-microsoft-com:xslt\"\u003e\n\u003chead\u003e\n\u003cMETA http-equiv=\"Content-Type\" content=\"text/html\"\u003e\n\u003cmeta http-equiv=\"content-type\" content=\"text/html; charset=UTF-8\"\u003e\n\u003c/head\u003e\n\u003cbody style=\"margin:0px 0px 0px 0px;overflow:auto;background:#FFFFFF;\"\u003e\n\u003ctable style=\"font-family:Arial,Verdana,Times;font-size:12px;text-align:left;width:100%;border-collapse:collapse;padding:3px 3px 3px 3px\"\u003e\n\u003ctr style=\"text-align:center;font-weight:bold;background:#9CBCE2\"\u003e\n\u003ctd\u003e18102566,9293\u003c/td\u003e\n\u003c/tr\u003e\n\u003ctr\u003e\n\u003ctd\u003e\n\u003ctable style=\"font-family:Arial,Verdana,Times;font-size:12px;text-align:left;width:100%;border-spacing:0px; padding:3px 3px 3px 3px\"\u003e\n\u003ctr\u003e\n\u003ctd\u003eFID\u003c/td\u003e\n\u003ctd\u003e0\u003c/td\u003e\n\u003c/tr\u003e\n\u003ctr bgcolor=\"#D4E4F3\"\u003e\n\u003ctd\u003eShape_Leng\u003c/td\u003e\n\u003ctd\u003e18102566,9293\u003c/td\u003e\n\u003c/tr\u003e\n\u003c/table\u003e\n\u003c/td\u003e\n\u003c/tr\u003e\n\u003c/table\u003e\n\u003c/body\u003e\u003cscript type=\"text/javascript\"\u003e\n\t\t\t\tfunction changeImage(attElement, nameElement) {\n\t\t\t\tdocument.getElementById('imageAttachment').src = attElement;\n\t\t\t\tdocument.getElementById('imageName').innerHTML = nameElement;}\n\t\t\t\u003c/script\u003e\u003c/html\u003e\n","FID_active_grids":150,"GridID":"M01","Shape_Length":0.0003170584802017565,"Shape_Area":2.8811685141164466e-09}},{"type":"Feature","id":28057,"geometry":{"type":"Polygon","coordinates":[[[112.68363790700005,-7.0845172149999485],[112.68363794000004,-7.0845262569999363],[112.68364098100005,-7.084526245999939],[112.6836642830001,-7.0844990349999648],[112.68365594400007,-7.084499065999978],[112.68365597700006,-7.0845081079999659],[112.68364692600005,-7.0845081399999685],[112.68364695900004,-7.0845171819999564],[112.68363790700005,-7.0845172149999485]]]},"properties":{"OBJECTID":28057,"FID_mangrove_utm":27964,"OBJECTID_1":27964,"Name":"18102566,9293","FolderPath":"JATIM/JATIM","SymbolID":0,"AltMode":0,"Base":0,"Clamped":-1,"Extruded":0,"Snippet":"","PopupInfo":"\u003chtml xmlns:fo=\"http://www.w3.org/1999/XSL/Format\" xmlns:msxsl=\"urn:schemas-microsoft-com:xslt\"\u003e\n\u003chead\u003e\n\u003cMETA http-equiv=\"Content-Type\" content=\"text/html\"\u003e\n\u003cmeta http-equiv=\"content-type\" content=\"text/html; charset=UTF-8\"\u003e\n\u003c/head\u003e\n\u003cbody style=\"margin:0px 0px 0px 0px;overflow:auto;background:#FFFFFF;\"\u003e\n\u003ctable style=\"font-family:Arial,Verdana,Times;font-size:12px;text-align:left;width:100%;border-collapse:collapse;padding:3px 3px 3px 3px\"\u003e\n\u003ctr style=\"text-align:center;font-weight:bold;background:#9CBCE2\"\u003e\n\u003ctd\u003e18102566,9293\u003c/td\u003e\n\u003c/tr\u003e\n\u003ctr\u003e\n\u003ctd\u003e\n\u003ctable style=\"font-family:Arial,Verdana,Times;font-size:12px;text-align:left;width:100%;border-spacing:0px; padding:3px 3px 3px 3px\"\u003e\n\u003ctr\u003e\n\u003ctd\u003eFID\u003c/td\u003e\n\u003ctd\u003e0\u003c/td\u003e\n\u003c/tr\u003e\n\u003ctr bgcolor=\"#D4E4F3\"\u003e\n\u003ctd\u003eShape_Leng\u003c/td\u003e\n\u003ctd\u003e18102566,9293\u003c/td\u003e\n\u003c/tr\u003e\n\u003c/table\u003e\n\u003c/td\u003e\n\u003c/tr\u003e\n\u003c/table\u003e\n\u003c/body\u003e\u003cscript type=\"text/javascript\"\u003e\n\t\t\t\tfunction changeImage(attElement, nameElement) {\n\t\t\t\tdocument.getElementById('imageAttachment').src = attElement;\n\t\t\t\tdocument.getElementById('imageName').innerHTML = nameElement;}\n\t\t\t\u003c/script\u003e\u003c/html\u003e\n","FID_active_grids":150,"GridID":"M01","Shape_Length":9.2434250698576702e-05,"Shape_Area":1.543399493278527e-10}},{"type":"Feature","id":28058,"geometry":{"type":"Polygon","coordinates":[[[112.68362879000006,-7.0844991639999648],[112.68363784100006,-7.0844991309999727],[112.68363780900006,-7.084490088999928],[112.68362875700006,-7.084490121999977],[112.68362879000006,-7.0844991639999648]]]},"properties":{"OBJECTID":28058,"FID_mangrove_utm":27965,"OBJECTID_1":27965,"Name":"18102566,9293","FolderPath":"JATIM/JATIM","SymbolID":0,"AltMode":0,"Base":0,"Clamped":-1,"Extruded":0,"Snippet":"","PopupInfo":"\u003chtml xmlns:fo=\"http://www.w3.org/1999/XSL/Format\" xmlns:msxsl=\"urn:schemas-microsoft-com:xslt\"\u003e\n\u003chead\u003e\n\u003cMETA http-equiv=\"Content-Type\" content=\"text/html\"\u003e\n\u003cmeta http-equiv=\"content-type\" content=\"text/html; charset=UTF-8\"\u003e\n\u003c/head\u003e\n\u003cbody style=\"margin:0px 0px 0px 0px;overflow:auto;background:#FFFFFF;\"\u003e\n\u003ctable style=\"font-family:Arial,Verdana,Times;font-size:12px;text-align:left;width:100%;border-collapse:collapse;padding:3px 3px 3px 3px\"\u003e\n\u003ctr style=\"text-align:center;font-weight:bold;background:#9CBCE2\"\u003e\n\u003ctd\u003e18102566,9293\u003c/td\u003e\n\u003c/tr\u003e\n\u003ctr\u003e\n\u003ctd\u003e\n\u003ctable style=\"font-family:Arial,Verdana,Times;font-size:12px;text-align:left;width:100%;border-spacing:0px; padding:3px 3px 3px 3px\"\u003e\n\u003ctr\u003e\n\u003ctd\u003eFID\u003c/td\u003e\n\u003ctd\u003e0\u003c/td\u003e\n\u003c/tr\u003e\n\u003ctr bgcolor=\"#D4E4F3\"\u003e\n\u003ctd\u003eShape_Leng\u003c/td\u003e\n\u003ctd\u003e18102566,9293\u003c/td\u003e\n\u003c/tr\u003e\n\u003c/table\u003e\n\u003c/td\u003e\n\u003c/tr\u003e\n\u003c/table\u003e\n\u003c/body\u003e\u003cscript type=\"text/javascript\"\u003e\n\t\t\t\tfunction changeImage(attElement, nameElement) {\n\t\t\t\tdocument.getElementById('imageAttachment').src = attElement;\n\t\t\t\tdocument.getElementById('imageName').innerHTML = nameElement;}\n\t\t\t\u003c/script\u003e\u003c/html\u003e\n","FID_active_grids":150,"GridID":"M01","Shape_Length":3.6187237189236945e-05,"Shape_Area":8.1844735657681507e-11}},{"type":"Feature","id":28059,"geometry":{"type":"Polygon","coordinates":[[[112.68363780900006,-7.084490088999928],[112.68364686000007,-7.084490055999936],[112.68364682700008,-7.0844810139999481],[112.68363777600007,-7.0844810469999402],[112.68363780900006,-7.084490088999928]]]},"properties":{"OBJECTID":28059,"FID_mangrove_utm":27966,"OBJECTID_1":27966,"Name":"18102566,9293","FolderPath":"JATIM/JATIM","SymbolID":0,"AltMode":0,"Base":0,"Clamped":-1,"Extruded":0,"Snippet":"","PopupInfo":"\u003chtml xmlns:fo=\"http://www.w3.org/1999/XSL/Format\" xmlns:msxsl=\"urn:schemas-microsoft-com:xslt\"\u003e\n\u003chead\u003e\n\u003cMETA http-equiv=\"Content-Type\" content=\"text/html\"\u003e\n\u003cmeta http-equiv=\"content-type\" content=\"text/html; charset=UTF-8\"\u003e\n\u003c/head\u003e\n\u003cbody style=\"margin:0px 0px 0px 0px;overflow:auto;background:#FFFFFF;\"\u003e\n\u003ctable style=\"font-family:Arial,Verdana,Times;font-size:12px;text-align:left;width:100%;border-collapse:collapse;padding:3px 3px 3px 3px\"\u003e\n\u003ctr style=\"text-align:center;font-weight:bold;background:#9CBCE2\"\u003e\n\u003ctd\u003e18102566,9293\u003c/td\u003e\n\u003c/tr\u003e\n\u003ctr\u003e\n\u003ctd\u003e\n\u003ctable style=\"font-family:Arial,Verdana,Times;font-size:12px;text-align:left;width:100%;border-spacing:0px; padding:3px 3px 3px 3px\"\u003e\n\u003ctr\u003e\n\u003ctd\u003eFID\u003c/td\u003e\n\u003ctd\u003e0\u003c/td\u003e\n\u003c/tr\u003e\n\u003ctr bgcolor=\"#D4E4F3\"\u003e\n\u003ctd\u003eShape_Leng\u003c/td\u003e\n\u003ctd\u003e18102566,9293\u003c/td\u003e\n\u003c/tr\u003e\n\u003c/table\u003e\n\u003c/td\u003e\n\u003c/tr\u003e\n\u003c/table\u003e\n\u003c/body\u003e\u003cscript type=\"text/javascript\"\u003e\n\t\t\t\tfunction changeImage(attElement, nameElement) {\n\t\t\t\tdocument.getElementById('imageAttachment').src = attElement;\n\t\t\t\tdocument.getElementById('imageName').innerHTML = nameElement;}\n\t\t\t\u003c/script\u003e\u003c/html\u003e\n","FID_active_grids":150,"GridID":"M01","Shape_Length":3.6186240743683881e-05,"Shape_Area":8.1840230947137701e-11}},{"type":"Feature","id":28077,"geometry":{"type":"Polygon","coordinates":[[[112.68364607300009,-7.0842730479999432],[112.68364617100008,-7.0843001739999636],[112.68366427400008,-7.0843001089999689],[112.68366430700007,-7.0843091509999567],[112.68368241000007,-7.0843090849999726],[112.68368254100005,-7.0843452529999809],[112.68367349000005,-7.0843452859999729],[112.68367352200005,-7.0843543279999608],[112.68366447100004,-7.0843543609999529],[112.68366450400003,-7.0843634029999407],[112.68367355500004,-7.0843633699999486],[112.68367362100003,-7.0843814539999812],[112.68366456900003,-7.0843814869999733],[112.68366473300011,-7.0844266969999694],[112.68365568200011,-7.0844267299999615],[112.68365591200006,-7.0844900239999333],[112.68367205000004,-7.084489964999932],[112.68371006000007,-7.0844455789999756],[112.68371002400011,-7.0844355749999295],[112.68371865400002,-7.0844355439999731],[112.68371907300002,-7.0844350539999255],[112.68371904200001,-7.0844264999999496],[112.68372642100007,-7.0844264729999509],[112.68372808700008,-7.0844245279999427],[112.68372802800002,-7.0844083829999249],[112.68371897700001,-7.0844084159999738],[112.68371894400002,-7.0843993739999291],[112.68370989200002,-7.0843994069999781],[112.68370986000002,-7.0843903649999334],[112.68371891100003,-7.0843903319999413],[112.68371881300004,-7.0843632059999777],[112.68372786400005,-7.0843631729999288],[112.68372789700004,-7.0843722149999735],[112.68373694800005,-7.0843721829999708],[112.68373678400008,-7.0843269729999747],[112.68371868100007,-7.0843270379999694],[112.68371864900007,-7.0843179959999816],[112.68370959700007,-7.0843180289999736],[112.68370953100009,-7.0842999449999411],[112.68370048000008,-7.0842999779999332],[112.68370044700009,-7.0842909359999453],[112.68366424100009,-7.084291066999981],[112.6836642080001,-7.0842820249999363],[112.68365515700009,-7.0842820579999284],[112.6836551240001,-7.0842730159999405],[112.68364607300009,-7.0842730479999432]]]},"properties":{"OBJECTID":28077,"FID_mangrove_utm":27984,"OBJECTID_1":27984,"Name":"18102566,9293","FolderPath":"JATIM/JATIM","SymbolID":0,"AltMode":0,"Base":0,"Clamped":-1,"Extruded":0,"Snippet":"","PopupInfo":"\u003chtml xmlns:fo=\"http://www.w3.org/1999/XSL/Format\" xmlns:msxsl=\"urn:schemas-microsoft-com:xslt\"\u003e\n\u003chead\u003e\n\u003cMETA http-equiv=\"Content-Type\" content=\"text/html\"\u003e\n\u003cmeta http-equiv=\"content-type\" content=\"text/html; charset=UTF-8\"\u003e\n\u003c/head\u003e\n\u003cbody style=\"margin:0px 0px 0px 0px;overflow:auto;background:#FFFFFF;\"\u003e\n\u003ctable style=\"font-family:Arial,Verdana,Times;font-size:12px;text-align:left;width:100%;border-collapse:collapse;padding:3px 3px 3px 3px\"\u003e\n\u003ctr style=\"text-align:center;font-weight:bold;background:#9CBCE2\"\u003e\n\u003ctd\u003e18102566,9293\u003c/td\u003e\n\u003c/tr\u003e\n\u003ctr\u003e\n\u003ctd\u003e\n\u003ctable style=\"font-family:Arial,Verdana,Times;font-size:12px;text-align:left;width:100%;border-spacing:0px; padding:3px 3px 3px 3px\"\u003e\n\u003ctr\u003e\n\u003ctd\u003eFID\u003c/td\u003e\n\u003ctd\u003e0\u003c/td\u003e\n\u003c/tr\u003e\n\u003ctr bgcolor=\"#D4E4F3\"\u003e\n\u003ctd\u003eShape_Leng\u003c/td\u003e\n\u003ctd\u003e18102566,9293\u003c/td\u003e\n\u003c/tr\u003e\n\u003c/table\u003e\n\u003c/td\u003e\n\u003c/tr\u003e\n\u003c/table\u003e\n\u003c/body\u003e\u003cscript type=\"text/javascript\"\u003e\n\t\t\t\tfunction changeImage(attElement, nameElement) {\n\t\t\t\tdocument.getElementById('imageAttachment').src = attElement;\n\t\t\t\tdocument.getElementById('imageName').innerHTML = nameElement;}\n\t\t\t\u003c/script\u003e\u003c/html\u003e\n","FID_active_grids":150,"GridID":"M01","Shape_Length":0.00071645094416080161,"Shape_Area":1.0039067655741696e-08}},{"type":"Feature","id":28078,"geometry":{"type":"Polygon","coordinates":[[[112.68361891800009,-7.0842731469999762],[112.6836188850001,-7.0842641049999315],[112.68360983400009,-7.0842641369999342],[112.68360986700009,-7.0842731789999789],[112.68361891800009,-7.0842731469999762]]]},"properties":{"OBJECTID":28078,"FID_mangrove_utm":27985,"OBJECTID_1":27985,"Name":"18102566,9293","FolderPath":"JATIM/JATIM","SymbolID":0,"AltMode":0,"Base":0,"Clamped":-1,"Extruded":0,"Snippet":"","PopupInfo":"\u003chtml xmlns:fo=\"http://www.w3.org/1999/XSL/Format\" xmlns:msxsl=\"urn:schemas-microsoft-com:xslt\"\u003e\n\u003chead\u003e\n\u003cMETA http-equiv=\"Content-Type\" content=\"text/html\"\u003e\n\u003cmeta http-equiv=\"content-type\" content=\"text/html; charset=UTF-8\"\u003e\n\u003c/head\u003e\n\u003cbody style=\"margin:0px 0px 0px 0px;overflow:auto;background:#FFFFFF;\"\u003e\n\u003ctable style=\"font-family:Arial,Verdana,Times;font-size:12px;text-align:left;width:100%;border-collapse:collapse;padding:3px 3px 3px 3px\"\u003e\n\u003ctr style=\"text-align:center;font-weight:bold;background:#9CBCE2\"\u003e\n\u003ctd\u003e18102566,9293\u003c/td\u003e\n\u003c/tr\u003e\n\u003ctr\u003e\n\u003ctd\u003e\n\u003ctable style=\"font-family:Arial,Verdana,Times;font-size:12px;text-align:left;width:100%;border-spacing:0px; padding:3px 3px 3px 3px\"\u003e\n\u003ctr\u003e\n\u003ctd\u003eFID\u003c/td\u003e\n\u003ctd\u003e0\u003c/td\u003e\n\u003c/tr\u003e\n\u003ctr bgcolor=\"#D4E4F3\"\u003e\n\u003ctd\u003eShape_Leng\u003c/td\u003e\n\u003ctd\u003e18102566,9293\u003c/td\u003e\n\u003c/tr\u003e\n\u003c/table\u003e\n\u003c/td\u003e\n\u003c/tr\u003e\n\u003c/table\u003e\n\u003c/body\u003e\u003cscript type=\"text/javascript\"\u003e\n\t\t\t\tfunction changeImage(attElement, nameElement) {\n\t\t\t\tdocument.getElementById('imageAttachment').src = attElement;\n\t\t\t\tdocument.getElementById('imageName').innerHTML = nameElement;}\n\t\t\t\u003c/script\u003e\u003c/html\u003e\n","FID_active_grids":150,"GridID":"M01","Shape_Length":3.6186233675965902e-05,"Shape_Area":8.1840198461984401e-11}},{"type":"Feature","id":28079,"geometry":{"type":"Polygon","coordinates":[[[112.68364607300009,-7.0842730479999432],[112.6836460400001,-7.0842640059999553],[112.6836369880001,-7.0842640389999474],[112.6836370210001,-7.0842730809999352],[112.68364607300009,-7.0842730479999432]]]},"properties":{"OBJECTID":28079,"FID_mangrove_utm":27986,"OBJECTID_1":27986,"Name":"18102566,9293","FolderPath":"JATIM/JATIM","SymbolID":0,"AltMode":0,"Base":0,"Clamped":-1,"Extruded":0,"Snippet":"","PopupInfo":"\u003chtml xmlns:fo=\"http://www.w3.org/1999/XSL/Format\" xmlns:msxsl=\"urn:schemas-microsoft-com:xslt\"\u003e\n\u003chead\u003e\n\u003cMETA http-equiv=\"Content-Type\" content=\"text/html\"\u003e\n\u003cmeta http-equiv=\"content-type\" content=\"text/html; charset=UTF-8\"\u003e\n\u003c/head\u003e\n\u003cbody style=\"margin:0px 0px 0px 0px;overflow:auto;background:#FFFFFF;\"\u003e\n\u003ctable style=\"font-family:Arial,Verdana,Times;font-size:12px;text-align:left;width:100%;border-collapse:collapse;padding:3px 3px 3px 3px\"\u003e\n\u003ctr style=\"text-align:center;font-weight:bold;background:#9CBCE2\"\u003e\n\u003ctd\u003e18102566,9293\u003c/td\u003e\n\u003c/tr\u003e\n\u003ctr\u003e\n\u003ctd\u003e\n\u003ctable style=\"font-family:Arial,Verdana,Times;font-size:12px;text-align:left;width:100%;border-spacing:0px; padding:3px 3px 3px 3px\"\u003e\n\u003ctr\u003e\n\u003ctd\u003eFID\u003c/td\u003e\n\u003ctd\u003e0\u003c/td\u003e\n\u003c/tr\u003e\n\u003ctr bgcolor=\"#D4E4F3\"\u003e\n\u003ctd\u003eShape_Leng\u003c/td\u003e\n\u003ctd\u003e18102566,9293\u003c/td\u003e\n\u003c/tr\u003e\n\u003c/table\u003e\n\u003c/td\u003e\n\u003c/tr\u003e\n\u003c/table\u003e\n\u003c/body\u003e\u003cscript type=\"text/javascript\"\u003e\n\t\t\t\tfunction changeImage(attElement, nameElement) {\n\t\t\t\tdocument.getElementById('imageAttachment').src = attElement;\n\t\t\t\tdocument.getElementById('imageName').innerHTML = nameElement;}\n\t\t\t\u003c/script\u003e\u003c/html\u003e\n","FID_active_grids":150,"GridID":"M01","Shape_Length":3.6188240709241466e-05,"Shape_Area":8.1849272851502786e-11}},{"type":"Feature","id":28094,"geometry":{"type":"Polygon","coordinates":[[[112.68379948800009,-7.0841459029999783],[112.68379945600009,-7.0841368609999336],[112.68379040400009,-7.0841368939999256],[112.68379043700008,-7.0841459359999703],[112.68379948800009,-7.0841459029999783]]]},"properties":{"OBJECTID":28094,"FID_mangrove_utm":28001,"OBJECTID_1":28001,"Name":"18102566,9293","FolderPath":"JATIM/JATIM","SymbolID":0,"AltMode":0,"Base":0,"Clamped":-1,"Extruded":0,"Snippet":"","PopupInfo":"\u003chtml xmlns:fo=\"http://www.w3.org/1999/XSL/Format\" xmlns:msxsl=\"urn:schemas-microsoft-com:xslt\"\u003e\n\u003chead\u003e\n\u003cMETA http-equiv=\"Content-Type\" content=\"text/html\"\u003e\n\u003cmeta http-equiv=\"content-type\" content=\"text/html; charset=UTF-8\"\u003e\n\u003c/head\u003e\n\u003cbody style=\"margin:0px 0px 0px 0px;overflow:auto;background:#FFFFFF;\"\u003e\n\u003ctable style=\"font-family:Arial,Verdana,Times;font-size:12px;text-align:left;width:100%;border-collapse:collapse;padding:3px 3px 3px 3px\"\u003e\n\u003ctr style=\"text-align:center;font-weight:bold;background:#9CBCE2\"\u003e\n\u003ctd\u003e18102566,9293\u003c/td\u003e\n\u003c/tr\u003e\n\u003ctr\u003e\n\u003ctd\u003e\n\u003ctable style=\"font-family:Arial,Verdana,Times;font-size:12px;text-align:left;width:100%;border-spacing:0px; padding:3px 3px 3px 3px\"\u003e\n\u003ctr\u003e\n\u003ctd\u003eFID\u003c/td\u003e\n\u003ctd\u003e0\u003c/td\u003e\n\u003c/tr\u003e\n\u003ctr bgcolor=\"#D4E4F3\"\u003e\n\u003ctd\u003eShape_Leng\u003c/td\u003e\n\u003ctd\u003e18102566,9293\u003c/td\u003e\n\u003c/tr\u003e\n\u003c/table\u003e\n\u003c/td\u003e\n\u003c/tr\u003e\n\u003c/table\u003e\n\u003c/body\u003e\u003cscript type=\"text/javascript\"\u003e\n\t\t\t\tfunction changeImage(attElement, nameElement) {\n\t\t\t\tdocument.getElementById('imageAttachment').src = attElement;\n\t\t\t\tdocument.getElementById('imageName').innerHTML = nameElement;}\n\t\t\t\u003c/script\u003e\u003c/html\u003e\n","FID_active_grids":150,"GridID":"M01","Shape_Length":3.6187237245872759e-05,"Shape_Area":8.184473591401692e-11}},{"type":"Feature","id":28101,"geometry":{"type":"Polygon","coordinates":[[[112.68306602300004,-7.0840671799999768],[112.68306605600003,-7.0840762219999647],[112.68307510700004,-7.0840761889999726],[112.68307507500003,-7.0840671469999279],[112.68306602300004,-7.0840671799999768]]]},"properties":{"OBJECTID":28101,"FID_mangrove_utm":28008,"OBJECTID_1":28008,"Name":"18102566,9293","FolderPath":"JATIM/JATIM","SymbolID":0,"AltMode":0,"Base":0,"Clamped":-1,"Extruded":0,"Snippet":"","PopupInfo":"\u003chtml xmlns:fo=\"http://www.w3.org/1999/XSL/Format\" xmlns:msxsl=\"urn:schemas-microsoft-com:xslt\"\u003e\n\u003chead\u003e\n\u003cMETA http-equiv=\"Content-Type\" content=\"text/html\"\u003e\n\u003cmeta http-equiv=\"content-type\" content=\"text/html; charset=UTF-8\"\u003e\n\u003c/head\u003e\n\u003cbody style=\"margin:0px 0px 0px 0px;overflow:auto;background:#FFFFFF;\"\u003e\n\u003ctable style=\"font-family:Arial,Verdana,Times;font-size:12px;text-align:left;width:100%;border-collapse:collapse;padding:3px 3px 3px 3px\"\u003e\n\u003ctr style=\"text-align:center;font-weight:bold;background:#9CBCE2\"\u003e\n\u003ctd\u003e18102566,9293\u003c/td\u003e\n\u003c/tr\u003e\n\u003ctr\u003e\n\u003ctd\u003e\n\u003ctable style=\"font-family:Arial,Verdana,Times;font-size:12px;text-align:left;width:100%;border-spacing:0px; padding:3px 3px 3px 3px\"\u003e\n\u003ctr\u003e\n\u003ctd\u003eFID\u003c/td\u003e\n\u003ctd\u003e0\u003c/td\u003e\n\u003c/tr\u003e\n\u003ctr bgcolor=\"#D4E4F3\"\u003e\n\u003ctd\u003eShape_Leng\u003c/td\u003e\n\u003ctd\u003e18102566,9293\u003c/td\u003e\n\u003c/tr\u003e\n\u003c/table\u003e\n\u003c/td\u003e\n\u003c/tr\u003e\n\u003c/table\u003e\n\u003c/body\u003e\u003cscript type=\"text/javascript\"\u003e\n\t\t\t\tfunction changeImage(attElement, nameElement) {\n\t\t\t\tdocument.getElementById('imageAttachment').src = attElement;\n\t\t\t\tdocument.getElementById('imageName').innerHTML = nameElement;}\n\t\t\t\u003c/script\u003e\u003c/html\u003e\n","FID_active_grids":150,"GridID":"M01","Shape_Length":3.6187237189236951e-05,"Shape_Area":8.1844735657681507e-11}},{"type":"Feature","id":28103,"geometry":{"type":"Polygon","coordinates":[[[112.68306602300004,-7.0840671799999768],[112.68306595700005,-7.0840490959999443],[112.68305690600005,-7.0840491279999469],[112.68305697200003,-7.0840672119999795],[112.68306602300004,-7.0840671799999768]]]},"properties":{"OBJECTID":28103,"FID_mangrove_utm":28010,"OBJECTID_1":28010,"Name":"18102566,9293","FolderPath":"JATIM/JATIM","SymbolID":0,"AltMode":0,"Base":0,"Clamped":-1,"Extruded":0,"Snippet":"","PopupInfo":"\u003chtml xmlns:fo=\"http://www.w3.org/1999/XSL/Format\" xmlns:msxsl=\"urn:schemas-microsoft-com:xslt\"\u003e\n\u003chead\u003e\n\u003cMETA http-equiv=\"Content-Type\" content=\"text/html\"\u003e\n\u003cmeta http-equiv=\"content-type\" content=\"text/html; charset=UTF-8\"\u003e\n\u003c/head\u003e\n\u003cbody style=\"margin:0px 0px 0px 0px;overflow:auto;background:#FFFFFF;\"\u003e\n\u003ctable style=\"font-family:Arial,Verdana,Times;font-size:12px;text-align:left;width:100%;border-collapse:collapse;padding:3px 3px 3px 3px\"\u003e\n\u003ctr style=\"text-align:center;font-weight:bold;background:#9CBCE2\"\u003e\n\u003ctd\u003e18102566,9293\u003c/td\u003e\n\u003c/tr\u003e\n\u003ctr\u003e\n\u003ctd\u003e\n\u003ctable style=\"font-family:Arial,Verdana,Times;font-size:12px;text-align:left;width:100%;border-spacing:0px; padding:3px 3px 3px 3px\"\u003e\n\u003ctr\u003e\n\u003ctd\u003eFID\u003c/td\u003e\n\u003ctd\u003e0\u003c/td\u003e\n\u003c/tr\u003e\n\u003ctr bgcolor=\"#D4E4F3\"\u003e\n\u003ctd\u003eShape_Leng\u003c/td\u003e\n\u003ctd\u003e18102566,9293\u003c/td\u003e\n\u003c/tr\u003e\n\u003c/table\u003e\n\u003c/td\u003e\n\u003c/tr\u003e\n\u003c/table\u003e\n\u003c/body\u003e\u003cscript type=\"text/javascript\"\u003e\n\t\t\t\tfunction changeImage(attElement, nameElement) {\n\t\t\t\tdocument.getElementById('imageAttachment').src = attElement;\n\t\t\t\tdocument.getElementById('imageName').innerHTML = nameElement;}\n\t\t\t\u003c/script\u003e\u003c/html\u003e\n","FID_active_grids":150,"GridID":"M01","Shape_Length":5.4270354089178762e-05,"Shape_Area":1.6368039640947901e-10}},{"type":"Feature","id":28104,"geometry":{"type":"Polygon","coordinates":[[[112.68305690600005,-7.0840491279999469],[112.68305687300006,-7.084040085999959],[112.68306592500005,-7.0840400539999564],[112.68306589200006,-7.0840310119999685],[112.68304778900006,-7.0840310769999633],[112.68304785400005,-7.084049160999939],[112.68305690600005,-7.0840491279999469]]]},"properties":{"OBJECTID":28104,"FID_mangrove_utm":28011,"OBJECTID_1":28011,"Name":"18102566,9293","FolderPath":"JATIM/JATIM","SymbolID":0,"AltMode":0,"Base":0,"Clamped":-1,"Extruded":0,"Snippet":"","PopupInfo":"\u003chtml xmlns:fo=\"http://www.w3.org/1999/XSL/Format\" xmlns:msxsl=\"urn:schemas-microsoft-com:xslt\"\u003e\n\u003chead\u003e\n\u003cMETA http-equiv=\"Content-Type\" content=\"text/html\"\u003e\n\u003cmeta http-equiv=\"content-type\" content=\"text/html; charset=UTF-8\"\u003e\n\u003c/head\u003e\n\u003cbody style=\"margin:0px 0px 0px 0px;overflow:auto;background:#FFFFFF;\"\u003e\n\u003ctable style=\"font-family:Arial,Verdana,Times;font-size:12px;text-align:left;width:100%;border-collapse:collapse;padding:3px 3px 3px 3px\"\u003e\n\u003ctr style=\"text-align:center;font-weight:bold;background:#9CBCE2\"\u003e\n\u003ctd\u003e18102566,9293\u003c/td\u003e\n\u003c/tr\u003e\n\u003ctr\u003e\n\u003ctd\u003e\n\u003ctable style=\"font-family:Arial,Verdana,Times;font-size:12px;text-align:left;width:100%;border-spacing:0px; padding:3px 3px 3px 3px\"\u003e\n\u003ctr\u003e\n\u003ctd\u003eFID\u003c/td\u003e\n\u003ctd\u003e0\u003c/td\u003e\n\u003c/tr\u003e\n\u003ctr bgcolor=\"#D4E4F3\"\u003e\n\u003ctd\u003eShape_Leng\u003c/td\u003e\n\u003ctd\u003e18102566,9293\u003c/td\u003e\n\u003c/tr\u003e\n\u003c/table\u003e\n\u003c/td\u003e\n\u003c/tr\u003e\n\u003c/table\u003e\n\u003c/body\u003e\u003cscript type=\"text/javascript\"\u003e\n\t\t\t\tfunction changeImage(attElement, nameElement) {\n\t\t\t\tdocument.getElementById('imageAttachment').src = attElement;\n\t\t\t\tdocument.getElementById('imageName').innerHTML = nameElement;}\n\t\t\t\u003c/script\u003e\u003c/html\u003e\n","FID_active_grids":150,"GridID":"M01","Shape_Length":7.2375470605352455e-05,"Shape_Area":2.4553418519871288e-10}},{"type":"Feature","id":28107,"geometry":{"type":"Polygon","coordinates":[[[112.68302056900006,-7.0840130909999743],[112.68302060200006,-7.0840221339999516],[112.68302965300006,-7.0840221009999595],[112.68302962000007,-7.0840130589999717],[112.68302056900006,-7.0840130909999743]]]},"properties":{"OBJECTID":28107,"FID_mangrove_utm":28014,"OBJECTID_1":28014,"Name":"18102566,9293","FolderPath":"JATIM/JATIM","SymbolID":0,"AltMode":0,"Base":0,"Clamped":-1,"Extruded":0,"Snippet":"","PopupInfo":"\u003chtml xmlns:fo=\"http://www.w3.org/1999/XSL/Format\" xmlns:msxsl=\"urn:schemas-microsoft-com:xslt\"\u003e\n\u003chead\u003e\n\u003cMETA http-equiv=\"Content-Type\" content=\"text/html\"\u003e\n\u003cmeta http-equiv=\"content-type\" content=\"text/html; charset=UTF-8\"\u003e\n\u003c/head\u003e\n\u003cbody style=\"margin:0px 0px 0px 0px;overflow:auto;background:#FFFFFF;\"\u003e\n\u003ctable style=\"font-family:Arial,Verdana,Times;font-size:12px;text-align:left;width:100%;border-collapse:collapse;padding:3px 3px 3px 3px\"\u003e\n\u003ctr style=\"text-align:center;font-weight:bold;background:#9CBCE2\"\u003e\n\u003ctd\u003e18102566,9293\u003c/td\u003e\n\u003c/tr\u003e\n\u003ctr\u003e\n\u003ctd\u003e\n\u003ctable style=\"font-family:Arial,Verdana,Times;font-size:12px;text-align:left;width:100%;border-spacing:0px; padding:3px 3px 3px 3px\"\u003e\n\u003ctr\u003e\n\u003ctd\u003eFID\u003c/td\u003e\n\u003ctd\u003e0\u003c/td\u003e\n\u003c/tr\u003e\n\u003ctr bgcolor=\"#D4E4F3\"\u003e\n\u003ctd\u003eShape_Leng\u003c/td\u003e\n\u003ctd\u003e18102566,9293\u003c/td\u003e\n\u003c/tr\u003e\n\u003c/table\u003e\n\u003c/td\u003e\n\u003c/tr\u003e\n\u003c/table\u003e\n\u003c/body\u003e\u003cscript type=\"text/javascript\"\u003e\n\t\t\t\tfunction changeImage(attElement, nameElement) {\n\t\t\t\tdocument.getElementById('imageAttachment').src = attElement;\n\t\t\t\tdocument.getElementById('imageName').innerHTML = nameElement;}\n\t\t\t\u003c/script\u003e\u003c/html\u003e\n","FID_active_grids":150,"GridID":"M01","Shape_Length":3.6187237135747404e-05,"Shape_Area":8.1844739899460366e-11}},{"type":"Feature","id":28108,"geometry":{"type":"Polygon","coordinates":[[[112.68302056900006,-7.0840130909999743],[112.68302053600007,-7.0840040489999296],[112.68301148500007,-7.0840040819999786],[112.68301151700007,-7.0840131239999664],[112.68302056900006,-7.0840130909999743]]]},"properties":{"OBJECTID":28108,"FID_mangrove_utm":28015,"OBJECTID_1":28015,"Name":"18102566,9293","FolderPath":"JATIM/JATIM","SymbolID":0,"AltMode":0,"Base":0,"Clamped":-1,"Extruded":0,"Snippet":"","PopupInfo":"\u003chtml xmlns:fo=\"http://www.w3.org/1999/XSL/Format\" xmlns:msxsl=\"urn:schemas-microsoft-com:xslt\"\u003e\n\u003chead\u003e\n\u003cMETA http-equiv=\"Content-Type\" content=\"text/html\"\u003e\n\u003cmeta http-equiv=\"content-type\" content=\"text/html; charset=UTF-8\"\u003e\n\u003c/head\u003e\n\u003cbody style=\"margin:0px 0px 0px 0px;overflow:auto;background:#FFFFFF;\"\u003e\n\u003ctable style=\"font-family:Arial,Verdana,Times;font-size:12px;text-align:left;width:100%;border-collapse:collapse;padding:3px 3px 3px 3px\"\u003e\n\u003ctr style=\"text-align:center;font-weight:bold;background:#9CBCE2\"\u003e\n\u003ctd\u003e18102566,9293\u003c/td\u003e\n\u003c/tr\u003e\n\u003ctr\u003e\n\u003ctd\u003e\n\u003ctable style=\"font-family:Arial,Verdana,Times;font-size:12px;text-align:left;width:100%;border-spacing:0px; padding:3px 3px 3px 3px\"\u003e\n\u003ctr\u003e\n\u003ctd\u003eFID\u003c/td\u003e\n\u003ctd\u003e0\u003c/td\u003e\n\u003c/tr\u003e\n\u003ctr bgcolor=\"#D4E4F3\"\u003e\n\u003ctd\u003eShape_Leng\u003c/td\u003e\n\u003ctd\u003e18102566,9293\u003c/td\u003e\n\u003c/tr\u003e\n\u003c/table\u003e\n\u003c/td\u003e\n\u003c/tr\u003e\n\u003c/table\u003e\n\u003c/body\u003e\u003cscript type=\"text/javascript\"\u003e\n\t\t\t\tfunction changeImage(attElement, nameElement) {\n\t\t\t\tdocument.getElementById('imageAttachment').src = attElement;\n\t\t\t\tdocument.getElementById('imageName').innerHTML = nameElement;}\n\t\t\t\u003c/script\u003e\u003c/html\u003e\n","FID_active_grids":150,"GridID":"M01","Shape_Length":3.6187237189236945e-05,"Shape_Area":8.1844735657681507e-11}},{"type":"Feature","id":28113,"geometry":{"type":"Polygon","coordinates":[[[112.68347304500003,-7.0839843269999392],[112.68348209600003,-7.0839842939999471],[112.68348206300004,-7.0839752519999593],[112.68349111500004,-7.0839752189999672],[112.68349108200005,-7.0839661769999793],[112.68347297900004,-7.0839662429999635],[112.68347301200004,-7.0839752849999513],[112.68345490900003,-7.0839753509999355],[112.68345494200003,-7.0839843929999802],[112.68346399300003,-7.0839843599999313],[112.68346402600002,-7.083993401999976],[112.68347307700003,-7.083993368999927],[112.68347304500003,-7.0839843269999392]]]},"properties":{"OBJECTID":28113,"FID_mangrove_utm":28020,"OBJECTID_1":28020,"Name":"18102566,9293","FolderPath":"JATIM/JATIM","SymbolID":0,"AltMode":0,"Base":0,"Clamped":-1,"Extruded":0,"Snippet":"","PopupInfo":"\u003chtml xmlns:fo=\"http://www.w3.org/1999/XSL/Format\" xmlns:msxsl=\"urn:schemas-microsoft-com:xslt\"\u003e\n\u003chead\u003e\n\u003cMETA http-equiv=\"Content-Type\" content=\"text/html\"\u003e\n\u003cmeta http-equiv=\"content-type\" content=\"text/html; charset=UTF-8\"\u003e\n\u003c/head\u003e\n\u003cbody style=\"margin:0px 0px 0px 0px;overflow:auto;background:#FFFFFF;\"\u003e\n\u003ctable style=\"font-family:Arial,Verdana,Times;font-size:12px;text-align:left;width:100%;border-collapse:collapse;padding:3px 3px 3px 3px\"\u003e\n\u003ctr style=\"text-align:center;font-weight:bold;background:#9CBCE2\"\u003e\n\u003ctd\u003e18102566,9293\u003c/td\u003e\n\u003c/tr\u003e\n\u003ctr\u003e\n\u003ctd\u003e\n\u003ctable style=\"font-family:Arial,Verdana,Times;font-size:12px;text-align:left;width:100%;border-spacing:0px; padding:3px 3px 3px 3px\"\u003e\n\u003ctr\u003e\n\u003ctd\u003eFID\u003c/td\u003e\n\u003ctd\u003e0\u003c/td\u003e\n\u003c/tr\u003e\n\u003ctr bgcolor=\"#D4E4F3\"\u003e\n\u003ctd\u003eShape_Leng\u003c/td\u003e\n\u003ctd\u003e18102566,9293\u003c/td\u003e\n\u003c/tr\u003e\n\u003c/table\u003e\n\u003c/td\u003e\n\u003c/tr\u003e\n\u003c/table\u003e\n\u003c/body\u003e\u003cscript type=\"text/javascript\"\u003e\n\t\t\t\tfunction changeImage(attElement, nameElement) {\n\t\t\t\tdocument.getElementById('imageAttachment').src = attElement;\n\t\t\t\tdocument.getElementById('imageName').innerHTML = nameElement;}\n\t\t\t\u003c/script\u003e\u003c/html\u003e\n","FID_active_grids":150,"GridID":"M01","Shape_Length":0.00012666383902968289,"Shape_Area":4.910639414606399e-10}},{"type":"Feature","id":28124,"geometry":{"type":"Polygon","coordinates":[[[112.68297475400004,-7.0838595409999812],[112.68296570200005,-7.0838595739999732],[112.68296573500004,-7.0838686159999611],[112.68295668400003,-7.0838686489999532],[112.68295674900003,-7.0838867329999289],[112.68296580100002,-7.0838866999999368],[112.68296583400002,-7.0838957419999815],[112.68297488500002,-7.0838957089999326],[112.68297491800001,-7.0839047509999773],[112.68298396900002,-7.0839047189999746],[112.68298400200001,-7.0839137609999625],[112.68299305400001,-7.0839137279999704],[112.68299298800002,-7.0838956439999379],[112.68298393700002,-7.0838956769999299],[112.68298390400003,-7.0838866339999527],[112.68299295500003,-7.08388660199995],[112.68299292200004,-7.0838775599999622],[112.68298387100003,-7.0838775919999648],[112.68298383800004,-7.0838685499999769],[112.68297478700003,-7.083868582999969],[112.68297475400004,-7.0838595409999812]]]},"properties":{"OBJECTID":28124,"FID_mangrove_utm":28031,"OBJECTID_1":28031,"Name":"18102566,9293","FolderPath":"JATIM/JATIM","SymbolID":0,"AltMode":0,"Base":0,"Clamped":-1,"Extruded":0,"Snippet":"","PopupInfo":"\u003chtml xmlns:fo=\"http://www.w3.org/1999/XSL/Format\" xmlns:msxsl=\"urn:schemas-microsoft-com:xslt\"\u003e\n\u003chead\u003e\n\u003cMETA http-equiv=\"Content-Type\" content=\"text/html\"\u003e\n\u003cmeta http-equiv=\"content-type\" content=\"text/html; charset=UTF-8\"\u003e\n\u003c/head\u003e\n\u003cbody style=\"margin:0px 0px 0px 0px;overflow:auto;background:#FFFFFF;\"\u003e\n\u003ctable style=\"font-family:Arial,Verdana,Times;font-size:12px;text-align:left;width:100%;border-collapse:collapse;padding:3px 3px 3px 3px\"\u003e\n\u003ctr style=\"text-align:center;font-weight:bold;background:#9CBCE2\"\u003e\n\u003ctd\u003e18102566,9293\u003c/td\u003e\n\u003c/tr\u003e\n\u003ctr\u003e\n\u003ctd\u003e\n\u003ctable style=\"font-family:Arial,Verdana,Times;font-size:12px;text-align:left;width:100%;border-spacing:0px; padding:3px 3px 3px 3px\"\u003e\n\u003ctr\u003e\n\u003ctd\u003eFID\u003c/td\u003e\n\u003ctd\u003e0\u003c/td\u003e\n\u003c/tr\u003e\n\u003ctr bgcolor=\"#D4E4F3\"\u003e\n\u003ctd\u003eShape_Leng\u003c/td\u003e\n\u003ctd\u003e18102566,9293\u003c/td\u003e\n\u003c/tr\u003e\n\u003c/table\u003e\n\u003c/td\u003e\n\u003c/tr\u003e\n\u003c/table\u003e\n\u003c/body\u003e\u003cscript type=\"text/javascript\"\u003e\n\t\t\t\tfunction changeImage(attElement, nameElement) {\n\t\t\t\tdocument.getElementById('imageAttachment').src = attElement;\n\t\t\t\tdocument.getElementById('imageName').innerHTML = nameElement;}\n\t\t\t\u003c/script\u003e\u003c/html\u003e\n","FID_active_grids":150,"GridID":"M01","Shape_Length":0.00019901930983944082,"Shape_Area":1.0639906583854105e-09}},{"type":"Feature","id":28127,"geometry":{"type":"Polygon","coordinates":[[[112.68296567000004,-7.0838505319999285],[112.68296563700005,-7.0838414899999407],[112.68295658500006,-7.0838415229999327],[112.68295661800005,-7.0838505649999775],[112.68296567000004,-7.0838505319999285]]]},"properties":{"OBJECTID":28127,"FID_mangrove_utm":28034,"OBJECTID_1":28034,"Name":"18102566,9293","FolderPath":"JATIM/JATIM","SymbolID":0,"AltMode":0,"Base":0,"Clamped":-1,"Extruded":0,"Snippet":"","PopupInfo":"\u003chtml xmlns:fo=\"http://www.w3.org/1999/XSL/Format\" xmlns:msxsl=\"urn:schemas-microsoft-com:xslt\"\u003e\n\u003chead\u003e\n\u003cMETA http-equiv=\"Content-Type\" content=\"text/html\"\u003e\n\u003cmeta http-equiv=\"content-type\" content=\"text/html; charset=UTF-8\"\u003e\n\u003c/head\u003e\n\u003cbody style=\"margin:0px 0px 0px 0px;overflow:auto;background:#FFFFFF;\"\u003e\n\u003ctable style=\"font-family:Arial,Verdana,Times;font-size:12px;text-align:left;width:100%;border-collapse:collapse;padding:3px 3px 3px 3px\"\u003e\n\u003ctr style=\"text-align:center;font-weight:bold;background:#9CBCE2\"\u003e\n\u003ctd\u003e18102566,9293\u003c/td\u003e\n\u003c/tr\u003e\n\u003ctr\u003e\n\u003ctd\u003e\n\u003ctable style=\"font-family:Arial,Verdana,Times;font-size:12px;text-align:left;width:100%;border-spacing:0px; padding:3px 3px 3px 3px\"\u003e\n\u003ctr\u003e\n\u003ctd\u003eFID\u003c/td\u003e\n\u003ctd\u003e0\u003c/td\u003e\n\u003c/tr\u003e\n\u003ctr bgcolor=\"#D4E4F3\"\u003e\n\u003ctd\u003eShape_Leng\u003c/td\u003e\n\u003ctd\u003e18102566,9293\u003c/td\u003e\n\u003c/tr\u003e\n\u003c/table\u003e\n\u003c/td\u003e\n\u003c/tr\u003e\n\u003c/table\u003e\n\u003c/body\u003e\u003cscript type=\"text/javascript\"\u003e\n\t\t\t\tfunction changeImage(attElement, nameElement) {\n\t\t\t\tdocument.getElementById('imageAttachment').src = attElement;\n\t\t\t\tdocument.getElementById('imageName').innerHTML = nameElement;}\n\t\t\t\u003c/script\u003e\u003c/html\u003e\n","FID_active_grids":150,"GridID":"M01","Shape_Length":3.618824076629173e-05,"Shape_Area":8.1849273109714013e-11}},{"type":"Feature","id":28132,"geometry":{"type":"Polygon","coordinates":[[[112.68271150700002,-7.083652524999934],[112.68271144100004,-7.0836344409999583],[112.68270239000003,-7.0836344739999504],[112.68270245500003,-7.0836525579999261],[112.68271150700002,-7.083652524999934]]]},"properties":{"OBJECTID":28132,"FID_mangrove_utm":28039,"OBJECTID_1":28039,"Name":"18102566,9293","FolderPath":"JATIM/JATIM","SymbolID":0,"AltMode":0,"Base":0,"Clamped":-1,"Extruded":0,"Snippet":"","PopupInfo":"\u003chtml xmlns:fo=\"http://www.w3.org/1999/XSL/Format\" xmlns:msxsl=\"urn:schemas-microsoft-com:xslt\"\u003e\n\u003chead\u003e\n\u003cMETA http-equiv=\"Content-Type\" content=\"text/html\"\u003e\n\u003cmeta http-equiv=\"content-type\" content=\"text/html; charset=UTF-8\"\u003e\n\u003c/head\u003e\n\u003cbody style=\"margin:0px 0px 0px 0px;overflow:auto;background:#FFFFFF;\"\u003e\n\u003ctable style=\"font-family:Arial,Verdana,Times;font-size:12px;text-align:left;width:100%;border-collapse:collapse;padding:3px 3px 3px 3px\"\u003e\n\u003ctr style=\"text-align:center;font-weight:bold;background:#9CBCE2\"\u003e\n\u003ctd\u003e18102566,9293\u003c/td\u003e\n\u003c/tr\u003e\n\u003ctr\u003e\n\u003ctd\u003e\n\u003ctable style=\"font-family:Arial,Verdana,Times;font-size:12px;text-align:left;width:100%;border-spacing:0px; padding:3px 3px 3px 3px\"\u003e\n\u003ctr\u003e\n\u003ctd\u003eFID\u003c/td\u003e\n\u003ctd\u003e0\u003c/td\u003e\n\u003c/tr\u003e\n\u003ctr bgcolor=\"#D4E4F3\"\u003e\n\u003ctd\u003eShape_Leng\u003c/td\u003e\n\u003ctd\u003e18102566,9293\u003c/td\u003e\n\u003c/tr\u003e\n\u003c/table\u003e\n\u003c/td\u003e\n\u003c/tr\u003e\n\u003c/table\u003e\n\u003c/body\u003e\u003cscript type=\"text/javascript\"\u003e\n\t\t\t\tfunction changeImage(attElement, nameElement) {\n\t\t\t\tdocument.getElementById('imageAttachment').src = attElement;\n\t\t\t\tdocument.getElementById('imageName').innerHTML = nameElement;}\n\t\t\t\u003c/script\u003e\u003c/html\u003e\n","FID_active_grids":150,"GridID":"M01","Shape_Length":5.427135751775189e-05,"Shape_Area":1.6368948729881894e-10}},{"type":"Feature","id":28143,"geometry":{"type":"Polygon","coordinates":[[[112.68238375200008,-7.0831292679999365],[112.68238371900009,-7.0831202259999486],[112.68237466800008,-7.0831202589999407],[112.68237470100007,-7.0831293009999285],[112.68238375200008,-7.0831292679999365]]]},"properties":{"OBJECTID":28143,"FID_mangrove_utm":28050,"OBJECTID_1":28050,"Name":"18102566,9293","FolderPath":"JATIM/JATIM","SymbolID":0,"AltMode":0,"Base":0,"Clamped":-1,"Extruded":0,"Snippet":"","PopupInfo":"\u003chtml xmlns:fo=\"http://www.w3.org/1999/XSL/Format\" xmlns:msxsl=\"urn:schemas-microsoft-com:xslt\"\u003e\n\u003chead\u003e\n\u003cMETA http-equiv=\"Content-Type\" content=\"text/html\"\u003e\n\u003cmeta http-equiv=\"content-type\" content=\"text/html; charset=UTF-8\"\u003e\n\u003c/head\u003e\n\u003cbody style=\"margin:0px 0px 0px 0px;overflow:auto;background:#FFFFFF;\"\u003e\n\u003ctable style=\"font-family:Arial,Verdana,Times;font-size:12px;text-align:left;width:100%;border-collapse:collapse;padding:3px 3px 3px 3px\"\u003e\n\u003ctr style=\"text-align:center;font-weight:bold;background:#9CBCE2\"\u003e\n\u003ctd\u003e18102566,9293\u003c/td\u003e\n\u003c/tr\u003e\n\u003ctr\u003e\n\u003ctd\u003e\n\u003ctable style=\"font-family:Arial,Verdana,Times;font-size:12px;text-align:left;width:100%;border-spacing:0px; padding:3px 3px 3px 3px\"\u003e\n\u003ctr\u003e\n\u003ctd\u003eFID\u003c/td\u003e\n\u003ctd\u003e0\u003c/td\u003e\n\u003c/tr\u003e\n\u003ctr bgcolor=\"#D4E4F3\"\u003e\n\u003ctd\u003eShape_Leng\u003c/td\u003e\n\u003ctd\u003e18102566,9293\u003c/td\u003e\n\u003c/tr\u003e\n\u003c/table\u003e\n\u003c/td\u003e\n\u003c/tr\u003e\n\u003c/table\u003e\n\u003c/body\u003e\u003cscript type=\"text/javascript\"\u003e\n\t\t\t\tfunction changeImage(attElement, nameElement) {\n\t\t\t\tdocument.getElementById('imageAttachment').src = attElement;\n\t\t\t\tdocument.getElementById('imageName').innerHTML = nameElement;}\n\t\t\t\u003c/script\u003e\u003c/html\u003e\n","FID_active_grids":150,"GridID":"M01","Shape_Length":3.6186240743683881e-05,"Shape_Area":8.1840230947137701e-11}},{"type":"Feature","id":28155,"geometry":{"type":"Polygon","coordinates":[[[112.68251870200004,-7.0827309259999538],[112.68251808100001,-7.0827309279999326],[112.6825180830001,-7.0827313779999486],[112.68251870200004,-7.0827309259999538]]]},"properties":{"OBJECTID":28155,"FID_mangrove_utm":28062,"OBJECTID_1":28062,"Name":"18102566,9293","FolderPath":"JATIM/JATIM","SymbolID":0,"AltMode":0,"Base":0,"Clamped":-1,"Extruded":0,"Snippet":"","PopupInfo":"\u003chtml xmlns:fo=\"http://www.w3.org/1999/XSL/Format\" xmlns:msxsl=\"urn:schemas-microsoft-com:xslt\"\u003e\n\u003chead\u003e\n\u003cMETA http-equiv=\"Content-Type\" content=\"text/html\"\u003e\n\u003cmeta http-equiv=\"content-type\" content=\"text/html; charset=UTF-8\"\u003e\n\u003c/head\u003e\n\u003cbody style=\"margin:0px 0px 0px 0px;overflow:auto;background:#FFFFFF;\"\u003e\n\u003ctable style=\"font-family:Arial,Verdana,Times;font-size:12px;text-align:left;width:100%;border-collapse:collapse;padding:3px 3px 3px 3px\"\u003e\n\u003ctr style=\"text-align:center;font-weight:bold;background:#9CBCE2\"\u003e\n\u003ctd\u003e18102566,9293\u003c/td\u003e\n\u003c/tr\u003e\n\u003ctr\u003e\n\u003ctd\u003e\n\u003ctable style=\"font-family:Arial,Verdana,Times;font-size:12px;text-align:left;width:100%;border-spacing:0px; padding:3px 3px 3px 3px\"\u003e\n\u003ctr\u003e\n\u003ctd\u003eFID\u003c/td\u003e\n\u003ctd\u003e0\u003c/td\u003e\n\u003c/tr\u003e\n\u003ctr bgcolor=\"#D4E4F3\"\u003e\n\u003ctd\u003eShape_Leng\u003c/td\u003e\n\u003ctd\u003e18102566,9293\u003c/td\u003e\n\u003c/tr\u003e\n\u003c/table\u003e\n\u003c/td\u003e\n\u003c/tr\u003e\n\u003c/table\u003e\n\u003c/body\u003e\u003cscript type=\"text/javascript\"\u003e\n\t\t\t\tfunction changeImage(attElement, nameElement) {\n\t\t\t\tdocument.getElementById('imageAttachment').src = attElement;\n\t\t\t\tdocument.getElementById('imageName').innerHTML = nameElement;}\n\t\t\t\u003c/script\u003e\u003c/html\u003e\n","FID_active_grids":150,"GridID":"M01","Shape_Length":1.8374703054064178e-06,"Shape_Area":1.3972701097895152e-13}},{"type":"Feature","id":28156,"geometry":{"type":"Polygon","coordinates":[[[112.68254757400007,-7.0827127369999516],[112.68254517000003,-7.0827127459999701],[112.68254517500009,-7.0827139609999676],[112.68254757400007,-7.0827127369999516]]]},"properties":{"OBJECTID":28156,"FID_mangrove_utm":28063,"OBJECTID_1":28063,"Name":"18102566,9293","FolderPath":"JATIM/JATIM","SymbolID":0,"AltMode":0,"Base":0,"Clamped":-1,"Extruded":0,"Snippet":"","PopupInfo":"\u003chtml xmlns:fo=\"http://www.w3.org/1999/XSL/Format\" xmlns:msxsl=\"urn:schemas-microsoft-com:xslt\"\u003e\n\u003chead\u003e\n\u003cMETA http-equiv=\"Content-Type\" content=\"text/html\"\u003e\n\u003cmeta http-equiv=\"content-type\" content=\"text/html; charset=UTF-8\"\u003e\n\u003c/head\u003e\n\u003cbody style=\"margin:0px 0px 0px 0px;overflow:auto;background:#FFFFFF;\"\u003e\n\u003ctable style=\"font-family:Arial,Verdana,Times;font-size:12px;text-align:left;width:100%;border-collapse:collapse;padding:3px 3px 3px 3px\"\u003e\n\u003ctr style=\"text-align:center;font-weight:bold;background:#9CBCE2\"\u003e\n\u003ctd\u003e18102566,9293\u003c/td\u003e\n\u003c/tr\u003e\n\u003ctr\u003e\n\u003ctd\u003e\n\u003ctable style=\"font-family:Arial,Verdana,Times;font-size:12px;text-align:left;width:100%;border-spacing:0px; padding:3px 3px 3px 3px\"\u003e\n\u003ctr\u003e\n\u003ctd\u003eFID\u003c/td\u003e\n\u003ctd\u003e0\u003c/td\u003e\n\u003c/tr\u003e\n\u003ctr bgcolor=\"#D4E4F3\"\u003e\n\u003ctd\u003eShape_Leng\u003c/td\u003e\n\u003ctd\u003e18102566,9293\u003c/td\u003e\n\u003c/tr\u003e\n\u003c/table\u003e\n\u003c/td\u003e\n\u003c/tr\u003e\n\u003c/table\u003e\n\u003c/body\u003e\u003cscript type=\"text/javascript\"\u003e\n\t\t\t\tfunction changeImage(attElement, nameElement) {\n\t\t\t\tdocument.getElementById('imageAttachment').src = attElement;\n\t\t\t\tdocument.getElementById('imageName').innerHTML = nameElement;}\n\t\t\t\u003c/script\u003e\u003c/html\u003e\n","FID_active_grids":150,"GridID":"M01","Shape_Length":6.3122365900558697e-06,"Shape_Area":1.4604525231884253e-12}},{"type":"Feature","id":28158,"geometry":{"type":"Polygon","coordinates":[[[112.68256543300004,-7.0827036309999585],[112.68255418900003,-7.0827036709999334],[112.68255421000003,-7.0827093539999737],[112.68256543300004,-7.0827036309999585]]]},"properties":{"OBJECTID":28158,"FID_mangrove_utm":28065,"OBJECTID_1":28065,"Name":"18102566,9293","FolderPath":"JATIM/JATIM","SymbolID":0,"AltMode":0,"Base":0,"Clamped":-1,"Extruded":0,"Snippet":"","PopupInfo":"\u003chtml xmlns:fo=\"http://www.w3.org/1999/XSL/Format\" xmlns:msxsl=\"urn:schemas-microsoft-com:xslt\"\u003e\n\u003chead\u003e\n\u003cMETA http-equiv=\"Content-Type\" content=\"text/html\"\u003e\n\u003cmeta http-equiv=\"content-type\" content=\"text/html; charset=UTF-8\"\u003e\n\u003c/head\u003e\n\u003cbody style=\"margin:0px 0px 0px 0px;overflow:auto;background:#FFFFFF;\"\u003e\n\u003ctable style=\"font-family:Arial,Verdana,Times;font-size:12px;text-align:left;width:100%;border-collapse:collapse;padding:3px 3px 3px 3px\"\u003e\n\u003ctr style=\"text-align:center;font-weight:bold;background:#9CBCE2\"\u003e\n\u003ctd\u003e18102566,9293\u003c/td\u003e\n\u003c/tr\u003e\n\u003ctr\u003e\n\u003ctd\u003e\n\u003ctable style=\"font-family:Arial,Verdana,Times;font-size:12px;text-align:left;width:100%;border-spacing:0px; padding:3px 3px 3px 3px\"\u003e\n\u003ctr\u003e\n\u003ctd\u003eFID\u003c/td\u003e\n\u003ctd\u003e0\u003c/td\u003e\n\u003c/tr\u003e\n\u003ctr bgcolor=\"#D4E4F3\"\u003e\n\u003ctd\u003eShape_Leng\u003c/td\u003e\n\u003ctd\u003e18102566,9293\u003c/td\u003e\n\u003c/tr\u003e\n\u003c/table\u003e\n\u003c/td\u003e\n\u003c/tr\u003e\n\u003c/table\u003e\n\u003c/body\u003e\u003cscript type=\"text/javascript\"\u003e\n\t\t\t\tfunction changeImage(attElement, nameElement) {\n\t\t\t\tdocument.getElementById('imageAttachment').src = attElement;\n\t\t\t\tdocument.getElementById('imageName').innerHTML = nameElement;}\n\t\t\t\u003c/script\u003e\u003c/html\u003e\n","FID_active_grids":150,"GridID":"M01","Shape_Length":2.9525064520135951e-05,"Shape_Area":3.195024624543759e-11}},{"type":"Feature","id":28159,"geometry":{"type":"Polygon","coordinates":[[[112.68260114900011,-7.0826854169999365],[112.68259938100005,-7.0826854239999761],[112.68259938400001,-7.0826863169999683],[112.68260114900011,-7.0826854169999365]]]},"properties":{"OBJECTID":28159,"FID_mangrove_utm":28066,"OBJECTID_1":28066,"Name":"18102566,9293","FolderPath":"JATIM/JATIM","SymbolID":0,"AltMode":0,"Base":0,"Clamped":-1,"Extruded":0,"Snippet":"","PopupInfo":"\u003chtml xmlns:fo=\"http://www.w3.org/1999/XSL/Format\" xmlns:msxsl=\"urn:schemas-microsoft-com:xslt\"\u003e\n\u003chead\u003e\n\u003cMETA http-equiv=\"Content-Type\" content=\"text/html\"\u003e\n\u003cmeta http-equiv=\"content-type\" content=\"text/html; charset=UTF-8\"\u003e\n\u003c/head\u003e\n\u003cbody style=\"margin:0px 0px 0px 0px;overflow:auto;background:#FFFFFF;\"\u003e\n\u003ctable style=\"font-family:Arial,Verdana,Times;font-size:12px;text-align:left;width:100%;border-collapse:collapse;padding:3px 3px 3px 3px\"\u003e\n\u003ctr style=\"text-align:center;font-weight:bold;background:#9CBCE2\"\u003e\n\u003ctd\u003e18102566,9293\u003c/td\u003e\n\u003c/tr\u003e\n\u003ctr\u003e\n\u003ctd\u003e\n\u003ctable style=\"font-family:Arial,Verdana,Times;font-size:12px;text-align:left;width:100%;border-spacing:0px; padding:3px 3px 3px 3px\"\u003e\n\u003ctr\u003e\n\u003ctd\u003eFID\u003c/td\u003e\n\u003ctd\u003e0\u003c/td\u003e\n\u003c/tr\u003e\n\u003ctr bgcolor=\"#D4E4F3\"\u003e\n\u003ctd\u003eShape_Leng\u003c/td\u003e\n\u003ctd\u003e18102566,9293\u003c/td\u003e\n\u003c/tr\u003e\n\u003c/table\u003e\n\u003c/td\u003e\n\u003c/tr\u003e\n\u003c/table\u003e\n\u003c/body\u003e\u003cscript type=\"text/javascript\"\u003e\n\t\t\t\tfunction changeImage(attElement, nameElement) {\n\t\t\t\tdocument.getElementById('imageAttachment').src = attElement;\n\t\t\t\tdocument.getElementById('imageName').innerHTML = nameElement;}\n\t\t\t\u003c/script\u003e\u003c/html\u003e\n","FID_active_grids":150,"GridID":"M01","Shape_Length":4.6422371066006157e-06,"Shape_Area":7.8942252027627518e-13}},{"type":"Feature","id":28164,"geometry":{"type":"Polygon","coordinates":[[[112.68204878200004,-7.0825789099999383],[112.68204683900001,-7.0825763679999341],[112.68204684800003,-7.082578916999978],[112.68204878200004,-7.0825789099999383]]]},"properties":{"OBJECTID":28164,"FID_mangrove_utm":28071,"OBJECTID_1":28071,"Name":"18102566,9293","FolderPath":"JATIM/JATIM","SymbolID":0,"AltMode":0,"Base":0,"Clamped":-1,"Extruded":0,"Snippet":"","PopupInfo":"\u003chtml xmlns:fo=\"http://www.w3.org/1999/XSL/Format\" xmlns:msxsl=\"urn:schemas-microsoft-com:xslt\"\u003e\n\u003chead\u003e\n\u003cMETA http-equiv=\"Content-Type\" content=\"text/html\"\u003e\n\u003cmeta http-equiv=\"content-type\" content=\"text/html; charset=UTF-8\"\u003e\n\u003c/head\u003e\n\u003cbody style=\"margin:0px 0px 0px 0px;overflow:auto;background:#FFFFFF;\"\u003e\n\u003ctable style=\"font-family:Arial,Verdana,Times;font-size:12px;text-align:left;width:100%;border-collapse:collapse;padding:3px 3px 3px 3px\"\u003e\n\u003ctr style=\"text-align:center;font-weight:bold;background:#9CBCE2\"\u003e\n\u003ctd\u003e18102566,9293\u003c/td\u003e\n\u003c/tr\u003e\n\u003ctr\u003e\n\u003ctd\u003e\n\u003ctable style=\"font-family:Arial,Verdana,Times;font-size:12px;text-align:left;width:100%;border-spacing:0px; padding:3px 3px 3px 3px\"\u003e\n\u003ctr\u003e\n\u003ctd\u003eFID\u003c/td\u003e\n\u003ctd\u003e0\u003c/td\u003e\n\u003c/tr\u003e\n\u003ctr bgcolor=\"#D4E4F3\"\u003e\n\u003ctd\u003eShape_Leng\u003c/td\u003e\n\u003ctd\u003e18102566,9293\u003c/td\u003e\n\u003c/tr\u003e\n\u003c/table\u003e\n\u003c/td\u003e\n\u003c/tr\u003e\n\u003c/table\u003e\n\u003c/body\u003e\u003cscript type=\"text/javascript\"\u003e\n\t\t\t\tfunction changeImage(attElement, nameElement) {\n\t\t\t\tdocument.getElementById('imageAttachment').src = attElement;\n\t\t\t\tdocument.getElementById('imageName').innerHTML = nameElement;}\n\t\t\t\u003c/script\u003e\u003c/html\u003e\n","FID_active_grids":150,"GridID":"M01","Shape_Length":7.6825618798831871e-06,"Shape_Area":2.4649145564934183e-12}},{"type":"Feature","id":28170,"geometry":{"type":"Polygon","coordinates":[[[112.68200136500002,-7.0825168619999772],[112.68200142700005,-7.0825338709999528],[112.68201047900004,-7.0825338379999607],[112.68201054400004,-7.0825519219999364],[112.68201959600003,-7.0825518889999444],[112.68201962800003,-7.0825609309999322],[112.68202868000003,-7.0825608979999402],[112.68202871300002,-7.082569939999928],[112.68204189100004,-7.0825698929999703],[112.68200136500002,-7.0825168619999772]]]},"properties":{"OBJECTID":28170,"FID_mangrove_utm":28077,"OBJECTID_1":28077,"Name":"18102566,9293","FolderPath":"JATIM/JATIM","SymbolID":0,"AltMode":0,"Base":0,"Clamped":-1,"Extruded":0,"Snippet":"","PopupInfo":"\u003chtml xmlns:fo=\"http://www.w3.org/1999/XSL/Format\" xmlns:msxsl=\"urn:schemas-microsoft-com:xslt\"\u003e\n\u003chead\u003e\n\u003cMETA http-equiv=\"Content-Type\" content=\"text/html\"\u003e\n\u003cmeta http-equiv=\"content-type\" content=\"text/html; charset=UTF-8\"\u003e\n\u003c/head\u003e\n\u003cbody style=\"margin:0px 0px 0px 0px;overflow:auto;background:#FFFFFF;\"\u003e\n\u003ctable style=\"font-family:Arial,Verdana,Times;font-size:12px;text-align:left;width:100%;border-collapse:collapse;padding:3px 3px 3px 3px\"\u003e\n\u003ctr style=\"text-align:center;font-weight:bold;background:#9CBCE2\"\u003e\n\u003ctd\u003e18102566,9293\u003c/td\u003e\n\u003c/tr\u003e\n\u003ctr\u003e\n\u003ctd\u003e\n\u003ctable style=\"font-family:Arial,Verdana,Times;font-size:12px;text-align:left;width:100%;border-spacing:0px; padding:3px 3px 3px 3px\"\u003e\n\u003ctr\u003e\n\u003ctd\u003eFID\u003c/td\u003e\n\u003ctd\u003e0\u003c/td\u003e\n\u003c/tr\u003e\n\u003ctr bgcolor=\"#D4E4F3\"\u003e\n\u003ctd\u003eShape_Leng\u003c/td\u003e\n\u003ctd\u003e18102566,9293\u003c/td\u003e\n\u003c/tr\u003e\n\u003c/table\u003e\n\u003c/td\u003e\n\u003c/tr\u003e\n\u003c/table\u003e\n\u003c/body\u003e\u003cscript type=\"text/javascript\"\u003e\n\t\t\t\tfunction changeImage(attElement, nameElement) {\n\t\t\t\tdocument.getElementById('imageAttachment').src = attElement;\n\t\t\t\tdocument.getElementById('imageName').innerHTML = nameElement;}\n\t\t\t\u003c/script\u003e\u003c/html\u003e\n","FID_active_grids":150,"GridID":"M01","Shape_Length":0.00016025472764279414,"Shape_Area":4.9946451465443765e-10}},{"type":"Feature","id":28173,"geometry":{"type":"Polygon","coordinates":[[[112.68298774100003,-7.0824489229999585],[112.68298770800004,-7.0824398809999707],[112.68297865700004,-7.0824399139999628],[112.68297868900004,-7.0824489559999506],[112.68298774100003,-7.0824489229999585]]]},"properties":{"OBJECTID":28173,"FID_mangrove_utm":28080,"OBJECTID_1":28080,"Name":"18102566,9293","FolderPath":"JATIM/JATIM","SymbolID":0,"AltMode":0,"Base":0,"Clamped":-1,"Extruded":0,"Snippet":"","PopupInfo":"\u003chtml xmlns:fo=\"http://www.w3.org/1999/XSL/Format\" xmlns:msxsl=\"urn:schemas-microsoft-com:xslt\"\u003e\n\u003chead\u003e\n\u003cMETA http-equiv=\"Content-Type\" content=\"text/html\"\u003e\n\u003cmeta http-equiv=\"content-type\" content=\"text/html; charset=UTF-8\"\u003e\n\u003c/head\u003e\n\u003cbody style=\"margin:0px 0px 0px 0px;overflow:auto;background:#FFFFFF;\"\u003e\n\u003ctable style=\"font-family:Arial,Verdana,Times;font-size:12px;text-align:left;width:100%;border-collapse:collapse;padding:3px 3px 3px 3px\"\u003e\n\u003ctr style=\"text-align:center;font-weight:bold;background:#9CBCE2\"\u003e\n\u003ctd\u003e18102566,9293\u003c/td\u003e\n\u003c/tr\u003e\n\u003ctr\u003e\n\u003ctd\u003e\n\u003ctable style=\"font-family:Arial,Verdana,Times;font-size:12px;text-align:left;width:100%;border-spacing:0px; padding:3px 3px 3px 3px\"\u003e\n\u003ctr\u003e\n\u003ctd\u003eFID\u003c/td\u003e\n\u003ctd\u003e0\u003c/td\u003e\n\u003c/tr\u003e\n\u003ctr bgcolor=\"#D4E4F3\"\u003e\n\u003ctd\u003eShape_Leng\u003c/td\u003e\n\u003ctd\u003e18102566,9293\u003c/td\u003e\n\u003c/tr\u003e\n\u003c/table\u003e\n\u003c/td\u003e\n\u003c/tr\u003e\n\u003c/table\u003e\n\u003c/body\u003e\u003cscript type=\"text/javascript\"\u003e\n\t\t\t\tfunction changeImage(attElement, nameElement) {\n\t\t\t\tdocument.getElementById('imageAttachment').src = attElement;\n\t\t\t\tdocument.getElementById('imageName').innerHTML = nameElement;}\n\t\t\t\u003c/script\u003e\u003c/html\u003e\n","FID_active_grids":150,"GridID":"M01","Shape_Length":3.618723713218666e-05,"Shape_Area":8.1844735399498701e-11}},{"type":"Feature","id":28176,"geometry":{"type":"Polygon","coordinates":[[[112.68229087700001,-7.0824785709999674],[112.68230898000002,-7.0824785049999264],[112.68230894700002,-7.0824694629999385],[112.68231799900002,-7.0824694309999359],[112.68231793300004,-7.0824513469999602],[112.68233603600004,-7.082451280999976],[112.68233600300005,-7.0824422389999313],[112.68234505500004,-7.0824422059999392],[112.68234502200005,-7.0824331639999514],[112.68236312500005,-7.0824330989999567],[112.68236305900007,-7.0824150149999809],[112.68237211100006,-7.082414981999932],[112.68237201600004,-7.0823888989999659],[112.68217500000003,-7.0825769999999579],[112.68212900000003,-7.0826159999999732],[112.68207408800004,-7.0826022709999279],[112.68207410100001,-7.0826059449999548],[112.68208315200002,-7.0826059119999627],[112.68208318500001,-7.0826149539999506],[112.68209223700001,-7.0826149209999585],[112.68209226900001,-7.0826239629999463],[112.68211037200001,-7.0826238979999516],[112.68211040500012,-7.0826329399999395],[112.68213756000011,-7.0826328419999527],[112.68213759200012,-7.0826418839999405],[112.68215569500001,-7.0826418179999564],[112.68215566200001,-7.0826327759999685],[112.68217376500002,-7.0826327109999738],[112.68217373300001,-7.0826236689999291],[112.68218278400002,-7.0826236359999371],[112.68218275100003,-7.0826145939999492],[112.68219180300002,-7.0826145609999571],[112.68219170400005,-7.0825874349999367],[112.68220980700005,-7.082587369999942],[112.68220977500005,-7.0825783279999541],[112.68222787800005,-7.08257826199997],[112.68222784500006,-7.0825692199999253],[112.68223689600006,-7.0825691869999332],[112.68223683100007,-7.0825511029999575],[112.68224588200007,-7.0825510709999548],[112.68224584900008,-7.082542028999967],[112.68225490100008,-7.0825419959999749],[112.68225486800009,-7.0825329539999302],[112.68227297100009,-7.0825328879999461],[112.6822729380001,-7.0825238459999582],[112.68228199000009,-7.0825238139999556],[112.6822819570001,-7.0825147719999677],[112.68229100800011,-7.0825147389999756],[112.68229094300011,-7.0824966549999431],[112.682299994,-7.082496621999951],[112.68229996100001,-7.0824875799999631],[112.68229091000001,-7.0824876129999552],[112.68229087700001,-7.0824785709999674]]]},"properties":{"OBJECTID":28176,"FID_mangrove_utm":28083,"OBJECTID_1":28083,"Name":"18102566,9293","FolderPath":"JATIM/JATIM","SymbolID":0,"AltMode":0,"Base":0,"Clamped":-1,"Extruded":0,"Snippet":"","PopupInfo":"\u003chtml xmlns:fo=\"http://www.w3.org/1999/XSL/Format\" xmlns:msxsl=\"urn:schemas-microsoft-com:xslt\"\u003e\n\u003chead\u003e\n\u003cMETA http-equiv=\"Content-Type\" content=\"text/html\"\u003e\n\u003cmeta http-equiv=\"content-type\" content=\"text/html; charset=UTF-8\"\u003e\n\u003c/head\u003e\n\u003cbody style=\"margin:0px 0px 0px 0px;overflow:auto;background:#FFFFFF;\"\u003e\n\u003ctable style=\"font-family:Arial,Verdana,Times;font-size:12px;text-align:left;width:100%;border-collapse:collapse;padding:3px 3px 3px 3px\"\u003e\n\u003ctr style=\"text-align:center;font-weight:bold;background:#9CBCE2\"\u003e\n\u003ctd\u003e18102566,9293\u003c/td\u003e\n\u003c/tr\u003e\n\u003ctr\u003e\n\u003ctd\u003e\n\u003ctable style=\"font-family:Arial,Verdana,Times;font-size:12px;text-align:left;width:100%;border-spacing:0px; padding:3px 3px 3px 3px\"\u003e\n\u003ctr\u003e\n\u003ctd\u003eFID\u003c/td\u003e\n\u003ctd\u003e0\u003c/td\u003e\n\u003c/tr\u003e\n\u003ctr bgcolor=\"#D4E4F3\"\u003e\n\u003ctd\u003eShape_Leng\u003c/td\u003e\n\u003ctd\u003e18102566,9293\u003c/td\u003e\n\u003c/tr\u003e\n\u003c/table\u003e\n\u003c/td\u003e\n\u003c/tr\u003e\n\u003c/table\u003e\n\u003c/body\u003e\u003cscript type=\"text/javascript\"\u003e\n\t\t\t\tfunction changeImage(attElement, nameElement) {\n\t\t\t\tdocument.getElementById('imageAttachment').src = attElement;\n\t\t\t\tdocument.getElementById('imageName').innerHTML = nameElement;}\n\t\t\t\u003c/script\u003e\u003c/html\u003e\n","FID_active_grids":150,"GridID":"M01","Shape_Length":0.00099808357468042074,"Shape_Area":9.3559734000069609e-09}},{"type":"Feature","id":28179,"geometry":{"type":"Polygon","coordinates":[[[112.68238106400008,-7.0823878229999764],[112.68238103700003,-7.0823802859999319],[112.68237311200005,-7.0823878519999539],[112.68238106400008,-7.0823878229999764]]]},"properties":{"OBJECTID":28179,"FID_mangrove_utm":28086,"OBJECTID_1":28086,"Name":"18102566,9293","FolderPath":"JATIM/JATIM","SymbolID":0,"AltMode":0,"Base":0,"Clamped":-1,"Extruded":0,"Snippet":"","PopupInfo":"\u003chtml xmlns:fo=\"http://www.w3.org/1999/XSL/Format\" xmlns:msxsl=\"urn:schemas-microsoft-com:xslt\"\u003e\n\u003chead\u003e\n\u003cMETA http-equiv=\"Content-Type\" content=\"text/html\"\u003e\n\u003cmeta http-equiv=\"content-type\" content=\"text/html; charset=UTF-8\"\u003e\n\u003c/head\u003e\n\u003cbody style=\"margin:0px 0px 0px 0px;overflow:auto;background:#FFFFFF;\"\u003e\n\u003ctable style=\"font-family:Arial,Verdana,Times;font-size:12px;text-align:left;width:100%;border-collapse:collapse;padding:3px 3px 3px 3px\"\u003e\n\u003ctr style=\"text-align:center;font-weight:bold;background:#9CBCE2\"\u003e\n\u003ctd\u003e18102566,9293\u003c/td\u003e\n\u003c/tr\u003e\n\u003ctr\u003e\n\u003ctd\u003e\n\u003ctable style=\"font-family:Arial,Verdana,Times;font-size:12px;text-align:left;width:100%;border-spacing:0px; padding:3px 3px 3px 3px\"\u003e\n\u003ctr\u003e\n\u003ctd\u003eFID\u003c/td\u003e\n\u003ctd\u003e0\u003c/td\u003e\n\u003c/tr\u003e\n\u003ctr bgcolor=\"#D4E4F3\"\u003e\n\u003ctd\u003eShape_Leng\u003c/td\u003e\n\u003ctd\u003e18102566,9293\u003c/td\u003e\n\u003c/tr\u003e\n\u003c/table\u003e\n\u003c/td\u003e\n\u003c/tr\u003e\n\u003c/table\u003e\n\u003c/body\u003e\u003cscript type=\"text/javascript\"\u003e\n\t\t\t\tfunction changeImage(attElement, nameElement) {\n\t\t\t\tdocument.getElementById('imageAttachment').src = attElement;\n\t\t\t\tdocument.getElementById('imageName').innerHTML = nameElement;}\n\t\t\t\u003c/script\u003e\u003c/html\u003e\n","FID_active_grids":150,"GridID":"M01","Shape_Length":2.644583353957886e-05,"Shape_Area":2.9967503800651936e-11}},{"type":"Feature","id":28182,"geometry":{"type":"Polygon","coordinates":[[[112.68177314800005,-7.0822182219999377],[112.68176625700005,-7.0822092039999802],[112.68176491000008,-7.0822092089999273],[112.68176494200009,-7.082218250999972],[112.68177314800005,-7.0822182219999377]]]},"properties":{"OBJECTID":28182,"FID_mangrove_utm":28089,"OBJECTID_1":28089,"Name":"18102566,9293","FolderPath":"JATIM/JATIM","SymbolID":0,"AltMode":0,"Base":0,"Clamped":-1,"Extruded":0,"Snippet":"","PopupInfo":"\u003chtml xmlns:fo=\"http://www.w3.org/1999/XSL/Format\" xmlns:msxsl=\"urn:schemas-microsoft-com:xslt\"\u003e\n\u003chead\u003e\n\u003cMETA http-equiv=\"Content-Type\" content=\"text/html\"\u003e\n\u003cmeta http-equiv=\"content-type\" content=\"text/html; charset=UTF-8\"\u003e\n\u003c/head\u003e\n\u003cbody style=\"margin:0px 0px 0px 0px;overflow:auto;background:#FFFFFF;\"\u003e\n\u003ctable style=\"font-family:Arial,Verdana,Times;font-size:12px;text-align:left;width:100%;border-collapse:collapse;padding:3px 3px 3px 3px\"\u003e\n\u003ctr style=\"text-align:center;font-weight:bold;background:#9CBCE2\"\u003e\n\u003ctd\u003e18102566,9293\u003c/td\u003e\n\u003c/tr\u003e\n\u003ctr\u003e\n\u003ctd\u003e\n\u003ctable style=\"font-family:Arial,Verdana,Times;font-size:12px;text-align:left;width:100%;border-spacing:0px; padding:3px 3px 3px 3px\"\u003e\n\u003ctr\u003e\n\u003ctd\u003eFID\u003c/td\u003e\n\u003ctd\u003e0\u003c/td\u003e\n\u003c/tr\u003e\n\u003ctr bgcolor=\"#D4E4F3\"\u003e\n\u003ctd\u003eShape_Leng\u003c/td\u003e\n\u003ctd\u003e18102566,9293\u003c/td\u003e\n\u003c/tr\u003e\n\u003c/table\u003e\n\u003c/td\u003e\n\u003c/tr\u003e\n\u003c/table\u003e\n\u003c/body\u003e\u003cscript type=\"text/javascript\"\u003e\n\t\t\t\tfunction changeImage(attElement, nameElement) {\n\t\t\t\tdocument.getElementById('imageAttachment').src = attElement;\n\t\t\t\tdocument.getElementById('imageName').innerHTML = nameElement;}\n\t\t\t\u003c/script\u003e\u003c/html\u003e\n","FID_active_grids":150,"GridID":"M01","Shape_Length":2.9944575441094782e-05,"Shape_Area":4.3190640144019398e-11}},{"type":"Feature","id":28186,"geometry":{"type":"Polygon","coordinates":[[[112.68288748100008,-7.0822579819999305],[112.68274197700009,-7.0820776299999579],[112.68264088800004,-7.0820914559999437],[112.68252903400003,-7.0821722919999388],[112.68239600000004,-7.0823659999999791],[112.68238261900001,-7.0823787759999277],[112.68240818600009,-7.0823786829999449],[112.6824081200001,-7.0823605989999692],[112.68241717100011,-7.0823605659999771],[112.68241713900011,-7.0823515239999324],[112.68242619000011,-7.0823514919999297],[112.68242615700001,-7.0823424499999419],[112.68244426000001,-7.0823423839999577],[112.68244416200002,-7.0823152579999373],[112.68245321300003,-7.0823152249999453],[112.68245318100003,-7.0823061829999574],[112.68246223200003,-7.0823061499999653],[112.68246219900004,-7.0822971079999775],[112.68247125100004,-7.0822970759999748],[112.68247118500005,-7.0822789919999423],[112.68248023700005,-7.0822789589999502],[112.68248026900005,-7.082288000999938],[112.68248932100005,-7.082287967999946],[112.68248935400004,-7.0822970099999338],[112.68249840500005,-7.0822969769999418],[112.68249830700006,-7.0822698509999782],[112.68253451200007,-7.0822697199999425],[112.68253448000007,-7.0822606779999546],[112.68257973700008,-7.0822605149999731],[112.68257977000007,-7.082269556999961],[112.68258882100008,-7.0822695239999689],[112.68258885400007,-7.0822785659999568],[112.68257980300007,-7.0822785989999488],[112.68257983500007,-7.0822876409999367],[112.68259793800007,-7.0822875749999525],[112.68259803700005,-7.082314700999973],[112.68260708800005,-7.0823146689999703],[112.68260718600004,-7.0823417949999339],[112.68259813500003,-7.0823418269999365],[112.68259816800003,-7.0823508689999812],[112.68258006500002,-7.0823509349999654],[112.68258003200003,-7.0823418929999775],[112.68257098100003,-7.0823419259999696],[112.68257101300003,-7.0823509679999574],[112.68256196200002,-7.0823509999999601],[112.68256202700002,-7.0823690839999358],[112.68258918200002,-7.082368985999949],[112.68258921500001,-7.0823780279999369],[112.68256206000001,-7.0823781259999805],[112.68256209300012,-7.0823871679999684],[112.68255304200011,-7.0823872009999604],[112.68255307400011,-7.0823962429999483],[112.6825440230001,-7.0823962759999404],[112.68254415400008,-7.0824324439999486],[112.68251700000008,-7.0824325419999354],[112.68251706500007,-7.082450625999968],[112.68257137400008,-7.0824504299999376],[112.68257140700007,-7.0824594719999254],[112.68258951000007,-7.0824594059999413],[112.68258957500007,-7.0824774899999738],[112.68260767800007,-7.0824774249999791],[112.68260771100006,-7.082486466999967],[112.68265296800007,-7.0824863029999392],[112.68265303400005,-7.0825043869999718],[112.68264398200006,-7.0825044199999638],[112.68264401500005,-7.0825134619999517],[112.68265306700005,-7.0825134289999596],[112.68265316500003,-7.08254055499998],[112.68266221600004,-7.0825405219999311],[112.68266228200002,-7.0825586059999637],[112.68267133300003,-7.0825585729999716],[112.68267136600002,-7.0825676149999595],[112.68268041800002,-7.0825675829999568],[112.68268048300001,-7.0825856669999325],[112.68268953500001,-7.0825856339999405],[112.68268963300011,-7.0826127599999609],[112.68270773600011,-7.0826126939999767],[112.6827077690001,-7.0826217359999646],[112.68271682000011,-7.0826217039999619],[112.6827168530001,-7.0826307459999498],[112.6826987500001,-7.0826308109999445],[112.6826988140001,-7.0826484639999308],[112.68279433500004,-7.0826587939999399],[112.68297878300007,-7.0824746399999299],[112.68297875500002,-7.0824670399999263],[112.68296065200002,-7.0824671049999779],[112.68296061900003,-7.0824580629999332],[112.68296967100002,-7.0824580309999305],[112.68296957200005,-7.082430904999967],[112.68297862400004,-7.0824308719999749],[112.68297859100005,-7.0824218299999302],[112.68296954000004,-7.0824218619999328],[112.68296944100007,-7.0823947359999693],[112.68295133800007,-7.0823948019999534],[112.68295130600006,-7.0823857599999656],[112.68296035700007,-7.0823857269999735],[112.68296032400008,-7.0823766849999288],[112.68293317000007,-7.0823767829999724],[112.68293310400009,-7.0823586989999399],[112.68294215600008,-7.0823586669999372],[112.68294212300009,-7.0823496249999494],[112.68293307100009,-7.082349656999952],[112.68293297300011,-7.0823225309999316],[112.6829239220001,-7.0823225639999805],[112.68292385600012,-7.0823044799999479],[112.68291480500011,-7.08230451299994],[112.68291477200012,-7.0822954709999522],[112.68290572000001,-7.0822955039999442],[112.68290568800001,-7.0822864619999564],[112.68288758500012,-7.0822865269999511],[112.68288751900002,-7.0822684429999754],[112.68289589700009,-7.0822684129999516],[112.68288862300005,-7.082259396999973],[112.68288748600003,-7.0822594009999307],[112.68288748100008,-7.0822579819999305]],[[112.68273443100009,-7.0824860079999326],[112.68274348300008,-7.0824859749999405],[112.68274351600007,-7.0824950169999283],[112.68273446400008,-7.0824950499999773],[112.68273443100009,-7.0824860079999326]],[[112.68273453000006,-7.082513133999953],[112.68272547800007,-7.082513166999945],[112.68272551100006,-7.0825222089999329],[112.68271646000005,-7.082522241999925],[112.68271639400007,-7.0825041579999493],[112.68273449700007,-7.0825040919999651],[112.68273453000006,-7.082513133999953],[112.68274358100007,-7.0825131009999609],[112.68274361400006,-7.0825221429999488],[112.68275266500007,-7.0825221109999461],[112.68275269800006,-7.082531152999934],[112.68276175000005,-7.0825311199999419],[112.68276181500005,-7.0825492039999745],[112.68274371200005,-7.0825492689999692],[112.68274367900005,-7.0825402269999813],[112.68273462800005,-7.0825402599999734],[112.68273453000006,-7.082513133999953]],[[112.68277093200004,-7.0825672549999581],[112.68277089900005,-7.0825582129999702],[112.68277995100004,-7.0825581799999782],[112.68277998400004,-7.082567221999966],[112.68277093200004,-7.0825672549999581],[112.68277096500003,-7.082576296999946],[112.68275286200003,-7.0825763629999301],[112.68275282900004,-7.0825673209999422],[112.68277093200004,-7.0825672549999581]],[[112.68270763800001,-7.0825855679999563],[112.68269858600001,-7.0825856009999484],[112.68269855300002,-7.0825765589999605],[112.68270760500002,-7.0825765259999685],[112.68270763800001,-7.0825855679999563]]]},"properties":{"OBJECTID":28186,"FID_mangrove_utm":28093,"OBJECTID_1":28093,"Name":"18102566,9293","FolderPath":"JATIM/JATIM","SymbolID":0,"AltMode":0,"Base":0,"Clamped":-1,"Extruded":0,"Snippet":"","PopupInfo":"\u003chtml xmlns:fo=\"http://www.w3.org/1999/XSL/Format\" xmlns:msxsl=\"urn:schemas-microsoft-com:xslt\"\u003e\n\u003chead\u003e\n\u003cMETA http-equiv=\"Content-Type\" content=\"text/html\"\u003e\n\u003cmeta http-equiv=\"content-type\" content=\"text/html; charset=UTF-8\"\u003e\n\u003c/head\u003e\n\u003cbody style=\"margin:0px 0px 0px 0px;overflow:auto;background:#FFFFFF;\"\u003e\n\u003ctable style=\"font-family:Arial,Verdana,Times;font-size:12px;text-align:left;width:100%;border-collapse:collapse;padding:3px 3px 3px 3px\"\u003e\n\u003ctr style=\"text-align:center;font-weight:bold;background:#9CBCE2\"\u003e\n\u003ctd\u003e18102566,9293\u003c/td\u003e\n\u003c/tr\u003e\n\u003ctr\u003e\n\u003ctd\u003e\n\u003ctable style=\"font-family:Arial,Verdana,Times;font-size:12px;text-align:left;width:100%;border-spacing:0px; padding:3px 3px 3px 3px\"\u003e\n\u003ctr\u003e\n\u003ctd\u003eFID\u003c/td\u003e\n\u003ctd\u003e0\u003c/td\u003e\n\u003c/tr\u003e\n\u003ctr bgcolor=\"#D4E4F3\"\u003e\n\u003ctd\u003eShape_Leng\u003c/td\u003e\n\u003ctd\u003e18102566,9293\u003c/td\u003e\n\u003c/tr\u003e\n\u003c/table\u003e\n\u003c/td\u003e\n\u003c/tr\u003e\n\u003c/table\u003e\n\u003c/body\u003e\u003cscript type=\"text/javascript\"\u003e\n\t\t\t\tfunction changeImage(attElement, nameElement) {\n\t\t\t\tdocument.getElementById('imageAttachment').src = attElement;\n\t\t\t\tdocument.getElementById('imageName').innerHTML = nameElement;}\n\t\t\t\u003c/script\u003e\u003c/html\u003e\n","FID_active_grids":150,"GridID":"M01","Shape_Length":0.0030189633381945673,"Shape_Area":1.682519381710595e-07}},{"type":"Feature","id":28187,"geometry":{"type":"Polygon","coordinates":[[[112.68164667200006,-7.0820527179999431],[112.68164668400004,-7.0820559209999487],[112.68163763200005,-7.0820559529999514],[112.68163773100002,-7.0820830789999718],[112.68165583300004,-7.0820830139999771],[112.68165586600003,-7.0820920559999649],[112.68167396900003,-7.0820919899999808],[112.68167400200002,-7.0821010319999687],[112.68166495000003,-7.0821010649999607],[112.68166498300002,-7.0821101069999486],[112.68167403500001,-7.0821100739999565],[112.68167410000001,-7.0821281589999785],[112.68168315200001,-7.0821281259999296],[112.68168318400001,-7.0821371679999743],[112.68169223600012,-7.0821371349999254],[112.68169240000009,-7.0821823449999783],[112.6817286050001,-7.0821822139999426],[112.68172867100009,-7.0822002979999752],[112.68173772200009,-7.0822002649999263],[112.68173775500009,-7.0822093079999604],[112.68174680700008,-7.0822092749999683],[112.68174677400009,-7.0822002329999805],[112.6817558250001,-7.0822001999999316],[112.68175580800005,-7.082195530999968],[112.68164667200006,-7.0820527179999431]]]},"properties":{"OBJECTID":28187,"FID_mangrove_utm":28094,"OBJECTID_1":28094,"Name":"18102566,9293","FolderPath":"JATIM/JATIM","SymbolID":0,"AltMode":0,"Base":0,"Clamped":-1,"Extruded":0,"Snippet":"","PopupInfo":"\u003chtml xmlns:fo=\"http://www.w3.org/1999/XSL/Format\" xmlns:msxsl=\"urn:schemas-microsoft-com:xslt\"\u003e\n\u003chead\u003e\n\u003cMETA http-equiv=\"Content-Type\" content=\"text/html\"\u003e\n\u003cmeta http-equiv=\"content-type\" content=\"text/html; charset=UTF-8\"\u003e\n\u003c/head\u003e\n\u003cbody style=\"margin:0px 0px 0px 0px;overflow:auto;background:#FFFFFF;\"\u003e\n\u003ctable style=\"font-family:Arial,Verdana,Times;font-size:12px;text-align:left;width:100%;border-collapse:collapse;padding:3px 3px 3px 3px\"\u003e\n\u003ctr style=\"text-align:center;font-weight:bold;background:#9CBCE2\"\u003e\n\u003ctd\u003e18102566,9293\u003c/td\u003e\n\u003c/tr\u003e\n\u003ctr\u003e\n\u003ctd\u003e\n\u003ctable style=\"font-family:Arial,Verdana,Times;font-size:12px;text-align:left;width:100%;border-spacing:0px; padding:3px 3px 3px 3px\"\u003e\n\u003ctr\u003e\n\u003ctd\u003eFID\u003c/td\u003e\n\u003ctd\u003e0\u003c/td\u003e\n\u003c/tr\u003e\n\u003ctr bgcolor=\"#D4E4F3\"\u003e\n\u003ctd\u003eShape_Leng\u003c/td\u003e\n\u003ctd\u003e18102566,9293\u003c/td\u003e\n\u003c/tr\u003e\n\u003c/table\u003e\n\u003c/td\u003e\n\u003c/tr\u003e\n\u003c/table\u003e\n\u003c/body\u003e\u003cscript type=\"text/javascript\"\u003e\n\t\t\t\tfunction changeImage(attElement, nameElement) {\n\t\t\t\tdocument.getElementById('imageAttachment').src = attElement;\n\t\t\t\tdocument.getElementById('imageName').innerHTML = nameElement;}\n\t\t\t\u003c/script\u003e\u003c/html\u003e\n","FID_active_grids":150,"GridID":"M01","Shape_Length":0.00049519538815739862,"Shape_Area":3.7830764470363502e-09}},{"type":"Feature","id":28188,"geometry":{"type":"Polygon","coordinates":[[[112.68161938800006,-7.0820170139999732],[112.68161465900005,-7.0820108259999301],[112.68161031400007,-7.082010840999942],[112.68161034700006,-7.0820198829999299],[112.68161939800007,-7.0820198509999273],[112.68161938800006,-7.0820170139999732]]]},"properties":{"OBJECTID":28188,"FID_mangrove_utm":28095,"OBJECTID_1":28095,"Name":"18102566,9293","FolderPath":"JATIM/JATIM","SymbolID":0,"AltMode":0,"Base":0,"Clamped":-1,"Extruded":0,"Snippet":"","PopupInfo":"\u003chtml xmlns:fo=\"http://www.w3.org/1999/XSL/Format\" xmlns:msxsl=\"urn:schemas-microsoft-com:xslt\"\u003e\n\u003chead\u003e\n\u003cMETA http-equiv=\"Content-Type\" content=\"text/html\"\u003e\n\u003cmeta http-equiv=\"content-type\" content=\"text/html; charset=UTF-8\"\u003e\n\u003c/head\u003e\n\u003cbody style=\"margin:0px 0px 0px 0px;overflow:auto;background:#FFFFFF;\"\u003e\n\u003ctable style=\"font-family:Arial,Verdana,Times;font-size:12px;text-align:left;width:100%;border-collapse:collapse;padding:3px 3px 3px 3px\"\u003e\n\u003ctr style=\"text-align:center;font-weight:bold;background:#9CBCE2\"\u003e\n\u003ctd\u003e18102566,9293\u003c/td\u003e\n\u003c/tr\u003e\n\u003ctr\u003e\n\u003ctd\u003e\n\u003ctable style=\"font-family:Arial,Verdana,Times;font-size:12px;text-align:left;width:100%;border-spacing:0px; padding:3px 3px 3px 3px\"\u003e\n\u003ctr\u003e\n\u003ctd\u003eFID\u003c/td\u003e\n\u003ctd\u003e0\u003c/td\u003e\n\u003c/tr\u003e\n\u003ctr bgcolor=\"#D4E4F3\"\u003e\n\u003ctd\u003eShape_Leng\u003c/td\u003e\n\u003ctd\u003e18102566,9293\u003c/td\u003e\n\u003c/tr\u003e\n\u003c/table\u003e\n\u003c/td\u003e\n\u003c/tr\u003e\n\u003c/table\u003e\n\u003c/body\u003e\u003cscript type=\"text/javascript\"\u003e\n\t\t\t\tfunction changeImage(attElement, nameElement) {\n\t\t\t\tdocument.getElementById('imageAttachment').src = attElement;\n\t\t\t\tdocument.getElementById('imageName').innerHTML = nameElement;}\n\t\t\t\u003c/script\u003e\u003c/html\u003e\n","FID_active_grids":150,"GridID":"M01","Shape_Length":3.3063278465316417e-05,"Shape_Area":6.7239600285136751e-11}},{"type":"Feature","id":28189,"geometry":{"type":"Polygon","coordinates":[[[112.68160776800005,-7.0820018089999621],[112.68160119900006,-7.0819932119999294],[112.68160123000007,-7.0820018319999463],[112.68160776800005,-7.0820018089999621]]]},"properties":{"OBJECTID":28189,"FID_mangrove_utm":28096,"OBJECTID_1":28096,"Name":"18102566,9293","FolderPath":"JATIM/JATIM","SymbolID":0,"AltMode":0,"Base":0,"Clamped":-1,"Extruded":0,"Snippet":"","PopupInfo":"\u003chtml xmlns:fo=\"http://www.w3.org/1999/XSL/Format\" xmlns:msxsl=\"urn:schemas-microsoft-com:xslt\"\u003e\n\u003chead\u003e\n\u003cMETA http-equiv=\"Content-Type\" content=\"text/html\"\u003e\n\u003cmeta http-equiv=\"content-type\" content=\"text/html; charset=UTF-8\"\u003e\n\u003c/head\u003e\n\u003cbody style=\"margin:0px 0px 0px 0px;overflow:auto;background:#FFFFFF;\"\u003e\n\u003ctable style=\"font-family:Arial,Verdana,Times;font-size:12px;text-align:left;width:100%;border-collapse:collapse;padding:3px 3px 3px 3px\"\u003e\n\u003ctr style=\"text-align:center;font-weight:bold;background:#9CBCE2\"\u003e\n\u003ctd\u003e18102566,9293\u003c/td\u003e\n\u003c/tr\u003e\n\u003ctr\u003e\n\u003ctd\u003e\n\u003ctable style=\"font-family:Arial,Verdana,Times;font-size:12px;text-align:left;width:100%;border-spacing:0px; padding:3px 3px 3px 3px\"\u003e\n\u003ctr\u003e\n\u003ctd\u003eFID\u003c/td\u003e\n\u003ctd\u003e0\u003c/td\u003e\n\u003c/tr\u003e\n\u003ctr bgcolor=\"#D4E4F3\"\u003e\n\u003ctd\u003eShape_Leng\u003c/td\u003e\n\u003ctd\u003e18102566,9293\u003c/td\u003e\n\u003c/tr\u003e\n\u003c/table\u003e\n\u003c/td\u003e\n\u003c/tr\u003e\n\u003c/table\u003e\n\u003c/body\u003e\u003cscript type=\"text/javascript\"\u003e\n\t\t\t\tfunction changeImage(attElement, nameElement) {\n\t\t\t\tdocument.getElementById('imageAttachment').src = attElement;\n\t\t\t\tdocument.getElementById('imageName').innerHTML = nameElement;}\n\t\t\t\u003c/script\u003e\u003c/html\u003e\n","FID_active_grids":150,"GridID":"M01","Shape_Length":2.5977531044266231e-05,"Shape_Area":2.817913646731577e-11}},{"type":"Feature","id":28205,"geometry":{"type":"Polygon","coordinates":[[[112.68144679700004,-7.081640704999927],[112.68143699300003,-7.0816407409999442],[112.68143705900002,-7.0816588249999768],[112.68142800700002,-7.0816588579999689],[112.68142804000001,-7.0816678999999567],[112.68141898900001,-7.0816679319999594],[112.68141921800009,-7.0817312259999312],[112.68142827000008,-7.0817311939999286],[112.68142830200009,-7.0817402359999733],[112.68143735400008,-7.0817402029999812],[112.68143748500006,-7.0817763709999326],[112.68144653600007,-7.0817763379999406],[112.68144660200005,-7.0817944219999731],[112.68145565300006,-7.0817943899999705],[112.68145571900004,-7.0818124739999462],[112.68146477000005,-7.0818124409999541],[112.68146486800003,-7.0818395669999745],[112.68147392000003,-7.0818395339999256],[112.68147398500003,-7.0818576179999582],[112.68148303700002,-7.0818575849999661],[112.68148310200002,-7.0818756689999418],[112.68149215400001,-7.0818756369999392],[112.68149218700012,-7.081884678999927],[112.68150123800001,-7.0818846459999349],[112.68150130400011,-7.0819027299999675],[112.68151035500011,-7.0819026969999754],[112.68151042000011,-7.0819207809999511],[112.6815194720001,-7.0819207489999485],[112.6815195050001,-7.0819297909999364],[112.6815285560001,-7.0819297579999443],[112.68152862200009,-7.0819478419999768],[112.68153767300009,-7.0819478089999279],[112.68153770600009,-7.0819568509999726],[112.68154675700009,-7.0819568179999806],[112.68154682300008,-7.0819749029999457],[112.68155587400008,-7.0819748699999536],[112.68155590700007,-7.0819839119999415],[112.68157401000008,-7.0819838459999573],[112.68157404300007,-7.0819928879999452],[112.68160087700005,-7.0819927909999478],[112.68152016300007,-7.081887169999959],[112.68146541600004,-7.0816933319999293],[112.68144679700004,-7.081640704999927]]]},"properties":{"OBJECTID":28205,"FID_mangrove_utm":28112,"OBJECTID_1":28112,"Name":"18102566,9293","FolderPath":"JATIM/JATIM","SymbolID":0,"AltMode":0,"Base":0,"Clamped":-1,"Extruded":0,"Snippet":"","PopupInfo":"\u003chtml xmlns:fo=\"http://www.w3.org/1999/XSL/Format\" xmlns:msxsl=\"urn:schemas-microsoft-com:xslt\"\u003e\n\u003chead\u003e\n\u003cMETA http-equiv=\"Content-Type\" content=\"text/html\"\u003e\n\u003cmeta http-equiv=\"content-type\" content=\"text/html; charset=UTF-8\"\u003e\n\u003c/head\u003e\n\u003cbody style=\"margin:0px 0px 0px 0px;overflow:auto;background:#FFFFFF;\"\u003e\n\u003ctable style=\"font-family:Arial,Verdana,Times;font-size:12px;text-align:left;width:100%;border-collapse:collapse;padding:3px 3px 3px 3px\"\u003e\n\u003ctr style=\"text-align:center;font-weight:bold;background:#9CBCE2\"\u003e\n\u003ctd\u003e18102566,9293\u003c/td\u003e\n\u003c/tr\u003e\n\u003ctr\u003e\n\u003ctd\u003e\n\u003ctable style=\"font-family:Arial,Verdana,Times;font-size:12px;text-align:left;width:100%;border-spacing:0px; padding:3px 3px 3px 3px\"\u003e\n\u003ctr\u003e\n\u003ctd\u003eFID\u003c/td\u003e\n\u003ctd\u003e0\u003c/td\u003e\n\u003c/tr\u003e\n\u003ctr bgcolor=\"#D4E4F3\"\u003e\n\u003ctd\u003eShape_Leng\u003c/td\u003e\n\u003ctd\u003e18102566,9293\u003c/td\u003e\n\u003c/tr\u003e\n\u003c/table\u003e\n\u003c/td\u003e\n\u003c/tr\u003e\n\u003c/table\u003e\n\u003c/body\u003e\u003cscript type=\"text/javascript\"\u003e\n\t\t\t\tfunction changeImage(attElement, nameElement) {\n\t\t\t\tdocument.getElementById('imageAttachment').src = attElement;\n\t\t\t\tdocument.getElementById('imageName').innerHTML = nameElement;}\n\t\t\t\u003c/script\u003e\u003c/html\u003e\n","FID_active_grids":150,"GridID":"M01","Shape_Length":0.00095143279856140742,"Shape_Area":1.282399202235673e-08}},{"type":"Feature","id":28277,"geometry":{"type":"Polygon","coordinates":[[[112.68054396100001,-7.079989257999955],[112.68049870400012,-7.0799894209999366],[112.68049873700011,-7.0799984629999813],[112.68048968500011,-7.0799984959999733],[112.68048965200001,-7.0799894539999286],[112.68046249800011,-7.0799895519999723],[112.6804625310001,-7.0799985939999601],[112.68044931700001,-7.0799986419999641],[112.68044444300006,-7.0800028709999765],[112.6804444930001,-7.0800167429999306],[112.6804283890001,-7.0800168019999319],[112.68030541200005,-7.080123513999979],[112.68027278300008,-7.0800909469999738],[112.68027284400011,-7.0801077849999388],[112.68028189500001,-7.0801077519999467],[112.6802820260001,-7.080143919999955],[112.6802910780001,-7.0801438869999629],[112.6802911100001,-7.0801529299999402],[112.68030016200009,-7.0801528969999481],[112.6803001940001,-7.080161938999936],[112.68030924600009,-7.0801619059999439],[112.68030927900008,-7.0801709479999317],[112.6803273810001,-7.080170882999937],[112.68032741400009,-7.0801799249999249],[112.68033646600009,-7.0801798919999328],[112.68033643300009,-7.0801708499999449],[112.6803635870001,-7.0801707519999582],[112.68036352200011,-7.0801526679999256],[112.68037257300011,-7.0801526349999335],[112.680372508,-7.0801345509999578],[112.68038155900001,-7.0801345189999552],[112.68038152600002,-7.0801254769999673],[112.68039962900002,-7.0801254109999263],[112.68039959600003,-7.0801163689999385],[112.68040864800003,-7.0801163359999464],[112.68040861500003,-7.0801072939999585],[112.68042671800004,-7.0801072289999638],[112.68042668500004,-7.080098186999976],[112.68046289100005,-7.0800980559999402],[112.68046285800006,-7.0800890139999524],[112.68049906400006,-7.0800888829999735],[112.68049903100007,-7.0800798409999288],[112.68055334000007,-7.0800796449999552],[112.68055343800006,-7.0801067709999757],[112.68052628400005,-7.0801068689999624],[112.68052638200004,-7.080133994999926],[112.68051733000004,-7.0801340279999749],[112.68051739600003,-7.0801521119999506],[112.68050834400003,-7.0801521449999427],[112.68050841000002,-7.0801702289999753],[112.68049935800002,-7.0801702619999674],[112.68049942400012,-7.0801883459999431],[112.68049037200001,-7.0801883779999457],[112.68049040500011,-7.0801974199999336],[112.68049945700011,-7.0801973879999309],[112.6804995550001,-7.0802245139999513],[112.6805086060001,-7.0802244809999593],[112.68050877000007,-7.0802696909999554],[112.68051782100008,-7.0802696579999633],[112.68051795200006,-7.0803058259999716],[112.68052700400006,-7.080305793999969],[112.68052706900005,-7.0803238779999447],[112.68053612100005,-7.0803238449999526],[112.68053621900003,-7.080350970999973],[112.68054527000004,-7.0803509379999809],[112.68054536800003,-7.0803780639999445],[112.68055442000002,-7.0803780319999419],[112.68055448500002,-7.0803961159999744],[112.68057258800002,-7.0803960499999334],[112.680572686,-7.0804231759999539],[112.68059078900001,-7.0804231109999591],[112.6805909200001,-7.0804592789999674],[112.6805999720001,-7.0804592459999753],[112.6806000040001,-7.0804682879999632],[112.6806271590001,-7.0804681899999764],[112.6806271910001,-7.0804772319999643],[112.6806452940001,-7.0804771669999695],[112.68064532700009,-7.0804862089999574],[112.6806724810001,-7.0804861109999706],[112.68067254700009,-7.0805041949999463],[112.68068159800009,-7.0805041619999542],[112.68068169600008,-7.0805312879999747],[112.68070885100008,-7.080531189999931],[112.68070888300008,-7.0805402319999757],[112.68073603800008,-7.0805401339999321],[112.68073616900006,-7.0805763019999404],[112.68072711700006,-7.0805763349999324],[112.68072724800004,-7.0806125029999407],[112.68073630000004,-7.0806124699999486],[112.68073636500003,-7.0806305539999812],[112.68074541600004,-7.0806305209999323],[112.68074544900003,-7.080639562999977],[112.68075450100002,-7.0806395309999743],[112.68075463200012,-7.0806756989999258],[112.68076368300001,-7.0806756659999337],[112.68076374800012,-7.0806937499999663],[112.68077280000011,-7.0806937169999742],[112.68077286500011,-7.0807118009999499],[112.6807638140001,-7.080711833999942],[112.6807638790001,-7.0807299179999745],[112.68077293100009,-7.0807298859999719],[112.68077296400008,-7.0807389279999597],[112.68078201500009,-7.0807388949999677],[112.68078211300008,-7.0807660209999312],[112.68079116500007,-7.0807659879999392],[112.68079119700008,-7.080775029999927],[112.68080024900007,-7.080774996999935],[112.68080028200006,-7.0807840389999797],[112.68082743600007,-7.080783940999936],[112.68082740300008,-7.0807748989999482],[112.68083645500008,-7.0807748669999455],[112.68083648700008,-7.0807839089999334],[112.68085459000008,-7.0807838429999492],[112.68085462300007,-7.0807928849999371],[112.68088177700008,-7.0807927869999503],[112.68088181000007,-7.0808018289999382],[112.68089086100008,-7.0808017959999461],[112.68089092700006,-7.0808198799999786],[112.68089997800007,-7.080819847999976],[112.68090004400005,-7.0808379319999517],[112.68089099200006,-7.0808379639999544],[112.68089105800004,-7.0808560489999763],[112.68090010900005,-7.0808560159999274],[112.68090020700004,-7.0808831419999478],[112.68090925900003,-7.0808831089999558],[112.68090935700002,-7.0809102349999762],[112.68090030600001,-7.0809102679999683],[112.68090033800001,-7.0809193099999561],[112.68088223600012,-7.0809193749999508],[112.680882268,-7.0809284169999387],[112.68089132000011,-7.080928384999936],[112.68089135300011,-7.0809374269999807],[112.6808732500001,-7.0809374919999755],[112.68087328200011,-7.0809465339999633],[112.6808461280001,-7.0809466319999501],[112.68084616100009,-7.080955673999938],[112.68083710900009,-7.08095570699993],[112.68083717500008,-7.0809737909999626],[112.68082812300008,-7.0809738239999547],[112.68082818900007,-7.0809919079999304],[112.68083724000007,-7.0809918749999383],[112.68083727300007,-7.0810009169999262],[112.68084632500006,-7.0810008839999341],[112.68084635700006,-7.0810099259999788],[112.68086446000007,-7.0810098609999272],[112.68086449300006,-7.0810189029999719],[112.68087354400006,-7.0810188699999799],[112.68087357700006,-7.0810279119999677],[112.68088262900005,-7.0810278799999651],[112.68088266100006,-7.0810369219999529],[112.68090076400006,-7.0810368559999688],[112.68090079700005,-7.0810458979999567],[112.68090984800006,-7.0810458649999646],[112.68090988100005,-7.0810549069999524],[112.68091893200005,-7.0810548749999498],[112.68091899800004,-7.0810729589999255],[112.68092804900004,-7.0810729259999334],[112.68092808200004,-7.0810819679999781],[112.68099144200005,-7.0810817389999556],[112.68099157300003,-7.0811179069999639],[112.68098252200002,-7.081117939999956],[112.68098255500001,-7.0811269819999438],[112.68096445200001,-7.0811270469999386],[112.68096461500011,-7.0811722569999347],[112.6809555640001,-7.0811722899999268],[112.6809556290001,-7.0811903739999593],[112.68096468100009,-7.0811903409999672],[112.68096471400008,-7.0811993829999551],[112.68097376500009,-7.0811993509999525],[112.68097383100007,-7.0812174349999282],[112.68098288200008,-7.0812174019999361],[112.68098294700008,-7.0812354859999687],[112.68100105000008,-7.0812354209999739],[112.68100111600006,-7.0812535049999497],[112.68101016700007,-7.0812534719999576],[112.68101023300005,-7.0812715559999333],[112.68101928400006,-7.0812715229999412],[112.68101931700005,-7.0812805649999291],[112.68102836800006,-7.0812805329999264],[112.68102840100005,-7.0812895749999711],[112.68104650400005,-7.0812895089999301],[112.68104653700004,-7.0812985509999749],[112.68105558800005,-7.0812985179999259],[112.68105565400003,-7.0813166019999585],[112.68107375700004,-7.0813165369999638],[112.68107372400004,-7.0813074949999759],[112.68108277500005,-7.081307461999927],[112.68108274300005,-7.0812984199999391],[112.68110084500006,-7.0812983549999444],[112.68110087800005,-7.0813073969999323],[112.68110993000005,-7.0813073639999402],[112.68110996200005,-7.0813164059999281],[112.68113711700005,-7.0813163079999413],[112.68113721500004,-7.0813434339999617],[112.68115531800004,-7.081343368999967],[112.68115535100003,-7.0813524109999548],[112.68116440200004,-7.0813523779999628],[112.68116443500003,-7.0813614199999506],[112.68117348600003,-7.0813613869999585],[112.68117351900003,-7.0813704289999464],[112.68118257000003,-7.0813703969999438],[112.68118263600002,-7.0813884809999763],[112.68119168700002,-7.0813884479999274],[112.68119172000002,-7.0813974899999721],[112.68120077200001,-7.08139745699998],[112.68120080400001,-7.0814064989999679],[112.68120985600001,-7.0814064659999758],[112.68120988800001,-7.0814155079999637],[112.68121894000001,-7.081415475999961],[112.68121897300011,-7.0814245179999489],[112.68122802400001,-7.0814244849999568],[112.68122812200011,-7.0814516109999772],[112.6812371740001,-7.0814515779999283],[112.68123720700009,-7.081460619999973],[112.6812462580001,-7.0814605879999704],[112.6812463230001,-7.0814786719999461],[112.68125537500009,-7.081478638999954],[112.68125540800008,-7.0814876809999419],[112.68127351100009,-7.0814876159999471],[112.68127354300009,-7.081496657999935],[112.68128259500008,-7.0814966249999429],[112.68128272600006,-7.0815327929999512],[112.68129177700007,-7.0815327599999591],[112.68129181000006,-7.081541801999947],[112.68130086100007,-7.0815417689999549],[112.68130089400006,-7.0815508109999428],[112.68131899700006,-7.081550745999948],[112.68131903000005,-7.0815597879999359],[112.68132808100006,-7.0815597549999438],[112.68132811400005,-7.0815687969999317],[112.68136432000006,-7.0815686659999528],[112.68136425400007,-7.0815505819999771],[112.68137330600007,-7.0815505499999745],[112.68137310900011,-7.0814962979999336],[112.6813640580001,-7.0814963299999363],[112.68136399200012,-7.0814782459999606],[112.68137304400011,-7.0814782139999579],[112.68137307600011,-7.0814872559999458],[112.68138137300002,-7.0814872259999788],[112.68127276300004,-7.0813290939999547],[112.68111628100007,-7.0810056589999704],[112.6810194310001,-7.08080610199994],[112.68095260700011,-7.0806754579999733],[112.68091060500001,-7.0805937559999279],[112.68090821100009,-7.0805937649999464],[112.68090819400004,-7.0805890659999591],[112.68090132500004,-7.0805757049999443],[112.68089004300009,-7.0805757459999654],[112.68088997700011,-7.0805576619999329],[112.6808809260001,-7.0805576949999249],[112.68088089300011,-7.0805486529999371],[112.6808718420001,-7.0805486849999397],[112.68087177600012,-7.080530600999964],[112.68086272500011,-7.0805306339999561],[112.68086265900001,-7.0805125499999804],[112.68085360800001,-7.0805125829999724],[112.68085355800008,-7.0804988239999602],[112.68085023800006,-7.0804945109999267],[112.68084449100002,-7.0804945309999425],[112.68084446400007,-7.0804870089999667],[112.68084329700002,-7.0804854939999586],[112.68083540700002,-7.0804855219999467],[112.68083536900008,-7.0804751939999733],[112.68082941600005,-7.0804674599999657],[112.68082629000003,-7.0804674709999631],[112.68082627500007,-7.0804633779999335],[112.68078383700004,-7.0804082429999653],[112.68060684500006,-7.0800704099999621],[112.68059856400009,-7.080070439999929],[112.6805985310001,-7.0800613979999412],[112.68060211700003,-7.080061384999965],[112.68056901900002,-7.0799982089999389],[112.68054399400012,-7.0799982999999429],[112.68054396100001,-7.079989257999955]],[[112.6804897510001,-7.080016579999949],[112.6804988020001,-7.080016546999957],[112.68049883500009,-7.0800255889999448],[112.6804897830001,-7.0800256219999369],[112.6804897510001,-7.080016579999949]],[[112.68058990500003,-7.0801789769999459],[112.68059895700003,-7.0801789439999538],[112.68059899000002,-7.0801879859999417],[112.68058993800003,-7.0801880189999338],[112.68058990500003,-7.0801789769999459]],[[112.68059967700003,-7.0803778679999709],[112.68061778000003,-7.0803778029999762],[112.68061787800002,-7.0804049289999398],[112.68059977500002,-7.0804049939999345],[112.68059967700003,-7.0803778679999709]]]},"properties":{"OBJECTID":28277,"FID_mangrove_utm":28184,"OBJECTID_1":28184,"Name":"18102566,9293","FolderPath":"JATIM/JATIM","SymbolID":0,"AltMode":0,"Base":0,"Clamped":-1,"Extruded":0,"Snippet":"","PopupInfo":"\u003chtml xmlns:fo=\"http://www.w3.org/1999/XSL/Format\" xmlns:msxsl=\"urn:schemas-microsoft-com:xslt\"\u003e\n\u003chead\u003e\n\u003cMETA http-equiv=\"Content-Type\" content=\"text/html\"\u003e\n\u003cmeta http-equiv=\"content-type\" content=\"text/html; charset=UTF-8\"\u003e\n\u003c/head\u003e\n\u003cbody style=\"margin:0px 0px 0px 0px;overflow:auto;background:#FFFFFF;\"\u003e\n\u003ctable style=\"font-family:Arial,Verdana,Times;font-size:12px;text-align:left;width:100%;border-collapse:collapse;padding:3px 3px 3px 3px\"\u003e\n\u003ctr style=\"text-align:center;font-weight:bold;background:#9CBCE2\"\u003e\n\u003ctd\u003e18102566,9293\u003c/td\u003e\n\u003c/tr\u003e\n\u003ctr\u003e\n\u003ctd\u003e\n\u003ctable style=\"font-family:Arial,Verdana,Times;font-size:12px;text-align:left;width:100%;border-spacing:0px; padding:3px 3px 3px 3px\"\u003e\n\u003ctr\u003e\n\u003ctd\u003eFID\u003c/td\u003e\n\u003ctd\u003e0\u003c/td\u003e\n\u003c/tr\u003e\n\u003ctr bgcolor=\"#D4E4F3\"\u003e\n\u003ctd\u003eShape_Leng\u003c/td\u003e\n\u003ctd\u003e18102566,9293\u003c/td\u003e\n\u003c/tr\u003e\n\u003c/table\u003e\n\u003c/td\u003e\n\u003c/tr\u003e\n\u003c/table\u003e\n\u003c/body\u003e\u003cscript type=\"text/javascript\"\u003e\n\t\t\t\tfunction changeImage(attElement, nameElement) {\n\t\t\t\tdocument.getElementById('imageAttachment').src = attElement;\n\t\t\t\tdocument.getElementById('imageName').innerHTML = nameElement;}\n\t\t\t\u003c/script\u003e\u003c/html\u003e\n","FID_active_grids":150,"GridID":"M01","Shape_Length":0.0057116959859303349,"Shape_Area":2.9034660742879214e-07}},{"type":"Feature","id":28278,"geometry":{"type":"Polygon","coordinates":[[[112.68056429100011,-7.0799891839999418],[112.68056204800007,-7.0799849039999572],[112.68056206400001,-7.0799891919999709],[112.68056429100011,-7.0799891839999418]]]},"properties":{"OBJECTID":28278,"FID_mangrove_utm":28185,"OBJECTID_1":28185,"Name":"18102566,9293","FolderPath":"JATIM/JATIM","SymbolID":0,"AltMode":0,"Base":0,"Clamped":-1,"Extruded":0,"Snippet":"","PopupInfo":"\u003chtml xmlns:fo=\"http://www.w3.org/1999/XSL/Format\" xmlns:msxsl=\"urn:schemas-microsoft-com:xslt\"\u003e\n\u003chead\u003e\n\u003cMETA http-equiv=\"Content-Type\" content=\"text/html\"\u003e\n\u003cmeta http-equiv=\"content-type\" content=\"text/html; charset=UTF-8\"\u003e\n\u003c/head\u003e\n\u003cbody style=\"margin:0px 0px 0px 0px;overflow:auto;background:#FFFFFF;\"\u003e\n\u003ctable style=\"font-family:Arial,Verdana,Times;font-size:12px;text-align:left;width:100%;border-collapse:collapse;padding:3px 3px 3px 3px\"\u003e\n\u003ctr style=\"text-align:center;font-weight:bold;background:#9CBCE2\"\u003e\n\u003ctd\u003e18102566,9293\u003c/td\u003e\n\u003c/tr\u003e\n\u003ctr\u003e\n\u003ctd\u003e\n\u003ctable style=\"font-family:Arial,Verdana,Times;font-size:12px;text-align:left;width:100%;border-spacing:0px; padding:3px 3px 3px 3px\"\u003e\n\u003ctr\u003e\n\u003ctd\u003eFID\u003c/td\u003e\n\u003ctd\u003e0\u003c/td\u003e\n\u003c/tr\u003e\n\u003ctr bgcolor=\"#D4E4F3\"\u003e\n\u003ctd\u003eShape_Leng\u003c/td\u003e\n\u003ctd\u003e18102566,9293\u003c/td\u003e\n\u003c/tr\u003e\n\u003c/table\u003e\n\u003c/td\u003e\n\u003c/tr\u003e\n\u003c/table\u003e\n\u003c/body\u003e\u003cscript type=\"text/javascript\"\u003e\n\t\t\t\tfunction changeImage(attElement, nameElement) {\n\t\t\t\tdocument.getElementById('imageAttachment').src = attElement;\n\t\t\t\tdocument.getElementById('imageName').innerHTML = nameElement;}\n\t\t\t\u003c/script\u003e\u003c/html\u003e\n","FID_active_grids":150,"GridID":"M01","Shape_Length":1.1347171091151185e-05,"Shape_Area":4.7747522199331691e-12}},{"type":"Feature","id":28280,"geometry":{"type":"Polygon","coordinates":[[[112.6805595620001,-7.0799801589999447],[112.68055293400005,-7.0799675069999353],[112.68055298000002,-7.0799801829999751],[112.6805595620001,-7.0799801589999447]]]},"properties":{"OBJECTID":28280,"FID_mangrove_utm":28187,"OBJECTID_1":28187,"Name":"18102566,9293","FolderPath":"JATIM/JATIM","SymbolID":0,"AltMode":0,"Base":0,"Clamped":-1,"Extruded":0,"Snippet":"","PopupInfo":"\u003chtml xmlns:fo=\"http://www.w3.org/1999/XSL/Format\" xmlns:msxsl=\"urn:schemas-microsoft-com:xslt\"\u003e\n\u003chead\u003e\n\u003cMETA http-equiv=\"Content-Type\" content=\"text/html\"\u003e\n\u003cmeta http-equiv=\"content-type\" content=\"text/html; charset=UTF-8\"\u003e\n\u003c/head\u003e\n\u003cbody style=\"margin:0px 0px 0px 0px;overflow:auto;background:#FFFFFF;\"\u003e\n\u003ctable style=\"font-family:Arial,Verdana,Times;font-size:12px;text-align:left;width:100%;border-collapse:collapse;padding:3px 3px 3px 3px\"\u003e\n\u003ctr style=\"text-align:center;font-weight:bold;background:#9CBCE2\"\u003e\n\u003ctd\u003e18102566,9293\u003c/td\u003e\n\u003c/tr\u003e\n\u003ctr\u003e\n\u003ctd\u003e\n\u003ctable style=\"font-family:Arial,Verdana,Times;font-size:12px;text-align:left;width:100%;border-spacing:0px; padding:3px 3px 3px 3px\"\u003e\n\u003ctr\u003e\n\u003ctd\u003eFID\u003c/td\u003e\n\u003ctd\u003e0\u003c/td\u003e\n\u003c/tr\u003e\n\u003ctr bgcolor=\"#D4E4F3\"\u003e\n\u003ctd\u003eShape_Leng\u003c/td\u003e\n\u003ctd\u003e18102566,9293\u003c/td\u003e\n\u003c/tr\u003e\n\u003c/table\u003e\n\u003c/td\u003e\n\u003c/tr\u003e\n\u003c/table\u003e\n\u003c/body\u003e\u003cscript type=\"text/javascript\"\u003e\n\t\t\t\tfunction changeImage(attElement, nameElement) {\n\t\t\t\tdocument.getElementById('imageAttachment').src = attElement;\n\t\t\t\tdocument.getElementById('imageName').innerHTML = nameElement;}\n\t\t\t\u003c/script\u003e\u003c/html\u003e\n","FID_active_grids":150,"GridID":"M01","Shape_Length":3.3541106335703429e-05,"Shape_Area":4.1717268655886409e-11}},{"type":"Feature","id":28281,"geometry":{"type":"Polygon","coordinates":[[[112.68050762400003,-7.0799532199999362],[112.68050760600011,-7.0799480619999713],[112.68050163600003,-7.0799532419999309],[112.68050762400003,-7.0799532199999362]]]},"properties":{"OBJECTID":28281,"FID_mangrove_utm":28188,"OBJECTID_1":28188,"Name":"18102566,9293","FolderPath":"JATIM/JATIM","SymbolID":0,"AltMode":0,"Base":0,"Clamped":-1,"Extruded":0,"Snippet":"","PopupInfo":"\u003chtml xmlns:fo=\"http://www.w3.org/1999/XSL/Format\" xmlns:msxsl=\"urn:schemas-microsoft-com:xslt\"\u003e\n\u003chead\u003e\n\u003cMETA http-equiv=\"Content-Type\" content=\"text/html\"\u003e\n\u003cmeta http-equiv=\"content-type\" content=\"text/html; charset=UTF-8\"\u003e\n\u003c/head\u003e\n\u003cbody style=\"margin:0px 0px 0px 0px;overflow:auto;background:#FFFFFF;\"\u003e\n\u003ctable style=\"font-family:Arial,Verdana,Times;font-size:12px;text-align:left;width:100%;border-collapse:collapse;padding:3px 3px 3px 3px\"\u003e\n\u003ctr style=\"text-align:center;font-weight:bold;background:#9CBCE2\"\u003e\n\u003ctd\u003e18102566,9293\u003c/td\u003e\n\u003c/tr\u003e\n\u003ctr\u003e\n\u003ctd\u003e\n\u003ctable style=\"font-family:Arial,Verdana,Times;font-size:12px;text-align:left;width:100%;border-spacing:0px; padding:3px 3px 3px 3px\"\u003e\n\u003ctr\u003e\n\u003ctd\u003eFID\u003c/td\u003e\n\u003ctd\u003e0\u003c/td\u003e\n\u003c/tr\u003e\n\u003ctr bgcolor=\"#D4E4F3\"\u003e\n\u003ctd\u003eShape_Leng\u003c/td\u003e\n\u003ctd\u003e18102566,9293\u003c/td\u003e\n\u003c/tr\u003e\n\u003c/table\u003e\n\u003c/td\u003e\n\u003c/tr\u003e\n\u003c/table\u003e\n\u003c/body\u003e\u003cscript type=\"text/javascript\"\u003e\n\t\t\t\tfunction changeImage(attElement, nameElement) {\n\t\t\t\tdocument.getElementById('imageAttachment').src = attElement;\n\t\t\t\tdocument.getElementById('imageName').innerHTML = nameElement;}\n\t\t\t\u003c/script\u003e\u003c/html\u003e\n","FID_active_grids":150,"GridID":"M01","Shape_Length":1.9050077127919535e-05,"Shape_Area":1.5443249889106745e-11}},{"type":"Feature","id":28282,"geometry":{"type":"Polygon","coordinates":[[[112.68051664300003,-7.0799441459999457],[112.68051662900007,-7.0799402319999558],[112.6805121000001,-7.079944161999947],[112.68051664300003,-7.0799441459999457]]]},"properties":{"OBJECTID":28282,"FID_mangrove_utm":28189,"OBJECTID_1":28189,"Name":"18102566,9293","FolderPath":"JATIM/JATIM","SymbolID":0,"AltMode":0,"Base":0,"Clamped":-1,"Extruded":0,"Snippet":"","PopupInfo":"\u003chtml xmlns:fo=\"http://www.w3.org/1999/XSL/Format\" xmlns:msxsl=\"urn:schemas-microsoft-com:xslt\"\u003e\n\u003chead\u003e\n\u003cMETA http-equiv=\"Content-Type\" content=\"text/html\"\u003e\n\u003cmeta http-equiv=\"content-type\" content=\"text/html; charset=UTF-8\"\u003e\n\u003c/head\u003e\n\u003cbody style=\"margin:0px 0px 0px 0px;overflow:auto;background:#FFFFFF;\"\u003e\n\u003ctable style=\"font-family:Arial,Verdana,Times;font-size:12px;text-align:left;width:100%;border-collapse:collapse;padding:3px 3px 3px 3px\"\u003e\n\u003ctr style=\"text-align:center;font-weight:bold;background:#9CBCE2\"\u003e\n\u003ctd\u003e18102566,9293\u003c/td\u003e\n\u003c/tr\u003e\n\u003ctr\u003e\n\u003ctd\u003e\n\u003ctable style=\"font-family:Arial,Verdana,Times;font-size:12px;text-align:left;width:100%;border-spacing:0px; padding:3px 3px 3px 3px\"\u003e\n\u003ctr\u003e\n\u003ctd\u003eFID\u003c/td\u003e\n\u003ctd\u003e0\u003c/td\u003e\n\u003c/tr\u003e\n\u003ctr bgcolor=\"#D4E4F3\"\u003e\n\u003ctd\u003eShape_Leng\u003c/td\u003e\n\u003ctd\u003e18102566,9293\u003c/td\u003e\n\u003c/tr\u003e\n\u003c/table\u003e\n\u003c/td\u003e\n\u003c/tr\u003e\n\u003c/table\u003e\n\u003c/body\u003e\u003cscript type=\"text/javascript\"\u003e\n\t\t\t\tfunction changeImage(attElement, nameElement) {\n\t\t\t\tdocument.getElementById('imageAttachment').src = attElement;\n\t\t\t\tdocument.getElementById('imageName').innerHTML = nameElement;}\n\t\t\t\u003c/script\u003e\u003c/html\u003e\n","FID_active_grids":150,"GridID":"M01","Shape_Length":1.4453447103364547e-05,"Shape_Area":8.8907628433042803e-12}},{"type":"Feature","id":28285,"geometry":{"type":"Polygon","coordinates":[[[112.68010890400001,-7.0798280709999517],[112.68008175000011,-7.0798281689999385],[112.68008178200012,-7.0798372109999264],[112.68007273100011,-7.079837242999929],[112.68007286200009,-7.0798734119999267],[112.68008191300009,-7.0798733789999346],[112.68008194600009,-7.0798824209999793],[112.68011815200009,-7.0798822899999436],[112.68011821700009,-7.0799003739999762],[112.68013632000009,-7.0799003089999815],[112.6801362220001,-7.079873182999961],[112.6801181190001,-7.0798732479999558],[112.68011808600011,-7.0798642059999679],[112.6801090350001,-7.07986423899996],[112.68010890400001,-7.0798280709999517]]]},"properties":{"OBJECTID":28285,"FID_mangrove_utm":28192,"OBJECTID_1":28192,"Name":"18102566,9293","FolderPath":"JATIM/JATIM","SymbolID":0,"AltMode":0,"Base":0,"Clamped":-1,"Extruded":0,"Snippet":"","PopupInfo":"\u003chtml xmlns:fo=\"http://www.w3.org/1999/XSL/Format\" xmlns:msxsl=\"urn:schemas-microsoft-com:xslt\"\u003e\n\u003chead\u003e\n\u003cMETA http-equiv=\"Content-Type\" content=\"text/html\"\u003e\n\u003cmeta http-equiv=\"content-type\" content=\"text/html; charset=UTF-8\"\u003e\n\u003c/head\u003e\n\u003cbody style=\"margin:0px 0px 0px 0px;overflow:auto;background:#FFFFFF;\"\u003e\n\u003ctable style=\"font-family:Arial,Verdana,Times;font-size:12px;text-align:left;width:100%;border-collapse:collapse;padding:3px 3px 3px 3px\"\u003e\n\u003ctr style=\"text-align:center;font-weight:bold;background:#9CBCE2\"\u003e\n\u003ctd\u003e18102566,9293\u003c/td\u003e\n\u003c/tr\u003e\n\u003ctr\u003e\n\u003ctd\u003e\n\u003ctable style=\"font-family:Arial,Verdana,Times;font-size:12px;text-align:left;width:100%;border-spacing:0px; padding:3px 3px 3px 3px\"\u003e\n\u003ctr\u003e\n\u003ctd\u003eFID\u003c/td\u003e\n\u003ctd\u003e0\u003c/td\u003e\n\u003c/tr\u003e\n\u003ctr bgcolor=\"#D4E4F3\"\u003e\n\u003ctd\u003eShape_Leng\u003c/td\u003e\n\u003ctd\u003e18102566,9293\u003c/td\u003e\n\u003c/tr\u003e\n\u003c/table\u003e\n\u003c/td\u003e\n\u003c/tr\u003e\n\u003c/table\u003e\n\u003c/body\u003e\u003cscript type=\"text/javascript\"\u003e\n\t\t\t\tfunction changeImage(attElement, nameElement) {\n\t\t\t\tdocument.getElementById('imageAttachment').src = attElement;\n\t\t\t\tdocument.getElementById('imageName').innerHTML = nameElement;}\n\t\t\t\u003c/script\u003e\u003c/html\u003e\n","FID_active_grids":150,"GridID":"M01","Shape_Length":0.00027139376948179651,"Shape_Area":2.4553238347417013e-09}},{"type":"Feature","id":28298,"geometry":{"type":"Polygon","coordinates":[[[112.67994527900009,-7.0796354389999578],[112.67994529100008,-7.0796387769999569],[112.67993624000007,-7.0796388089999596],[112.67993627300007,-7.0796478509999474],[112.67994532400007,-7.0796478189999448],[112.67994535700007,-7.0796568609999326],[112.67995440800007,-7.0796568279999406],[112.67995463700004,-7.0797201219999693],[112.67999989400005,-7.0797199589999309],[112.67999979600006,-7.0796928329999673],[112.68002313700003,-7.0796927479999567],[112.68002148500011,-7.0796910649999631],[112.67994527900009,-7.0796354389999578]]]},"properties":{"OBJECTID":28298,"FID_mangrove_utm":28205,"OBJECTID_1":28205,"Name":"18102566,9293","FolderPath":"JATIM/JATIM","SymbolID":0,"AltMode":0,"Base":0,"Clamped":-1,"Extruded":0,"Snippet":"","PopupInfo":"\u003chtml xmlns:fo=\"http://www.w3.org/1999/XSL/Format\" xmlns:msxsl=\"urn:schemas-microsoft-com:xslt\"\u003e\n\u003chead\u003e\n\u003cMETA http-equiv=\"Content-Type\" content=\"text/html\"\u003e\n\u003cmeta http-equiv=\"content-type\" content=\"text/html; charset=UTF-8\"\u003e\n\u003c/head\u003e\n\u003cbody style=\"margin:0px 0px 0px 0px;overflow:auto;background:#FFFFFF;\"\u003e\n\u003ctable style=\"font-family:Arial,Verdana,Times;font-size:12px;text-align:left;width:100%;border-collapse:collapse;padding:3px 3px 3px 3px\"\u003e\n\u003ctr style=\"text-align:center;font-weight:bold;background:#9CBCE2\"\u003e\n\u003ctd\u003e18102566,9293\u003c/td\u003e\n\u003c/tr\u003e\n\u003ctr\u003e\n\u003ctd\u003e\n\u003ctable style=\"font-family:Arial,Verdana,Times;font-size:12px;text-align:left;width:100%;border-spacing:0px; padding:3px 3px 3px 3px\"\u003e\n\u003ctr\u003e\n\u003ctd\u003eFID\u003c/td\u003e\n\u003ctd\u003e0\u003c/td\u003e\n\u003c/tr\u003e\n\u003ctr bgcolor=\"#D4E4F3\"\u003e\n\u003ctd\u003eShape_Leng\u003c/td\u003e\n\u003ctd\u003e18102566,9293\u003c/td\u003e\n\u003c/tr\u003e\n\u003c/table\u003e\n\u003c/td\u003e\n\u003c/tr\u003e\n\u003c/table\u003e\n\u003c/body\u003e\u003cscript type=\"text/javascript\"\u003e\n\t\t\t\tfunction changeImage(attElement, nameElement) {\n\t\t\t\tdocument.getElementById('imageAttachment').src = attElement;\n\t\t\t\tdocument.getElementById('imageName').innerHTML = nameElement;}\n\t\t\t\u003c/script\u003e\u003c/html\u003e\n","FID_active_grids":150,"GridID":"M01","Shape_Length":0.00030430098218902577,"Shape_Area":3.2362596050690819e-09}},{"type":"Feature","id":28319,"geometry":{"type":"Polygon","coordinates":[[[112.67959950600005,-7.0791336649999721],[112.67958140300004,-7.0791337309999562],[112.67958146800004,-7.079151814999932],[112.67959052000003,-7.0791517819999399],[112.67959061800002,-7.0791789079999603],[112.67961777200003,-7.0791788099999735],[112.67961773900004,-7.0791697679999288],[112.67962679100003,-7.0791697349999367],[112.67962675800004,-7.0791608079999264],[112.67961746700007,-7.0791426429999547],[112.67959953800005,-7.07914270699996],[112.67959950600005,-7.0791336649999721]]]},"properties":{"OBJECTID":28319,"FID_mangrove_utm":28226,"OBJECTID_1":28226,"Name":"18102566,9293","FolderPath":"JATIM/JATIM","SymbolID":0,"AltMode":0,"Base":0,"Clamped":-1,"Extruded":0,"Snippet":"","PopupInfo":"\u003chtml xmlns:fo=\"http://www.w3.org/1999/XSL/Format\" xmlns:msxsl=\"urn:schemas-microsoft-com:xslt\"\u003e\n\u003chead\u003e\n\u003cMETA http-equiv=\"Content-Type\" content=\"text/html\"\u003e\n\u003cmeta http-equiv=\"content-type\" content=\"text/html; charset=UTF-8\"\u003e\n\u003c/head\u003e\n\u003cbody style=\"margin:0px 0px 0px 0px;overflow:auto;background:#FFFFFF;\"\u003e\n\u003ctable style=\"font-family:Arial,Verdana,Times;font-size:12px;text-align:left;width:100%;border-collapse:collapse;padding:3px 3px 3px 3px\"\u003e\n\u003ctr style=\"text-align:center;font-weight:bold;background:#9CBCE2\"\u003e\n\u003ctd\u003e18102566,9293\u003c/td\u003e\n\u003c/tr\u003e\n\u003ctr\u003e\n\u003ctd\u003e\n\u003ctable style=\"font-family:Arial,Verdana,Times;font-size:12px;text-align:left;width:100%;border-spacing:0px; padding:3px 3px 3px 3px\"\u003e\n\u003ctr\u003e\n\u003ctd\u003eFID\u003c/td\u003e\n\u003ctd\u003e0\u003c/td\u003e\n\u003c/tr\u003e\n\u003ctr bgcolor=\"#D4E4F3\"\u003e\n\u003ctd\u003eShape_Leng\u003c/td\u003e\n\u003ctd\u003e18102566,9293\u003c/td\u003e\n\u003c/tr\u003e\n\u003c/table\u003e\n\u003c/td\u003e\n\u003c/tr\u003e\n\u003c/table\u003e\n\u003c/body\u003e\u003cscript type=\"text/javascript\"\u003e\n\t\t\t\tfunction changeImage(attElement, nameElement) {\n\t\t\t\tdocument.getElementById('imageAttachment').src = attElement;\n\t\t\t\tdocument.getElementById('imageName').innerHTML = nameElement;}\n\t\t\t\u003c/script\u003e\u003c/html\u003e\n","FID_active_grids":150,"GridID":"M01","Shape_Length":0.00017391518711212922,"Shape_Area":1.389227903469907e-09}},{"type":"Feature","id":28967,"geometry":{"type":"Polygon","coordinates":[[[112.67900792700004,-7.0782406279999464],[112.67900796000004,-7.0782496699999342],[112.67901701100004,-7.0782496379999316],[112.67901704400003,-7.0782586799999763],[112.67900799300003,-7.0782587119999789],[112.67900802500003,-7.0782677539999668],[112.67899897400002,-7.0782677869999588],[112.67899903900002,-7.0782858709999346],[112.67898998800001,-7.0782859039999266],[112.67899002100012,-7.0782949459999713],[112.67899907200001,-7.0782949129999793],[112.67899913800011,-7.078312996999955],[112.67900818900011,-7.0783129649999523],[112.67900822200011,-7.0783220069999402],[112.67902632400001,-7.078321940999956],[112.6790264230001,-7.0783490669999765],[112.6790354740001,-7.0783490349999738],[112.67903550700009,-7.0783580769999617],[112.6790445580001,-7.0783580439999696],[112.67904468900008,-7.0783942119999779],[112.67905374000009,-7.0783941799999752],[112.67905383800007,-7.0784213059999388],[112.67908099200008,-7.078421207999952],[112.67908105800007,-7.0784392919999277],[112.67909010900007,-7.0784392589999356],[112.67909014200006,-7.0784483009999803],[112.67908109100006,-7.0784483339999724],[112.67908118900004,-7.078475459999936],[112.67909024000005,-7.0784754269999439],[112.67909040300003,-7.0785206369999401],[112.67909945500003,-7.0785206049999374],[112.67909955300001,-7.0785477309999578],[112.67910860400002,-7.0785476979999657],[112.67910863700001,-7.0785567399999536],[112.67911768800002,-7.0785567069999615],[112.67911775400012,-7.0785747909999372],[112.67912680500001,-7.0785747589999346],[112.67912683800012,-7.0785838009999793],[112.67911778700011,-7.0785838329999251],[112.6791178520001,-7.0786019169999577],[112.67912690300011,-7.078601884999955],[112.6791269360001,-7.0786109269999429],[112.67913598700011,-7.0786108939999508],[112.6791360200001,-7.0786199359999387],[112.6791450720001,-7.0786199029999466],[112.67914520200009,-7.0786560719999443],[112.67915425400008,-7.0786560389999522],[112.67915428600008,-7.0786650809999401],[112.67916333800008,-7.078665047999948],[112.67916337100007,-7.0786740899999359],[112.67917242200008,-7.0786740579999332],[112.67917245500007,-7.0786830999999779],[112.67918150600008,-7.078683066999929],[112.67918153900007,-7.0786921089999737],[112.67919059000008,-7.0786920759999248],[112.67919062300007,-7.0787011179999695],[112.67919967400007,-7.0787010859999668],[112.67919970700007,-7.0787101279999547],[112.67922686100007,-7.0787100299999679],[112.67922689400007,-7.0787190719999558],[112.67923594500007,-7.0787190389999637],[112.67923601100006,-7.0787371229999394],[112.67925411300007,-7.0787370579999447],[112.67925414600006,-7.0787460999999325],[112.67927224900006,-7.0787460339999484],[112.67927228200006,-7.0787550769999257],[112.67929038400007,-7.0787550109999415],[112.67929041700006,-7.0787640529999294],[112.67929946900006,-7.0787640209999267],[112.67929953400005,-7.0787821049999593],[112.67931763700005,-7.0787820389999752],[112.67931766900006,-7.078791080999963],[112.67932672100005,-7.0787910489999604],[112.67932678600005,-7.0788091329999361],[112.67933583800004,-7.078809099999944],[112.67933587000005,-7.0788181419999319],[112.67934492200004,-7.0788181089999398],[112.67934495400004,-7.0788271509999277],[112.67935400600004,-7.078827118999925],[112.67935403900003,-7.0788361609999697],[112.67936309000004,-7.0788361279999776],[112.67936312300003,-7.0788451699999655],[112.67937217400004,-7.0788451369999734],[112.67937227200002,-7.078872262999937],[112.67938132400002,-7.0788722309999343],[112.67938135600002,-7.078881272999979],[112.67939040800002,-7.0788812399999301],[112.67939044000002,-7.0788902819999748],[112.67940854300002,-7.0788902169999801],[112.67940860900001,-7.0789083009999558],[112.67942671100002,-7.0789082359999611],[112.67942674400001,-7.078917277999949],[112.67944484700001,-7.0789172119999648],[112.67944488000001,-7.0789262539999527],[112.67945393100001,-7.07892622199995],[112.6794540620001,-7.0789623899999583],[112.67946311300011,-7.0789623569999662],[112.6794631460001,-7.0789713989999541],[112.67947219700011,-7.078971365999962],[112.67947232800009,-7.0790075339999703],[112.67948138000008,-7.0790075019999676],[112.67948141200009,-7.0790165439999555],[112.67949046400008,-7.0790165109999634],[112.67949049600008,-7.0790255529999513],[112.67950859900009,-7.0790254879999566],[112.67950866500007,-7.0790435719999323],[112.67951771600008,-7.0790435389999402],[112.67951774900007,-7.0790525809999281],[112.67953585100008,-7.0790525159999333],[112.67953598200006,-7.0790886839999416],[112.67954503400006,-7.0790886509999496],[112.67954509900005,-7.0791067349999253],[112.67955415100005,-7.0791067029999795],[112.67955421600004,-7.0791247869999552],[112.67957231900004,-7.079124720999971],[112.67957228600005,-7.0791156789999263],[112.67958133700006,-7.0791156469999805],[112.67958127200006,-7.079097562999948],[112.67957222100006,-7.0790975949999506],[112.67957215500007,-7.0790795109999749],[112.67958515200007,-7.0790794639999604],[112.67957627900012,-7.0790621159999318],[112.67951029500011,-7.0789593719999289],[112.67943160200002,-7.0788988979999772],[112.67934508900009,-7.0788107319999654],[112.67919259100006,-7.0786198209999611],[112.67918260600004,-7.0785926419999328],[112.67918117900001,-7.0785926469999367],[112.67918116500005,-7.0785887199999706],[112.67917928800011,-7.0785836109999423],[112.67917209500001,-7.0785836369999515],[112.67917202300009,-7.0785638369999333],[112.67913170400004,-7.0784540899999797],[112.67909794500008,-7.0783307249999439],[112.67908971700001,-7.0783307549999677],[112.67908975000012,-7.0783397969999555],[112.67908069800001,-7.0783398289999582],[112.67908066500001,-7.0783307869999703],[112.67907161400001,-7.0783308199999624],[112.67907154900001,-7.0783127359999298],[112.67908060000002,-7.0783127029999378],[112.67908056700003,-7.0783036609999499],[112.67909053000005,-7.0783036249999327],[112.67907675100003,-7.0782532739999624],[112.6790695310001,-7.0782404059999635],[112.67900792700004,-7.0782406279999464]]]},"properties":{"OBJECTID":28967,"FID_mangrove_utm":28865,"OBJECTID_1":28865,"Name":"18102566,9293","FolderPath":"JATIM/JATIM","SymbolID":0,"AltMode":0,"Base":0,"Clamped":-1,"Extruded":0,"Snippet":"","PopupInfo":"\u003chtml xmlns:fo=\"http://www.w3.org/1999/XSL/Format\" xmlns:msxsl=\"urn:schemas-microsoft-com:xslt\"\u003e\n\u003chead\u003e\n\u003cMETA http-equiv=\"Content-Type\" content=\"text/html\"\u003e\n\u003cmeta http-equiv=\"content-type\" content=\"text/html; charset=UTF-8\"\u003e\n\u003c/head\u003e\n\u003cbody style=\"margin:0px 0px 0px 0px;overflow:auto;background:#FFFFFF;\"\u003e\n\u003ctable style=\"font-family:Arial,Verdana,Times;font-size:12px;text-align:left;width:100%;border-collapse:collapse;padding:3px 3px 3px 3px\"\u003e\n\u003ctr style=\"text-align:center;font-weight:bold;background:#9CBCE2\"\u003e\n\u003ctd\u003e18102566,9293\u003c/td\u003e\n\u003c/tr\u003e\n\u003ctr\u003e\n\u003ctd\u003e\n\u003ctable style=\"font-family:Arial,Verdana,Times;font-size:12px;text-align:left;width:100%;border-spacing:0px; padding:3px 3px 3px 3px\"\u003e\n\u003ctr\u003e\n\u003ctd\u003eFID\u003c/td\u003e\n\u003ctd\u003e0\u003c/td\u003e\n\u003c/tr\u003e\n\u003ctr bgcolor=\"#D4E4F3\"\u003e\n\u003ctd\u003eShape_Leng\u003c/td\u003e\n\u003ctd\u003e18102566,9293\u003c/td\u003e\n\u003c/tr\u003e\n\u003c/table\u003e\n\u003c/td\u003e\n\u003c/tr\u003e\n\u003c/table\u003e\n\u003c/body\u003e\u003cscript type=\"text/javascript\"\u003e\n\t\t\t\tfunction changeImage(attElement, nameElement) {\n\t\t\t\tdocument.getElementById('imageAttachment').src = attElement;\n\t\t\t\tdocument.getElementById('imageName').innerHTML = nameElement;}\n\t\t\t\u003c/script\u003e\u003c/html\u003e\n","FID_active_grids":150,"GridID":"M01","Shape_Length":0.0027535167856851893,"Shape_Area":4.2892150858278235e-08}}]}