{"type":"FeatureCollection","features":[{"type":"Feature","id":19152,"geometry":{"type":"Polygon","coordinates":[[[115.86899615200002,-7.1630825859999732],[115.86895103200004,-7.1630830649999666],[115.86895112800005,-7.1630920779999769],[115.86892405600008,-7.1630923649999545],[115.8689241510001,-7.1631013779999648],[115.86891512700004,-7.1631014739999728],[115.86891522300004,-7.1631104869999263],[115.86889717500003,-7.1631106779999527],[115.86889727100004,-7.163119690999963],[115.86888824700009,-7.163119786999971],[115.86888834300009,-7.1631287999999813],[115.86887931900003,-7.1631288959999324],[115.86887941400005,-7.1631379089999427],[115.8688703900001,-7.1631380049999507],[115.86887048600011,-7.163147017999961],[115.86886146200004,-7.163147113999969],[115.86886155800005,-7.1631561269999793],[115.8688525340001,-7.163156221999941],[115.86885263000011,-7.1631652349999513],[115.86884360600004,-7.1631653309999592],[115.86884370200005,-7.1631743439999696],[115.86878955700001,-7.1631749189999709],[115.86878965300002,-7.1631839319999813],[115.86876258100006,-7.1631842189999588],[115.86876248500005,-7.1631752059999485],[115.86873541300008,-7.1631754929999261],[115.86873531700007,-7.1631664799999726],[115.86864507600001,-7.1631674369999701],[115.86864498000011,-7.1631584239999597],[115.8686269320001,-7.1631586159999756],[115.86862683600009,-7.1631496029999653],[115.86859976400001,-7.1631498899999428],[115.86859966800012,-7.1631408769999325],[115.86859064400005,-7.1631409729999405],[115.86859074000006,-7.1631499859999508],[115.86858171600011,-7.1631500809999693],[115.8685816200001,-7.163141067999959],[115.86855454800002,-7.163141355999926],[115.86855464400003,-7.1631503689999363],[115.86853659500002,-7.1631505599999628],[115.8685365,-7.1631415469999524],[115.86852747600005,-7.1631416429999604],[115.86852757100007,-7.1631506559999707],[115.86850049900011,-7.1631509429999483],[115.86850059500011,-7.1631599559999586],[115.8684825470001,-7.1631601469999282],[115.86848264300011,-7.163169160999928],[115.86844380100001,-7.1631695729999478],[115.8687497630001,-7.1632260259999612],[115.86902745800001,-7.1632231089999436],[115.86912627700008,-7.1631803599999557],[115.86910549600009,-7.1631805809999491],[115.86910530400007,-7.1631625549999285],[115.86905115900004,-7.1631631289999405],[115.86905106400002,-7.1631541159999301],[115.86906008800008,-7.163154019999979],[115.86905999200007,-7.1631450069999687],[115.86905096800001,-7.1631451029999766],[115.8690506800001,-7.1631180639999457],[115.86904165600004,-7.1631181599999536],[115.86904156000003,-7.1631091469999433],[115.86903253600008,-7.1631092419999618],[115.86903244000007,-7.1631002289999515],[115.86901439200005,-7.1631004209999674],[115.86901429600005,-7.163091407999957],[115.86899624800003,-7.1630915989999266],[115.86899615200002,-7.1630825859999732]]]},"properties":{"OBJECTID":19152,"FID_mangrove_utm":19096,"OBJECTID_1":19096,"Name":"18102566,9293","FolderPath":"JATIM/JATIM","SymbolID":0,"AltMode":0,"Base":0,"Clamped":-1,"Extruded":0,"Snippet":"","PopupInfo":"\u003chtml xmlns:fo=\"http://www.w3.org/1999/XSL/Format\" xmlns:msxsl=\"urn:schemas-microsoft-com:xslt\"\u003e\n\u003chead\u003e\n\u003cMETA http-equiv=\"Content-Type\" content=\"text/html\"\u003e\n\u003cmeta http-equiv=\"content-type\" content=\"text/html; charset=UTF-8\"\u003e\n\u003c/head\u003e\n\u003cbody style=\"margin:0px 0px 0px 0px;overflow:auto;background:#FFFFFF;\"\u003e\n\u003ctable style=\"font-family:Arial,Verdana,Times;font-size:12px;text-align:left;width:100%;border-collapse:collapse;padding:3px 3px 3px 3px\"\u003e\n\u003ctr style=\"text-align:center;font-weight:bold;background:#9CBCE2\"\u003e\n\u003ctd\u003e18102566,9293\u003c/td\u003e\n\u003c/tr\u003e\n\u003ctr\u003e\n\u003ctd\u003e\n\u003ctable style=\"font-family:Arial,Verdana,Times;font-size:12px;text-align:left;width:100%;border-spacing:0px; padding:3px 3px 3px 3px\"\u003e\n\u003ctr\u003e\n\u003ctd\u003eFID\u003c/td\u003e\n\u003ctd\u003e0\u003c/td\u003e\n\u003c/tr\u003e\n\u003ctr bgcolor=\"#D4E4F3\"\u003e\n\u003ctd\u003eShape_Leng\u003c/td\u003e\n\u003ctd\u003e18102566,9293\u003c/td\u003e\n\u003c/tr\u003e\n\u003c/table\u003e\n\u003c/td\u003e\n\u003c/tr\u003e\n\u003c/table\u003e\n\u003c/body\u003e\u003cscript type=\"text/javascript\"\u003e\n\t\t\t\tfunction changeImage(attElement, nameElement) {\n\t\t\t\tdocument.getElementById('imageAttachment').src = attElement;\n\t\t\t\tdocument.getElementById('imageName').innerHTML = nameElement;}\n\t\t\t\u003c/script\u003e\u003c/html\u003e\n","FID_active_grids":125,"GridID":"O62","Shape_Length":0.0017033368132218182,"Shape_Area":4.2765011365311102e-08}},{"type":"Feature","id":19183,"geometry":{"type":"Polygon","coordinates":[[[115.88251272500008,-7.1628127879999397],[115.88247662900005,-7.1628131719999715],[115.88247653300004,-7.1628041589999611],[115.88243141400005,-7.162804638999944],[115.88243131700006,-7.1627956259999337],[115.88242229400009,-7.1627957219999416],[115.8824221970001,-7.1627867089999313],[115.88240415000007,-7.1627869009999472],[115.88240405400006,-7.1627778879999369],[115.88236795800003,-7.1627782719999686],[115.88236786200002,-7.1627692589999583],[115.88234981400001,-7.1627694509999742],[115.88234971800011,-7.1627604379999639],[115.88232264600003,-7.1627607259999309],[115.88232255000003,-7.1627517139999668],[115.88230450200001,-7.1627519059999258],[115.88230440600012,-7.1627428929999724],[115.88228635900009,-7.1627430849999314],[115.88228626200009,-7.1627340719999779],[115.88218700000004,-7.1627351279999516],[115.88218690400004,-7.1627261149999413],[115.88217788000009,-7.1627262109999492],[115.88217797600009,-7.1627352239999595],[115.88212383300004,-7.1627357999999504],[115.88212392900004,-7.1627448129999607],[115.88211490500009,-7.1627449089999686],[115.8821150010001,-7.162753921999979],[115.88210597700004,-7.1627540179999301],[115.88210607300005,-7.162763029999951],[115.88209704900009,-7.1627631259999589],[115.88209710700005,-7.162768587999949],[115.88232937800001,-7.1628323619999605],[115.88251383800002,-7.1629172029999495],[115.88251272500008,-7.1628127879999397]]]},"properties":{"OBJECTID":19183,"FID_mangrove_utm":19127,"OBJECTID_1":19127,"Name":"18102566,9293","FolderPath":"JATIM/JATIM","SymbolID":0,"AltMode":0,"Base":0,"Clamped":-1,"Extruded":0,"Snippet":"","PopupInfo":"\u003chtml xmlns:fo=\"http://www.w3.org/1999/XSL/Format\" xmlns:msxsl=\"urn:schemas-microsoft-com:xslt\"\u003e\n\u003chead\u003e\n\u003cMETA http-equiv=\"Content-Type\" content=\"text/html\"\u003e\n\u003cmeta http-equiv=\"content-type\" content=\"text/html; charset=UTF-8\"\u003e\n\u003c/head\u003e\n\u003cbody style=\"margin:0px 0px 0px 0px;overflow:auto;background:#FFFFFF;\"\u003e\n\u003ctable style=\"font-family:Arial,Verdana,Times;font-size:12px;text-align:left;width:100%;border-collapse:collapse;padding:3px 3px 3px 3px\"\u003e\n\u003ctr style=\"text-align:center;font-weight:bold;background:#9CBCE2\"\u003e\n\u003ctd\u003e18102566,9293\u003c/td\u003e\n\u003c/tr\u003e\n\u003ctr\u003e\n\u003ctd\u003e\n\u003ctable style=\"font-family:Arial,Verdana,Times;font-size:12px;text-align:left;width:100%;border-spacing:0px; padding:3px 3px 3px 3px\"\u003e\n\u003ctr\u003e\n\u003ctd\u003eFID\u003c/td\u003e\n\u003ctd\u003e0\u003c/td\u003e\n\u003c/tr\u003e\n\u003ctr bgcolor=\"#D4E4F3\"\u003e\n\u003ctd\u003eShape_Leng\u003c/td\u003e\n\u003ctd\u003e18102566,9293\u003c/td\u003e\n\u003c/tr\u003e\n\u003c/table\u003e\n\u003c/td\u003e\n\u003c/tr\u003e\n\u003c/table\u003e\n\u003c/body\u003e\u003cscript type=\"text/javascript\"\u003e\n\t\t\t\tfunction changeImage(attElement, nameElement) {\n\t\t\t\tdocument.getElementById('imageAttachment').src = attElement;\n\t\t\t\tdocument.getElementById('imageName').innerHTML = nameElement;}\n\t\t\t\u003c/script\u003e\u003c/html\u003e\n","FID_active_grids":125,"GridID":"O62","Shape_Length":0.0010950936573441373,"Shape_Area":2.9654566934295804e-08}},{"type":"Feature","id":19189,"geometry":{"type":"Polygon","coordinates":[[[115.86955345000001,-7.1629955659999496],[115.86974732500005,-7.1628879549999738],[115.86979449000012,-7.1628084919999537],[115.86978945800001,-7.1627947329999415],[115.86977827400005,-7.1627948519999336],[115.86977837000006,-7.1628038649999439],[115.86974227300004,-7.1628042479999294],[115.86974236900005,-7.1628132609999398],[115.86971529700008,-7.1628135479999742],[115.86971539300009,-7.1628225609999276],[115.86969734500008,-7.1628227529999435],[115.86969744100008,-7.1628317659999539],[115.869670369,-7.1628320529999314],[115.86967046500001,-7.1628410659999417],[115.86958022400006,-7.1628420239999286],[115.86958032000007,-7.162851036999939],[115.86956227200005,-7.1628512279999654],[115.86956236800006,-7.1628602409999758],[115.86955334400011,-7.1628603369999269],[115.86955343900001,-7.1628693499999372],[115.86953539100011,-7.1628695409999636],[115.86953548700001,-7.162878553999974],[115.86951743900011,-7.162878745999933],[115.86951753500011,-7.1628877589999433],[115.86950851100005,-7.1628878549999513],[115.86950860700006,-7.1628968679999616],[115.86949055900004,-7.1628970589999312],[115.86949075000007,-7.1629150849999519],[115.86948172600012,-7.1629151809999598],[115.86948182200001,-7.1629241939999702],[115.86947279800006,-7.1629242899999781],[115.86947289400007,-7.1629333029999316],[115.86945484600005,-7.162933493999958],[115.86945494200006,-7.1629425069999684],[115.86944591800011,-7.1629426029999763],[115.86944630100004,-7.1629786549999608],[115.86942825300002,-7.1629788469999767],[115.86942834900003,-7.1629878599999302],[115.86941932500008,-7.1629879559999381],[115.86941942100009,-7.1629969689999484],[115.86941039700002,-7.1629970639999669],[115.86941058800005,-7.163015090999977],[115.8694015640001,-7.1630151859999387],[115.86940166000011,-7.163024198999949],[115.86938361200009,-7.1630243909999649],[115.8693837080001,-7.1630334039999752],[115.86937468400004,-7.1630334999999263],[115.86937478000004,-7.1630425129999367],[115.86936575600009,-7.1630426079999552],[115.86936585100011,-7.1630516209999655],[115.86935682700005,-7.1630517169999735],[115.86935692300005,-7.1630607299999269],[115.86932985100009,-7.1630610169999613],[115.8693299470001,-7.1630700299999717],[115.86932092300003,-7.1630701259999796],[115.86932101900004,-7.1630791389999331],[115.86927589800007,-7.1630796179999265],[115.86927599400008,-7.1630886309999369],[115.86925794600006,-7.1630888229999528],[115.86925804200007,-7.1630978359999631],[115.86922194600004,-7.1630982189999486],[115.86922204200005,-7.1631072319999589],[115.86920399300004,-7.1631074229999285],[115.86920408900005,-7.1631164359999389],[115.8691950650001,-7.1631165319999468],[115.86919516100011,-7.1631255449999571],[115.86918613700004,-7.1631256409999651],[115.86918623300005,-7.1631346539999754],[115.86916818500004,-7.163134844999945],[115.86916828100004,-7.1631438579999553],[115.86915925700009,-7.1631439539999633],[115.86915935200011,-7.1631529669999736],[115.86915032800005,-7.1631530629999816],[115.86915042400005,-7.163162075999935],[115.8691414000001,-7.163162171999943],[115.86914149600011,-7.1631711849999533],[115.86913247200005,-7.1631712799999718],[115.86913254000001,-7.1631776509999554],[115.86955345000001,-7.1629955659999496]]]},"properties":{"OBJECTID":19189,"FID_mangrove_utm":19132,"OBJECTID_1":19132,"Name":"18102566,9293","FolderPath":"JATIM/JATIM","SymbolID":0,"AltMode":0,"Base":0,"Clamped":-1,"Extruded":0,"Snippet":"","PopupInfo":"\u003chtml xmlns:fo=\"http://www.w3.org/1999/XSL/Format\" xmlns:msxsl=\"urn:schemas-microsoft-com:xslt\"\u003e\n\u003chead\u003e\n\u003cMETA http-equiv=\"Content-Type\" content=\"text/html\"\u003e\n\u003cmeta http-equiv=\"content-type\" content=\"text/html; charset=UTF-8\"\u003e\n\u003c/head\u003e\n\u003cbody style=\"margin:0px 0px 0px 0px;overflow:auto;background:#FFFFFF;\"\u003e\n\u003ctable style=\"font-family:Arial,Verdana,Times;font-size:12px;text-align:left;width:100%;border-collapse:collapse;padding:3px 3px 3px 3px\"\u003e\n\u003ctr style=\"text-align:center;font-weight:bold;background:#9CBCE2\"\u003e\n\u003ctd\u003e18102566,9293\u003c/td\u003e\n\u003c/tr\u003e\n\u003ctr\u003e\n\u003ctd\u003e\n\u003ctable style=\"font-family:Arial,Verdana,Times;font-size:12px;text-align:left;width:100%;border-spacing:0px; padding:3px 3px 3px 3px\"\u003e\n\u003ctr\u003e\n\u003ctd\u003eFID\u003c/td\u003e\n\u003ctd\u003e0\u003c/td\u003e\n\u003c/tr\u003e\n\u003ctr bgcolor=\"#D4E4F3\"\u003e\n\u003ctd\u003eShape_Leng\u003c/td\u003e\n\u003ctd\u003e18102566,9293\u003c/td\u003e\n\u003c/tr\u003e\n\u003c/table\u003e\n\u003c/td\u003e\n\u003c/tr\u003e\n\u003c/table\u003e\n\u003c/body\u003e\u003cscript type=\"text/javascript\"\u003e\n\t\t\t\tfunction changeImage(attElement, nameElement) {\n\t\t\t\tdocument.getElementById('imageAttachment').src = attElement;\n\t\t\t\tdocument.getElementById('imageName').innerHTML = nameElement;}\n\t\t\t\u003c/script\u003e\u003c/html\u003e\n","FID_active_grids":125,"GridID":"O62","Shape_Length":0.0018242805157404217,"Shape_Area":4.5504711941070525e-08}},{"type":"Feature","id":19192,"geometry":{"type":"Polygon","coordinates":[[[115.88177094000002,-7.1626494149999758],[115.88173484400011,-7.1626497989999507],[115.88173494000011,-7.162658811999961],[115.88172591700004,-7.162658907999969],[115.88172582000004,-7.1626498949999586],[115.88171679700008,-7.1626499909999666],[115.88171689300009,-7.1626590039999769],[115.8816826740001,-7.162659367999936],[115.88192143000003,-7.1627203529999406],[115.88197038800001,-7.1627337949999514],[115.88197033000006,-7.1627284189999614],[115.88196130600011,-7.1627285149999693],[115.8819612100001,-7.162719501999959],[115.88195218600003,-7.1627195979999669],[115.88195209000003,-7.1627105849999566],[115.88194306600008,-7.1627106809999646],[115.88194297000007,-7.1627016679999542],[115.88192492300004,-7.1627018599999701],[115.88192482600004,-7.1626928469999598],[115.88188873100012,-7.1626932309999347],[115.88188863500011,-7.1626842179999812],[115.88185253900008,-7.1626846019999562],[115.88185244300007,-7.1626755889999458],[115.88180732400008,-7.1626760689999287],[115.88180722800007,-7.1626670569999646],[115.88177113200004,-7.1626674399999501],[115.88177094000002,-7.1626494149999758]]]},"properties":{"OBJECTID":19192,"FID_mangrove_utm":19135,"OBJECTID_1":19135,"Name":"18102566,9293","FolderPath":"JATIM/JATIM","SymbolID":0,"AltMode":0,"Base":0,"Clamped":-1,"Extruded":0,"Snippet":"","PopupInfo":"\u003chtml xmlns:fo=\"http://www.w3.org/1999/XSL/Format\" xmlns:msxsl=\"urn:schemas-microsoft-com:xslt\"\u003e\n\u003chead\u003e\n\u003cMETA http-equiv=\"Content-Type\" content=\"text/html\"\u003e\n\u003cmeta http-equiv=\"content-type\" content=\"text/html; charset=UTF-8\"\u003e\n\u003c/head\u003e\n\u003cbody style=\"margin:0px 0px 0px 0px;overflow:auto;background:#FFFFFF;\"\u003e\n\u003ctable style=\"font-family:Arial,Verdana,Times;font-size:12px;text-align:left;width:100%;border-collapse:collapse;padding:3px 3px 3px 3px\"\u003e\n\u003ctr style=\"text-align:center;font-weight:bold;background:#9CBCE2\"\u003e\n\u003ctd\u003e18102566,9293\u003c/td\u003e\n\u003c/tr\u003e\n\u003ctr\u003e\n\u003ctd\u003e\n\u003ctable style=\"font-family:Arial,Verdana,Times;font-size:12px;text-align:left;width:100%;border-spacing:0px; padding:3px 3px 3px 3px\"\u003e\n\u003ctr\u003e\n\u003ctd\u003eFID\u003c/td\u003e\n\u003ctd\u003e0\u003c/td\u003e\n\u003c/tr\u003e\n\u003ctr bgcolor=\"#D4E4F3\"\u003e\n\u003ctd\u003eShape_Leng\u003c/td\u003e\n\u003ctd\u003e18102566,9293\u003c/td\u003e\n\u003c/tr\u003e\n\u003c/table\u003e\n\u003c/td\u003e\n\u003c/tr\u003e\n\u003c/table\u003e\n\u003c/body\u003e\u003cscript type=\"text/javascript\"\u003e\n\t\t\t\tfunction changeImage(attElement, nameElement) {\n\t\t\t\tdocument.getElementById('imageAttachment').src = attElement;\n\t\t\t\tdocument.getElementById('imageName').innerHTML = nameElement;}\n\t\t\t\u003c/script\u003e\u003c/html\u003e\n","FID_active_grids":125,"GridID":"O62","Shape_Length":0.00069763008291735351,"Shape_Area":5.4722433164772872e-09}},{"type":"Feature","id":19227,"geometry":{"type":"Polygon","coordinates":[[[115.86666017800007,-7.1623772219999751],[115.86663310500001,-7.162377509999942],[115.86663320100001,-7.1623865229999524],[115.86658808100003,-7.1623870009999564],[115.86658817600005,-7.1623960139999667],[115.86657012800003,-7.1623962049999363],[115.86657022400004,-7.1624052189999361],[115.86654315200008,-7.1624055059999705],[115.86654324800008,-7.1624145189999808],[115.86635374200011,-7.1624165279999374],[115.86635364600011,-7.1624075149999271],[115.86630852500002,-7.1624079929999311],[115.86630862100003,-7.1624170059999415],[115.86627252500011,-7.162417388999927],[115.86627262100001,-7.1624264019999373],[115.86624554800005,-7.1624266889999717],[115.86624564400006,-7.1624357019999252],[115.86621857200009,-7.1624359889999596],[115.8662186680001,-7.1624450019999699],[115.86620964400004,-7.1624450979999779],[115.86620973900006,-7.1624541109999313],[115.8662007150001,-7.1624542069999393],[115.86620081100011,-7.1624632199999496],[115.8661827630001,-7.1624634109999761],[115.86618285900011,-7.1624724239999296],[115.86615578600004,-7.162472710999964],[115.86615588200004,-7.1624817249999637],[115.86612881000008,-7.1624820119999413],[115.86612890600009,-7.1624910249999516],[115.86611085700008,-7.1624912159999781],[115.86611095300009,-7.1625002289999316],[115.86609290500007,-7.162500419999958],[115.86609300100008,-7.1625094339999578],[115.86607495300007,-7.1625096249999274],[115.86607504800008,-7.1625186379999377],[115.86604797600012,-7.1625189249999721],[115.86604807200001,-7.1625279379999256],[115.86603904800006,-7.1625280339999335],[115.86603914400007,-7.1625370469999439],[115.8660387330001,-7.1625370509999584],[115.86612496400005,-7.162544559999958],[115.86668114800011,-7.1625106859999619],[115.86709185000007,-7.1625792659999661],[115.86793055400005,-7.1629503149999323],[115.86840359400003,-7.1631621539999628],[115.86842846600007,-7.1631667429999766],[115.86842840200006,-7.1631607219999296],[115.86841937800011,-7.1631608179999375],[115.8684192820001,-7.1631518049999272],[115.86841025800004,-7.1631518999999457],[115.86841006700001,-7.1631338739999251],[115.86840104300006,-7.163133969999933],[115.86840085100005,-7.1631159439999692],[115.8683918270001,-7.1631160399999771],[115.86839173100009,-7.1631070259999774],[115.86838270700002,-7.1631071219999285],[115.86838251500001,-7.1630890959999647],[115.86837349100006,-7.1630891919999726],[115.86837320400002,-7.1630621529999416],[115.86836417900008,-7.1630622479999602],[115.86836408400006,-7.1630532349999498],[115.86835506000011,-7.1630533309999578],[115.8683548680001,-7.1630353049999371],[115.86834584400003,-7.1630354009999451],[115.86834574800002,-7.1630263879999347],[115.86833672400007,-7.1630264829999533],[115.86833662800007,-7.1630174699999429],[115.86832760400011,-7.1630175659999509],[115.86832750800011,-7.1630085529999405],[115.86830946000009,-7.163008743999967],[115.86830936400008,-7.1629997309999567],[115.86830034000002,-7.1629998269999646],[115.86830024400001,-7.1629908139999543],[115.86829122000006,-7.1629909099999622],[115.86829112400005,-7.1629818969999519],[115.8682821000001,-7.1629819919999704],[115.86828200400009,-7.1629729789999601],[115.86827298000003,-7.162973074999968],[115.86827288400002,-7.1629640619999577],[115.86826386000007,-7.1629641579999657],[115.86826376400006,-7.1629551449999553],[115.86824571600005,-7.162955335999925],[115.86824552500002,-7.1629373099999611],[115.868227477,-7.162937501999977],[115.86822738100011,-7.1629284889999667],[115.86820030800004,-7.1629287759999443],[115.86820021300002,-7.1629197629999339],[115.86819118900007,-7.1629198579999525],[115.86819109300006,-7.1629108449999421],[115.86817304500005,-7.162911036999958],[115.86817294900004,-7.1629020239999477],[115.86816392500009,-7.1629021189999662],[115.86816382900008,-7.1628931059999559],[115.86814578100007,-7.1628932979999718],[115.86814568500006,-7.1628842849999614],[115.86813666100011,-7.16288437999998],[115.8681365650001,-7.1628753669999696],[115.86811851700008,-7.1628755589999287],[115.86811842100008,-7.1628665459999752],[115.86810939700001,-7.1628666419999263],[115.86810930100012,-7.1628576279999265],[115.86810027700005,-7.1628577239999345],[115.86810018100005,-7.162848710999981],[115.86808213300003,-7.16284890299994],[115.86808203700002,-7.1628398899999297],[115.8680459410001,-7.1628402719999258],[115.8680458450001,-7.1628312589999723],[115.86802779700008,-7.1628314509999313],[115.86802770100007,-7.1628224379999779],[115.86800062900011,-7.1628227249999554],[115.8680005330001,-7.1628137119999451],[115.86799150900003,-7.162813807999953],[115.86799141300003,-7.1628047939999533],[115.86797336500001,-7.1628049859999692],[115.86797326900012,-7.1627959729999588],[115.8679552210001,-7.1627961639999285],[115.86795512500009,-7.162787150999975],[115.86793707700008,-7.162787342999934],[115.86793688500006,-7.1627693169999702],[115.86792786100011,-7.1627694119999319],[115.8679276690001,-7.1627513859999681],[115.86790962100008,-7.1627515779999271],[115.86790952500007,-7.1627425649999736],[115.86789147700006,-7.1627427559999433],[115.86789138100005,-7.1627337429999329],[115.8678823570001,-7.1627338389999409],[115.86788226100009,-7.1627248259999305],[115.86786421300008,-7.162725016999957],[115.86786402200005,-7.1627069909999364],[115.86784597300004,-7.1627071819999628],[115.86784587800003,-7.1626981689999525],[115.86783685400007,-7.1626982649999604],[115.86783675800007,-7.1626892519999501],[115.86781871000005,-7.1626894429999766],[115.86781861400004,-7.1626804299999662],[115.86780959000009,-7.1626805259999742],[115.86780949400008,-7.1626715129999639],[115.86780047000002,-7.1626716089999718],[115.86780037400001,-7.1626625959999615],[115.86779135000006,-7.16266269099998],[115.86779125400005,-7.1626536779999697],[115.86776418200009,-7.1626539649999472],[115.86776408600008,-7.1626449519999369],[115.86773701400011,-7.1626452389999713],[115.86773691800011,-7.162636225999961],[115.86771887000009,-7.1626364179999769],[115.86771877400008,-7.1626274049999665],[115.86770072600007,-7.1626275959999361],[115.86770063000006,-7.1626185829999258],[115.86767355800009,-7.1626188699999602],[115.86767346200008,-7.1626098569999499],[115.86764639000012,-7.1626101439999275],[115.86764629400011,-7.162601130999974],[115.86762824600009,-7.162601322999933],[115.86762815000009,-7.1625923099999795],[115.86761010200007,-7.1625925009999492],[115.86761000600006,-7.1625834879999388],[115.86760098200011,-7.1625835839999468],[115.8676008860001,-7.1625745709999364],[115.86758283800009,-7.1625747619999629],[115.86758274200008,-7.1625657489999526],[115.86755567000012,-7.1625660359999301],[115.86755557400011,-7.1625570229999767],[115.86753752600009,-7.1625572139999463],[115.86753743000008,-7.1625482009999359],[115.8674923100001,-7.1625486799999294],[115.86749221400009,-7.1625396669999759],[115.86748319000003,-7.162539762999927],[115.86748309400002,-7.1625307489999273],[115.86745602200006,-7.1625310369999511],[115.86745592600005,-7.1625220229999513],[115.86741080500008,-7.1625225019999448],[115.86741071000006,-7.1625134889999345],[115.86739266100005,-7.1625136799999609],[115.86739256600004,-7.1625046669999506],[115.86736549300008,-7.1625049539999281],[115.86736539700007,-7.1624959409999747],[115.86734734900006,-7.1624961329999337],[115.86734744500006,-7.162505145999944],[115.86733842100011,-7.1625052409999626],[115.86733832500011,-7.1624962279999522],[115.86732027700009,-7.1624964199999681],[115.86732018100008,-7.1624874069999578],[115.86731115700002,-7.1624875019999763],[115.86731106100001,-7.162478488999966],[115.86726594100003,-7.1624789679999594],[115.86726584500002,-7.1624699549999491],[115.86720267700002,-7.162470624999969],[115.86720258100002,-7.1624616119999587],[115.86713038800008,-7.1624623769999403],[115.86713029200007,-7.1624533639999299],[115.86708517200009,-7.1624538429999802],[115.86708507600008,-7.1624448299999699],[115.86700385900008,-7.1624456909999594],[115.86700376300007,-7.1624366779999491],[115.86696766700004,-7.1624370609999346],[115.86696757100003,-7.1624280469999348],[115.86693147500011,-7.1624284299999772],[115.86693137900011,-7.1624194169999669],[115.86691333100009,-7.1624196089999259],[115.86691323500008,-7.1624105949999262],[115.86688616300012,-7.16241088299995],[115.86688606700011,-7.1624018689999502],[115.86686801900009,-7.1624020609999661],[115.86686792300009,-7.1623930479999558],[115.86684085100001,-7.1623933349999334],[115.86684075500011,-7.1623843219999799],[115.86666027300009,-7.1623862359999748],[115.86666017800007,-7.1623772219999751]]]},"properties":{"OBJECTID":19227,"FID_mangrove_utm":19170,"OBJECTID_1":19170,"Name":"18102566,9293","FolderPath":"JATIM/JATIM","SymbolID":0,"AltMode":0,"Base":0,"Clamped":-1,"Extruded":0,"Snippet":"","PopupInfo":"\u003chtml xmlns:fo=\"http://www.w3.org/1999/XSL/Format\" xmlns:msxsl=\"urn:schemas-microsoft-com:xslt\"\u003e\n\u003chead\u003e\n\u003cMETA http-equiv=\"Content-Type\" content=\"text/html\"\u003e\n\u003cmeta http-equiv=\"content-type\" content=\"text/html; charset=UTF-8\"\u003e\n\u003c/head\u003e\n\u003cbody style=\"margin:0px 0px 0px 0px;overflow:auto;background:#FFFFFF;\"\u003e\n\u003ctable style=\"font-family:Arial,Verdana,Times;font-size:12px;text-align:left;width:100%;border-collapse:collapse;padding:3px 3px 3px 3px\"\u003e\n\u003ctr style=\"text-align:center;font-weight:bold;background:#9CBCE2\"\u003e\n\u003ctd\u003e18102566,9293\u003c/td\u003e\n\u003c/tr\u003e\n\u003ctr\u003e\n\u003ctd\u003e\n\u003ctable style=\"font-family:Arial,Verdana,Times;font-size:12px;text-align:left;width:100%;border-spacing:0px; padding:3px 3px 3px 3px\"\u003e\n\u003ctr\u003e\n\u003ctd\u003eFID\u003c/td\u003e\n\u003ctd\u003e0\u003c/td\u003e\n\u003c/tr\u003e\n\u003ctr bgcolor=\"#D4E4F3\"\u003e\n\u003ctd\u003eShape_Leng\u003c/td\u003e\n\u003ctd\u003e18102566,9293\u003c/td\u003e\n\u003c/tr\u003e\n\u003c/table\u003e\n\u003c/td\u003e\n\u003c/tr\u003e\n\u003c/table\u003e\n\u003c/body\u003e\u003cscript type=\"text/javascript\"\u003e\n\t\t\t\tfunction changeImage(attElement, nameElement) {\n\t\t\t\tdocument.getElementById('imageAttachment').src = attElement;\n\t\t\t\tdocument.getElementById('imageName').innerHTML = nameElement;}\n\t\t\t\u003c/script\u003e\u003c/html\u003e\n","FID_active_grids":125,"GridID":"O62","Shape_Length":0.005901293055314216,"Shape_Area":3.5383830466268484e-07}},{"type":"Feature","id":19234,"geometry":{"type":"Polygon","coordinates":[[[115.88083609800003,-7.1621545789999459],[115.88083221500005,-7.1621546199999671],[115.88083612300011,-7.1621569339999382],[115.88083609800003,-7.1621545789999459]]]},"properties":{"OBJECTID":19234,"FID_mangrove_utm":19177,"OBJECTID_1":19177,"Name":"18102566,9293","FolderPath":"JATIM/JATIM","SymbolID":0,"AltMode":0,"Base":0,"Clamped":-1,"Extruded":0,"Snippet":"","PopupInfo":"\u003chtml xmlns:fo=\"http://www.w3.org/1999/XSL/Format\" xmlns:msxsl=\"urn:schemas-microsoft-com:xslt\"\u003e\n\u003chead\u003e\n\u003cMETA http-equiv=\"Content-Type\" content=\"text/html\"\u003e\n\u003cmeta http-equiv=\"content-type\" content=\"text/html; charset=UTF-8\"\u003e\n\u003c/head\u003e\n\u003cbody style=\"margin:0px 0px 0px 0px;overflow:auto;background:#FFFFFF;\"\u003e\n\u003ctable style=\"font-family:Arial,Verdana,Times;font-size:12px;text-align:left;width:100%;border-collapse:collapse;padding:3px 3px 3px 3px\"\u003e\n\u003ctr style=\"text-align:center;font-weight:bold;background:#9CBCE2\"\u003e\n\u003ctd\u003e18102566,9293\u003c/td\u003e\n\u003c/tr\u003e\n\u003ctr\u003e\n\u003ctd\u003e\n\u003ctable style=\"font-family:Arial,Verdana,Times;font-size:12px;text-align:left;width:100%;border-spacing:0px; padding:3px 3px 3px 3px\"\u003e\n\u003ctr\u003e\n\u003ctd\u003eFID\u003c/td\u003e\n\u003ctd\u003e0\u003c/td\u003e\n\u003c/tr\u003e\n\u003ctr bgcolor=\"#D4E4F3\"\u003e\n\u003ctd\u003eShape_Leng\u003c/td\u003e\n\u003ctd\u003e18102566,9293\u003c/td\u003e\n\u003c/tr\u003e\n\u003c/table\u003e\n\u003c/td\u003e\n\u003c/tr\u003e\n\u003c/table\u003e\n\u003c/body\u003e\u003cscript type=\"text/javascript\"\u003e\n\t\t\t\tfunction changeImage(attElement, nameElement) {\n\t\t\t\tdocument.getElementById('imageAttachment').src = attElement;\n\t\t\t\tdocument.getElementById('imageName').innerHTML = nameElement;}\n\t\t\t\u003c/script\u003e\u003c/html\u003e\n","FID_active_grids":125,"GridID":"O62","Shape_Length":1.0780051468265329e-05,"Shape_Area":4.5727449595078141e-12}},{"type":"Feature","id":19239,"geometry":{"type":"Polygon","coordinates":[[[115.84896265400005,-7.1624653799999578],[115.84892655700003,-7.1624657609999645],[115.84892646100002,-7.1624567479999541],[115.84880914500002,-7.1624579869999252],[115.84880924000004,-7.1624669999999355],[115.84877314300002,-7.1624673819999316],[115.84877323800004,-7.1624763949999419],[115.84874616500008,-7.1624766809999301],[115.84874626100009,-7.1624856939999404],[115.84871016400007,-7.1624860759999365],[115.84871025900009,-7.1624950889999468],[115.84870123500002,-7.1624951839999653],[115.84870133000004,-7.1625041979999651],[115.84866523300002,-7.1625045789999717],[115.84866532800004,-7.1625135919999252],[115.84862923100002,-7.1625139739999781],[115.84862932600004,-7.1625229869999316],[115.84862030200009,-7.1625230819999501],[115.8486203970001,-7.1625320959999499],[115.84861137300004,-7.1625321909999684],[115.84861146900005,-7.1625412039999787],[115.84858439600009,-7.1625414899999669],[115.84858430000008,-7.1625324769999565],[115.84857527600002,-7.1625325719999751],[115.84857565800007,-7.1625686259999384],[115.84856663300002,-7.1625687209999569],[115.84856678000006,-7.162582623999981],[115.84864966100008,-7.162580390999949],[115.84904303100006,-7.1626435349999724],[115.84938884900009,-7.1626546239999698],[115.84938880200002,-7.1626501779999785],[115.84937977800007,-7.1626502729999402],[115.84937968200006,-7.1626412599999298],[115.84937065800011,-7.1626413549999484],[115.8493705620001,-7.162632341999938],[115.84936153800004,-7.1626324369999566],[115.84936144300002,-7.1626234239999462],[115.84934339400002,-7.1626236149999727],[115.84934329800001,-7.1626146009999729],[115.84932525000011,-7.1626147919999426],[115.8493251540001,-7.1626057789999322],[115.84930710600008,-7.1626059689999693],[115.84930701000008,-7.1625969559999589],[115.84928896200006,-7.1625971469999286],[115.84928886600005,-7.1625881329999288],[115.84927081700005,-7.1625883239999553],[115.84927072200003,-7.1625793109999449],[115.84925267300002,-7.1625795019999714],[115.84925257800001,-7.1625704879999716],[115.84923452900011,-7.1625706789999413],[115.8492344340001,-7.1625616659999309],[115.84922540900004,-7.1625617609999495],[115.84922531400002,-7.1625527479999391],[115.84920726500002,-7.1625529379999762],[115.84920717000011,-7.1625439249999658],[115.84919814500006,-7.1625440199999275],[115.84919805000004,-7.162535006999974],[115.84918000100004,-7.1625351979999436],[115.84917990600002,-7.1625261839999439],[115.84915283300006,-7.1625264709999783],[115.84915273700005,-7.1625174569999785],[115.84911664000003,-7.1625178389999746],[115.84911654500002,-7.1625088249999749],[115.84908947200006,-7.162509110999963],[115.84908937600005,-7.1625000979999527],[115.8490623030001,-7.1625003839999408],[115.84906220800008,-7.1624913709999305],[115.84903513500001,-7.1624916569999755],[115.84903503900011,-7.1624826429999757],[115.84899894200009,-7.1624830249999718],[115.84899884700008,-7.1624740109999721],[115.84896274900007,-7.1624743929999681],[115.84896265400005,-7.1624653799999578]]]},"properties":{"OBJECTID":19239,"FID_mangrove_utm":19182,"OBJECTID_1":19182,"Name":"18102566,9293","FolderPath":"JATIM/JATIM","SymbolID":0,"AltMode":0,"Base":0,"Clamped":-1,"Extruded":0,"Snippet":"","PopupInfo":"\u003chtml xmlns:fo=\"http://www.w3.org/1999/XSL/Format\" xmlns:msxsl=\"urn:schemas-microsoft-com:xslt\"\u003e\n\u003chead\u003e\n\u003cMETA http-equiv=\"Content-Type\" content=\"text/html\"\u003e\n\u003cmeta http-equiv=\"content-type\" content=\"text/html; charset=UTF-8\"\u003e\n\u003c/head\u003e\n\u003cbody style=\"margin:0px 0px 0px 0px;overflow:auto;background:#FFFFFF;\"\u003e\n\u003ctable style=\"font-family:Arial,Verdana,Times;font-size:12px;text-align:left;width:100%;border-collapse:collapse;padding:3px 3px 3px 3px\"\u003e\n\u003ctr style=\"text-align:center;font-weight:bold;background:#9CBCE2\"\u003e\n\u003ctd\u003e18102566,9293\u003c/td\u003e\n\u003c/tr\u003e\n\u003ctr\u003e\n\u003ctd\u003e\n\u003ctable style=\"font-family:Arial,Verdana,Times;font-size:12px;text-align:left;width:100%;border-spacing:0px; padding:3px 3px 3px 3px\"\u003e\n\u003ctr\u003e\n\u003ctd\u003eFID\u003c/td\u003e\n\u003ctd\u003e0\u003c/td\u003e\n\u003c/tr\u003e\n\u003ctr bgcolor=\"#D4E4F3\"\u003e\n\u003ctd\u003eShape_Leng\u003c/td\u003e\n\u003ctd\u003e18102566,9293\u003c/td\u003e\n\u003c/tr\u003e\n\u003c/table\u003e\n\u003c/td\u003e\n\u003c/tr\u003e\n\u003c/table\u003e\n\u003c/body\u003e\u003cscript type=\"text/javascript\"\u003e\n\t\t\t\tfunction changeImage(attElement, nameElement) {\n\t\t\t\tdocument.getElementById('imageAttachment').src = attElement;\n\t\t\t\tdocument.getElementById('imageName').innerHTML = nameElement;}\n\t\t\t\u003c/script\u003e\u003c/html\u003e\n","FID_active_grids":125,"GridID":"O62","Shape_Length":0.001991418591982261,"Shape_Area":8.9244711435906779e-08}},{"type":"Feature","id":19247,"geometry":{"type":"Polygon","coordinates":[[[115.88065446700011,-7.1620483429999808],[115.88065273100005,-7.1620483619999504],[115.88065447800011,-7.1620493959999294],[115.88065446700011,-7.1620483429999808]]]},"properties":{"OBJECTID":19247,"FID_mangrove_utm":19190,"OBJECTID_1":19190,"Name":"18102566,9293","FolderPath":"JATIM/JATIM","SymbolID":0,"AltMode":0,"Base":0,"Clamped":-1,"Extruded":0,"Snippet":"","PopupInfo":"\u003chtml xmlns:fo=\"http://www.w3.org/1999/XSL/Format\" xmlns:msxsl=\"urn:schemas-microsoft-com:xslt\"\u003e\n\u003chead\u003e\n\u003cMETA http-equiv=\"Content-Type\" content=\"text/html\"\u003e\n\u003cmeta http-equiv=\"content-type\" content=\"text/html; charset=UTF-8\"\u003e\n\u003c/head\u003e\n\u003cbody style=\"margin:0px 0px 0px 0px;overflow:auto;background:#FFFFFF;\"\u003e\n\u003ctable style=\"font-family:Arial,Verdana,Times;font-size:12px;text-align:left;width:100%;border-collapse:collapse;padding:3px 3px 3px 3px\"\u003e\n\u003ctr style=\"text-align:center;font-weight:bold;background:#9CBCE2\"\u003e\n\u003ctd\u003e18102566,9293\u003c/td\u003e\n\u003c/tr\u003e\n\u003ctr\u003e\n\u003ctd\u003e\n\u003ctable style=\"font-family:Arial,Verdana,Times;font-size:12px;text-align:left;width:100%;border-spacing:0px; padding:3px 3px 3px 3px\"\u003e\n\u003ctr\u003e\n\u003ctd\u003eFID\u003c/td\u003e\n\u003ctd\u003e0\u003c/td\u003e\n\u003c/tr\u003e\n\u003ctr bgcolor=\"#D4E4F3\"\u003e\n\u003ctd\u003eShape_Leng\u003c/td\u003e\n\u003ctd\u003e18102566,9293\u003c/td\u003e\n\u003c/tr\u003e\n\u003c/table\u003e\n\u003c/td\u003e\n\u003c/tr\u003e\n\u003c/table\u003e\n\u003c/body\u003e\u003cscript type=\"text/javascript\"\u003e\n\t\t\t\tfunction changeImage(attElement, nameElement) {\n\t\t\t\tdocument.getElementById('imageAttachment').src = attElement;\n\t\t\t\tdocument.getElementById('imageName').innerHTML = nameElement;}\n\t\t\t\u003c/script\u003e\u003c/html\u003e\n","FID_active_grids":125,"GridID":"O62","Shape_Length":4.819226738580313e-06,"Shape_Area":9.1410848589918778e-13}},{"type":"Feature","id":19259,"geometry":{"type":"Polygon","coordinates":[[[115.86907604100008,-7.1621082199999364],[115.86899482400008,-7.1621090819999722],[115.86899492000009,-7.1621180949999257],[115.86894980000011,-7.1621185729999297],[115.86894989600012,-7.16212758599994],[115.8689137990001,-7.1621279689999255],[115.86891389500011,-7.1621369819999359],[115.86890487100004,-7.1621370779999438],[115.86890496700005,-7.1621460909999541],[115.86888691900003,-7.1621462819999806],[115.86888701500004,-7.1621552959999804],[115.86887799100009,-7.162155390999942],[115.8688780870001,-7.1621644039999524],[115.86886906300003,-7.1621644999999603],[115.86886915800005,-7.1621735129999706],[115.8688601340001,-7.1621736089999786],[115.86886032600012,-7.1621916349999424],[115.86885130200005,-7.1621917309999503],[115.86885159000008,-7.1622187699999813],[115.86884256500002,-7.162218864999943],[115.86884285300005,-7.1622459049999634],[115.8688338290001,-7.1622459999999251],[115.86883430800003,-7.1622910659999661],[115.86882528400008,-7.1622911609999278],[115.86882595500003,-7.1623542529999327],[115.8688349790001,-7.1623541569999816],[115.86883536200003,-7.162390208999966],[115.86884438700008,-7.1623901129999581],[115.8688444820001,-7.1623991259999684],[115.86885350600005,-7.1623990309999499],[115.86885360200006,-7.1624080439999602],[115.86884457800011,-7.1624081389999787],[115.86884486600002,-7.1624351789999423],[115.86885389000008,-7.1624350829999344],[115.86885398600009,-7.1624440959999447],[115.86887203400011,-7.1624439039999288],[115.86887213000011,-7.1624529169999391],[115.86888115400006,-7.1624528219999775],[115.86888134500009,-7.1624708479999413],[115.86890841800005,-7.1624705609999637],[115.86890851300006,-7.162479573999974],[115.86892656200007,-7.1624793819999582],[115.86892665700009,-7.1624883949999685],[115.86898982600007,-7.1624877249999486],[115.86898973000007,-7.1624787119999382],[115.86899875400002,-7.1624786159999303],[115.86899885000003,-7.1624876289999406],[115.86900787400009,-7.162487533999979],[115.86900777800008,-7.1624785209999686],[115.8690258260001,-7.1624783289999527],[115.86902573000009,-7.1624693159999424],[115.8690437780001,-7.1624691249999728],[115.86904368300009,-7.1624601119999625],[115.86907075500005,-7.1624598239999386],[115.86907056300004,-7.1624417979999748],[115.8690795870001,-7.1624417029999563],[115.86907949100009,-7.162432689999946],[115.86910656300006,-7.162432401999979],[115.86910646800004,-7.1624233889999687],[115.86911549200011,-7.1624232939999501],[115.8691153960001,-7.1624142809999398],[115.86912442000005,-7.1624141849999319],[115.86912432400004,-7.1624051719999784],[115.86914237200006,-7.1624049799999625],[115.86914227600005,-7.1623959669999522],[115.86916032400006,-7.1623957759999257],[115.869159749,-7.1623416979999774],[115.86916877300007,-7.1623416019999695],[115.86916810200012,-7.1622785099999646],[115.86917712600007,-7.1622784149999461],[115.86917703100005,-7.1622694019999358],[115.86916800600011,-7.1622694969999543],[115.86916781500008,-7.1622514709999336],[115.86917683900003,-7.162251375999972],[115.86917626400009,-7.1621972969999774],[115.86916724000002,-7.1621973929999285],[115.86916714400002,-7.162188379999975],[115.86915812000007,-7.1621884759999261],[115.86915802400006,-7.1621794629999727],[115.86914900000011,-7.1621795579999343],[115.8691489040001,-7.1621705449999808],[115.86913988000003,-7.1621706409999319],[115.86913978400003,-7.1621616279999785],[115.86912173600001,-7.1621618199999375],[115.86912164000012,-7.1621528069999272],[115.86911261600005,-7.1621529019999457],[115.86911252000004,-7.1621438889999354],[115.86910349600009,-7.1621439849999433],[115.86910330500007,-7.1621259589999795],[115.86909428000001,-7.1621260549999306],[115.86909418500011,-7.1621170419999771],[115.86907613700009,-7.1621172329999467],[115.86907604100008,-7.1621082199999364]]]},"properties":{"OBJECTID":19259,"FID_mangrove_utm":19202,"OBJECTID_1":19202,"Name":"18102566,9293","FolderPath":"JATIM/JATIM","SymbolID":0,"AltMode":0,"Base":0,"Clamped":-1,"Extruded":0,"Snippet":"","PopupInfo":"\u003chtml xmlns:fo=\"http://www.w3.org/1999/XSL/Format\" xmlns:msxsl=\"urn:schemas-microsoft-com:xslt\"\u003e\n\u003chead\u003e\n\u003cMETA http-equiv=\"Content-Type\" content=\"text/html\"\u003e\n\u003cmeta http-equiv=\"content-type\" content=\"text/html; charset=UTF-8\"\u003e\n\u003c/head\u003e\n\u003cbody style=\"margin:0px 0px 0px 0px;overflow:auto;background:#FFFFFF;\"\u003e\n\u003ctable style=\"font-family:Arial,Verdana,Times;font-size:12px;text-align:left;width:100%;border-collapse:collapse;padding:3px 3px 3px 3px\"\u003e\n\u003ctr style=\"text-align:center;font-weight:bold;background:#9CBCE2\"\u003e\n\u003ctd\u003e18102566,9293\u003c/td\u003e\n\u003c/tr\u003e\n\u003ctr\u003e\n\u003ctd\u003e\n\u003ctable style=\"font-family:Arial,Verdana,Times;font-size:12px;text-align:left;width:100%;border-spacing:0px; padding:3px 3px 3px 3px\"\u003e\n\u003ctr\u003e\n\u003ctd\u003eFID\u003c/td\u003e\n\u003ctd\u003e0\u003c/td\u003e\n\u003c/tr\u003e\n\u003ctr bgcolor=\"#D4E4F3\"\u003e\n\u003ctd\u003eShape_Leng\u003c/td\u003e\n\u003ctd\u003e18102566,9293\u003c/td\u003e\n\u003c/tr\u003e\n\u003c/table\u003e\n\u003c/td\u003e\n\u003c/tr\u003e\n\u003c/table\u003e\n\u003c/body\u003e\u003cscript type=\"text/javascript\"\u003e\n\t\t\t\tfunction changeImage(attElement, nameElement) {\n\t\t\t\tdocument.getElementById('imageAttachment').src = attElement;\n\t\t\t\tdocument.getElementById('imageName').innerHTML = nameElement;}\n\t\t\t\u003c/script\u003e\u003c/html\u003e\n","FID_active_grids":125,"GridID":"O62","Shape_Length":0.0015151873708595528,"Shape_Area":1.0517697706011164e-07}},{"type":"Feature","id":19268,"geometry":{"type":"Polygon","coordinates":[[[115.86957540500009,-7.1620707439999478],[115.86958348200005,-7.1620307239999761],[115.86958062000008,-7.1620307549999325],[115.86958071600009,-7.1620397679999428],[115.86956266800007,-7.1620399589999693],[115.86956276400008,-7.1620489719999796],[115.86955374000001,-7.1620490679999307],[115.86955383600002,-7.162058080999941],[115.86954481200007,-7.162058176999949],[115.86954490800008,-7.1620671899999593],[115.86953588400002,-7.1620672849999778],[115.86953607500004,-7.1620853109999416],[115.86951802700003,-7.1620855029999575],[115.86951821900004,-7.1621035289999782],[115.86950919500009,-7.1621036249999293],[115.8695092910001,-7.1621126379999396],[115.86950026700003,-7.1621127329999581],[115.86950055400007,-7.1621397729999785],[115.86949153,-7.1621398679999402],[115.86949172200002,-7.1621578939999608],[115.86948269800007,-7.1621579899999688],[115.86948289000009,-7.1621760159999326],[115.86946484200007,-7.1621762079999485],[115.8694650330001,-7.1621942339999691],[115.86945600900003,-7.1621943299999771],[115.86945620100005,-7.1622123559999409],[115.8694471770001,-7.1622124509999594],[115.86944746400002,-7.1622394899999335],[115.86943844000007,-7.1622395859999415],[115.86943872800009,-7.1622666249999725],[115.86942970400003,-7.1622667209999804],[115.86942989600004,-7.1622847469999442],[115.86942087200009,-7.1622848429999522],[115.86942125500002,-7.1623208949999366],[115.86941223100007,-7.1623209909999446],[115.86941251900009,-7.1623480299999756],[115.86940349500003,-7.1623481259999267],[115.86940387800007,-7.162384177999968],[115.86942192600009,-7.1623839859999521],[115.86942230900002,-7.1624200379999365],[115.86943133400007,-7.1624199429999749],[115.8694316210001,-7.162446981999949],[115.86944064500005,-7.1624468859999411],[115.86944102900009,-7.1624829379999255],[115.86945005300004,-7.1624828429999639],[115.86945014900004,-7.1624918559999742],[115.86946819700006,-7.1624916639999583],[115.86946838800009,-7.1625096899999789],[115.86947741200004,-7.162509593999971],[115.86947750800005,-7.1625186069999813],[115.86949555600006,-7.1625184159999549],[115.86949565200007,-7.1625274289999652],[115.86951370000008,-7.1625272369999493],[115.86951379600009,-7.1625362509999491],[115.86952282000004,-7.1625361549999411],[115.86952291600005,-7.1625451679999514],[115.86953194000012,-7.1625450719999435],[115.86953203600001,-7.1625540849999538],[115.86954106000007,-7.1625539889999459],[115.86954115600008,-7.1625630019999562],[115.8695592040001,-7.1625628109999298],[115.86955930000011,-7.1625718239999401],[115.86956832400006,-7.1625717279999321],[115.86956842000006,-7.1625807409999425],[115.86958646800008,-7.1625805499999728],[115.86958656400009,-7.1625895629999263],[115.8696046120001,-7.1625893709999673],[115.86960480400001,-7.1626073969999311],[115.86961382800007,-7.1626073019999694],[115.86961392400008,-7.1626163149999797],[115.86963197200009,-7.1626161229999639],[115.86963206700011,-7.1626251359999742],[115.86965011600012,-7.1626249449999477],[115.86965021100002,-7.1626339579999581],[115.86965923600007,-7.1626338619999501],[115.86965933100009,-7.1626428749999604],[115.86968640400005,-7.162642587999926],[115.86968649900007,-7.1626516009999364],[115.86971357200002,-7.1626513139999588],[115.86971366700004,-7.1626603269999691],[115.86973171600005,-7.1626601349999532],[115.86973181100007,-7.1626691479999636],[115.86974348400008,-7.1626690239999675],[115.86967083200011,-7.1624703689999478],[115.86958611000011,-7.1622428809999406],[115.86957540500009,-7.1620707439999478]]]},"properties":{"OBJECTID":19268,"FID_mangrove_utm":19211,"OBJECTID_1":19211,"Name":"18102566,9293","FolderPath":"JATIM/JATIM","SymbolID":0,"AltMode":0,"Base":0,"Clamped":-1,"Extruded":0,"Snippet":"","PopupInfo":"\u003chtml xmlns:fo=\"http://www.w3.org/1999/XSL/Format\" xmlns:msxsl=\"urn:schemas-microsoft-com:xslt\"\u003e\n\u003chead\u003e\n\u003cMETA http-equiv=\"Content-Type\" content=\"text/html\"\u003e\n\u003cmeta http-equiv=\"content-type\" content=\"text/html; charset=UTF-8\"\u003e\n\u003c/head\u003e\n\u003cbody style=\"margin:0px 0px 0px 0px;overflow:auto;background:#FFFFFF;\"\u003e\n\u003ctable style=\"font-family:Arial,Verdana,Times;font-size:12px;text-align:left;width:100%;border-collapse:collapse;padding:3px 3px 3px 3px\"\u003e\n\u003ctr style=\"text-align:center;font-weight:bold;background:#9CBCE2\"\u003e\n\u003ctd\u003e18102566,9293\u003c/td\u003e\n\u003c/tr\u003e\n\u003ctr\u003e\n\u003ctd\u003e\n\u003ctable style=\"font-family:Arial,Verdana,Times;font-size:12px;text-align:left;width:100%;border-spacing:0px; padding:3px 3px 3px 3px\"\u003e\n\u003ctr\u003e\n\u003ctd\u003eFID\u003c/td\u003e\n\u003ctd\u003e0\u003c/td\u003e\n\u003c/tr\u003e\n\u003ctr bgcolor=\"#D4E4F3\"\u003e\n\u003ctd\u003eShape_Leng\u003c/td\u003e\n\u003ctd\u003e18102566,9293\u003c/td\u003e\n\u003c/tr\u003e\n\u003c/table\u003e\n\u003c/td\u003e\n\u003c/tr\u003e\n\u003c/table\u003e\n\u003c/body\u003e\u003cscript type=\"text/javascript\"\u003e\n\t\t\t\tfunction changeImage(attElement, nameElement) {\n\t\t\t\tdocument.getElementById('imageAttachment').src = attElement;\n\t\t\t\tdocument.getElementById('imageName').innerHTML = nameElement;}\n\t\t\t\u003c/script\u003e\u003c/html\u003e\n","FID_active_grids":125,"GridID":"O62","Shape_Length":0.0018274473774960486,"Shape_Area":9.1959773257921964e-08}},{"type":"Feature","id":19273,"geometry":{"type":"Polygon","coordinates":[[[115.88037280500009,-7.1618710599999531],[115.88025549500003,-7.1618723079999427],[115.88025559100004,-7.1618813199999636],[115.88021949500001,-7.1618817039999385],[115.88021959100001,-7.1618907169999488],[115.88018349600009,-7.1618911009999806],[115.88018359200009,-7.1619001139999341],[115.88016554400008,-7.16190030599995],[115.88016564000009,-7.1619093189999603],[115.88015661600002,-7.1619094139999788],[115.88015671200003,-7.1619184269999323],[115.88008452100007,-7.161919194999939],[115.88008461700008,-7.1619282079999493],[115.88003047400002,-7.1619287829999507],[115.88003053500006,-7.1619345319999752],[115.88023815600002,-7.1619400389999441],[115.88062468200008,-7.1620317559999762],[115.88062723200005,-7.1620332659999804],[115.88062710700001,-7.1620215929999631],[115.8806090600001,-7.162021784999979],[115.88060896400009,-7.1620127719999687],[115.88059091600007,-7.1620129639999277],[115.88059082000007,-7.1620039509999742],[115.88057277200005,-7.1620041429999333],[115.88057267600004,-7.1619951299999798],[115.88056365200009,-7.1619952259999309],[115.88056355600008,-7.1619862129999774],[115.88055453200002,-7.1619863089999285],[115.88055443600001,-7.161977295999975],[115.88054541200006,-7.1619773919999261],[115.88054531600005,-7.1619683789999726],[115.88051824400009,-7.1619686669999396],[115.88051814800008,-7.1619596539999293],[115.88050912400001,-7.1619597499999372],[115.88050902800001,-7.1619507369999269],[115.88050000400006,-7.1619508329999348],[115.88049971600003,-7.1619237939999607],[115.88048166800002,-7.1619239859999766],[115.88048157200001,-7.1619149729999663],[115.88046352400011,-7.1619151649999253],[115.88046333200009,-7.1618971389999615],[115.88045430800003,-7.1618972349999694],[115.88045421200002,-7.1618882219999591],[115.88044518800007,-7.1618883179999671],[115.88044509200006,-7.1618793049999567],[115.8803729010001,-7.1618800729999634],[115.88037280500009,-7.1618710599999531]]]},"properties":{"OBJECTID":19273,"FID_mangrove_utm":19216,"OBJECTID_1":19216,"Name":"18102566,9293","FolderPath":"JATIM/JATIM","SymbolID":0,"AltMode":0,"Base":0,"Clamped":-1,"Extruded":0,"Snippet":"","PopupInfo":"\u003chtml xmlns:fo=\"http://www.w3.org/1999/XSL/Format\" xmlns:msxsl=\"urn:schemas-microsoft-com:xslt\"\u003e\n\u003chead\u003e\n\u003cMETA http-equiv=\"Content-Type\" content=\"text/html\"\u003e\n\u003cmeta http-equiv=\"content-type\" content=\"text/html; charset=UTF-8\"\u003e\n\u003c/head\u003e\n\u003cbody style=\"margin:0px 0px 0px 0px;overflow:auto;background:#FFFFFF;\"\u003e\n\u003ctable style=\"font-family:Arial,Verdana,Times;font-size:12px;text-align:left;width:100%;border-collapse:collapse;padding:3px 3px 3px 3px\"\u003e\n\u003ctr style=\"text-align:center;font-weight:bold;background:#9CBCE2\"\u003e\n\u003ctd\u003e18102566,9293\u003c/td\u003e\n\u003c/tr\u003e\n\u003ctr\u003e\n\u003ctd\u003e\n\u003ctable style=\"font-family:Arial,Verdana,Times;font-size:12px;text-align:left;width:100%;border-spacing:0px; padding:3px 3px 3px 3px\"\u003e\n\u003ctr\u003e\n\u003ctd\u003eFID\u003c/td\u003e\n\u003ctd\u003e0\u003c/td\u003e\n\u003c/tr\u003e\n\u003ctr bgcolor=\"#D4E4F3\"\u003e\n\u003ctd\u003eShape_Leng\u003c/td\u003e\n\u003ctd\u003e18102566,9293\u003c/td\u003e\n\u003c/tr\u003e\n\u003c/table\u003e\n\u003c/td\u003e\n\u003c/tr\u003e\n\u003c/table\u003e\n\u003c/body\u003e\u003cscript type=\"text/javascript\"\u003e\n\t\t\t\tfunction changeImage(attElement, nameElement) {\n\t\t\t\tdocument.getElementById('imageAttachment').src = attElement;\n\t\t\t\tdocument.getElementById('imageName').innerHTML = nameElement;}\n\t\t\t\u003c/script\u003e\u003c/html\u003e\n","FID_active_grids":125,"GridID":"O62","Shape_Length":0.0014282595501527164,"Shape_Area":3.2115547630237484e-08}},{"type":"Feature","id":19276,"geometry":{"type":"Polygon","coordinates":[[[115.86960718400007,-7.1619132899999727],[115.86960644600003,-7.1619132979999449],[115.8696064830001,-7.1619167619999757],[115.86960718400007,-7.1619132899999727]]]},"properties":{"OBJECTID":19276,"FID_mangrove_utm":19219,"OBJECTID_1":19219,"Name":"18102566,9293","FolderPath":"JATIM/JATIM","SymbolID":0,"AltMode":0,"Base":0,"Clamped":-1,"Extruded":0,"Snippet":"","PopupInfo":"\u003chtml xmlns:fo=\"http://www.w3.org/1999/XSL/Format\" xmlns:msxsl=\"urn:schemas-microsoft-com:xslt\"\u003e\n\u003chead\u003e\n\u003cMETA http-equiv=\"Content-Type\" content=\"text/html\"\u003e\n\u003cmeta http-equiv=\"content-type\" content=\"text/html; charset=UTF-8\"\u003e\n\u003c/head\u003e\n\u003cbody style=\"margin:0px 0px 0px 0px;overflow:auto;background:#FFFFFF;\"\u003e\n\u003ctable style=\"font-family:Arial,Verdana,Times;font-size:12px;text-align:left;width:100%;border-collapse:collapse;padding:3px 3px 3px 3px\"\u003e\n\u003ctr style=\"text-align:center;font-weight:bold;background:#9CBCE2\"\u003e\n\u003ctd\u003e18102566,9293\u003c/td\u003e\n\u003c/tr\u003e\n\u003ctr\u003e\n\u003ctd\u003e\n\u003ctable style=\"font-family:Arial,Verdana,Times;font-size:12px;text-align:left;width:100%;border-spacing:0px; padding:3px 3px 3px 3px\"\u003e\n\u003ctr\u003e\n\u003ctd\u003eFID\u003c/td\u003e\n\u003ctd\u003e0\u003c/td\u003e\n\u003c/tr\u003e\n\u003ctr bgcolor=\"#D4E4F3\"\u003e\n\u003ctd\u003eShape_Leng\u003c/td\u003e\n\u003ctd\u003e18102566,9293\u003c/td\u003e\n\u003c/tr\u003e\n\u003c/table\u003e\n\u003c/td\u003e\n\u003c/tr\u003e\n\u003c/table\u003e\n\u003c/body\u003e\u003cscript type=\"text/javascript\"\u003e\n\t\t\t\tfunction changeImage(attElement, nameElement) {\n\t\t\t\tdocument.getElementById('imageAttachment').src = attElement;\n\t\t\t\tdocument.getElementById('imageName').innerHTML = nameElement;}\n\t\t\t\u003c/script\u003e\u003c/html\u003e\n","FID_active_grids":125,"GridID":"O62","Shape_Length":7.7443004558927915e-06,"Shape_Area":1.2783640799521083e-12}},{"type":"Feature","id":19310,"geometry":{"type":"Polygon","coordinates":[[[115.84598696600005,-7.1618658019999657],[115.84585160000006,-7.1618672309999738],[115.84585169600007,-7.1618762449999736],[115.84577950100004,-7.16187700699993],[115.84577959600006,-7.1618860199999403],[115.8457525230001,-7.1618863059999285],[115.84575261800001,-7.1618953189999388],[115.84572554500005,-7.1618956049999269],[115.84572564100006,-7.1619046189999267],[115.8456805190001,-7.1619050949999519],[115.84568061400012,-7.1619141079999622],[115.84560841900009,-7.1619148699999755],[115.84560851500009,-7.1619238839999753],[115.84555436900007,-7.1619244549999621],[115.84555446400009,-7.1619334689999619],[115.84551836700007,-7.1619338499999685],[115.84551846200009,-7.1619428629999788],[115.84543724300011,-7.1619437209999433],[115.84543733800001,-7.1619527339999536],[115.84536514300009,-7.1619534959999669],[115.84536495200007,-7.1619354689999568],[115.84531080600004,-7.1619360409999331],[115.84531071100002,-7.1619270279999796],[115.84529266200002,-7.1619272179999598],[115.84529256700012,-7.1619182049999495],[115.84526549400005,-7.1619184899999482],[115.84526539800004,-7.1619094769999379],[115.84522930100002,-7.1619098579999445],[115.84522920500001,-7.1619008449999342],[115.84515701000009,-7.1619016069999475],[115.8451571060001,-7.1619106199999578],[115.8451390570001,-7.1619108109999274],[115.84513896200008,-7.1619017969999277],[115.84509384000012,-7.1619022739999423],[115.84509393500002,-7.1619112869999526],[115.84502174000011,-7.1619120489999659],[115.84502183600011,-7.1619210619999762],[115.84499476300005,-7.1619213479999644],[115.84499485800006,-7.1619303619999641],[115.8449497360001,-7.1619308379999325],[115.84494983100001,-7.1619398509999428],[115.84487763600009,-7.1619406129999561],[115.8448777320001,-7.1619496269999559],[115.84485065900003,-7.1619499119999546],[115.84485056300002,-7.1619408989999442],[115.84482349000007,-7.1619411849999324],[115.84482358600008,-7.1619501979999427],[115.84470626900008,-7.1619514359999812],[115.8447063640001,-7.1619604499999809],[115.84467929100003,-7.1619607359999691],[115.84467910000001,-7.161942708999959],[115.84457080800007,-7.161943851999979],[115.84457090300009,-7.1619528649999324],[115.84448065900006,-7.1619538179999722],[115.84448075500006,-7.1619628309999257],[115.84421904800001,-7.161965592999934],[115.84421914300003,-7.1619746059999443],[115.84416499700001,-7.1619751779999774],[115.84416509200003,-7.1619841909999309],[115.84411094600011,-7.161984762999964],[115.84411104100002,-7.1619937759999743],[115.84406591900006,-7.1619942519999427],[115.84406601500007,-7.1620032659999424],[115.84402089300011,-7.1620037419999676],[115.84402098800001,-7.1620127549999779],[115.84399391500006,-7.1620130409999661],[115.84399401000007,-7.1620220539999764],[115.84397596100007,-7.162022244999946],[115.84397605700008,-7.1620312579999563],[115.84396703200002,-7.1620313529999748],[115.843966937,-7.1620223399999645],[115.84390376600004,-7.1620230069999593],[115.84390386200005,-7.1620320199999696],[115.84384069100008,-7.1620326869999644],[115.8438407860001,-7.1620416999999748],[115.84378664000008,-7.162042271999951],[115.84378673500009,-7.1620512849999614],[115.84375966200002,-7.1620515709999495],[115.84375975800003,-7.1620605839999598],[115.84374170900003,-7.16206077399994],[115.84374180400005,-7.1620697879999398],[115.8437327800001,-7.1620698829999583],[115.84373287500011,-7.1620788959999686],[115.84372385100005,-7.1620789919999766],[115.84372394600007,-7.16208800499993],[115.84370589700006,-7.1620881959999565],[115.84370599300007,-7.1620972089999668],[115.84368794400007,-7.162097398999947],[115.84368803900009,-7.1621064129999468],[115.84367901500002,-7.1621065079999653],[115.84367911000004,-7.1621155209999756],[115.84366106100003,-7.1621157119999452],[115.84366115700004,-7.1621247249999556],[115.8436521320001,-7.1621248199999741],[115.84365222800011,-7.1621338339999738],[115.84364320300006,-7.1621339289999355],[115.84364329900006,-7.1621429419999458],[115.84363427400001,-7.1621430379999538],[115.84363437000002,-7.1621520509999641],[115.84362534500008,-7.1621521459999258],[115.8436254400001,-7.1621611599999255],[115.84361641600003,-7.162161254999944],[115.84361651100005,-7.1621702679999544],[115.8436074870001,-7.1621703639999623],[115.84360758200012,-7.1621793769999726],[115.84359855800005,-7.1621794719999343],[115.84359865300007,-7.1621884859999341],[115.84358060500006,-7.1621886759999711],[115.84358070000008,-7.1621976889999814],[115.84356265100007,-7.1621978799999511],[115.84356274600009,-7.1622068929999614],[115.84355372200002,-7.1622069879999799],[115.84355381700004,-7.1622160019999797],[115.84353576900003,-7.1622161919999598],[115.84353586400005,-7.1622252059999596],[115.8435268400001,-7.1622253009999781],[115.84352693500011,-7.1622343139999316],[115.84350888600011,-7.1622345049999581],[115.84350898100001,-7.1622435179999684],[115.84349995700006,-7.1622436129999301],[115.84350005200008,-7.1622526269999298],[115.84349102800002,-7.1622527219999483],[115.84349112300004,-7.1622617349999587],[115.84348209900008,-7.1622618309999666],[115.8434821940001,-7.1622708439999769],[115.84346414600009,-7.1622710349999466],[115.84346424100011,-7.1622800479999569],[115.84345521600005,-7.1622801429999754],[115.84345531200006,-7.1622891569999751],[115.84344628700001,-7.1622892519999368],[115.84344647800003,-7.1623072789999469],[115.84343745400008,-7.1623073739999654],[115.8434375490001,-7.1623163869999757],[115.84342852500004,-7.1623164819999374],[115.84342881100008,-7.1623435229999473],[115.84341978600003,-7.1623436179999658],[115.84341997700005,-7.1623616449999759],[115.8434109530001,-7.1623617399999375],[115.84341104800001,-7.1623707529999479],[115.84340202400006,-7.1623708479999664],[115.84340211900007,-7.1623798619999661],[115.84339309400002,-7.1623799569999278],[115.84339328500005,-7.1623979839999379],[115.8433842610001,-7.1623980789999564],[115.84338445100002,-7.1624161059999665],[115.84337542700007,-7.1624162009999282],[115.84337580800002,-7.1624522549999483],[115.84336678400007,-7.1624523499999668],[115.84336697500009,-7.1624703769999769],[115.84335795000004,-7.1624704719999386],[115.84335842700011,-7.1625155389999691],[115.84334940300005,-7.1625156339999307],[115.84334978400011,-7.1625516879999509],[115.84334076000005,-7.1625517829999694],[115.84334123600001,-7.1625968499999431],[115.84333221200006,-7.1625969449999616],[115.84333240300009,-7.1626149719999717],[115.84332337800004,-7.1626150669999333],[115.84332347400004,-7.1626240799999437],[115.8433144490001,-7.1626241759999516],[115.84331464000002,-7.1626422019999723],[115.84330561500008,-7.1626422979999802],[115.84330597900009,-7.1626766269999393],[115.84345900800008,-7.1624819389999743],[115.84360073500011,-7.1622248459999582],[115.84369836400003,-7.1621402129999296],[115.84582630000011,-7.1619807639999635],[115.84664200800012,-7.1619909939999502],[115.84733442400011,-7.1622306079999589],[115.84770296000011,-7.1624074659999337],[115.84795636500007,-7.16255353899993],[115.84828870600006,-7.1625901139999542],[115.84835925700008,-7.1625882139999248],[115.8483591690001,-7.1625799269999675],[115.8483411200001,-7.1625801169999477],[115.84834102500008,-7.1625711039999373],[115.84830492700007,-7.162571484999944],[115.84830483200005,-7.1625624719999337],[115.8482777590001,-7.1625627579999787],[115.84827766400008,-7.1625537449999683],[115.84825961500007,-7.1625539349999485],[115.84825951900007,-7.1625449219999382],[115.8482143980001,-7.1625453989999528],[115.84821430200009,-7.162536384999953],[115.84820527800002,-7.162536480999961],[115.84820518300012,-7.1625274669999612],[115.84816908500011,-7.1625278489999573],[115.84816899000009,-7.1625188349999576],[115.84810581900001,-7.1625195029999418],[115.84810572400011,-7.162510488999942],[115.84801548000007,-7.1625114429999712],[115.84801538500005,-7.1625024289999715],[115.8480063610001,-7.1625025249999794],[115.84800607400007,-7.162475484999959],[115.84799705000012,-7.1624755799999775],[115.84799676400007,-7.1624485399999571],[115.84798773900002,-7.1624486349999756],[115.84798745300009,-7.1624215949999552],[115.84797842900002,-7.1624216909999632],[115.84797833300001,-7.1624126769999634],[115.84796028500011,-7.162412867999933],[115.8479601890001,-7.1624038549999796],[115.84795116500004,-7.1624039499999412],[115.84795106900003,-7.1623949369999309],[115.84794204500008,-7.1623950319999494],[115.84794195000006,-7.1623860189999391],[115.84793292500001,-7.1623861139999576],[115.8479328300001,-7.1623771009999473],[115.84792380600004,-7.1623771959999658],[115.84792371000003,-7.1623681829999555],[115.84791468600008,-7.162368277999974],[115.84791449500005,-7.1623502509999639],[115.8479054710001,-7.1623503469999719],[115.8479053750001,-7.1623413329999721],[115.84788732600009,-7.1623415239999417],[115.84788723100007,-7.1623325109999314],[115.84786015800012,-7.1623327969999764],[115.8478600630001,-7.1623237829999766],[115.84783298900004,-7.1623240689999648],[115.84783289400002,-7.1623150559999544],[115.84780582100007,-7.1623153419999426],[115.84780572600005,-7.1623063279999428],[115.84778767700004,-7.1623065189999693],[115.84778758100003,-7.162297505999959],[115.84776050800008,-7.1622977919999471],[115.84776041300006,-7.1622887779999473],[115.8477333400001,-7.1622890639999355],[115.84773324500009,-7.1622800509999252],[115.84771519600008,-7.1622802419999516],[115.84771510000007,-7.1622712279999519],[115.84768802700012,-7.16227151399994],[115.8476879320001,-7.1622625009999297],[115.84767890800003,-7.1622625959999482],[115.84767881200003,-7.1622535829999379],[115.84766076400001,-7.1622537729999749],[115.84766066800012,-7.1622447599999646],[115.84764261900011,-7.1622449509999342],[115.84764252400009,-7.1622359369999344],[115.84763350000003,-7.1622360329999424],[115.84763340400002,-7.1622270189999426],[115.84762438000007,-7.1622271149999506],[115.84762428400006,-7.1622181009999508],[115.84761526000011,-7.1622181969999588],[115.84761516500009,-7.162209182999959],[115.84759711600009,-7.1622093739999286],[115.84759702100007,-7.1622003609999751],[115.84757897200006,-7.1622005509999553],[115.84757878100004,-7.1621825249999347],[115.84756073200003,-7.1621827149999717],[115.84756063700002,-7.1621737019999614],[115.84755161300006,-7.1621737969999799],[115.84755151700006,-7.1621647839999696],[115.84751542000004,-7.1621651649999762],[115.84751532400003,-7.1621561519999659],[115.84749727600001,-7.1621563419999461],[115.84749718,-7.1621473289999358],[115.8474791320001,-7.1621475199999622],[115.8474790360001,-7.1621385059999625],[115.84746098800008,-7.1621386969999321],[115.84746089200007,-7.1621296839999786],[115.84745186800001,-7.1621297789999403],[115.84745177200011,-7.16212076599993],[115.84742469900004,-7.162121051999975],[115.84742460400003,-7.1621120379999752],[115.84740655500002,-7.1621122289999448],[115.84740636400011,-7.1620942019999347],[115.84739734000004,-7.1620942969999533],[115.84739724500002,-7.1620852839999429],[115.84738822000008,-7.1620853789999614],[115.84738812500007,-7.1620763659999511],[115.84735202700006,-7.1620767469999578],[115.84735193200004,-7.1620677339999474],[115.84729778600001,-7.1620683059999806],[115.84729769100011,-7.1620592919999808],[115.8472796420001,-7.1620594829999504],[115.8472795460001,-7.1620504699999401],[115.84725247300003,-7.1620507559999282],[115.84725237800001,-7.1620417419999285],[115.84720725600005,-7.1620422189999431],[115.84720716100003,-7.1620332049999433],[115.84719813700008,-7.1620333009999513],[115.84719804100007,-7.1620242869999515],[115.84716194400005,-7.1620246689999476],[115.84716184800004,-7.1620156549999479],[115.84712575100002,-7.1620160359999545],[115.84712565600012,-7.1620070229999442],[115.84709858300005,-7.1620073089999323],[115.84709848700004,-7.1619982959999788],[115.84708946300009,-7.1619983909999405],[115.84708936700008,-7.1619893779999302],[115.84705327000006,-7.1619897589999368],[115.84705317500004,-7.1619807449999371],[115.84701707700003,-7.1619811269999332],[115.84701698200001,-7.1619721129999334],[115.84699893300001,-7.1619723039999599],[115.8469988380001,-7.1619632909999495],[115.84695371600003,-7.1619637669999747],[115.84695362100001,-7.1619547539999644],[115.84692654700007,-7.1619550399999525],[115.84692645200005,-7.1619460259999528],[115.84689937900009,-7.1619463119999409],[115.84689928400007,-7.1619372989999306],[115.84685416200011,-7.1619377749999558],[115.84685406700009,-7.1619287619999454],[115.84675479900011,-7.1619298099999469],[115.8467547030001,-7.1619207969999366],[115.84673665500009,-7.1619209869999736],[115.84673655900008,-7.1619119739999633],[115.8466553400001,-7.1619128319999277],[115.84665524500008,-7.1619038179999279],[115.84656500100004,-7.1619047709999677],[115.84656490600003,-7.1618957579999574],[115.84643856500008,-7.161897091999947],[115.84643846900008,-7.1618880779999472],[115.84633920200008,-7.1618891269999381],[115.8463392970001,-7.1618981399999484],[115.84610466400011,-7.1619006169999579],[115.8461045680001,-7.1618916039999476],[115.84607749500003,-7.1618918899999358],[115.84607740000001,-7.161882875999936],[115.84604130300011,-7.1618832569999427],[115.8460412070001,-7.1618742439999323],[115.84598706100007,-7.1618748159999654],[115.84598696600005,-7.1618658019999657]]]},"properties":{"OBJECTID":19310,"FID_mangrove_utm":19253,"OBJECTID_1":19253,"Name":"18102566,9293","FolderPath":"JATIM/JATIM","SymbolID":0,"AltMode":0,"Base":0,"Clamped":-1,"Extruded":0,"Snippet":"","PopupInfo":"\u003chtml xmlns:fo=\"http://www.w3.org/1999/XSL/Format\" xmlns:msxsl=\"urn:schemas-microsoft-com:xslt\"\u003e\n\u003chead\u003e\n\u003cMETA http-equiv=\"Content-Type\" content=\"text/html\"\u003e\n\u003cmeta http-equiv=\"content-type\" content=\"text/html; charset=UTF-8\"\u003e\n\u003c/head\u003e\n\u003cbody style=\"margin:0px 0px 0px 0px;overflow:auto;background:#FFFFFF;\"\u003e\n\u003ctable style=\"font-family:Arial,Verdana,Times;font-size:12px;text-align:left;width:100%;border-collapse:collapse;padding:3px 3px 3px 3px\"\u003e\n\u003ctr style=\"text-align:center;font-weight:bold;background:#9CBCE2\"\u003e\n\u003ctd\u003e18102566,9293\u003c/td\u003e\n\u003c/tr\u003e\n\u003ctr\u003e\n\u003ctd\u003e\n\u003ctable style=\"font-family:Arial,Verdana,Times;font-size:12px;text-align:left;width:100%;border-spacing:0px; padding:3px 3px 3px 3px\"\u003e\n\u003ctr\u003e\n\u003ctd\u003eFID\u003c/td\u003e\n\u003ctd\u003e0\u003c/td\u003e\n\u003c/tr\u003e\n\u003ctr bgcolor=\"#D4E4F3\"\u003e\n\u003ctd\u003eShape_Leng\u003c/td\u003e\n\u003ctd\u003e18102566,9293\u003c/td\u003e\n\u003c/tr\u003e\n\u003c/table\u003e\n\u003c/td\u003e\n\u003c/tr\u003e\n\u003c/table\u003e\n\u003c/body\u003e\u003cscript type=\"text/javascript\"\u003e\n\t\t\t\tfunction changeImage(attElement, nameElement) {\n\t\t\t\tdocument.getElementById('imageAttachment').src = attElement;\n\t\t\t\tdocument.getElementById('imageName').innerHTML = nameElement;}\n\t\t\t\u003c/script\u003e\u003c/html\u003e\n","FID_active_grids":125,"GridID":"O62","Shape_Length":0.012259138667910697,"Shape_Area":5.5748480664438053e-07}},{"type":"Feature","id":19322,"geometry":{"type":"Polygon","coordinates":[[[115.8509484330001,-7.161633108999979],[115.85095745700005,-7.1616330139999604],[115.85095736200003,-7.1616239999999607],[115.85094833800008,-7.1616240959999686],[115.8509484330001,-7.161633108999979]]]},"properties":{"OBJECTID":19322,"FID_mangrove_utm":19265,"OBJECTID_1":19265,"Name":"18102566,9293","FolderPath":"JATIM/JATIM","SymbolID":0,"AltMode":0,"Base":0,"Clamped":-1,"Extruded":0,"Snippet":"","PopupInfo":"\u003chtml xmlns:fo=\"http://www.w3.org/1999/XSL/Format\" xmlns:msxsl=\"urn:schemas-microsoft-com:xslt\"\u003e\n\u003chead\u003e\n\u003cMETA http-equiv=\"Content-Type\" content=\"text/html\"\u003e\n\u003cmeta http-equiv=\"content-type\" content=\"text/html; charset=UTF-8\"\u003e\n\u003c/head\u003e\n\u003cbody style=\"margin:0px 0px 0px 0px;overflow:auto;background:#FFFFFF;\"\u003e\n\u003ctable style=\"font-family:Arial,Verdana,Times;font-size:12px;text-align:left;width:100%;border-collapse:collapse;padding:3px 3px 3px 3px\"\u003e\n\u003ctr style=\"text-align:center;font-weight:bold;background:#9CBCE2\"\u003e\n\u003ctd\u003e18102566,9293\u003c/td\u003e\n\u003c/tr\u003e\n\u003ctr\u003e\n\u003ctd\u003e\n\u003ctable style=\"font-family:Arial,Verdana,Times;font-size:12px;text-align:left;width:100%;border-spacing:0px; padding:3px 3px 3px 3px\"\u003e\n\u003ctr\u003e\n\u003ctd\u003eFID\u003c/td\u003e\n\u003ctd\u003e0\u003c/td\u003e\n\u003c/tr\u003e\n\u003ctr bgcolor=\"#D4E4F3\"\u003e\n\u003ctd\u003eShape_Leng\u003c/td\u003e\n\u003ctd\u003e18102566,9293\u003c/td\u003e\n\u003c/tr\u003e\n\u003c/table\u003e\n\u003c/td\u003e\n\u003c/tr\u003e\n\u003c/table\u003e\n\u003c/body\u003e\u003cscript type=\"text/javascript\"\u003e\n\t\t\t\tfunction changeImage(attElement, nameElement) {\n\t\t\t\tdocument.getElementById('imageAttachment').src = attElement;\n\t\t\t\tdocument.getElementById('imageName').innerHTML = nameElement;}\n\t\t\t\u003c/script\u003e\u003c/html\u003e\n","FID_active_grids":125,"GridID":"O62","Shape_Length":3.6077011825902454e-05,"Shape_Area":8.134689610540972e-11}},{"type":"Feature","id":19326,"geometry":{"type":"Polygon","coordinates":[[[115.85084888000006,-7.1616071179999494],[115.85084878400005,-7.1615981049999391],[115.8508397600001,-7.1615981999999576],[115.85083985500012,-7.1616072139999574],[115.85084888000006,-7.1616071179999494]]]},"properties":{"OBJECTID":19326,"FID_mangrove_utm":19269,"OBJECTID_1":19269,"Name":"18102566,9293","FolderPath":"JATIM/JATIM","SymbolID":0,"AltMode":0,"Base":0,"Clamped":-1,"Extruded":0,"Snippet":"","PopupInfo":"\u003chtml xmlns:fo=\"http://www.w3.org/1999/XSL/Format\" xmlns:msxsl=\"urn:schemas-microsoft-com:xslt\"\u003e\n\u003chead\u003e\n\u003cMETA http-equiv=\"Content-Type\" content=\"text/html\"\u003e\n\u003cmeta http-equiv=\"content-type\" content=\"text/html; charset=UTF-8\"\u003e\n\u003c/head\u003e\n\u003cbody style=\"margin:0px 0px 0px 0px;overflow:auto;background:#FFFFFF;\"\u003e\n\u003ctable style=\"font-family:Arial,Verdana,Times;font-size:12px;text-align:left;width:100%;border-collapse:collapse;padding:3px 3px 3px 3px\"\u003e\n\u003ctr style=\"text-align:center;font-weight:bold;background:#9CBCE2\"\u003e\n\u003ctd\u003e18102566,9293\u003c/td\u003e\n\u003c/tr\u003e\n\u003ctr\u003e\n\u003ctd\u003e\n\u003ctable style=\"font-family:Arial,Verdana,Times;font-size:12px;text-align:left;width:100%;border-spacing:0px; padding:3px 3px 3px 3px\"\u003e\n\u003ctr\u003e\n\u003ctd\u003eFID\u003c/td\u003e\n\u003ctd\u003e0\u003c/td\u003e\n\u003c/tr\u003e\n\u003ctr bgcolor=\"#D4E4F3\"\u003e\n\u003ctd\u003eShape_Leng\u003c/td\u003e\n\u003ctd\u003e18102566,9293\u003c/td\u003e\n\u003c/tr\u003e\n\u003c/table\u003e\n\u003c/td\u003e\n\u003c/tr\u003e\n\u003c/table\u003e\n\u003c/body\u003e\u003cscript type=\"text/javascript\"\u003e\n\t\t\t\tfunction changeImage(attElement, nameElement) {\n\t\t\t\tdocument.getElementById('imageAttachment').src = attElement;\n\t\t\t\tdocument.getElementById('imageName').innerHTML = nameElement;}\n\t\t\t\u003c/script\u003e\u003c/html\u003e\n","FID_active_grids":125,"GridID":"O62","Shape_Length":3.6078022353852726e-05,"Shape_Area":8.1351450557253205e-11}},{"type":"Feature","id":19327,"geometry":{"type":"Polygon","coordinates":[[[115.8509484330001,-7.161633108999979],[115.85091233600008,-7.161633490999975],[115.85091214500005,-7.161615463999965],[115.85093019400006,-7.1616152729999385],[115.85093009800005,-7.1616062599999282],[115.85090302500009,-7.1616065459999732],[115.8509031210001,-7.1616155589999266],[115.85089409600005,-7.1616156549999346],[115.85089419200006,-7.1616246679999449],[115.8508851680001,-7.1616247629999634],[115.8508850720001,-7.1616157499999531],[115.85081287800006,-7.1616165129999558],[115.85081278200005,-7.1616074999999455],[115.85083083100005,-7.1616073089999759],[115.85083064000003,-7.1615892819999658],[115.85080356700007,-7.1615895689999434],[115.85080366300008,-7.1615985819999537],[115.85079463800002,-7.1615986769999722],[115.85079444700011,-7.1615806509999516],[115.8507763990001,-7.1615808409999318],[115.85077649400012,-7.1615898549999315],[115.85076747000005,-7.16158994999995],[115.85076756600006,-7.1615989629999603],[115.850758541,-7.1615990589999683],[115.8507584460001,-7.1615900449999685],[115.85074942100005,-7.1615901409999765],[115.85074951700005,-7.16159915399993],[115.8507404930001,-7.1615992489999485],[115.85074058800001,-7.1616082629999482],[115.85072254000011,-7.1616084529999284],[115.8507224440001,-7.1615994399999749],[115.85071342000003,-7.1615995349999366],[115.85071361100006,-7.1616175619999467],[115.85070458600001,-7.1616176569999652],[115.85070468200001,-7.161626670999965],[115.85069565800006,-7.1616267659999266],[115.85069584900009,-7.1616447929999367],[115.85070487300004,-7.1616446969999288],[115.85070506400007,-7.1616627239999389],[115.85069604000012,-7.1616628189999574],[115.85069613500002,-7.1616718319999677],[115.85073223200004,-7.1616714509999611],[115.85073232800005,-7.1616804639999714],[115.85072330300011,-7.1616805599999793],[115.85072349400002,-7.1616985859999431],[115.85070544600001,-7.1616987769999696],[115.85070535000011,-7.1616897639999593],[115.85069632600005,-7.1616898589999778],[115.85069661200009,-7.1617168989999413],[115.85068758800003,-7.1617169939999599],[115.85068768400004,-7.1617260079999596],[115.8506786590001,-7.1617261029999781],[115.85067856400008,-7.1617170899999678],[115.85068758800003,-7.1617169939999599],[115.85068739700012,-7.1616989679999392],[115.85067837300005,-7.1616990629999577],[115.85067827700004,-7.1616900499999474],[115.85066925300009,-7.1616901449999659],[115.8506693490001,-7.1616991579999763],[115.85064227600003,-7.1616994449999538],[115.85064237100005,-7.1617084579999641],[115.8506513960001,-7.1617083619999562],[115.85065158600003,-7.1617263889999663],[115.85061548900001,-7.1617267709999624],[115.85061577600004,-7.1617538099999365],[115.8506067510001,-7.1617539059999444],[115.85060684700011,-7.1617629189999548],[115.85059782300004,-7.1617630139999733],[115.85059791800006,-7.161772027999973],[115.85058889400011,-7.1617721229999347],[115.85058918000004,-7.1617991629999551],[115.85057113200003,-7.1617993539999816],[115.85057122700005,-7.1618083669999351],[115.85056220300009,-7.1618084619999536],[115.85056229800011,-7.1618174759999533],[115.85055327400005,-7.1618175709999718],[115.85055337000006,-7.1618265839999253],[115.85054434500012,-7.1618266799999333],[115.85054444100001,-7.1618356929999436],[115.85053541600007,-7.1618357879999621],[115.85053551200008,-7.1618448019999619],[115.85052648800001,-7.1618448969999804],[115.85052658300003,-7.1618539099999339],[115.85051755900008,-7.1618540059999418],[115.85051775000011,-7.1618720319999625],[115.85050872500005,-7.1618721279999704],[115.85050882100006,-7.1618811409999807],[115.85049979700011,-7.1618812359999424],[115.85049989200002,-7.1618902499999422],[115.85047281900006,-7.1618905359999303],[115.85047291500007,-7.1618995489999406],[115.85046389000001,-7.1618996439999592],[115.85046398600002,-7.1619086579999589],[115.85043691300007,-7.161908943999947],[115.85043700900007,-7.1619179569999574],[115.85042798400002,-7.1619180519999759],[115.85042817500005,-7.1619360789999291],[115.85041012700003,-7.1619362699999556],[115.85041003100002,-7.1619272559999558],[115.85040100700007,-7.1619273519999638],[115.85040110200009,-7.1619363649999741],[115.85039207800003,-7.1619364599999358],[115.85039217300005,-7.1619454739999355],[115.85038314900009,-7.161945568999954],[115.85038343600002,-7.1619726089999745],[115.85037441100008,-7.1619727039999361],[115.85037469800011,-7.1619997439999565],[115.85036567300006,-7.1619998389999751],[115.85036576900006,-7.1620088529999748],[115.85035674500011,-7.1620089479999365],[115.85035722200007,-7.162054014999967],[115.85036624600002,-7.162053918999959],[115.85036634200003,-7.1620629329999588],[115.85035731700009,-7.1620630279999773],[115.85035760400001,-7.1620900679999409],[115.85034858000006,-7.1620901629999594],[115.85034867500008,-7.1620991759999697],[115.85033965100001,-7.1620992719999776],[115.85033984200004,-7.1621172979999415],[115.8503308170001,-7.1621173939999494],[115.85033091300011,-7.1621264069999597],[115.8503128640001,-7.1621265979999293],[115.85031296000011,-7.1621356109999397],[115.85030393500006,-7.1621357059999582],[115.85030403100006,-7.1621447199999579],[115.85029500700011,-7.1621448149999765],[115.85029510200002,-7.1621538279999299],[115.85028607800007,-7.1621539239999379],[115.85028617300009,-7.1621629369999482],[115.85027714900002,-7.1621630319999667],[115.85027724400004,-7.1621720459999665],[115.85026822000009,-7.1621721409999282],[115.85026841100012,-7.1621901679999382],[115.85025938700005,-7.1621902629999568],[115.85025957800008,-7.1622082899999668],[115.85025055300002,-7.1622083849999285],[115.85025084000006,-7.1622354249999489],[115.85024181600011,-7.1622355199999674],[115.85024219800005,-7.1622715729999413],[115.85023317300011,-7.1622716689999493],[115.85023346000003,-7.1622987089999697],[115.85022443500009,-7.1622988039999314],[115.85022453100009,-7.1623078169999417],[115.85020648200009,-7.1623080079999681],[115.8502065780001,-7.1623170209999785],[115.85019755300004,-7.1623171169999296],[115.85019774400007,-7.1623351429999502],[115.85018872000001,-7.1623352389999582],[115.85018881600001,-7.1623442519999685],[115.85017979100007,-7.1623443469999302],[115.85017988700008,-7.1623533609999299],[115.85017086200003,-7.1623534559999484],[115.85017105300005,-7.1623714829999585],[115.8501620290001,-7.162371577999977],[115.85016231500003,-7.1623986179999406],[115.85015329100008,-7.1623987129999591],[115.85015357800012,-7.1624257529999795],[115.85014455300006,-7.1624258489999306],[115.8501448400001,-7.1624528879999616],[115.85013581500004,-7.1624529839999695],[115.85013600600007,-7.1624710099999334],[115.85012698200001,-7.1624711059999413],[115.85012717300003,-7.162489131999962],[115.85010912400003,-7.1624893229999316],[115.85010922000004,-7.1624983359999419],[115.85010019600008,-7.1624984319999498],[115.8501002910001,-7.1625074449999602],[115.85009126700004,-7.1625075399999787],[115.85009136200006,-7.1625165539999784],[115.85008233800011,-7.1625166489999401],[115.85008243300001,-7.1625256619999504],[115.85006438500011,-7.1625258529999769],[115.85006448000001,-7.1625348659999304],[115.85005545600006,-7.1625349619999383],[115.85005536000006,-7.1625259479999386],[115.84997414200006,-7.1625268069999493],[115.84997423700008,-7.1625358199999596],[115.84994716400001,-7.1625361059999477],[115.84994726000002,-7.162545118999958],[115.84980287100007,-7.1625466449999635],[115.84980296600008,-7.1625556579999738],[115.84975784400001,-7.1625561349999316],[115.84975794000002,-7.1625651489999314],[115.84973989100001,-7.1625653389999684],[115.84973998700002,-7.1625743529999681],[115.84969486500006,-7.1625748289999365],[115.84969496100007,-7.1625838429999362],[115.84967691200006,-7.1625840329999733],[115.84967700700008,-7.162593046999973],[115.84964091000006,-7.1625934279999797],[115.84964100600007,-7.1626024409999332],[115.84961393300011,-7.1626027269999781],[115.84961402800002,-7.1626117409999779],[115.84959597900001,-7.1626119309999581],[115.84959607500002,-7.1626209449999578],[115.84956900200007,-7.162621230999946],[115.84956909700009,-7.1626302439999563],[115.84956007300002,-7.1626303389999748],[115.84956016900003,-7.1626393529999746],[115.84955114400009,-7.1626394479999362],[115.8495512400001,-7.1626484609999466],[115.84953319100009,-7.162648651999973],[115.8495332870001,-7.1626576649999265],[115.84952426200005,-7.1626577609999345],[115.84952427500002,-7.1626589669999703],[115.84977016700009,-7.1626668519999726],[115.84996416600006,-7.1626375909999638],[115.85016462300007,-7.1625209879999261],[115.85024912200004,-7.1623958389999416],[115.85032941400004,-7.1621648269999696],[115.85051753700009,-7.1619143579999331],[115.85091285600004,-7.1616825669999571],[115.85091243200009,-7.1616425039999285],[115.85094852900011,-7.1616421219999324],[115.8509484330001,-7.161633108999979]],[[115.85084023700006,-7.1616432669999313],[115.85084926200011,-7.1616431709999802],[115.85084935700002,-7.1616521849999799],[115.85084033300006,-7.1616522799999416],[115.85084023700006,-7.1616432669999313]],[[115.85083159500005,-7.1616794149999805],[115.85084964300006,-7.1616792249999435],[115.85084973900007,-7.1616882379999538],[115.85083169000006,-7.1616884289999803],[115.85083159500005,-7.1616794149999805]],[[115.85038372200006,-7.161999648999938],[115.85039274600001,-7.1619995529999301],[115.85039293700004,-7.1620175799999402],[115.85038391300009,-7.1620176749999587],[115.85038372200006,-7.161999648999938]]]},"properties":{"OBJECTID":19327,"FID_mangrove_utm":19270,"OBJECTID_1":19270,"Name":"18102566,9293","FolderPath":"JATIM/JATIM","SymbolID":0,"AltMode":0,"Base":0,"Clamped":-1,"Extruded":0,"Snippet":"","PopupInfo":"\u003chtml xmlns:fo=\"http://www.w3.org/1999/XSL/Format\" xmlns:msxsl=\"urn:schemas-microsoft-com:xslt\"\u003e\n\u003chead\u003e\n\u003cMETA http-equiv=\"Content-Type\" content=\"text/html\"\u003e\n\u003cmeta http-equiv=\"content-type\" content=\"text/html; charset=UTF-8\"\u003e\n\u003c/head\u003e\n\u003cbody style=\"margin:0px 0px 0px 0px;overflow:auto;background:#FFFFFF;\"\u003e\n\u003ctable style=\"font-family:Arial,Verdana,Times;font-size:12px;text-align:left;width:100%;border-collapse:collapse;padding:3px 3px 3px 3px\"\u003e\n\u003ctr style=\"text-align:center;font-weight:bold;background:#9CBCE2\"\u003e\n\u003ctd\u003e18102566,9293\u003c/td\u003e\n\u003c/tr\u003e\n\u003ctr\u003e\n\u003ctd\u003e\n\u003ctable style=\"font-family:Arial,Verdana,Times;font-size:12px;text-align:left;width:100%;border-spacing:0px; padding:3px 3px 3px 3px\"\u003e\n\u003ctr\u003e\n\u003ctd\u003eFID\u003c/td\u003e\n\u003ctd\u003e0\u003c/td\u003e\n\u003c/tr\u003e\n\u003ctr bgcolor=\"#D4E4F3\"\u003e\n\u003ctd\u003eShape_Leng\u003c/td\u003e\n\u003ctd\u003e18102566,9293\u003c/td\u003e\n\u003c/tr\u003e\n\u003c/table\u003e\n\u003c/td\u003e\n\u003c/tr\u003e\n\u003c/table\u003e\n\u003c/body\u003e\u003cscript type=\"text/javascript\"\u003e\n\t\t\t\tfunction changeImage(attElement, nameElement) {\n\t\t\t\tdocument.getElementById('imageAttachment').src = attElement;\n\t\t\t\tdocument.getElementById('imageName').innerHTML = nameElement;}\n\t\t\t\u003c/script\u003e\u003c/html\u003e\n","FID_active_grids":125,"GridID":"O62","Shape_Length":0.0050574857693284946,"Shape_Area":1.3675659405484533e-07}},{"type":"Feature","id":19332,"geometry":{"type":"Polygon","coordinates":[[[115.85118229300008,-7.161531479999951],[115.85118201400007,-7.1615314829999761],[115.85118201500006,-7.161531608999951],[115.85118229300008,-7.161531479999951]]]},"properties":{"OBJECTID":19332,"FID_mangrove_utm":19275,"OBJECTID_1":19275,"Name":"18102566,9293","FolderPath":"JATIM/JATIM","SymbolID":0,"AltMode":0,"Base":0,"Clamped":-1,"Extruded":0,"Snippet":"","PopupInfo":"\u003chtml xmlns:fo=\"http://www.w3.org/1999/XSL/Format\" xmlns:msxsl=\"urn:schemas-microsoft-com:xslt\"\u003e\n\u003chead\u003e\n\u003cMETA http-equiv=\"Content-Type\" content=\"text/html\"\u003e\n\u003cmeta http-equiv=\"content-type\" content=\"text/html; charset=UTF-8\"\u003e\n\u003c/head\u003e\n\u003cbody style=\"margin:0px 0px 0px 0px;overflow:auto;background:#FFFFFF;\"\u003e\n\u003ctable style=\"font-family:Arial,Verdana,Times;font-size:12px;text-align:left;width:100%;border-collapse:collapse;padding:3px 3px 3px 3px\"\u003e\n\u003ctr style=\"text-align:center;font-weight:bold;background:#9CBCE2\"\u003e\n\u003ctd\u003e18102566,9293\u003c/td\u003e\n\u003c/tr\u003e\n\u003ctr\u003e\n\u003ctd\u003e\n\u003ctable style=\"font-family:Arial,Verdana,Times;font-size:12px;text-align:left;width:100%;border-spacing:0px; padding:3px 3px 3px 3px\"\u003e\n\u003ctr\u003e\n\u003ctd\u003eFID\u003c/td\u003e\n\u003ctd\u003e0\u003c/td\u003e\n\u003c/tr\u003e\n\u003ctr bgcolor=\"#D4E4F3\"\u003e\n\u003ctd\u003eShape_Leng\u003c/td\u003e\n\u003ctd\u003e18102566,9293\u003c/td\u003e\n\u003c/tr\u003e\n\u003c/table\u003e\n\u003c/td\u003e\n\u003c/tr\u003e\n\u003c/table\u003e\n\u003c/body\u003e\u003cscript type=\"text/javascript\"\u003e\n\t\t\t\tfunction changeImage(attElement, nameElement) {\n\t\t\t\tdocument.getElementById('imageAttachment').src = attElement;\n\t\t\t\tdocument.getElementById('imageName').innerHTML = nameElement;}\n\t\t\t\u003c/script\u003e\u003c/html\u003e\n","FID_active_grids":125,"GridID":"O62","Shape_Length":7.114919500038143e-07,"Shape_Area":1.7578496830209919e-14}},{"type":"Feature","id":19339,"geometry":{"type":"Polygon","coordinates":[[[115.85124461100008,-7.1614767359999405],[115.85126266000009,-7.1614765449999709],[115.85126256400008,-7.1614675319999606],[115.85127158900002,-7.161467436999942],[115.85127149300001,-7.1614584229999423],[115.85128051700008,-7.1614583279999806],[115.85128032600005,-7.1614403009999705],[115.85121715600008,-7.1614409689999547],[115.85121753800001,-7.1614770219999286],[115.85120851400006,-7.1614771169999472],[115.8512088010001,-7.1615041569999676],[115.85119977600004,-7.1615042529999755],[115.85119997800007,-7.1615232629999355],[115.85121794000008,-7.1615149169999768],[115.85121792000007,-7.1615130749999594],[115.85122199700004,-7.1615130319999594],[115.85122692100003,-7.16151074499993],[115.85122675400009,-7.1614949529999308],[115.85123577800005,-7.1614948579999691],[115.85123568200004,-7.1614858449999588],[115.85124470700009,-7.1614857489999508],[115.85124461100008,-7.1614767359999405]]]},"properties":{"OBJECTID":19339,"FID_mangrove_utm":19282,"OBJECTID_1":19282,"Name":"18102566,9293","FolderPath":"JATIM/JATIM","SymbolID":0,"AltMode":0,"Base":0,"Clamped":-1,"Extruded":0,"Snippet":"","PopupInfo":"\u003chtml xmlns:fo=\"http://www.w3.org/1999/XSL/Format\" xmlns:msxsl=\"urn:schemas-microsoft-com:xslt\"\u003e\n\u003chead\u003e\n\u003cMETA http-equiv=\"Content-Type\" content=\"text/html\"\u003e\n\u003cmeta http-equiv=\"content-type\" content=\"text/html; charset=UTF-8\"\u003e\n\u003c/head\u003e\n\u003cbody style=\"margin:0px 0px 0px 0px;overflow:auto;background:#FFFFFF;\"\u003e\n\u003ctable style=\"font-family:Arial,Verdana,Times;font-size:12px;text-align:left;width:100%;border-collapse:collapse;padding:3px 3px 3px 3px\"\u003e\n\u003ctr style=\"text-align:center;font-weight:bold;background:#9CBCE2\"\u003e\n\u003ctd\u003e18102566,9293\u003c/td\u003e\n\u003c/tr\u003e\n\u003ctr\u003e\n\u003ctd\u003e\n\u003ctable style=\"font-family:Arial,Verdana,Times;font-size:12px;text-align:left;width:100%;border-spacing:0px; padding:3px 3px 3px 3px\"\u003e\n\u003ctr\u003e\n\u003ctd\u003eFID\u003c/td\u003e\n\u003ctd\u003e0\u003c/td\u003e\n\u003c/tr\u003e\n\u003ctr bgcolor=\"#D4E4F3\"\u003e\n\u003ctd\u003eShape_Leng\u003c/td\u003e\n\u003ctd\u003e18102566,9293\u003c/td\u003e\n\u003c/tr\u003e\n\u003c/table\u003e\n\u003c/td\u003e\n\u003c/tr\u003e\n\u003c/table\u003e\n\u003c/body\u003e\u003cscript type=\"text/javascript\"\u003e\n\t\t\t\tfunction changeImage(attElement, nameElement) {\n\t\t\t\tdocument.getElementById('imageAttachment').src = attElement;\n\t\t\t\tdocument.getElementById('imageName').innerHTML = nameElement;}\n\t\t\t\u003c/script\u003e\u003c/html\u003e\n","FID_active_grids":125,"GridID":"O62","Shape_Length":0.00031851194332353864,"Shape_Area":3.1111955397287089e-09}},{"type":"Feature","id":19344,"geometry":{"type":"Polygon","coordinates":[[[115.85126122700001,-7.161341345999972],[115.85125220300006,-7.1613414409999336],[115.85125229900007,-7.1613504549999334],[115.85126132300002,-7.1613503589999254],[115.85126122700001,-7.161341345999972]]]},"properties":{"OBJECTID":19344,"FID_mangrove_utm":19287,"OBJECTID_1":19287,"Name":"18102566,9293","FolderPath":"JATIM/JATIM","SymbolID":0,"AltMode":0,"Base":0,"Clamped":-1,"Extruded":0,"Snippet":"","PopupInfo":"\u003chtml xmlns:fo=\"http://www.w3.org/1999/XSL/Format\" xmlns:msxsl=\"urn:schemas-microsoft-com:xslt\"\u003e\n\u003chead\u003e\n\u003cMETA http-equiv=\"Content-Type\" content=\"text/html\"\u003e\n\u003cmeta http-equiv=\"content-type\" content=\"text/html; charset=UTF-8\"\u003e\n\u003c/head\u003e\n\u003cbody style=\"margin:0px 0px 0px 0px;overflow:auto;background:#FFFFFF;\"\u003e\n\u003ctable style=\"font-family:Arial,Verdana,Times;font-size:12px;text-align:left;width:100%;border-collapse:collapse;padding:3px 3px 3px 3px\"\u003e\n\u003ctr style=\"text-align:center;font-weight:bold;background:#9CBCE2\"\u003e\n\u003ctd\u003e18102566,9293\u003c/td\u003e\n\u003c/tr\u003e\n\u003ctr\u003e\n\u003ctd\u003e\n\u003ctable style=\"font-family:Arial,Verdana,Times;font-size:12px;text-align:left;width:100%;border-spacing:0px; padding:3px 3px 3px 3px\"\u003e\n\u003ctr\u003e\n\u003ctd\u003eFID\u003c/td\u003e\n\u003ctd\u003e0\u003c/td\u003e\n\u003c/tr\u003e\n\u003ctr bgcolor=\"#D4E4F3\"\u003e\n\u003ctd\u003eShape_Leng\u003c/td\u003e\n\u003ctd\u003e18102566,9293\u003c/td\u003e\n\u003c/tr\u003e\n\u003c/table\u003e\n\u003c/td\u003e\n\u003c/tr\u003e\n\u003c/table\u003e\n\u003c/body\u003e\u003cscript type=\"text/javascript\"\u003e\n\t\t\t\tfunction changeImage(attElement, nameElement) {\n\t\t\t\tdocument.getElementById('imageAttachment').src = attElement;\n\t\t\t\tdocument.getElementById('imageName').innerHTML = nameElement;}\n\t\t\t\u003c/script\u003e\u003c/html\u003e\n","FID_active_grids":125,"GridID":"O62","Shape_Length":3.6077032957490009e-05,"Shape_Area":8.1346991345207011e-11}},{"type":"Feature","id":19345,"geometry":{"type":"Polygon","coordinates":[[[115.85126122700001,-7.161341345999972],[115.85127025200006,-7.1613412509999534],[115.85127015600006,-7.1613322369999537],[115.8512611320001,-7.1613323329999616],[115.85126122700001,-7.161341345999972]]]},"properties":{"OBJECTID":19345,"FID_mangrove_utm":19288,"OBJECTID_1":19288,"Name":"18102566,9293","FolderPath":"JATIM/JATIM","SymbolID":0,"AltMode":0,"Base":0,"Clamped":-1,"Extruded":0,"Snippet":"","PopupInfo":"\u003chtml xmlns:fo=\"http://www.w3.org/1999/XSL/Format\" xmlns:msxsl=\"urn:schemas-microsoft-com:xslt\"\u003e\n\u003chead\u003e\n\u003cMETA http-equiv=\"Content-Type\" content=\"text/html\"\u003e\n\u003cmeta http-equiv=\"content-type\" content=\"text/html; charset=UTF-8\"\u003e\n\u003c/head\u003e\n\u003cbody style=\"margin:0px 0px 0px 0px;overflow:auto;background:#FFFFFF;\"\u003e\n\u003ctable style=\"font-family:Arial,Verdana,Times;font-size:12px;text-align:left;width:100%;border-collapse:collapse;padding:3px 3px 3px 3px\"\u003e\n\u003ctr style=\"text-align:center;font-weight:bold;background:#9CBCE2\"\u003e\n\u003ctd\u003e18102566,9293\u003c/td\u003e\n\u003c/tr\u003e\n\u003ctr\u003e\n\u003ctd\u003e\n\u003ctable style=\"font-family:Arial,Verdana,Times;font-size:12px;text-align:left;width:100%;border-spacing:0px; padding:3px 3px 3px 3px\"\u003e\n\u003ctr\u003e\n\u003ctd\u003eFID\u003c/td\u003e\n\u003ctd\u003e0\u003c/td\u003e\n\u003c/tr\u003e\n\u003ctr bgcolor=\"#D4E4F3\"\u003e\n\u003ctd\u003eShape_Leng\u003c/td\u003e\n\u003ctd\u003e18102566,9293\u003c/td\u003e\n\u003c/tr\u003e\n\u003c/table\u003e\n\u003c/td\u003e\n\u003c/tr\u003e\n\u003c/table\u003e\n\u003c/body\u003e\u003cscript type=\"text/javascript\"\u003e\n\t\t\t\tfunction changeImage(attElement, nameElement) {\n\t\t\t\tdocument.getElementById('imageAttachment').src = attElement;\n\t\t\t\tdocument.getElementById('imageName').innerHTML = nameElement;}\n\t\t\t\u003c/script\u003e\u003c/html\u003e\n","FID_active_grids":125,"GridID":"O62","Shape_Length":3.6078022466332176e-05,"Shape_Area":8.1351451064182805e-11}},{"type":"Feature","id":19349,"geometry":{"type":"Polygon","coordinates":[[[115.8512611320001,-7.1613323329999616],[115.85126094100008,-7.1613143059999516],[115.85125191700001,-7.1613144019999595],[115.85125210800004,-7.1613324279999802],[115.8512611320001,-7.1613323329999616]]]},"properties":{"OBJECTID":19349,"FID_mangrove_utm":19292,"OBJECTID_1":19292,"Name":"18102566,9293","FolderPath":"JATIM/JATIM","SymbolID":0,"AltMode":0,"Base":0,"Clamped":-1,"Extruded":0,"Snippet":"","PopupInfo":"\u003chtml xmlns:fo=\"http://www.w3.org/1999/XSL/Format\" xmlns:msxsl=\"urn:schemas-microsoft-com:xslt\"\u003e\n\u003chead\u003e\n\u003cMETA http-equiv=\"Content-Type\" content=\"text/html\"\u003e\n\u003cmeta http-equiv=\"content-type\" content=\"text/html; charset=UTF-8\"\u003e\n\u003c/head\u003e\n\u003cbody style=\"margin:0px 0px 0px 0px;overflow:auto;background:#FFFFFF;\"\u003e\n\u003ctable style=\"font-family:Arial,Verdana,Times;font-size:12px;text-align:left;width:100%;border-collapse:collapse;padding:3px 3px 3px 3px\"\u003e\n\u003ctr style=\"text-align:center;font-weight:bold;background:#9CBCE2\"\u003e\n\u003ctd\u003e18102566,9293\u003c/td\u003e\n\u003c/tr\u003e\n\u003ctr\u003e\n\u003ctd\u003e\n\u003ctable style=\"font-family:Arial,Verdana,Times;font-size:12px;text-align:left;width:100%;border-spacing:0px; padding:3px 3px 3px 3px\"\u003e\n\u003ctr\u003e\n\u003ctd\u003eFID\u003c/td\u003e\n\u003ctd\u003e0\u003c/td\u003e\n\u003c/tr\u003e\n\u003ctr bgcolor=\"#D4E4F3\"\u003e\n\u003ctd\u003eShape_Leng\u003c/td\u003e\n\u003ctd\u003e18102566,9293\u003c/td\u003e\n\u003c/tr\u003e\n\u003c/table\u003e\n\u003c/td\u003e\n\u003c/tr\u003e\n\u003c/table\u003e\n\u003c/body\u003e\u003cscript type=\"text/javascript\"\u003e\n\t\t\t\tfunction changeImage(attElement, nameElement) {\n\t\t\t\tdocument.getElementById('imageAttachment').src = attElement;\n\t\t\t\tdocument.getElementById('imageName').innerHTML = nameElement;}\n\t\t\t\u003c/script\u003e\u003c/html\u003e\n","FID_active_grids":125,"GridID":"O62","Shape_Length":5.4104034512054465e-05,"Shape_Area":1.626893778069393e-10}},{"type":"Feature","id":19351,"geometry":{"type":"Polygon","coordinates":[[[115.85125124800004,-7.1612513089999652],[115.85123320000002,-7.1612514989999454],[115.85123339100005,-7.1612695259999555],[115.85124241500012,-7.1612694299999475],[115.85124260600003,-7.1612874569999576],[115.85126065400004,-7.1612872659999312],[115.85126036800011,-7.1612602259999676],[115.85125134400005,-7.1612603219999755],[115.85125124800004,-7.1612513089999652]]]},"properties":{"OBJECTID":19351,"FID_mangrove_utm":19294,"OBJECTID_1":19294,"Name":"18102566,9293","FolderPath":"JATIM/JATIM","SymbolID":0,"AltMode":0,"Base":0,"Clamped":-1,"Extruded":0,"Snippet":"","PopupInfo":"\u003chtml xmlns:fo=\"http://www.w3.org/1999/XSL/Format\" xmlns:msxsl=\"urn:schemas-microsoft-com:xslt\"\u003e\n\u003chead\u003e\n\u003cMETA http-equiv=\"Content-Type\" content=\"text/html\"\u003e\n\u003cmeta http-equiv=\"content-type\" content=\"text/html; charset=UTF-8\"\u003e\n\u003c/head\u003e\n\u003cbody style=\"margin:0px 0px 0px 0px;overflow:auto;background:#FFFFFF;\"\u003e\n\u003ctable style=\"font-family:Arial,Verdana,Times;font-size:12px;text-align:left;width:100%;border-collapse:collapse;padding:3px 3px 3px 3px\"\u003e\n\u003ctr style=\"text-align:center;font-weight:bold;background:#9CBCE2\"\u003e\n\u003ctd\u003e18102566,9293\u003c/td\u003e\n\u003c/tr\u003e\n\u003ctr\u003e\n\u003ctd\u003e\n\u003ctable style=\"font-family:Arial,Verdana,Times;font-size:12px;text-align:left;width:100%;border-spacing:0px; padding:3px 3px 3px 3px\"\u003e\n\u003ctr\u003e\n\u003ctd\u003eFID\u003c/td\u003e\n\u003ctd\u003e0\u003c/td\u003e\n\u003c/tr\u003e\n\u003ctr bgcolor=\"#D4E4F3\"\u003e\n\u003ctd\u003eShape_Leng\u003c/td\u003e\n\u003ctd\u003e18102566,9293\u003c/td\u003e\n\u003c/tr\u003e\n\u003c/table\u003e\n\u003c/td\u003e\n\u003c/tr\u003e\n\u003c/table\u003e\n\u003c/body\u003e\u003cscript type=\"text/javascript\"\u003e\n\t\t\t\tfunction changeImage(attElement, nameElement) {\n\t\t\t\tdocument.getElementById('imageAttachment').src = attElement;\n\t\t\t\tdocument.getElementById('imageName').innerHTML = nameElement;}\n\t\t\t\u003c/script\u003e\u003c/html\u003e\n","FID_active_grids":125,"GridID":"O62","Shape_Length":0.00012625807945591716,"Shape_Area":7.3210880814982418e-10}},{"type":"Feature","id":19366,"geometry":{"type":"Polygon","coordinates":[[[115.85070769100003,-7.1610587379999515],[115.85070730900009,-7.1610226849999776],[115.85069828500002,-7.1610227799999393],[115.85069866700007,-7.16105883299997],[115.85070769100003,-7.1610587379999515]]]},"properties":{"OBJECTID":19366,"FID_mangrove_utm":19309,"OBJECTID_1":19309,"Name":"18102566,9293","FolderPath":"JATIM/JATIM","SymbolID":0,"AltMode":0,"Base":0,"Clamped":-1,"Extruded":0,"Snippet":"","PopupInfo":"\u003chtml xmlns:fo=\"http://www.w3.org/1999/XSL/Format\" xmlns:msxsl=\"urn:schemas-microsoft-com:xslt\"\u003e\n\u003chead\u003e\n\u003cMETA http-equiv=\"Content-Type\" content=\"text/html\"\u003e\n\u003cmeta http-equiv=\"content-type\" content=\"text/html; charset=UTF-8\"\u003e\n\u003c/head\u003e\n\u003cbody style=\"margin:0px 0px 0px 0px;overflow:auto;background:#FFFFFF;\"\u003e\n\u003ctable style=\"font-family:Arial,Verdana,Times;font-size:12px;text-align:left;width:100%;border-collapse:collapse;padding:3px 3px 3px 3px\"\u003e\n\u003ctr style=\"text-align:center;font-weight:bold;background:#9CBCE2\"\u003e\n\u003ctd\u003e18102566,9293\u003c/td\u003e\n\u003c/tr\u003e\n\u003ctr\u003e\n\u003ctd\u003e\n\u003ctable style=\"font-family:Arial,Verdana,Times;font-size:12px;text-align:left;width:100%;border-spacing:0px; padding:3px 3px 3px 3px\"\u003e\n\u003ctr\u003e\n\u003ctd\u003eFID\u003c/td\u003e\n\u003ctd\u003e0\u003c/td\u003e\n\u003c/tr\u003e\n\u003ctr bgcolor=\"#D4E4F3\"\u003e\n\u003ctd\u003eShape_Leng\u003c/td\u003e\n\u003ctd\u003e18102566,9293\u003c/td\u003e\n\u003c/tr\u003e\n\u003c/table\u003e\n\u003c/td\u003e\n\u003c/tr\u003e\n\u003c/table\u003e\n\u003c/body\u003e\u003cscript type=\"text/javascript\"\u003e\n\t\t\t\tfunction changeImage(attElement, nameElement) {\n\t\t\t\tdocument.getElementById('imageAttachment').src = attElement;\n\t\t\t\tdocument.getElementById('imageName').innerHTML = nameElement;}\n\t\t\t\u003c/script\u003e\u003c/html\u003e\n","FID_active_grids":125,"GridID":"O62","Shape_Length":9.0159047474862273e-05,"Shape_Area":3.2537856229376151e-10}},{"type":"Feature","id":19371,"geometry":{"type":"Polygon","coordinates":[[[115.87744492900003,-7.1606672709999657],[115.87739078600009,-7.1606678459999671],[115.8773908820001,-7.1606768589999774],[115.87738472600006,-7.1606769249999616],[115.87751747000004,-7.1607103779999761],[115.8779661640001,-7.1611848919999375],[115.87814396400006,-7.1613552749999485],[115.87836959800006,-7.1614609279999399],[115.87868424500004,-7.16154415099993],[115.87873120300003,-7.1615750969999681],[115.87875830400003,-7.1616126789999726],[115.87907201400003,-7.1617582179999317],[115.87907173100007,-7.1617316559999722],[115.87906270700012,-7.1617317509999339],[115.87906241900009,-7.1617047129999492],[115.87905339500003,-7.1617048089999571],[115.87905329900002,-7.1616957959999468],[115.87904427500007,-7.1616958919999547],[115.87904417900006,-7.1616868789999444],[115.87903515500011,-7.1616869749999523],[115.8790350590001,-7.161677961999942],[115.87901701100009,-7.1616781539999579],[115.87901691500008,-7.1616691409999476],[115.87900789100001,-7.1616692369999555],[115.87900779500001,-7.1616602239999452],[115.87899877100006,-7.1616603199999531],[115.87899867500005,-7.1616513069999428],[115.8789896510001,-7.1616514029999507],[115.87898955500009,-7.1616423899999404],[115.87898053100002,-7.1616424859999483],[115.87898043500002,-7.161633472999938],[115.87897141100007,-7.161633568999946],[115.87897131500006,-7.1616245559999356],[115.87896229100011,-7.1616246519999436],[115.8789621950001,-7.1616156389999333],[115.87895317100003,-7.1616157349999412],[115.87895307500003,-7.1616067219999309],[115.87893502800011,-7.1616069139999468],[115.87893493200011,-7.1615979009999364],[115.87891688400009,-7.1615980929999523],[115.87891678800008,-7.161589079999942],[115.87888971600012,-7.1615893669999764],[115.87888962000011,-7.1615803539999661],[115.87887157200009,-7.1615805459999251],[115.87887147600009,-7.1615715329999716],[115.87886245200002,-7.1615716289999796],[115.87886235600001,-7.1615626159999692],[115.87883528400005,-7.1615629039999362],[115.87883518800004,-7.1615538909999259],[115.87879909300011,-7.1615542749999577],[115.8787989970001,-7.1615452619999473],[115.87877192500002,-7.1615455499999712],[115.87877182900002,-7.1615365369999608],[115.8787357330001,-7.1615369199999463],[115.87873563700009,-7.1615279079999254],[115.87870856600011,-7.1615281949999599],[115.87870847000011,-7.1615191819999495],[115.87865432600006,-7.1615197579999403],[115.87865423000005,-7.16151074499993],[115.87861813500001,-7.1615111289999618],[115.87861803800001,-7.1615021159999515],[115.87860901500005,-7.1615022119999594],[115.87860891900004,-7.1614931989999491],[115.87858184700008,-7.1614934859999266],[115.87858175100007,-7.1614844729999731],[115.87850053600005,-7.161485336999931],[115.87850044000004,-7.1614763239999775],[115.87849141600009,-7.1614764199999286],[115.87849132000008,-7.1614674069999751],[115.8784462000001,-7.1614678859999685],[115.87844610400009,-7.1614588729999582],[115.87842805600008,-7.1614590649999741],[115.87842796000007,-7.1614500519999638],[115.8784008880001,-7.1614503399999307],[115.87840079200009,-7.1614413269999773],[115.87839176900002,-7.1614414229999284],[115.87839167300001,-7.1614324099999749],[115.87838264900006,-7.161432505999926],[115.87838255300005,-7.1614234929999725],[115.8783735290001,-7.1614235889999804],[115.87837343300009,-7.1614145759999701],[115.87834636100001,-7.1614148639999371],[115.878346265,-7.1614058509999268],[115.87833724100005,-7.1614059469999347],[115.87833714500005,-7.1613969339999812],[115.87831909700003,-7.1613971259999403],[115.87831900100002,-7.1613881129999299],[115.87830095300001,-7.1613883039999564],[115.87830085700011,-7.1613792909999461],[115.8782828090001,-7.161379482999962],[115.87828271300009,-7.1613704699999516],[115.87827369000001,-7.1613705659999596],[115.87827359400001,-7.1613615529999493],[115.87826457000006,-7.1613616489999572],[115.87826447400005,-7.1613526359999469],[115.8782554500001,-7.1613527319999548],[115.87825535400009,-7.1613437189999445],[115.87823730600007,-7.1613439109999604],[115.87823721000007,-7.16133489799995],[115.87817404200007,-7.1613355689999594],[115.87817394600006,-7.1613265569999385],[115.8781649230001,-7.161326651999957],[115.87816482700009,-7.1613176399999361],[115.87812873100006,-7.1613180229999784],[115.87812863500005,-7.1613090099999681],[115.8781196110001,-7.1613091059999761],[115.87811941900009,-7.1612910799999554],[115.87811039500002,-7.1612911759999633],[115.87811029900001,-7.161282162999953],[115.87810127500006,-7.161282258999961],[115.87810117900005,-7.1612732459999506],[115.87808313100004,-7.1612734379999665],[115.87808293900002,-7.1612554119999459],[115.87807391500007,-7.1612555079999538],[115.87807372300006,-7.1612374819999332],[115.87805567500004,-7.161237673999949],[115.87805557900003,-7.1612286609999387],[115.87804655600007,-7.1612287569999467],[115.87804646000006,-7.1612197439999363],[115.87803743600011,-7.1612198399999443],[115.87803734000011,-7.1612108269999339],[115.87802831600004,-7.1612109229999419],[115.87802812400002,-7.1611928969999781],[115.87801007600001,-7.1611930889999371],[115.87800988400011,-7.1611750629999733],[115.87800086000004,-7.1611751589999812],[115.87800076400003,-7.1611661459999709],[115.87799174000008,-7.1611662419999789],[115.87799154800007,-7.1611482159999582],[115.87798252400012,-7.1611483119999662],[115.8779823320001,-7.1611302859999455],[115.87797330800004,-7.1611303819999534],[115.87797321200003,-7.1611213689999431],[115.87796418800008,-7.1611214649999511],[115.87796409200007,-7.1611124519999407],[115.87795506800001,-7.1611125479999487],[115.87795497200011,-7.1611035349999383],[115.87794594800005,-7.1611036309999463],[115.87794585200004,-7.161094617999936],[115.87793682800009,-7.1610947139999439],[115.87793663600007,-7.1610766879999801],[115.87792761300011,-7.1610767839999312],[115.87792732500009,-7.1610497449999571],[115.87791830100002,-7.161049840999965],[115.87791820500001,-7.1610408279999547],[115.87790918100006,-7.1610409239999626],[115.87790898900005,-7.161022897999942],[115.8778999650001,-7.1610229939999499],[115.87789929300004,-7.1609599039999807],[115.87789026900009,-7.1609599989999424],[115.87789007700007,-7.160941973999968],[115.87788105300001,-7.1609420689999297],[115.87788086100011,-7.1609240439999553],[115.87787183700004,-7.1609241389999738],[115.87787174100004,-7.1609151269999529],[115.87785369300002,-7.1609153179999794],[115.87785359700001,-7.1609063049999691],[115.87784457300006,-7.160906400999977],[115.87784447700005,-7.1608973879999667],[115.8778354530001,-7.1608974839999746],[115.87783535700009,-7.1608884709999643],[115.87782633300003,-7.1608885669999722],[115.87782623700002,-7.1608795539999619],[115.87780819000011,-7.1608797459999778],[115.8778080940001,-7.1608707329999675],[115.87779907000004,-7.1608708289999754],[115.87779897400003,-7.1608618159999651],[115.87778995000008,-7.160861911999973],[115.87778985400007,-7.1608528989999627],[115.87778083000001,-7.1608529949999706],[115.87778073400011,-7.1608439819999603],[115.87777171000005,-7.1608440779999682],[115.87777161400004,-7.1608350649999579],[115.87775356600002,-7.1608352569999738],[115.87775347000002,-7.1608262439999635],[115.87773542200011,-7.1608264359999794],[115.87773532600011,-7.160817422999969],[115.87770825500002,-7.1608177099999466],[115.87770806300011,-7.1607996839999259],[115.8776900150001,-7.1607998759999418],[115.87768991900009,-7.1607908629999315],[115.87766284700001,-7.1607911509999553],[115.87766275100012,-7.160782137999945],[115.8776447030001,-7.1607823299999609],[115.87764460700009,-7.1607733169999506],[115.87761753600012,-7.1607736039999281],[115.87761744000011,-7.1607645919999641],[115.87760841600004,-7.1607646869999257],[115.87760832000004,-7.1607556739999723],[115.87759929600008,-7.1607557699999802],[115.87759920000008,-7.1607467569999699],[115.87758115200006,-7.1607469489999289],[115.87758105600005,-7.1607379359999754],[115.8775720320001,-7.1607380319999265],[115.87757193600009,-7.1607290189999731],[115.87755388800008,-7.1607292109999321],[115.87755369600006,-7.1607111849999683],[115.87753564800005,-7.1607113769999273],[115.87753555200004,-7.1607023639999738],[115.87749945700011,-7.1607027469999593],[115.8774993610001,-7.1606937349999384],[115.87747228900002,-7.1606940219999728],[115.87747219300002,-7.1606850089999625],[115.87744512100005,-7.1606852969999295],[115.87744492900003,-7.1606672709999657]]]},"properties":{"OBJECTID":19371,"FID_mangrove_utm":19314,"OBJECTID_1":19314,"Name":"18102566,9293","FolderPath":"JATIM/JATIM","SymbolID":0,"AltMode":0,"Base":0,"Clamped":-1,"Extruded":0,"Snippet":"","PopupInfo":"\u003chtml xmlns:fo=\"http://www.w3.org/1999/XSL/Format\" xmlns:msxsl=\"urn:schemas-microsoft-com:xslt\"\u003e\n\u003chead\u003e\n\u003cMETA http-equiv=\"Content-Type\" content=\"text/html\"\u003e\n\u003cmeta http-equiv=\"content-type\" content=\"text/html; charset=UTF-8\"\u003e\n\u003c/head\u003e\n\u003cbody style=\"margin:0px 0px 0px 0px;overflow:auto;background:#FFFFFF;\"\u003e\n\u003ctable style=\"font-family:Arial,Verdana,Times;font-size:12px;text-align:left;width:100%;border-collapse:collapse;padding:3px 3px 3px 3px\"\u003e\n\u003ctr style=\"text-align:center;font-weight:bold;background:#9CBCE2\"\u003e\n\u003ctd\u003e18102566,9293\u003c/td\u003e\n\u003c/tr\u003e\n\u003ctr\u003e\n\u003ctd\u003e\n\u003ctable style=\"font-family:Arial,Verdana,Times;font-size:12px;text-align:left;width:100%;border-spacing:0px; padding:3px 3px 3px 3px\"\u003e\n\u003ctr\u003e\n\u003ctd\u003eFID\u003c/td\u003e\n\u003ctd\u003e0\u003c/td\u003e\n\u003c/tr\u003e\n\u003ctr bgcolor=\"#D4E4F3\"\u003e\n\u003ctd\u003eShape_Leng\u003c/td\u003e\n\u003ctd\u003e18102566,9293\u003c/td\u003e\n\u003c/tr\u003e\n\u003c/table\u003e\n\u003c/td\u003e\n\u003c/tr\u003e\n\u003c/table\u003e\n\u003c/body\u003e\u003cscript type=\"text/javascript\"\u003e\n\t\t\t\tfunction changeImage(attElement, nameElement) {\n\t\t\t\tdocument.getElementById('imageAttachment').src = attElement;\n\t\t\t\tdocument.getElementById('imageName').innerHTML = nameElement;}\n\t\t\t\u003c/script\u003e\u003c/html\u003e\n","FID_active_grids":125,"GridID":"O62","Shape_Length":0.0048520880120048147,"Shape_Area":9.7088300427454481e-08}},{"type":"Feature","id":19376,"geometry":{"type":"Polygon","coordinates":[[[115.87721866000004,-7.1606065769999532],[115.87718256400001,-7.1606069609999281],[115.87718266000002,-7.1606159739999384],[115.87712851700007,-7.1606165489999398],[115.87712857000008,-7.1606215759999259],[115.87725518800005,-7.1606468109999355],[115.8772550430001,-7.1606332329999418],[115.87724601900004,-7.1606333279999603],[115.87724592300003,-7.1606243159999394],[115.87722787600001,-7.1606245069999659],[115.87722778000011,-7.1606154939999556],[115.87721875600005,-7.1606155899999635],[115.87721866000004,-7.1606065769999532]]]},"properties":{"OBJECTID":19376,"FID_mangrove_utm":19319,"OBJECTID_1":19319,"Name":"18102566,9293","FolderPath":"JATIM/JATIM","SymbolID":0,"AltMode":0,"Base":0,"Clamped":-1,"Extruded":0,"Snippet":"","PopupInfo":"\u003chtml xmlns:fo=\"http://www.w3.org/1999/XSL/Format\" xmlns:msxsl=\"urn:schemas-microsoft-com:xslt\"\u003e\n\u003chead\u003e\n\u003cMETA http-equiv=\"Content-Type\" content=\"text/html\"\u003e\n\u003cmeta http-equiv=\"content-type\" content=\"text/html; charset=UTF-8\"\u003e\n\u003c/head\u003e\n\u003cbody style=\"margin:0px 0px 0px 0px;overflow:auto;background:#FFFFFF;\"\u003e\n\u003ctable style=\"font-family:Arial,Verdana,Times;font-size:12px;text-align:left;width:100%;border-collapse:collapse;padding:3px 3px 3px 3px\"\u003e\n\u003ctr style=\"text-align:center;font-weight:bold;background:#9CBCE2\"\u003e\n\u003ctd\u003e18102566,9293\u003c/td\u003e\n\u003c/tr\u003e\n\u003ctr\u003e\n\u003ctd\u003e\n\u003ctable style=\"font-family:Arial,Verdana,Times;font-size:12px;text-align:left;width:100%;border-spacing:0px; padding:3px 3px 3px 3px\"\u003e\n\u003ctr\u003e\n\u003ctd\u003eFID\u003c/td\u003e\n\u003ctd\u003e0\u003c/td\u003e\n\u003c/tr\u003e\n\u003ctr bgcolor=\"#D4E4F3\"\u003e\n\u003ctd\u003eShape_Leng\u003c/td\u003e\n\u003ctd\u003e18102566,9293\u003c/td\u003e\n\u003c/tr\u003e\n\u003c/table\u003e\n\u003c/td\u003e\n\u003c/tr\u003e\n\u003c/table\u003e\n\u003c/body\u003e\u003cscript type=\"text/javascript\"\u003e\n\t\t\t\tfunction changeImage(attElement, nameElement) {\n\t\t\t\tdocument.getElementById('imageAttachment').src = attElement;\n\t\t\t\tdocument.getElementById('imageName').innerHTML = nameElement;}\n\t\t\t\u003c/script\u003e\u003c/html\u003e\n","FID_active_grids":125,"GridID":"O62","Shape_Length":0.00031010839968771377,"Shape_Area":2.3141608089203195e-09}},{"type":"Feature","id":19398,"geometry":{"type":"Polygon","coordinates":[[[115.86935899200012,-7.160446631999946],[115.86935619900009,-7.1604466609999804],[115.86935639100011,-7.1604646879999336],[115.86933834300009,-7.1604648789999601],[115.86933872600002,-7.1605009309999446],[115.86932970200007,-7.1605010269999525],[115.86933037300003,-7.1605641179999679],[115.86932134900007,-7.1605642139999759],[115.86932182800001,-7.1606092789999707],[115.86933085200008,-7.1606091829999627],[115.86933094800008,-7.1606181959999731],[115.86932192400002,-7.160618291999981],[115.86932202000003,-7.1606273049999345],[115.86933104400009,-7.1606272089999266],[115.86933152300003,-7.1606722749999676],[115.86934054700009,-7.1606721789999597],[115.86934246400006,-7.1608524399999283],[115.86935148800001,-7.1608523439999772],[115.86935168000002,-7.160870369999941],[115.86936070400009,-7.160870273999933],[115.86936099100001,-7.160897312999964],[115.86937001500007,-7.1608972179999455],[115.86937011100008,-7.1609062309999558],[115.86937913500003,-7.1609061349999479],[115.86937961400008,-7.1609511999999427],[115.86938863800003,-7.160951104999981],[115.86938892600006,-7.1609781439999551],[115.86939795000001,-7.1609780479999472],[115.86939804600001,-7.1609870609999575],[115.86940707000008,-7.1609869649999496],[115.8694071650001,-7.1609959779999599],[115.86940983200009,-7.1609959499999718],[115.86940946600009,-7.1609944579999478],[115.86935835200006,-7.160533829999963],[115.86935899200012,-7.160446631999946]]]},"properties":{"OBJECTID":19398,"FID_mangrove_utm":19341,"OBJECTID_1":19341,"Name":"18102566,9293","FolderPath":"JATIM/JATIM","SymbolID":0,"AltMode":0,"Base":0,"Clamped":-1,"Extruded":0,"Snippet":"","PopupInfo":"\u003chtml xmlns:fo=\"http://www.w3.org/1999/XSL/Format\" xmlns:msxsl=\"urn:schemas-microsoft-com:xslt\"\u003e\n\u003chead\u003e\n\u003cMETA http-equiv=\"Content-Type\" content=\"text/html\"\u003e\n\u003cmeta http-equiv=\"content-type\" content=\"text/html; charset=UTF-8\"\u003e\n\u003c/head\u003e\n\u003cbody style=\"margin:0px 0px 0px 0px;overflow:auto;background:#FFFFFF;\"\u003e\n\u003ctable style=\"font-family:Arial,Verdana,Times;font-size:12px;text-align:left;width:100%;border-collapse:collapse;padding:3px 3px 3px 3px\"\u003e\n\u003ctr style=\"text-align:center;font-weight:bold;background:#9CBCE2\"\u003e\n\u003ctd\u003e18102566,9293\u003c/td\u003e\n\u003c/tr\u003e\n\u003ctr\u003e\n\u003ctd\u003e\n\u003ctable style=\"font-family:Arial,Verdana,Times;font-size:12px;text-align:left;width:100%;border-spacing:0px; padding:3px 3px 3px 3px\"\u003e\n\u003ctr\u003e\n\u003ctd\u003eFID\u003c/td\u003e\n\u003ctd\u003e0\u003c/td\u003e\n\u003c/tr\u003e\n\u003ctr bgcolor=\"#D4E4F3\"\u003e\n\u003ctd\u003eShape_Leng\u003c/td\u003e\n\u003ctd\u003e18102566,9293\u003c/td\u003e\n\u003c/tr\u003e\n\u003c/table\u003e\n\u003c/td\u003e\n\u003c/tr\u003e\n\u003c/table\u003e\n\u003c/body\u003e\u003cscript type=\"text/javascript\"\u003e\n\t\t\t\tfunction changeImage(attElement, nameElement) {\n\t\t\t\tdocument.getElementById('imageAttachment').src = attElement;\n\t\t\t\tdocument.getElementById('imageName').innerHTML = nameElement;}\n\t\t\t\u003c/script\u003e\u003c/html\u003e\n","FID_active_grids":125,"GridID":"O62","Shape_Length":0.0012428468678145031,"Shape_Area":1.8300042337074391e-08}},{"type":"Feature","id":19421,"geometry":{"type":"Polygon","coordinates":[[[115.85277012800009,-7.1604960839999308],[115.85275046800007,-7.160496291999948],[115.85275056400008,-7.1605053049999583],[115.85274154000001,-7.1605053999999768],[115.85274163500003,-7.1605144139999766],[115.85273261100008,-7.1605145089999382],[115.85273251500007,-7.1605054959999279],[115.85272349100001,-7.1605055909999464],[115.85272358700001,-7.1605146039999568],[115.85269651400006,-7.1605148909999343],[115.85269660900008,-7.1605239039999447],[115.85266953700011,-7.1605241899999328],[115.85266963200002,-7.1605332029999431],[115.85266060800006,-7.1605332989999511],[115.85266070300008,-7.1605423119999614],[115.85263363100012,-7.1605425979999495],[115.85263353500011,-7.1605335849999392],[115.85261548700009,-7.1605337759999657],[115.85261567800001,-7.1605518019999295],[115.85259762900012,-7.1605519929999559],[115.85259772500001,-7.1605610059999663],[115.852579676,-7.1605611969999359],[115.85257977200001,-7.1605702099999462],[115.85253465100004,-7.1605706869999608],[115.85253474600006,-7.1605796999999711],[115.8525076730001,-7.1605799869999487],[115.85250776900011,-7.160588999999959],[115.85248972000011,-7.1605891909999286],[115.85248981600012,-7.160598203999939],[115.85248079200005,-7.1605982989999575],[115.85248088700007,-7.1606073129999572],[115.85246283900005,-7.1606075029999374],[115.85246293400007,-7.1606165169999372],[115.85243586100012,-7.1606168029999253],[115.85243595700001,-7.1606258159999356],[115.85241790800001,-7.1606260069999621],[115.85241800400001,-7.1606350199999724],[115.85239093100006,-7.1606353059999606],[115.85239102700007,-7.1606443189999709],[115.85238200200001,-7.1606444149999788],[115.85238219300004,-7.1606624409999426],[115.85236414500002,-7.1606626319999691],[115.85236424000004,-7.1606716449999794],[115.85234619200003,-7.1606718359999491],[115.85234628700005,-7.1606808489999594],[115.85233726300009,-7.1606809449999673],[115.8523373590001,-7.1606899579999777],[115.85232833400005,-7.1606900529999393],[115.85232852500008,-7.1607080799999494],[115.85231950100001,-7.1607081749999679],[115.85231959700002,-7.1607171889999677],[115.85231057200008,-7.1607172839999294],[115.85231066800009,-7.1607262969999397],[115.85230164400002,-7.1607263929999476],[115.85230173900004,-7.1607354059999579],[115.85229271500009,-7.1607355009999765],[115.85229281000011,-7.1607445149999762],[115.85228378600004,-7.1607446099999379],[115.85228388200005,-7.1607536229999482],[115.85226583300005,-7.1607538139999747],[115.85226592900005,-7.1607628269999282],[115.85225690400011,-7.1607629229999361],[115.85225700000001,-7.1607719359999464],[115.85224797600006,-7.160772030999965],[115.85224807100008,-7.1607810449999647],[115.85223904700001,-7.1607811399999264],[115.85223914200003,-7.1607901529999367],[115.85223011800008,-7.1607902489999447],[115.85223021400009,-7.160799261999955],[115.85222118900003,-7.1607993569999735],[115.85222128500004,-7.1608083709999732],[115.85221226100009,-7.1608084659999349],[115.85221235600011,-7.1608174789999453],[115.85220333200004,-7.1608175749999532],[115.85220342700006,-7.1608265879999635],[115.85219440300011,-7.1608266829999252],[115.85219449900001,-7.1608356969999249],[115.85218547400007,-7.1608357919999435],[115.85218557000007,-7.1608448049999538],[115.85217654600001,-7.1608449009999617],[115.85217664100003,-7.1608539139999721],[115.85216761700008,-7.1608540089999337],[115.8521677120001,-7.1608630229999335],[115.85215868800003,-7.160863117999952],[115.85215878400004,-7.1608721309999623],[115.8521497590001,-7.1608722269999703],[115.85214985500011,-7.1608812399999806],[115.85214083100004,-7.1608813349999423],[115.85214092600006,-7.1608903479999526],[115.85213190200011,-7.1608904439999606],[115.85213199700001,-7.1608994569999709],[115.85212297300006,-7.1608995529999788],[115.85212306900007,-7.1609085659999323],[115.85211404400002,-7.1609086609999508],[115.85211414000003,-7.1609176739999612],[115.85210511600008,-7.1609177699999691],[115.85210521100009,-7.1609267829999794],[115.85208716300008,-7.160926973999949],[115.8520872580001,-7.1609359869999594],[115.85207823400003,-7.1609360829999673],[115.85207832900005,-7.1609450959999776],[115.8520693050001,-7.1609451909999393],[115.85206940100011,-7.1609542039999496],[115.85211729600007,-7.1609536979999575],[115.85214361800001,-7.1609336659999485],[115.85244623100004,-7.1607169279999425],[115.85277012800009,-7.1604960839999308]]]},"properties":{"OBJECTID":19421,"FID_mangrove_utm":19364,"OBJECTID_1":19364,"Name":"18102566,9293","FolderPath":"JATIM/JATIM","SymbolID":0,"AltMode":0,"Base":0,"Clamped":-1,"Extruded":0,"Snippet":"","PopupInfo":"\u003chtml xmlns:fo=\"http://www.w3.org/1999/XSL/Format\" xmlns:msxsl=\"urn:schemas-microsoft-com:xslt\"\u003e\n\u003chead\u003e\n\u003cMETA http-equiv=\"Content-Type\" content=\"text/html\"\u003e\n\u003cmeta http-equiv=\"content-type\" content=\"text/html; charset=UTF-8\"\u003e\n\u003c/head\u003e\n\u003cbody style=\"margin:0px 0px 0px 0px;overflow:auto;background:#FFFFFF;\"\u003e\n\u003ctable style=\"font-family:Arial,Verdana,Times;font-size:12px;text-align:left;width:100%;border-collapse:collapse;padding:3px 3px 3px 3px\"\u003e\n\u003ctr style=\"text-align:center;font-weight:bold;background:#9CBCE2\"\u003e\n\u003ctd\u003e18102566,9293\u003c/td\u003e\n\u003c/tr\u003e\n\u003ctr\u003e\n\u003ctd\u003e\n\u003ctable style=\"font-family:Arial,Verdana,Times;font-size:12px;text-align:left;width:100%;border-spacing:0px; padding:3px 3px 3px 3px\"\u003e\n\u003ctr\u003e\n\u003ctd\u003eFID\u003c/td\u003e\n\u003ctd\u003e0\u003c/td\u003e\n\u003c/tr\u003e\n\u003ctr bgcolor=\"#D4E4F3\"\u003e\n\u003ctd\u003eShape_Leng\u003c/td\u003e\n\u003ctd\u003e18102566,9293\u003c/td\u003e\n\u003c/tr\u003e\n\u003c/table\u003e\n\u003c/td\u003e\n\u003c/tr\u003e\n\u003c/table\u003e\n\u003c/body\u003e\u003cscript type=\"text/javascript\"\u003e\n\t\t\t\tfunction changeImage(attElement, nameElement) {\n\t\t\t\tdocument.getElementById('imageAttachment').src = attElement;\n\t\t\t\tdocument.getElementById('imageName').innerHTML = nameElement;}\n\t\t\t\u003c/script\u003e\u003c/html\u003e\n","FID_active_grids":125,"GridID":"O62","Shape_Length":0.0020375012228554378,"Shape_Area":4.6862911454934284e-08}},{"type":"Feature","id":19431,"geometry":{"type":"Polygon","coordinates":[[[115.85282384400011,-7.1604594589999806],[115.85282228000005,-7.1604594759999713],[115.85282229100005,-7.1604605179999794],[115.85282384400011,-7.1604594589999806]]]},"properties":{"OBJECTID":19431,"FID_mangrove_utm":19374,"OBJECTID_1":19374,"Name":"18102566,9293","FolderPath":"JATIM/JATIM","SymbolID":0,"AltMode":0,"Base":0,"Clamped":-1,"Extruded":0,"Snippet":"","PopupInfo":"\u003chtml xmlns:fo=\"http://www.w3.org/1999/XSL/Format\" xmlns:msxsl=\"urn:schemas-microsoft-com:xslt\"\u003e\n\u003chead\u003e\n\u003cMETA http-equiv=\"Content-Type\" content=\"text/html\"\u003e\n\u003cmeta http-equiv=\"content-type\" content=\"text/html; charset=UTF-8\"\u003e\n\u003c/head\u003e\n\u003cbody style=\"margin:0px 0px 0px 0px;overflow:auto;background:#FFFFFF;\"\u003e\n\u003ctable style=\"font-family:Arial,Verdana,Times;font-size:12px;text-align:left;width:100%;border-collapse:collapse;padding:3px 3px 3px 3px\"\u003e\n\u003ctr style=\"text-align:center;font-weight:bold;background:#9CBCE2\"\u003e\n\u003ctd\u003e18102566,9293\u003c/td\u003e\n\u003c/tr\u003e\n\u003ctr\u003e\n\u003ctd\u003e\n\u003ctable style=\"font-family:Arial,Verdana,Times;font-size:12px;text-align:left;width:100%;border-spacing:0px; padding:3px 3px 3px 3px\"\u003e\n\u003ctr\u003e\n\u003ctd\u003eFID\u003c/td\u003e\n\u003ctd\u003e0\u003c/td\u003e\n\u003c/tr\u003e\n\u003ctr bgcolor=\"#D4E4F3\"\u003e\n\u003ctd\u003eShape_Leng\u003c/td\u003e\n\u003ctd\u003e18102566,9293\u003c/td\u003e\n\u003c/tr\u003e\n\u003c/table\u003e\n\u003c/td\u003e\n\u003c/tr\u003e\n\u003c/table\u003e\n\u003c/body\u003e\u003cscript type=\"text/javascript\"\u003e\n\t\t\t\tfunction changeImage(attElement, nameElement) {\n\t\t\t\tdocument.getElementById('imageAttachment').src = attElement;\n\t\t\t\tdocument.getElementById('imageName').innerHTML = nameElement;}\n\t\t\t\u003c/script\u003e\u003c/html\u003e\n","FID_active_grids":125,"GridID":"O62","Shape_Length":4.4858553284248712e-06,"Shape_Area":8.1493753662748192e-13}},{"type":"Feature","id":19436,"geometry":{"type":"Polygon","coordinates":[[[115.88017054300008,-7.1600704279999263],[115.88016403800009,-7.1600652539999601],[115.88016409300008,-7.1600704959999462],[115.88017054300008,-7.1600704279999263]]]},"properties":{"OBJECTID":19436,"FID_mangrove_utm":19379,"OBJECTID_1":19379,"Name":"18102566,9293","FolderPath":"JATIM/JATIM","SymbolID":0,"AltMode":0,"Base":0,"Clamped":-1,"Extruded":0,"Snippet":"","PopupInfo":"\u003chtml xmlns:fo=\"http://www.w3.org/1999/XSL/Format\" xmlns:msxsl=\"urn:schemas-microsoft-com:xslt\"\u003e\n\u003chead\u003e\n\u003cMETA http-equiv=\"Content-Type\" content=\"text/html\"\u003e\n\u003cmeta http-equiv=\"content-type\" content=\"text/html; charset=UTF-8\"\u003e\n\u003c/head\u003e\n\u003cbody style=\"margin:0px 0px 0px 0px;overflow:auto;background:#FFFFFF;\"\u003e\n\u003ctable style=\"font-family:Arial,Verdana,Times;font-size:12px;text-align:left;width:100%;border-collapse:collapse;padding:3px 3px 3px 3px\"\u003e\n\u003ctr style=\"text-align:center;font-weight:bold;background:#9CBCE2\"\u003e\n\u003ctd\u003e18102566,9293\u003c/td\u003e\n\u003c/tr\u003e\n\u003ctr\u003e\n\u003ctd\u003e\n\u003ctable style=\"font-family:Arial,Verdana,Times;font-size:12px;text-align:left;width:100%;border-spacing:0px; padding:3px 3px 3px 3px\"\u003e\n\u003ctr\u003e\n\u003ctd\u003eFID\u003c/td\u003e\n\u003ctd\u003e0\u003c/td\u003e\n\u003c/tr\u003e\n\u003ctr bgcolor=\"#D4E4F3\"\u003e\n\u003ctd\u003eShape_Leng\u003c/td\u003e\n\u003ctd\u003e18102566,9293\u003c/td\u003e\n\u003c/tr\u003e\n\u003c/table\u003e\n\u003c/td\u003e\n\u003c/tr\u003e\n\u003c/table\u003e\n\u003c/body\u003e\u003cscript type=\"text/javascript\"\u003e\n\t\t\t\tfunction changeImage(attElement, nameElement) {\n\t\t\t\tdocument.getElementById('imageAttachment').src = attElement;\n\t\t\t\tdocument.getElementById('imageName').innerHTML = nameElement;}\n\t\t\t\u003c/script\u003e\u003c/html\u003e\n","FID_active_grids":125,"GridID":"O62","Shape_Length":2.0004403716637574e-05,"Shape_Area":1.690731995722811e-11}},{"type":"Feature","id":19445,"geometry":{"type":"Polygon","coordinates":[[[115.84143776100007,-7.1601199379999798],[115.84141549500009,-7.1601201729999389],[115.84145826300005,-7.1601500579999424],[115.84232696100003,-7.1616450179999447],[115.84259307600007,-7.1619671869999593],[115.84295582100003,-7.1624680399999647],[115.84308347600006,-7.1626350889999344],[115.84318059500004,-7.1626988219999248],[115.84328966800001,-7.1626973779999616],[115.84330461200011,-7.162678365999966],[115.84329697200008,-7.1626784459999726],[115.84329678200004,-7.162660419999952],[115.8432877570001,-7.1626605149999705],[115.84328766200008,-7.1626515009999707],[115.84326961300007,-7.1626516919999403],[115.84326951800006,-7.16264267899993],[115.84326049300012,-7.1626427739999485],[115.8432603980001,-7.1626337599999488],[115.84325137400003,-7.1626338559999567],[115.84325127800003,-7.162624841999957],[115.84324225400007,-7.1626249369999755],[115.84324215900006,-7.1626159239999652],[115.84323313400012,-7.1626160189999268],[115.8432330390001,-7.1626070059999734],[115.84321499000009,-7.1626071959999535],[115.84321479900007,-7.1625891699999329],[115.84320577500011,-7.1625892649999514],[115.84320548900007,-7.162562224999931],[115.84319646400002,-7.1625623199999495],[115.84319589200004,-7.1625082399999656],[115.84318686800009,-7.1625083349999272],[115.84318667700006,-7.162490307999974],[115.84317765300011,-7.1624904029999357],[115.84317755800009,-7.1624813899999253],[115.84316853300004,-7.1624814849999439],[115.84316824700011,-7.1624544449999803],[115.84315922300004,-7.162454539999942],[115.84315903200002,-7.1624365129999319],[115.84315000800007,-7.1624366089999398],[115.84314972200002,-7.16240956799993],[115.84314069700008,-7.1624096639999379],[115.84314060200006,-7.1624006499999382],[115.84312255300006,-7.1624008409999647],[115.84312226700001,-7.1623737999999548],[115.84311324300006,-7.1623738959999628],[115.84311314700005,-7.162364881999963],[115.8431041230001,-7.162364977999971],[115.84310374200004,-7.1623289239999508],[115.8430947170001,-7.1623290189999693],[115.84309462200008,-7.162320005999959],[115.84306754900001,-7.1623202909999577],[115.8430673580001,-7.1623022649999371],[115.84305833300004,-7.1623023599999556],[115.84305823800003,-7.1622933459999558],[115.84304921400008,-7.1622934419999638],[115.84304911800007,-7.162284427999964],[115.84303107000005,-7.1622846189999336],[115.84303097400004,-7.1622756049999339],[115.84302195000009,-7.1622757009999418],[115.84302175900007,-7.1622576739999317],[115.84300371000006,-7.1622578639999688],[115.84300361500004,-7.1622488509999584],[115.84298556600004,-7.1622490409999386],[115.84298547100002,-7.1622400279999283],[115.84294937300001,-7.162240408999935],[115.84294927800011,-7.1622313949999352],[115.8429312290001,-7.1622315859999617],[115.84293113400008,-7.1622225719999619],[115.84292210900003,-7.1622226679999699],[115.84292201400001,-7.1622136539999701],[115.84291299000006,-7.1622137489999318],[115.84291308500008,-7.1622227629999315],[115.84289503600007,-7.1622229529999686],[115.84289475000003,-7.1621959129999482],[115.84288572600008,-7.1621960079999667],[115.84288563000007,-7.1621869949999564],[115.84287660600012,-7.1621870899999749],[115.84287641500009,-7.1621690629999648],[115.84286739100003,-7.1621691589999728],[115.84286720000011,-7.1621511319999627],[115.84285817600005,-7.1621512269999812],[115.84285808100003,-7.1621422139999709],[115.84284905600009,-7.1621423089999325],[115.84284896100007,-7.1621332949999328],[115.84283993600002,-7.1621333909999407],[115.84283984100011,-7.162124376999941],[115.84283081700005,-7.1621244719999595],[115.84283072100004,-7.1621154589999492],[115.84282169700009,-7.1621155539999677],[115.84282160200007,-7.1621065409999574],[115.84281257700002,-7.1621066359999759],[115.84281248200011,-7.1620976229999656],[115.84279443300011,-7.1620978129999457],[115.84279433800009,-7.1620887999999354],[115.84278531300004,-7.1620888949999539],[115.84278521800002,-7.1620798819999436],[115.84277619400007,-7.1620799769999621],[115.84277609800006,-7.1620709629999624],[115.84276707400011,-7.1620710589999703],[115.84276697900009,-7.1620620449999706],[115.84275795400004,-7.1620621399999322],[115.84275785900002,-7.1620531269999788],[115.84273981000001,-7.162053316999959],[115.84273971500011,-7.1620443039999486],[115.84273069000005,-7.1620443989999671],[115.84273059500003,-7.1620353859999568],[115.84271254600003,-7.162035575999937],[115.84271235500012,-7.1620175489999269],[115.8426943070001,-7.1620177399999534],[115.84269421100009,-7.1620087259999536],[115.84265811400007,-7.1620091069999603],[115.84265801800007,-7.16200009399995],[115.84262192100005,-7.1620004749999566],[115.84262182500004,-7.1619914609999569],[115.84261280100009,-7.1619915569999648],[115.84261270600007,-7.1619825429999651],[115.84262173000002,-7.1619824479999465],[115.84262153900011,-7.1619644209999365],[115.84261251500004,-7.161964515999955],[115.84261242000002,-7.1619555029999447],[115.84260339500008,-7.1619555979999632],[115.84260320500005,-7.1619375709999531],[115.84258515600004,-7.1619377619999796],[115.84258487000011,-7.1619107219999592],[115.84257584600005,-7.1619108169999777],[115.84257536900009,-7.1618657499999472],[115.84256634400003,-7.1618658449999657],[115.84256615400011,-7.1618478179999556],[115.84255712900006,-7.1618479129999741],[115.84255674800011,-7.1618118599999434],[115.84252967500004,-7.1618121449999421],[115.84252958000002,-7.1618031319999318],[115.84252055500008,-7.1618032269999503],[115.84252036500004,-7.1617851999999402],[115.8425113400001,-7.1617852959999482],[115.84251124500008,-7.1617762819999484],[115.84250222000003,-7.1617763769999669],[115.84250212500001,-7.1617673639999566],[115.84249310100006,-7.1617674589999751],[115.84249300500005,-7.1617584459999648],[115.8424839810001,-7.1617585409999265],[115.84248379000007,-7.1617405139999732],[115.84247476600001,-7.1617406089999349],[115.8424746710001,-7.1617315959999814],[115.84246564600005,-7.1617316909999431],[115.84246555100003,-7.1617226779999328],[115.84245652700008,-7.1617227729999513],[115.84245643100007,-7.161713759999941],[115.84244740700001,-7.1617138549999595],[115.8424472160001,-7.1616958279999494],[115.84243819200003,-7.1616959229999679],[115.84243809600002,-7.1616869099999576],[115.84242907200007,-7.1616870049999761],[115.84242888100005,-7.161668977999966],[115.84241083300003,-7.1616691689999357],[115.84241073700002,-7.1616601549999359],[115.84240171300007,-7.1616602499999544],[115.84240152200005,-7.1616422239999338],[115.84239249800009,-7.1616423189999523],[115.84239230700007,-7.1616242919999422],[115.84238328300012,-7.1616243869999607],[115.84238299700007,-7.1615973469999403],[115.84237397200002,-7.1615974419999588],[115.84237387700011,-7.1615884289999485],[115.84235582800011,-7.1615886189999287],[115.84235573300009,-7.1615796059999752],[115.84234670900003,-7.1615797009999369],[115.84234651800011,-7.1615616739999268],[115.84233749400005,-7.1615617689999453],[115.84233739800004,-7.161552755999935],[115.84232837400009,-7.1615528509999535],[115.84232827900007,-7.1615438379999432],[115.84231925400002,-7.1615439329999617],[115.84231915900011,-7.1615349199999514],[115.84231013400006,-7.1615350149999699],[115.84230994400002,-7.1615169879999598],[115.84230091900008,-7.1615170829999784],[115.84230082400006,-7.161508069999968],[115.84229180000011,-7.1615081649999297],[115.84229160900009,-7.1614901379999765],[115.84228258500002,-7.1614902329999381],[115.84228229900009,-7.1614631929999746],[115.84227327400004,-7.1614632879999363],[115.84227308400011,-7.1614452619999724],[115.84226405900006,-7.1614453569999341],[115.84226377300001,-7.1614183169999706],[115.84225474900006,-7.1614184119999322],[115.84225455800004,-7.161400384999979],[115.84224553400009,-7.1614004799999407],[115.84224534300006,-7.1613824529999306],[115.84223631900011,-7.1613825489999385],[115.84223622400009,-7.1613735349999388],[115.84222719900004,-7.1613736299999573],[115.8422269130001,-7.1613465899999369],[115.84221788900004,-7.1613466849999554],[115.84221769800001,-7.1613286579999453],[115.84220867400006,-7.1613287539999533],[115.84220848300004,-7.1613107269999432],[115.84219945900008,-7.1613108219999617],[115.84219907800002,-7.1612747679999416],[115.84219005300008,-7.1612748639999495],[115.84218995800006,-7.1612658499999498],[115.84218093400011,-7.1612659449999683],[115.84218074300009,-7.1612479189999476],[115.84217171900002,-7.1612480139999661],[115.84217162300001,-7.1612389999999664],[115.84216259900006,-7.1612390959999743],[115.84216250400004,-7.1612300819999746],[115.8421534790001,-7.1612301769999362],[115.84215338400008,-7.1612211639999259],[115.84214435900003,-7.1612212589999444],[115.84214426400001,-7.1612122459999341],[115.84213524000006,-7.1612123409999526],[115.84213514400005,-7.1612033279999423],[115.8421261200001,-7.1612034229999608],[115.84212602500008,-7.1611944089999611],[115.84211700000003,-7.1611945039999796],[115.84211681000011,-7.1611764779999589],[115.84212583400006,-7.161176381999951],[115.84212564400002,-7.1611583559999303],[115.84211661900008,-7.1611584509999489],[115.84211642900004,-7.1611404239999388],[115.8421074040001,-7.1611405189999573],[115.84210730900008,-7.161131505999947],[115.84208926000008,-7.1611316959999272],[115.84208916500006,-7.1611226829999737],[115.84208014000001,-7.1611227779999354],[115.84207985400008,-7.1610957379999718],[115.84207083000001,-7.1610958329999335],[115.84207073500011,-7.16108681999998],[115.84206171000005,-7.1610869149999417],[115.84206161500003,-7.1610779009999419],[115.84205259100008,-7.1610779969999498],[115.84205240000006,-7.1610599699999398],[115.84204337600011,-7.1610600649999583],[115.84204318500008,-7.1610420379999482],[115.84203416100002,-7.1610421329999667],[115.84203387500008,-7.1610150929999463],[115.84202485000003,-7.1610151879999648],[115.84202466000011,-7.1609971609999548],[115.84201563500005,-7.1609972569999627],[115.84201515900008,-7.1609521899999322],[115.84199711000008,-7.1609523799999693],[115.84199672900002,-7.1609163259999491],[115.84198770400008,-7.1609164209999676],[115.84198760900006,-7.1609074079999573],[115.84197858500011,-7.1609075029999758],[115.84197810800003,-7.1608624359999453],[115.84196006000002,-7.1608626269999718],[115.84195996400001,-7.160853612999972],[115.84195094000006,-7.1608537079999337],[115.84195074900003,-7.1608356819999699],[115.84194172500008,-7.1608357769999316],[115.84194124800001,-7.1607907099999579],[115.84193222400006,-7.1607908049999764],[115.84193203300003,-7.1607727779999664],[115.84192300900008,-7.160772872999928],[115.84192291400007,-7.1607638599999746],[115.84190486500006,-7.1607640499999548],[115.84190467400003,-7.1607460229999447],[115.84189565000008,-7.1607461189999526],[115.84189555500006,-7.1607371049999529],[115.84188653000001,-7.1607371999999714],[115.84188634000009,-7.1607191729999613],[115.84187731500003,-7.1607192689999692],[115.84187722000001,-7.1607102549999695],[115.84186819600006,-7.1607103499999312],[115.84186810000006,-7.1607013369999777],[115.84185907600011,-7.1607014319999394],[115.84185898100009,-7.160692418999929],[115.84184995600003,-7.1606925139999476],[115.84184976600011,-7.1606744869999375],[115.84184074100006,-7.160674581999956],[115.84184055100002,-7.1606565549999459],[115.84183152600008,-7.1606566509999539],[115.84183133600004,-7.1606386239999438],[115.8418223110001,-7.1606387189999623],[115.84182221600008,-7.160629705999952],[115.84181319200002,-7.1606298009999705],[115.84181300100011,-7.1606117739999604],[115.84180397700004,-7.1606118689999789],[115.84180378600001,-7.1605938419999688],[115.84179476200006,-7.1605939369999305],[115.84179466600006,-7.160584923999977],[115.8417856420001,-7.1605850189999387],[115.84178554700009,-7.1605760059999284],[115.84176749800008,-7.1605761959999654],[115.84176702100001,-7.1605311289999349],[115.84175799700006,-7.1605312239999535],[115.84175780700002,-7.1605131969999434],[115.84174878200008,-7.1605132929999513],[115.84174868700006,-7.1605042789999516],[115.84173966200001,-7.1605043739999701],[115.84173947200009,-7.1604863479999494],[115.84173044700003,-7.1604864429999679],[115.84173035200001,-7.1604774289999682],[115.84172132800006,-7.1604775249999761],[115.84172104200002,-7.1604504839999663],[115.84171201800007,-7.160450578999928],[115.84171173200002,-7.1604235389999644],[115.84170270700008,-7.1604236339999261],[115.84170251700004,-7.1604056079999623],[115.84168446800004,-7.1604057979999425],[115.84168437300002,-7.1603967849999322],[115.84167534800008,-7.1603968799999507],[115.84167515800004,-7.1603788529999406],[115.8416661330001,-7.1603789479999591],[115.84166603800008,-7.1603699349999488],[115.84167506200004,-7.1603698389999408],[115.84167477700009,-7.1603427989999773],[115.84166575200004,-7.160342893999939],[115.84166556200012,-7.1603248679999751],[115.84165653700006,-7.1603249629999368],[115.84165644200004,-7.1603159489999371],[115.84164741800009,-7.1603160439999556],[115.84164732200009,-7.1603070309999453],[115.84163829800002,-7.1603071259999638],[115.84163791700007,-7.160271072999933],[115.84162889200002,-7.1602711679999516],[115.84162860700008,-7.1602441269999417],[115.84161958200002,-7.1602442229999497],[115.84161948700012,-7.1602352089999499],[115.84161046200006,-7.1602353039999684],[115.84161036700004,-7.1602262909999581],[115.84160134300009,-7.1602263859999766],[115.84160124800007,-7.1602173729999663],[115.84159222300002,-7.160217467999928],[115.84159212800012,-7.1602084549999745],[115.84158310400005,-7.1602085499999362],[115.84158300800004,-7.1601995359999364],[115.84157398400009,-7.1601996309999549],[115.84157388900007,-7.1601906179999446],[115.84156486400002,-7.1601907129999631],[115.84156476900012,-7.1601816999999528],[115.84154672000011,-7.160181889999933],[115.84154662500009,-7.1601728769999795],[115.84153760000004,-7.1601729719999412],[115.84153741000011,-7.1601549449999311],[115.84151033700005,-7.1601552309999761],[115.84151024100004,-7.1601462169999763],[115.84149219300002,-7.1601464069999565],[115.84149209700001,-7.1601373939999462],[115.84146502400006,-7.1601376789999449],[115.84146492900004,-7.1601286659999346],[115.84143785600008,-7.1601289519999796],[115.84143776100007,-7.1601199379999798]],[[115.84169387400004,-7.1604417559999547],[115.84170289800011,-7.1604416609999362],[115.84170299300001,-7.1604506749999359],[115.84169396900006,-7.1604507699999544],[115.84169387400004,-7.1604417559999547]],[[115.84182269200005,-7.1606747729999256],[115.8418317170001,-7.1606746769999745],[115.84183181200001,-7.1606836909999743],[115.84182278800006,-7.1606837859999359],[115.84182269200005,-7.1606747729999256]]]},"properties":{"OBJECTID":19445,"FID_mangrove_utm":19388,"OBJECTID_1":19388,"Name":"18102566,9293","FolderPath":"JATIM/JATIM","SymbolID":0,"AltMode":0,"Base":0,"Clamped":-1,"Extruded":0,"Snippet":"","PopupInfo":"\u003chtml xmlns:fo=\"http://www.w3.org/1999/XSL/Format\" xmlns:msxsl=\"urn:schemas-microsoft-com:xslt\"\u003e\n\u003chead\u003e\n\u003cMETA http-equiv=\"Content-Type\" content=\"text/html\"\u003e\n\u003cmeta http-equiv=\"content-type\" content=\"text/html; charset=UTF-8\"\u003e\n\u003c/head\u003e\n\u003cbody style=\"margin:0px 0px 0px 0px;overflow:auto;background:#FFFFFF;\"\u003e\n\u003ctable style=\"font-family:Arial,Verdana,Times;font-size:12px;text-align:left;width:100%;border-collapse:collapse;padding:3px 3px 3px 3px\"\u003e\n\u003ctr style=\"text-align:center;font-weight:bold;background:#9CBCE2\"\u003e\n\u003ctd\u003e18102566,9293\u003c/td\u003e\n\u003c/tr\u003e\n\u003ctr\u003e\n\u003ctd\u003e\n\u003ctable style=\"font-family:Arial,Verdana,Times;font-size:12px;text-align:left;width:100%;border-spacing:0px; padding:3px 3px 3px 3px\"\u003e\n\u003ctr\u003e\n\u003ctd\u003eFID\u003c/td\u003e\n\u003ctd\u003e0\u003c/td\u003e\n\u003c/tr\u003e\n\u003ctr bgcolor=\"#D4E4F3\"\u003e\n\u003ctd\u003eShape_Leng\u003c/td\u003e\n\u003ctd\u003e18102566,9293\u003c/td\u003e\n\u003c/tr\u003e\n\u003c/table\u003e\n\u003c/td\u003e\n\u003c/tr\u003e\n\u003c/table\u003e\n\u003c/body\u003e\u003cscript type=\"text/javascript\"\u003e\n\t\t\t\tfunction changeImage(attElement, nameElement) {\n\t\t\t\tdocument.getElementById('imageAttachment').src = attElement;\n\t\t\t\tdocument.getElementById('imageName').innerHTML = nameElement;}\n\t\t\t\u003c/script\u003e\u003c/html\u003e\n","FID_active_grids":125,"GridID":"O62","Shape_Length":0.0078614258962630967,"Shape_Area":2.5690180418154638e-07}},{"type":"Feature","id":19446,"geometry":{"type":"Polygon","coordinates":[[[115.8414105920001,-7.1601112099999682],[115.84140278600012,-7.1601112929999431],[115.84141065100005,-7.1601167879999252],[115.8414105920001,-7.1601112099999682]]]},"properties":{"OBJECTID":19446,"FID_mangrove_utm":19389,"OBJECTID_1":19389,"Name":"18102566,9293","FolderPath":"JATIM/JATIM","SymbolID":0,"AltMode":0,"Base":0,"Clamped":-1,"Extruded":0,"Snippet":"","PopupInfo":"\u003chtml xmlns:fo=\"http://www.w3.org/1999/XSL/Format\" xmlns:msxsl=\"urn:schemas-microsoft-com:xslt\"\u003e\n\u003chead\u003e\n\u003cMETA http-equiv=\"Content-Type\" content=\"text/html\"\u003e\n\u003cmeta http-equiv=\"content-type\" content=\"text/html; charset=UTF-8\"\u003e\n\u003c/head\u003e\n\u003cbody style=\"margin:0px 0px 0px 0px;overflow:auto;background:#FFFFFF;\"\u003e\n\u003ctable style=\"font-family:Arial,Verdana,Times;font-size:12px;text-align:left;width:100%;border-collapse:collapse;padding:3px 3px 3px 3px\"\u003e\n\u003ctr style=\"text-align:center;font-weight:bold;background:#9CBCE2\"\u003e\n\u003ctd\u003e18102566,9293\u003c/td\u003e\n\u003c/tr\u003e\n\u003ctr\u003e\n\u003ctd\u003e\n\u003ctable style=\"font-family:Arial,Verdana,Times;font-size:12px;text-align:left;width:100%;border-spacing:0px; padding:3px 3px 3px 3px\"\u003e\n\u003ctr\u003e\n\u003ctd\u003eFID\u003c/td\u003e\n\u003ctd\u003e0\u003c/td\u003e\n\u003c/tr\u003e\n\u003ctr bgcolor=\"#D4E4F3\"\u003e\n\u003ctd\u003eShape_Leng\u003c/td\u003e\n\u003ctd\u003e18102566,9293\u003c/td\u003e\n\u003c/tr\u003e\n\u003c/table\u003e\n\u003c/td\u003e\n\u003c/tr\u003e\n\u003c/table\u003e\n\u003c/body\u003e\u003cscript type=\"text/javascript\"\u003e\n\t\t\t\tfunction changeImage(attElement, nameElement) {\n\t\t\t\tdocument.getElementById('imageAttachment').src = attElement;\n\t\t\t\tdocument.getElementById('imageName').innerHTML = nameElement;}\n\t\t\t\u003c/script\u003e\u003c/html\u003e\n","FID_active_grids":125,"GridID":"O62","Shape_Length":2.2979191637826686e-05,"Shape_Area":2.1773382287635085e-11}},{"type":"Feature","id":19447,"geometry":{"type":"Polygon","coordinates":[[[115.84140147200003,-7.1601022919999764],[115.84139007800002,-7.1601024119999579],[115.84140155900002,-7.1601104349999787],[115.84140147200003,-7.1601022919999764]]]},"properties":{"OBJECTID":19447,"FID_mangrove_utm":19390,"OBJECTID_1":19390,"Name":"18102566,9293","FolderPath":"JATIM/JATIM","SymbolID":0,"AltMode":0,"Base":0,"Clamped":-1,"Extruded":0,"Snippet":"","PopupInfo":"\u003chtml xmlns:fo=\"http://www.w3.org/1999/XSL/Format\" xmlns:msxsl=\"urn:schemas-microsoft-com:xslt\"\u003e\n\u003chead\u003e\n\u003cMETA http-equiv=\"Content-Type\" content=\"text/html\"\u003e\n\u003cmeta http-equiv=\"content-type\" content=\"text/html; charset=UTF-8\"\u003e\n\u003c/head\u003e\n\u003cbody style=\"margin:0px 0px 0px 0px;overflow:auto;background:#FFFFFF;\"\u003e\n\u003ctable style=\"font-family:Arial,Verdana,Times;font-size:12px;text-align:left;width:100%;border-collapse:collapse;padding:3px 3px 3px 3px\"\u003e\n\u003ctr style=\"text-align:center;font-weight:bold;background:#9CBCE2\"\u003e\n\u003ctd\u003e18102566,9293\u003c/td\u003e\n\u003c/tr\u003e\n\u003ctr\u003e\n\u003ctd\u003e\n\u003ctable style=\"font-family:Arial,Verdana,Times;font-size:12px;text-align:left;width:100%;border-spacing:0px; padding:3px 3px 3px 3px\"\u003e\n\u003ctr\u003e\n\u003ctd\u003eFID\u003c/td\u003e\n\u003ctd\u003e0\u003c/td\u003e\n\u003c/tr\u003e\n\u003ctr bgcolor=\"#D4E4F3\"\u003e\n\u003ctd\u003eShape_Leng\u003c/td\u003e\n\u003ctd\u003e18102566,9293\u003c/td\u003e\n\u003c/tr\u003e\n\u003c/table\u003e\n\u003c/td\u003e\n\u003c/tr\u003e\n\u003c/table\u003e\n\u003c/body\u003e\u003cscript type=\"text/javascript\"\u003e\n\t\t\t\tfunction changeImage(attElement, nameElement) {\n\t\t\t\tdocument.getElementById('imageAttachment').src = attElement;\n\t\t\t\tdocument.getElementById('imageName').innerHTML = nameElement;}\n\t\t\t\u003c/script\u003e\u003c/html\u003e\n","FID_active_grids":125,"GridID":"O62","Shape_Length":3.3544591227718126e-05,"Shape_Area":4.6395891060203332e-11}},{"type":"Feature","id":19449,"geometry":{"type":"Polygon","coordinates":[[[115.85805435500004,-7.1598903309999287],[115.85805086700009,-7.1598903679999353],[115.85805090100007,-7.1598935589999542],[115.85805435500004,-7.1598903309999287]]]},"properties":{"OBJECTID":19449,"FID_mangrove_utm":19392,"OBJECTID_1":19392,"Name":"18102566,9293","FolderPath":"JATIM/JATIM","SymbolID":0,"AltMode":0,"Base":0,"Clamped":-1,"Extruded":0,"Snippet":"","PopupInfo":"\u003chtml xmlns:fo=\"http://www.w3.org/1999/XSL/Format\" xmlns:msxsl=\"urn:schemas-microsoft-com:xslt\"\u003e\n\u003chead\u003e\n\u003cMETA http-equiv=\"Content-Type\" content=\"text/html\"\u003e\n\u003cmeta http-equiv=\"content-type\" content=\"text/html; charset=UTF-8\"\u003e\n\u003c/head\u003e\n\u003cbody style=\"margin:0px 0px 0px 0px;overflow:auto;background:#FFFFFF;\"\u003e\n\u003ctable style=\"font-family:Arial,Verdana,Times;font-size:12px;text-align:left;width:100%;border-collapse:collapse;padding:3px 3px 3px 3px\"\u003e\n\u003ctr style=\"text-align:center;font-weight:bold;background:#9CBCE2\"\u003e\n\u003ctd\u003e18102566,9293\u003c/td\u003e\n\u003c/tr\u003e\n\u003ctr\u003e\n\u003ctd\u003e\n\u003ctable style=\"font-family:Arial,Verdana,Times;font-size:12px;text-align:left;width:100%;border-spacing:0px; padding:3px 3px 3px 3px\"\u003e\n\u003ctr\u003e\n\u003ctd\u003eFID\u003c/td\u003e\n\u003ctd\u003e0\u003c/td\u003e\n\u003c/tr\u003e\n\u003ctr bgcolor=\"#D4E4F3\"\u003e\n\u003ctd\u003eShape_Leng\u003c/td\u003e\n\u003ctd\u003e18102566,9293\u003c/td\u003e\n\u003c/tr\u003e\n\u003c/table\u003e\n\u003c/td\u003e\n\u003c/tr\u003e\n\u003c/table\u003e\n\u003c/body\u003e\u003cscript type=\"text/javascript\"\u003e\n\t\t\t\tfunction changeImage(attElement, nameElement) {\n\t\t\t\tdocument.getElementById('imageAttachment').src = attElement;\n\t\t\t\tdocument.getElementById('imageName').innerHTML = nameElement;}\n\t\t\t\u003c/script\u003e\u003c/html\u003e\n","FID_active_grids":125,"GridID":"O62","Shape_Length":1.1406966564603426e-05,"Shape_Area":5.565732949006269e-12}},{"type":"Feature","id":19451,"geometry":{"type":"Polygon","coordinates":[[[115.8580641100001,-7.1598812139999382],[115.85805979600002,-7.1598812589999739],[115.85805983800003,-7.1598852069999452],[115.8580641100001,-7.1598812139999382]]]},"properties":{"OBJECTID":19451,"FID_mangrove_utm":19394,"OBJECTID_1":19394,"Name":"18102566,9293","FolderPath":"JATIM/JATIM","SymbolID":0,"AltMode":0,"Base":0,"Clamped":-1,"Extruded":0,"Snippet":"","PopupInfo":"\u003chtml xmlns:fo=\"http://www.w3.org/1999/XSL/Format\" xmlns:msxsl=\"urn:schemas-microsoft-com:xslt\"\u003e\n\u003chead\u003e\n\u003cMETA http-equiv=\"Content-Type\" content=\"text/html\"\u003e\n\u003cmeta http-equiv=\"content-type\" content=\"text/html; charset=UTF-8\"\u003e\n\u003c/head\u003e\n\u003cbody style=\"margin:0px 0px 0px 0px;overflow:auto;background:#FFFFFF;\"\u003e\n\u003ctable style=\"font-family:Arial,Verdana,Times;font-size:12px;text-align:left;width:100%;border-collapse:collapse;padding:3px 3px 3px 3px\"\u003e\n\u003ctr style=\"text-align:center;font-weight:bold;background:#9CBCE2\"\u003e\n\u003ctd\u003e18102566,9293\u003c/td\u003e\n\u003c/tr\u003e\n\u003ctr\u003e\n\u003ctd\u003e\n\u003ctable style=\"font-family:Arial,Verdana,Times;font-size:12px;text-align:left;width:100%;border-spacing:0px; padding:3px 3px 3px 3px\"\u003e\n\u003ctr\u003e\n\u003ctd\u003eFID\u003c/td\u003e\n\u003ctd\u003e0\u003c/td\u003e\n\u003c/tr\u003e\n\u003ctr bgcolor=\"#D4E4F3\"\u003e\n\u003ctd\u003eShape_Leng\u003c/td\u003e\n\u003ctd\u003e18102566,9293\u003c/td\u003e\n\u003c/tr\u003e\n\u003c/table\u003e\n\u003c/td\u003e\n\u003c/tr\u003e\n\u003c/table\u003e\n\u003c/body\u003e\u003cscript type=\"text/javascript\"\u003e\n\t\t\t\tfunction changeImage(attElement, nameElement) {\n\t\t\t\tdocument.getElementById('imageAttachment').src = attElement;\n\t\t\t\tdocument.getElementById('imageName').innerHTML = nameElement;}\n\t\t\t\u003c/script\u003e\u003c/html\u003e\n","FID_active_grids":125,"GridID":"O62","Shape_Length":1.4110024616548948e-05,"Shape_Area":8.5167810968558023e-12}},{"type":"Feature","id":19452,"geometry":{"type":"Polygon","coordinates":[[[115.87990998500004,-7.1599379879999674],[115.87991008100005,-7.1599470009999777],[115.87992812900006,-7.1599468099999513],[115.87992822500007,-7.1599558219999722],[115.87993724900002,-7.1599557269999536],[115.87993734500003,-7.1599647389999745],[115.87995539200006,-7.1599645479999481],[115.87995548800006,-7.1599735609999584],[115.87997353600008,-7.1599733689999425],[115.87997363200009,-7.1599823819999528],[115.87998265600004,-7.1599822859999449],[115.87998275200005,-7.1599912989999552],[115.88000080000006,-7.1599911069999393],[115.88000089600007,-7.1600001199999497],[115.8800189430001,-7.1599999279999338],[115.8800190390001,-7.1600089409999441],[115.88002806300005,-7.1600088449999362],[115.88002815900006,-7.1600178579999465],[115.88003718300001,-7.1600177619999386],[115.88003727900002,-7.1600267749999489],[115.88004630300009,-7.1600266789999409],[115.88004639900009,-7.1600356919999513],[115.88007347100006,-7.1600354039999274],[115.88007356700007,-7.1600444169999378],[115.88008259100002,-7.1600443209999298],[115.88008268700003,-7.1600533339999402],[115.88011878200007,-7.1600529499999652],[115.88011887800008,-7.1600619629999755],[115.88015936000011,-7.1600615329999755],[115.87991018900004,-7.1598633389999691],[115.87971711900002,-7.159624221999934],[115.87971731500011,-7.1596425769999428],[115.87972633900006,-7.1596424809999348],[115.87972653100007,-7.1596605069999555],[115.87973555500002,-7.1596604109999475],[115.87973584300005,-7.1596874499999785],[115.87974486700011,-7.1596873539999706],[115.87974525100003,-7.1597234049999656],[115.8797542750001,-7.1597233089999577],[115.87975465900001,-7.1597593609999421],[115.87976368300008,-7.1597592649999342],[115.87976377900009,-7.1597682779999445],[115.87977280200005,-7.1597681819999366],[115.87977318700007,-7.1598042339999779],[115.87979123400009,-7.159804041999962],[115.87979142600011,-7.1598220679999258],[115.87980045000006,-7.1598219719999747],[115.87980054600007,-7.1598309849999282],[115.87980957000002,-7.1598308889999771],[115.87980966600003,-7.1598399019999306],[115.87981869000009,-7.1598398059999795],[115.8798187860001,-7.159848818999933],[115.87982781000005,-7.159848722999925],[115.87982800200007,-7.1598667489999457],[115.87983702600002,-7.1598666529999377],[115.87983721800003,-7.159884677999969],[115.8798462420001,-7.159884581999961],[115.87984633800011,-7.1598935949999714],[115.87986438500002,-7.1598934039999449],[115.87986457700003,-7.1599114289999761],[115.87988262500005,-7.1599112379999497],[115.87988281700007,-7.1599292629999809],[115.87989184100002,-7.1599291669999729],[115.87989174500001,-7.159920154999952],[115.87990076900007,-7.1599200589999441],[115.87990086500008,-7.1599290719999544],[115.87989184100002,-7.1599291669999729],[115.87989193700002,-7.1599381799999264],[115.87990998500004,-7.1599379879999674],[115.87990988900003,-7.1599289759999465],[115.87992793700005,-7.1599287839999306],[115.87992803300006,-7.1599377969999409],[115.87990998500004,-7.1599379879999674]],[[115.87988243300003,-7.159893211999929],[115.8798914570001,-7.1598931159999779],[115.87989155300011,-7.1599021289999314],[115.87988252900004,-7.1599022249999393],[115.87988243300003,-7.159893211999929],[115.87987340900008,-7.159893307999937],[115.87987331300008,-7.1598842949999266],[115.87988233700003,-7.1598841989999755],[115.87988243300003,-7.159893211999929]],[[115.87984585800007,-7.159848530999966],[115.87985488100003,-7.159848434999958],[115.87985507300004,-7.1598664609999787],[115.87984605000008,-7.1598665569999298],[115.87984585800007,-7.159848530999966],[115.87983683400012,-7.1598486269999739],[115.87983673800011,-7.1598396139999636],[115.87984576200006,-7.1598395179999557],[115.87984585800007,-7.159848530999966]],[[115.8798091860001,-7.1597948369999358],[115.87980016200004,-7.1597949329999437],[115.87980006600003,-7.1597859199999334],[115.87980909000009,-7.1597858239999255],[115.8798091860001,-7.1597948369999358]],[[115.87979997000002,-7.1597769069999799],[115.87979094600007,-7.159777002999931],[115.87979085000006,-7.1597679899999775],[115.87979987400001,-7.1597678939999696],[115.87979997000002,-7.1597769069999799]]]},"properties":{"OBJECTID":19452,"FID_mangrove_utm":19395,"OBJECTID_1":19395,"Name":"18102566,9293","FolderPath":"JATIM/JATIM","SymbolID":0,"AltMode":0,"Base":0,"Clamped":-1,"Extruded":0,"Snippet":"","PopupInfo":"\u003chtml xmlns:fo=\"http://www.w3.org/1999/XSL/Format\" xmlns:msxsl=\"urn:schemas-microsoft-com:xslt\"\u003e\n\u003chead\u003e\n\u003cMETA http-equiv=\"Content-Type\" content=\"text/html\"\u003e\n\u003cmeta http-equiv=\"content-type\" content=\"text/html; charset=UTF-8\"\u003e\n\u003c/head\u003e\n\u003cbody style=\"margin:0px 0px 0px 0px;overflow:auto;background:#FFFFFF;\"\u003e\n\u003ctable style=\"font-family:Arial,Verdana,Times;font-size:12px;text-align:left;width:100%;border-collapse:collapse;padding:3px 3px 3px 3px\"\u003e\n\u003ctr style=\"text-align:center;font-weight:bold;background:#9CBCE2\"\u003e\n\u003ctd\u003e18102566,9293\u003c/td\u003e\n\u003c/tr\u003e\n\u003ctr\u003e\n\u003ctd\u003e\n\u003ctable style=\"font-family:Arial,Verdana,Times;font-size:12px;text-align:left;width:100%;border-spacing:0px; padding:3px 3px 3px 3px\"\u003e\n\u003ctr\u003e\n\u003ctd\u003eFID\u003c/td\u003e\n\u003ctd\u003e0\u003c/td\u003e\n\u003c/tr\u003e\n\u003ctr bgcolor=\"#D4E4F3\"\u003e\n\u003ctd\u003eShape_Leng\u003c/td\u003e\n\u003ctd\u003e18102566,9293\u003c/td\u003e\n\u003c/tr\u003e\n\u003c/table\u003e\n\u003c/td\u003e\n\u003c/tr\u003e\n\u003c/table\u003e\n\u003c/body\u003e\u003cscript type=\"text/javascript\"\u003e\n\t\t\t\tfunction changeImage(attElement, nameElement) {\n\t\t\t\tdocument.getElementById('imageAttachment').src = attElement;\n\t\t\t\tdocument.getElementById('imageName').innerHTML = nameElement;}\n\t\t\t\u003c/script\u003e\u003c/html\u003e\n","FID_active_grids":125,"GridID":"O62","Shape_Length":0.0018299360906787021,"Shape_Area":2.7880696704887556e-08}},{"type":"Feature","id":19453,"geometry":{"type":"Polygon","coordinates":[[[115.8693453950001,-7.1596986089999746],[115.86933922200001,-7.1596986749999587],[115.86933941400002,-7.1597167009999794],[115.86933039000007,-7.1597167969999305],[115.86933048500009,-7.1597258099999408],[115.86932146100003,-7.1597259049999593],[115.86932165300004,-7.15974393099998],[115.86930360500003,-7.159744122999939],[115.86930379700004,-7.1597621489999597],[115.86929477300009,-7.1597622449999676],[115.86929515600002,-7.1597982969999521],[115.86930418000009,-7.1597982009999441],[115.86930427600009,-7.1598072139999545],[115.86929525200003,-7.1598073099999624],[115.86929534800004,-7.1598163229999727],[115.86928632400009,-7.1598164189999807],[115.86928651500011,-7.1598344449999445],[115.86927749100005,-7.159834539999963],[115.86927777900007,-7.1598615789999371],[115.86928680300002,-7.1598614839999755],[115.86928709000006,-7.1598885229999496],[115.86927806600011,-7.1598886189999575],[115.86927825800001,-7.1599066449999782],[115.86928728200007,-7.1599065489999703],[115.86928795300003,-7.1599696399999289],[115.86927892900007,-7.1599697359999368],[115.86927931200012,-7.1600057879999781],[115.86928833600007,-7.1600056919999702],[115.86928910200004,-7.1600777969999285],[115.8692981260001,-7.1600777009999774],[115.86929860600003,-7.1601227659999722],[115.86930763000009,-7.1601226709999537],[115.86930801300002,-7.1601587229999382],[115.86931703700009,-7.1601586269999302],[115.8693172290001,-7.1601766529999509],[115.86932625300005,-7.1601765569999429],[115.8693266360001,-7.1602126099999737],[115.86933566000005,-7.1602125139999657],[115.8693361390001,-7.1602575789999605],[115.86934516300005,-7.1602574829999526],[115.86934573800011,-7.1603115619999471],[115.86935476200006,-7.1603114659999392],[115.86935504900009,-7.1603385049999702],[115.86935978700001,-7.1603384549999305],[115.86936273900005,-7.1599365439999474],[115.8693453950001,-7.1596986089999746]]]},"properties":{"OBJECTID":19453,"FID_mangrove_utm":19396,"OBJECTID_1":19396,"Name":"18102566,9293","FolderPath":"JATIM/JATIM","SymbolID":0,"AltMode":0,"Base":0,"Clamped":-1,"Extruded":0,"Snippet":"","PopupInfo":"\u003chtml xmlns:fo=\"http://www.w3.org/1999/XSL/Format\" xmlns:msxsl=\"urn:schemas-microsoft-com:xslt\"\u003e\n\u003chead\u003e\n\u003cMETA http-equiv=\"Content-Type\" content=\"text/html\"\u003e\n\u003cmeta http-equiv=\"content-type\" content=\"text/html; charset=UTF-8\"\u003e\n\u003c/head\u003e\n\u003cbody style=\"margin:0px 0px 0px 0px;overflow:auto;background:#FFFFFF;\"\u003e\n\u003ctable style=\"font-family:Arial,Verdana,Times;font-size:12px;text-align:left;width:100%;border-collapse:collapse;padding:3px 3px 3px 3px\"\u003e\n\u003ctr style=\"text-align:center;font-weight:bold;background:#9CBCE2\"\u003e\n\u003ctd\u003e18102566,9293\u003c/td\u003e\n\u003c/tr\u003e\n\u003ctr\u003e\n\u003ctd\u003e\n\u003ctable style=\"font-family:Arial,Verdana,Times;font-size:12px;text-align:left;width:100%;border-spacing:0px; padding:3px 3px 3px 3px\"\u003e\n\u003ctr\u003e\n\u003ctd\u003eFID\u003c/td\u003e\n\u003ctd\u003e0\u003c/td\u003e\n\u003c/tr\u003e\n\u003ctr bgcolor=\"#D4E4F3\"\u003e\n\u003ctd\u003eShape_Leng\u003c/td\u003e\n\u003ctd\u003e18102566,9293\u003c/td\u003e\n\u003c/tr\u003e\n\u003c/table\u003e\n\u003c/td\u003e\n\u003c/tr\u003e\n\u003c/table\u003e\n\u003c/body\u003e\u003cscript type=\"text/javascript\"\u003e\n\t\t\t\tfunction changeImage(attElement, nameElement) {\n\t\t\t\tdocument.getElementById('imageAttachment').src = attElement;\n\t\t\t\tdocument.getElementById('imageName').innerHTML = nameElement;}\n\t\t\t\u003c/script\u003e\u003c/html\u003e\n","FID_active_grids":125,"GridID":"O62","Shape_Length":0.0014808765964959133,"Shape_Area":3.3154283264812742e-08}},{"type":"Feature","id":19458,"geometry":{"type":"Polygon","coordinates":[[[115.85825920700006,-7.1596988649999389],[115.85824739100008,-7.1596989899999812],[115.85824748700009,-7.1597080029999347],[115.85823846200003,-7.1597080989999426],[115.85823855800004,-7.159717111999953],[115.85822051000002,-7.1597173029999794],[115.85822060500004,-7.1597263159999329],[115.85820255700003,-7.1597265069999594],[115.85820265300003,-7.1597355199999697],[115.85818460400003,-7.1597357109999393],[115.85818470000004,-7.1597447249999391],[115.85817567600009,-7.1597448199999576],[115.85817577100011,-7.1597538329999679],[115.85816674700004,-7.1597539289999759],[115.85816684300005,-7.1597629419999294],[115.8581578190001,-7.1597630369999479],[115.85815791400012,-7.1597720509999476],[115.85814889000005,-7.1597721459999661],[115.85814898600006,-7.1597811589999765],[115.85813996200011,-7.1597812549999276],[115.85814024800004,-7.1598082939999586],[115.85813122400009,-7.1598083899999665],[115.85813133000011,-7.1598183859999267],[115.85825920700006,-7.1596988649999389]]]},"properties":{"OBJECTID":19458,"FID_mangrove_utm":19401,"OBJECTID_1":19401,"Name":"18102566,9293","FolderPath":"JATIM/JATIM","SymbolID":0,"AltMode":0,"Base":0,"Clamped":-1,"Extruded":0,"Snippet":"","PopupInfo":"\u003chtml xmlns:fo=\"http://www.w3.org/1999/XSL/Format\" xmlns:msxsl=\"urn:schemas-microsoft-com:xslt\"\u003e\n\u003chead\u003e\n\u003cMETA http-equiv=\"Content-Type\" content=\"text/html\"\u003e\n\u003cmeta http-equiv=\"content-type\" content=\"text/html; charset=UTF-8\"\u003e\n\u003c/head\u003e\n\u003cbody style=\"margin:0px 0px 0px 0px;overflow:auto;background:#FFFFFF;\"\u003e\n\u003ctable style=\"font-family:Arial,Verdana,Times;font-size:12px;text-align:left;width:100%;border-collapse:collapse;padding:3px 3px 3px 3px\"\u003e\n\u003ctr style=\"text-align:center;font-weight:bold;background:#9CBCE2\"\u003e\n\u003ctd\u003e18102566,9293\u003c/td\u003e\n\u003c/tr\u003e\n\u003ctr\u003e\n\u003ctd\u003e\n\u003ctable style=\"font-family:Arial,Verdana,Times;font-size:12px;text-align:left;width:100%;border-spacing:0px; padding:3px 3px 3px 3px\"\u003e\n\u003ctr\u003e\n\u003ctd\u003eFID\u003c/td\u003e\n\u003ctd\u003e0\u003c/td\u003e\n\u003c/tr\u003e\n\u003ctr bgcolor=\"#D4E4F3\"\u003e\n\u003ctd\u003eShape_Leng\u003c/td\u003e\n\u003ctd\u003e18102566,9293\u003c/td\u003e\n\u003c/tr\u003e\n\u003c/table\u003e\n\u003c/td\u003e\n\u003c/tr\u003e\n\u003c/table\u003e\n\u003c/body\u003e\u003cscript type=\"text/javascript\"\u003e\n\t\t\t\tfunction changeImage(attElement, nameElement) {\n\t\t\t\tdocument.getElementById('imageAttachment').src = attElement;\n\t\t\t\tdocument.getElementById('imageName').innerHTML = nameElement;}\n\t\t\t\u003c/script\u003e\u003c/html\u003e\n","FID_active_grids":125,"GridID":"O62","Shape_Length":0.00042233443709698947,"Shape_Area":2.2606838033528001e-09}},{"type":"Feature","id":19459,"geometry":{"type":"Polygon","coordinates":[[[115.85826896200001,-7.1596897479999484],[115.85826534400007,-7.1596897859999444],[115.85826537900004,-7.1596930969999448],[115.85826896200001,-7.1596897479999484]]]},"properties":{"OBJECTID":19459,"FID_mangrove_utm":19402,"OBJECTID_1":19402,"Name":"18102566,9293","FolderPath":"JATIM/JATIM","SymbolID":0,"AltMode":0,"Base":0,"Clamped":-1,"Extruded":0,"Snippet":"","PopupInfo":"\u003chtml xmlns:fo=\"http://www.w3.org/1999/XSL/Format\" xmlns:msxsl=\"urn:schemas-microsoft-com:xslt\"\u003e\n\u003chead\u003e\n\u003cMETA http-equiv=\"Content-Type\" content=\"text/html\"\u003e\n\u003cmeta http-equiv=\"content-type\" content=\"text/html; charset=UTF-8\"\u003e\n\u003c/head\u003e\n\u003cbody style=\"margin:0px 0px 0px 0px;overflow:auto;background:#FFFFFF;\"\u003e\n\u003ctable style=\"font-family:Arial,Verdana,Times;font-size:12px;text-align:left;width:100%;border-collapse:collapse;padding:3px 3px 3px 3px\"\u003e\n\u003ctr style=\"text-align:center;font-weight:bold;background:#9CBCE2\"\u003e\n\u003ctd\u003e18102566,9293\u003c/td\u003e\n\u003c/tr\u003e\n\u003ctr\u003e\n\u003ctd\u003e\n\u003ctable style=\"font-family:Arial,Verdana,Times;font-size:12px;text-align:left;width:100%;border-spacing:0px; padding:3px 3px 3px 3px\"\u003e\n\u003ctr\u003e\n\u003ctd\u003eFID\u003c/td\u003e\n\u003ctd\u003e0\u003c/td\u003e\n\u003c/tr\u003e\n\u003ctr bgcolor=\"#D4E4F3\"\u003e\n\u003ctd\u003eShape_Leng\u003c/td\u003e\n\u003ctd\u003e18102566,9293\u003c/td\u003e\n\u003c/tr\u003e\n\u003c/table\u003e\n\u003c/td\u003e\n\u003c/tr\u003e\n\u003c/table\u003e\n\u003c/body\u003e\u003cscript type=\"text/javascript\"\u003e\n\t\t\t\tfunction changeImage(attElement, nameElement) {\n\t\t\t\tdocument.getElementById('imageAttachment').src = attElement;\n\t\t\t\tdocument.getElementById('imageName').innerHTML = nameElement;}\n\t\t\t\u003c/script\u003e\u003c/html\u003e\n","FID_active_grids":125,"GridID":"O62","Shape_Length":1.1833840583343254e-05,"Shape_Area":5.9902638957585415e-12}},{"type":"Feature","id":19463,"geometry":{"type":"Polygon","coordinates":[[[115.84019818000002,-7.1598265169999422],[115.84018013200011,-7.1598267069999793],[115.84018022400005,-7.1598354269999618],[115.84022542600007,-7.1598425229999521],[115.84022534900009,-7.1598352449999538],[115.84019827600002,-7.1598355299999525],[115.84019818000002,-7.1598265169999422]]]},"properties":{"OBJECTID":19463,"FID_mangrove_utm":19406,"OBJECTID_1":19406,"Name":"18102566,9293","FolderPath":"JATIM/JATIM","SymbolID":0,"AltMode":0,"Base":0,"Clamped":-1,"Extruded":0,"Snippet":"","PopupInfo":"\u003chtml xmlns:fo=\"http://www.w3.org/1999/XSL/Format\" xmlns:msxsl=\"urn:schemas-microsoft-com:xslt\"\u003e\n\u003chead\u003e\n\u003cMETA http-equiv=\"Content-Type\" content=\"text/html\"\u003e\n\u003cmeta http-equiv=\"content-type\" content=\"text/html; charset=UTF-8\"\u003e\n\u003c/head\u003e\n\u003cbody style=\"margin:0px 0px 0px 0px;overflow:auto;background:#FFFFFF;\"\u003e\n\u003ctable style=\"font-family:Arial,Verdana,Times;font-size:12px;text-align:left;width:100%;border-collapse:collapse;padding:3px 3px 3px 3px\"\u003e\n\u003ctr style=\"text-align:center;font-weight:bold;background:#9CBCE2\"\u003e\n\u003ctd\u003e18102566,9293\u003c/td\u003e\n\u003c/tr\u003e\n\u003ctr\u003e\n\u003ctd\u003e\n\u003ctable style=\"font-family:Arial,Verdana,Times;font-size:12px;text-align:left;width:100%;border-spacing:0px; padding:3px 3px 3px 3px\"\u003e\n\u003ctr\u003e\n\u003ctd\u003eFID\u003c/td\u003e\n\u003ctd\u003e0\u003c/td\u003e\n\u003c/tr\u003e\n\u003ctr bgcolor=\"#D4E4F3\"\u003e\n\u003ctd\u003eShape_Leng\u003c/td\u003e\n\u003ctd\u003e18102566,9293\u003c/td\u003e\n\u003c/tr\u003e\n\u003c/table\u003e\n\u003c/td\u003e\n\u003c/tr\u003e\n\u003c/table\u003e\n\u003c/body\u003e\u003cscript type=\"text/javascript\"\u003e\n\t\t\t\tfunction changeImage(attElement, nameElement) {\n\t\t\t\tdocument.getElementById('imageAttachment').src = attElement;\n\t\t\t\tdocument.getElementById('imageName').innerHTML = nameElement;}\n\t\t\t\u003c/script\u003e\u003c/html\u003e\n","FID_active_grids":125,"GridID":"O62","Shape_Length":0.00011589149404378832,"Shape_Area":3.20294626131031e-10}},{"type":"Feature","id":19466,"geometry":{"type":"Polygon","coordinates":[[[115.84037857300007,-7.1598156009999343],[115.8403154020001,-7.1598162669999397],[115.84031549800011,-7.15982527999995],[115.8402974490001,-7.1598254699999302],[115.84029754400001,-7.1598344839999299],[115.8402433980001,-7.1598350549999736],[115.84024349300012,-7.1598440679999271],[115.84023578900008,-7.15984414899998],[115.84062212800006,-7.1599047919999634],[115.84103219700012,-7.1599369909999382],[115.84123675000001,-7.159995270999957],[115.84136518800005,-7.16008501999994],[115.84136508900008,-7.1600756319999732],[115.84135606500001,-7.1600757279999812],[115.8413558740001,-7.1600577009999711],[115.8413378250001,-7.1600578909999513],[115.84133773000008,-7.1600488779999409],[115.84131968100007,-7.160049067999978],[115.84131958600005,-7.1600400539999782],[115.8413105620001,-7.1600401499999293],[115.84131037100008,-7.1600221229999761],[115.84129232200007,-7.1600223129999563],[115.84129222700005,-7.160013299999946],[115.84127417800005,-7.1600134899999262],[115.84127408300003,-7.1600044769999727],[115.84126505900008,-7.1600045719999343],[115.84126496300007,-7.1599955579999346],[115.84125593900001,-7.1599956529999531],[115.8412558440001,-7.1599866399999428],[115.84124681900005,-7.1599867349999613],[115.84124672400003,-7.159977721999951],[115.84122867500002,-7.1599779119999312],[115.84122858000001,-7.1599688989999777],[115.84120150700005,-7.1599691839999764],[115.84120141200003,-7.1599601709999661],[115.84115629000007,-7.1599606469999344],[115.84115619400006,-7.1599516329999346],[115.84111107300009,-7.1599521089999598],[115.84111097700008,-7.1599430949999601],[115.84106585500001,-7.1599435709999284],[115.84106576000011,-7.1599345579999749],[115.8410477110001,-7.1599347479999551],[115.84104761600008,-7.1599257349999448],[115.84103859200002,-7.1599258299999633],[115.84103849600001,-7.1599168159999635],[115.84102044800011,-7.1599170069999332],[115.8410203520001,-7.1599079929999334],[115.84092108400012,-7.1599090399999454],[115.8409209890001,-7.1599000269999351],[115.84087586700002,-7.1599005019999709],[115.84087577200012,-7.1598914889999605],[115.84085772300011,-7.1598916789999407],[115.84085762800009,-7.1598826659999304],[115.84081250600002,-7.1598831409999661],[115.84081241000001,-7.1598741279999558],[115.84076728900004,-7.159874603999981],[115.84076719300003,-7.1598655899999812],[115.84070402300006,-7.1598662559999298],[115.84070392700005,-7.1598572429999763],[115.84068587900003,-7.1598574329999565],[115.84068578300003,-7.1598484199999461],[115.84065871000007,-7.1598487049999449],[115.84065861500005,-7.1598396919999345],[115.84061349300009,-7.1598401669999703],[115.84061339800007,-7.15983115399996],[115.84039681200011,-7.1598334369999748],[115.84039671700009,-7.1598244239999644],[115.84037866800008,-7.1598246139999446],[115.84037857300007,-7.1598156009999343]]]},"properties":{"OBJECTID":19466,"FID_mangrove_utm":19409,"OBJECTID_1":19409,"Name":"18102566,9293","FolderPath":"JATIM/JATIM","SymbolID":0,"AltMode":0,"Base":0,"Clamped":-1,"Extruded":0,"Snippet":"","PopupInfo":"\u003chtml xmlns:fo=\"http://www.w3.org/1999/XSL/Format\" xmlns:msxsl=\"urn:schemas-microsoft-com:xslt\"\u003e\n\u003chead\u003e\n\u003cMETA http-equiv=\"Content-Type\" content=\"text/html\"\u003e\n\u003cmeta http-equiv=\"content-type\" content=\"text/html; charset=UTF-8\"\u003e\n\u003c/head\u003e\n\u003cbody style=\"margin:0px 0px 0px 0px;overflow:auto;background:#FFFFFF;\"\u003e\n\u003ctable style=\"font-family:Arial,Verdana,Times;font-size:12px;text-align:left;width:100%;border-collapse:collapse;padding:3px 3px 3px 3px\"\u003e\n\u003ctr style=\"text-align:center;font-weight:bold;background:#9CBCE2\"\u003e\n\u003ctd\u003e18102566,9293\u003c/td\u003e\n\u003c/tr\u003e\n\u003ctr\u003e\n\u003ctd\u003e\n\u003ctable style=\"font-family:Arial,Verdana,Times;font-size:12px;text-align:left;width:100%;border-spacing:0px; padding:3px 3px 3px 3px\"\u003e\n\u003ctr\u003e\n\u003ctd\u003eFID\u003c/td\u003e\n\u003ctd\u003e0\u003c/td\u003e\n\u003c/tr\u003e\n\u003ctr bgcolor=\"#D4E4F3\"\u003e\n\u003ctd\u003eShape_Leng\u003c/td\u003e\n\u003ctd\u003e18102566,9293\u003c/td\u003e\n\u003c/tr\u003e\n\u003c/table\u003e\n\u003c/td\u003e\n\u003c/tr\u003e\n\u003c/table\u003e\n\u003c/body\u003e\u003cscript type=\"text/javascript\"\u003e\n\t\t\t\tfunction changeImage(attElement, nameElement) {\n\t\t\t\tdocument.getElementById('imageAttachment').src = attElement;\n\t\t\t\tdocument.getElementById('imageName').innerHTML = nameElement;}\n\t\t\t\u003c/script\u003e\u003c/html\u003e\n","FID_active_grids":125,"GridID":"O62","Shape_Length":0.0026054141641714563,"Shape_Area":3.8276238248644452e-08}},{"type":"Feature","id":19473,"geometry":{"type":"Polygon","coordinates":[[[115.85490653700003,-7.1595540429999573],[115.8547350770001,-7.1595558559999404],[115.85473517300011,-7.1595648699999401],[115.8547171240001,-7.1595650599999772],[115.85471722000011,-7.1595740739999769],[115.85470819600005,-7.1595741689999386],[115.85470829100007,-7.1595831819999489],[115.85467219400005,-7.159583563999945],[115.85467229000005,-7.1595925769999553],[115.8546452170001,-7.1595928629999435],[115.85464531300011,-7.1596018769999432],[115.85460019200002,-7.1596023539999578],[115.85460028700004,-7.1596113669999681],[115.85458223900002,-7.1596115579999378],[115.85458233500003,-7.1596205709999481],[115.85457331000009,-7.1596206659999666],[115.8545734060001,-7.1596296799999664],[115.85454633300003,-7.1596299659999545],[115.85454642900004,-7.1596389789999648],[115.85451033200002,-7.1596393609999609],[115.85451042800003,-7.1596483739999712],[115.85445628200011,-7.1596489469999369],[115.85445637800001,-7.1596579599999473],[115.8544202810001,-7.1596583409999539],[115.85442037700011,-7.1596673549999537],[115.85439330400004,-7.1596676409999418],[115.85439340000005,-7.1596766539999521],[115.85434827900008,-7.1596771309999667],[115.8543483740001,-7.159686143999977],[115.85431227700008,-7.1596865259999731],[115.85431218200006,-7.1596775129999628],[115.85426706100009,-7.1596779899999774],[115.85426715600011,-7.1596870029999309],[115.85423105900009,-7.159687384999927],[115.85423096400007,-7.1596783709999272],[115.85421291600005,-7.1596785619999537],[115.85421301100007,-7.1596875759999534],[115.85413179300008,-7.1596884339999747],[115.85413188900009,-7.1596974469999282],[115.85406871900011,-7.1596981149999692],[115.85406862400009,-7.1596891019999589],[115.85402350300001,-7.1596895789999735],[115.85402340700011,-7.1596805659999632],[115.85393316500006,-7.1596815199999355],[115.85393326100007,-7.1596905329999458],[115.85392423700011,-7.1596906279999644],[115.85392433200002,-7.1596996419999641],[115.85391530800007,-7.1596997369999258],[115.85391540300009,-7.1597087499999361],[115.85390637900002,-7.1597088459999441],[115.85390647500003,-7.1597178589999544],[115.85388842600003,-7.1597180499999808],[115.85388852200003,-7.1597270629999343],[115.85383437700011,-7.1597276349999674],[115.85383447200002,-7.1597366489999672],[115.85381642400012,-7.1597368389999474],[115.85381632800011,-7.1597278259999371],[115.8537170620001,-7.1597288759999742],[115.85371715700001,-7.1597378889999277],[115.85370813300005,-7.1597379839999462],[115.85370822900006,-7.159746997999946],[115.85369018000006,-7.1597471879999262],[115.85369027600007,-7.1597562019999259],[115.85366320300011,-7.1597564879999709],[115.85366329900012,-7.1597655009999812],[115.85365427400006,-7.1597655959999429],[115.85365437000007,-7.1597746099999426],[115.8536092490001,-7.1597750869999572],[115.85360934400001,-7.1597840999999676],[115.85360032000006,-7.1597841949999292],[115.85360041600006,-7.159793208999929],[115.85358236700006,-7.159793398999966],[115.85358255800008,-7.1598114259999761],[115.85356451000007,-7.1598116169999457],[115.8535647010001,-7.1598296429999664],[115.85355567700003,-7.1598297389999743],[115.85355577200005,-7.1598387519999278],[115.8535467480001,-7.1598388469999463],[115.85354684300012,-7.1598478599999567],[115.85353781900005,-7.1598479559999646],[115.85353801000008,-7.1598659819999284],[115.85352898600001,-7.1598660779999364],[115.85352936800007,-7.1599021309999671],[115.85351132000005,-7.1599023219999367],[115.85351141500007,-7.159911334999947],[115.85349336700006,-7.1599115259999735],[115.85349346200007,-7.159920538999927],[115.85348443800001,-7.1599206339999455],[115.85348453400002,-7.1599296479999452],[115.85346648500001,-7.1599298379999254],[115.85346658100002,-7.1599388519999252],[115.85345755600008,-7.1599389469999437],[115.85345765200009,-7.159947959999954],[115.85343960300008,-7.1599481509999805],[115.85343969900009,-7.159957163999934],[115.85343067500003,-7.1599572599999419],[115.85343077000005,-7.1599662729999523],[115.85342174600009,-7.1599663679999708],[115.8534218420001,-7.1599753819999705],[115.85341281700005,-7.1599754769999322],[115.85341300800008,-7.1599935029999529],[115.85339496000006,-7.1599936939999793],[115.85339505500008,-7.1600027069999328],[115.85338603100001,-7.1600028029999407],[115.85338612700002,-7.1600118159999511],[115.85337710300007,-7.160011911999959],[115.85337719800009,-7.1600209249999693],[115.85336817400002,-7.160021019999931],[115.85336826900004,-7.1600300329999413],[115.85335924500009,-7.1600301289999493],[115.8533593410001,-7.1600391419999596],[115.8533412920001,-7.1600393329999292],[115.8533413880001,-7.1600483459999396],[115.8533233390001,-7.160048536999966],[115.85332343500011,-7.1600575499999763],[115.85331441100004,-7.1600576459999274],[115.85331450600006,-7.1600666589999378],[115.85330548200011,-7.1600667539999563],[115.85330557700001,-7.1600757669999666],[115.85329655300006,-7.1600758629999746],[115.85329664900007,-7.160084875999928],[115.85324250300005,-7.1600854489999506],[115.85324259900005,-7.1600944619999609],[115.85322455000005,-7.1600946529999305],[115.85322474100008,-7.1601126789999512],[115.85321571700001,-7.1601127739999697],[115.85321581300002,-7.1601217879999695],[115.85320678800008,-7.1601218829999311],[115.85320688400009,-7.1601308959999415],[115.85318883500008,-7.1601310869999679],[115.85318893100009,-7.1601400999999782],[115.85317088300008,-7.1601402909999479],[115.8531710740001,-7.1601583179999579],[115.85316204900005,-7.1601584129999765],[115.85316214500006,-7.1601674259999299],[115.8531531210001,-7.1601675219999379],[115.85315331200002,-7.1601855479999585],[115.85314428700008,-7.1601856439999665],[115.85314438300009,-7.1601946569999768],[115.85313535900002,-7.1601947519999385],[115.85313545400004,-7.1602037659999382],[115.85312643000009,-7.1602038609999568],[115.85312652500011,-7.1602128739999671],[115.85311750100004,-7.160212969999975],[115.85311759700005,-7.1602219829999285],[115.85310857200011,-7.160222077999947],[115.85310866800012,-7.1602310919999468],[115.8530906200001,-7.160231281999927],[115.85309071500001,-7.1602402959999267],[115.85308169100006,-7.1602403909999452],[115.85308178600008,-7.1602494039999556],[115.85307276200001,-7.1602494999999635],[115.85307285800002,-7.1602585129999738],[115.85306383300008,-7.1602586079999355],[115.85306392900009,-7.1602676219999353],[115.85305490500002,-7.1602677169999538],[115.85305500000004,-7.1602767299999641],[115.85303695200002,-7.1602769209999337],[115.85303704700004,-7.1602859339999441],[115.85302802300009,-7.160286029999952],[115.85302811800011,-7.1602950429999623],[115.85301909400005,-7.1602951379999809],[115.85301919000005,-7.1603041519999806],[115.85300114100005,-7.1603043419999608],[115.85300123700006,-7.1603133559999605],[115.8529741640001,-7.1603136419999487],[115.85297426000011,-7.160322654999959],[115.85296523500006,-7.1603227499999775],[115.85296533100006,-7.1603317639999773],[115.85295630700011,-7.160331858999939],[115.85295649800003,-7.160349885999949],[115.85294747300009,-7.1603499809999676],[115.85294756900009,-7.1603589939999779],[115.85292952000009,-7.1603591849999475],[115.8529296160001,-7.1603681979999578],[115.85292059200003,-7.1603682939999658],[115.85292068700005,-7.1603773069999761],[115.8529116630001,-7.1603774019999378],[115.85291175900011,-7.1603864159999375],[115.8528937100001,-7.1603866059999746],[115.85289380600011,-7.1603956199999743],[115.85288478100006,-7.160395714999936],[115.85288487700006,-7.1604047279999463],[115.85287585300011,-7.1604048239999543],[115.85287594800002,-7.1604138369999646],[115.85286692400007,-7.1604139319999263],[115.85286701900009,-7.160422945999926],[115.85284897100007,-7.1604231359999631],[115.8528491730001,-7.1604421889999799],[115.85334163500011,-7.1601064109999584],[115.85366861400007,-7.1599115369999708],[115.85411169500003,-7.1597647599999732],[115.85469214300008,-7.1597084039999572],[115.85555268700011,-7.1597600529999568],[115.85589239600006,-7.1598522339999704],[115.85631020100004,-7.1600482819999343],[115.85667305000004,-7.1601572429999578],[115.8571769670001,-7.1601689589999751],[115.85734210600003,-7.160143656999935],[115.85770219400001,-7.1600884949999681],[115.85799432300007,-7.159946439999942],[115.85804460000008,-7.159899447999976],[115.85803291500008,-7.1598995719999721],[115.8580330100001,-7.1599085849999256],[115.85800593800002,-7.15990887199996],[115.85800603300004,-7.1599178849999703],[115.85798798500002,-7.1599180759999399],[115.85798808100003,-7.1599270889999502],[115.85797003200003,-7.1599272799999767],[115.85797012800003,-7.1599362929999302],[115.85796110400008,-7.1599363889999381],[115.8579611990001,-7.1599454019999484],[115.85793412700002,-7.1599456879999366],[115.85793422200004,-7.1599547019999363],[115.85790715000007,-7.1599549879999813],[115.85790724600008,-7.1599640009999348],[115.85786212500011,-7.1599644789999388],[115.85786222000002,-7.1599734919999491],[115.85785319600006,-7.1599735869999677],[115.85785329200007,-7.1599826009999674],[115.85784426800001,-7.1599826959999291],[115.85784445900003,-7.1600007219999497],[115.85783543500008,-7.1600008179999577],[115.8578355300001,-7.160009830999968],[115.85760090200006,-7.160012313999971],[115.85760080600005,-7.1600032999999712],[115.8575917820001,-7.1600033959999791],[115.85759187800011,-7.1600124089999326],[115.85757383000009,-7.1600125999999591],[115.85757373400008,-7.1600035869999488],[115.85755568600007,-7.1600037779999752],[115.85755559000006,-7.1599947649999649],[115.85750144500003,-7.1599953369999412],[115.85750134900002,-7.1599863239999308],[115.85747427700005,-7.1599866109999653],[115.85747437300006,-7.1599956239999756],[115.85742925200009,-7.1599961009999333],[115.85742934700011,-7.1600051139999437],[115.85741129900009,-7.1600053049999701],[115.8574113950001,-7.1600143189999699],[115.85738432200003,-7.160014604999958],[115.85738441800004,-7.1600236179999683],[115.85736636900003,-7.160023808999938],[115.85736646500004,-7.1600328219999483],[115.85723110200001,-7.1600342539999815],[115.85723119800002,-7.1600432679999813],[115.85720412600006,-7.1600435539999694],[115.85720422100007,-7.1600525669999797],[115.85718617300006,-7.1600527579999493],[115.85718626800008,-7.1600617709999597],[115.85715919600011,-7.1600620579999372],[115.85715929100002,-7.1600710709999476],[115.85715026700007,-7.1600711659999661],[115.85715036300007,-7.1600801799999658],[115.85714133900001,-7.1600802749999275],[115.85714143400003,-7.1600892879999378],[115.85712338600001,-7.1600894789999643],[115.85712348100003,-7.1600984919999746],[115.85709640900006,-7.1600987789999522],[115.85709650500007,-7.1601077919999625],[115.85695211800009,-7.1601093199999468],[115.85695221300011,-7.1601183329999571],[115.85688904400001,-7.1601190009999414],[115.85688914000002,-7.1601280139999517],[115.85688011600007,-7.1601281099999596],[115.85688002000006,-7.1601190969999493],[115.85686197200005,-7.1601192869999295],[115.85686206700007,-7.1601283009999293],[115.85685304300011,-7.1601283959999478],[115.85685294700011,-7.1601193829999374],[115.85683489900009,-7.1601195739999639],[115.8568349950001,-7.1601285869999742],[115.85681694600009,-7.1601287779999438],[115.8568170420001,-7.1601377909999542],[115.85679899400009,-7.1601379819999806],[115.85679880200007,-7.16011995599996],[115.85678075400006,-7.1601201469999296],[115.85678065800005,-7.1601111329999299],[115.8567716340001,-7.1601112289999378],[115.8567717300001,-7.1601202419999481],[115.85675368200009,-7.1601204329999746],[115.85675358600008,-7.1601114199999643],[115.85674456200002,-7.1601115149999259],[115.85674446600001,-7.1601025019999724],[115.8567083690001,-7.1601028839999685],[115.85670827400008,-7.1600938709999582],[115.85665412900005,-7.1600944429999345],[115.85665403300004,-7.160085429999981],[115.85663598500003,-7.1600856209999506],[115.85663588900002,-7.1600766079999403],[115.85660881700005,-7.1600768939999284],[115.85660872100004,-7.1600678809999749],[115.85659067300003,-7.1600680719999446],[115.85659057700002,-7.1600590589999342],[115.85652740800003,-7.1600597269999753],[115.85652731200003,-7.160050713999965],[115.85650926400001,-7.1600509049999346],[115.85650916900011,-7.1600418909999348],[115.85648209600004,-7.1600421779999692],[115.85648200000003,-7.1600331649999589],[115.85647297600008,-7.1600332599999774],[115.85647288100006,-7.1600242469999671],[115.85648190500001,-7.1600241509999591],[115.85648180900012,-7.1600151379999488],[115.85647278500005,-7.1600152339999568],[115.85647269000003,-7.160006219999957],[115.85644561700008,-7.1600065069999346],[115.85644552100007,-7.1599974939999811],[115.85643649700012,-7.1599975889999428],[115.8564364020001,-7.1599885759999324],[115.85642737700005,-7.159988670999951],[115.85642728200003,-7.1599796579999406],[115.85641825800008,-7.1599797539999486],[115.85641816200007,-7.1599707399999488],[115.85640011400005,-7.1599709309999753],[115.85640001800004,-7.159961917999965],[115.85638197000003,-7.1599621089999346],[115.85638187400002,-7.1599530959999811],[115.85637285000007,-7.1599531909999428],[115.85637275500005,-7.1599441779999324],[115.85635470600005,-7.1599443689999589],[115.85635461100003,-7.1599353559999486],[115.85633656200002,-7.159935546999975],[115.85633646700001,-7.1599265329999753],[115.85630939400005,-7.1599268199999528],[115.85630929900003,-7.1599178059999531],[115.85630027400009,-7.159917901999961],[115.85630017900007,-7.1599088889999507],[115.85629115500001,-7.1599089839999692],[115.85629105900011,-7.1598999709999589],[115.8562730110001,-7.1599001619999285],[115.85627291500009,-7.159891148999975],[115.85626389100003,-7.1598912439999367],[115.85626379500002,-7.1598822309999264],[115.85625477100007,-7.1598823259999449],[115.85625448500002,-7.1598552869999708],[115.85624546000008,-7.1598553819999324],[115.85624536500006,-7.1598463689999789],[115.85623634100011,-7.1598464639999406],[115.85623615000009,-7.1598284379999768],[115.85621810100008,-7.1598286289999464],[115.85621800600006,-7.1598196159999361],[115.85620898100001,-7.1598197109999546],[115.8562088860001,-7.1598106979999443],[115.85619083800009,-7.1598108889999708],[115.85619074200008,-7.159801874999971],[115.85618171800002,-7.1598019709999789],[115.85618162200001,-7.1597929579999686],[115.85617259800006,-7.1597930529999303],[115.85617250200005,-7.1597840399999768],[115.85614543000008,-7.1597843259999649],[115.85614533400008,-7.1597753129999546],[115.85611826200011,-7.1597755989999428],[115.8561181660001,-7.1597665859999324],[115.85610011800009,-7.1597667769999589],[115.85610002200008,-7.1597577639999486],[115.85608197400006,-7.159757954999975],[115.85608187800005,-7.1597489419999647],[115.85605480600009,-7.1597492279999528],[115.85605471000008,-7.1597402149999425],[115.85602763800011,-7.1597405009999306],[115.85602754200011,-7.1597314879999772],[115.85600949400009,-7.1597316789999468],[115.85600939800008,-7.159722664999947],[115.85599135000007,-7.1597228559999735],[115.85599125400006,-7.1597138429999632],[115.85598223000011,-7.1597139389999711],[115.85598203900008,-7.159695911999961],[115.85596399100007,-7.1596961029999306],[115.85596389500006,-7.1596870899999772],[115.85593682300009,-7.1596873759999653],[115.85593672700008,-7.159678362999955],[115.85592770300002,-7.1596784579999735],[115.85592760700001,-7.1596694449999632],[115.85591858300006,-7.1596695399999248],[115.85591848800004,-7.1596605269999714],[115.85590043900004,-7.159660717999941],[115.85590034400002,-7.1596517049999306],[115.85585522300005,-7.1596521819999452],[115.85585512700004,-7.1596431689999349],[115.8557829340001,-7.1596439319999376],[115.8557828380001,-7.1596349189999273],[115.85575576600002,-7.1596352049999723],[115.85575586100003,-7.1596442189999721],[115.85573781300002,-7.1596444099999417],[115.85573771700001,-7.1596353959999419],[115.85566552400007,-7.1596361599999341],[115.85566561900009,-7.1596451729999444],[115.85562049900011,-7.159645649999959],[115.8556204030001,-7.1596366369999487],[115.85553918500011,-7.1596374959999594],[115.85553928100001,-7.1596465089999697],[115.85543099100005,-7.1596476539999685],[115.85543108600007,-7.1596566679999682],[115.8554040140001,-7.1596569539999564],[115.85540391800009,-7.1596479409999461],[115.85537684600001,-7.1596482269999342],[115.85537694100003,-7.1596572399999445],[115.85535889300002,-7.159657430999971],[115.85535898800003,-7.1596664439999813],[115.8552867950001,-7.1596672079999735],[115.85528698600001,-7.1596852339999373],[115.85517869600005,-7.1596863789999361],[115.85517860000004,-7.1596773659999258],[115.85516055200003,-7.1596775569999522],[115.85516045600002,-7.1596685439999419],[115.85511533500005,-7.1596690209999565],[115.85511524000003,-7.1596600069999567],[115.85509719100003,-7.1596601979999264],[115.85509709600001,-7.1596511849999729],[115.85507904700012,-7.1596513759999425],[115.8550789520001,-7.1596423629999322],[115.85506992800003,-7.1596424579999507],[115.85506983200003,-7.1596334449999404],[115.85506080800008,-7.1596335399999589],[115.85506071200007,-7.1596245269999486],[115.85505168800012,-7.1596246229999565],[115.8550515930001,-7.1596156089999567],[115.85502452000003,-7.1596158959999343],[115.85502442500001,-7.1596068819999346],[115.85501540000007,-7.1596069779999425],[115.85501530500005,-7.1595979649999322],[115.8549882320001,-7.1595982509999772],[115.85498813700008,-7.1595892379999668],[115.85497008800007,-7.159589427999947],[115.85496999300005,-7.1595804149999367],[115.8549429200001,-7.1595807009999248],[115.85494282500008,-7.1595716879999713],[115.85493380000003,-7.1595717839999793],[115.85493370500001,-7.1595627699999795],[115.85490663200005,-7.1595630569999571],[115.85490653700003,-7.1595540429999573]]]},"properties":{"OBJECTID":19473,"FID_mangrove_utm":19416,"OBJECTID_1":19416,"Name":"18102566,9293","FolderPath":"JATIM/JATIM","SymbolID":0,"AltMode":0,"Base":0,"Clamped":-1,"Extruded":0,"Snippet":"","PopupInfo":"\u003chtml xmlns:fo=\"http://www.w3.org/1999/XSL/Format\" xmlns:msxsl=\"urn:schemas-microsoft-com:xslt\"\u003e\n\u003chead\u003e\n\u003cMETA http-equiv=\"Content-Type\" content=\"text/html\"\u003e\n\u003cmeta http-equiv=\"content-type\" content=\"text/html; charset=UTF-8\"\u003e\n\u003c/head\u003e\n\u003cbody style=\"margin:0px 0px 0px 0px;overflow:auto;background:#FFFFFF;\"\u003e\n\u003ctable style=\"font-family:Arial,Verdana,Times;font-size:12px;text-align:left;width:100%;border-collapse:collapse;padding:3px 3px 3px 3px\"\u003e\n\u003ctr style=\"text-align:center;font-weight:bold;background:#9CBCE2\"\u003e\n\u003ctd\u003e18102566,9293\u003c/td\u003e\n\u003c/tr\u003e\n\u003ctr\u003e\n\u003ctd\u003e\n\u003ctable style=\"font-family:Arial,Verdana,Times;font-size:12px;text-align:left;width:100%;border-spacing:0px; padding:3px 3px 3px 3px\"\u003e\n\u003ctr\u003e\n\u003ctd\u003eFID\u003c/td\u003e\n\u003ctd\u003e0\u003c/td\u003e\n\u003c/tr\u003e\n\u003ctr bgcolor=\"#D4E4F3\"\u003e\n\u003ctd\u003eShape_Leng\u003c/td\u003e\n\u003ctd\u003e18102566,9293\u003c/td\u003e\n\u003c/tr\u003e\n\u003c/table\u003e\n\u003c/td\u003e\n\u003c/tr\u003e\n\u003c/table\u003e\n\u003c/body\u003e\u003cscript type=\"text/javascript\"\u003e\n\t\t\t\tfunction changeImage(attElement, nameElement) {\n\t\t\t\tdocument.getElementById('imageAttachment').src = attElement;\n\t\t\t\tdocument.getElementById('imageName').innerHTML = nameElement;}\n\t\t\t\u003c/script\u003e\u003c/html\u003e\n","FID_active_grids":125,"GridID":"O62","Shape_Length":0.012785239977792436,"Shape_Area":5.1707806717083336e-07}},{"type":"Feature","id":19477,"geometry":{"type":"Polygon","coordinates":[[[115.86932241600005,-7.1593833609999251],[115.86931782000011,-7.1593203109999308],[115.86931715000003,-7.1593203179999705],[115.86931782000011,-7.1593834099999754],[115.86932241600005,-7.1593833609999251]]]},"properties":{"OBJECTID":19477,"FID_mangrove_utm":19420,"OBJECTID_1":19420,"Name":"18102566,9293","FolderPath":"JATIM/JATIM","SymbolID":0,"AltMode":0,"Base":0,"Clamped":-1,"Extruded":0,"Snippet":"","PopupInfo":"\u003chtml xmlns:fo=\"http://www.w3.org/1999/XSL/Format\" xmlns:msxsl=\"urn:schemas-microsoft-com:xslt\"\u003e\n\u003chead\u003e\n\u003cMETA http-equiv=\"Content-Type\" content=\"text/html\"\u003e\n\u003cmeta http-equiv=\"content-type\" content=\"text/html; charset=UTF-8\"\u003e\n\u003c/head\u003e\n\u003cbody style=\"margin:0px 0px 0px 0px;overflow:auto;background:#FFFFFF;\"\u003e\n\u003ctable style=\"font-family:Arial,Verdana,Times;font-size:12px;text-align:left;width:100%;border-collapse:collapse;padding:3px 3px 3px 3px\"\u003e\n\u003ctr style=\"text-align:center;font-weight:bold;background:#9CBCE2\"\u003e\n\u003ctd\u003e18102566,9293\u003c/td\u003e\n\u003c/tr\u003e\n\u003ctr\u003e\n\u003ctd\u003e\n\u003ctable style=\"font-family:Arial,Verdana,Times;font-size:12px;text-align:left;width:100%;border-spacing:0px; padding:3px 3px 3px 3px\"\u003e\n\u003ctr\u003e\n\u003ctd\u003eFID\u003c/td\u003e\n\u003ctd\u003e0\u003c/td\u003e\n\u003c/tr\u003e\n\u003ctr bgcolor=\"#D4E4F3\"\u003e\n\u003ctd\u003eShape_Leng\u003c/td\u003e\n\u003ctd\u003e18102566,9293\u003c/td\u003e\n\u003c/tr\u003e\n\u003c/table\u003e\n\u003c/td\u003e\n\u003c/tr\u003e\n\u003c/table\u003e\n\u003c/body\u003e\u003cscript type=\"text/javascript\"\u003e\n\t\t\t\tfunction changeImage(attElement, nameElement) {\n\t\t\t\tdocument.getElementById('imageAttachment').src = attElement;\n\t\t\t\tdocument.getElementById('imageName').innerHTML = nameElement;}\n\t\t\t\u003c/script\u003e\u003c/html\u003e\n","FID_active_grids":125,"GridID":"O62","Shape_Length":0.00013157914487221144,"Shape_Area":1.6613966763751922e-10}},{"type":"Feature","id":19486,"geometry":{"type":"Polygon","coordinates":[[[115.87928743300006,-7.1591063099999701],[115.87925133700003,-7.1591066929999556],[115.87925143300004,-7.1591157059999659],[115.87924241000007,-7.1591158019999739],[115.87924298600001,-7.159169879999979],[115.87925200900008,-7.1591697839999711],[115.8792522010001,-7.1591878099999349],[115.87926122500005,-7.1591877139999269],[115.87926141700007,-7.1592057399999476],[115.87927946500008,-7.1592055479999317],[115.87927956100009,-7.159214560999942],[115.8792976090001,-7.1592143689999261],[115.8792975130001,-7.1592053559999727],[115.87930653700005,-7.1592052599999647],[115.87930644100004,-7.1591962469999544],[115.87931546400011,-7.1591961509999464],[115.87931517600009,-7.1591691129999617],[115.87932420000004,-7.1591690169999538],[115.87932407000005,-7.1591567949999444],[115.87931990300001,-7.1591510349999794],[115.87931498400008,-7.1591510869999411],[115.87931491000006,-7.1591441319999376],[115.87929402000009,-7.1591152539999712],[115.87928752900007,-7.1591153229999804],[115.87928743300006,-7.1591063099999701]]]},"properties":{"OBJECTID":19486,"FID_mangrove_utm":19429,"OBJECTID_1":19429,"Name":"18102566,9293","FolderPath":"JATIM/JATIM","SymbolID":0,"AltMode":0,"Base":0,"Clamped":-1,"Extruded":0,"Snippet":"","PopupInfo":"\u003chtml xmlns:fo=\"http://www.w3.org/1999/XSL/Format\" xmlns:msxsl=\"urn:schemas-microsoft-com:xslt\"\u003e\n\u003chead\u003e\n\u003cMETA http-equiv=\"Content-Type\" content=\"text/html\"\u003e\n\u003cmeta http-equiv=\"content-type\" content=\"text/html; charset=UTF-8\"\u003e\n\u003c/head\u003e\n\u003cbody style=\"margin:0px 0px 0px 0px;overflow:auto;background:#FFFFFF;\"\u003e\n\u003ctable style=\"font-family:Arial,Verdana,Times;font-size:12px;text-align:left;width:100%;border-collapse:collapse;padding:3px 3px 3px 3px\"\u003e\n\u003ctr style=\"text-align:center;font-weight:bold;background:#9CBCE2\"\u003e\n\u003ctd\u003e18102566,9293\u003c/td\u003e\n\u003c/tr\u003e\n\u003ctr\u003e\n\u003ctd\u003e\n\u003ctable style=\"font-family:Arial,Verdana,Times;font-size:12px;text-align:left;width:100%;border-spacing:0px; padding:3px 3px 3px 3px\"\u003e\n\u003ctr\u003e\n\u003ctd\u003eFID\u003c/td\u003e\n\u003ctd\u003e0\u003c/td\u003e\n\u003c/tr\u003e\n\u003ctr bgcolor=\"#D4E4F3\"\u003e\n\u003ctd\u003eShape_Leng\u003c/td\u003e\n\u003ctd\u003e18102566,9293\u003c/td\u003e\n\u003c/tr\u003e\n\u003c/table\u003e\n\u003c/td\u003e\n\u003c/tr\u003e\n\u003c/table\u003e\n\u003c/body\u003e\u003cscript type=\"text/javascript\"\u003e\n\t\t\t\tfunction changeImage(attElement, nameElement) {\n\t\t\t\tdocument.getElementById('imageAttachment').src = attElement;\n\t\t\t\tdocument.getElementById('imageName').innerHTML = nameElement;}\n\t\t\t\u003c/script\u003e\u003c/html\u003e\n","FID_active_grids":125,"GridID":"O62","Shape_Length":0.00036192202392936682,"Shape_Area":6.2772084014237358e-09}},{"type":"Feature","id":19498,"geometry":{"type":"Polygon","coordinates":[[[115.8788697440001,-7.1588673719999747],[115.87886072000003,-7.1588674679999258],[115.87886081600004,-7.1588764809999361],[115.87885179200009,-7.1588765769999441],[115.8788518880001,-7.1588855899999544],[115.87884286400003,-7.1588856859999623],[115.87884296000004,-7.1588946979999264],[115.87885198400011,-7.1588946029999647],[115.87885227200002,-7.1589216409999494],[115.87886129600008,-7.1589215449999415],[115.87886139200009,-7.1589305579999518],[115.87888846300007,-7.1589302709999743],[115.87888836700006,-7.1589212579999639],[115.87890641500007,-7.158921065999948],[115.87890631900007,-7.1589120529999377],[115.87891534300002,-7.1589119569999298],[115.87891515100011,-7.158893930999966],[115.87890612700005,-7.1588940269999739],[115.87890603100004,-7.1588850139999636],[115.87889700700009,-7.1588851099999715],[115.87889691100008,-7.1588760969999612],[115.87886984000011,-7.1588763849999282],[115.8788697440001,-7.1588673719999747]]]},"properties":{"OBJECTID":19498,"FID_mangrove_utm":19441,"OBJECTID_1":19441,"Name":"18102566,9293","FolderPath":"JATIM/JATIM","SymbolID":0,"AltMode":0,"Base":0,"Clamped":-1,"Extruded":0,"Snippet":"","PopupInfo":"\u003chtml xmlns:fo=\"http://www.w3.org/1999/XSL/Format\" xmlns:msxsl=\"urn:schemas-microsoft-com:xslt\"\u003e\n\u003chead\u003e\n\u003cMETA http-equiv=\"Content-Type\" content=\"text/html\"\u003e\n\u003cmeta http-equiv=\"content-type\" content=\"text/html; charset=UTF-8\"\u003e\n\u003c/head\u003e\n\u003cbody style=\"margin:0px 0px 0px 0px;overflow:auto;background:#FFFFFF;\"\u003e\n\u003ctable style=\"font-family:Arial,Verdana,Times;font-size:12px;text-align:left;width:100%;border-collapse:collapse;padding:3px 3px 3px 3px\"\u003e\n\u003ctr style=\"text-align:center;font-weight:bold;background:#9CBCE2\"\u003e\n\u003ctd\u003e18102566,9293\u003c/td\u003e\n\u003c/tr\u003e\n\u003ctr\u003e\n\u003ctd\u003e\n\u003ctable style=\"font-family:Arial,Verdana,Times;font-size:12px;text-align:left;width:100%;border-spacing:0px; padding:3px 3px 3px 3px\"\u003e\n\u003ctr\u003e\n\u003ctd\u003eFID\u003c/td\u003e\n\u003ctd\u003e0\u003c/td\u003e\n\u003c/tr\u003e\n\u003ctr bgcolor=\"#D4E4F3\"\u003e\n\u003ctd\u003eShape_Leng\u003c/td\u003e\n\u003ctd\u003e18102566,9293\u003c/td\u003e\n\u003c/tr\u003e\n\u003c/table\u003e\n\u003c/td\u003e\n\u003c/tr\u003e\n\u003c/table\u003e\n\u003c/body\u003e\u003cscript type=\"text/javascript\"\u003e\n\t\t\t\tfunction changeImage(attElement, nameElement) {\n\t\t\t\tdocument.getElementById('imageAttachment').src = attElement;\n\t\t\t\tdocument.getElementById('imageName').innerHTML = nameElement;}\n\t\t\t\u003c/script\u003e\u003c/html\u003e\n","FID_active_grids":125,"GridID":"O62","Shape_Length":0.0002705773065448573,"Shape_Area":2.9282494750394569e-09}},{"type":"Feature","id":19506,"geometry":{"type":"Polygon","coordinates":[[[115.86929972700011,-7.1589904489999299],[115.86931872900004,-7.1589146689999552],[115.86930381400009,-7.1589148269999328],[115.86930400600011,-7.1589328529999534],[115.86929498200004,-7.1589329489999614],[115.86929517300007,-7.1589509749999252],[115.86928614900012,-7.1589510709999331],[115.86928643700003,-7.1589781099999641],[115.86927741300008,-7.158978205999972],[115.8692776040001,-7.1589962319999358],[115.86926858000004,-7.1589963269999544],[115.86926867600005,-7.1590053399999647],[115.8692596520001,-7.1590054359999726],[115.86926013100003,-7.1590505009999674],[115.86925110700008,-7.1590505969999754],[115.86925120300009,-7.1590596099999289],[115.86924217900003,-7.1590597059999368],[115.86924256200007,-7.1590957579999781],[115.86923353800012,-7.1590958539999292],[115.86923373000002,-7.1591138799999499],[115.86922470600007,-7.1591139749999684],[115.8692249930001,-7.1591410149999319],[115.86923401700005,-7.1591409189999808],[115.86923411300006,-7.1591499319999343],[115.86924313700001,-7.1591498359999264],[115.86924361600006,-7.159194900999978],[115.86925264000001,-7.1591948059999595],[115.86925292800004,-7.1592218449999336],[115.8692619520001,-7.1592217489999257],[115.86926204800011,-7.159230761999936],[115.86927107200006,-7.1592306659999281],[115.86927116700008,-7.1592396799999278],[115.86928019100003,-7.1592395839999767],[115.86928038300005,-7.1592576099999405],[115.86928940700011,-7.1592575139999326],[115.86928959900001,-7.1592755399999533],[115.86931453700004,-7.1592752759999598],[115.86930911500008,-7.1592008939999801],[115.86929972700011,-7.1589904489999299]]]},"properties":{"OBJECTID":19506,"FID_mangrove_utm":19449,"OBJECTID_1":19449,"Name":"18102566,9293","FolderPath":"JATIM/JATIM","SymbolID":0,"AltMode":0,"Base":0,"Clamped":-1,"Extruded":0,"Snippet":"","PopupInfo":"\u003chtml xmlns:fo=\"http://www.w3.org/1999/XSL/Format\" xmlns:msxsl=\"urn:schemas-microsoft-com:xslt\"\u003e\n\u003chead\u003e\n\u003cMETA http-equiv=\"Content-Type\" content=\"text/html\"\u003e\n\u003cmeta http-equiv=\"content-type\" content=\"text/html; charset=UTF-8\"\u003e\n\u003c/head\u003e\n\u003cbody style=\"margin:0px 0px 0px 0px;overflow:auto;background:#FFFFFF;\"\u003e\n\u003ctable style=\"font-family:Arial,Verdana,Times;font-size:12px;text-align:left;width:100%;border-collapse:collapse;padding:3px 3px 3px 3px\"\u003e\n\u003ctr style=\"text-align:center;font-weight:bold;background:#9CBCE2\"\u003e\n\u003ctd\u003e18102566,9293\u003c/td\u003e\n\u003c/tr\u003e\n\u003ctr\u003e\n\u003ctd\u003e\n\u003ctable style=\"font-family:Arial,Verdana,Times;font-size:12px;text-align:left;width:100%;border-spacing:0px; padding:3px 3px 3px 3px\"\u003e\n\u003ctr\u003e\n\u003ctd\u003eFID\u003c/td\u003e\n\u003ctd\u003e0\u003c/td\u003e\n\u003c/tr\u003e\n\u003ctr bgcolor=\"#D4E4F3\"\u003e\n\u003ctd\u003eShape_Leng\u003c/td\u003e\n\u003ctd\u003e18102566,9293\u003c/td\u003e\n\u003c/tr\u003e\n\u003c/table\u003e\n\u003c/td\u003e\n\u003c/tr\u003e\n\u003c/table\u003e\n\u003c/body\u003e\u003cscript type=\"text/javascript\"\u003e\n\t\t\t\tfunction changeImage(attElement, nameElement) {\n\t\t\t\tdocument.getElementById('imageAttachment').src = attElement;\n\t\t\t\tdocument.getElementById('imageName').innerHTML = nameElement;}\n\t\t\t\u003c/script\u003e\u003c/html\u003e\n","FID_active_grids":125,"GridID":"O62","Shape_Length":0.0009081494777793106,"Shape_Area":1.6711045803384857e-08}},{"type":"Feature","id":19507,"geometry":{"type":"Polygon","coordinates":[[[115.87457380000001,-7.1588589129999605],[115.87456162400008,-7.1588590419999605],[115.87476263200006,-7.1590829199999462],[115.87483419600005,-7.1591626239999755],[115.87483875400005,-7.1591625759999715],[115.87483880900004,-7.1591677629999708],[115.87500053100007,-7.1593478799999275],[115.8750453780001,-7.1593978249999282],[115.87548556500008,-7.1598063149999689],[115.87587942100004,-7.1600724979999768],[115.8766131860001,-7.1605188579999322],[115.87711952600012,-7.1606197729999508],[115.87711949300001,-7.1606166449999478],[115.87711046900006,-7.1606167409999557],[115.87711037300005,-7.1606077279999454],[115.87708330100008,-7.1606080149999798],[115.87708320500008,-7.1605990019999695],[115.87707418100001,-7.1605990979999774],[115.87707408500012,-7.1605900849999671],[115.87702896600001,-7.1605905649999499],[115.87702887000012,-7.1605815519999396],[115.8770108220001,-7.1605817429999661],[115.87701063000009,-7.1605637179999349],[115.87697453400006,-7.1605641009999772],[115.87697443800005,-7.1605550879999669],[115.87693834300001,-7.1605554719999418],[115.87693824700011,-7.1605464589999315],[115.87695629400002,-7.1605462669999724],[115.87695619800002,-7.1605372539999621],[115.8769381510001,-7.160537445999978],[115.8769380550001,-7.1605284329999677],[115.87691098300002,-7.1605287199999452],[115.87691117500003,-7.1605467459999659],[115.87692922300005,-7.16054655399995],[115.87692931900006,-7.1605555669999603],[115.87690224700009,-7.1605558549999273],[115.87690205500007,-7.1605378289999635],[115.87689303100001,-7.1605379249999714],[115.87689293500011,-7.1605289119999611],[115.87688391100005,-7.1605290079999691],[115.87688381500004,-7.1605199949999587],[115.87684772000011,-7.1605203779999442],[115.87684762400011,-7.1605113649999339],[115.87680250400001,-7.1605118449999736],[115.87680231200011,-7.160493818999953],[115.87678426400009,-7.1604940109999689],[115.87678416800009,-7.1604849979999585],[115.87676612000007,-7.1604851889999281],[115.87676602400006,-7.1604761759999747],[115.87675700000011,-7.1604762719999258],[115.87675690500009,-7.1604672589999723],[115.87673885700008,-7.1604674509999313],[115.87673876100007,-7.1604584379999778],[115.8767116890001,-7.1604587259999448],[115.8767115930001,-7.1604497129999345],[115.87669354500008,-7.160449903999961],[115.87669344900007,-7.16044089199994],[115.87667540100006,-7.1604410829999665],[115.87667511300003,-7.1604140439999355],[115.87666609000007,-7.1604141399999435],[115.87666599400006,-7.1604051269999331],[115.87665697000011,-7.1604052229999411],[115.8766568740001,-7.1603962099999308],[115.87663882600009,-7.1603964019999466],[115.87663873000008,-7.1603873889999363],[115.87662970600002,-7.1603874849999443],[115.87662951400011,-7.1603694589999805],[115.87662049000005,-7.1603695549999316],[115.87662029800003,-7.1603515289999677],[115.87661127400008,-7.1603516249999757],[115.87661108200007,-7.160333598999955],[115.87659303400005,-7.1603337909999709],[115.87659293800004,-7.1603247779999606],[115.87655684300012,-7.1603251609999461],[115.87655674700011,-7.1603161479999358],[115.87650260300006,-7.1603167229999372],[115.87650250700005,-7.1603077099999268],[115.8764934830001,-7.1603078059999348],[115.87649357900011,-7.1603168189999451],[115.87646650800002,-7.1603171069999689],[115.87646641200001,-7.1603080939999586],[115.87644836400011,-7.1603082849999282],[115.8764481720001,-7.1602902599999538],[115.87643012400008,-7.1602904509999803],[115.87643002800007,-7.16028143799997],[115.87639393300003,-7.1602818219999449],[115.87639383700002,-7.1602728089999346],[115.87638481300007,-7.1602729049999425],[115.87638471700006,-7.1602638919999322],[115.87637569300011,-7.1602639879999401],[115.8763755010001,-7.1602459619999763],[115.87635745300008,-7.1602461529999459],[115.87635735700007,-7.1602371399999356],[115.87634833300001,-7.1602372359999436],[115.87634823700012,-7.1602282229999332],[115.87633921300005,-7.1602283189999412],[115.87633911700004,-7.1602193059999308],[115.87633009300009,-7.1602194019999388],[115.87632999700008,-7.1602103889999285],[115.87632097300002,-7.1602104849999364],[115.87632087800012,-7.1602014719999261],[115.87626673400007,-7.1602020469999275],[115.87626663800006,-7.160193033999974],[115.87622151900007,-7.1601935129999674],[115.87622142300006,-7.1601844999999571],[115.87621239900011,-7.160184595999965],[115.8762123030001,-7.1601755829999547],[115.87620327900004,-7.1601756789999627],[115.87620299100001,-7.1601486399999317],[115.87618494300011,-7.1601488319999476],[115.8761848470001,-7.1601398189999372],[115.87617582300004,-7.1601399149999452],[115.87617572700003,-7.1601309019999348],[115.87615767900002,-7.1601310939999507],[115.87615758300001,-7.1601220809999404],[115.87614855900006,-7.1601221769999484],[115.87614846400004,-7.160113163999938],[115.87613944000009,-7.1601132589999565],[115.87613934400008,-7.1601042459999462],[115.87613032000002,-7.1601043419999542],[115.87613022400001,-7.1600953289999438],[115.87612120000006,-7.1600954249999518],[115.87612091200003,-7.1600683859999776],[115.87611188800008,-7.1600684819999287],[115.87611179200007,-7.1600594689999753],[115.87608472000011,-7.1600597569999422],[115.8760846240001,-7.1600507439999319],[115.87606657700007,-7.1600509359999478],[115.87606648100007,-7.1600419229999375],[115.87603038500004,-7.1600423059999798],[115.87603028900003,-7.1600332929999695],[115.87600321700006,-7.1600335799999471],[115.87600312100005,-7.1600245679999261],[115.8759940970001,-7.1600246629999447],[115.87599400100009,-7.1600156499999343],[115.87598497800002,-7.1600157459999423],[115.87598488200001,-7.160006732999932],[115.87595781000005,-7.1600070209999558],[115.87595771400004,-7.1599980079999455],[115.87593064200007,-7.1599982949999799],[115.87593054600006,-7.1599892819999695],[115.87586737900006,-7.1599899529999789],[115.87586728300005,-7.1599809399999685],[115.8758582590001,-7.1599810359999765],[115.87585816300009,-7.1599720229999662],[115.87584011500007,-7.1599722149999252],[115.87584001900007,-7.1599632019999717],[115.87583099500011,-7.1599632979999797],[115.87583089900011,-7.1599542849999693],[115.87578578000011,-7.1599547639999628],[115.8757855880001,-7.1599367379999421],[115.87577656400003,-7.1599368339999501],[115.87577627600001,-7.1599097949999759],[115.87576725200006,-7.159909890999927],[115.87576706000004,-7.1598918649999632],[115.87575803600009,-7.1598919609999712],[115.87575794000009,-7.1598829479999608],[115.87573989300006,-7.1598831399999767],[115.87573979700005,-7.1598741269999664],[115.87565858100004,-7.1598749889999453],[115.87565867700005,-7.1598840019999557],[115.8756496530001,-7.1598840979999636],[115.87564955700009,-7.1598750849999533],[115.87563151000006,-7.1598752769999692],[115.87563141400005,-7.1598662639999588],[115.8756223900001,-7.1598663589999774],[115.87562210200008,-7.1598393209999358],[115.87559503000011,-7.1598396079999702],[115.87559397500002,-7.1597404649999703],[115.87558495100006,-7.1597405609999782],[115.87558485500006,-7.1597315479999679],[115.87557583100011,-7.1597316439999759],[115.8755757350001,-7.1597226309999655],[115.87556671100003,-7.1597227269999735],[115.87556642300001,-7.1596956879999425],[115.87554837500011,-7.1596958799999584],[115.87554828000009,-7.1596868669999481],[115.87553023200007,-7.1596870589999639],[115.87553013600007,-7.1596780459999536],[115.87551208800005,-7.1596782369999801],[115.87551199200004,-7.1596692239999697],[115.87544882500003,-7.1596698949999791],[115.87544892100004,-7.1596789079999326],[115.87543087300003,-7.1596790999999484],[115.87543096900004,-7.1596881129999588],[115.87542194500008,-7.1596882079999773],[115.87542136900004,-7.1596341309999616],[115.87541234500009,-7.1596342259999801],[115.87541224900008,-7.1596252139999592],[115.87540322500001,-7.1596253089999777],[115.87540332100002,-7.1596343219999312],[115.87538527300001,-7.1596345139999471],[115.87538508200009,-7.1596164879999264],[115.87537605800003,-7.1596165839999344],[115.87537596200002,-7.1596075709999809],[115.87535791400001,-7.15960776299994],[115.8753577220001,-7.1595897369999761],[115.87534869800004,-7.1595898319999378],[115.87534850600002,-7.1595718069999634],[115.87533948200007,-7.1595719019999251],[115.87533929000006,-7.1595538759999613],[115.87533026600011,-7.1595539719999692],[115.87533017100009,-7.1595449589999589],[115.87532114700002,-7.1595450549999669],[115.87532085900011,-7.1595180159999359],[115.87531183500005,-7.1595181119999438],[115.87531173900004,-7.1595090989999335],[115.87530271500009,-7.1595091949999414],[115.87530261900008,-7.1595001819999311],[115.87527554700011,-7.1595004689999655],[115.87527545100011,-7.1594914559999552],[115.87526642800003,-7.1594915519999631],[115.87526633200002,-7.1594825389999528],[115.87524828400001,-7.1594827309999687],[115.87524818800011,-7.1594737179999584],[115.8752301400001,-7.1594739099999742],[115.87523004400009,-7.1594648969999639],[115.87522102000003,-7.1594649919999256],[115.87522092400002,-7.1594559789999721],[115.87520287600012,-7.1594561709999311],[115.87520278000011,-7.1594471579999777],[115.87518473300008,-7.1594473499999367],[115.87518463700007,-7.1594383369999264],[115.87517561300001,-7.1594384329999343],[115.87517551700012,-7.1594294199999808],[115.87516649300005,-7.1594295149999425],[115.87516639700004,-7.1594205029999785],[115.87515737300009,-7.1594205979999401],[115.87515727700008,-7.1594115849999298],[115.87513922900007,-7.1594117769999457],[115.87513913300006,-7.1594027639999354],[115.8751301100001,-7.1594028599999433],[115.87512991800008,-7.1593848339999795],[115.87512089400002,-7.1593849299999306],[115.87512099000003,-7.1593939429999409],[115.87509391800006,-7.1593942299999753],[115.87509334200001,-7.1593401519999702],[115.87508431800006,-7.1593402479999781],[115.87508422300004,-7.1593312349999678],[115.87507519900009,-7.1593313309999758],[115.87507510300009,-7.1593223179999654],[115.87503900700005,-7.1593227009999509],[115.87503881500004,-7.1593046749999303],[115.87502979100009,-7.1593047709999382],[115.87502959900007,-7.1592867449999744],[115.87503862300002,-7.1592866489999665],[115.87503843100001,-7.1592686239999352],[115.87502038400009,-7.1592688149999617],[115.87502057500001,-7.1592868409999255],[115.8750025280001,-7.1592870329999414],[115.87500224000007,-7.1592599939999673],[115.87499321600001,-7.1592600899999752],[115.8749929280001,-7.1592330509999442],[115.87497488000008,-7.1592332419999707],[115.87497478400007,-7.1592242289999604],[115.8749477130001,-7.1592245169999273],[115.87494752100008,-7.1592064909999635],[115.87493849700002,-7.1592065869999715],[115.87493840100001,-7.1591975739999612],[115.87492035300011,-7.1591977649999308],[115.8749202570001,-7.1591887519999773],[115.87491123300003,-7.1591888479999284],[115.87491113700003,-7.1591798349999749],[115.87490211400007,-7.159179930999926],[115.87490201800006,-7.1591709179999725],[115.87489299400011,-7.1591710139999805],[115.8748928980001,-7.1591620009999701],[115.87488387400003,-7.1591620969999781],[115.87488377800003,-7.1591530839999677],[115.87486573000001,-7.1591532749999374],[115.87486563400012,-7.159144261999927],[115.8748475860001,-7.1591444539999429],[115.87484749000009,-7.1591354409999326],[115.87482041900012,-7.159135727999967],[115.87482013100009,-7.159108688999936],[115.87481110700003,-7.159108784999944],[115.87481101100002,-7.1590997719999336],[115.87482003500008,-7.159099676999972],[115.87481984300007,-7.1590816509999513],[115.87481081900012,-7.1590817459999698],[115.87481053100009,-7.1590547069999388],[115.87478346000012,-7.1590549949999627],[115.87478336400011,-7.1590459819999523],[115.87476531600009,-7.1590461739999682],[115.87476522000009,-7.1590371609999579],[115.87475619600002,-7.1590372559999764],[115.87475610000001,-7.1590282429999661],[115.87473805200011,-7.1590284349999251],[115.87473786100009,-7.1590104089999613],[115.87472883700002,-7.1590105049999693],[115.87472854900011,-7.1589834659999383],[115.87471952500005,-7.1589835619999462],[115.87471933300003,-7.1589655359999256],[115.8746832380001,-7.1589659189999679],[115.87468314200009,-7.1589569059999576],[115.87466509400008,-7.1589570979999735],[115.87466499800007,-7.1589480849999632],[115.87464695000006,-7.1589482759999328],[115.87464675800004,-7.158930249999969],[115.87463773400009,-7.1589303459999769],[115.87463763800008,-7.1589213329999666],[115.87462861500001,-7.1589214289999745],[115.8746284230001,-7.1589034029999539],[115.87461939900004,-7.1589034989999618],[115.87461930300003,-7.1588944859999515],[115.87461027900008,-7.1588945819999594],[115.87461018300007,-7.1588855689999491],[115.87460115900001,-7.1588856639999676],[115.87460106300011,-7.1588766509999573],[115.87459203900005,-7.1588767469999652],[115.87459194300004,-7.1588677339999549],[115.87457389600002,-7.1588679259999708],[115.87457380000001,-7.1588589129999605]],[[115.87575870800003,-7.1599550509999403],[115.8757677320001,-7.1599549559999787],[115.87576782800011,-7.1599639689999321],[115.87575880400004,-7.1599640639999507],[115.87575870800003,-7.1599550509999403]]]},"properties":{"OBJECTID":19507,"FID_mangrove_utm":19450,"OBJECTID_1":19450,"Name":"18102566,9293","FolderPath":"JATIM/JATIM","SymbolID":0,"AltMode":0,"Base":0,"Clamped":-1,"Extruded":0,"Snippet":"","PopupInfo":"\u003chtml xmlns:fo=\"http://www.w3.org/1999/XSL/Format\" xmlns:msxsl=\"urn:schemas-microsoft-com:xslt\"\u003e\n\u003chead\u003e\n\u003cMETA http-equiv=\"Content-Type\" content=\"text/html\"\u003e\n\u003cmeta http-equiv=\"content-type\" content=\"text/html; charset=UTF-8\"\u003e\n\u003c/head\u003e\n\u003cbody style=\"margin:0px 0px 0px 0px;overflow:auto;background:#FFFFFF;\"\u003e\n\u003ctable style=\"font-family:Arial,Verdana,Times;font-size:12px;text-align:left;width:100%;border-collapse:collapse;padding:3px 3px 3px 3px\"\u003e\n\u003ctr style=\"text-align:center;font-weight:bold;background:#9CBCE2\"\u003e\n\u003ctd\u003e18102566,9293\u003c/td\u003e\n\u003c/tr\u003e\n\u003ctr\u003e\n\u003ctd\u003e\n\u003ctable style=\"font-family:Arial,Verdana,Times;font-size:12px;text-align:left;width:100%;border-spacing:0px; padding:3px 3px 3px 3px\"\u003e\n\u003ctr\u003e\n\u003ctd\u003eFID\u003c/td\u003e\n\u003ctd\u003e0\u003c/td\u003e\n\u003c/tr\u003e\n\u003ctr bgcolor=\"#D4E4F3\"\u003e\n\u003ctd\u003eShape_Leng\u003c/td\u003e\n\u003ctd\u003e18102566,9293\u003c/td\u003e\n\u003c/tr\u003e\n\u003c/table\u003e\n\u003c/td\u003e\n\u003c/tr\u003e\n\u003c/table\u003e\n\u003c/body\u003e\u003cscript type=\"text/javascript\"\u003e\n\t\t\t\tfunction changeImage(attElement, nameElement) {\n\t\t\t\tdocument.getElementById('imageAttachment').src = attElement;\n\t\t\t\tdocument.getElementById('imageName').innerHTML = nameElement;}\n\t\t\t\u003c/script\u003e\u003c/html\u003e\n","FID_active_grids":125,"GridID":"O62","Shape_Length":0.0078474556414534231,"Shape_Area":2.2424652752019191e-07}},{"type":"Feature","id":19513,"geometry":{"type":"Polygon","coordinates":[[[115.85886823800001,-7.1589983279999387],[115.85886269500008,-7.1589983859999506],[115.85886276400004,-7.1590048559999673],[115.85886823800001,-7.1589983279999387]]]},"properties":{"OBJECTID":19513,"FID_mangrove_utm":19456,"OBJECTID_1":19456,"Name":"18102566,9293","FolderPath":"JATIM/JATIM","SymbolID":0,"AltMode":0,"Base":0,"Clamped":-1,"Extruded":0,"Snippet":"","PopupInfo":"\u003chtml xmlns:fo=\"http://www.w3.org/1999/XSL/Format\" xmlns:msxsl=\"urn:schemas-microsoft-com:xslt\"\u003e\n\u003chead\u003e\n\u003cMETA http-equiv=\"Content-Type\" content=\"text/html\"\u003e\n\u003cmeta http-equiv=\"content-type\" content=\"text/html; charset=UTF-8\"\u003e\n\u003c/head\u003e\n\u003cbody style=\"margin:0px 0px 0px 0px;overflow:auto;background:#FFFFFF;\"\u003e\n\u003ctable style=\"font-family:Arial,Verdana,Times;font-size:12px;text-align:left;width:100%;border-collapse:collapse;padding:3px 3px 3px 3px\"\u003e\n\u003ctr style=\"text-align:center;font-weight:bold;background:#9CBCE2\"\u003e\n\u003ctd\u003e18102566,9293\u003c/td\u003e\n\u003c/tr\u003e\n\u003ctr\u003e\n\u003ctd\u003e\n\u003ctable style=\"font-family:Arial,Verdana,Times;font-size:12px;text-align:left;width:100%;border-spacing:0px; padding:3px 3px 3px 3px\"\u003e\n\u003ctr\u003e\n\u003ctd\u003eFID\u003c/td\u003e\n\u003ctd\u003e0\u003c/td\u003e\n\u003c/tr\u003e\n\u003ctr bgcolor=\"#D4E4F3\"\u003e\n\u003ctd\u003eShape_Leng\u003c/td\u003e\n\u003ctd\u003e18102566,9293\u003c/td\u003e\n\u003c/tr\u003e\n\u003c/table\u003e\n\u003c/td\u003e\n\u003c/tr\u003e\n\u003c/table\u003e\n\u003c/body\u003e\u003cscript type=\"text/javascript\"\u003e\n\t\t\t\tfunction changeImage(attElement, nameElement) {\n\t\t\t\tdocument.getElementById('imageAttachment').src = attElement;\n\t\t\t\tdocument.getElementById('imageName').innerHTML = nameElement;}\n\t\t\t\u003c/script\u003e\u003c/html\u003e\n","FID_active_grids":125,"GridID":"O62","Shape_Length":2.0533029265480303e-05,"Shape_Area":1.7933605816338339e-11}},{"type":"Feature","id":19514,"geometry":{"type":"Polygon","coordinates":[[[115.87454644000002,-7.1588321609999639],[115.8745375740001,-7.1588322559999256],[115.87455568100006,-7.158852422999928],[115.87455556000009,-7.1588410789999557],[115.87454653600003,-7.1588411739999742],[115.87454644000002,-7.1588321609999639]]]},"properties":{"OBJECTID":19514,"FID_mangrove_utm":19457,"OBJECTID_1":19457,"Name":"18102566,9293","FolderPath":"JATIM/JATIM","SymbolID":0,"AltMode":0,"Base":0,"Clamped":-1,"Extruded":0,"Snippet":"","PopupInfo":"\u003chtml xmlns:fo=\"http://www.w3.org/1999/XSL/Format\" xmlns:msxsl=\"urn:schemas-microsoft-com:xslt\"\u003e\n\u003chead\u003e\n\u003cMETA http-equiv=\"Content-Type\" content=\"text/html\"\u003e\n\u003cmeta http-equiv=\"content-type\" content=\"text/html; charset=UTF-8\"\u003e\n\u003c/head\u003e\n\u003cbody style=\"margin:0px 0px 0px 0px;overflow:auto;background:#FFFFFF;\"\u003e\n\u003ctable style=\"font-family:Arial,Verdana,Times;font-size:12px;text-align:left;width:100%;border-collapse:collapse;padding:3px 3px 3px 3px\"\u003e\n\u003ctr style=\"text-align:center;font-weight:bold;background:#9CBCE2\"\u003e\n\u003ctd\u003e18102566,9293\u003c/td\u003e\n\u003c/tr\u003e\n\u003ctr\u003e\n\u003ctd\u003e\n\u003ctable style=\"font-family:Arial,Verdana,Times;font-size:12px;text-align:left;width:100%;border-spacing:0px; padding:3px 3px 3px 3px\"\u003e\n\u003ctr\u003e\n\u003ctd\u003eFID\u003c/td\u003e\n\u003ctd\u003e0\u003c/td\u003e\n\u003c/tr\u003e\n\u003ctr bgcolor=\"#D4E4F3\"\u003e\n\u003ctd\u003eShape_Leng\u003c/td\u003e\n\u003ctd\u003e18102566,9293\u003c/td\u003e\n\u003c/tr\u003e\n\u003c/table\u003e\n\u003c/td\u003e\n\u003c/tr\u003e\n\u003c/table\u003e\n\u003c/body\u003e\u003cscript type=\"text/javascript\"\u003e\n\t\t\t\tfunction changeImage(attElement, nameElement) {\n\t\t\t\tdocument.getElementById('imageAttachment').src = attElement;\n\t\t\t\tdocument.getElementById('imageName').innerHTML = nameElement;}\n\t\t\t\u003c/script\u003e\u003c/html\u003e\n","FID_active_grids":125,"GridID":"O62","Shape_Length":6.5352142032059257e-05,"Shape_Area":1.0077827739536537e-10}},{"type":"Feature","id":19517,"geometry":{"type":"Polygon","coordinates":[[[115.87453722400005,-7.1588142309999512],[115.87452154000005,-7.1588143979999472],[115.87453741400009,-7.1588320779999322],[115.87453722400005,-7.1588142309999512]]]},"properties":{"OBJECTID":19517,"FID_mangrove_utm":19460,"OBJECTID_1":19460,"Name":"18102566,9293","FolderPath":"JATIM/JATIM","SymbolID":0,"AltMode":0,"Base":0,"Clamped":-1,"Extruded":0,"Snippet":"","PopupInfo":"\u003chtml xmlns:fo=\"http://www.w3.org/1999/XSL/Format\" xmlns:msxsl=\"urn:schemas-microsoft-com:xslt\"\u003e\n\u003chead\u003e\n\u003cMETA http-equiv=\"Content-Type\" content=\"text/html\"\u003e\n\u003cmeta http-equiv=\"content-type\" content=\"text/html; charset=UTF-8\"\u003e\n\u003c/head\u003e\n\u003cbody style=\"margin:0px 0px 0px 0px;overflow:auto;background:#FFFFFF;\"\u003e\n\u003ctable style=\"font-family:Arial,Verdana,Times;font-size:12px;text-align:left;width:100%;border-collapse:collapse;padding:3px 3px 3px 3px\"\u003e\n\u003ctr style=\"text-align:center;font-weight:bold;background:#9CBCE2\"\u003e\n\u003ctd\u003e18102566,9293\u003c/td\u003e\n\u003c/tr\u003e\n\u003ctr\u003e\n\u003ctd\u003e\n\u003ctable style=\"font-family:Arial,Verdana,Times;font-size:12px;text-align:left;width:100%;border-spacing:0px; padding:3px 3px 3px 3px\"\u003e\n\u003ctr\u003e\n\u003ctd\u003eFID\u003c/td\u003e\n\u003ctd\u003e0\u003c/td\u003e\n\u003c/tr\u003e\n\u003ctr bgcolor=\"#D4E4F3\"\u003e\n\u003ctd\u003eShape_Leng\u003c/td\u003e\n\u003ctd\u003e18102566,9293\u003c/td\u003e\n\u003c/tr\u003e\n\u003c/table\u003e\n\u003c/td\u003e\n\u003c/tr\u003e\n\u003c/table\u003e\n\u003c/body\u003e\u003cscript type=\"text/javascript\"\u003e\n\t\t\t\tfunction changeImage(attElement, nameElement) {\n\t\t\t\tdocument.getElementById('imageAttachment').src = attElement;\n\t\t\t\tdocument.getElementById('imageName').innerHTML = nameElement;}\n\t\t\t\u003c/script\u003e\u003c/html\u003e\n","FID_active_grids":125,"GridID":"O62","Shape_Length":5.7293503857293441e-05,"Shape_Area":1.3997203889378784e-10}},{"type":"Feature","id":19525,"geometry":{"type":"Polygon","coordinates":[[[115.87450986500005,-7.158787479999944],[115.87449749000007,-7.1587876109999797],[115.87451001500006,-7.1588015609999616],[115.87450986500005,-7.158787479999944]]]},"properties":{"OBJECTID":19525,"FID_mangrove_utm":19468,"OBJECTID_1":19468,"Name":"18102566,9293","FolderPath":"JATIM/JATIM","SymbolID":0,"AltMode":0,"Base":0,"Clamped":-1,"Extruded":0,"Snippet":"","PopupInfo":"\u003chtml xmlns:fo=\"http://www.w3.org/1999/XSL/Format\" xmlns:msxsl=\"urn:schemas-microsoft-com:xslt\"\u003e\n\u003chead\u003e\n\u003cMETA http-equiv=\"Content-Type\" content=\"text/html\"\u003e\n\u003cmeta http-equiv=\"content-type\" content=\"text/html; charset=UTF-8\"\u003e\n\u003c/head\u003e\n\u003cbody style=\"margin:0px 0px 0px 0px;overflow:auto;background:#FFFFFF;\"\u003e\n\u003ctable style=\"font-family:Arial,Verdana,Times;font-size:12px;text-align:left;width:100%;border-collapse:collapse;padding:3px 3px 3px 3px\"\u003e\n\u003ctr style=\"text-align:center;font-weight:bold;background:#9CBCE2\"\u003e\n\u003ctd\u003e18102566,9293\u003c/td\u003e\n\u003c/tr\u003e\n\u003ctr\u003e\n\u003ctd\u003e\n\u003ctable style=\"font-family:Arial,Verdana,Times;font-size:12px;text-align:left;width:100%;border-spacing:0px; padding:3px 3px 3px 3px\"\u003e\n\u003ctr\u003e\n\u003ctd\u003eFID\u003c/td\u003e\n\u003ctd\u003e0\u003c/td\u003e\n\u003c/tr\u003e\n\u003ctr bgcolor=\"#D4E4F3\"\u003e\n\u003ctd\u003eShape_Leng\u003c/td\u003e\n\u003ctd\u003e18102566,9293\u003c/td\u003e\n\u003c/tr\u003e\n\u003c/table\u003e\n\u003c/td\u003e\n\u003c/tr\u003e\n\u003c/table\u003e\n\u003c/body\u003e\u003cscript type=\"text/javascript\"\u003e\n\t\t\t\tfunction changeImage(attElement, nameElement) {\n\t\t\t\tdocument.getElementById('imageAttachment').src = attElement;\n\t\t\t\tdocument.getElementById('imageName').innerHTML = nameElement;}\n\t\t\t\u003c/script\u003e\u003c/html\u003e\n","FID_active_grids":125,"GridID":"O62","Shape_Length":4.5205242125160042e-05,"Shape_Area":8.7136012491637402e-11}},{"type":"Feature","id":19526,"geometry":{"type":"Polygon","coordinates":[[[115.87449172100003,-7.1587786579999602],[115.87448947300004,-7.1587786819999337],[115.87449174800008,-7.1587812169999552],[115.87449172100003,-7.1587786579999602]]]},"properties":{"OBJECTID":19526,"FID_mangrove_utm":19469,"OBJECTID_1":19469,"Name":"18102566,9293","FolderPath":"JATIM/JATIM","SymbolID":0,"AltMode":0,"Base":0,"Clamped":-1,"Extruded":0,"Snippet":"","PopupInfo":"\u003chtml xmlns:fo=\"http://www.w3.org/1999/XSL/Format\" xmlns:msxsl=\"urn:schemas-microsoft-com:xslt\"\u003e\n\u003chead\u003e\n\u003cMETA http-equiv=\"Content-Type\" content=\"text/html\"\u003e\n\u003cmeta http-equiv=\"content-type\" content=\"text/html; charset=UTF-8\"\u003e\n\u003c/head\u003e\n\u003cbody style=\"margin:0px 0px 0px 0px;overflow:auto;background:#FFFFFF;\"\u003e\n\u003ctable style=\"font-family:Arial,Verdana,Times;font-size:12px;text-align:left;width:100%;border-collapse:collapse;padding:3px 3px 3px 3px\"\u003e\n\u003ctr style=\"text-align:center;font-weight:bold;background:#9CBCE2\"\u003e\n\u003ctd\u003e18102566,9293\u003c/td\u003e\n\u003c/tr\u003e\n\u003ctr\u003e\n\u003ctd\u003e\n\u003ctable style=\"font-family:Arial,Verdana,Times;font-size:12px;text-align:left;width:100%;border-spacing:0px; padding:3px 3px 3px 3px\"\u003e\n\u003ctr\u003e\n\u003ctd\u003eFID\u003c/td\u003e\n\u003ctd\u003e0\u003c/td\u003e\n\u003c/tr\u003e\n\u003ctr bgcolor=\"#D4E4F3\"\u003e\n\u003ctd\u003eShape_Leng\u003c/td\u003e\n\u003ctd\u003e18102566,9293\u003c/td\u003e\n\u003c/tr\u003e\n\u003c/table\u003e\n\u003c/td\u003e\n\u003c/tr\u003e\n\u003c/table\u003e\n\u003c/body\u003e\u003cscript type=\"text/javascript\"\u003e\n\t\t\t\tfunction changeImage(attElement, nameElement) {\n\t\t\t\tdocument.getElementById('imageAttachment').src = attElement;\n\t\t\t\tdocument.getElementById('imageName').innerHTML = nameElement;}\n\t\t\t\u003c/script\u003e\u003c/html\u003e\n","FID_active_grids":125,"GridID":"O62","Shape_Length":8.2134194231976507e-06,"Shape_Area":2.8766399781370152e-12}},{"type":"Feature","id":19527,"geometry":{"type":"Polygon","coordinates":[[[115.87448260100007,-7.1587697409999578],[115.87448145600001,-7.1587697529999446],[115.87448261500003,-7.1587710439999341],[115.87448260100007,-7.1587697409999578]]]},"properties":{"OBJECTID":19527,"FID_mangrove_utm":19470,"OBJECTID_1":19470,"Name":"18102566,9293","FolderPath":"JATIM/JATIM","SymbolID":0,"AltMode":0,"Base":0,"Clamped":-1,"Extruded":0,"Snippet":"","PopupInfo":"\u003chtml xmlns:fo=\"http://www.w3.org/1999/XSL/Format\" xmlns:msxsl=\"urn:schemas-microsoft-com:xslt\"\u003e\n\u003chead\u003e\n\u003cMETA http-equiv=\"Content-Type\" content=\"text/html\"\u003e\n\u003cmeta http-equiv=\"content-type\" content=\"text/html; charset=UTF-8\"\u003e\n\u003c/head\u003e\n\u003cbody style=\"margin:0px 0px 0px 0px;overflow:auto;background:#FFFFFF;\"\u003e\n\u003ctable style=\"font-family:Arial,Verdana,Times;font-size:12px;text-align:left;width:100%;border-collapse:collapse;padding:3px 3px 3px 3px\"\u003e\n\u003ctr style=\"text-align:center;font-weight:bold;background:#9CBCE2\"\u003e\n\u003ctd\u003e18102566,9293\u003c/td\u003e\n\u003c/tr\u003e\n\u003ctr\u003e\n\u003ctd\u003e\n\u003ctable style=\"font-family:Arial,Verdana,Times;font-size:12px;text-align:left;width:100%;border-spacing:0px; padding:3px 3px 3px 3px\"\u003e\n\u003ctr\u003e\n\u003ctd\u003eFID\u003c/td\u003e\n\u003ctd\u003e0\u003c/td\u003e\n\u003c/tr\u003e\n\u003ctr bgcolor=\"#D4E4F3\"\u003e\n\u003ctd\u003eShape_Leng\u003c/td\u003e\n\u003ctd\u003e18102566,9293\u003c/td\u003e\n\u003c/tr\u003e\n\u003c/table\u003e\n\u003c/td\u003e\n\u003c/tr\u003e\n\u003c/table\u003e\n\u003c/body\u003e\u003cscript type=\"text/javascript\"\u003e\n\t\t\t\tfunction changeImage(attElement, nameElement) {\n\t\t\t\tdocument.getElementById('imageAttachment').src = attElement;\n\t\t\t\tdocument.getElementById('imageName').innerHTML = nameElement;}\n\t\t\t\u003c/script\u003e\u003c/html\u003e\n","FID_active_grids":125,"GridID":"O62","Shape_Length":4.1830623330632296e-06,"Shape_Area":7.4605152242863647e-13}},{"type":"Feature","id":19533,"geometry":{"type":"Polygon","coordinates":[[[115.85895976300003,-7.1588891889999786],[115.85895178900012,-7.1588892729999429],[115.85895188500001,-7.1588982859999533],[115.85894286000007,-7.1588983819999612],[115.85894295600008,-7.1589073949999715],[115.85893393200001,-7.1589074909999795],[115.85893402800002,-7.158916503999933],[115.85892500300008,-7.1589165989999515],[115.85892509900009,-7.1589256119999618],[115.85891607500002,-7.1589257079999697],[115.85891617100003,-7.1589347209999801],[115.85890714600009,-7.1589348169999312],[115.8589072420001,-7.1589438299999415],[115.85889821800004,-7.15894392499996],[115.85889831300005,-7.1589529379999703],[115.8588892890001,-7.1589530339999783],[115.85888938500011,-7.1589620469999318],[115.85888036100005,-7.1589621429999397],[115.85888055200007,-7.1589801689999604],[115.85887152800001,-7.1589802639999789],[115.85887167600004,-7.1589942279999264],[115.85895976300003,-7.1588891889999786]]]},"properties":{"OBJECTID":19533,"FID_mangrove_utm":19476,"OBJECTID_1":19476,"Name":"18102566,9293","FolderPath":"JATIM/JATIM","SymbolID":0,"AltMode":0,"Base":0,"Clamped":-1,"Extruded":0,"Snippet":"","PopupInfo":"\u003chtml xmlns:fo=\"http://www.w3.org/1999/XSL/Format\" xmlns:msxsl=\"urn:schemas-microsoft-com:xslt\"\u003e\n\u003chead\u003e\n\u003cMETA http-equiv=\"Content-Type\" content=\"text/html\"\u003e\n\u003cmeta http-equiv=\"content-type\" content=\"text/html; charset=UTF-8\"\u003e\n\u003c/head\u003e\n\u003cbody style=\"margin:0px 0px 0px 0px;overflow:auto;background:#FFFFFF;\"\u003e\n\u003ctable style=\"font-family:Arial,Verdana,Times;font-size:12px;text-align:left;width:100%;border-collapse:collapse;padding:3px 3px 3px 3px\"\u003e\n\u003ctr style=\"text-align:center;font-weight:bold;background:#9CBCE2\"\u003e\n\u003ctd\u003e18102566,9293\u003c/td\u003e\n\u003c/tr\u003e\n\u003ctr\u003e\n\u003ctd\u003e\n\u003ctable style=\"font-family:Arial,Verdana,Times;font-size:12px;text-align:left;width:100%;border-spacing:0px; padding:3px 3px 3px 3px\"\u003e\n\u003ctr\u003e\n\u003ctd\u003eFID\u003c/td\u003e\n\u003ctd\u003e0\u003c/td\u003e\n\u003c/tr\u003e\n\u003ctr bgcolor=\"#D4E4F3\"\u003e\n\u003ctd\u003eShape_Leng\u003c/td\u003e\n\u003ctd\u003e18102566,9293\u003c/td\u003e\n\u003c/tr\u003e\n\u003c/table\u003e\n\u003c/td\u003e\n\u003c/tr\u003e\n\u003c/table\u003e\n\u003c/body\u003e\u003cscript type=\"text/javascript\"\u003e\n\t\t\t\tfunction changeImage(attElement, nameElement) {\n\t\t\t\tdocument.getElementById('imageAttachment').src = attElement;\n\t\t\t\tdocument.getElementById('imageName').innerHTML = nameElement;}\n\t\t\t\u003c/script\u003e\u003c/html\u003e\n","FID_active_grids":125,"GridID":"O62","Shape_Length":0.00033038366160208194,"Shape_Area":9.0084185625391012e-10}},{"type":"Feature","id":19535,"geometry":{"type":"Polygon","coordinates":[[[115.85896739000009,-7.158880093999926],[115.85896071800005,-7.1588801649999709],[115.85896080000009,-7.1588879519999296],[115.85896739000009,-7.158880093999926]]]},"properties":{"OBJECTID":19535,"FID_mangrove_utm":19478,"OBJECTID_1":19478,"Name":"18102566,9293","FolderPath":"JATIM/JATIM","SymbolID":0,"AltMode":0,"Base":0,"Clamped":-1,"Extruded":0,"Snippet":"","PopupInfo":"\u003chtml xmlns:fo=\"http://www.w3.org/1999/XSL/Format\" xmlns:msxsl=\"urn:schemas-microsoft-com:xslt\"\u003e\n\u003chead\u003e\n\u003cMETA http-equiv=\"Content-Type\" content=\"text/html\"\u003e\n\u003cmeta http-equiv=\"content-type\" content=\"text/html; charset=UTF-8\"\u003e\n\u003c/head\u003e\n\u003cbody style=\"margin:0px 0px 0px 0px;overflow:auto;background:#FFFFFF;\"\u003e\n\u003ctable style=\"font-family:Arial,Verdana,Times;font-size:12px;text-align:left;width:100%;border-collapse:collapse;padding:3px 3px 3px 3px\"\u003e\n\u003ctr style=\"text-align:center;font-weight:bold;background:#9CBCE2\"\u003e\n\u003ctd\u003e18102566,9293\u003c/td\u003e\n\u003c/tr\u003e\n\u003ctr\u003e\n\u003ctd\u003e\n\u003ctable style=\"font-family:Arial,Verdana,Times;font-size:12px;text-align:left;width:100%;border-spacing:0px; padding:3px 3px 3px 3px\"\u003e\n\u003ctr\u003e\n\u003ctd\u003eFID\u003c/td\u003e\n\u003ctd\u003e0\u003c/td\u003e\n\u003c/tr\u003e\n\u003ctr bgcolor=\"#D4E4F3\"\u003e\n\u003ctd\u003eShape_Leng\u003c/td\u003e\n\u003ctd\u003e18102566,9293\u003c/td\u003e\n\u003c/tr\u003e\n\u003c/table\u003e\n\u003c/td\u003e\n\u003c/tr\u003e\n\u003c/table\u003e\n\u003c/body\u003e\u003cscript type=\"text/javascript\"\u003e\n\t\t\t\tfunction changeImage(attElement, nameElement) {\n\t\t\t\tdocument.getElementById('imageAttachment').src = attElement;\n\t\t\t\tdocument.getElementById('imageName').innerHTML = nameElement;}\n\t\t\t\u003c/script\u003e\u003c/html\u003e\n","FID_active_grids":125,"GridID":"O62","Shape_Length":2.4715357458843595e-05,"Shape_Area":2.5980343022823666e-11}},{"type":"Feature","id":19536,"geometry":{"type":"Polygon","coordinates":[[[115.85897501700003,-7.1588709989999302],[115.85896964600011,-7.1588710559999527],[115.85896971300008,-7.1588773239999455],[115.85897501700003,-7.1588709989999302]]]},"properties":{"OBJECTID":19536,"FID_mangrove_utm":19479,"OBJECTID_1":19479,"Name":"18102566,9293","FolderPath":"JATIM/JATIM","SymbolID":0,"AltMode":0,"Base":0,"Clamped":-1,"Extruded":0,"Snippet":"","PopupInfo":"\u003chtml xmlns:fo=\"http://www.w3.org/1999/XSL/Format\" xmlns:msxsl=\"urn:schemas-microsoft-com:xslt\"\u003e\n\u003chead\u003e\n\u003cMETA http-equiv=\"Content-Type\" content=\"text/html\"\u003e\n\u003cmeta http-equiv=\"content-type\" content=\"text/html; charset=UTF-8\"\u003e\n\u003c/head\u003e\n\u003cbody style=\"margin:0px 0px 0px 0px;overflow:auto;background:#FFFFFF;\"\u003e\n\u003ctable style=\"font-family:Arial,Verdana,Times;font-size:12px;text-align:left;width:100%;border-collapse:collapse;padding:3px 3px 3px 3px\"\u003e\n\u003ctr style=\"text-align:center;font-weight:bold;background:#9CBCE2\"\u003e\n\u003ctd\u003e18102566,9293\u003c/td\u003e\n\u003c/tr\u003e\n\u003ctr\u003e\n\u003ctd\u003e\n\u003ctable style=\"font-family:Arial,Verdana,Times;font-size:12px;text-align:left;width:100%;border-spacing:0px; padding:3px 3px 3px 3px\"\u003e\n\u003ctr\u003e\n\u003ctd\u003eFID\u003c/td\u003e\n\u003ctd\u003e0\u003c/td\u003e\n\u003c/tr\u003e\n\u003ctr bgcolor=\"#D4E4F3\"\u003e\n\u003ctd\u003eShape_Leng\u003c/td\u003e\n\u003ctd\u003e18102566,9293\u003c/td\u003e\n\u003c/tr\u003e\n\u003c/table\u003e\n\u003c/td\u003e\n\u003c/tr\u003e\n\u003c/table\u003e\n\u003c/body\u003e\u003cscript type=\"text/javascript\"\u003e\n\t\t\t\tfunction changeImage(attElement, nameElement) {\n\t\t\t\tdocument.getElementById('imageAttachment').src = attElement;\n\t\t\t\tdocument.getElementById('imageName').innerHTML = nameElement;}\n\t\t\t\u003c/script\u003e\u003c/html\u003e\n","FID_active_grids":125,"GridID":"O62","Shape_Length":1.9894237405686706e-05,"Shape_Area":1.6834623258989857e-11}},{"type":"Feature","id":19537,"geometry":{"type":"Polygon","coordinates":[[[115.85898264400009,-7.1588619039999344],[115.85897857500004,-7.1588619469999344],[115.85897862500008,-7.1588666969999508],[115.85898264400009,-7.1588619039999344]]]},"properties":{"OBJECTID":19537,"FID_mangrove_utm":19480,"OBJECTID_1":19480,"Name":"18102566,9293","FolderPath":"JATIM/JATIM","SymbolID":0,"AltMode":0,"Base":0,"Clamped":-1,"Extruded":0,"Snippet":"","PopupInfo":"\u003chtml xmlns:fo=\"http://www.w3.org/1999/XSL/Format\" xmlns:msxsl=\"urn:schemas-microsoft-com:xslt\"\u003e\n\u003chead\u003e\n\u003cMETA http-equiv=\"Content-Type\" content=\"text/html\"\u003e\n\u003cmeta http-equiv=\"content-type\" content=\"text/html; charset=UTF-8\"\u003e\n\u003c/head\u003e\n\u003cbody style=\"margin:0px 0px 0px 0px;overflow:auto;background:#FFFFFF;\"\u003e\n\u003ctable style=\"font-family:Arial,Verdana,Times;font-size:12px;text-align:left;width:100%;border-collapse:collapse;padding:3px 3px 3px 3px\"\u003e\n\u003ctr style=\"text-align:center;font-weight:bold;background:#9CBCE2\"\u003e\n\u003ctd\u003e18102566,9293\u003c/td\u003e\n\u003c/tr\u003e\n\u003ctr\u003e\n\u003ctd\u003e\n\u003ctable style=\"font-family:Arial,Verdana,Times;font-size:12px;text-align:left;width:100%;border-spacing:0px; padding:3px 3px 3px 3px\"\u003e\n\u003ctr\u003e\n\u003ctd\u003eFID\u003c/td\u003e\n\u003ctd\u003e0\u003c/td\u003e\n\u003c/tr\u003e\n\u003ctr bgcolor=\"#D4E4F3\"\u003e\n\u003ctd\u003eShape_Leng\u003c/td\u003e\n\u003ctd\u003e18102566,9293\u003c/td\u003e\n\u003c/tr\u003e\n\u003c/table\u003e\n\u003c/td\u003e\n\u003c/tr\u003e\n\u003c/table\u003e\n\u003c/body\u003e\u003cscript type=\"text/javascript\"\u003e\n\t\t\t\tfunction changeImage(attElement, nameElement) {\n\t\t\t\tdocument.getElementById('imageAttachment').src = attElement;\n\t\t\t\tdocument.getElementById('imageName').innerHTML = nameElement;}\n\t\t\t\u003c/script\u003e\u003c/html\u003e\n","FID_active_grids":125,"GridID":"O62","Shape_Length":1.5074505234058002e-05,"Shape_Area":9.6649501672926356e-12}},{"type":"Feature","id":19544,"geometry":{"type":"Polygon","coordinates":[[[115.8590131520001,-7.1588255249999406],[115.85900526400007,-7.1588256079999724],[115.85900536000008,-7.1588346209999258],[115.85899633600002,-7.1588347169999338],[115.85899643200003,-7.1588437299999441],[115.85898740700009,-7.1588438249999626],[115.85898753700008,-7.1588560689999667],[115.8590131520001,-7.1588255249999406]]]},"properties":{"OBJECTID":19544,"FID_mangrove_utm":19487,"OBJECTID_1":19487,"Name":"18102566,9293","FolderPath":"JATIM/JATIM","SymbolID":0,"AltMode":0,"Base":0,"Clamped":-1,"Extruded":0,"Snippet":"","PopupInfo":"\u003chtml xmlns:fo=\"http://www.w3.org/1999/XSL/Format\" xmlns:msxsl=\"urn:schemas-microsoft-com:xslt\"\u003e\n\u003chead\u003e\n\u003cMETA http-equiv=\"Content-Type\" content=\"text/html\"\u003e\n\u003cmeta http-equiv=\"content-type\" content=\"text/html; charset=UTF-8\"\u003e\n\u003c/head\u003e\n\u003cbody style=\"margin:0px 0px 0px 0px;overflow:auto;background:#FFFFFF;\"\u003e\n\u003ctable style=\"font-family:Arial,Verdana,Times;font-size:12px;text-align:left;width:100%;border-collapse:collapse;padding:3px 3px 3px 3px\"\u003e\n\u003ctr style=\"text-align:center;font-weight:bold;background:#9CBCE2\"\u003e\n\u003ctd\u003e18102566,9293\u003c/td\u003e\n\u003c/tr\u003e\n\u003ctr\u003e\n\u003ctd\u003e\n\u003ctable style=\"font-family:Arial,Verdana,Times;font-size:12px;text-align:left;width:100%;border-spacing:0px; padding:3px 3px 3px 3px\"\u003e\n\u003ctr\u003e\n\u003ctd\u003eFID\u003c/td\u003e\n\u003ctd\u003e0\u003c/td\u003e\n\u003c/tr\u003e\n\u003ctr bgcolor=\"#D4E4F3\"\u003e\n\u003ctd\u003eShape_Leng\u003c/td\u003e\n\u003ctd\u003e18102566,9293\u003c/td\u003e\n\u003c/tr\u003e\n\u003c/table\u003e\n\u003c/td\u003e\n\u003c/tr\u003e\n\u003c/table\u003e\n\u003c/body\u003e\u003cscript type=\"text/javascript\"\u003e\n\t\t\t\tfunction changeImage(attElement, nameElement) {\n\t\t\t\tdocument.getElementById('imageAttachment').src = attElement;\n\t\t\t\tdocument.getElementById('imageName').innerHTML = nameElement;}\n\t\t\t\u003c/script\u003e\u003c/html\u003e\n","FID_active_grids":125,"GridID":"O62","Shape_Length":9.60732275519908e-05,"Shape_Area":1.4855116849197975e-10}},{"type":"Feature","id":19546,"geometry":{"type":"Polygon","coordinates":[[[115.85902077900005,-7.1588164299999448],[115.85901419300001,-7.1588164989999541],[115.85901427500005,-7.1588241859999471],[115.85902077900005,-7.1588164299999448]]]},"properties":{"OBJECTID":19546,"FID_mangrove_utm":19489,"OBJECTID_1":19489,"Name":"18102566,9293","FolderPath":"JATIM/JATIM","SymbolID":0,"AltMode":0,"Base":0,"Clamped":-1,"Extruded":0,"Snippet":"","PopupInfo":"\u003chtml xmlns:fo=\"http://www.w3.org/1999/XSL/Format\" xmlns:msxsl=\"urn:schemas-microsoft-com:xslt\"\u003e\n\u003chead\u003e\n\u003cMETA http-equiv=\"Content-Type\" content=\"text/html\"\u003e\n\u003cmeta http-equiv=\"content-type\" content=\"text/html; charset=UTF-8\"\u003e\n\u003c/head\u003e\n\u003cbody style=\"margin:0px 0px 0px 0px;overflow:auto;background:#FFFFFF;\"\u003e\n\u003ctable style=\"font-family:Arial,Verdana,Times;font-size:12px;text-align:left;width:100%;border-collapse:collapse;padding:3px 3px 3px 3px\"\u003e\n\u003ctr style=\"text-align:center;font-weight:bold;background:#9CBCE2\"\u003e\n\u003ctd\u003e18102566,9293\u003c/td\u003e\n\u003c/tr\u003e\n\u003ctr\u003e\n\u003ctd\u003e\n\u003ctable style=\"font-family:Arial,Verdana,Times;font-size:12px;text-align:left;width:100%;border-spacing:0px; padding:3px 3px 3px 3px\"\u003e\n\u003ctr\u003e\n\u003ctd\u003eFID\u003c/td\u003e\n\u003ctd\u003e0\u003c/td\u003e\n\u003c/tr\u003e\n\u003ctr bgcolor=\"#D4E4F3\"\u003e\n\u003ctd\u003eShape_Leng\u003c/td\u003e\n\u003ctd\u003e18102566,9293\u003c/td\u003e\n\u003c/tr\u003e\n\u003c/table\u003e\n\u003c/td\u003e\n\u003c/tr\u003e\n\u003c/table\u003e\n\u003c/body\u003e\u003cscript type=\"text/javascript\"\u003e\n\t\t\t\tfunction changeImage(attElement, nameElement) {\n\t\t\t\tdocument.getElementById('imageAttachment').src = attElement;\n\t\t\t\tdocument.getElementById('imageName').innerHTML = nameElement;}\n\t\t\t\u003c/script\u003e\u003c/html\u003e\n","FID_active_grids":125,"GridID":"O62","Shape_Length":2.4395930613718701e-05,"Shape_Area":2.5316120134177664e-11}},{"type":"Feature","id":19548,"geometry":{"type":"Polygon","coordinates":[[[115.85902840600011,-7.158807334999949],[115.85902312200005,-7.1588073909999252],[115.85902318700005,-7.1588135589999524],[115.85902840600011,-7.158807334999949]]]},"properties":{"OBJECTID":19548,"FID_mangrove_utm":19491,"OBJECTID_1":19491,"Name":"18102566,9293","FolderPath":"JATIM/JATIM","SymbolID":0,"AltMode":0,"Base":0,"Clamped":-1,"Extruded":0,"Snippet":"","PopupInfo":"\u003chtml xmlns:fo=\"http://www.w3.org/1999/XSL/Format\" xmlns:msxsl=\"urn:schemas-microsoft-com:xslt\"\u003e\n\u003chead\u003e\n\u003cMETA http-equiv=\"Content-Type\" content=\"text/html\"\u003e\n\u003cmeta http-equiv=\"content-type\" content=\"text/html; charset=UTF-8\"\u003e\n\u003c/head\u003e\n\u003cbody style=\"margin:0px 0px 0px 0px;overflow:auto;background:#FFFFFF;\"\u003e\n\u003ctable style=\"font-family:Arial,Verdana,Times;font-size:12px;text-align:left;width:100%;border-collapse:collapse;padding:3px 3px 3px 3px\"\u003e\n\u003ctr style=\"text-align:center;font-weight:bold;background:#9CBCE2\"\u003e\n\u003ctd\u003e18102566,9293\u003c/td\u003e\n\u003c/tr\u003e\n\u003ctr\u003e\n\u003ctd\u003e\n\u003ctable style=\"font-family:Arial,Verdana,Times;font-size:12px;text-align:left;width:100%;border-spacing:0px; padding:3px 3px 3px 3px\"\u003e\n\u003ctr\u003e\n\u003ctd\u003eFID\u003c/td\u003e\n\u003ctd\u003e0\u003c/td\u003e\n\u003c/tr\u003e\n\u003ctr bgcolor=\"#D4E4F3\"\u003e\n\u003ctd\u003eShape_Leng\u003c/td\u003e\n\u003ctd\u003e18102566,9293\u003c/td\u003e\n\u003c/tr\u003e\n\u003c/table\u003e\n\u003c/td\u003e\n\u003c/tr\u003e\n\u003c/table\u003e\n\u003c/body\u003e\u003cscript type=\"text/javascript\"\u003e\n\t\t\t\tfunction changeImage(attElement, nameElement) {\n\t\t\t\tdocument.getElementById('imageAttachment').src = attElement;\n\t\t\t\tdocument.getElementById('imageName').innerHTML = nameElement;}\n\t\t\t\u003c/script\u003e\u003c/html\u003e\n","FID_active_grids":125,"GridID":"O62","Shape_Length":1.957520894703401e-05,"Shape_Area":1.6297676235887277e-11}},{"type":"Feature","id":19550,"geometry":{"type":"Polygon","coordinates":[[[115.85903603400004,-7.1587982399999532],[115.85903205000011,-7.1587982819999638],[115.85903209900005,-7.1588029309999683],[115.85903603400004,-7.1587982399999532]]]},"properties":{"OBJECTID":19550,"FID_mangrove_utm":19493,"OBJECTID_1":19493,"Name":"18102566,9293","FolderPath":"JATIM/JATIM","SymbolID":0,"AltMode":0,"Base":0,"Clamped":-1,"Extruded":0,"Snippet":"","PopupInfo":"\u003chtml xmlns:fo=\"http://www.w3.org/1999/XSL/Format\" xmlns:msxsl=\"urn:schemas-microsoft-com:xslt\"\u003e\n\u003chead\u003e\n\u003cMETA http-equiv=\"Content-Type\" content=\"text/html\"\u003e\n\u003cmeta http-equiv=\"content-type\" content=\"text/html; charset=UTF-8\"\u003e\n\u003c/head\u003e\n\u003cbody style=\"margin:0px 0px 0px 0px;overflow:auto;background:#FFFFFF;\"\u003e\n\u003ctable style=\"font-family:Arial,Verdana,Times;font-size:12px;text-align:left;width:100%;border-collapse:collapse;padding:3px 3px 3px 3px\"\u003e\n\u003ctr style=\"text-align:center;font-weight:bold;background:#9CBCE2\"\u003e\n\u003ctd\u003e18102566,9293\u003c/td\u003e\n\u003c/tr\u003e\n\u003ctr\u003e\n\u003ctd\u003e\n\u003ctable style=\"font-family:Arial,Verdana,Times;font-size:12px;text-align:left;width:100%;border-spacing:0px; padding:3px 3px 3px 3px\"\u003e\n\u003ctr\u003e\n\u003ctd\u003eFID\u003c/td\u003e\n\u003ctd\u003e0\u003c/td\u003e\n\u003c/tr\u003e\n\u003ctr bgcolor=\"#D4E4F3\"\u003e\n\u003ctd\u003eShape_Leng\u003c/td\u003e\n\u003ctd\u003e18102566,9293\u003c/td\u003e\n\u003c/tr\u003e\n\u003c/table\u003e\n\u003c/td\u003e\n\u003c/tr\u003e\n\u003c/table\u003e\n\u003c/body\u003e\u003cscript type=\"text/javascript\"\u003e\n\t\t\t\tfunction changeImage(attElement, nameElement) {\n\t\t\t\tdocument.getElementById('imageAttachment').src = attElement;\n\t\t\t\tdocument.getElementById('imageName').innerHTML = nameElement;}\n\t\t\t\u003c/script\u003e\u003c/html\u003e\n","FID_active_grids":125,"GridID":"O62","Shape_Length":1.475636334165642e-05,"Shape_Area":9.2618368492449144e-12}},{"type":"Feature","id":19551,"geometry":{"type":"Polygon","coordinates":[[[115.87891223600002,-7.1585874889999559],[115.87891188700007,-7.158587491999981],[115.87891198300008,-7.1585965049999345],[115.87890295900002,-7.1585966009999424],[115.87890315100003,-7.1586146269999631],[115.8789121750001,-7.1586145309999552],[115.87891255900001,-7.1586505829999396],[115.87892158300008,-7.1586504869999317],[115.87892167900009,-7.158659499999942],[115.87893070300004,-7.1586594039999341],[115.87893060700003,-7.1586503909999806],[115.87895753300006,-7.1586501049999356],[115.87891223600002,-7.1585874889999559]]]},"properties":{"OBJECTID":19551,"FID_mangrove_utm":19494,"OBJECTID_1":19494,"Name":"18102566,9293","FolderPath":"JATIM/JATIM","SymbolID":0,"AltMode":0,"Base":0,"Clamped":-1,"Extruded":0,"Snippet":"","PopupInfo":"\u003chtml xmlns:fo=\"http://www.w3.org/1999/XSL/Format\" xmlns:msxsl=\"urn:schemas-microsoft-com:xslt\"\u003e\n\u003chead\u003e\n\u003cMETA http-equiv=\"Content-Type\" content=\"text/html\"\u003e\n\u003cmeta http-equiv=\"content-type\" content=\"text/html; charset=UTF-8\"\u003e\n\u003c/head\u003e\n\u003cbody style=\"margin:0px 0px 0px 0px;overflow:auto;background:#FFFFFF;\"\u003e\n\u003ctable style=\"font-family:Arial,Verdana,Times;font-size:12px;text-align:left;width:100%;border-collapse:collapse;padding:3px 3px 3px 3px\"\u003e\n\u003ctr style=\"text-align:center;font-weight:bold;background:#9CBCE2\"\u003e\n\u003ctd\u003e18102566,9293\u003c/td\u003e\n\u003c/tr\u003e\n\u003ctr\u003e\n\u003ctd\u003e\n\u003ctable style=\"font-family:Arial,Verdana,Times;font-size:12px;text-align:left;width:100%;border-spacing:0px; padding:3px 3px 3px 3px\"\u003e\n\u003ctr\u003e\n\u003ctd\u003eFID\u003c/td\u003e\n\u003ctd\u003e0\u003c/td\u003e\n\u003c/tr\u003e\n\u003ctr bgcolor=\"#D4E4F3\"\u003e\n\u003ctd\u003eShape_Leng\u003c/td\u003e\n\u003ctd\u003e18102566,9293\u003c/td\u003e\n\u003c/tr\u003e\n\u003c/table\u003e\n\u003c/td\u003e\n\u003c/tr\u003e\n\u003c/table\u003e\n\u003c/body\u003e\u003cscript type=\"text/javascript\"\u003e\n\t\t\t\tfunction changeImage(attElement, nameElement) {\n\t\t\t\tdocument.getElementById('imageAttachment').src = attElement;\n\t\t\t\tdocument.getElementById('imageName').innerHTML = nameElement;}\n\t\t\t\u003c/script\u003e\u003c/html\u003e\n","FID_active_grids":125,"GridID":"O62","Shape_Length":0.00022177865520518818,"Shape_Area":1.6739059138765071e-09}},{"type":"Feature","id":19552,"geometry":{"type":"Polygon","coordinates":[[[115.8590436610001,-7.1587891449999574],[115.85904097900004,-7.1587891729999455],[115.85904101200003,-7.1587923039999737],[115.8590436610001,-7.1587891449999574]]]},"properties":{"OBJECTID":19552,"FID_mangrove_utm":19495,"OBJECTID_1":19495,"Name":"18102566,9293","FolderPath":"JATIM/JATIM","SymbolID":0,"AltMode":0,"Base":0,"Clamped":-1,"Extruded":0,"Snippet":"","PopupInfo":"\u003chtml xmlns:fo=\"http://www.w3.org/1999/XSL/Format\" xmlns:msxsl=\"urn:schemas-microsoft-com:xslt\"\u003e\n\u003chead\u003e\n\u003cMETA http-equiv=\"Content-Type\" content=\"text/html\"\u003e\n\u003cmeta http-equiv=\"content-type\" content=\"text/html; charset=UTF-8\"\u003e\n\u003c/head\u003e\n\u003cbody style=\"margin:0px 0px 0px 0px;overflow:auto;background:#FFFFFF;\"\u003e\n\u003ctable style=\"font-family:Arial,Verdana,Times;font-size:12px;text-align:left;width:100%;border-collapse:collapse;padding:3px 3px 3px 3px\"\u003e\n\u003ctr style=\"text-align:center;font-weight:bold;background:#9CBCE2\"\u003e\n\u003ctd\u003e18102566,9293\u003c/td\u003e\n\u003c/tr\u003e\n\u003ctr\u003e\n\u003ctd\u003e\n\u003ctable style=\"font-family:Arial,Verdana,Times;font-size:12px;text-align:left;width:100%;border-spacing:0px; padding:3px 3px 3px 3px\"\u003e\n\u003ctr\u003e\n\u003ctd\u003eFID\u003c/td\u003e\n\u003ctd\u003e0\u003c/td\u003e\n\u003c/tr\u003e\n\u003ctr bgcolor=\"#D4E4F3\"\u003e\n\u003ctd\u003eShape_Leng\u003c/td\u003e\n\u003ctd\u003e18102566,9293\u003c/td\u003e\n\u003c/tr\u003e\n\u003c/table\u003e\n\u003c/td\u003e\n\u003c/tr\u003e\n\u003c/table\u003e\n\u003c/body\u003e\u003cscript type=\"text/javascript\"\u003e\n\t\t\t\tfunction changeImage(attElement, nameElement) {\n\t\t\t\tdocument.getElementById('imageAttachment').src = attElement;\n\t\t\t\tdocument.getElementById('imageName').innerHTML = nameElement;}\n\t\t\t\u003c/script\u003e\u003c/html\u003e\n","FID_active_grids":125,"GridID":"O62","Shape_Length":9.9359991817731485e-06,"Shape_Area":4.1991331289780944e-12}},{"type":"Feature","id":19574,"geometry":{"type":"Polygon","coordinates":[[[115.86958657200012,-7.1584738439999569],[115.86956765900004,-7.1584523129999411],[115.8695606230001,-7.1584523869999543],[115.86956110200003,-7.1584974519999491],[115.8695701260001,-7.1584973569999306],[115.86957041400001,-7.1585243959999616],[115.86957943800007,-7.1585242999999537],[115.86957982100012,-7.1585603519999381],[115.86958884500007,-7.1585602569999764],[115.86958903600009,-7.1585782829999403],[115.86961610800006,-7.1585779959999627],[115.86961630000008,-7.1585960219999265],[115.86958020400004,-7.1585964039999794],[115.86958030000005,-7.1586054169999329],[115.8695712760001,-7.1586055129999409],[115.86957146800012,-7.1586235389999615],[115.86956244400005,-7.1586236349999695],[115.8695628270001,-7.1586596869999539],[115.86955380300003,-7.1586597829999619],[115.86955389900004,-7.1586687959999722],[115.86954487500009,-7.1586688909999339],[115.86954506600011,-7.1586869179999439],[115.86953604200005,-7.1586870129999625],[115.86953633000007,-7.1587140519999366],[115.86954535400002,-7.1587139569999749],[115.86954545000003,-7.1587229699999284],[115.86953642600008,-7.1587230649999469],[115.8695365210001,-7.1587320779999573],[115.86951847300008,-7.1587322699999731],[115.86951856900009,-7.1587412829999266],[115.86950954500003,-7.1587413789999346],[115.86950964100004,-7.1587503919999449],[115.86949159300002,-7.1587505829999714],[115.86949168900003,-7.1587595959999248],[115.86947364100001,-7.1587597869999513],[115.86947373700002,-7.1587687999999616],[115.86946471300007,-7.1587688959999696],[115.86946480900008,-7.1587779089999799],[115.86944676100006,-7.1587781009999389],[115.86944685600008,-7.1587871139999493],[115.86942880900006,-7.1587873049999757],[115.86942871300005,-7.1587782919999654],[115.86941066500003,-7.158778482999935],[115.86941076100004,-7.1587874959999453],[115.86938368900007,-7.1587877829999798],[115.86938378400009,-7.1587967959999332],[115.86936573600008,-7.1587969879999491],[115.86936583200008,-7.1588060009999595],[115.86935680800002,-7.1588060969999674],[115.86935690400003,-7.1588151099999777],[115.86934788000008,-7.1588152049999394],[115.8693481680001,-7.1588422439999704],[115.86933914400004,-7.1588423399999783],[115.86933935800005,-7.1588624989999516],[115.86956167300002,-7.1588182579999398],[115.86972299400009,-7.1587876509999546],[115.86979411300001,-7.1587251579999815],[115.86958657200012,-7.1584738439999569]],[[115.86965258800001,-7.1586136649999617],[115.8696796590001,-7.1586133779999273],[115.86967956400008,-7.1586043649999738],[115.86968858800003,-7.1586042689999658],[115.86968868300005,-7.1586132819999762],[115.86969770700011,-7.1586131859999682],[115.86969780300001,-7.1586221989999785],[115.86970682700007,-7.15862210399996],[115.86970692300008,-7.1586311169999703],[115.86971594700003,-7.1586310209999624],[115.86971613900005,-7.1586490469999262],[115.8697071150001,-7.1586491429999342],[115.86970721000012,-7.1586581559999445],[115.86969818600005,-7.1586582519999524],[115.86969837800007,-7.1586762779999731],[115.86970740200002,-7.1586761819999651],[115.86970769000004,-7.1587032209999393],[115.86971671300012,-7.1587031249999313],[115.86971680900001,-7.1587121379999417],[115.86970778500006,-7.1587122339999496],[115.86970807300008,-7.1587392729999806],[115.86971709700003,-7.1587391779999621],[115.86971728800006,-7.1587572039999259],[115.86970826400011,-7.1587572989999444],[115.86970836000012,-7.1587663119999547],[115.8696903120001,-7.1587665039999706],[115.86969040800011,-7.1587755169999809],[115.8696723600001,-7.1587757079999506],[115.86967226400009,-7.1587666949999402],[115.86965421600007,-7.1587668869999561],[115.86965412100005,-7.1587578729999564],[115.86962704900009,-7.1587581609999802],[115.86962695300008,-7.1587491479999699],[115.86960890500006,-7.1587493389999395],[115.86960880900006,-7.1587403259999292],[115.8695997850001,-7.1587404219999371],[115.8695996890001,-7.1587314089999268],[115.86956359300007,-7.1587317909999797],[115.86956340200004,-7.158713764999959],[115.8695724260001,-7.1587136699999405],[115.86957185100005,-7.158659590999946],[115.86958087500011,-7.1586594959999275],[115.8695807790001,-7.158650482999974],[115.86958980300005,-7.158650386999966],[115.86958970700005,-7.1586413739999557],[115.86959873100011,-7.1586412779999478],[115.8695986350001,-7.1586322649999374],[115.86960765900005,-7.1586321689999295],[115.86960756300005,-7.158623155999976],[115.86961658700011,-7.1586230609999575],[115.86961649200009,-7.1586140479999472],[115.86964356400006,-7.1586137609999696],[115.86964365900008,-7.1586227739999799],[115.86965268300003,-7.158622677999972],[115.86965258800001,-7.1586136649999617]]]},"properties":{"OBJECTID":19574,"FID_mangrove_utm":19517,"OBJECTID_1":19517,"Name":"18102566,9293","FolderPath":"JATIM/JATIM","SymbolID":0,"AltMode":0,"Base":0,"Clamped":-1,"Extruded":0,"Snippet":"","PopupInfo":"\u003chtml xmlns:fo=\"http://www.w3.org/1999/XSL/Format\" xmlns:msxsl=\"urn:schemas-microsoft-com:xslt\"\u003e\n\u003chead\u003e\n\u003cMETA http-equiv=\"Content-Type\" content=\"text/html\"\u003e\n\u003cmeta http-equiv=\"content-type\" content=\"text/html; charset=UTF-8\"\u003e\n\u003c/head\u003e\n\u003cbody style=\"margin:0px 0px 0px 0px;overflow:auto;background:#FFFFFF;\"\u003e\n\u003ctable style=\"font-family:Arial,Verdana,Times;font-size:12px;text-align:left;width:100%;border-collapse:collapse;padding:3px 3px 3px 3px\"\u003e\n\u003ctr style=\"text-align:center;font-weight:bold;background:#9CBCE2\"\u003e\n\u003ctd\u003e18102566,9293\u003c/td\u003e\n\u003c/tr\u003e\n\u003ctr\u003e\n\u003ctd\u003e\n\u003ctable style=\"font-family:Arial,Verdana,Times;font-size:12px;text-align:left;width:100%;border-spacing:0px; padding:3px 3px 3px 3px\"\u003e\n\u003ctr\u003e\n\u003ctd\u003eFID\u003c/td\u003e\n\u003ctd\u003e0\u003c/td\u003e\n\u003c/tr\u003e\n\u003ctr bgcolor=\"#D4E4F3\"\u003e\n\u003ctd\u003eShape_Leng\u003c/td\u003e\n\u003ctd\u003e18102566,9293\u003c/td\u003e\n\u003c/tr\u003e\n\u003c/table\u003e\n\u003c/td\u003e\n\u003c/tr\u003e\n\u003c/table\u003e\n\u003c/body\u003e\u003cscript type=\"text/javascript\"\u003e\n\t\t\t\tfunction changeImage(attElement, nameElement) {\n\t\t\t\tdocument.getElementById('imageAttachment').src = attElement;\n\t\t\t\tdocument.getElementById('imageName').innerHTML = nameElement;}\n\t\t\t\u003c/script\u003e\u003c/html\u003e\n","FID_active_grids":125,"GridID":"O62","Shape_Length":0.0023464191539971117,"Shape_Area":4.3136554000396049e-08}},{"type":"Feature","id":19577,"geometry":{"type":"Polygon","coordinates":[[[115.85929585100007,-7.1585160509999355],[115.85929078600009,-7.1585161039999434],[115.85929083100007,-7.1585204069999691],[115.85929585100007,-7.1585160509999355]]]},"properties":{"OBJECTID":19577,"FID_mangrove_utm":19520,"OBJECTID_1":19520,"Name":"18102566,9293","FolderPath":"JATIM/JATIM","SymbolID":0,"AltMode":0,"Base":0,"Clamped":-1,"Extruded":0,"Snippet":"","PopupInfo":"\u003chtml xmlns:fo=\"http://www.w3.org/1999/XSL/Format\" xmlns:msxsl=\"urn:schemas-microsoft-com:xslt\"\u003e\n\u003chead\u003e\n\u003cMETA http-equiv=\"Content-Type\" content=\"text/html\"\u003e\n\u003cmeta http-equiv=\"content-type\" content=\"text/html; charset=UTF-8\"\u003e\n\u003c/head\u003e\n\u003cbody style=\"margin:0px 0px 0px 0px;overflow:auto;background:#FFFFFF;\"\u003e\n\u003ctable style=\"font-family:Arial,Verdana,Times;font-size:12px;text-align:left;width:100%;border-collapse:collapse;padding:3px 3px 3px 3px\"\u003e\n\u003ctr style=\"text-align:center;font-weight:bold;background:#9CBCE2\"\u003e\n\u003ctd\u003e18102566,9293\u003c/td\u003e\n\u003c/tr\u003e\n\u003ctr\u003e\n\u003ctd\u003e\n\u003ctable style=\"font-family:Arial,Verdana,Times;font-size:12px;text-align:left;width:100%;border-spacing:0px; padding:3px 3px 3px 3px\"\u003e\n\u003ctr\u003e\n\u003ctd\u003eFID\u003c/td\u003e\n\u003ctd\u003e0\u003c/td\u003e\n\u003c/tr\u003e\n\u003ctr bgcolor=\"#D4E4F3\"\u003e\n\u003ctd\u003eShape_Leng\u003c/td\u003e\n\u003ctd\u003e18102566,9293\u003c/td\u003e\n\u003c/tr\u003e\n\u003c/table\u003e\n\u003c/td\u003e\n\u003c/tr\u003e\n\u003c/table\u003e\n\u003c/body\u003e\u003cscript type=\"text/javascript\"\u003e\n\t\t\t\tfunction changeImage(attElement, nameElement) {\n\t\t\t\tdocument.getElementById('imageAttachment').src = attElement;\n\t\t\t\tdocument.getElementById('imageName').innerHTML = nameElement;}\n\t\t\t\u003c/script\u003e\u003c/html\u003e\n","FID_active_grids":125,"GridID":"O62","Shape_Length":1.601495045706293e-05,"Shape_Area":1.0898540026004778e-11}},{"type":"Feature","id":19583,"geometry":{"type":"Polygon","coordinates":[[[115.8739897480001,-7.1582521609999503],[115.87398028300004,-7.1582522609999728],[115.87436392100005,-7.1586422429999743],[115.87436356400008,-7.1586087529999531],[115.87435454000001,-7.1586088489999611],[115.87435444400001,-7.1585998359999508],[115.87434542100004,-7.1585999309999693],[115.87434532500004,-7.1585909189999484],[115.87433630100008,-7.1585910139999669],[115.87433620500008,-7.1585820009999566],[115.87432718100001,-7.1585820969999645],[115.8743268930001,-7.1585550579999335],[115.87431786900004,-7.1585551539999415],[115.87431777300003,-7.1585461409999311],[115.87430875000007,-7.1585462369999391],[115.87430836600004,-7.1585101849999546],[115.87428129400007,-7.1585104719999322],[115.87428100600005,-7.158483432999958],[115.87427198300009,-7.158483528999966],[115.87427179100007,-7.1584655029999453],[115.874262767,-7.1584655989999533],[115.87426238300009,-7.1584295469999688],[115.87425335900002,-7.1584296429999767],[115.87425326300001,-7.1584206299999664],[115.8742352160001,-7.158420820999936],[115.87423512000009,-7.1584118079999257],[115.87421707200008,-7.1584119999999416],[115.87421697600007,-7.1584029869999313],[115.87420795200001,-7.1584030829999392],[115.87420785600011,-7.1583940699999289],[115.87419883200005,-7.1583941659999368],[115.87419873600004,-7.1583851529999265],[115.87418068900001,-7.158385343999953],[115.87418059300001,-7.1583763309999426],[115.87414449700009,-7.1583767139999281],[115.87414440100008,-7.1583677009999747],[115.87413537700002,-7.1583677969999258],[115.87413528100001,-7.1583587839999723],[115.87410821000003,-7.1583590719999393],[115.87410801800002,-7.1583410459999754],[115.87409899400006,-7.1583411409999371],[115.87409889800006,-7.1583321279999268],[115.87408987400011,-7.1583322239999347],[115.8740897780001,-7.1583232109999813],[115.87408075400003,-7.1583233069999324],[115.87408065800003,-7.1583142939999789],[115.87407163500006,-7.15831438999993],[115.87407144300005,-7.1582963639999662],[115.87405339500003,-7.1582965549999358],[115.87405329900002,-7.1582875419999255],[115.87403525100001,-7.1582877339999413],[115.87403515500012,-7.158278720999931],[115.87400808400002,-7.1582790079999654],[115.87400798800002,-7.1582699949999551],[115.87399896400007,-7.158270090999963],[115.87399886800006,-7.1582610779999527],[115.87398984400011,-7.1582611739999606],[115.8739897480001,-7.1582521609999503]]]},"properties":{"OBJECTID":19583,"FID_mangrove_utm":19526,"OBJECTID_1":19526,"Name":"18102566,9293","FolderPath":"JATIM/JATIM","SymbolID":0,"AltMode":0,"Base":0,"Clamped":-1,"Extruded":0,"Snippet":"","PopupInfo":"\u003chtml xmlns:fo=\"http://www.w3.org/1999/XSL/Format\" xmlns:msxsl=\"urn:schemas-microsoft-com:xslt\"\u003e\n\u003chead\u003e\n\u003cMETA http-equiv=\"Content-Type\" content=\"text/html\"\u003e\n\u003cmeta http-equiv=\"content-type\" content=\"text/html; charset=UTF-8\"\u003e\n\u003c/head\u003e\n\u003cbody style=\"margin:0px 0px 0px 0px;overflow:auto;background:#FFFFFF;\"\u003e\n\u003ctable style=\"font-family:Arial,Verdana,Times;font-size:12px;text-align:left;width:100%;border-collapse:collapse;padding:3px 3px 3px 3px\"\u003e\n\u003ctr style=\"text-align:center;font-weight:bold;background:#9CBCE2\"\u003e\n\u003ctd\u003e18102566,9293\u003c/td\u003e\n\u003c/tr\u003e\n\u003ctr\u003e\n\u003ctd\u003e\n\u003ctable style=\"font-family:Arial,Verdana,Times;font-size:12px;text-align:left;width:100%;border-spacing:0px; padding:3px 3px 3px 3px\"\u003e\n\u003ctr\u003e\n\u003ctd\u003eFID\u003c/td\u003e\n\u003ctd\u003e0\u003c/td\u003e\n\u003c/tr\u003e\n\u003ctr bgcolor=\"#D4E4F3\"\u003e\n\u003ctd\u003eShape_Leng\u003c/td\u003e\n\u003ctd\u003e18102566,9293\u003c/td\u003e\n\u003c/tr\u003e\n\u003c/table\u003e\n\u003c/td\u003e\n\u003c/tr\u003e\n\u003c/table\u003e\n\u003c/body\u003e\u003cscript type=\"text/javascript\"\u003e\n\t\t\t\tfunction changeImage(attElement, nameElement) {\n\t\t\t\tdocument.getElementById('imageAttachment').src = attElement;\n\t\t\t\tdocument.getElementById('imageName').innerHTML = nameElement;}\n\t\t\t\u003c/script\u003e\u003c/html\u003e\n","FID_active_grids":125,"GridID":"O62","Shape_Length":0.0013205440624305881,"Shape_Area":1.9123207782083631e-08}},{"type":"Feature","id":19589,"geometry":{"type":"Polygon","coordinates":[[[115.86992866500009,-7.1582659059999401],[115.86992859400004,-7.158259189999967],[115.86991054600003,-7.1582593809999366],[115.86991057800003,-7.1582623999999555],[115.8699215800001,-7.1582661899999493],[115.86992866500009,-7.1582659059999401]]]},"properties":{"OBJECTID":19589,"FID_mangrove_utm":19532,"OBJECTID_1":19532,"Name":"18102566,9293","FolderPath":"JATIM/JATIM","SymbolID":0,"AltMode":0,"Base":0,"Clamped":-1,"Extruded":0,"Snippet":"","PopupInfo":"\u003chtml xmlns:fo=\"http://www.w3.org/1999/XSL/Format\" xmlns:msxsl=\"urn:schemas-microsoft-com:xslt\"\u003e\n\u003chead\u003e\n\u003cMETA http-equiv=\"Content-Type\" content=\"text/html\"\u003e\n\u003cmeta http-equiv=\"content-type\" content=\"text/html; charset=UTF-8\"\u003e\n\u003c/head\u003e\n\u003cbody style=\"margin:0px 0px 0px 0px;overflow:auto;background:#FFFFFF;\"\u003e\n\u003ctable style=\"font-family:Arial,Verdana,Times;font-size:12px;text-align:left;width:100%;border-collapse:collapse;padding:3px 3px 3px 3px\"\u003e\n\u003ctr style=\"text-align:center;font-weight:bold;background:#9CBCE2\"\u003e\n\u003ctd\u003e18102566,9293\u003c/td\u003e\n\u003c/tr\u003e\n\u003ctr\u003e\n\u003ctd\u003e\n\u003ctable style=\"font-family:Arial,Verdana,Times;font-size:12px;text-align:left;width:100%;border-spacing:0px; padding:3px 3px 3px 3px\"\u003e\n\u003ctr\u003e\n\u003ctd\u003eFID\u003c/td\u003e\n\u003ctd\u003e0\u003c/td\u003e\n\u003c/tr\u003e\n\u003ctr bgcolor=\"#D4E4F3\"\u003e\n\u003ctd\u003eShape_Leng\u003c/td\u003e\n\u003ctd\u003e18102566,9293\u003c/td\u003e\n\u003c/tr\u003e\n\u003c/table\u003e\n\u003c/td\u003e\n\u003c/tr\u003e\n\u003c/table\u003e\n\u003c/body\u003e\u003cscript type=\"text/javascript\"\u003e\n\t\t\t\tfunction changeImage(attElement, nameElement) {\n\t\t\t\tdocument.getElementById('imageAttachment').src = attElement;\n\t\t\t\tdocument.getElementById('imageName').innerHTML = nameElement;}\n\t\t\t\u003c/script\u003e\u003c/html\u003e\n","FID_active_grids":125,"GridID":"O62","Shape_Length":4.6511744099733533e-05,"Shape_Area":1.0284655408986074e-10}},{"type":"Feature","id":19590,"geometry":{"type":"Polygon","coordinates":[[[115.86985621100007,-7.1582419289999279],[115.86985130300002,-7.1582419809999465],[115.86985622900011,-7.1582436779999625],[115.86985621100007,-7.1582419289999279]]]},"properties":{"OBJECTID":19590,"FID_mangrove_utm":19533,"OBJECTID_1":19533,"Name":"18102566,9293","FolderPath":"JATIM/JATIM","SymbolID":0,"AltMode":0,"Base":0,"Clamped":-1,"Extruded":0,"Snippet":"","PopupInfo":"\u003chtml xmlns:fo=\"http://www.w3.org/1999/XSL/Format\" xmlns:msxsl=\"urn:schemas-microsoft-com:xslt\"\u003e\n\u003chead\u003e\n\u003cMETA http-equiv=\"Content-Type\" content=\"text/html\"\u003e\n\u003cmeta http-equiv=\"content-type\" content=\"text/html; charset=UTF-8\"\u003e\n\u003c/head\u003e\n\u003cbody style=\"margin:0px 0px 0px 0px;overflow:auto;background:#FFFFFF;\"\u003e\n\u003ctable style=\"font-family:Arial,Verdana,Times;font-size:12px;text-align:left;width:100%;border-collapse:collapse;padding:3px 3px 3px 3px\"\u003e\n\u003ctr style=\"text-align:center;font-weight:bold;background:#9CBCE2\"\u003e\n\u003ctd\u003e18102566,9293\u003c/td\u003e\n\u003c/tr\u003e\n\u003ctr\u003e\n\u003ctd\u003e\n\u003ctable style=\"font-family:Arial,Verdana,Times;font-size:12px;text-align:left;width:100%;border-spacing:0px; padding:3px 3px 3px 3px\"\u003e\n\u003ctr\u003e\n\u003ctd\u003eFID\u003c/td\u003e\n\u003ctd\u003e0\u003c/td\u003e\n\u003c/tr\u003e\n\u003ctr bgcolor=\"#D4E4F3\"\u003e\n\u003ctd\u003eShape_Leng\u003c/td\u003e\n\u003ctd\u003e18102566,9293\u003c/td\u003e\n\u003c/tr\u003e\n\u003c/table\u003e\n\u003c/td\u003e\n\u003c/tr\u003e\n\u003c/table\u003e\n\u003c/body\u003e\u003cscript type=\"text/javascript\"\u003e\n\t\t\t\tfunction changeImage(attElement, nameElement) {\n\t\t\t\tdocument.getElementById('imageAttachment').src = attElement;\n\t\t\t\tdocument.getElementById('imageName').innerHTML = nameElement;}\n\t\t\t\u003c/script\u003e\u003c/html\u003e\n","FID_active_grids":125,"GridID":"O62","Shape_Length":1.1867481979411494e-05,"Shape_Area":4.2925141304260546e-12}},{"type":"Feature","id":19591,"geometry":{"type":"Polygon","coordinates":[[[115.86983806700005,-7.1582331079999335],[115.86982591700007,-7.1582332369999335],[115.86983811300001,-7.1582374379999578],[115.86983806700005,-7.1582331079999335]]]},"properties":{"OBJECTID":19591,"FID_mangrove_utm":19534,"OBJECTID_1":19534,"Name":"18102566,9293","FolderPath":"JATIM/JATIM","SymbolID":0,"AltMode":0,"Base":0,"Clamped":-1,"Extruded":0,"Snippet":"","PopupInfo":"\u003chtml xmlns:fo=\"http://www.w3.org/1999/XSL/Format\" xmlns:msxsl=\"urn:schemas-microsoft-com:xslt\"\u003e\n\u003chead\u003e\n\u003cMETA http-equiv=\"Content-Type\" content=\"text/html\"\u003e\n\u003cmeta http-equiv=\"content-type\" content=\"text/html; charset=UTF-8\"\u003e\n\u003c/head\u003e\n\u003cbody style=\"margin:0px 0px 0px 0px;overflow:auto;background:#FFFFFF;\"\u003e\n\u003ctable style=\"font-family:Arial,Verdana,Times;font-size:12px;text-align:left;width:100%;border-collapse:collapse;padding:3px 3px 3px 3px\"\u003e\n\u003ctr style=\"text-align:center;font-weight:bold;background:#9CBCE2\"\u003e\n\u003ctd\u003e18102566,9293\u003c/td\u003e\n\u003c/tr\u003e\n\u003ctr\u003e\n\u003ctd\u003e\n\u003ctable style=\"font-family:Arial,Verdana,Times;font-size:12px;text-align:left;width:100%;border-spacing:0px; padding:3px 3px 3px 3px\"\u003e\n\u003ctr\u003e\n\u003ctd\u003eFID\u003c/td\u003e\n\u003ctd\u003e0\u003c/td\u003e\n\u003c/tr\u003e\n\u003ctr bgcolor=\"#D4E4F3\"\u003e\n\u003ctd\u003eShape_Leng\u003c/td\u003e\n\u003ctd\u003e18102566,9293\u003c/td\u003e\n\u003c/tr\u003e\n\u003c/table\u003e\n\u003c/td\u003e\n\u003c/tr\u003e\n\u003c/table\u003e\n\u003c/body\u003e\u003cscript type=\"text/javascript\"\u003e\n\t\t\t\tfunction changeImage(attElement, nameElement) {\n\t\t\t\tdocument.getElementById('imageAttachment').src = attElement;\n\t\t\t\tdocument.getElementById('imageName').innerHTML = nameElement;}\n\t\t\t\u003c/script\u003e\u003c/html\u003e\n","FID_active_grids":125,"GridID":"O62","Shape_Length":2.9380185535138027e-05,"Shape_Area":2.6307717091535462e-11}},{"type":"Feature","id":19592,"geometry":{"type":"Polygon","coordinates":[[[115.87391688600007,-7.1581898359999627],[115.87391520800008,-7.1581898539999429],[115.87391689800006,-7.158191014999943],[115.87391688600007,-7.1581898359999627]]]},"properties":{"OBJECTID":19592,"FID_mangrove_utm":19535,"OBJECTID_1":19535,"Name":"18102566,9293","FolderPath":"JATIM/JATIM","SymbolID":0,"AltMode":0,"Base":0,"Clamped":-1,"Extruded":0,"Snippet":"","PopupInfo":"\u003chtml xmlns:fo=\"http://www.w3.org/1999/XSL/Format\" xmlns:msxsl=\"urn:schemas-microsoft-com:xslt\"\u003e\n\u003chead\u003e\n\u003cMETA http-equiv=\"Content-Type\" content=\"text/html\"\u003e\n\u003cmeta http-equiv=\"content-type\" content=\"text/html; charset=UTF-8\"\u003e\n\u003c/head\u003e\n\u003cbody style=\"margin:0px 0px 0px 0px;overflow:auto;background:#FFFFFF;\"\u003e\n\u003ctable style=\"font-family:Arial,Verdana,Times;font-size:12px;text-align:left;width:100%;border-collapse:collapse;padding:3px 3px 3px 3px\"\u003e\n\u003ctr style=\"text-align:center;font-weight:bold;background:#9CBCE2\"\u003e\n\u003ctd\u003e18102566,9293\u003c/td\u003e\n\u003c/tr\u003e\n\u003ctr\u003e\n\u003ctd\u003e\n\u003ctable style=\"font-family:Arial,Verdana,Times;font-size:12px;text-align:left;width:100%;border-spacing:0px; padding:3px 3px 3px 3px\"\u003e\n\u003ctr\u003e\n\u003ctd\u003eFID\u003c/td\u003e\n\u003ctd\u003e0\u003c/td\u003e\n\u003c/tr\u003e\n\u003ctr bgcolor=\"#D4E4F3\"\u003e\n\u003ctd\u003eShape_Leng\u003c/td\u003e\n\u003ctd\u003e18102566,9293\u003c/td\u003e\n\u003c/tr\u003e\n\u003c/table\u003e\n\u003c/td\u003e\n\u003c/tr\u003e\n\u003c/table\u003e\n\u003c/body\u003e\u003cscript type=\"text/javascript\"\u003e\n\t\t\t\tfunction changeImage(attElement, nameElement) {\n\t\t\t\tdocument.getElementById('imageAttachment').src = attElement;\n\t\t\t\tdocument.getElementById('imageName').innerHTML = nameElement;}\n\t\t\t\u003c/script\u003e\u003c/html\u003e\n","FID_active_grids":125,"GridID":"O62","Shape_Length":4.9075285001186995e-06,"Shape_Area":9.8928897712686102e-13}},{"type":"Feature","id":19594,"geometry":{"type":"Polygon","coordinates":[[[115.86981992300002,-7.1582242859999496],[115.86980053100001,-7.1582244919999312],[115.86981999700004,-7.1582311969999637],[115.86981992300002,-7.1582242859999496]]]},"properties":{"OBJECTID":19594,"FID_mangrove_utm":19537,"OBJECTID_1":19537,"Name":"18102566,9293","FolderPath":"JATIM/JATIM","SymbolID":0,"AltMode":0,"Base":0,"Clamped":-1,"Extruded":0,"Snippet":"","PopupInfo":"\u003chtml xmlns:fo=\"http://www.w3.org/1999/XSL/Format\" xmlns:msxsl=\"urn:schemas-microsoft-com:xslt\"\u003e\n\u003chead\u003e\n\u003cMETA http-equiv=\"Content-Type\" content=\"text/html\"\u003e\n\u003cmeta http-equiv=\"content-type\" content=\"text/html; charset=UTF-8\"\u003e\n\u003c/head\u003e\n\u003cbody style=\"margin:0px 0px 0px 0px;overflow:auto;background:#FFFFFF;\"\u003e\n\u003ctable style=\"font-family:Arial,Verdana,Times;font-size:12px;text-align:left;width:100%;border-collapse:collapse;padding:3px 3px 3px 3px\"\u003e\n\u003ctr style=\"text-align:center;font-weight:bold;background:#9CBCE2\"\u003e\n\u003ctd\u003e18102566,9293\u003c/td\u003e\n\u003c/tr\u003e\n\u003ctr\u003e\n\u003ctd\u003e\n\u003ctable style=\"font-family:Arial,Verdana,Times;font-size:12px;text-align:left;width:100%;border-spacing:0px; padding:3px 3px 3px 3px\"\u003e\n\u003ctr\u003e\n\u003ctd\u003eFID\u003c/td\u003e\n\u003ctd\u003e0\u003c/td\u003e\n\u003c/tr\u003e\n\u003ctr bgcolor=\"#D4E4F3\"\u003e\n\u003ctd\u003eShape_Leng\u003c/td\u003e\n\u003ctd\u003e18102566,9293\u003c/td\u003e\n\u003c/tr\u003e\n\u003c/table\u003e\n\u003c/td\u003e\n\u003c/tr\u003e\n\u003c/table\u003e\n\u003c/body\u003e\u003cscript type=\"text/javascript\"\u003e\n\t\t\t\tfunction changeImage(attElement, nameElement) {\n\t\t\t\tdocument.getElementById('imageAttachment').src = attElement;\n\t\t\t\tdocument.getElementById('imageName').innerHTML = nameElement;}\n\t\t\t\u003c/script\u003e\u003c/html\u003e\n","FID_active_grids":125,"GridID":"O62","Shape_Length":4.6892889547455164e-05,"Shape_Area":6.7016678181362244e-11}},{"type":"Feature","id":19597,"geometry":{"type":"Polygon","coordinates":[[[115.86979275500005,-7.1582155599999737],[115.86977514500006,-7.1582157469999288],[115.86979282200002,-7.1582218359999388],[115.86979275500005,-7.1582155599999737]]]},"properties":{"OBJECTID":19597,"FID_mangrove_utm":19540,"OBJECTID_1":19540,"Name":"18102566,9293","FolderPath":"JATIM/JATIM","SymbolID":0,"AltMode":0,"Base":0,"Clamped":-1,"Extruded":0,"Snippet":"","PopupInfo":"\u003chtml xmlns:fo=\"http://www.w3.org/1999/XSL/Format\" xmlns:msxsl=\"urn:schemas-microsoft-com:xslt\"\u003e\n\u003chead\u003e\n\u003cMETA http-equiv=\"Content-Type\" content=\"text/html\"\u003e\n\u003cmeta http-equiv=\"content-type\" content=\"text/html; charset=UTF-8\"\u003e\n\u003c/head\u003e\n\u003cbody style=\"margin:0px 0px 0px 0px;overflow:auto;background:#FFFFFF;\"\u003e\n\u003ctable style=\"font-family:Arial,Verdana,Times;font-size:12px;text-align:left;width:100%;border-collapse:collapse;padding:3px 3px 3px 3px\"\u003e\n\u003ctr style=\"text-align:center;font-weight:bold;background:#9CBCE2\"\u003e\n\u003ctd\u003e18102566,9293\u003c/td\u003e\n\u003c/tr\u003e\n\u003ctr\u003e\n\u003ctd\u003e\n\u003ctable style=\"font-family:Arial,Verdana,Times;font-size:12px;text-align:left;width:100%;border-spacing:0px; padding:3px 3px 3px 3px\"\u003e\n\u003ctr\u003e\n\u003ctd\u003eFID\u003c/td\u003e\n\u003ctd\u003e0\u003c/td\u003e\n\u003c/tr\u003e\n\u003ctr bgcolor=\"#D4E4F3\"\u003e\n\u003ctd\u003eShape_Leng\u003c/td\u003e\n\u003ctd\u003e18102566,9293\u003c/td\u003e\n\u003c/tr\u003e\n\u003c/table\u003e\n\u003c/td\u003e\n\u003c/tr\u003e\n\u003c/table\u003e\n\u003c/body\u003e\u003cscript type=\"text/javascript\"\u003e\n\t\t\t\tfunction changeImage(attElement, nameElement) {\n\t\t\t\tdocument.getElementById('imageAttachment').src = attElement;\n\t\t\t\tdocument.getElementById('imageName').innerHTML = nameElement;}\n\t\t\t\u003c/script\u003e\u003c/html\u003e\n","FID_active_grids":125,"GridID":"O62","Shape_Length":4.2583666865349314e-05,"Shape_Area":5.5266444145138883e-11}},{"type":"Feature","id":19599,"geometry":{"type":"Polygon","coordinates":[[[115.86163494600009,-7.1582929809999314],[115.86158013500005,-7.1582935619999262],[115.86178230700011,-7.1583268539999381],[115.86191927200002,-7.1583678369999575],[115.86201327400011,-7.1584773319999613],[115.86204552800007,-7.158871989999966],[115.86207962900005,-7.1590442479999297],[115.86259548700002,-7.1596455859999537],[115.86295469600009,-7.1600843199999531],[115.86328768800001,-7.1604877069999588],[115.86347465300003,-7.1606691969999474],[115.86389643200005,-7.1608347609999328],[115.86418336800011,-7.1609465409999302],[115.8645376290001,-7.1612230539999473],[115.86500738400002,-7.1616560539999341],[115.86542211800008,-7.1621700449999253],[115.86561567400008,-7.162385808999943],[115.86579019200008,-7.1625154089999796],[115.86593074200005,-7.1625276479999798],[115.86593056700008,-7.1625111559999368],[115.86590349500011,-7.1625114429999712],[115.8659033990001,-7.1625024299999609],[115.86589437500004,-7.1625025249999794],[115.86589427900003,-7.1624935119999691],[115.86588525500008,-7.162493607999977],[115.86588506300006,-7.1624755819999564],[115.86587603900011,-7.1624756769999749],[115.86587584800009,-7.1624576509999542],[115.86586682400002,-7.1624577469999622],[115.86586672800001,-7.1624487339999519],[115.86584868000011,-7.1624489249999783],[115.8658484880001,-7.1624308989999577],[115.86583946400003,-7.1624309949999656],[115.86583927200002,-7.1624129679999555],[115.86583024800007,-7.1624130639999635],[115.86582996100003,-7.1623860249999325],[115.86581191300002,-7.1623862159999589],[115.86581181700001,-7.1623772029999486],[115.86578474500004,-7.1623774899999262],[115.86578464900003,-7.1623684769999727],[115.86575757700007,-7.1623687639999503],[115.86575748100006,-7.1623597509999399],[115.86573943300004,-7.1623599419999664],[115.86573933700004,-7.1623509289999561],[115.86573031300009,-7.162351024999964],[115.86573021700008,-7.1623420119999537],[115.86571216900006,-7.1623422029999801],[115.86571207300005,-7.1623331899999698],[115.86569402500004,-7.1623333809999394],[115.86569392900003,-7.1623243679999291],[115.86567588100002,-7.162324559999945],[115.86567578500001,-7.1623155469999347],[115.86566676100006,-7.1623156419999532],[115.86566666500005,-7.1623066289999429],[115.8656576410001,-7.1623067249999508],[115.86565754500009,-7.1622977119999405],[115.86563949700007,-7.1622979029999669],[115.86563940100007,-7.1622888899999566],[115.8656123290001,-7.1622891769999342],[115.86561223300009,-7.1622801639999807],[115.86560320900003,-7.1622802599999318],[115.86560311300002,-7.162271245999932],[115.86557604100005,-7.1622715329999664],[115.86557594500005,-7.1622625199999561],[115.86558496900011,-7.1622624249999376],[115.8655848730001,-7.1622534119999273],[115.86557584900004,-7.1622535069999458],[115.86557575400002,-7.1622444939999355],[115.86556673000007,-7.1622445899999434],[115.86556663400006,-7.1622355769999331],[115.86555761000011,-7.1622356719999516],[115.86555732200009,-7.1622086329999775],[115.86554829800002,-7.1622087289999286],[115.86554820200001,-7.1621997159999751],[115.86553917800006,-7.1621998109999367],[115.86553879500002,-7.1621637589999523],[115.86552977100007,-7.1621638549999602],[115.86552958000004,-7.1621458279999501],[115.8655205550001,-7.1621459239999581],[115.86552026800007,-7.1621188849999271],[115.86551124400012,-7.162118980999935],[115.86551114800011,-7.1621099669999353],[115.86550212400005,-7.1621100629999432],[115.86550202800004,-7.1621010499999329],[115.86549300400009,-7.1621011459999409],[115.86549281300006,-7.1620831189999308],[115.86548378900011,-7.1620832149999387],[115.86548350100009,-7.1620561759999646],[115.86547447700002,-7.1620562719999725],[115.86547409400009,-7.1620202189999418],[115.86546507000003,-7.1620203149999497],[115.86546497400002,-7.1620113019999394],[115.86545595000007,-7.1620113969999579],[115.86545585400006,-7.1620023839999476],[115.86544683000011,-7.1620024799999555],[115.8654467340001,-7.1619934669999452],[115.86543771000004,-7.1619935619999637],[115.86543751900001,-7.1619755359999431],[115.86542849500006,-7.161975631999951],[115.86542830300004,-7.1619576059999304],[115.86541927900009,-7.1619577009999489],[115.86541908800007,-7.1619396749999282],[115.86541006300001,-7.1619397709999362],[115.86540996800011,-7.1619307579999258],[115.86540094400004,-7.1619308529999444],[115.86540056000001,-7.1618948009999599],[115.86539153600006,-7.1618948969999678],[115.86539134500003,-7.1618768709999472],[115.86538232100008,-7.1618769659999657],[115.86538193800004,-7.1618409139999812],[115.86537291400009,-7.1618410099999323],[115.86537281800008,-7.1618319959999326],[115.86535477000007,-7.1618321879999485],[115.86535467400006,-7.1618231749999381],[115.86534565000011,-7.1618232699999567],[115.8653455540001,-7.1618142569999463],[115.86532750600009,-7.1618144479999728],[115.86532731400007,-7.1617964219999521],[115.86531829,-7.1617965179999601],[115.86531819400011,-7.1617875049999498],[115.86530917000005,-7.1617876009999577],[115.86530897900002,-7.1617695739999476],[115.86529995500007,-7.1617696699999556],[115.86529966700004,-7.1617426309999814],[115.86529064300009,-7.1617427259999431],[115.86529054700009,-7.1617337129999328],[115.86528152300002,-7.1617338089999407],[115.8652812360001,-7.1617067699999666],[115.86526318800009,-7.1617069609999362],[115.86526299600007,-7.1616889349999724],[115.865253972,-7.1616890299999341],[115.86525368500008,-7.1616619909999599],[115.86524466100002,-7.1616620869999679],[115.86524456500001,-7.1616530739999575],[115.86523554100006,-7.1616531689999761],[115.86523544500005,-7.1616441559999657],[115.8652264210001,-7.1616442519999737],[115.86522632500009,-7.1616352389999633],[115.86521730100003,-7.161635333999925],[115.86521711000012,-7.1616173079999612],[115.86520808600005,-7.1616174039999692],[115.86520789400004,-7.1615993779999485],[115.86519887000009,-7.161599472999967],[115.86519877400008,-7.1615904599999567],[115.86518975000001,-7.1615905559999646],[115.8651895590001,-7.161572529999944],[115.86517151100009,-7.1615727209999704],[115.86517141500008,-7.1615637079999601],[115.86515336700006,-7.1615638989999297],[115.86515327100005,-7.1615548859999762],[115.86512619900009,-7.1615551729999538],[115.86512610300008,-7.1615461599999435],[115.86511707900002,-7.1615462559999514],[115.86511688700011,-7.1615282289999413],[115.86510786300005,-7.1615283249999493],[115.86510776700004,-7.161519311999939],[115.86508069500007,-7.1615195989999734],[115.86508059900007,-7.161510585999963],[115.86506255100005,-7.1615107769999327],[115.86506236000002,-7.1614927509999688],[115.86505333500008,-7.1614928459999305],[115.86505324000007,-7.161483832999977],[115.86504421600011,-7.1614839289999281],[115.86504412000011,-7.1614749159999747],[115.86503509600004,-7.1614750119999258],[115.86503500000003,-7.161465997999926],[115.86502597600008,-7.1614660939999339],[115.86502588000008,-7.1614570809999805],[115.86501685600001,-7.1614571769999316],[115.8650166650001,-7.1614391499999783],[115.86500764000004,-7.1614392459999294],[115.86500754500003,-7.1614302329999759],[115.86499852100008,-7.161430328999927],[115.86499842500007,-7.1614213159999736],[115.86498940100012,-7.1614214109999352],[115.86498930500011,-7.1614123979999249],[115.86498028100004,-7.1614124939999328],[115.86498008900003,-7.161394467999969],[115.86497106500008,-7.1613945629999307],[115.86497097000006,-7.1613855499999772],[115.86495292100005,-7.1613857409999468],[115.86495282600004,-7.1613767279999365],[115.86494380100009,-7.1613768239999445],[115.86494370600008,-7.1613678109999341],[115.86493468200001,-7.1613679059999527],[115.86493458600012,-7.1613588929999423],[115.86492556200005,-7.1613589889999503],[115.86492546600005,-7.1613499759999399],[115.86491644200009,-7.1613500719999479],[115.86491634600009,-7.1613410579999481],[115.86489829800007,-7.161341249999964],[115.86489820200006,-7.1613322369999537],[115.86488917800011,-7.1613323319999722],[115.8648890820001,-7.1613233189999619],[115.86488005800004,-7.1613234149999698],[115.86487996300002,-7.1613144019999595],[115.86487093800008,-7.161314496999978],[115.86487084300006,-7.1613054839999677],[115.86486181900011,-7.1613055799999756],[115.8648617230001,-7.1612965669999653],[115.86485269900004,-7.161296661999927],[115.86485260300003,-7.1612876489999735],[115.86483455500002,-7.1612878409999325],[115.86483445900001,-7.1612788269999328],[115.86480738700004,-7.1612791139999672],[115.86480729100003,-7.1612701009999569],[115.86479826700008,-7.1612701969999648],[115.86479807500007,-7.1612521709999442],[115.86478905100012,-7.1612522659999627],[115.8647889560001,-7.1612432529999523],[115.86477090700009,-7.1612434439999788],[115.86477081200007,-7.1612344309999685],[115.86476178800001,-7.1612345269999764],[115.86476159600011,-7.1612165009999558],[115.86475257200004,-7.1612165959999743],[115.86475247600004,-7.161207582999964],[115.86473442800002,-7.1612077749999798],[115.86473433200001,-7.1611987619999695],[115.86471628400011,-7.1611989529999391],[115.8647161880001,-7.1611899399999288],[115.86469814000009,-7.1611901309999553],[115.86469804400008,-7.1611811179999449],[115.86467999600006,-7.1611813089999714],[115.86467990100004,-7.1611722959999611],[115.8646708760001,-7.161172391999969],[115.86467078100009,-7.1611633789999587],[115.86464370800002,-7.1611636649999468],[115.86464361300011,-7.1611546519999365],[115.86461654000004,-7.1611549389999709],[115.86461644500002,-7.1611459259999606],[115.86459839600002,-7.1611461169999302],[115.86459830100011,-7.1611371039999767],[115.86458927700005,-7.1611371999999278],[115.86458918100004,-7.1611281869999743],[115.86458015700009,-7.161128281999936],[115.86457996500008,-7.1611102559999722],[115.86456191700006,-7.1611104469999418],[115.86456182100005,-7.1611014339999315],[115.8645527970001,-7.1611015299999394],[115.86455270200008,-7.1610925169999291],[115.86454367700003,-7.161092612999937],[115.86454358200001,-7.1610835989999373],[115.86453455800006,-7.1610836949999452],[115.86453436600004,-7.1610656689999814],[115.86451631800003,-7.161065859999951],[115.86451612600001,-7.1610478339999304],[115.86450710200006,-7.1610479289999489],[115.86450700700004,-7.1610389159999386],[115.86449798300009,-7.1610390119999465],[115.86449788700008,-7.1610299989999362],[115.86448886300002,-7.1610300949999441],[115.86448867100012,-7.1610120679999341],[115.86447964700005,-7.161012163999942],[115.86447955100004,-7.1610031509999317],[115.86448857500011,-7.1610030549999806],[115.86448838400008,-7.1609850289999599],[115.86447033600007,-7.1609852199999295],[115.86447024000006,-7.1609762069999761],[115.86445219200004,-7.1609763979999457],[115.86445209600004,-7.1609673849999353],[115.86444307200009,-7.1609674809999433],[115.86444268900004,-7.1609314279999694],[115.86442464100003,-7.1609316199999284],[115.86442454500002,-7.160922606999975],[115.86439747300005,-7.1609228929999631],[115.86439728100004,-7.1609048669999424],[115.86438825700009,-7.1609049629999504],[115.86438816200007,-7.1608959499999401],[115.86437913800012,-7.1608960449999586],[115.86437904200011,-7.1608870319999482],[115.86435197000003,-7.1608873189999258],[115.86435187400002,-7.1608783059999723],[115.86434285000007,-7.1608784019999803],[115.86434275400006,-7.1608693889999699],[115.86433373000011,-7.1608694839999316],[115.8643336340001,-7.1608604709999781],[115.86431558600009,-7.1608606619999478],[115.86431549000008,-7.1608516489999374],[115.86428841800011,-7.1608519359999718],[115.8642882260001,-7.1608339099999512],[115.86424310600012,-7.1608343879999552],[115.86424301000011,-7.1608253749999449],[115.86421593800003,-7.1608256619999793],[115.86421584200002,-7.1608166489999689],[115.86418877000006,-7.1608169349999571],[115.86418867400005,-7.1608079219999468],[115.86417062600003,-7.1608081139999626],[115.86417053000002,-7.1607990999999629],[115.86414345800006,-7.1607993869999405],[115.86414336200005,-7.1607903739999301],[115.86410726600002,-7.1607907569999725],[115.86410717000001,-7.1607817439999621],[115.86406205000003,-7.1607822219999662],[115.86406195400002,-7.1607732089999558],[115.86403488200006,-7.160773494999944],[115.86403478600005,-7.1607644819999337],[115.8640257620001,-7.1607645779999416],[115.86402566600009,-7.1607555649999313],[115.86396249800009,-7.1607562339999618],[115.86396240200008,-7.1607472209999514],[115.86390825700005,-7.1607477949999634],[115.86390816200003,-7.1607387809999636],[115.86385401700011,-7.1607393549999756],[115.8638539210001,-7.1607303419999653],[115.86378172900004,-7.1607311069999469],[115.86378163300003,-7.1607220939999365],[115.86376358500002,-7.160722284999963],[115.86376348900001,-7.1607132719999527],[115.86375446500006,-7.1607133669999712],[115.86375456100006,-7.1607223809999709],[115.86374553600001,-7.1607224759999326],[115.86374544100011,-7.1607134629999791],[115.86367324800005,-7.1607142279999607],[115.86367296100002,-7.1606871889999297],[115.863654913,-7.1606873799999562],[115.86365510400003,-7.1607054059999768],[115.86364608000008,-7.1607055019999279],[115.86364598400007,-7.1606964889999745],[115.86363696000001,-7.1606965839999361],[115.86363648200006,-7.1606515189999413],[115.86362745700001,-7.1606516139999599],[115.8636273620001,-7.1606426009999495],[115.86361833800004,-7.1606426969999575],[115.86361795500011,-7.1606066439999267],[115.86359990700009,-7.1606068349999532],[115.86359981100009,-7.1605978219999429],[115.86359078700002,-7.1605979179999508],[115.8635905000001,-7.1605708789999767],[115.86358147600004,-7.1605709739999384],[115.86358128400002,-7.1605529479999745],[115.86357226000007,-7.1605530429999362],[115.86357197300003,-7.1605260039999621],[115.86356294900008,-7.16052609999997],[115.86356285300008,-7.1605170869999597],[115.86355382900001,-7.1605171819999782],[115.86355373300012,-7.1605081689999679],[115.86354470900005,-7.1605082649999758],[115.86354442200002,-7.1604812249999554],[115.86353539800007,-7.1604813209999634],[115.86353530200006,-7.160472307999953],[115.86352627800011,-7.1604724029999716],[115.8635261820001,-7.1604633899999612],[115.86351715800004,-7.1604634859999692],[115.86351706300002,-7.1604544729999589],[115.86349901400001,-7.1604546639999285],[115.8634988230001,-7.1604366379999647],[115.86348979900004,-7.1604367329999263],[115.86348970300003,-7.1604277199999729],[115.86348067900008,-7.1604278159999808],[115.86348048800005,-7.1604097899999601],[115.86347146300011,-7.1604098849999787],[115.86347136800009,-7.1604008719999683],[115.86346234400003,-7.1604009679999763],[115.86346224800002,-7.1603919549999659],[115.86344420000012,-7.1603921459999356],[115.8634440080001,-7.1603741189999255],[115.86343498400004,-7.1603742149999334],[115.86343488900002,-7.1603652019999799],[115.86341684000001,-7.1603653929999496],[115.86341674500011,-7.1603563799999392],[115.86340772100004,-7.1603564759999472],[115.86340762500004,-7.1603474629999369],[115.86339860100009,-7.1603475579999554],[115.86339850500008,-7.160338544999945],[115.86340752900003,-7.1603384489999371],[115.86340743300002,-7.1603294359999268],[115.86339840900007,-7.1603295319999347],[115.86339831400005,-7.1603205189999812],[115.8633892900001,-7.1603206139999429],[115.86338909800008,-7.1603025879999791],[115.86337105000007,-7.1603027789999487],[115.86337095400006,-7.1602937659999384],[115.86336193000011,-7.1602938619999463],[115.8633618340001,-7.160284848999936],[115.86335281000004,-7.1602849439999545],[115.86335271500002,-7.1602759309999442],[115.86334369100007,-7.1602760269999521],[115.86334349900005,-7.1602579999999421],[115.86332545100004,-7.1602581919999579],[115.86332535500003,-7.1602491789999476],[115.86331633100008,-7.1602492739999661],[115.86331604400004,-7.1602222349999352],[115.86330702000009,-7.1602223299999537],[115.86330682800008,-7.160204303999933],[115.86329780400001,-7.160204399999941],[115.86329770900011,-7.1601953869999306],[115.86328868500004,-7.1601954819999492],[115.86328878000006,-7.1602044949999595],[115.86327975600011,-7.1602045909999674],[115.86327966100009,-7.1601955779999571],[115.86327063600004,-7.1601956729999756],[115.86327054100002,-7.1601866599999653],[115.86326151700007,-7.1601867559999732],[115.86326132500005,-7.1601687299999526],[115.86327034900012,-7.1601686339999446],[115.8632702540001,-7.1601596209999343],[115.86323415700008,-7.1601600029999304],[115.86323406200006,-7.1601509899999769],[115.86322503700001,-7.160151085999928],[115.86322475000009,-7.1601240459999644],[115.86321572600002,-7.1601241419999724],[115.86321563100012,-7.1601151289999621],[115.86320660600006,-7.1601152239999806],[115.86320651100004,-7.1601062109999702],[115.86319748700009,-7.1601063069999782],[115.86319739100009,-7.1600972939999679],[115.86317934300007,-7.1600974849999375],[115.86317905600004,-7.1600704459999633],[115.86317003200008,-7.160070540999925],[115.86316993600008,-7.1600615279999715],[115.86316091200001,-7.1600616239999795],[115.86316081600012,-7.1600526099999797],[115.8631427680001,-7.1600528019999388],[115.86314257600009,-7.1600347749999287],[115.86313355200002,-7.1600348709999366],[115.86313345700012,-7.1600258579999263],[115.86312443300005,-7.1600259529999448],[115.86312433700004,-7.1600169399999345],[115.86311531300009,-7.1600170359999424],[115.86311512100008,-7.1599990099999786],[115.86310609700001,-7.1599991049999403],[115.86310600200011,-7.15999009199993],[115.86309697800004,-7.1599901879999379],[115.86309688200004,-7.1599811749999276],[115.86308785800009,-7.1599812699999461],[115.86308776200008,-7.1599722569999358],[115.86307873800001,-7.1599723529999437],[115.863078642,-7.159963338999944],[115.86306961800005,-7.1599634349999519],[115.86306952200005,-7.1599544219999416],[115.8630604980001,-7.1599545179999495],[115.86306040300008,-7.1599455039999498],[115.86305137900001,-7.1599455999999577],[115.86305118700011,-7.1599275739999371],[115.86304216300005,-7.1599276689999556],[115.86304206700004,-7.1599186559999453],[115.86303304300009,-7.1599187519999532],[115.86303266000004,-7.1598826989999793],[115.86302363600009,-7.1598827949999304],[115.86302354100008,-7.1598737819999769],[115.86300549300006,-7.1598739729999465],[115.86300511000002,-7.1598379199999727],[115.86299608600007,-7.1598380159999806],[115.86299599000006,-7.1598290029999703],[115.86298696600011,-7.1598290979999319],[115.86298677400009,-7.1598110719999681],[115.86297775000003,-7.1598111679999761],[115.86297755900011,-7.159793140999966],[115.8629595110001,-7.159793332999925],[115.86295931900008,-7.1597753059999718],[115.86295029500002,-7.1597754019999797],[115.86295010400011,-7.1597573759999591],[115.86294108000004,-7.1597574709999776],[115.86294098400003,-7.1597484579999673],[115.86293196000008,-7.1597485539999752],[115.86293186400007,-7.1597395409999649],[115.86290479200011,-7.159739826999953],[115.8629046960001,-7.1597308139999427],[115.86289567200004,-7.1597309099999507],[115.86289557700002,-7.1597218969999403],[115.86288655300007,-7.1597219919999588],[115.86288645700006,-7.1597129789999485],[115.86286840900004,-7.159713169999975],[115.86286831300004,-7.1597041569999647],[115.86285928900008,-7.1597042529999726],[115.86285919300008,-7.1596952399999623],[115.86285016900001,-7.1596953349999808],[115.8628499780001,-7.1596773089999601],[115.86284095400003,-7.1596774039999787],[115.86284085800003,-7.1596683909999683],[115.86282281000001,-7.1596685829999274],[115.86282271400012,-7.1596595689999276],[115.86281369000005,-7.1596596649999356],[115.86281359400004,-7.1596506519999252],[115.86280457000009,-7.1596507469999437],[115.86280447500008,-7.1596417339999334],[115.86277740200001,-7.1596420209999678],[115.86277721100009,-7.1596239949999472],[115.86276818700003,-7.1596240899999657],[115.86276799500001,-7.159606063999945],[115.86275897100006,-7.159606159999953],[115.86275858900001,-7.1595701069999791],[115.86274956500006,-7.1595702029999302],[115.86274946900005,-7.1595611899999767],[115.8627404450001,-7.1595612849999384],[115.86274034900009,-7.1595522719999281],[115.86273132500003,-7.159552367999936],[115.86273113400011,-7.1595343409999259],[115.86272211000005,-7.1595344369999339],[115.86272201400004,-7.1595254239999804],[115.86271299000009,-7.1595255189999421],[115.86271279800008,-7.1595074929999782],[115.86270377400001,-7.1595075889999293],[115.86270367900011,-7.1594985749999296],[115.86269465500004,-7.1594986709999375],[115.86269455900003,-7.1594896579999272],[115.86268553500008,-7.1594897539999351],[115.86268543900007,-7.1594807399999354],[115.86267641500001,-7.1594808359999433],[115.86267603200008,-7.1594447829999694],[115.86266700800002,-7.1594448789999774],[115.86266691200001,-7.1594358659999671],[115.86264886400011,-7.1594360569999367],[115.86264876900009,-7.1594270439999264],[115.86263974500002,-7.1594271389999449],[115.8626393620001,-7.1593910869999604],[115.86263033800003,-7.1593911819999789],[115.86263014600001,-7.1593731559999583],[115.86261209800011,-7.1593733469999279],[115.86261200200011,-7.1593643339999744],[115.86260297800004,-7.1593644299999255],[115.8626025960001,-7.1593283769999516],[115.86259357200004,-7.1593284729999596],[115.86259328500012,-7.1593014329999392],[115.86258426000006,-7.1593015289999471],[115.86258416500004,-7.1592925159999368],[115.86257514100009,-7.1592926109999553],[115.86257504500009,-7.159283597999945],[115.86254797300001,-7.1592838849999794],[115.86254787700011,-7.159274871999969],[115.86253885300005,-7.1592749669999307],[115.86253875700004,-7.1592659539999772],[115.86252973300009,-7.1592660499999283],[115.86252963800007,-7.1592570369999748],[115.86252061300002,-7.1592571319999365],[115.86252051800011,-7.1592481189999262],[115.86251149400005,-7.1592482149999341],[115.86251139800004,-7.1592392019999807],[115.86250237400009,-7.1592392969999423],[115.86250218300006,-7.1592212709999785],[115.86249315900011,-7.1592213659999402],[115.8624930630001,-7.1592123529999299],[115.86247501500009,-7.1592125439999563],[115.86247491900008,-7.159203530999946],[115.86245687100006,-7.1592037219999725],[115.86245677500006,-7.1591947089999621],[115.8624477510001,-7.1591948049999701],[115.8624476550001,-7.1591857919999597],[115.86242960700008,-7.1591859829999294],[115.86242951200006,-7.1591769699999759],[115.86242048700001,-7.1591770649999376],[115.8624203920001,-7.1591680519999272],[115.86241136800004,-7.1591681479999352],[115.86241127200003,-7.1591591349999248],[115.86237517600011,-7.1591595169999778],[115.86237508000011,-7.1591505039999674],[115.86236605600004,-7.1591505989999291],[115.86236596000003,-7.1591415859999756],[115.86235693600008,-7.1591416819999267],[115.86235684100006,-7.1591326689999732],[115.86234781600001,-7.1591327639999349],[115.86234772100011,-7.1591237509999814],[115.86232064900003,-7.159124037999959],[115.86232055300002,-7.1591150239999592],[115.86230250500012,-7.1591152159999751],[115.86230240900011,-7.1591062019999754],[115.86228436100009,-7.1591063939999344],[115.86228426500008,-7.1590973799999347],[115.86226621700007,-7.1590975719999506],[115.86226602600004,-7.1590795449999405],[115.86223895300009,-7.1590798319999749],[115.86223885800007,-7.1590708189999646],[115.86222983400012,-7.1590709139999262],[115.86222973800011,-7.1590619009999727],[115.86222071400005,-7.1590619969999807],[115.86222061800004,-7.1590529839999704],[115.8622296420001,-7.1590528879999624],[115.86222945100008,-7.1590348619999418],[115.86222042700001,-7.1590349569999603],[115.86222014000009,-7.1590079179999293],[115.86221111600003,-7.1590080139999372],[115.86221092400001,-7.1589899869999272],[115.86220190000006,-7.1589900829999351],[115.86220237900011,-7.1590351479999299],[115.86219335500004,-7.1590352439999378],[115.86219316300003,-7.159017217999974],[115.86218413900008,-7.1590173129999357],[115.86218394800005,-7.1589992869999719],[115.86219297200012,-7.158999190999964],[115.86219278100009,-7.1589811649999433],[115.86218375700003,-7.1589812609999512],[115.86218327800009,-7.158936194999967],[115.86219230200004,-7.1589360999999485],[115.86219067600007,-7.1587828759999752],[115.86219970000002,-7.1587827809999567],[115.86219960400001,-7.1587737669999569],[115.86219058000006,-7.1587738629999649],[115.86219048500004,-7.1587648499999545],[115.86219950900011,-7.1587647539999466],[115.86219922200007,-7.1587377149999725],[115.86220824600002,-7.1587376189999645],[115.86220738500003,-7.158656500999939],[115.8622164090001,-7.1586564059999773],[115.86221612200006,-7.1586293659999569],[115.86220709800011,-7.1586294619999649],[115.86220681100008,-7.1586024219999445],[115.86221583500003,-7.1586023269999259],[115.86221564300001,-7.1585843009999621],[115.86220661900006,-7.1585843959999806],[115.86220642800004,-7.15856636999996],[115.86219740400009,-7.1585664649999785],[115.86219730800008,-7.1585574519999682],[115.86218828400001,-7.1585575479999761],[115.86218799700009,-7.1585305079999557],[115.86217897300003,-7.1585306039999637],[115.86217887800001,-7.1585215909999533],[115.86216985300007,-7.1585216859999719],[115.86216975800005,-7.1585126729999615],[115.8621607340001,-7.1585127689999695],[115.86216063800009,-7.1585037559999591],[115.86215161400003,-7.1585038509999777],[115.86215151800002,-7.1584948379999673],[115.86214249400007,-7.1584949339999753],[115.86214230300004,-7.1584769069999652],[115.86213327900009,-7.1584770029999731],[115.86213318300008,-7.1584679899999628],[115.86212415900002,-7.1584680849999813],[115.86212406300001,-7.158459071999971],[115.86211503900006,-7.1584591679999789],[115.86211494400004,-7.1584501539999792],[115.86210592000009,-7.1584502499999303],[115.86210582400008,-7.1584412369999768],[115.86209680000002,-7.1584413319999385],[115.86209670400001,-7.1584323189999282],[115.86208768000006,-7.1584324149999361],[115.86208758500004,-7.1584234019999258],[115.8620785600001,-7.1584234969999443],[115.86207846500008,-7.158414483999934],[115.86206944100002,-7.1584145799999419],[115.86206934500001,-7.1584055659999422],[115.86206032100006,-7.1584056619999501],[115.86206022500005,-7.1583966489999398],[115.8620512010001,-7.1583967439999583],[115.86205110600008,-7.158387730999948],[115.86203305700008,-7.1583879219999744],[115.86203296200006,-7.1583789089999641],[115.86201491400004,-7.1583790999999337],[115.86201481800003,-7.1583700869999802],[115.86200579400008,-7.1583701829999313],[115.86200569800008,-7.1583611699999778],[115.86199667400001,-7.1583612649999395],[115.86199657900011,-7.1583522519999292],[115.86198755400005,-7.1583523479999371],[115.86198745900003,-7.1583433339999374],[115.86196038700007,-7.1583436209999718],[115.86196029100006,-7.1583346079999615],[115.86194224300004,-7.1583347989999311],[115.86194214700004,-7.1583257859999776],[115.86191507500007,-7.1583260719999657],[115.86191497900006,-7.1583170589999554],[115.86190595500011,-7.1583171549999633],[115.86190586000009,-7.158308141999953],[115.86186073900001,-7.1583086189999676],[115.8618606440001,-7.1582996059999573],[115.8616350420001,-7.1583019949999311],[115.86163494600009,-7.1582929809999314]],[[115.86351763700009,-7.160508550999964],[115.86351754100008,-7.1604995379999536],[115.86352656500003,-7.1604994429999351],[115.86352666100004,-7.1605084559999455],[115.86351763700009,-7.160508550999964]]]},"properties":{"OBJECTID":19599,"FID_mangrove_utm":19542,"OBJECTID_1":19542,"Name":"18102566,9293","FolderPath":"JATIM/JATIM","SymbolID":0,"AltMode":0,"Base":0,"Clamped":-1,"Extruded":0,"Snippet":"","PopupInfo":"\u003chtml xmlns:fo=\"http://www.w3.org/1999/XSL/Format\" xmlns:msxsl=\"urn:schemas-microsoft-com:xslt\"\u003e\n\u003chead\u003e\n\u003cMETA http-equiv=\"Content-Type\" content=\"text/html\"\u003e\n\u003cmeta http-equiv=\"content-type\" content=\"text/html; charset=UTF-8\"\u003e\n\u003c/head\u003e\n\u003cbody style=\"margin:0px 0px 0px 0px;overflow:auto;background:#FFFFFF;\"\u003e\n\u003ctable style=\"font-family:Arial,Verdana,Times;font-size:12px;text-align:left;width:100%;border-collapse:collapse;padding:3px 3px 3px 3px\"\u003e\n\u003ctr style=\"text-align:center;font-weight:bold;background:#9CBCE2\"\u003e\n\u003ctd\u003e18102566,9293\u003c/td\u003e\n\u003c/tr\u003e\n\u003ctr\u003e\n\u003ctd\u003e\n\u003ctable style=\"font-family:Arial,Verdana,Times;font-size:12px;text-align:left;width:100%;border-spacing:0px; padding:3px 3px 3px 3px\"\u003e\n\u003ctr\u003e\n\u003ctd\u003eFID\u003c/td\u003e\n\u003ctd\u003e0\u003c/td\u003e\n\u003c/tr\u003e\n\u003ctr bgcolor=\"#D4E4F3\"\u003e\n\u003ctd\u003eShape_Leng\u003c/td\u003e\n\u003ctd\u003e18102566,9293\u003c/td\u003e\n\u003c/tr\u003e\n\u003c/table\u003e\n\u003c/td\u003e\n\u003c/tr\u003e\n\u003c/table\u003e\n\u003c/body\u003e\u003cscript type=\"text/javascript\"\u003e\n\t\t\t\tfunction changeImage(attElement, nameElement) {\n\t\t\t\tdocument.getElementById('imageAttachment').src = attElement;\n\t\t\t\tdocument.getElementById('imageName').innerHTML = nameElement;}\n\t\t\t\u003c/script\u003e\u003c/html\u003e\n","FID_active_grids":125,"GridID":"O62","Shape_Length":0.015365026905012943,"Shape_Area":8.6060619584682203e-07}},{"type":"Feature","id":19600,"geometry":{"type":"Polygon","coordinates":[[[115.86976558800006,-7.158206833999941],[115.86974975900011,-7.1582070019999264],[115.86976564800011,-7.1582124749999707],[115.86976558800006,-7.158206833999941]]]},"properties":{"OBJECTID":19600,"FID_mangrove_utm":19543,"OBJECTID_1":19543,"Name":"18102566,9293","FolderPath":"JATIM/JATIM","SymbolID":0,"AltMode":0,"Base":0,"Clamped":-1,"Extruded":0,"Snippet":"","PopupInfo":"\u003chtml xmlns:fo=\"http://www.w3.org/1999/XSL/Format\" xmlns:msxsl=\"urn:schemas-microsoft-com:xslt\"\u003e\n\u003chead\u003e\n\u003cMETA http-equiv=\"Content-Type\" content=\"text/html\"\u003e\n\u003cmeta http-equiv=\"content-type\" content=\"text/html; charset=UTF-8\"\u003e\n\u003c/head\u003e\n\u003cbody style=\"margin:0px 0px 0px 0px;overflow:auto;background:#FFFFFF;\"\u003e\n\u003ctable style=\"font-family:Arial,Verdana,Times;font-size:12px;text-align:left;width:100%;border-collapse:collapse;padding:3px 3px 3px 3px\"\u003e\n\u003ctr style=\"text-align:center;font-weight:bold;background:#9CBCE2\"\u003e\n\u003ctd\u003e18102566,9293\u003c/td\u003e\n\u003c/tr\u003e\n\u003ctr\u003e\n\u003ctd\u003e\n\u003ctable style=\"font-family:Arial,Verdana,Times;font-size:12px;text-align:left;width:100%;border-spacing:0px; padding:3px 3px 3px 3px\"\u003e\n\u003ctr\u003e\n\u003ctd\u003eFID\u003c/td\u003e\n\u003ctd\u003e0\u003c/td\u003e\n\u003c/tr\u003e\n\u003ctr bgcolor=\"#D4E4F3\"\u003e\n\u003ctd\u003eShape_Leng\u003c/td\u003e\n\u003ctd\u003e18102566,9293\u003c/td\u003e\n\u003c/tr\u003e\n\u003c/table\u003e\n\u003c/td\u003e\n\u003c/tr\u003e\n\u003c/table\u003e\n\u003c/body\u003e\u003cscript type=\"text/javascript\"\u003e\n\t\t\t\tfunction changeImage(attElement, nameElement) {\n\t\t\t\tdocument.getElementById('imageAttachment').src = attElement;\n\t\t\t\tdocument.getElementById('imageName').innerHTML = nameElement;}\n\t\t\t\u003c/script\u003e\u003c/html\u003e\n","FID_active_grids":125,"GridID":"O62","Shape_Length":3.8276389837931431e-05,"Shape_Area":4.4650734595232732e-11}},{"type":"Feature","id":19606,"geometry":{"type":"Polygon","coordinates":[[[115.86149037000007,-7.1582764839999413],[115.86147726900003,-7.1582766219999598],[115.86149039400004,-7.1582787839999469],[115.86149037000007,-7.1582764839999413]]]},"properties":{"OBJECTID":19606,"FID_mangrove_utm":19549,"OBJECTID_1":19549,"Name":"18102566,9293","FolderPath":"JATIM/JATIM","SymbolID":0,"AltMode":0,"Base":0,"Clamped":-1,"Extruded":0,"Snippet":"","PopupInfo":"\u003chtml xmlns:fo=\"http://www.w3.org/1999/XSL/Format\" xmlns:msxsl=\"urn:schemas-microsoft-com:xslt\"\u003e\n\u003chead\u003e\n\u003cMETA http-equiv=\"Content-Type\" content=\"text/html\"\u003e\n\u003cmeta http-equiv=\"content-type\" content=\"text/html; charset=UTF-8\"\u003e\n\u003c/head\u003e\n\u003cbody style=\"margin:0px 0px 0px 0px;overflow:auto;background:#FFFFFF;\"\u003e\n\u003ctable style=\"font-family:Arial,Verdana,Times;font-size:12px;text-align:left;width:100%;border-collapse:collapse;padding:3px 3px 3px 3px\"\u003e\n\u003ctr style=\"text-align:center;font-weight:bold;background:#9CBCE2\"\u003e\n\u003ctd\u003e18102566,9293\u003c/td\u003e\n\u003c/tr\u003e\n\u003ctr\u003e\n\u003ctd\u003e\n\u003ctable style=\"font-family:Arial,Verdana,Times;font-size:12px;text-align:left;width:100%;border-spacing:0px; padding:3px 3px 3px 3px\"\u003e\n\u003ctr\u003e\n\u003ctd\u003eFID\u003c/td\u003e\n\u003ctd\u003e0\u003c/td\u003e\n\u003c/tr\u003e\n\u003ctr bgcolor=\"#D4E4F3\"\u003e\n\u003ctd\u003eShape_Leng\u003c/td\u003e\n\u003ctd\u003e18102566,9293\u003c/td\u003e\n\u003c/tr\u003e\n\u003c/table\u003e\n\u003c/td\u003e\n\u003c/tr\u003e\n\u003c/table\u003e\n\u003c/body\u003e\u003cscript type=\"text/javascript\"\u003e\n\t\t\t\tfunction changeImage(attElement, nameElement) {\n\t\t\t\tdocument.getElementById('imageAttachment').src = attElement;\n\t\t\t\tdocument.getElementById('imageName').innerHTML = nameElement;}\n\t\t\t\u003c/script\u003e\u003c/html\u003e\n","FID_active_grids":125,"GridID":"O62","Shape_Length":2.8703726699562037e-05,"Shape_Area":1.5067806076151119e-11}},{"type":"Feature","id":19610,"geometry":{"type":"Polygon","coordinates":[[[115.86144515300009,-7.1582679479999456],[115.86142583600008,-7.1582681529999377],[115.86144518900005,-7.158271339999942],[115.86144515300009,-7.1582679479999456]]]},"properties":{"OBJECTID":19610,"FID_mangrove_utm":19553,"OBJECTID_1":19553,"Name":"18102566,9293","FolderPath":"JATIM/JATIM","SymbolID":0,"AltMode":0,"Base":0,"Clamped":-1,"Extruded":0,"Snippet":"","PopupInfo":"\u003chtml xmlns:fo=\"http://www.w3.org/1999/XSL/Format\" xmlns:msxsl=\"urn:schemas-microsoft-com:xslt\"\u003e\n\u003chead\u003e\n\u003cMETA http-equiv=\"Content-Type\" content=\"text/html\"\u003e\n\u003cmeta http-equiv=\"content-type\" content=\"text/html; charset=UTF-8\"\u003e\n\u003c/head\u003e\n\u003cbody style=\"margin:0px 0px 0px 0px;overflow:auto;background:#FFFFFF;\"\u003e\n\u003ctable style=\"font-family:Arial,Verdana,Times;font-size:12px;text-align:left;width:100%;border-collapse:collapse;padding:3px 3px 3px 3px\"\u003e\n\u003ctr style=\"text-align:center;font-weight:bold;background:#9CBCE2\"\u003e\n\u003ctd\u003e18102566,9293\u003c/td\u003e\n\u003c/tr\u003e\n\u003ctr\u003e\n\u003ctd\u003e\n\u003ctable style=\"font-family:Arial,Verdana,Times;font-size:12px;text-align:left;width:100%;border-spacing:0px; padding:3px 3px 3px 3px\"\u003e\n\u003ctr\u003e\n\u003ctd\u003eFID\u003c/td\u003e\n\u003ctd\u003e0\u003c/td\u003e\n\u003c/tr\u003e\n\u003ctr bgcolor=\"#D4E4F3\"\u003e\n\u003ctd\u003eShape_Leng\u003c/td\u003e\n\u003ctd\u003e18102566,9293\u003c/td\u003e\n\u003c/tr\u003e\n\u003c/table\u003e\n\u003c/td\u003e\n\u003c/tr\u003e\n\u003c/table\u003e\n\u003c/body\u003e\u003cscript type=\"text/javascript\"\u003e\n\t\t\t\tfunction changeImage(attElement, nameElement) {\n\t\t\t\tdocument.getElementById('imageAttachment').src = attElement;\n\t\t\t\tdocument.getElementById('imageName').innerHTML = nameElement;}\n\t\t\t\u003c/script\u003e\u003c/html\u003e\n","FID_active_grids":125,"GridID":"O62","Shape_Length":4.2323936697422909e-05,"Shape_Area":3.2765321978746642e-11}},{"type":"Feature","id":19611,"geometry":{"type":"Polygon","coordinates":[[[115.86969310900008,-7.1581805609999378],[115.86966603700012,-7.1581808479999722],[115.86966613200002,-7.1581898609999257],[115.86965710900006,-7.1581899559999442],[115.86965713100005,-7.158192114999963],[115.86972499600006,-7.1581984719999809],[115.86974753100003,-7.158206234999966],[115.86974744400004,-7.1581980129999465],[115.86972939600003,-7.158198203999973],[115.86972930000002,-7.1581891909999626],[115.8696932040001,-7.1581895739999482],[115.86969310900008,-7.1581805609999378]]]},"properties":{"OBJECTID":19611,"FID_mangrove_utm":19554,"OBJECTID_1":19554,"Name":"18102566,9293","FolderPath":"JATIM/JATIM","SymbolID":0,"AltMode":0,"Base":0,"Clamped":-1,"Extruded":0,"Snippet":"","PopupInfo":"\u003chtml xmlns:fo=\"http://www.w3.org/1999/XSL/Format\" xmlns:msxsl=\"urn:schemas-microsoft-com:xslt\"\u003e\n\u003chead\u003e\n\u003cMETA http-equiv=\"Content-Type\" content=\"text/html\"\u003e\n\u003cmeta http-equiv=\"content-type\" content=\"text/html; charset=UTF-8\"\u003e\n\u003c/head\u003e\n\u003cbody style=\"margin:0px 0px 0px 0px;overflow:auto;background:#FFFFFF;\"\u003e\n\u003ctable style=\"font-family:Arial,Verdana,Times;font-size:12px;text-align:left;width:100%;border-collapse:collapse;padding:3px 3px 3px 3px\"\u003e\n\u003ctr style=\"text-align:center;font-weight:bold;background:#9CBCE2\"\u003e\n\u003ctd\u003e18102566,9293\u003c/td\u003e\n\u003c/tr\u003e\n\u003ctr\u003e\n\u003ctd\u003e\n\u003ctable style=\"font-family:Arial,Verdana,Times;font-size:12px;text-align:left;width:100%;border-spacing:0px; padding:3px 3px 3px 3px\"\u003e\n\u003ctr\u003e\n\u003ctd\u003eFID\u003c/td\u003e\n\u003ctd\u003e0\u003c/td\u003e\n\u003c/tr\u003e\n\u003ctr bgcolor=\"#D4E4F3\"\u003e\n\u003ctd\u003eShape_Leng\u003c/td\u003e\n\u003ctd\u003e18102566,9293\u003c/td\u003e\n\u003c/tr\u003e\n\u003c/table\u003e\n\u003c/td\u003e\n\u003c/tr\u003e\n\u003c/table\u003e\n\u003c/body\u003e\u003cscript type=\"text/javascript\"\u003e\n\t\t\t\tfunction changeImage(attElement, nameElement) {\n\t\t\t\tdocument.getElementById('imageAttachment').src = attElement;\n\t\t\t\tdocument.getElementById('imageName').innerHTML = nameElement;}\n\t\t\t\u003c/script\u003e\u003c/html\u003e\n","FID_active_grids":125,"GridID":"O62","Shape_Length":0.00021966287938727147,"Shape_Area":7.6469025195006708e-10}},{"type":"Feature","id":19615,"geometry":{"type":"Polygon","coordinates":[[[115.87382578400002,-7.1581096769999704],[115.87379894200001,-7.1581099619999691],[115.87390780700002,-7.1581847679999555],[115.87390767000011,-7.15817190599995],[115.87389864600004,-7.158172001999958],[115.87389845400003,-7.1581539759999373],[115.87388040600001,-7.1581541669999638],[115.87388031100011,-7.1581451539999534],[115.87387128700004,-7.1581452499999614],[115.87387119100003,-7.1581362369999511],[115.87384411900007,-7.1581365249999749],[115.87384402300006,-7.1581275119999646],[115.87383499900011,-7.1581276069999262],[115.8738349030001,-7.1581185939999727],[115.87382587900004,-7.1581186899999807],[115.87382578400002,-7.1581096769999704]]]},"properties":{"OBJECTID":19615,"FID_mangrove_utm":19558,"OBJECTID_1":19558,"Name":"18102566,9293","FolderPath":"JATIM/JATIM","SymbolID":0,"AltMode":0,"Base":0,"Clamped":-1,"Extruded":0,"Snippet":"","PopupInfo":"\u003chtml xmlns:fo=\"http://www.w3.org/1999/XSL/Format\" xmlns:msxsl=\"urn:schemas-microsoft-com:xslt\"\u003e\n\u003chead\u003e\n\u003cMETA http-equiv=\"Content-Type\" content=\"text/html\"\u003e\n\u003cmeta http-equiv=\"content-type\" content=\"text/html; charset=UTF-8\"\u003e\n\u003c/head\u003e\n\u003cbody style=\"margin:0px 0px 0px 0px;overflow:auto;background:#FFFFFF;\"\u003e\n\u003ctable style=\"font-family:Arial,Verdana,Times;font-size:12px;text-align:left;width:100%;border-collapse:collapse;padding:3px 3px 3px 3px\"\u003e\n\u003ctr style=\"text-align:center;font-weight:bold;background:#9CBCE2\"\u003e\n\u003ctd\u003e18102566,9293\u003c/td\u003e\n\u003c/tr\u003e\n\u003ctr\u003e\n\u003ctd\u003e\n\u003ctable style=\"font-family:Arial,Verdana,Times;font-size:12px;text-align:left;width:100%;border-spacing:0px; padding:3px 3px 3px 3px\"\u003e\n\u003ctr\u003e\n\u003ctd\u003eFID\u003c/td\u003e\n\u003ctd\u003e0\u003c/td\u003e\n\u003c/tr\u003e\n\u003ctr bgcolor=\"#D4E4F3\"\u003e\n\u003ctd\u003eShape_Leng\u003c/td\u003e\n\u003ctd\u003e18102566,9293\u003c/td\u003e\n\u003c/tr\u003e\n\u003c/table\u003e\n\u003c/td\u003e\n\u003c/tr\u003e\n\u003c/table\u003e\n\u003c/body\u003e\u003cscript type=\"text/javascript\"\u003e\n\t\t\t\tfunction changeImage(attElement, nameElement) {\n\t\t\t\tdocument.getElementById('imageAttachment').src = attElement;\n\t\t\t\tdocument.getElementById('imageName').innerHTML = nameElement;}\n\t\t\t\u003c/script\u003e\u003c/html\u003e\n","FID_active_grids":125,"GridID":"O62","Shape_Length":0.00031611045776062469,"Shape_Area":1.4197947280885358e-09}},{"type":"Feature","id":19616,"geometry":{"type":"Polygon","coordinates":[[[115.86944907800012,-7.1581470919999788],[115.86941298200009,-7.1581474749999643],[115.86941307800009,-7.1581564879999746],[115.86939503000008,-7.1581566789999442],[115.86939512600009,-7.1581656919999546],[115.86938610200002,-7.1581657879999625],[115.86938619800003,-7.1581748009999728],[115.86936815000001,-7.1581749919999424],[115.86936843700005,-7.1582020309999734],[115.8693594130001,-7.1582021269999814],[115.86936037100008,-7.1582922579999604],[115.86936939500004,-7.1582921619999524],[115.86936977900007,-7.1583282139999369],[115.86938782700008,-7.1583280229999673],[115.8693879220001,-7.1583370359999776],[115.86939694600005,-7.1583369399999697],[115.86939704200006,-7.15834595299998],[115.86940606600001,-7.1583458569999721],[115.86940616200002,-7.1583548699999255],[115.86946030600006,-7.1583542959999704],[115.86946040200007,-7.1583633089999807],[115.86948920900011,-7.1583630039999662],[115.86947116100009,-7.1583424569999465],[115.86948871100003,-7.1582574659999523],[115.86955808100004,-7.1582132049999814],[115.86955803600006,-7.1582090349999703],[115.8695490130001,-7.1582091309999782],[115.86954882100008,-7.1581911049999576],[115.86952174900011,-7.1581913919999351],[115.86952165300011,-7.1581823789999248],[115.86951262900004,-7.1581824739999433],[115.86951253300003,-7.158173460999933],[115.86949448600001,-7.1581736529999489],[115.86949439000011,-7.1581646399999386],[115.8694763420001,-7.158164830999965],[115.86947624600009,-7.1581558179999547],[115.86944917400001,-7.1581561049999323],[115.86944907800012,-7.1581470919999788]]]},"properties":{"OBJECTID":19616,"FID_mangrove_utm":19559,"OBJECTID_1":19559,"Name":"18102566,9293","FolderPath":"JATIM/JATIM","SymbolID":0,"AltMode":0,"Base":0,"Clamped":-1,"Extruded":0,"Snippet":"","PopupInfo":"\u003chtml xmlns:fo=\"http://www.w3.org/1999/XSL/Format\" xmlns:msxsl=\"urn:schemas-microsoft-com:xslt\"\u003e\n\u003chead\u003e\n\u003cMETA http-equiv=\"Content-Type\" content=\"text/html\"\u003e\n\u003cmeta http-equiv=\"content-type\" content=\"text/html; charset=UTF-8\"\u003e\n\u003c/head\u003e\n\u003cbody style=\"margin:0px 0px 0px 0px;overflow:auto;background:#FFFFFF;\"\u003e\n\u003ctable style=\"font-family:Arial,Verdana,Times;font-size:12px;text-align:left;width:100%;border-collapse:collapse;padding:3px 3px 3px 3px\"\u003e\n\u003ctr style=\"text-align:center;font-weight:bold;background:#9CBCE2\"\u003e\n\u003ctd\u003e18102566,9293\u003c/td\u003e\n\u003c/tr\u003e\n\u003ctr\u003e\n\u003ctd\u003e\n\u003ctable style=\"font-family:Arial,Verdana,Times;font-size:12px;text-align:left;width:100%;border-spacing:0px; padding:3px 3px 3px 3px\"\u003e\n\u003ctr\u003e\n\u003ctd\u003eFID\u003c/td\u003e\n\u003ctd\u003e0\u003c/td\u003e\n\u003c/tr\u003e\n\u003ctr bgcolor=\"#D4E4F3\"\u003e\n\u003ctd\u003eShape_Leng\u003c/td\u003e\n\u003ctd\u003e18102566,9293\u003c/td\u003e\n\u003c/tr\u003e\n\u003c/table\u003e\n\u003c/td\u003e\n\u003c/tr\u003e\n\u003c/table\u003e\n\u003c/body\u003e\u003cscript type=\"text/javascript\"\u003e\n\t\t\t\tfunction changeImage(attElement, nameElement) {\n\t\t\t\tdocument.getElementById('imageAttachment').src = attElement;\n\t\t\t\tdocument.getElementById('imageName').innerHTML = nameElement;}\n\t\t\t\u003c/script\u003e\u003c/html\u003e\n","FID_active_grids":125,"GridID":"O62","Shape_Length":0.00080662490196466716,"Shape_Area":2.6408560341674976e-08}},{"type":"Feature","id":19618,"geometry":{"type":"Polygon","coordinates":[[[115.87027218300011,-7.1581293499999674],[115.8702701630001,-7.1581293709999727],[115.87027018000003,-7.1581309569999689],[115.87027218300011,-7.1581293499999674]]]},"properties":{"OBJECTID":19618,"FID_mangrove_utm":19561,"OBJECTID_1":19561,"Name":"18102566,9293","FolderPath":"JATIM/JATIM","SymbolID":0,"AltMode":0,"Base":0,"Clamped":-1,"Extruded":0,"Snippet":"","PopupInfo":"\u003chtml xmlns:fo=\"http://www.w3.org/1999/XSL/Format\" xmlns:msxsl=\"urn:schemas-microsoft-com:xslt\"\u003e\n\u003chead\u003e\n\u003cMETA http-equiv=\"Content-Type\" content=\"text/html\"\u003e\n\u003cmeta http-equiv=\"content-type\" content=\"text/html; charset=UTF-8\"\u003e\n\u003c/head\u003e\n\u003cbody style=\"margin:0px 0px 0px 0px;overflow:auto;background:#FFFFFF;\"\u003e\n\u003ctable style=\"font-family:Arial,Verdana,Times;font-size:12px;text-align:left;width:100%;border-collapse:collapse;padding:3px 3px 3px 3px\"\u003e\n\u003ctr style=\"text-align:center;font-weight:bold;background:#9CBCE2\"\u003e\n\u003ctd\u003e18102566,9293\u003c/td\u003e\n\u003c/tr\u003e\n\u003ctr\u003e\n\u003ctd\u003e\n\u003ctable style=\"font-family:Arial,Verdana,Times;font-size:12px;text-align:left;width:100%;border-spacing:0px; padding:3px 3px 3px 3px\"\u003e\n\u003ctr\u003e\n\u003ctd\u003eFID\u003c/td\u003e\n\u003ctd\u003e0\u003c/td\u003e\n\u003c/tr\u003e\n\u003ctr bgcolor=\"#D4E4F3\"\u003e\n\u003ctd\u003eShape_Leng\u003c/td\u003e\n\u003ctd\u003e18102566,9293\u003c/td\u003e\n\u003c/tr\u003e\n\u003c/table\u003e\n\u003c/td\u003e\n\u003c/tr\u003e\n\u003c/table\u003e\n\u003c/body\u003e\u003cscript type=\"text/javascript\"\u003e\n\t\t\t\tfunction changeImage(attElement, nameElement) {\n\t\t\t\tdocument.getElementById('imageAttachment').src = attElement;\n\t\t\t\tdocument.getElementById('imageName').innerHTML = nameElement;}\n\t\t\t\u003c/script\u003e\u003c/html\u003e\n","FID_active_grids":125,"GridID":"O62","Shape_Length":6.1741680088068371e-06,"Shape_Area":1.6020385041135145e-12}},{"type":"Feature","id":19626,"geometry":{"type":"Polygon","coordinates":[[[115.87372584900004,-7.1580476399999498],[115.87370851300011,-7.1580478239999366],[115.87379871000007,-7.1581098019999558],[115.87379861600004,-7.1581009509999376],[115.87378959200009,-7.1581010469999455],[115.87378949600009,-7.1580920339999352],[115.87378047200002,-7.1580921299999432],[115.87378028000001,-7.1580741039999793],[115.87377125700004,-7.1580741999999304],[115.87377116100004,-7.158065186999977],[115.87373506500001,-7.1580655699999625],[115.87373496900011,-7.1580565569999521],[115.87372594500005,-7.1580566529999601],[115.87372584900004,-7.1580476399999498]]]},"properties":{"OBJECTID":19626,"FID_mangrove_utm":19569,"OBJECTID_1":19569,"Name":"18102566,9293","FolderPath":"JATIM/JATIM","SymbolID":0,"AltMode":0,"Base":0,"Clamped":-1,"Extruded":0,"Snippet":"","PopupInfo":"\u003chtml xmlns:fo=\"http://www.w3.org/1999/XSL/Format\" xmlns:msxsl=\"urn:schemas-microsoft-com:xslt\"\u003e\n\u003chead\u003e\n\u003cMETA http-equiv=\"Content-Type\" content=\"text/html\"\u003e\n\u003cmeta http-equiv=\"content-type\" content=\"text/html; charset=UTF-8\"\u003e\n\u003c/head\u003e\n\u003cbody style=\"margin:0px 0px 0px 0px;overflow:auto;background:#FFFFFF;\"\u003e\n\u003ctable style=\"font-family:Arial,Verdana,Times;font-size:12px;text-align:left;width:100%;border-collapse:collapse;padding:3px 3px 3px 3px\"\u003e\n\u003ctr style=\"text-align:center;font-weight:bold;background:#9CBCE2\"\u003e\n\u003ctd\u003e18102566,9293\u003c/td\u003e\n\u003c/tr\u003e\n\u003ctr\u003e\n\u003ctd\u003e\n\u003ctable style=\"font-family:Arial,Verdana,Times;font-size:12px;text-align:left;width:100%;border-spacing:0px; padding:3px 3px 3px 3px\"\u003e\n\u003ctr\u003e\n\u003ctd\u003eFID\u003c/td\u003e\n\u003ctd\u003e0\u003c/td\u003e\n\u003c/tr\u003e\n\u003ctr bgcolor=\"#D4E4F3\"\u003e\n\u003ctd\u003eShape_Leng\u003c/td\u003e\n\u003ctd\u003e18102566,9293\u003c/td\u003e\n\u003c/tr\u003e\n\u003c/table\u003e\n\u003c/td\u003e\n\u003c/tr\u003e\n\u003c/table\u003e\n\u003c/body\u003e\u003cscript type=\"text/javascript\"\u003e\n\t\t\t\tfunction changeImage(attElement, nameElement) {\n\t\t\t\tdocument.getElementById('imageAttachment').src = attElement;\n\t\t\t\tdocument.getElementById('imageName').innerHTML = nameElement;}\n\t\t\t\u003c/script\u003e\u003c/html\u003e\n","FID_active_grids":125,"GridID":"O62","Shape_Length":0.00026190305351427761,"Shape_Area":9.4638143022517609e-10}},{"type":"Feature","id":19627,"geometry":{"type":"Polygon","coordinates":[[[115.87015208500009,-7.1580585109999788],[115.87011598900006,-7.1580588939999643],[115.87011618100007,-7.1580769199999281],[115.87010715700001,-7.1580770149999466],[115.87010754000005,-7.1581130669999311],[115.87011656400011,-7.1581129719999694],[115.87011675600002,-7.1581309979999332],[115.87013480400003,-7.1581308059999742],[115.87013509100007,-7.1581578459999378],[115.87012606700011,-7.1581579409999563],[115.87012635500002,-7.1581849799999304],[115.8701353780001,-7.1581848849999687],[115.87013557000012,-7.1582029109999326],[115.87015361800002,-7.1582027189999735],[115.87015381000003,-7.1582207449999373],[115.87015835300008,-7.1582206969999334],[115.87021526800004,-7.1581750229999557],[115.87020747400004,-7.1581751059999306],[115.87020718700001,-7.1581480669999564],[115.8701891390001,-7.158148257999926],[115.8701890430001,-7.1581392449999726],[115.87018001900003,-7.1581393409999805],[115.8701796360001,-7.1581032889999392],[115.87017061200004,-7.1581033849999471],[115.87017042000002,-7.1580853589999265],[115.87016139600007,-7.158085453999945],[115.87016130100005,-7.1580764409999347],[115.8701522770001,-7.1580765369999426],[115.87015208500009,-7.1580585109999788]]]},"properties":{"OBJECTID":19627,"FID_mangrove_utm":19570,"OBJECTID_1":19570,"Name":"18102566,9293","FolderPath":"JATIM/JATIM","SymbolID":0,"AltMode":0,"Base":0,"Clamped":-1,"Extruded":0,"Snippet":"","PopupInfo":"\u003chtml xmlns:fo=\"http://www.w3.org/1999/XSL/Format\" xmlns:msxsl=\"urn:schemas-microsoft-com:xslt\"\u003e\n\u003chead\u003e\n\u003cMETA http-equiv=\"Content-Type\" content=\"text/html\"\u003e\n\u003cmeta http-equiv=\"content-type\" content=\"text/html; charset=UTF-8\"\u003e\n\u003c/head\u003e\n\u003cbody style=\"margin:0px 0px 0px 0px;overflow:auto;background:#FFFFFF;\"\u003e\n\u003ctable style=\"font-family:Arial,Verdana,Times;font-size:12px;text-align:left;width:100%;border-collapse:collapse;padding:3px 3px 3px 3px\"\u003e\n\u003ctr style=\"text-align:center;font-weight:bold;background:#9CBCE2\"\u003e\n\u003ctd\u003e18102566,9293\u003c/td\u003e\n\u003c/tr\u003e\n\u003ctr\u003e\n\u003ctd\u003e\n\u003ctable style=\"font-family:Arial,Verdana,Times;font-size:12px;text-align:left;width:100%;border-spacing:0px; padding:3px 3px 3px 3px\"\u003e\n\u003ctr\u003e\n\u003ctd\u003eFID\u003c/td\u003e\n\u003ctd\u003e0\u003c/td\u003e\n\u003c/tr\u003e\n\u003ctr bgcolor=\"#D4E4F3\"\u003e\n\u003ctd\u003eShape_Leng\u003c/td\u003e\n\u003ctd\u003e18102566,9293\u003c/td\u003e\n\u003c/tr\u003e\n\u003c/table\u003e\n\u003c/td\u003e\n\u003c/tr\u003e\n\u003c/table\u003e\n\u003c/body\u003e\u003cscript type=\"text/javascript\"\u003e\n\t\t\t\tfunction changeImage(attElement, nameElement) {\n\t\t\t\tdocument.getElementById('imageAttachment').src = attElement;\n\t\t\t\tdocument.getElementById('imageName').innerHTML = nameElement;}\n\t\t\t\u003c/script\u003e\u003c/html\u003e\n","FID_active_grids":125,"GridID":"O62","Shape_Length":0.00052717316201227938,"Shape_Area":9.1442869593024272e-09}},{"type":"Feature","id":19630,"geometry":{"type":"Polygon","coordinates":[[[115.87368937000008,-7.1580119709999508],[115.87367132200006,-7.1580121619999773],[115.87367141800007,-7.1580211749999307],[115.87368044200002,-7.1580210799999691],[115.87368052200009,-7.1580285899999581],[115.87368267600004,-7.1580300699999384],[115.87369858600005,-7.1580299009999635],[115.87369849000004,-7.1580208879999532],[115.87368946600009,-7.1580209839999611],[115.87368937000008,-7.1580119709999508]]]},"properties":{"OBJECTID":19630,"FID_mangrove_utm":19573,"OBJECTID_1":19573,"Name":"18102566,9293","FolderPath":"JATIM/JATIM","SymbolID":0,"AltMode":0,"Base":0,"Clamped":-1,"Extruded":0,"Snippet":"","PopupInfo":"\u003chtml xmlns:fo=\"http://www.w3.org/1999/XSL/Format\" xmlns:msxsl=\"urn:schemas-microsoft-com:xslt\"\u003e\n\u003chead\u003e\n\u003cMETA http-equiv=\"Content-Type\" content=\"text/html\"\u003e\n\u003cmeta http-equiv=\"content-type\" content=\"text/html; charset=UTF-8\"\u003e\n\u003c/head\u003e\n\u003cbody style=\"margin:0px 0px 0px 0px;overflow:auto;background:#FFFFFF;\"\u003e\n\u003ctable style=\"font-family:Arial,Verdana,Times;font-size:12px;text-align:left;width:100%;border-collapse:collapse;padding:3px 3px 3px 3px\"\u003e\n\u003ctr style=\"text-align:center;font-weight:bold;background:#9CBCE2\"\u003e\n\u003ctd\u003e18102566,9293\u003c/td\u003e\n\u003c/tr\u003e\n\u003ctr\u003e\n\u003ctd\u003e\n\u003ctable style=\"font-family:Arial,Verdana,Times;font-size:12px;text-align:left;width:100%;border-spacing:0px; padding:3px 3px 3px 3px\"\u003e\n\u003ctr\u003e\n\u003ctd\u003eFID\u003c/td\u003e\n\u003ctd\u003e0\u003c/td\u003e\n\u003c/tr\u003e\n\u003ctr bgcolor=\"#D4E4F3\"\u003e\n\u003ctd\u003eShape_Leng\u003c/td\u003e\n\u003ctd\u003e18102566,9293\u003c/td\u003e\n\u003c/tr\u003e\n\u003c/table\u003e\n\u003c/td\u003e\n\u003c/tr\u003e\n\u003c/table\u003e\n\u003c/body\u003e\u003cscript type=\"text/javascript\"\u003e\n\t\t\t\tfunction changeImage(attElement, nameElement) {\n\t\t\t\tdocument.getElementById('imageAttachment').src = attElement;\n\t\t\t\tdocument.getElementById('imageName').innerHTML = nameElement;}\n\t\t\t\u003c/script\u003e\u003c/html\u003e\n","FID_active_grids":125,"GridID":"O62","Shape_Length":8.9173327584406319e-05,"Shape_Area":3.2376529269766606e-10}},{"type":"Feature","id":19631,"geometry":{"type":"Polygon","coordinates":[[[115.87033119000012,-7.1580819969999538],[115.87036261200001,-7.1580382499999473],[115.87034139600007,-7.1580384749999553],[115.87034149200008,-7.1580474879999656],[115.87033246800002,-7.1580475839999735],[115.87033256400002,-7.158056596999927],[115.87032354000007,-7.158056692999935],[115.87032363600008,-7.1580657059999453],[115.87031461200002,-7.1580658009999638],[115.87031470800002,-7.1580748139999741],[115.87030568400007,-7.1580749099999252],[115.87030578000008,-7.1580839229999356],[115.87029675600002,-7.1580840189999435],[115.87029685200002,-7.1580930319999538],[115.87028782800007,-7.1580931269999724],[115.8702880190001,-7.1581111539999256],[115.87027899500004,-7.1581112489999441],[115.87027912800011,-7.1581237759999681],[115.87033119000012,-7.1580819969999538]]]},"properties":{"OBJECTID":19631,"FID_mangrove_utm":19574,"OBJECTID_1":19574,"Name":"18102566,9293","FolderPath":"JATIM/JATIM","SymbolID":0,"AltMode":0,"Base":0,"Clamped":-1,"Extruded":0,"Snippet":"","PopupInfo":"\u003chtml xmlns:fo=\"http://www.w3.org/1999/XSL/Format\" xmlns:msxsl=\"urn:schemas-microsoft-com:xslt\"\u003e\n\u003chead\u003e\n\u003cMETA http-equiv=\"Content-Type\" content=\"text/html\"\u003e\n\u003cmeta http-equiv=\"content-type\" content=\"text/html; charset=UTF-8\"\u003e\n\u003c/head\u003e\n\u003cbody style=\"margin:0px 0px 0px 0px;overflow:auto;background:#FFFFFF;\"\u003e\n\u003ctable style=\"font-family:Arial,Verdana,Times;font-size:12px;text-align:left;width:100%;border-collapse:collapse;padding:3px 3px 3px 3px\"\u003e\n\u003ctr style=\"text-align:center;font-weight:bold;background:#9CBCE2\"\u003e\n\u003ctd\u003e18102566,9293\u003c/td\u003e\n\u003c/tr\u003e\n\u003ctr\u003e\n\u003ctd\u003e\n\u003ctable style=\"font-family:Arial,Verdana,Times;font-size:12px;text-align:left;width:100%;border-spacing:0px; padding:3px 3px 3px 3px\"\u003e\n\u003ctr\u003e\n\u003ctd\u003eFID\u003c/td\u003e\n\u003ctd\u003e0\u003c/td\u003e\n\u003c/tr\u003e\n\u003ctr bgcolor=\"#D4E4F3\"\u003e\n\u003ctd\u003eShape_Leng\u003c/td\u003e\n\u003ctd\u003e18102566,9293\u003c/td\u003e\n\u003c/tr\u003e\n\u003c/table\u003e\n\u003c/td\u003e\n\u003c/tr\u003e\n\u003c/table\u003e\n\u003c/body\u003e\u003cscript type=\"text/javascript\"\u003e\n\t\t\t\tfunction changeImage(attElement, nameElement) {\n\t\t\t\tdocument.getElementById('imageAttachment').src = attElement;\n\t\t\t\tdocument.getElementById('imageName').innerHTML = nameElement;}\n\t\t\t\u003c/script\u003e\u003c/html\u003e\n","FID_active_grids":125,"GridID":"O62","Shape_Length":0.00028964057489372114,"Shape_Area":1.6945611328918739e-09}},{"type":"Feature","id":19633,"geometry":{"type":"Polygon","coordinates":[[[115.87036913600002,-7.1580291669999383],[115.87036837200003,-7.1580291749999674],[115.87036838300003,-7.1580302149999397],[115.87036913600002,-7.1580291669999383]]]},"properties":{"OBJECTID":19633,"FID_mangrove_utm":19576,"OBJECTID_1":19576,"Name":"18102566,9293","FolderPath":"JATIM/JATIM","SymbolID":0,"AltMode":0,"Base":0,"Clamped":-1,"Extruded":0,"Snippet":"","PopupInfo":"\u003chtml xmlns:fo=\"http://www.w3.org/1999/XSL/Format\" xmlns:msxsl=\"urn:schemas-microsoft-com:xslt\"\u003e\n\u003chead\u003e\n\u003cMETA http-equiv=\"Content-Type\" content=\"text/html\"\u003e\n\u003cmeta http-equiv=\"content-type\" content=\"text/html; charset=UTF-8\"\u003e\n\u003c/head\u003e\n\u003cbody style=\"margin:0px 0px 0px 0px;overflow:auto;background:#FFFFFF;\"\u003e\n\u003ctable style=\"font-family:Arial,Verdana,Times;font-size:12px;text-align:left;width:100%;border-collapse:collapse;padding:3px 3px 3px 3px\"\u003e\n\u003ctr style=\"text-align:center;font-weight:bold;background:#9CBCE2\"\u003e\n\u003ctd\u003e18102566,9293\u003c/td\u003e\n\u003c/tr\u003e\n\u003ctr\u003e\n\u003ctd\u003e\n\u003ctable style=\"font-family:Arial,Verdana,Times;font-size:12px;text-align:left;width:100%;border-spacing:0px; padding:3px 3px 3px 3px\"\u003e\n\u003ctr\u003e\n\u003ctd\u003eFID\u003c/td\u003e\n\u003ctd\u003e0\u003c/td\u003e\n\u003c/tr\u003e\n\u003ctr bgcolor=\"#D4E4F3\"\u003e\n\u003ctd\u003eShape_Leng\u003c/td\u003e\n\u003ctd\u003e18102566,9293\u003c/td\u003e\n\u003c/tr\u003e\n\u003c/table\u003e\n\u003c/td\u003e\n\u003c/tr\u003e\n\u003c/table\u003e\n\u003c/body\u003e\u003cscript type=\"text/javascript\"\u003e\n\t\t\t\tfunction changeImage(attElement, nameElement) {\n\t\t\t\tdocument.getElementById('imageAttachment').src = attElement;\n\t\t\t\tdocument.getElementById('imageName').innerHTML = nameElement;}\n\t\t\t\u003c/script\u003e\u003c/html\u003e\n","FID_active_grids":125,"GridID":"O62","Shape_Length":3.0945700874549486e-06,"Shape_Area":3.9732398551498468e-13}},{"type":"Feature","id":19641,"geometry":{"type":"Polygon","coordinates":[[[115.86052249800002,-7.1580703889999313],[115.86044128100002,-7.158071247999942],[115.86044137600004,-7.1580802609999523],[115.86039625600006,-7.1580807389999563],[115.86039635200007,-7.1580897519999667],[115.86038732700001,-7.1580898479999746],[115.86038742300002,-7.1580988609999281],[115.86036035100005,-7.1580991469999731],[115.86036025500005,-7.1580901339999627],[115.86033318300008,-7.1580904209999403],[115.86033308700007,-7.1580814069999406],[115.86028796700009,-7.1580818849999446],[115.86028787100008,-7.1580728719999343],[115.86019763000002,-7.1580738269999529],[115.86019772600002,-7.1580828399999632],[115.86016163000011,-7.1580832219999593],[115.8601615340001,-7.158074208999949],[115.86013446200002,-7.1580744949999371],[115.86013455700004,-7.1580835089999368],[115.86011650900002,-7.1580836999999633],[115.86011660500003,-7.1580927129999736],[115.86010758100008,-7.1580928079999353],[115.8601076760001,-7.1581018209999456],[115.86008060400002,-7.15810210799998],[115.86008070000003,-7.1581111209999335],[115.86005362700007,-7.1581114079999679],[115.86005372300008,-7.1581204209999783],[115.86002665100011,-7.1581207069999664],[115.86002674600002,-7.1581297199999767],[115.85999967400005,-7.1581300069999543],[115.85999977000006,-7.1581390199999646],[115.85998172100005,-7.1581392109999342],[115.85998181700006,-7.1581482239999445],[115.85985548000008,-7.1581495609999592],[115.8598555750001,-7.1581585739999696],[115.85981947900007,-7.1581589559999657],[115.85981957500007,-7.1581679699999654],[115.85978347800005,-7.1581683519999615],[115.85978357400006,-7.1581773649999718],[115.8597565020001,-7.15817765099996],[115.85975659700011,-7.1581866639999703],[115.8597385490001,-7.1581868549999399],[115.85973864500011,-7.1581958689999396],[115.85968450000007,-7.1581964409999728],[115.85968459600008,-7.1582054549999725],[115.85966654700007,-7.1582056459999421],[115.85966664300008,-7.1582146589999525],[115.85962152200011,-7.1582151359999671],[115.85962161800001,-7.1582241489999774],[115.85961259400005,-7.1582242449999285],[115.85961269000006,-7.1582332579999388],[115.85959464100006,-7.1582334489999653],[115.85959473700007,-7.1582424619999756],[115.85957668900005,-7.1582426529999452],[115.85957678400007,-7.1582516659999555],[115.8595497120001,-7.1582519529999331],[115.85954980800011,-7.1582609659999434],[115.85953175900011,-7.1582611569999699],[115.85953185500011,-7.1582701699999802],[115.85952283100005,-7.1582702659999313],[115.85952292700006,-7.1582792789999417],[115.85950487800005,-7.1582794699999681],[115.85950497400006,-7.1582884829999784],[115.85949595000011,-7.1582885789999295],[115.85949614100002,-7.1583066049999502],[115.85948711700007,-7.1583066999999687],[115.85948721300008,-7.1583157139999685],[115.85947818900001,-7.1583158089999301],[115.85947828400003,-7.1583248219999405],[115.85946926000008,-7.1583249179999484],[115.85946945100011,-7.1583429439999691],[115.85945140300009,-7.1583431349999387],[115.8594514990001,-7.158352147999949],[115.8594334500001,-7.1583523389999755],[115.8594335460001,-7.158361351999929],[115.85942452200004,-7.1583614479999369],[115.85942461800005,-7.1583704609999472],[115.85941559300011,-7.1583705569999552],[115.85941568900012,-7.1583795699999655],[115.85940666500005,-7.1583796649999272],[115.85940676100006,-7.1583886779999375],[115.85939773600001,-7.1583887739999454],[115.85939783200001,-7.1583977869999558],[115.85937978400011,-7.1583979779999254],[115.85937997500002,-7.158416003999946],[115.85937095100007,-7.158416099999954],[115.85937104700008,-7.1584251129999643],[115.85936202200003,-7.1584252089999723],[115.85936211800004,-7.1584342219999257],[115.85935309400008,-7.1584343169999443],[115.85935319000009,-7.1584433299999546],[115.85934416500004,-7.1584434259999625],[115.85934426100005,-7.1584524389999729],[115.8593352370001,-7.1584525349999808],[115.8593353330001,-7.1584615479999343],[115.85932630800005,-7.1584616429999528],[115.85932640400006,-7.1584706559999631],[115.85931738000011,-7.1584707519999711],[115.85931747600011,-7.1584797649999814],[115.85930845100006,-7.1584798609999325],[115.85930864300008,-7.1584978869999532],[115.85929961800002,-7.1584979819999717],[115.85929977400008,-7.1585126469999523],[115.85941584600005,-7.1584119349999469],[115.8597477510001,-7.1582629409999754],[115.86013741200009,-7.1581749659999332],[115.86057251800003,-7.1581393059999527],[115.86104115700005,-7.1582048059999579],[115.86141806700005,-7.1582668729999455],[115.86141798600011,-7.1582592219999697],[115.86138188900009,-7.1582596039999657],[115.86138179400007,-7.1582505909999554],[115.86135472100011,-7.1582508769999436],[115.86135462600009,-7.1582418639999332],[115.86130950500001,-7.1582423419999373],[115.8613094100001,-7.1582333289999269],[115.86127331300008,-7.1582337109999798],[115.86127321800006,-7.1582246979999695],[115.86125517000005,-7.1582248889999391],[115.86125507400004,-7.1582158749999394],[115.86123702600003,-7.1582160659999658],[115.86123693000002,-7.1582070529999555],[115.8612008340001,-7.1582074349999516],[115.86120073800009,-7.1581984219999413],[115.86117366600001,-7.1581987089999757],[115.86117357000001,-7.1581896959999654],[115.8611555220001,-7.158189886999935],[115.86115542700009,-7.1581808739999815],[115.86112835400002,-7.1581811599999696],[115.86112825900011,-7.1581721469999593],[115.86104704200011,-7.1581730069999594],[115.8610469460001,-7.1581639939999491],[115.8609837780001,-7.1581646619999333],[115.8609836820001,-7.1581556489999798],[115.86089344100003,-7.1581566039999416],[115.86089334600001,-7.1581475909999313],[115.86083017700003,-7.1581482599999617],[115.86083008100002,-7.158139245999962],[115.8607939850001,-7.1581396289999475],[115.86079388900009,-7.1581306149999477],[115.86075779300006,-7.1581309969999438],[115.86075769800004,-7.1581219839999335],[115.86070355300001,-7.158122556999956],[115.86070345700011,-7.1581135439999457],[115.8606854090001,-7.1581137349999722],[115.86068531400008,-7.1581047219999618],[115.86063116900004,-7.1581052949999275],[115.86063107300004,-7.1580962819999741],[115.86060400100007,-7.1580965689999516],[115.86060390600005,-7.1580875549999519],[115.86056780900003,-7.1580879369999479],[115.86056771400001,-7.1580789239999376],[115.86052259300004,-7.1580794019999416],[115.86052249800002,-7.1580703889999313]]]},"properties":{"OBJECTID":19641,"FID_mangrove_utm":19584,"OBJECTID_1":19584,"Name":"18102566,9293","FolderPath":"JATIM/JATIM","SymbolID":0,"AltMode":0,"Base":0,"Clamped":-1,"Extruded":0,"Snippet":"","PopupInfo":"\u003chtml xmlns:fo=\"http://www.w3.org/1999/XSL/Format\" xmlns:msxsl=\"urn:schemas-microsoft-com:xslt\"\u003e\n\u003chead\u003e\n\u003cMETA http-equiv=\"Content-Type\" content=\"text/html\"\u003e\n\u003cmeta http-equiv=\"content-type\" content=\"text/html; charset=UTF-8\"\u003e\n\u003c/head\u003e\n\u003cbody style=\"margin:0px 0px 0px 0px;overflow:auto;background:#FFFFFF;\"\u003e\n\u003ctable style=\"font-family:Arial,Verdana,Times;font-size:12px;text-align:left;width:100%;border-collapse:collapse;padding:3px 3px 3px 3px\"\u003e\n\u003ctr style=\"text-align:center;font-weight:bold;background:#9CBCE2\"\u003e\n\u003ctd\u003e18102566,9293\u003c/td\u003e\n\u003c/tr\u003e\n\u003ctr\u003e\n\u003ctd\u003e\n\u003ctable style=\"font-family:Arial,Verdana,Times;font-size:12px;text-align:left;width:100%;border-spacing:0px; padding:3px 3px 3px 3px\"\u003e\n\u003ctr\u003e\n\u003ctd\u003eFID\u003c/td\u003e\n\u003ctd\u003e0\u003c/td\u003e\n\u003c/tr\u003e\n\u003ctr bgcolor=\"#D4E4F3\"\u003e\n\u003ctd\u003eShape_Leng\u003c/td\u003e\n\u003ctd\u003e18102566,9293\u003c/td\u003e\n\u003c/tr\u003e\n\u003c/table\u003e\n\u003c/td\u003e\n\u003c/tr\u003e\n\u003c/table\u003e\n\u003c/body\u003e\u003cscript type=\"text/javascript\"\u003e\n\t\t\t\tfunction changeImage(attElement, nameElement) {\n\t\t\t\tdocument.getElementById('imageAttachment').src = attElement;\n\t\t\t\tdocument.getElementById('imageName').innerHTML = nameElement;}\n\t\t\t\u003c/script\u003e\u003c/html\u003e\n","FID_active_grids":125,"GridID":"O62","Shape_Length":0.0050368467731173186,"Shape_Area":1.2218058668822897e-07}},{"type":"Feature","id":19658,"geometry":{"type":"Polygon","coordinates":[[[115.8692751320001,-7.1579145709999352],[115.86927503600009,-7.1579055579999249],[115.86926601200003,-7.1579056539999328],[115.86926610800003,-7.1579146669999432],[115.8692751320001,-7.1579145709999352]]]},"properties":{"OBJECTID":19658,"FID_mangrove_utm":19601,"OBJECTID_1":19601,"Name":"18102566,9293","FolderPath":"JATIM/JATIM","SymbolID":0,"AltMode":0,"Base":0,"Clamped":-1,"Extruded":0,"Snippet":"","PopupInfo":"\u003chtml xmlns:fo=\"http://www.w3.org/1999/XSL/Format\" xmlns:msxsl=\"urn:schemas-microsoft-com:xslt\"\u003e\n\u003chead\u003e\n\u003cMETA http-equiv=\"Content-Type\" content=\"text/html\"\u003e\n\u003cmeta http-equiv=\"content-type\" content=\"text/html; charset=UTF-8\"\u003e\n\u003c/head\u003e\n\u003cbody style=\"margin:0px 0px 0px 0px;overflow:auto;background:#FFFFFF;\"\u003e\n\u003ctable style=\"font-family:Arial,Verdana,Times;font-size:12px;text-align:left;width:100%;border-collapse:collapse;padding:3px 3px 3px 3px\"\u003e\n\u003ctr style=\"text-align:center;font-weight:bold;background:#9CBCE2\"\u003e\n\u003ctd\u003e18102566,9293\u003c/td\u003e\n\u003c/tr\u003e\n\u003ctr\u003e\n\u003ctd\u003e\n\u003ctable style=\"font-family:Arial,Verdana,Times;font-size:12px;text-align:left;width:100%;border-spacing:0px; padding:3px 3px 3px 3px\"\u003e\n\u003ctr\u003e\n\u003ctd\u003eFID\u003c/td\u003e\n\u003ctd\u003e0\u003c/td\u003e\n\u003c/tr\u003e\n\u003ctr bgcolor=\"#D4E4F3\"\u003e\n\u003ctd\u003eShape_Leng\u003c/td\u003e\n\u003ctd\u003e18102566,9293\u003c/td\u003e\n\u003c/tr\u003e\n\u003c/table\u003e\n\u003c/td\u003e\n\u003c/tr\u003e\n\u003c/table\u003e\n\u003c/body\u003e\u003cscript type=\"text/javascript\"\u003e\n\t\t\t\tfunction changeImage(attElement, nameElement) {\n\t\t\t\tdocument.getElementById('imageAttachment').src = attElement;\n\t\t\t\tdocument.getElementById('imageName').innerHTML = nameElement;}\n\t\t\t\u003c/script\u003e\u003c/html\u003e\n","FID_active_grids":125,"GridID":"O62","Shape_Length":3.6076043891765085e-05,"Shape_Area":8.1342528676309602e-11}},{"type":"Feature","id":19668,"geometry":{"type":"Polygon","coordinates":[[[115.87022101900004,-7.1577513019999515],[115.87021199500009,-7.1577513979999594],[115.8702120910001,-7.1577604109999697],[115.87018501900002,-7.1577606979999473],[115.87018511500003,-7.1577697109999576],[115.87016706700001,-7.1577699019999272],[115.87016716300002,-7.1577789149999376],[115.87015813900007,-7.1577790109999455],[115.87015852200011,-7.15781506299993],[115.87014949800005,-7.1578151589999379],[115.87014969000006,-7.1578331849999586],[115.87015871400001,-7.1578330889999506],[115.87015880900003,-7.157842101999961],[115.8701678330001,-7.1578420069999424],[115.8701679290001,-7.1578510199999528],[115.87017695300005,-7.1578509239999448],[115.87017704900006,-7.1578599369999552],[115.87018607300001,-7.1578598409999472],[115.87018616900002,-7.1578688539999575],[115.8702132410001,-7.15786856699998],[115.87021314500009,-7.1578595539999696],[115.87024021700006,-7.1578592669999352],[115.87024012100005,-7.1578502539999249],[115.87024914500012,-7.1578501579999738],[115.8702489530001,-7.1578321319999532],[115.87025797700005,-7.1578320369999346],[115.87025778500004,-7.1578140109999708],[115.8702668090001,-7.1578139149999629],[115.87026642600006,-7.1577778629999784],[115.87025740200011,-7.1577779589999295],[115.8702573060001,-7.1577689449999298],[115.87024828200003,-7.1577690409999377],[115.87024818700002,-7.1577600279999274],[115.87022111500005,-7.1577603149999618],[115.87022101900004,-7.1577513019999515]]]},"properties":{"OBJECTID":19668,"FID_mangrove_utm":19611,"OBJECTID_1":19611,"Name":"18102566,9293","FolderPath":"JATIM/JATIM","SymbolID":0,"AltMode":0,"Base":0,"Clamped":-1,"Extruded":0,"Snippet":"","PopupInfo":"\u003chtml xmlns:fo=\"http://www.w3.org/1999/XSL/Format\" xmlns:msxsl=\"urn:schemas-microsoft-com:xslt\"\u003e\n\u003chead\u003e\n\u003cMETA http-equiv=\"Content-Type\" content=\"text/html\"\u003e\n\u003cmeta http-equiv=\"content-type\" content=\"text/html; charset=UTF-8\"\u003e\n\u003c/head\u003e\n\u003cbody style=\"margin:0px 0px 0px 0px;overflow:auto;background:#FFFFFF;\"\u003e\n\u003ctable style=\"font-family:Arial,Verdana,Times;font-size:12px;text-align:left;width:100%;border-collapse:collapse;padding:3px 3px 3px 3px\"\u003e\n\u003ctr style=\"text-align:center;font-weight:bold;background:#9CBCE2\"\u003e\n\u003ctd\u003e18102566,9293\u003c/td\u003e\n\u003c/tr\u003e\n\u003ctr\u003e\n\u003ctd\u003e\n\u003ctable style=\"font-family:Arial,Verdana,Times;font-size:12px;text-align:left;width:100%;border-spacing:0px; padding:3px 3px 3px 3px\"\u003e\n\u003ctr\u003e\n\u003ctd\u003eFID\u003c/td\u003e\n\u003ctd\u003e0\u003c/td\u003e\n\u003c/tr\u003e\n\u003ctr bgcolor=\"#D4E4F3\"\u003e\n\u003ctd\u003eShape_Leng\u003c/td\u003e\n\u003ctd\u003e18102566,9293\u003c/td\u003e\n\u003c/tr\u003e\n\u003c/table\u003e\n\u003c/td\u003e\n\u003c/tr\u003e\n\u003c/table\u003e\n\u003c/body\u003e\u003cscript type=\"text/javascript\"\u003e\n\t\t\t\tfunction changeImage(attElement, nameElement) {\n\t\t\t\tdocument.getElementById('imageAttachment').src = attElement;\n\t\t\t\tdocument.getElementById('imageName').innerHTML = nameElement;}\n\t\t\t\u003c/script\u003e\u003c/html\u003e\n","FID_active_grids":125,"GridID":"O62","Shape_Length":0.00046898945204626094,"Shape_Area":9.6797100973844482e-09}},{"type":"Feature","id":19672,"geometry":{"type":"Polygon","coordinates":[[[115.87063662700007,-7.1576567539999587],[115.8706351620001,-7.15765676999996],[115.87063518400009,-7.1576587639999616],[115.87063662700007,-7.1576567539999587]]]},"properties":{"OBJECTID":19672,"FID_mangrove_utm":19615,"OBJECTID_1":19615,"Name":"18102566,9293","FolderPath":"JATIM/JATIM","SymbolID":0,"AltMode":0,"Base":0,"Clamped":-1,"Extruded":0,"Snippet":"","PopupInfo":"\u003chtml xmlns:fo=\"http://www.w3.org/1999/XSL/Format\" xmlns:msxsl=\"urn:schemas-microsoft-com:xslt\"\u003e\n\u003chead\u003e\n\u003cMETA http-equiv=\"Content-Type\" content=\"text/html\"\u003e\n\u003cmeta http-equiv=\"content-type\" content=\"text/html; charset=UTF-8\"\u003e\n\u003c/head\u003e\n\u003cbody style=\"margin:0px 0px 0px 0px;overflow:auto;background:#FFFFFF;\"\u003e\n\u003ctable style=\"font-family:Arial,Verdana,Times;font-size:12px;text-align:left;width:100%;border-collapse:collapse;padding:3px 3px 3px 3px\"\u003e\n\u003ctr style=\"text-align:center;font-weight:bold;background:#9CBCE2\"\u003e\n\u003ctd\u003e18102566,9293\u003c/td\u003e\n\u003c/tr\u003e\n\u003ctr\u003e\n\u003ctd\u003e\n\u003ctable style=\"font-family:Arial,Verdana,Times;font-size:12px;text-align:left;width:100%;border-spacing:0px; padding:3px 3px 3px 3px\"\u003e\n\u003ctr\u003e\n\u003ctd\u003eFID\u003c/td\u003e\n\u003ctd\u003e0\u003c/td\u003e\n\u003c/tr\u003e\n\u003ctr bgcolor=\"#D4E4F3\"\u003e\n\u003ctd\u003eShape_Leng\u003c/td\u003e\n\u003ctd\u003e18102566,9293\u003c/td\u003e\n\u003c/tr\u003e\n\u003c/table\u003e\n\u003c/td\u003e\n\u003c/tr\u003e\n\u003c/table\u003e\n\u003c/body\u003e\u003cscript type=\"text/javascript\"\u003e\n\t\t\t\tfunction changeImage(attElement, nameElement) {\n\t\t\t\tdocument.getElementById('imageAttachment').src = attElement;\n\t\t\t\tdocument.getElementById('imageName').innerHTML = nameElement;}\n\t\t\t\u003c/script\u003e\u003c/html\u003e\n","FID_active_grids":125,"GridID":"O62","Shape_Length":5.9335467801055902e-06,"Shape_Area":1.4607809696572048e-12}},{"type":"Feature","id":19674,"geometry":{"type":"Polygon","coordinates":[[[115.87299876000009,-7.1575685989999442],[115.87294095700008,-7.1575692119999417],[115.87363909500004,-7.1580001229999652],[115.8736532480001,-7.1580098479999492],[115.87365289100001,-7.1579763019999518],[115.87364386700006,-7.1579763979999598],[115.87364367500004,-7.1579583719999391],[115.87363465200008,-7.1579584679999471],[115.87363446000006,-7.1579404419999264],[115.87362543600011,-7.1579405369999449],[115.8736252440001,-7.1579225109999811],[115.87360719600008,-7.1579227029999402],[115.87360710000007,-7.1579136899999298],[115.87359807600001,-7.1579137859999378],[115.8735979810001,-7.1579047729999274],[115.87358895700004,-7.157904867999946],[115.87358876500002,-7.1578868419999253],[115.87357071700001,-7.1578870339999412],[115.87357062100011,-7.1578780209999309],[115.8735525730001,-7.1578782129999468],[115.87355247800008,-7.1578691999999364],[115.87353443000006,-7.1578693909999629],[115.87353433400006,-7.1578603779999526],[115.87350726200009,-7.1578606649999301],[115.87350716600008,-7.1578516519999766],[115.87349814200002,-7.1578517479999277],[115.87349804600001,-7.1578427349999743],[115.87348902300005,-7.1578428309999254],[115.87348892700004,-7.1578338179999719],[115.87347990300009,-7.1578339139999798],[115.8734799990001,-7.1578429269999333],[115.87347097500003,-7.1578430219999518],[115.87347087900002,-7.1578340089999415],[115.87342575900004,-7.1578344879999349],[115.87342566300003,-7.1578254749999815],[115.87339859200006,-7.1578257629999484],[115.87339849600005,-7.1578167499999381],[115.87338044800003,-7.1578169409999646],[115.87338035200003,-7.1578079279999542],[115.87337132800008,-7.1578080239999622],[115.87337123200007,-7.1577990109999519],[115.87335318500004,-7.1577992019999783],[115.87335299300003,-7.1577811759999577],[115.87332592100006,-7.1577814639999815],[115.87332582500005,-7.1577724509999712],[115.87330777700004,-7.1577726419999408],[115.87330768200002,-7.1577636289999305],[115.87328963400012,-7.1577638209999463],[115.8732894420001,-7.1577457949999257],[115.87328041800004,-7.1577458909999336],[115.87328032200003,-7.1577368779999802],[115.87326227400001,-7.1577370689999498],[115.87326217900011,-7.1577280559999394],[115.87324413100009,-7.1577282479999553],[115.87324384300007,-7.1577012089999812],[115.87323481900012,-7.1577013039999429],[115.87323472300011,-7.1576922909999325],[115.87321667600008,-7.1576924829999484],[115.87321658000008,-7.1576834699999381],[115.87319853200006,-7.1576836609999646],[115.87319843600005,-7.1576746479999542],[115.8731894120001,-7.1576747439999622],[115.87318922000009,-7.1576567179999415],[115.87317117300006,-7.1576569099999574],[115.87317107700005,-7.1576478969999471],[115.87315302900004,-7.1576480879999735],[115.87315293300003,-7.1576390749999632],[115.87314390900008,-7.1576391709999712],[115.87314381300007,-7.1576301579999608],[115.87313478900001,-7.1576302539999688],[115.87313469300011,-7.1576212409999584],[115.87312567000004,-7.157621335999977],[115.87312557400003,-7.1576123229999666],[115.87310752600001,-7.1576125149999257],[115.87310743000012,-7.1576035019999722],[115.8730893820001,-7.1576036929999418],[115.87308928600009,-7.1575946799999315],[115.87303514300004,-7.1575952549999329],[115.87303504700003,-7.1575862419999794],[115.87302602300008,-7.1575863379999305],[115.87302592700007,-7.157577324999977],[115.87299885600009,-7.1575776119999546],[115.87299876000009,-7.1575685989999442]],[[115.8731167410001,-7.1576304449999384],[115.87312576500005,-7.1576303489999304],[115.87312586100006,-7.1576393619999408],[115.87311683700011,-7.1576394579999487],[115.8731167410001,-7.1576304449999384]]]},"properties":{"OBJECTID":19674,"FID_mangrove_utm":19617,"OBJECTID_1":19617,"Name":"18102566,9293","FolderPath":"JATIM/JATIM","SymbolID":0,"AltMode":0,"Base":0,"Clamped":-1,"Extruded":0,"Snippet":"","PopupInfo":"\u003chtml xmlns:fo=\"http://www.w3.org/1999/XSL/Format\" xmlns:msxsl=\"urn:schemas-microsoft-com:xslt\"\u003e\n\u003chead\u003e\n\u003cMETA http-equiv=\"Content-Type\" content=\"text/html\"\u003e\n\u003cmeta http-equiv=\"content-type\" content=\"text/html; charset=UTF-8\"\u003e\n\u003c/head\u003e\n\u003cbody style=\"margin:0px 0px 0px 0px;overflow:auto;background:#FFFFFF;\"\u003e\n\u003ctable style=\"font-family:Arial,Verdana,Times;font-size:12px;text-align:left;width:100%;border-collapse:collapse;padding:3px 3px 3px 3px\"\u003e\n\u003ctr style=\"text-align:center;font-weight:bold;background:#9CBCE2\"\u003e\n\u003ctd\u003e18102566,9293\u003c/td\u003e\n\u003c/tr\u003e\n\u003ctr\u003e\n\u003ctd\u003e\n\u003ctable style=\"font-family:Arial,Verdana,Times;font-size:12px;text-align:left;width:100%;border-spacing:0px; padding:3px 3px 3px 3px\"\u003e\n\u003ctr\u003e\n\u003ctd\u003eFID\u003c/td\u003e\n\u003ctd\u003e0\u003c/td\u003e\n\u003c/tr\u003e\n\u003ctr bgcolor=\"#D4E4F3\"\u003e\n\u003ctd\u003eShape_Leng\u003c/td\u003e\n\u003ctd\u003e18102566,9293\u003c/td\u003e\n\u003c/tr\u003e\n\u003c/table\u003e\n\u003c/td\u003e\n\u003c/tr\u003e\n\u003c/table\u003e\n\u003c/body\u003e\u003cscript type=\"text/javascript\"\u003e\n\t\t\t\tfunction changeImage(attElement, nameElement) {\n\t\t\t\tdocument.getElementById('imageAttachment').src = attElement;\n\t\t\t\tdocument.getElementById('imageName').innerHTML = nameElement;}\n\t\t\t\u003c/script\u003e\u003c/html\u003e\n","FID_active_grids":125,"GridID":"O62","Shape_Length":0.0020474215474193479,"Shape_Area":3.3593176997194013e-08}},{"type":"Feature","id":19677,"geometry":{"type":"Polygon","coordinates":[[[115.87293549600008,-7.1575602559999538],[115.87292660000003,-7.1575603509999723],[115.87293555600002,-7.1575658789999466],[115.87293549600008,-7.1575602559999538]]]},"properties":{"OBJECTID":19677,"FID_mangrove_utm":19620,"OBJECTID_1":19620,"Name":"18102566,9293","FolderPath":"JATIM/JATIM","SymbolID":0,"AltMode":0,"Base":0,"Clamped":-1,"Extruded":0,"Snippet":"","PopupInfo":"\u003chtml xmlns:fo=\"http://www.w3.org/1999/XSL/Format\" xmlns:msxsl=\"urn:schemas-microsoft-com:xslt\"\u003e\n\u003chead\u003e\n\u003cMETA http-equiv=\"Content-Type\" content=\"text/html\"\u003e\n\u003cmeta http-equiv=\"content-type\" content=\"text/html; charset=UTF-8\"\u003e\n\u003c/head\u003e\n\u003cbody style=\"margin:0px 0px 0px 0px;overflow:auto;background:#FFFFFF;\"\u003e\n\u003ctable style=\"font-family:Arial,Verdana,Times;font-size:12px;text-align:left;width:100%;border-collapse:collapse;padding:3px 3px 3px 3px\"\u003e\n\u003ctr style=\"text-align:center;font-weight:bold;background:#9CBCE2\"\u003e\n\u003ctd\u003e18102566,9293\u003c/td\u003e\n\u003c/tr\u003e\n\u003ctr\u003e\n\u003ctd\u003e\n\u003ctable style=\"font-family:Arial,Verdana,Times;font-size:12px;text-align:left;width:100%;border-spacing:0px; padding:3px 3px 3px 3px\"\u003e\n\u003ctr\u003e\n\u003ctd\u003eFID\u003c/td\u003e\n\u003ctd\u003e0\u003c/td\u003e\n\u003c/tr\u003e\n\u003ctr bgcolor=\"#D4E4F3\"\u003e\n\u003ctd\u003eShape_Leng\u003c/td\u003e\n\u003ctd\u003e18102566,9293\u003c/td\u003e\n\u003c/tr\u003e\n\u003c/table\u003e\n\u003c/td\u003e\n\u003c/tr\u003e\n\u003c/table\u003e\n\u003c/body\u003e\u003cscript type=\"text/javascript\"\u003e\n\t\t\t\tfunction changeImage(attElement, nameElement) {\n\t\t\t\tdocument.getElementById('imageAttachment').src = attElement;\n\t\t\t\tdocument.getElementById('imageName').innerHTML = nameElement;}\n\t\t\t\u003c/script\u003e\u003c/html\u003e\n","FID_active_grids":125,"GridID":"O62","Shape_Length":2.5044499329363369e-05,"Shape_Area":2.5013954116760499e-11}},{"type":"Feature","id":19678,"geometry":{"type":"Polygon","coordinates":[[[115.87291735300005,-7.1575514349999594],[115.87291224300009,-7.1575514889999567],[115.87291738700003,-7.1575546639999743],[115.87291735300005,-7.1575514349999594]]]},"properties":{"OBJECTID":19678,"FID_mangrove_utm":19621,"OBJECTID_1":19621,"Name":"18102566,9293","FolderPath":"JATIM/JATIM","SymbolID":0,"AltMode":0,"Base":0,"Clamped":-1,"Extruded":0,"Snippet":"","PopupInfo":"\u003chtml xmlns:fo=\"http://www.w3.org/1999/XSL/Format\" xmlns:msxsl=\"urn:schemas-microsoft-com:xslt\"\u003e\n\u003chead\u003e\n\u003cMETA http-equiv=\"Content-Type\" content=\"text/html\"\u003e\n\u003cmeta http-equiv=\"content-type\" content=\"text/html; charset=UTF-8\"\u003e\n\u003c/head\u003e\n\u003cbody style=\"margin:0px 0px 0px 0px;overflow:auto;background:#FFFFFF;\"\u003e\n\u003ctable style=\"font-family:Arial,Verdana,Times;font-size:12px;text-align:left;width:100%;border-collapse:collapse;padding:3px 3px 3px 3px\"\u003e\n\u003ctr style=\"text-align:center;font-weight:bold;background:#9CBCE2\"\u003e\n\u003ctd\u003e18102566,9293\u003c/td\u003e\n\u003c/tr\u003e\n\u003ctr\u003e\n\u003ctd\u003e\n\u003ctable style=\"font-family:Arial,Verdana,Times;font-size:12px;text-align:left;width:100%;border-spacing:0px; padding:3px 3px 3px 3px\"\u003e\n\u003ctr\u003e\n\u003ctd\u003eFID\u003c/td\u003e\n\u003ctd\u003e0\u003c/td\u003e\n\u003c/tr\u003e\n\u003ctr bgcolor=\"#D4E4F3\"\u003e\n\u003ctd\u003eShape_Leng\u003c/td\u003e\n\u003ctd\u003e18102566,9293\u003c/td\u003e\n\u003c/tr\u003e\n\u003c/table\u003e\n\u003c/td\u003e\n\u003c/tr\u003e\n\u003c/table\u003e\n\u003c/body\u003e\u003cscript type=\"text/javascript\"\u003e\n\t\t\t\tfunction changeImage(attElement, nameElement) {\n\t\t\t\tdocument.getElementById('imageAttachment').src = attElement;\n\t\t\t\tdocument.getElementById('imageName').innerHTML = nameElement;}\n\t\t\t\u003c/script\u003e\u003c/html\u003e\n","FID_active_grids":125,"GridID":"O62","Shape_Length":1.4384409326989973e-05,"Shape_Area":8.251012974546086e-12}},{"type":"Feature","id":19679,"geometry":{"type":"Polygon","coordinates":[[[115.87290823300009,-7.1575425169999676],[115.87289788600003,-7.1575426269999411],[115.87290830300003,-7.1575490569999261],[115.87290823300009,-7.1575425169999676]]]},"properties":{"OBJECTID":19679,"FID_mangrove_utm":19622,"OBJECTID_1":19622,"Name":"18102566,9293","FolderPath":"JATIM/JATIM","SymbolID":0,"AltMode":0,"Base":0,"Clamped":-1,"Extruded":0,"Snippet":"","PopupInfo":"\u003chtml xmlns:fo=\"http://www.w3.org/1999/XSL/Format\" xmlns:msxsl=\"urn:schemas-microsoft-com:xslt\"\u003e\n\u003chead\u003e\n\u003cMETA http-equiv=\"Content-Type\" content=\"text/html\"\u003e\n\u003cmeta http-equiv=\"content-type\" content=\"text/html; charset=UTF-8\"\u003e\n\u003c/head\u003e\n\u003cbody style=\"margin:0px 0px 0px 0px;overflow:auto;background:#FFFFFF;\"\u003e\n\u003ctable style=\"font-family:Arial,Verdana,Times;font-size:12px;text-align:left;width:100%;border-collapse:collapse;padding:3px 3px 3px 3px\"\u003e\n\u003ctr style=\"text-align:center;font-weight:bold;background:#9CBCE2\"\u003e\n\u003ctd\u003e18102566,9293\u003c/td\u003e\n\u003c/tr\u003e\n\u003ctr\u003e\n\u003ctd\u003e\n\u003ctable style=\"font-family:Arial,Verdana,Times;font-size:12px;text-align:left;width:100%;border-spacing:0px; padding:3px 3px 3px 3px\"\u003e\n\u003ctr\u003e\n\u003ctd\u003eFID\u003c/td\u003e\n\u003ctd\u003e0\u003c/td\u003e\n\u003c/tr\u003e\n\u003ctr bgcolor=\"#D4E4F3\"\u003e\n\u003ctd\u003eShape_Leng\u003c/td\u003e\n\u003ctd\u003e18102566,9293\u003c/td\u003e\n\u003c/tr\u003e\n\u003c/table\u003e\n\u003c/td\u003e\n\u003c/tr\u003e\n\u003c/table\u003e\n\u003c/body\u003e\u003cscript type=\"text/javascript\"\u003e\n\t\t\t\tfunction changeImage(attElement, nameElement) {\n\t\t\t\tdocument.getElementById('imageAttachment').src = attElement;\n\t\t\t\tdocument.getElementById('imageName').innerHTML = nameElement;}\n\t\t\t\u003c/script\u003e\u003c/html\u003e\n","FID_active_grids":125,"GridID":"O62","Shape_Length":2.9129641747795497e-05,"Shape_Area":3.383853996664285e-11}},{"type":"Feature","id":19681,"geometry":{"type":"Polygon","coordinates":[[[115.87289911300002,-7.1575335999999652],[115.87289901700001,-7.1575245869999549],[115.8728809700001,-7.1575247789999707],[115.87288104900006,-7.1575322349999624],[115.87288352900009,-7.1575337659999718],[115.87289911300002,-7.1575335999999652]]]},"properties":{"OBJECTID":19681,"FID_mangrove_utm":19624,"OBJECTID_1":19624,"Name":"18102566,9293","FolderPath":"JATIM/JATIM","SymbolID":0,"AltMode":0,"Base":0,"Clamped":-1,"Extruded":0,"Snippet":"","PopupInfo":"\u003chtml xmlns:fo=\"http://www.w3.org/1999/XSL/Format\" xmlns:msxsl=\"urn:schemas-microsoft-com:xslt\"\u003e\n\u003chead\u003e\n\u003cMETA http-equiv=\"Content-Type\" content=\"text/html\"\u003e\n\u003cmeta http-equiv=\"content-type\" content=\"text/html; charset=UTF-8\"\u003e\n\u003c/head\u003e\n\u003cbody style=\"margin:0px 0px 0px 0px;overflow:auto;background:#FFFFFF;\"\u003e\n\u003ctable style=\"font-family:Arial,Verdana,Times;font-size:12px;text-align:left;width:100%;border-collapse:collapse;padding:3px 3px 3px 3px\"\u003e\n\u003ctr style=\"text-align:center;font-weight:bold;background:#9CBCE2\"\u003e\n\u003ctd\u003e18102566,9293\u003c/td\u003e\n\u003c/tr\u003e\n\u003ctr\u003e\n\u003ctd\u003e\n\u003ctable style=\"font-family:Arial,Verdana,Times;font-size:12px;text-align:left;width:100%;border-spacing:0px; padding:3px 3px 3px 3px\"\u003e\n\u003ctr\u003e\n\u003ctd\u003eFID\u003c/td\u003e\n\u003ctd\u003e0\u003c/td\u003e\n\u003c/tr\u003e\n\u003ctr bgcolor=\"#D4E4F3\"\u003e\n\u003ctd\u003eShape_Leng\u003c/td\u003e\n\u003ctd\u003e18102566,9293\u003c/td\u003e\n\u003c/tr\u003e\n\u003c/table\u003e\n\u003c/td\u003e\n\u003c/tr\u003e\n\u003c/table\u003e\n\u003c/body\u003e\u003cscript type=\"text/javascript\"\u003e\n\t\t\t\tfunction changeImage(attElement, nameElement) {\n\t\t\t\tdocument.getElementById('imageAttachment').src = attElement;\n\t\t\t\tdocument.getElementById('imageName').innerHTML = nameElement;}\n\t\t\t\u003c/script\u003e\u003c/html\u003e\n","FID_active_grids":125,"GridID":"O62","Shape_Length":5.3017343728606786e-05,"Shape_Area":1.6076208752836709e-10}},{"type":"Feature","id":19683,"geometry":{"type":"Polygon","coordinates":[[[115.87287185000002,-7.1575158609999789],[115.87285481400011,-7.1575160419999406],[115.87287196400007,-7.157526627999971],[115.87287185000002,-7.1575158609999789]]]},"properties":{"OBJECTID":19683,"FID_mangrove_utm":19626,"OBJECTID_1":19626,"Name":"18102566,9293","FolderPath":"JATIM/JATIM","SymbolID":0,"AltMode":0,"Base":0,"Clamped":-1,"Extruded":0,"Snippet":"","PopupInfo":"\u003chtml xmlns:fo=\"http://www.w3.org/1999/XSL/Format\" xmlns:msxsl=\"urn:schemas-microsoft-com:xslt\"\u003e\n\u003chead\u003e\n\u003cMETA http-equiv=\"Content-Type\" content=\"text/html\"\u003e\n\u003cmeta http-equiv=\"content-type\" content=\"text/html; charset=UTF-8\"\u003e\n\u003c/head\u003e\n\u003cbody style=\"margin:0px 0px 0px 0px;overflow:auto;background:#FFFFFF;\"\u003e\n\u003ctable style=\"font-family:Arial,Verdana,Times;font-size:12px;text-align:left;width:100%;border-collapse:collapse;padding:3px 3px 3px 3px\"\u003e\n\u003ctr style=\"text-align:center;font-weight:bold;background:#9CBCE2\"\u003e\n\u003ctd\u003e18102566,9293\u003c/td\u003e\n\u003c/tr\u003e\n\u003ctr\u003e\n\u003ctd\u003e\n\u003ctable style=\"font-family:Arial,Verdana,Times;font-size:12px;text-align:left;width:100%;border-spacing:0px; padding:3px 3px 3px 3px\"\u003e\n\u003ctr\u003e\n\u003ctd\u003eFID\u003c/td\u003e\n\u003ctd\u003e0\u003c/td\u003e\n\u003c/tr\u003e\n\u003ctr bgcolor=\"#D4E4F3\"\u003e\n\u003ctd\u003eShape_Leng\u003c/td\u003e\n\u003ctd\u003e18102566,9293\u003c/td\u003e\n\u003c/tr\u003e\n\u003c/table\u003e\n\u003c/td\u003e\n\u003c/tr\u003e\n\u003c/table\u003e\n\u003c/body\u003e\u003cscript type=\"text/javascript\"\u003e\n\t\t\t\tfunction changeImage(attElement, nameElement) {\n\t\t\t\tdocument.getElementById('imageAttachment').src = attElement;\n\t\t\t\tdocument.getElementById('imageName').innerHTML = nameElement;}\n\t\t\t\u003c/script\u003e\u003c/html\u003e\n","FID_active_grids":125,"GridID":"O62","Shape_Length":4.7958618966281133e-05,"Shape_Area":9.1723622489446689e-11}},{"type":"Feature","id":19685,"geometry":{"type":"Polygon","coordinates":[[[115.86928003700007,-7.1575269139999591],[115.86928022900008,-7.1575449409999692],[115.86928925300003,-7.1575448449999612],[115.86928906100002,-7.1575268189999406],[115.86928003700007,-7.1575269139999591]]]},"properties":{"OBJECTID":19685,"FID_mangrove_utm":19628,"OBJECTID_1":19628,"Name":"18102566,9293","FolderPath":"JATIM/JATIM","SymbolID":0,"AltMode":0,"Base":0,"Clamped":-1,"Extruded":0,"Snippet":"","PopupInfo":"\u003chtml xmlns:fo=\"http://www.w3.org/1999/XSL/Format\" xmlns:msxsl=\"urn:schemas-microsoft-com:xslt\"\u003e\n\u003chead\u003e\n\u003cMETA http-equiv=\"Content-Type\" content=\"text/html\"\u003e\n\u003cmeta http-equiv=\"content-type\" content=\"text/html; charset=UTF-8\"\u003e\n\u003c/head\u003e\n\u003cbody style=\"margin:0px 0px 0px 0px;overflow:auto;background:#FFFFFF;\"\u003e\n\u003ctable style=\"font-family:Arial,Verdana,Times;font-size:12px;text-align:left;width:100%;border-collapse:collapse;padding:3px 3px 3px 3px\"\u003e\n\u003ctr style=\"text-align:center;font-weight:bold;background:#9CBCE2\"\u003e\n\u003ctd\u003e18102566,9293\u003c/td\u003e\n\u003c/tr\u003e\n\u003ctr\u003e\n\u003ctd\u003e\n\u003ctable style=\"font-family:Arial,Verdana,Times;font-size:12px;text-align:left;width:100%;border-spacing:0px; padding:3px 3px 3px 3px\"\u003e\n\u003ctr\u003e\n\u003ctd\u003eFID\u003c/td\u003e\n\u003ctd\u003e0\u003c/td\u003e\n\u003c/tr\u003e\n\u003ctr bgcolor=\"#D4E4F3\"\u003e\n\u003ctd\u003eShape_Leng\u003c/td\u003e\n\u003ctd\u003e18102566,9293\u003c/td\u003e\n\u003c/tr\u003e\n\u003c/table\u003e\n\u003c/td\u003e\n\u003c/tr\u003e\n\u003c/table\u003e\n\u003c/body\u003e\u003cscript type=\"text/javascript\"\u003e\n\t\t\t\tfunction changeImage(attElement, nameElement) {\n\t\t\t\tdocument.getElementById('imageAttachment').src = attElement;\n\t\t\t\tdocument.getElementById('imageName').innerHTML = nameElement;}\n\t\t\t\u003c/script\u003e\u003c/html\u003e\n","FID_active_grids":125,"GridID":"O62","Shape_Length":5.4104055529770624e-05,"Shape_Area":1.6268947125656679e-10}},{"type":"Feature","id":19686,"geometry":{"type":"Polygon","coordinates":[[[115.86928003700007,-7.1575269139999591],[115.86927984600004,-7.1575088879999385],[115.86927082200009,-7.1575089839999464],[115.86927072600008,-7.1574999709999361],[115.86926170200002,-7.157500066999944],[115.86926189300004,-7.1575180929999647],[115.86927091700011,-7.1575179969999567],[115.86927101300012,-7.157527009999967],[115.86928003700007,-7.1575269139999591]]]},"properties":{"OBJECTID":19686,"FID_mangrove_utm":19629,"OBJECTID_1":19629,"Name":"18102566,9293","FolderPath":"JATIM/JATIM","SymbolID":0,"AltMode":0,"Base":0,"Clamped":-1,"Extruded":0,"Snippet":"","PopupInfo":"\u003chtml xmlns:fo=\"http://www.w3.org/1999/XSL/Format\" xmlns:msxsl=\"urn:schemas-microsoft-com:xslt\"\u003e\n\u003chead\u003e\n\u003cMETA http-equiv=\"Content-Type\" content=\"text/html\"\u003e\n\u003cmeta http-equiv=\"content-type\" content=\"text/html; charset=UTF-8\"\u003e\n\u003c/head\u003e\n\u003cbody style=\"margin:0px 0px 0px 0px;overflow:auto;background:#FFFFFF;\"\u003e\n\u003ctable style=\"font-family:Arial,Verdana,Times;font-size:12px;text-align:left;width:100%;border-collapse:collapse;padding:3px 3px 3px 3px\"\u003e\n\u003ctr style=\"text-align:center;font-weight:bold;background:#9CBCE2\"\u003e\n\u003ctd\u003e18102566,9293\u003c/td\u003e\n\u003c/tr\u003e\n\u003ctr\u003e\n\u003ctd\u003e\n\u003ctable style=\"font-family:Arial,Verdana,Times;font-size:12px;text-align:left;width:100%;border-spacing:0px; padding:3px 3px 3px 3px\"\u003e\n\u003ctr\u003e\n\u003ctd\u003eFID\u003c/td\u003e\n\u003ctd\u003e0\u003c/td\u003e\n\u003c/tr\u003e\n\u003ctr bgcolor=\"#D4E4F3\"\u003e\n\u003ctd\u003eShape_Leng\u003c/td\u003e\n\u003ctd\u003e18102566,9293\u003c/td\u003e\n\u003c/tr\u003e\n\u003c/table\u003e\n\u003c/td\u003e\n\u003c/tr\u003e\n\u003c/table\u003e\n\u003c/body\u003e\u003cscript type=\"text/javascript\"\u003e\n\t\t\t\tfunction changeImage(attElement, nameElement) {\n\t\t\t\tdocument.getElementById('imageAttachment').src = attElement;\n\t\t\t\tdocument.getElementById('imageName').innerHTML = nameElement;}\n\t\t\t\u003c/script\u003e\u003c/html\u003e\n","FID_active_grids":125,"GridID":"O62","Shape_Length":9.0179088825348232e-05,"Shape_Area":3.2537893356262834e-10}},{"type":"Feature","id":19704,"geometry":{"type":"Polygon","coordinates":[[[115.87082058300007,-7.1573212839999769],[115.87081209600001,-7.1573213739999346],[115.87081228700004,-7.1573393999999553],[115.87075814400009,-7.1573399739999672],[115.87075804800008,-7.1573309609999569],[115.87073097600012,-7.1573312479999345],[115.87073088000011,-7.157322234999981],[115.87070380900002,-7.1573225219999586],[115.87070390400004,-7.1573315349999689],[115.87068585700001,-7.1573317269999279],[115.87068604800004,-7.1573497529999486],[115.87067702400009,-7.1573498489999565],[115.8706771200001,-7.1573588619999668],[115.87065907200008,-7.1573590529999365],[115.87065916800009,-7.1573680659999468],[115.87065014400002,-7.1573681619999547],[115.87065043200005,-7.1573952009999289],[115.8706414080001,-7.1573952959999474],[115.87064150300012,-7.1574043089999577],[115.87062345600009,-7.1574045009999736],[115.87062355100011,-7.1574135139999271],[115.87060550300009,-7.1574137049999536],[115.8706055990001,-7.1574227179999639],[115.87059657500004,-7.1574228139999718],[115.87059667100004,-7.1574318269999253],[115.87056959900008,-7.1574321139999597],[115.87056950400006,-7.1574231009999494],[115.87053340800003,-7.1574234839999349],[115.87053350400004,-7.1574324969999452],[115.87052448000009,-7.1574325929999532],[115.8705245750001,-7.1574416059999635],[115.87049750400001,-7.157441892999941],[115.87049759900003,-7.1574509059999514],[115.87048857600007,-7.1574510009999699],[115.87048867100009,-7.1574600139999802],[115.87047964700002,-7.1574601099999313],[115.87047993500005,-7.1574871489999623],[115.8704709110001,-7.1574872449999702],[115.87047110300011,-7.1575052709999341],[115.87046207900005,-7.157505366999942],[115.87046217400007,-7.1575143799999523],[115.87047119800002,-7.1575142839999444],[115.87047139000003,-7.157532309999965],[115.8704804140001,-7.1575322139999571],[115.87048060600011,-7.1575502399999777],[115.87049865300003,-7.1575500489999513],[115.87049874900003,-7.1575590619999616],[115.87053484500007,-7.1575586789999761],[115.87053503700008,-7.1575767049999399],[115.87055308400011,-7.1575765139999703],[115.87055318000012,-7.1575855269999806],[115.87058927600003,-7.1575851439999383],[115.87058937200004,-7.1575941569999486],[115.87060742000006,-7.157593965999979],[115.87060751600006,-7.1576029789999325],[115.87062556300009,-7.1576027869999734],[115.8706256590001,-7.1576117999999269],[115.87063468300005,-7.1576117049999652],[115.87063477900006,-7.1576207179999756],[115.87064380300001,-7.1576206219999676],[115.87064389900002,-7.157629634999978],[115.87065292300008,-7.15762953899997],[115.87065297000004,-7.1576340009999626],[115.87074379800003,-7.1575075459999766],[115.87082058300007,-7.1573212839999769]],[[115.87057996500005,-7.1575582009999721],[115.87059801300006,-7.1575580089999562],[115.87059810800008,-7.1575670219999665],[115.87058006100006,-7.1575672139999256],[115.87057996500005,-7.1575582009999721]]]},"properties":{"OBJECTID":19704,"FID_mangrove_utm":19647,"OBJECTID_1":19647,"Name":"18102566,9293","FolderPath":"JATIM/JATIM","SymbolID":0,"AltMode":0,"Base":0,"Clamped":-1,"Extruded":0,"Snippet":"","PopupInfo":"\u003chtml xmlns:fo=\"http://www.w3.org/1999/XSL/Format\" xmlns:msxsl=\"urn:schemas-microsoft-com:xslt\"\u003e\n\u003chead\u003e\n\u003cMETA http-equiv=\"Content-Type\" content=\"text/html\"\u003e\n\u003cmeta http-equiv=\"content-type\" content=\"text/html; charset=UTF-8\"\u003e\n\u003c/head\u003e\n\u003cbody style=\"margin:0px 0px 0px 0px;overflow:auto;background:#FFFFFF;\"\u003e\n\u003ctable style=\"font-family:Arial,Verdana,Times;font-size:12px;text-align:left;width:100%;border-collapse:collapse;padding:3px 3px 3px 3px\"\u003e\n\u003ctr style=\"text-align:center;font-weight:bold;background:#9CBCE2\"\u003e\n\u003ctd\u003e18102566,9293\u003c/td\u003e\n\u003c/tr\u003e\n\u003ctr\u003e\n\u003ctd\u003e\n\u003ctable style=\"font-family:Arial,Verdana,Times;font-size:12px;text-align:left;width:100%;border-spacing:0px; padding:3px 3px 3px 3px\"\u003e\n\u003ctr\u003e\n\u003ctd\u003eFID\u003c/td\u003e\n\u003ctd\u003e0\u003c/td\u003e\n\u003c/tr\u003e\n\u003ctr bgcolor=\"#D4E4F3\"\u003e\n\u003ctd\u003eShape_Leng\u003c/td\u003e\n\u003ctd\u003e18102566,9293\u003c/td\u003e\n\u003c/tr\u003e\n\u003c/table\u003e\n\u003c/td\u003e\n\u003c/tr\u003e\n\u003c/table\u003e\n\u003c/body\u003e\u003cscript type=\"text/javascript\"\u003e\n\t\t\t\tfunction changeImage(attElement, nameElement) {\n\t\t\t\tdocument.getElementById('imageAttachment').src = attElement;\n\t\t\t\tdocument.getElementById('imageName').innerHTML = nameElement;}\n\t\t\t\u003c/script\u003e\u003c/html\u003e\n","FID_active_grids":125,"GridID":"O62","Shape_Length":0.0013262377700308835,"Shape_Area":5.4660523725787446e-08}},{"type":"Feature","id":19706,"geometry":{"type":"Polygon","coordinates":[[[115.87082431500005,-7.1573122299999454],[115.87082102400007,-7.1573122649999732],[115.87082110600011,-7.1573200139999358],[115.87082431500005,-7.1573122299999454]]]},"properties":{"OBJECTID":19706,"FID_mangrove_utm":19649,"OBJECTID_1":19649,"Name":"18102566,9293","FolderPath":"JATIM/JATIM","SymbolID":0,"AltMode":0,"Base":0,"Clamped":-1,"Extruded":0,"Snippet":"","PopupInfo":"\u003chtml xmlns:fo=\"http://www.w3.org/1999/XSL/Format\" xmlns:msxsl=\"urn:schemas-microsoft-com:xslt\"\u003e\n\u003chead\u003e\n\u003cMETA http-equiv=\"Content-Type\" content=\"text/html\"\u003e\n\u003cmeta http-equiv=\"content-type\" content=\"text/html; charset=UTF-8\"\u003e\n\u003c/head\u003e\n\u003cbody style=\"margin:0px 0px 0px 0px;overflow:auto;background:#FFFFFF;\"\u003e\n\u003ctable style=\"font-family:Arial,Verdana,Times;font-size:12px;text-align:left;width:100%;border-collapse:collapse;padding:3px 3px 3px 3px\"\u003e\n\u003ctr style=\"text-align:center;font-weight:bold;background:#9CBCE2\"\u003e\n\u003ctd\u003e18102566,9293\u003c/td\u003e\n\u003c/tr\u003e\n\u003ctr\u003e\n\u003ctd\u003e\n\u003ctable style=\"font-family:Arial,Verdana,Times;font-size:12px;text-align:left;width:100%;border-spacing:0px; padding:3px 3px 3px 3px\"\u003e\n\u003ctr\u003e\n\u003ctd\u003eFID\u003c/td\u003e\n\u003ctd\u003e0\u003c/td\u003e\n\u003c/tr\u003e\n\u003ctr bgcolor=\"#D4E4F3\"\u003e\n\u003ctd\u003eShape_Leng\u003c/td\u003e\n\u003ctd\u003e18102566,9293\u003c/td\u003e\n\u003c/tr\u003e\n\u003c/table\u003e\n\u003c/td\u003e\n\u003c/tr\u003e\n\u003c/table\u003e\n\u003c/body\u003e\u003cscript type=\"text/javascript\"\u003e\n\t\t\t\tfunction changeImage(attElement, nameElement) {\n\t\t\t\tdocument.getElementById('imageAttachment').src = attElement;\n\t\t\t\tdocument.getElementById('imageName').innerHTML = nameElement;}\n\t\t\t\u003c/script\u003e\u003c/html\u003e\n","FID_active_grids":125,"GridID":"O62","Shape_Length":1.9460141061498609e-05,"Shape_Area":1.2752414380372089e-11}},{"type":"Feature","id":19728,"geometry":{"type":"Polygon","coordinates":[[[115.87050327000009,-7.1571353539999336],[115.8704581500001,-7.1571358329999271],[115.87045824600011,-7.1571448459999374],[115.8704401980001,-7.1571450369999638],[115.87044067700003,-7.1571901019999586],[115.87045872500005,-7.1571899109999322],[115.87045882100006,-7.1571989239999425],[115.87050394100004,-7.1571984449999491],[115.87050384500003,-7.1571894319999387],[115.87052189300005,-7.1571892409999691],[115.87052179700004,-7.1571802279999588],[115.8705308210001,-7.1571801319999508],[115.87053053300008,-7.1571530929999767],[115.87052151000012,-7.1571531889999278],[115.87052141400011,-7.1571441759999743],[115.87050336600009,-7.1571443669999439],[115.87050327000009,-7.1571353539999336]]]},"properties":{"OBJECTID":19728,"FID_mangrove_utm":19671,"OBJECTID_1":19671,"Name":"18102566,9293","FolderPath":"JATIM/JATIM","SymbolID":0,"AltMode":0,"Base":0,"Clamped":-1,"Extruded":0,"Snippet":"","PopupInfo":"\u003chtml xmlns:fo=\"http://www.w3.org/1999/XSL/Format\" xmlns:msxsl=\"urn:schemas-microsoft-com:xslt\"\u003e\n\u003chead\u003e\n\u003cMETA http-equiv=\"Content-Type\" content=\"text/html\"\u003e\n\u003cmeta http-equiv=\"content-type\" content=\"text/html; charset=UTF-8\"\u003e\n\u003c/head\u003e\n\u003cbody style=\"margin:0px 0px 0px 0px;overflow:auto;background:#FFFFFF;\"\u003e\n\u003ctable style=\"font-family:Arial,Verdana,Times;font-size:12px;text-align:left;width:100%;border-collapse:collapse;padding:3px 3px 3px 3px\"\u003e\n\u003ctr style=\"text-align:center;font-weight:bold;background:#9CBCE2\"\u003e\n\u003ctd\u003e18102566,9293\u003c/td\u003e\n\u003c/tr\u003e\n\u003ctr\u003e\n\u003ctd\u003e\n\u003ctable style=\"font-family:Arial,Verdana,Times;font-size:12px;text-align:left;width:100%;border-spacing:0px; padding:3px 3px 3px 3px\"\u003e\n\u003ctr\u003e\n\u003ctd\u003eFID\u003c/td\u003e\n\u003ctd\u003e0\u003c/td\u003e\n\u003c/tr\u003e\n\u003ctr bgcolor=\"#D4E4F3\"\u003e\n\u003ctd\u003eShape_Leng\u003c/td\u003e\n\u003ctd\u003e18102566,9293\u003c/td\u003e\n\u003c/tr\u003e\n\u003c/table\u003e\n\u003c/td\u003e\n\u003c/tr\u003e\n\u003c/table\u003e\n\u003c/body\u003e\u003cscript type=\"text/javascript\"\u003e\n\t\t\t\tfunction changeImage(attElement, nameElement) {\n\t\t\t\tdocument.getElementById('imageAttachment').src = attElement;\n\t\t\t\tdocument.getElementById('imageName').innerHTML = nameElement;}\n\t\t\t\u003c/script\u003e\u003c/html\u003e\n","FID_active_grids":125,"GridID":"O62","Shape_Length":0.00030667829568302505,"Shape_Area":4.7178505645550576e-09}},{"type":"Feature","id":19730,"geometry":{"type":"Polygon","coordinates":[[[115.87009795900008,-7.1572117639999533],[115.87010698300003,-7.1572116689999348],[115.87010688700002,-7.1572026559999813],[115.87011591100008,-7.1572025599999733],[115.87011543200003,-7.1571574949999786],[115.8701244560001,-7.1571573989999706],[115.87012411900002,-7.1571256239999457],[115.87003043800007,-7.15725189799997],[115.86971908900011,-7.157464268999945],[115.86954154400007,-7.1575343409999732],[115.86937844500005,-7.1575076589999753],[115.86929726700009,-7.1574497849999261],[115.86929741400002,-7.157463631999974],[115.86930643800008,-7.1574635359999661],[115.86930653400009,-7.1574725489999764],[115.86931555800004,-7.1574724529999685],[115.86931565400005,-7.1574814669999682],[115.86932467800011,-7.1574813709999603],[115.86932477400001,-7.1574903839999706],[115.86934282200002,-7.1574901929999442],[115.86934291700004,-7.1574992059999545],[115.8693519410001,-7.1574991099999465],[115.86935203700011,-7.1575081229999569],[115.86937008500001,-7.1575079319999304],[115.86937018100002,-7.1575169449999407],[115.8693972530001,-7.1575166579999632],[115.86939734900011,-7.1575256709999735],[115.86947856400002,-7.1575248099999271],[115.86947866000003,-7.1575338229999375],[115.86952378000001,-7.157533343999944],[115.86952387500003,-7.1575423569999543],[115.86954192300004,-7.1575421659999279],[115.86954201900005,-7.1575511789999382],[115.86955104300011,-7.1575510829999303],[115.86955113900001,-7.1575600959999406],[115.86956918700002,-7.157559904999971],[115.86956928300003,-7.1575689179999813],[115.8695783070001,-7.1575688219999734],[115.86957840200012,-7.1575778349999268],[115.86959645000002,-7.1575776439999572],[115.86959654600003,-7.1575866569999675],[115.86962361800011,-7.1575863699999331],[115.8696235220001,-7.1575773569999797],[115.86963254600005,-7.1575772609999717],[115.86963245000004,-7.1575682479999614],[115.86965952200001,-7.157567960999927],[115.86965942600011,-7.1575589479999735],[115.86966845000006,-7.1575588519999656],[115.86966835500004,-7.1575498389999552],[115.86967737800001,-7.1575497439999367],[115.8696772830001,-7.1575407309999264],[115.86970435500007,-7.1575404439999488],[115.86970425900006,-7.1575314309999385],[115.86971328300001,-7.1575313349999306],[115.86971309100011,-7.1575133089999667],[115.86972211500006,-7.1575132129999588],[115.86972201900005,-7.1575041999999485],[115.86974909100002,-7.1575039129999709],[115.86974899500001,-7.1574948999999606],[115.86975801900007,-7.1574948039999526],[115.86975782800005,-7.157476777999932],[115.86976685200011,-7.1574766829999703],[115.8697667560001,-7.15746766999996],[115.86978480400001,-7.1574674779999441],[115.86978470800011,-7.1574584649999338],[115.86980275600001,-7.1574582739999641],[115.86980266,-7.1574492609999538],[115.8698477800001,-7.1574487819999604],[115.86984768400009,-7.15743976899995],[115.86986573200011,-7.1574395779999804],[115.8698656360001,-7.1574305649999701],[115.86989270800007,-7.1574302779999357],[115.86989261200006,-7.1574212649999254],[115.8699467560001,-7.1574206909999702],[115.8699466600001,-7.1574116779999599],[115.86996470800011,-7.157411485999944],[115.8699646120001,-7.1574024729999337],[115.86999168400007,-7.1574021859999561],[115.86999149200005,-7.1573841599999355],[115.87000051600012,-7.1573840639999275],[115.87000042000011,-7.1573750509999741],[115.87000944400006,-7.1573749559999555],[115.87000954000007,-7.1573839689999659],[115.87001856400002,-7.1573838729999579],[115.87001846800001,-7.1573748599999476],[115.87002749200008,-7.1573747639999397],[115.87002710900003,-7.1573387119999552],[115.8700361330001,-7.1573386169999367],[115.87003603700009,-7.1573296039999263],[115.87006310900006,-7.1573293169999488],[115.87006291700004,-7.1573112899999387],[115.87005389300009,-7.1573113859999467],[115.87005370200006,-7.157293359999926],[115.87006272600001,-7.1572932639999749],[115.87006253400011,-7.1572752379999542],[115.87007155800006,-7.1572751429999357],[115.87007107900001,-7.1572300769999515],[115.87009815100009,-7.1572297899999739],[115.87009795900008,-7.1572117639999533]]]},"properties":{"OBJECTID":19730,"FID_mangrove_utm":19673,"OBJECTID_1":19673,"Name":"18102566,9293","FolderPath":"JATIM/JATIM","SymbolID":0,"AltMode":0,"Base":0,"Clamped":-1,"Extruded":0,"Snippet":"","PopupInfo":"\u003chtml xmlns:fo=\"http://www.w3.org/1999/XSL/Format\" xmlns:msxsl=\"urn:schemas-microsoft-com:xslt\"\u003e\n\u003chead\u003e\n\u003cMETA http-equiv=\"Content-Type\" content=\"text/html\"\u003e\n\u003cmeta http-equiv=\"content-type\" content=\"text/html; charset=UTF-8\"\u003e\n\u003c/head\u003e\n\u003cbody style=\"margin:0px 0px 0px 0px;overflow:auto;background:#FFFFFF;\"\u003e\n\u003ctable style=\"font-family:Arial,Verdana,Times;font-size:12px;text-align:left;width:100%;border-collapse:collapse;padding:3px 3px 3px 3px\"\u003e\n\u003ctr style=\"text-align:center;font-weight:bold;background:#9CBCE2\"\u003e\n\u003ctd\u003e18102566,9293\u003c/td\u003e\n\u003c/tr\u003e\n\u003ctr\u003e\n\u003ctd\u003e\n\u003ctable style=\"font-family:Arial,Verdana,Times;font-size:12px;text-align:left;width:100%;border-spacing:0px; padding:3px 3px 3px 3px\"\u003e\n\u003ctr\u003e\n\u003ctd\u003eFID\u003c/td\u003e\n\u003ctd\u003e0\u003c/td\u003e\n\u003c/tr\u003e\n\u003ctr bgcolor=\"#D4E4F3\"\u003e\n\u003ctd\u003eShape_Leng\u003c/td\u003e\n\u003ctd\u003e18102566,9293\u003c/td\u003e\n\u003c/tr\u003e\n\u003c/table\u003e\n\u003c/td\u003e\n\u003c/tr\u003e\n\u003c/table\u003e\n\u003c/body\u003e\u003cscript type=\"text/javascript\"\u003e\n\t\t\t\tfunction changeImage(attElement, nameElement) {\n\t\t\t\tdocument.getElementById('imageAttachment').src = attElement;\n\t\t\t\tdocument.getElementById('imageName').innerHTML = nameElement;}\n\t\t\t\u003c/script\u003e\u003c/html\u003e\n","FID_active_grids":125,"GridID":"O62","Shape_Length":0.002451727239177864,"Shape_Area":4.3854943181523776e-08}},{"type":"Feature","id":19732,"geometry":{"type":"Polygon","coordinates":[[[115.87813716100004,-7.1570250209999813],[115.87813728100002,-7.1570363099999668],[115.87812825700007,-7.1570364059999747],[115.87812931300004,-7.1571355479999283],[115.87812028900009,-7.1571356439999363],[115.87812086500003,-7.157189720999952],[115.87811184100008,-7.1571898169999599],[115.87811203300009,-7.1572078429999806],[115.87812105700004,-7.1572077469999726],[115.87812124800007,-7.1572257729999365],[115.87813027200002,-7.1572256769999285],[115.87813056000005,-7.1572527159999595],[115.87813958400011,-7.1572526199999515],[115.87813968000012,-7.1572616329999619],[115.87814870400007,-7.1572615369999539],[115.87814880000008,-7.1572705499999643],[115.8781668470001,-7.1572703579999484],[115.87816703900012,-7.157288383999969],[115.87817606300007,-7.1572882879999611],[115.87817625500008,-7.1573063139999249],[115.8781943030001,-7.1573061219999659],[115.87819449500012,-7.1573241479999297],[115.87820351900007,-7.1573240519999786],[115.87820361400009,-7.157333064999932],[115.87821263800004,-7.1573329689999809],[115.87821283000005,-7.1573509949999448],[115.87823087800007,-7.1573508039999751],[115.87823097400008,-7.1573598169999286],[115.87823999800003,-7.1573597209999775],[115.87824019000004,-7.1573777469999413],[115.87825823700007,-7.1573775549999255],[115.87825833300008,-7.1573865679999358],[115.87826735700003,-7.1573864719999278],[115.87826745300003,-7.1573954849999382],[115.87828550100005,-7.1573952929999791],[115.87828617200012,-7.1574583839999377],[115.87829519600007,-7.1574582879999298],[115.87829529200008,-7.1574673009999401],[115.87830431600003,-7.1574672049999322],[115.87830450800004,-7.1574852309999528],[115.87831353200011,-7.1574851349999449],[115.87831362800011,-7.1574941479999552],[115.87832265200007,-7.1574940519999473],[115.87832294000009,-7.1575210909999782],[115.87833196300005,-7.1575209949999703],[115.87833205900006,-7.1575300079999806],[115.8783230360001,-7.1575301039999317],[115.87832351500003,-7.1575751679999371],[115.87831449200007,-7.157575263999945],[115.87831458700009,-7.1575842769999554],[115.87830556400002,-7.1575843729999633],[115.87830566000002,-7.1575933859999736],[115.87829663600007,-7.1575934819999816],[115.87829673200008,-7.1576024939999456],[115.87828770800002,-7.1576025899999536],[115.87828799600004,-7.1576296289999277],[115.87827897200009,-7.1576297249999357],[115.87827926000011,-7.1576567639999666],[115.87827023600005,-7.1576568599999746],[115.8782708120001,-7.1577109369999334],[115.87827983600005,-7.1577108409999255],[115.87827993200005,-7.1577198539999358],[115.87828895600001,-7.1577197579999279],[115.87828914700003,-7.1577377839999485],[115.87830719500005,-7.1577375919999326],[115.87830729100006,-7.157746604999943],[115.87832533900007,-7.1577464139999734],[115.87832543500008,-7.1577554269999268],[115.87837055400007,-7.157754946999944],[115.87837045800006,-7.1577459339999336],[115.87837948200001,-7.157745838999972],[115.87837957800002,-7.157754850999936],[115.87839762500005,-7.1577546599999664],[115.87839800900008,-7.1577907109999614],[115.87840703300003,-7.1577906159999429],[115.87840732100005,-7.1578176539999276],[115.87841634500001,-7.1578175579999765],[115.87841720900008,-7.1578986749999558],[115.87842623300003,-7.1578985789999479],[115.87842642400005,-7.1579166049999685],[115.878435448,-7.1579165089999606],[115.87843554400001,-7.1579255219999709],[115.87846261600009,-7.1579252339999471],[115.8784627120001,-7.1579342469999574],[115.87848978300008,-7.1579339599999798],[115.87848987900009,-7.1579429719999439],[115.8785079270001,-7.1579427809999743],[115.87850802300011,-7.1579517939999278],[115.87851704700006,-7.1579516979999767],[115.87851714300007,-7.1579607109999301],[115.87853519000009,-7.1579605189999711],[115.8785352860001,-7.1579695319999814],[115.87855333400012,-7.1579693399999655],[115.87855343000001,-7.1579783529999759],[115.87854440600006,-7.157978448999927],[115.87854469400008,-7.1580054879999579],[115.87855371800003,-7.15800539199995],[115.87855381400004,-7.1580144049999603],[115.87857186200006,-7.1580142129999444],[115.87857224600009,-7.1580502649999289],[115.87858126900005,-7.1580501689999778],[115.87858136500006,-7.1580591819999313],[115.87859038900001,-7.1580590859999802],[115.87859048500002,-7.1580680989999337],[115.87858146100007,-7.1580681949999416],[115.87858165300008,-7.1580862209999623],[115.87857263000001,-7.1580863159999808],[115.87857282100003,-7.1581043419999446],[115.87856379800007,-7.1581044379999526],[115.8785640860001,-7.1581314769999267],[115.87855506200003,-7.1581315729999346],[115.8785558300001,-7.158203675999971],[115.87856485300006,-7.158203579999963],[115.87856494900007,-7.1582125929999734],[115.87857397300002,-7.1582124969999654],[115.87857416500003,-7.1582305229999292],[115.8785831890001,-7.1582304269999781],[115.8785832850001,-7.1582394399999316],[115.87859230900006,-7.1582393439999805],[115.87859250100007,-7.1582573699999443],[115.87861054900009,-7.1582571779999284],[115.8786106440001,-7.1582661909999388],[115.87861966800006,-7.1582660949999308],[115.87861986000007,-7.1582841209999515],[115.87862888400002,-7.1582840249999435],[115.87862898000003,-7.1582930379999539],[115.87863800400009,-7.1582929419999459],[115.8786381000001,-7.1583019549999563],[115.87866517200007,-7.1583016679999787],[115.87866526700009,-7.1583106809999322],[115.87867429100004,-7.1583105849999811],[115.87867438700005,-7.1583195979999346],[115.87868341100011,-7.1583195019999266],[115.87868350700001,-7.1583285149999369],[115.87871057900009,-7.15832822699997],[115.87871067500009,-7.1583372399999803],[115.87873774600007,-7.1583369519999565],[115.87873784200008,-7.1583459649999668],[115.87875589000009,-7.1583457739999403],[115.8787559860001,-7.1583547859999612],[115.87877553800001,-7.1583545789999334],[115.87860804800005,-7.1580223739999269],[115.87860805300011,-7.1580228419999798],[115.87859000500009,-7.1580230339999389],[115.87858981300008,-7.1580050079999751],[115.87859883700003,-7.1580049129999566],[115.87859893300003,-7.1580139249999775],[115.87860376300011,-7.1580138739999484],[115.87838111800011,-7.1575722709999354],[115.87813716100004,-7.1570250209999813]],[[115.87845340000001,-7.1579073039999344],[115.87846242400008,-7.1579072079999264],[115.87846252000008,-7.1579162209999367],[115.87845349600002,-7.1579163169999447],[115.87845340000001,-7.1579073039999344]]]},"properties":{"OBJECTID":19732,"FID_mangrove_utm":19675,"OBJECTID_1":19675,"Name":"18102566,9293","FolderPath":"JATIM/JATIM","SymbolID":0,"AltMode":0,"Base":0,"Clamped":-1,"Extruded":0,"Snippet":"","PopupInfo":"\u003chtml xmlns:fo=\"http://www.w3.org/1999/XSL/Format\" xmlns:msxsl=\"urn:schemas-microsoft-com:xslt\"\u003e\n\u003chead\u003e\n\u003cMETA http-equiv=\"Content-Type\" content=\"text/html\"\u003e\n\u003cmeta http-equiv=\"content-type\" content=\"text/html; charset=UTF-8\"\u003e\n\u003c/head\u003e\n\u003cbody style=\"margin:0px 0px 0px 0px;overflow:auto;background:#FFFFFF;\"\u003e\n\u003ctable style=\"font-family:Arial,Verdana,Times;font-size:12px;text-align:left;width:100%;border-collapse:collapse;padding:3px 3px 3px 3px\"\u003e\n\u003ctr style=\"text-align:center;font-weight:bold;background:#9CBCE2\"\u003e\n\u003ctd\u003e18102566,9293\u003c/td\u003e\n\u003c/tr\u003e\n\u003ctr\u003e\n\u003ctd\u003e\n\u003ctable style=\"font-family:Arial,Verdana,Times;font-size:12px;text-align:left;width:100%;border-spacing:0px; padding:3px 3px 3px 3px\"\u003e\n\u003ctr\u003e\n\u003ctd\u003eFID\u003c/td\u003e\n\u003ctd\u003e0\u003c/td\u003e\n\u003c/tr\u003e\n\u003ctr bgcolor=\"#D4E4F3\"\u003e\n\u003ctd\u003eShape_Leng\u003c/td\u003e\n\u003ctd\u003e18102566,9293\u003c/td\u003e\n\u003c/tr\u003e\n\u003c/table\u003e\n\u003c/td\u003e\n\u003c/tr\u003e\n\u003c/table\u003e\n\u003c/body\u003e\u003cscript type=\"text/javascript\"\u003e\n\t\t\t\tfunction changeImage(attElement, nameElement) {\n\t\t\t\tdocument.getElementById('imageAttachment').src = attElement;\n\t\t\t\tdocument.getElementById('imageName').innerHTML = nameElement;}\n\t\t\t\u003c/script\u003e\u003c/html\u003e\n","FID_active_grids":125,"GridID":"O62","Shape_Length":0.0038104521011102757,"Shape_Area":1.0929231742386662e-07}},{"type":"Feature","id":19740,"geometry":{"type":"Polygon","coordinates":[[[115.87019444400005,-7.1569493339999326],[115.8701943960001,-7.1569447729999638],[115.87019334800004,-7.1569493459999762],[115.87019444400005,-7.1569493339999326]]]},"properties":{"OBJECTID":19740,"FID_mangrove_utm":19683,"OBJECTID_1":19683,"Name":"18102566,9293","FolderPath":"JATIM/JATIM","SymbolID":0,"AltMode":0,"Base":0,"Clamped":-1,"Extruded":0,"Snippet":"","PopupInfo":"\u003chtml xmlns:fo=\"http://www.w3.org/1999/XSL/Format\" xmlns:msxsl=\"urn:schemas-microsoft-com:xslt\"\u003e\n\u003chead\u003e\n\u003cMETA http-equiv=\"Content-Type\" content=\"text/html\"\u003e\n\u003cmeta http-equiv=\"content-type\" content=\"text/html; charset=UTF-8\"\u003e\n\u003c/head\u003e\n\u003cbody style=\"margin:0px 0px 0px 0px;overflow:auto;background:#FFFFFF;\"\u003e\n\u003ctable style=\"font-family:Arial,Verdana,Times;font-size:12px;text-align:left;width:100%;border-collapse:collapse;padding:3px 3px 3px 3px\"\u003e\n\u003ctr style=\"text-align:center;font-weight:bold;background:#9CBCE2\"\u003e\n\u003ctd\u003e18102566,9293\u003c/td\u003e\n\u003c/tr\u003e\n\u003ctr\u003e\n\u003ctd\u003e\n\u003ctable style=\"font-family:Arial,Verdana,Times;font-size:12px;text-align:left;width:100%;border-spacing:0px; padding:3px 3px 3px 3px\"\u003e\n\u003ctr\u003e\n\u003ctd\u003eFID\u003c/td\u003e\n\u003ctd\u003e0\u003c/td\u003e\n\u003c/tr\u003e\n\u003ctr bgcolor=\"#D4E4F3\"\u003e\n\u003ctd\u003eShape_Leng\u003c/td\u003e\n\u003ctd\u003e18102566,9293\u003c/td\u003e\n\u003c/tr\u003e\n\u003c/table\u003e\n\u003c/td\u003e\n\u003c/tr\u003e\n\u003c/table\u003e\n\u003c/body\u003e\u003cscript type=\"text/javascript\"\u003e\n\t\t\t\tfunction changeImage(attElement, nameElement) {\n\t\t\t\tdocument.getElementById('imageAttachment').src = attElement;\n\t\t\t\tdocument.getElementById('imageName').innerHTML = nameElement;}\n\t\t\t\u003c/script\u003e\u003c/html\u003e\n","FID_active_grids":125,"GridID":"O62","Shape_Length":1.0348867364471643e-05,"Shape_Area":2.4997159959978371e-12}},{"type":"Feature","id":19756,"geometry":{"type":"Polygon","coordinates":[[[115.86892176800006,-7.1568418609999753],[115.86892069300006,-7.156833330999973],[115.86892101500007,-7.1568636799999581],[115.86891199100012,-7.156863775999966],[115.86891218300002,-7.1568818019999298],[115.86890315900007,-7.1568818969999484],[115.8689033500001,-7.1568999239999584],[115.86889432600003,-7.156900018999977],[115.86889451800005,-7.1569180449999408],[115.8688854940001,-7.1569181409999487],[115.86888568500001,-7.1569361669999694],[115.86887666200005,-7.1569362629999773],[115.86887685300007,-7.1569542889999411],[115.86886782900001,-7.1569543839999596],[115.86886821200005,-7.1569904369999335],[115.8688591880001,-7.1569905319999521],[115.86885938000012,-7.1570085579999727],[115.86885035600005,-7.1570086539999807],[115.86885093100011,-7.1570627319999289],[115.86885995400007,-7.1570626369999673],[115.8688603380001,-7.1570986889999517],[115.86886936200005,-7.1570985929999438],[115.8688697450001,-7.1571346449999282],[115.86887876900005,-7.1571345499999666],[115.86887886400007,-7.1571435629999769],[115.86888788800002,-7.157143466999969],[115.86888846300008,-7.1571975449999741],[115.86889748700003,-7.1571974499999556],[115.86889758300003,-7.1572064629999659],[115.8689066070001,-7.1572063669999579],[115.86890679800001,-7.1572243929999786],[115.86891582200008,-7.1572242979999601],[115.86891601400009,-7.1572423239999807],[115.86893406200011,-7.1572421319999648],[115.86893415700001,-7.1572511449999752],[115.86894318100008,-7.1572510499999566],[115.86894337300009,-7.1572690759999773],[115.86895239700004,-7.1572689799999694],[115.86895249300005,-7.1572779929999797],[115.86896151700012,-7.1572778979999612],[115.86896161200002,-7.1572869109999715],[115.86897063600009,-7.1572868149999636],[115.86897073200009,-7.1572958279999739],[115.86897975600004,-7.1572957319999659],[115.86898004300008,-7.1573227709999401],[115.86898906700003,-7.1573226759999784],[115.86898925900005,-7.1573407019999422],[115.86899828300011,-7.1573406059999343],[115.86899847400002,-7.1573586319999549],[115.86900749800009,-7.1573585369999364],[115.8690075940001,-7.1573675499999467],[115.86901661800005,-7.1573674539999388],[115.86901671400005,-7.1573764669999491],[115.869025738,-7.1573763709999412],[115.86902592900003,-7.1573943979999513],[115.8690349530001,-7.1573943019999433],[115.8690350490001,-7.1574033149999536],[115.86906212100007,-7.1574030279999761],[115.86906221700008,-7.1574120409999296],[115.86905319300001,-7.1574121369999375],[115.86905328900002,-7.1574211499999478],[115.86903524100001,-7.1574213409999743],[115.86903533700001,-7.1574303539999278],[115.86902631300006,-7.1574304499999357],[115.86902650400009,-7.1574484759999564],[115.86900845600007,-7.157448666999926],[115.86900855200008,-7.1574576799999363],[115.86899952800002,-7.1574577759999443],[115.86899962400003,-7.1574667889999546],[115.86898157600001,-7.157466979999981],[115.86898167200002,-7.1574759929999345],[115.86897264800007,-7.1574760889999425],[115.86897274400008,-7.1574851019999528],[115.86896372000001,-7.1574851979999607],[115.86896381500003,-7.1574942109999711],[115.86894576700001,-7.1574944019999407],[115.86894586300002,-7.157503414999951],[115.86893683900007,-7.157503510999959],[115.86893703100009,-7.1575215369999796],[115.86892800700002,-7.1575216329999307],[115.86892819800005,-7.1575396589999514],[115.8689191740001,-7.1575397539999699],[115.86891936600011,-7.1575577799999337],[115.86891034200005,-7.1575578759999416],[115.86891053400007,-7.1575759019999623],[115.86890151000011,-7.1575759979999702],[115.86890170100003,-7.1575940239999341],[115.86889267700008,-7.157594119999942],[115.86889334800003,-7.1576572109999574],[115.86890237200009,-7.1576571149999495],[115.86890256300001,-7.1576751409999702],[115.86889353900006,-7.1576752369999781],[115.86889363500006,-7.1576842499999316],[115.86890265900001,-7.1576841539999805],[115.86890275500002,-7.157693166999934],[115.86891177900009,-7.1576930719999723],[115.86891216200002,-7.1577291239999568],[115.86892118600008,-7.1577290279999488],[115.86892128200009,-7.1577380409999591],[115.86893030600004,-7.1577379459999406],[115.86893049700006,-7.1577559719999613],[115.86893952100002,-7.1577558759999533],[115.86893961700002,-7.1577648889999637],[115.86895766500004,-7.1577646979999372],[115.86895776100005,-7.1577737109999475],[115.86898483300001,-7.15777342399997],[115.86898492800003,-7.1577824369999803],[115.86913833600011,-7.1577808099999629],[115.86913843200011,-7.1577898229999732],[115.86914745600006,-7.1577897279999547],[115.86914764700009,-7.1578077539999754],[115.86915667100004,-7.1578076579999674],[115.86915676700005,-7.1578166709999778],[115.86916579100011,-7.1578165759999592],[115.86916588700001,-7.1578255889999696],[115.86917491100007,-7.1578254929999616],[115.86917500600009,-7.157834505999972],[115.86918403000004,-7.157834409999964],[115.86918422200006,-7.1578524359999278],[115.86919324600001,-7.1578523409999661],[115.86919334200002,-7.1578613539999765],[115.86920236600008,-7.1578612579999685],[115.8692024610001,-7.1578702709999789],[115.86922050900012,-7.1578700799999524],[115.86922060500001,-7.1578790929999627],[115.86922962900007,-7.1578789969999548],[115.86922972500008,-7.1578880099999651],[115.8692477730001,-7.1578878189999386],[115.86924767700009,-7.1578788059999283],[115.86927474900006,-7.1578785189999508],[115.86927484500006,-7.1578875319999611],[115.86929289300008,-7.1578873399999452],[115.86929298900009,-7.1578963539999449],[115.86930201200005,-7.157896257999937],[115.86930210800006,-7.1579052709999473],[115.8693562520001,-7.1579046969999354],[115.86935634800011,-7.1579137099999457],[115.86936537200006,-7.1579136139999378],[115.86936546800007,-7.1579226269999481],[115.86941058700006,-7.1579221489999441],[115.86941068300007,-7.1579311619999544],[115.86942873100008,-7.1579309699999385],[115.86942863500008,-7.1579219569999282],[115.86944668300009,-7.1579217659999586],[115.86944658700008,-7.1579127529999482],[115.86947365900005,-7.1579124659999707],[115.86947356400003,-7.1579034529999603],[115.8694825880001,-7.1579033569999524],[115.86948230000007,-7.1578763179999783],[115.86950034800009,-7.1578761269999518],[115.86950015600007,-7.1578581009999311],[115.86951820400009,-7.1578579089999721],[115.86951791700005,-7.1578308699999411],[115.86952694100012,-7.1578307749999794],[115.86952655800008,-7.1577947219999487],[115.86953558200003,-7.1577946269999302],[115.8695351990001,-7.1577585749999457],[115.86952617500003,-7.1577586699999642],[115.86952607900002,-7.1577496569999539],[115.86953510300009,-7.157749560999946],[115.86953481500007,-7.1577225219999718],[115.86952579100011,-7.1577226179999798],[115.8695256960001,-7.1577136049999694],[115.86951667200003,-7.1577137009999774],[115.86951657600002,-7.1577046879999671],[115.86950755200007,-7.1577047829999287],[115.86950745600006,-7.1576957699999753],[115.86948940800005,-7.1576959619999343],[115.86948931200004,-7.1576869489999808],[115.86946224000008,-7.1576872359999584],[115.86946214500006,-7.157678222999948],[115.86938092900004,-7.1576790839999376],[115.86938083300004,-7.1576700709999272],[115.86935376100007,-7.1576703579999617],[115.86935366600005,-7.1576613449999513],[115.8693446420001,-7.1576614399999698],[115.86934473700001,-7.1576704529999802],[115.86933571300005,-7.1576705489999313],[115.86933561800004,-7.1576615359999778],[115.86930854600007,-7.1576618229999553],[115.86930797100001,-7.1576077449999502],[115.86929894700006,-7.1576078399999687],[115.86929875600003,-7.1575898139999481],[115.86928973200008,-7.157589909999956],[115.86928963600008,-7.1575808969999457],[115.86928061200001,-7.1575809929999537],[115.86928042000011,-7.157562966999933],[115.86927139600004,-7.1575630619999515],[115.86927120500002,-7.1575450359999309],[115.86926218100007,-7.1575451319999388],[115.86926208500006,-7.1575361189999285],[115.86925306100011,-7.157536213999947],[115.8692529650001,-7.1575272009999367],[115.86924394100004,-7.1575272969999446],[115.86924375000001,-7.1575092709999808],[115.86925277400007,-7.1575091749999729],[115.86925258200006,-7.1574911489999522],[115.86924355800011,-7.1574912449999601],[115.86924365400012,-7.1575002579999705],[115.86921658200004,-7.157500544999948],[115.86921629500011,-7.1574735059999739],[115.86922531900007,-7.157473409999966],[115.86922503100004,-7.157446370999935],[115.86924307900006,-7.1574461799999654],[115.86924327100007,-7.1574642059999292],[115.86928839100005,-7.1574637269999357],[115.86928829500005,-7.1574547139999254],[115.8692792710001,-7.1574548099999333],[115.86927908000007,-7.157436817999951],[115.86918650500002,-7.1573708189999365],[115.8690122480001,-7.1570987669999795],[115.86892176800006,-7.1568418609999753]]]},"properties":{"OBJECTID":19756,"FID_mangrove_utm":19699,"OBJECTID_1":19699,"Name":"18102566,9293","FolderPath":"JATIM/JATIM","SymbolID":0,"AltMode":0,"Base":0,"Clamped":-1,"Extruded":0,"Snippet":"","PopupInfo":"\u003chtml xmlns:fo=\"http://www.w3.org/1999/XSL/Format\" xmlns:msxsl=\"urn:schemas-microsoft-com:xslt\"\u003e\n\u003chead\u003e\n\u003cMETA http-equiv=\"Content-Type\" content=\"text/html\"\u003e\n\u003cmeta http-equiv=\"content-type\" content=\"text/html; charset=UTF-8\"\u003e\n\u003c/head\u003e\n\u003cbody style=\"margin:0px 0px 0px 0px;overflow:auto;background:#FFFFFF;\"\u003e\n\u003ctable style=\"font-family:Arial,Verdana,Times;font-size:12px;text-align:left;width:100%;border-collapse:collapse;padding:3px 3px 3px 3px\"\u003e\n\u003ctr style=\"text-align:center;font-weight:bold;background:#9CBCE2\"\u003e\n\u003ctd\u003e18102566,9293\u003c/td\u003e\n\u003c/tr\u003e\n\u003ctr\u003e\n\u003ctd\u003e\n\u003ctable style=\"font-family:Arial,Verdana,Times;font-size:12px;text-align:left;width:100%;border-spacing:0px; padding:3px 3px 3px 3px\"\u003e\n\u003ctr\u003e\n\u003ctd\u003eFID\u003c/td\u003e\n\u003ctd\u003e0\u003c/td\u003e\n\u003c/tr\u003e\n\u003ctr bgcolor=\"#D4E4F3\"\u003e\n\u003ctd\u003eShape_Leng\u003c/td\u003e\n\u003ctd\u003e18102566,9293\u003c/td\u003e\n\u003c/tr\u003e\n\u003c/table\u003e\n\u003c/td\u003e\n\u003c/tr\u003e\n\u003c/table\u003e\n\u003c/body\u003e\u003cscript type=\"text/javascript\"\u003e\n\t\t\t\tfunction changeImage(attElement, nameElement) {\n\t\t\t\tdocument.getElementById('imageAttachment').src = attElement;\n\t\t\t\tdocument.getElementById('imageName').innerHTML = nameElement;}\n\t\t\t\u003c/script\u003e\u003c/html\u003e\n","FID_active_grids":125,"GridID":"O62","Shape_Length":0.0039497331118568653,"Shape_Area":2.6837443681261118e-07}},{"type":"Feature","id":19757,"geometry":{"type":"Polygon","coordinates":[[[115.87048177300005,-7.1568110769999294],[115.87045470100009,-7.1568113639999638],[115.87045479700009,-7.1568203769999741],[115.87043674900008,-7.1568205679999437],[115.87043742000003,-7.1568836589999592],[115.87048254000001,-7.1568831809999551],[115.87048244400012,-7.1568741679999448],[115.87049146800007,-7.1568740719999369],[115.87049137200006,-7.1568650589999265],[115.87050039600001,-7.1568649629999754],[115.87049991700007,-7.1568198979999806],[115.87048186900006,-7.1568200899999397],[115.87048177300005,-7.1568110769999294]]]},"properties":{"OBJECTID":19757,"FID_mangrove_utm":19700,"OBJECTID_1":19700,"Name":"18102566,9293","FolderPath":"JATIM/JATIM","SymbolID":0,"AltMode":0,"Base":0,"Clamped":-1,"Extruded":0,"Snippet":"","PopupInfo":"\u003chtml xmlns:fo=\"http://www.w3.org/1999/XSL/Format\" xmlns:msxsl=\"urn:schemas-microsoft-com:xslt\"\u003e\n\u003chead\u003e\n\u003cMETA http-equiv=\"Content-Type\" content=\"text/html\"\u003e\n\u003cmeta http-equiv=\"content-type\" content=\"text/html; charset=UTF-8\"\u003e\n\u003c/head\u003e\n\u003cbody style=\"margin:0px 0px 0px 0px;overflow:auto;background:#FFFFFF;\"\u003e\n\u003ctable style=\"font-family:Arial,Verdana,Times;font-size:12px;text-align:left;width:100%;border-collapse:collapse;padding:3px 3px 3px 3px\"\u003e\n\u003ctr style=\"text-align:center;font-weight:bold;background:#9CBCE2\"\u003e\n\u003ctd\u003e18102566,9293\u003c/td\u003e\n\u003c/tr\u003e\n\u003ctr\u003e\n\u003ctd\u003e\n\u003ctable style=\"font-family:Arial,Verdana,Times;font-size:12px;text-align:left;width:100%;border-spacing:0px; padding:3px 3px 3px 3px\"\u003e\n\u003ctr\u003e\n\u003ctd\u003eFID\u003c/td\u003e\n\u003ctd\u003e0\u003c/td\u003e\n\u003c/tr\u003e\n\u003ctr bgcolor=\"#D4E4F3\"\u003e\n\u003ctd\u003eShape_Leng\u003c/td\u003e\n\u003ctd\u003e18102566,9293\u003c/td\u003e\n\u003c/tr\u003e\n\u003c/table\u003e\n\u003c/td\u003e\n\u003c/tr\u003e\n\u003c/table\u003e\n\u003c/body\u003e\u003cscript type=\"text/javascript\"\u003e\n\t\t\t\tfunction changeImage(attElement, nameElement) {\n\t\t\t\tdocument.getElementById('imageAttachment').src = attElement;\n\t\t\t\tdocument.getElementById('imageName').innerHTML = nameElement;}\n\t\t\t\u003c/script\u003e\u003c/html\u003e\n","FID_active_grids":125,"GridID":"O62","Shape_Length":0.00027055926487238566,"Shape_Area":3.9857682363543197e-09}},{"type":"Feature","id":19761,"geometry":{"type":"Polygon","coordinates":[[[115.8712303750001,-7.1567670819999307],[115.8711852560001,-7.1567675599999347],[115.87118535200011,-7.1567765729999451],[115.87115828000003,-7.1567768599999795],[115.87115837600004,-7.156785872999933],[115.87111325600006,-7.1567863519999264],[115.87111335200007,-7.1567953649999367],[115.87109530400005,-7.1567955559999632],[115.87109540000006,-7.1568045689999735],[115.87105930400003,-7.156804951999959],[115.87105920800002,-7.1567959389999487],[115.87104116100011,-7.1567961309999646],[115.87104125600001,-7.1568051439999749],[115.8710232090001,-7.1568053349999445],[115.871023304,-7.1568143479999549],[115.87100525700009,-7.1568145389999813],[115.87100535200011,-7.1568235519999348],[115.87099632800005,-7.1568236479999428],[115.87099642400005,-7.1568326609999531],[115.8709874000001,-7.156832756999961],[115.87098749600011,-7.1568417699999713],[115.87097847200005,-7.1568418659999793],[115.87097866400006,-7.1568598919999431],[115.87096964000011,-7.1568599869999616],[115.87096973600001,-7.1568689999999719],[115.87096071200006,-7.1568690959999799],[115.87096080800006,-7.1568781089999334],[115.87095178400011,-7.1568782049999413],[115.87095188000001,-7.1568872179999516],[115.87094285600006,-7.1568873129999702],[115.87094304700008,-7.156905338999934],[115.87093402300002,-7.1569054349999419],[115.87093411900003,-7.1569144479999522],[115.87092509500008,-7.1569145439999602],[115.87092519100008,-7.1569235569999705],[115.87091616700002,-7.1569236529999785],[115.87091626300003,-7.1569326659999319],[115.87090723900008,-7.1569327609999505],[115.87090762200012,-7.1569688129999349],[115.87089859800005,-7.1569689089999429],[115.87089879000007,-7.1569869349999635],[115.870889766,-7.1569870309999715],[115.87089043700007,-7.1570501219999301],[115.87088141300001,-7.157050217999938],[115.87088170000004,-7.157077256999969],[115.87089072400011,-7.1570771609999611],[115.87089101200002,-7.1571041999999352],[115.87088198800006,-7.1571042959999431],[115.87088208300008,-7.1571133089999535],[115.87089110700003,-7.1571132129999455],[115.87089129900005,-7.1571312389999662],[115.8708822750001,-7.1571313349999741],[115.87088237100011,-7.1571403479999276],[115.87086432300009,-7.1571405389999541],[115.8708644190001,-7.1571495519999644],[115.87085539500004,-7.1571496479999723],[115.87085549100004,-7.1571586609999258],[115.87084646700009,-7.1571587569999338],[115.87084675400001,-7.1571857959999647],[115.87083773000006,-7.1571858919999727],[115.87083820900011,-7.1572309569999675],[115.87082918600004,-7.1572310519999292],[115.87082966500009,-7.1572761169999808],[115.87082064100002,-7.1572762129999319],[115.87082083200005,-7.1572942389999525],[115.87082985600011,-7.1572941429999446],[115.87082990400006,-7.1572986719999676],[115.87095170300006,-7.157003217999943],[115.87101511800006,-7.156858566999972],[115.87110892900012,-7.1568037359999721],[115.87129741500007,-7.1568535429999542],[115.8715012450001,-7.1569241629999283],[115.8715298730001,-7.1569245889999706],[115.87152979400003,-7.1569171449999658],[115.87151174600001,-7.1569173359999354],[115.87151155400011,-7.1568993099999716],[115.87149350600009,-7.1568995019999306],[115.87149331500007,-7.1568814759999668],[115.87147526700005,-7.1568816669999364],[115.87147517100004,-7.1568726539999261],[115.87145712300003,-7.1568728449999526],[115.87145702700002,-7.1568638319999422],[115.87144800300007,-7.1568639279999502],[115.87144790800005,-7.1568549149999399],[115.87139376400012,-7.1568554889999518],[115.8713935720001,-7.1568374629999312],[115.87138454900003,-7.1568375589999391],[115.87138445300002,-7.1568285459999288],[115.8713483570001,-7.1568289289999711],[115.87134816500009,-7.1568109029999505],[115.87133914100002,-7.156810997999969],[115.87133904600012,-7.1568019849999587],[115.87133002200005,-7.1568020809999666],[115.87132992600004,-7.1567930679999563],[115.87131187800003,-7.1567932599999722],[115.87131178200002,-7.1567842469999619],[115.87128471100004,-7.1567845339999394],[115.87128461500004,-7.1567755209999291],[115.8712304710001,-7.1567760949999411],[115.8712303750001,-7.1567670819999307]]]},"properties":{"OBJECTID":19761,"FID_mangrove_utm":19704,"OBJECTID_1":19704,"Name":"18102566,9293","FolderPath":"JATIM/JATIM","SymbolID":0,"AltMode":0,"Base":0,"Clamped":-1,"Extruded":0,"Snippet":"","PopupInfo":"\u003chtml xmlns:fo=\"http://www.w3.org/1999/XSL/Format\" xmlns:msxsl=\"urn:schemas-microsoft-com:xslt\"\u003e\n\u003chead\u003e\n\u003cMETA http-equiv=\"Content-Type\" content=\"text/html\"\u003e\n\u003cmeta http-equiv=\"content-type\" content=\"text/html; charset=UTF-8\"\u003e\n\u003c/head\u003e\n\u003cbody style=\"margin:0px 0px 0px 0px;overflow:auto;background:#FFFFFF;\"\u003e\n\u003ctable style=\"font-family:Arial,Verdana,Times;font-size:12px;text-align:left;width:100%;border-collapse:collapse;padding:3px 3px 3px 3px\"\u003e\n\u003ctr style=\"text-align:center;font-weight:bold;background:#9CBCE2\"\u003e\n\u003ctd\u003e18102566,9293\u003c/td\u003e\n\u003c/tr\u003e\n\u003ctr\u003e\n\u003ctd\u003e\n\u003ctable style=\"font-family:Arial,Verdana,Times;font-size:12px;text-align:left;width:100%;border-spacing:0px; padding:3px 3px 3px 3px\"\u003e\n\u003ctr\u003e\n\u003ctd\u003eFID\u003c/td\u003e\n\u003ctd\u003e0\u003c/td\u003e\n\u003c/tr\u003e\n\u003ctr bgcolor=\"#D4E4F3\"\u003e\n\u003ctd\u003eShape_Leng\u003c/td\u003e\n\u003ctd\u003e18102566,9293\u003c/td\u003e\n\u003c/tr\u003e\n\u003c/table\u003e\n\u003c/td\u003e\n\u003c/tr\u003e\n\u003c/table\u003e\n\u003c/body\u003e\u003cscript type=\"text/javascript\"\u003e\n\t\t\t\tfunction changeImage(attElement, nameElement) {\n\t\t\t\tdocument.getElementById('imageAttachment').src = attElement;\n\t\t\t\tdocument.getElementById('imageName').innerHTML = nameElement;}\n\t\t\t\u003c/script\u003e\u003c/html\u003e\n","FID_active_grids":125,"GridID":"O62","Shape_Length":0.00248954504231454,"Shape_Area":4.1272728990929248e-08}},{"type":"Feature","id":19762,"geometry":{"type":"Polygon","coordinates":[[[115.87202255900002,-7.1567651769999543],[115.87203603000012,-7.1567585369999733],[115.87199740800008,-7.1567589469999575],[115.87199759900011,-7.1567769729999782],[115.87198857600004,-7.1567770679999398],[115.87198863600008,-7.1567827589999524],[115.87202255900002,-7.1567651769999543]]]},"properties":{"OBJECTID":19762,"FID_mangrove_utm":19705,"OBJECTID_1":19705,"Name":"18102566,9293","FolderPath":"JATIM/JATIM","SymbolID":0,"AltMode":0,"Base":0,"Clamped":-1,"Extruded":0,"Snippet":"","PopupInfo":"\u003chtml xmlns:fo=\"http://www.w3.org/1999/XSL/Format\" xmlns:msxsl=\"urn:schemas-microsoft-com:xslt\"\u003e\n\u003chead\u003e\n\u003cMETA http-equiv=\"Content-Type\" content=\"text/html\"\u003e\n\u003cmeta http-equiv=\"content-type\" content=\"text/html; charset=UTF-8\"\u003e\n\u003c/head\u003e\n\u003cbody style=\"margin:0px 0px 0px 0px;overflow:auto;background:#FFFFFF;\"\u003e\n\u003ctable style=\"font-family:Arial,Verdana,Times;font-size:12px;text-align:left;width:100%;border-collapse:collapse;padding:3px 3px 3px 3px\"\u003e\n\u003ctr style=\"text-align:center;font-weight:bold;background:#9CBCE2\"\u003e\n\u003ctd\u003e18102566,9293\u003c/td\u003e\n\u003c/tr\u003e\n\u003ctr\u003e\n\u003ctd\u003e\n\u003ctable style=\"font-family:Arial,Verdana,Times;font-size:12px;text-align:left;width:100%;border-spacing:0px; padding:3px 3px 3px 3px\"\u003e\n\u003ctr\u003e\n\u003ctd\u003eFID\u003c/td\u003e\n\u003ctd\u003e0\u003c/td\u003e\n\u003c/tr\u003e\n\u003ctr bgcolor=\"#D4E4F3\"\u003e\n\u003ctd\u003eShape_Leng\u003c/td\u003e\n\u003ctd\u003e18102566,9293\u003c/td\u003e\n\u003c/tr\u003e\n\u003c/table\u003e\n\u003c/td\u003e\n\u003c/tr\u003e\n\u003c/table\u003e\n\u003c/body\u003e\u003cscript type=\"text/javascript\"\u003e\n\t\t\t\tfunction changeImage(attElement, nameElement) {\n\t\t\t\tdocument.getElementById('imageAttachment').src = attElement;\n\t\t\t\tdocument.getElementById('imageName').innerHTML = nameElement;}\n\t\t\t\u003c/script\u003e\u003c/html\u003e\n","FID_active_grids":125,"GridID":"O62","Shape_Length":0.00012459316841218485,"Shape_Area":3.9657778429756256e-10}},{"type":"Feature","id":19767,"geometry":{"type":"Polygon","coordinates":[[[115.87214816800008,-7.1567032629999403],[115.87214121500006,-7.1567033369999535],[115.87214125100002,-7.1567066729999738],[115.87214816800008,-7.1567032629999403]]]},"properties":{"OBJECTID":19767,"FID_mangrove_utm":19710,"OBJECTID_1":19710,"Name":"18102566,9293","FolderPath":"JATIM/JATIM","SymbolID":0,"AltMode":0,"Base":0,"Clamped":-1,"Extruded":0,"Snippet":"","PopupInfo":"\u003chtml xmlns:fo=\"http://www.w3.org/1999/XSL/Format\" xmlns:msxsl=\"urn:schemas-microsoft-com:xslt\"\u003e\n\u003chead\u003e\n\u003cMETA http-equiv=\"Content-Type\" content=\"text/html\"\u003e\n\u003cmeta http-equiv=\"content-type\" content=\"text/html; charset=UTF-8\"\u003e\n\u003c/head\u003e\n\u003cbody style=\"margin:0px 0px 0px 0px;overflow:auto;background:#FFFFFF;\"\u003e\n\u003ctable style=\"font-family:Arial,Verdana,Times;font-size:12px;text-align:left;width:100%;border-collapse:collapse;padding:3px 3px 3px 3px\"\u003e\n\u003ctr style=\"text-align:center;font-weight:bold;background:#9CBCE2\"\u003e\n\u003ctd\u003e18102566,9293\u003c/td\u003e\n\u003c/tr\u003e\n\u003ctr\u003e\n\u003ctd\u003e\n\u003ctable style=\"font-family:Arial,Verdana,Times;font-size:12px;text-align:left;width:100%;border-spacing:0px; padding:3px 3px 3px 3px\"\u003e\n\u003ctr\u003e\n\u003ctd\u003eFID\u003c/td\u003e\n\u003ctd\u003e0\u003c/td\u003e\n\u003c/tr\u003e\n\u003ctr bgcolor=\"#D4E4F3\"\u003e\n\u003ctd\u003eShape_Leng\u003c/td\u003e\n\u003ctd\u003e18102566,9293\u003c/td\u003e\n\u003c/tr\u003e\n\u003c/table\u003e\n\u003c/td\u003e\n\u003c/tr\u003e\n\u003c/table\u003e\n\u003c/body\u003e\u003cscript type=\"text/javascript\"\u003e\n\t\t\t\tfunction changeImage(attElement, nameElement) {\n\t\t\t\tdocument.getElementById('imageAttachment').src = attElement;\n\t\t\t\tdocument.getElementById('imageName').innerHTML = nameElement;}\n\t\t\t\u003c/script\u003e\u003c/html\u003e\n","FID_active_grids":125,"GridID":"O62","Shape_Length":1.8001461380098087e-05,"Shape_Area":1.1598936110159778e-11}},{"type":"Feature","id":19768,"geometry":{"type":"Polygon","coordinates":[[[115.87218554800006,-7.1566848389999791],[115.87217711900007,-7.1566849279999474],[115.87217716200007,-7.1566889719999267],[115.87218554800006,-7.1566848389999791]]]},"properties":{"OBJECTID":19768,"FID_mangrove_utm":19711,"OBJECTID_1":19711,"Name":"18102566,9293","FolderPath":"JATIM/JATIM","SymbolID":0,"AltMode":0,"Base":0,"Clamped":-1,"Extruded":0,"Snippet":"","PopupInfo":"\u003chtml xmlns:fo=\"http://www.w3.org/1999/XSL/Format\" xmlns:msxsl=\"urn:schemas-microsoft-com:xslt\"\u003e\n\u003chead\u003e\n\u003cMETA http-equiv=\"Content-Type\" content=\"text/html\"\u003e\n\u003cmeta http-equiv=\"content-type\" content=\"text/html; charset=UTF-8\"\u003e\n\u003c/head\u003e\n\u003cbody style=\"margin:0px 0px 0px 0px;overflow:auto;background:#FFFFFF;\"\u003e\n\u003ctable style=\"font-family:Arial,Verdana,Times;font-size:12px;text-align:left;width:100%;border-collapse:collapse;padding:3px 3px 3px 3px\"\u003e\n\u003ctr style=\"text-align:center;font-weight:bold;background:#9CBCE2\"\u003e\n\u003ctd\u003e18102566,9293\u003c/td\u003e\n\u003c/tr\u003e\n\u003ctr\u003e\n\u003ctd\u003e\n\u003ctable style=\"font-family:Arial,Verdana,Times;font-size:12px;text-align:left;width:100%;border-spacing:0px; padding:3px 3px 3px 3px\"\u003e\n\u003ctr\u003e\n\u003ctd\u003eFID\u003c/td\u003e\n\u003ctd\u003e0\u003c/td\u003e\n\u003c/tr\u003e\n\u003ctr bgcolor=\"#D4E4F3\"\u003e\n\u003ctd\u003eShape_Leng\u003c/td\u003e\n\u003ctd\u003e18102566,9293\u003c/td\u003e\n\u003c/tr\u003e\n\u003c/table\u003e\n\u003c/td\u003e\n\u003c/tr\u003e\n\u003c/table\u003e\n\u003c/body\u003e\u003cscript type=\"text/javascript\"\u003e\n\t\t\t\tfunction changeImage(attElement, nameElement) {\n\t\t\t\tdocument.getElementById('imageAttachment').src = attElement;\n\t\t\t\tdocument.getElementById('imageName').innerHTML = nameElement;}\n\t\t\t\u003c/script\u003e\u003c/html\u003e\n","FID_active_grids":125,"GridID":"O62","Shape_Length":2.1822852634170203e-05,"Shape_Area":1.7045351392854097e-11}},{"type":"Feature","id":19772,"geometry":{"type":"Polygon","coordinates":[[[115.87057969500006,-7.1566838419999499],[115.87057067100011,-7.1566839369999684],[115.87057076700012,-7.1566929499999787],[115.87056174300005,-7.1566930459999298],[115.8705622220001,-7.1567381109999815],[115.87060734200008,-7.1567376329999774],[115.87060686300003,-7.1566925679999258],[115.87057979100007,-7.1566928549999602],[115.87057969500006,-7.1566838419999499]]]},"properties":{"OBJECTID":19772,"FID_mangrove_utm":19715,"OBJECTID_1":19715,"Name":"18102566,9293","FolderPath":"JATIM/JATIM","SymbolID":0,"AltMode":0,"Base":0,"Clamped":-1,"Extruded":0,"Snippet":"","PopupInfo":"\u003chtml xmlns:fo=\"http://www.w3.org/1999/XSL/Format\" xmlns:msxsl=\"urn:schemas-microsoft-com:xslt\"\u003e\n\u003chead\u003e\n\u003cMETA http-equiv=\"Content-Type\" content=\"text/html\"\u003e\n\u003cmeta http-equiv=\"content-type\" content=\"text/html; charset=UTF-8\"\u003e\n\u003c/head\u003e\n\u003cbody style=\"margin:0px 0px 0px 0px;overflow:auto;background:#FFFFFF;\"\u003e\n\u003ctable style=\"font-family:Arial,Verdana,Times;font-size:12px;text-align:left;width:100%;border-collapse:collapse;padding:3px 3px 3px 3px\"\u003e\n\u003ctr style=\"text-align:center;font-weight:bold;background:#9CBCE2\"\u003e\n\u003ctd\u003e18102566,9293\u003c/td\u003e\n\u003c/tr\u003e\n\u003ctr\u003e\n\u003ctd\u003e\n\u003ctable style=\"font-family:Arial,Verdana,Times;font-size:12px;text-align:left;width:100%;border-spacing:0px; padding:3px 3px 3px 3px\"\u003e\n\u003ctr\u003e\n\u003ctd\u003eFID\u003c/td\u003e\n\u003ctd\u003e0\u003c/td\u003e\n\u003c/tr\u003e\n\u003ctr bgcolor=\"#D4E4F3\"\u003e\n\u003ctd\u003eShape_Leng\u003c/td\u003e\n\u003ctd\u003e18102566,9293\u003c/td\u003e\n\u003c/tr\u003e\n\u003c/table\u003e\n\u003c/td\u003e\n\u003c/tr\u003e\n\u003c/table\u003e\n\u003c/body\u003e\u003cscript type=\"text/javascript\"\u003e\n\t\t\t\tfunction changeImage(attElement, nameElement) {\n\t\t\t\tdocument.getElementById('imageAttachment').src = attElement;\n\t\t\t\tdocument.getElementById('imageName').innerHTML = nameElement;}\n\t\t\t\u003c/script\u003e\u003c/html\u003e\n","FID_active_grids":125,"GridID":"O62","Shape_Length":0.00019840717757927957,"Shape_Area":2.114904194141578e-09}},{"type":"Feature","id":19773,"geometry":{"type":"Polygon","coordinates":[[[115.87276231700002,-7.1573998409999717],[115.87276212500001,-7.1573818149999511],[115.87275310100006,-7.157381910999959],[115.87275300500005,-7.1573728979999487],[115.8727439810001,-7.1573729939999566],[115.87274379000007,-7.157354967999936],[115.87273476600001,-7.1573550639999439],[115.8727344780001,-7.1573280249999698],[115.87272545400003,-7.1573281199999315],[115.87272535800003,-7.157319106999978],[115.87271633400007,-7.1573192029999291],[115.87271623900006,-7.1573101899999756],[115.87269819100004,-7.1573103819999346],[115.87269799900002,-7.1572923559999708],[115.87268897500007,-7.1572924509999325],[115.87268878400005,-7.1572744249999687],[115.8726797600001,-7.1572745209999766],[115.87267928000006,-7.157229455999925],[115.87267025600011,-7.1572295519999329],[115.87267035200011,-7.1572385649999433],[115.87266132800005,-7.1572386609999512],[115.87266123300003,-7.1572296479999409],[115.87265220900008,-7.1572297429999594],[115.87265192100006,-7.1572027039999284],[115.87264289700011,-7.1572027999999364],[115.87264251400006,-7.1571667479999519],[115.87265153800001,-7.157166651999944],[115.87265144200001,-7.1571576389999336],[115.87264241800005,-7.1571577349999416],[115.87264222600004,-7.1571397089999778],[115.87262417800002,-7.1571399009999368],[115.87262408300001,-7.1571308879999265],[115.87261505900005,-7.157130982999945],[115.87261496300005,-7.1571219699999347],[115.8726059390001,-7.1571220659999426],[115.87260574700008,-7.1571040399999788],[115.87259672300002,-7.1571041359999299],[115.87259634000009,-7.1570680839999454],[115.87258731600002,-7.1570681799999534],[115.87258712400001,-7.1570501539999327],[115.8725690760001,-7.1570503449999592],[115.87256831000002,-7.1569782409999334],[115.87255928600007,-7.1569783369999413],[115.87255909400005,-7.1569603109999775],[115.8725500700001,-7.1569604059999392],[115.87254930300003,-7.1568883019999703],[115.87254028000007,-7.1568883979999782],[115.87254018400006,-7.1568793849999679],[115.87252213600004,-7.1568795769999269],[115.87252204000004,-7.1568705639999735],[115.87251301600008,-7.1568706589999351],[115.87251292000008,-7.1568616459999248],[115.87250389600001,-7.1568617419999327],[115.8725037050001,-7.1568437159999689],[115.87249468100003,-7.1568438119999769],[115.87249458500003,-7.1568347989999666],[115.87246751300006,-7.1568350859999441],[115.87246732200003,-7.1568170599999803],[115.87245829800008,-7.1568171559999314],[115.87245820200008,-7.1568081429999779],[115.87244917800001,-7.1568082379999396],[115.87244908200012,-7.1567992249999293],[115.8724310340001,-7.1567994169999452],[115.87243093800009,-7.1567904039999348],[115.87242191500002,-7.1567904999999428],[115.87242181900001,-7.1567814869999324],[115.87241279500006,-7.156781581999951],[115.87241260300004,-7.1567635559999303],[115.87240357900009,-7.1567636519999382],[115.87240329200006,-7.1567366129999641],[115.87238524400004,-7.15673680499998],[115.87238495600002,-7.156709765999949],[115.87237593300006,-7.1567098609999675],[115.87237583700005,-7.1567008479999572],[115.8723668130001,-7.1567009439999651],[115.87236671700009,-7.1566919309999548],[115.87233062100006,-7.1566923139999403],[115.87233052600004,-7.15668330099993],[115.87231247800003,-7.1566834919999565],[115.87231238200002,-7.1566744789999461],[115.87225823800009,-7.1566750539999475],[115.87225814300007,-7.1566660409999372],[115.87222204700004,-7.1566664239999795],[115.87222214300004,-7.156675436999933],[115.87219507100008,-7.1566757239999674],[115.87219511800004,-7.1566801209999653],[115.87219639300008,-7.156679492999956],[115.87227959800009,-7.1566802399999574],[115.87252580400002,-7.1571463659999495],[115.87263802500001,-7.1573822329999643],[115.8728356260001,-7.157504198999959],[115.87283556200009,-7.1574982179999438],[115.87282653900002,-7.1574983139999517],[115.87282634700011,-7.1574802879999311],[115.87281732300005,-7.157480383999939],[115.87281713100003,-7.1574623579999752],[115.87280810700008,-7.1574624539999263],[115.87280801100007,-7.1574534409999728],[115.87279898700001,-7.1574535359999345],[115.8727987960001,-7.1574355099999707],[115.87278977200003,-7.1574356059999786],[115.87278967600002,-7.1574265929999683],[115.87278065200007,-7.1574266889999762],[115.87278046000006,-7.1574086629999556],[115.87277143600011,-7.1574087589999635],[115.87277134100009,-7.1573997459999532],[115.87276231700002,-7.1573998409999717],[115.87276241300003,-7.1574088539999252],[115.87275338900008,-7.1574089499999332],[115.87275329300007,-7.1573999369999797],[115.87276231700002,-7.1573998409999717]]]},"properties":{"OBJECTID":19773,"FID_mangrove_utm":19716,"OBJECTID_1":19716,"Name":"18102566,9293","FolderPath":"JATIM/JATIM","SymbolID":0,"AltMode":0,"Base":0,"Clamped":-1,"Extruded":0,"Snippet":"","PopupInfo":"\u003chtml xmlns:fo=\"http://www.w3.org/1999/XSL/Format\" xmlns:msxsl=\"urn:schemas-microsoft-com:xslt\"\u003e\n\u003chead\u003e\n\u003cMETA http-equiv=\"Content-Type\" content=\"text/html\"\u003e\n\u003cmeta http-equiv=\"content-type\" content=\"text/html; charset=UTF-8\"\u003e\n\u003c/head\u003e\n\u003cbody style=\"margin:0px 0px 0px 0px;overflow:auto;background:#FFFFFF;\"\u003e\n\u003ctable style=\"font-family:Arial,Verdana,Times;font-size:12px;text-align:left;width:100%;border-collapse:collapse;padding:3px 3px 3px 3px\"\u003e\n\u003ctr style=\"text-align:center;font-weight:bold;background:#9CBCE2\"\u003e\n\u003ctd\u003e18102566,9293\u003c/td\u003e\n\u003c/tr\u003e\n\u003ctr\u003e\n\u003ctd\u003e\n\u003ctable style=\"font-family:Arial,Verdana,Times;font-size:12px;text-align:left;width:100%;border-spacing:0px; padding:3px 3px 3px 3px\"\u003e\n\u003ctr\u003e\n\u003ctd\u003eFID\u003c/td\u003e\n\u003ctd\u003e0\u003c/td\u003e\n\u003c/tr\u003e\n\u003ctr bgcolor=\"#D4E4F3\"\u003e\n\u003ctd\u003eShape_Leng\u003c/td\u003e\n\u003ctd\u003e18102566,9293\u003c/td\u003e\n\u003c/tr\u003e\n\u003c/table\u003e\n\u003c/td\u003e\n\u003c/tr\u003e\n\u003c/table\u003e\n\u003c/body\u003e\u003cscript type=\"text/javascript\"\u003e\n\t\t\t\tfunction changeImage(attElement, nameElement) {\n\t\t\t\tdocument.getElementById('imageAttachment').src = attElement;\n\t\t\t\tdocument.getElementById('imageName').innerHTML = nameElement;}\n\t\t\t\u003c/script\u003e\u003c/html\u003e\n","FID_active_grids":125,"GridID":"O62","Shape_Length":0.0026667086649085959,"Shape_Area":8.4271991008902127e-08}},{"type":"Feature","id":19775,"geometry":{"type":"Polygon","coordinates":[[[115.83768648500006,-7.1570134299999495],[115.83768629500003,-7.1569954029999394],[115.83767727000009,-7.1569954979999579],[115.83767746100011,-7.157013524999968],[115.83768648500006,-7.1570134299999495]]]},"properties":{"OBJECTID":19775,"FID_mangrove_utm":19718,"OBJECTID_1":19718,"Name":"18102566,9293","FolderPath":"JATIM/JATIM","SymbolID":0,"AltMode":0,"Base":0,"Clamped":-1,"Extruded":0,"Snippet":"","PopupInfo":"\u003chtml xmlns:fo=\"http://www.w3.org/1999/XSL/Format\" xmlns:msxsl=\"urn:schemas-microsoft-com:xslt\"\u003e\n\u003chead\u003e\n\u003cMETA http-equiv=\"Content-Type\" content=\"text/html\"\u003e\n\u003cmeta http-equiv=\"content-type\" content=\"text/html; charset=UTF-8\"\u003e\n\u003c/head\u003e\n\u003cbody style=\"margin:0px 0px 0px 0px;overflow:auto;background:#FFFFFF;\"\u003e\n\u003ctable style=\"font-family:Arial,Verdana,Times;font-size:12px;text-align:left;width:100%;border-collapse:collapse;padding:3px 3px 3px 3px\"\u003e\n\u003ctr style=\"text-align:center;font-weight:bold;background:#9CBCE2\"\u003e\n\u003ctd\u003e18102566,9293\u003c/td\u003e\n\u003c/tr\u003e\n\u003ctr\u003e\n\u003ctd\u003e\n\u003ctable style=\"font-family:Arial,Verdana,Times;font-size:12px;text-align:left;width:100%;border-spacing:0px; padding:3px 3px 3px 3px\"\u003e\n\u003ctr\u003e\n\u003ctd\u003eFID\u003c/td\u003e\n\u003ctd\u003e0\u003c/td\u003e\n\u003c/tr\u003e\n\u003ctr bgcolor=\"#D4E4F3\"\u003e\n\u003ctd\u003eShape_Leng\u003c/td\u003e\n\u003ctd\u003e18102566,9293\u003c/td\u003e\n\u003c/tr\u003e\n\u003c/table\u003e\n\u003c/td\u003e\n\u003c/tr\u003e\n\u003c/table\u003e\n\u003c/body\u003e\u003cscript type=\"text/javascript\"\u003e\n\t\t\t\tfunction changeImage(attElement, nameElement) {\n\t\t\t\tdocument.getElementById('imageAttachment').src = attElement;\n\t\t\t\tdocument.getElementById('imageName').innerHTML = nameElement;}\n\t\t\t\u003c/script\u003e\u003c/html\u003e\n","FID_active_grids":125,"GridID":"O62","Shape_Length":5.4106013003043751e-05,"Shape_Area":1.6270275811599618e-10}},{"type":"Feature","id":19830,"geometry":{"type":"Polygon","coordinates":[[[115.87008897500004,-7.1555172189999325],[115.87008279200006,-7.1555172839999273],[115.87010453900007,-7.1559292769999274],[115.87011789500002,-7.156010182999978],[115.87017817700007,-7.1563295999999355],[115.87018903400008,-7.1565026779999812],[115.87020922300007,-7.1568800779999719],[115.87019749000001,-7.1569312739999305],[115.87020327700009,-7.1569312119999609],[115.87020308500007,-7.1569131859999402],[115.87021210900002,-7.1569130899999323],[115.87021191800011,-7.1568950639999684],[115.87022094100007,-7.1568949689999499],[115.87022084600005,-7.1568859559999396],[115.87022987000012,-7.1568858599999317],[115.87022977400011,-7.1568768469999782],[115.87023879800006,-7.1568767509999702],[115.87023870200005,-7.1568677379999599],[115.87024772600012,-7.1568676429999414],[115.87024763000011,-7.1568586299999311],[115.87025665400006,-7.15685853399998],[115.87025646200004,-7.1568405079999593],[115.87026548600011,-7.1568404119999514],[115.87026529500008,-7.1568223859999307],[115.87027431900003,-7.1568222899999796],[115.87027345600006,-7.1567411729999435],[115.87028248000001,-7.1567410769999356],[115.87028142700001,-7.1566419339999356],[115.87029045100007,-7.1566418379999277],[115.87028978000001,-7.1565787469999691],[115.87029880400007,-7.1565786519999506],[115.87029870800006,-7.1565696379999508],[115.87030773200001,-7.1565695429999323],[115.87030706100006,-7.1565064519999737],[115.87031608500001,-7.1565063559999658],[115.87031570200008,-7.1564703039999813],[115.87032472600004,-7.1564702079999734],[115.87032463000003,-7.156461194999963],[115.87031560600008,-7.156461290999971],[115.87031531900004,-7.15643425199994],[115.87030629500009,-7.1564343469999585],[115.87030562500001,-7.1563712559999431],[115.87031464800009,-7.1563711599999351],[115.87031436100006,-7.156344120999961],[115.8703053370001,-7.1563442169999689],[115.87030505000007,-7.1563171779999379],[115.87029602600001,-7.1563172739999459],[115.87029564300008,-7.1562812219999614],[115.87028661900001,-7.1562813169999799],[115.8702863310001,-7.156254277999949],[115.87027730700004,-7.1562543739999569],[115.87027711600001,-7.1562363479999362],[115.87026809200006,-7.1562364429999548],[115.87026790000004,-7.1562184169999341],[115.87025887600009,-7.156218512999942],[115.87025763100007,-7.1561013439999783],[115.87024860700001,-7.15610143899994],[115.87024841600009,-7.1560834129999762],[115.87023939200003,-7.1560835089999273],[115.87023910400001,-7.1560564699999532],[115.87023008000006,-7.1560565659999611],[115.87022998500004,-7.1560475519999613],[115.87021193700002,-7.1560477439999772],[115.87021164900011,-7.1560207049999462],[115.87020262600004,-7.1560207999999648],[115.8702021470001,-7.15597573499997],[115.87019312300004,-7.1559758309999779],[115.87019274000011,-7.1559397789999366],[115.87018371600004,-7.1559398739999551],[115.87018333300011,-7.1559038219999707],[115.87017430900005,-7.1559039179999786],[115.87017402100003,-7.1558768789999476],[115.87016499700007,-7.1558769749999556],[115.87016471000004,-7.1558499349999352],[115.8701737340001,-7.1558498399999735],[115.87017306300004,-7.155786748999958],[115.87016404000008,-7.1557868439999766],[115.87016365600005,-7.1557507919999352],[115.87015463200009,-7.1557508879999432],[115.87015444100007,-7.1557328619999794],[115.87014541700012,-7.1557329569999411],[115.8701452250001,-7.1557149309999772],[115.87013620200003,-7.1557150269999283],[115.87013610600002,-7.1557060139999749],[115.87012708200007,-7.155706109999926],[115.87012679400004,-7.1556790709999518],[115.87011777100008,-7.1556791659999703],[115.87011700400001,-7.1556070619999446],[115.87010798000006,-7.1556071579999525],[115.8701074060001,-7.155553078999958],[115.87009838200004,-7.1555531749999659],[115.87009809500012,-7.1555261359999349],[115.87008907100005,-7.1555262319999429],[115.87008897500004,-7.1555172189999325]]]},"properties":{"OBJECTID":19830,"FID_mangrove_utm":19773,"OBJECTID_1":19773,"Name":"18102566,9293","FolderPath":"JATIM/JATIM","SymbolID":0,"AltMode":0,"Base":0,"Clamped":-1,"Extruded":0,"Snippet":"","PopupInfo":"\u003chtml xmlns:fo=\"http://www.w3.org/1999/XSL/Format\" xmlns:msxsl=\"urn:schemas-microsoft-com:xslt\"\u003e\n\u003chead\u003e\n\u003cMETA http-equiv=\"Content-Type\" content=\"text/html\"\u003e\n\u003cmeta http-equiv=\"content-type\" content=\"text/html; charset=UTF-8\"\u003e\n\u003c/head\u003e\n\u003cbody style=\"margin:0px 0px 0px 0px;overflow:auto;background:#FFFFFF;\"\u003e\n\u003ctable style=\"font-family:Arial,Verdana,Times;font-size:12px;text-align:left;width:100%;border-collapse:collapse;padding:3px 3px 3px 3px\"\u003e\n\u003ctr style=\"text-align:center;font-weight:bold;background:#9CBCE2\"\u003e\n\u003ctd\u003e18102566,9293\u003c/td\u003e\n\u003c/tr\u003e\n\u003ctr\u003e\n\u003ctd\u003e\n\u003ctable style=\"font-family:Arial,Verdana,Times;font-size:12px;text-align:left;width:100%;border-spacing:0px; padding:3px 3px 3px 3px\"\u003e\n\u003ctr\u003e\n\u003ctd\u003eFID\u003c/td\u003e\n\u003ctd\u003e0\u003c/td\u003e\n\u003c/tr\u003e\n\u003ctr bgcolor=\"#D4E4F3\"\u003e\n\u003ctd\u003eShape_Leng\u003c/td\u003e\n\u003ctd\u003e18102566,9293\u003c/td\u003e\n\u003c/tr\u003e\n\u003c/table\u003e\n\u003c/td\u003e\n\u003c/tr\u003e\n\u003c/table\u003e\n\u003c/body\u003e\u003cscript type=\"text/javascript\"\u003e\n\t\t\t\tfunction changeImage(attElement, nameElement) {\n\t\t\t\tdocument.getElementById('imageAttachment').src = attElement;\n\t\t\t\tdocument.getElementById('imageName').innerHTML = nameElement;}\n\t\t\t\u003c/script\u003e\u003c/html\u003e\n","FID_active_grids":125,"GridID":"O62","Shape_Length":0.0032386476344183714,"Shape_Area":1.162238978737547e-07}},{"type":"Feature","id":19837,"geometry":{"type":"Polygon","coordinates":[[[115.86956680300011,-7.155378528999961],[115.86955503200011,-7.1553786539999464],[115.86955512800012,-7.1553876669999568],[115.8695370800001,-7.1553878579999264],[115.86953717600011,-7.1553968709999367],[115.86952815200004,-7.1553969669999447],[115.86952824700006,-7.155405979999955],[115.86951922300011,-7.1554060759999629],[115.86951931900001,-7.1554150889999732],[115.8695012710001,-7.1554152799999429],[115.86950136700011,-7.1554242929999532],[115.8694833190001,-7.1554244839999797],[115.8694834150001,-7.1554334969999331],[115.86947439100004,-7.1554335929999411],[115.86947448700005,-7.1554426059999514],[115.8694654630001,-7.1554427019999594],[115.86946565500011,-7.15546072799998],[115.86945663100005,-7.1554608229999417],[115.86945672600007,-7.155469835999952],[115.86944770300011,-7.15546993199996],[115.86944779800001,-7.1554789449999703],[115.86943877400006,-7.1554790409999782],[115.86943896600008,-7.155497066999942],[115.86942994200001,-7.1554971619999606],[115.86943003800002,-7.1555061749999709],[115.86941199000012,-7.1555063669999299],[115.86941208600001,-7.1555153799999403],[115.86940306200006,-7.1555154749999588],[115.86940315800007,-7.1555244879999691],[115.86939413400012,-7.155524583999977],[115.86939422900002,-7.1555335969999305],[115.86937618200011,-7.155533787999957],[115.86937627700001,-7.1555428019999567],[115.86936725300006,-7.1555428969999753],[115.86936744500008,-7.1555609229999391],[115.86934939700006,-7.155561114999955],[115.86934949300007,-7.1555701279999653],[115.86934046900001,-7.155570222999927],[115.86934056500002,-7.1555792359999373],[115.86933154100007,-7.1555793319999452],[115.86933163700007,-7.1555883449999556],[115.86931358900006,-7.1555885359999252],[115.86931368500007,-7.1555975489999355],[115.86929563700005,-7.1555977409999514],[115.86929573200007,-7.1556067539999617],[115.86928670900011,-7.1556068489999802],[115.86928680400001,-7.1556158619999337],[115.86926875600011,-7.1556160539999496],[115.869268852,-7.1556250669999599],[115.86925982800005,-7.1556251619999784],[115.86925992400006,-7.1556341749999319],[115.86925090000011,-7.1556342709999399],[115.86925109200001,-7.1556522969999605],[115.86923304400011,-7.1556524879999301],[115.86923314000001,-7.1556615009999405],[115.8692150920001,-7.1556616929999564],[115.86921518700001,-7.1556707059999667],[115.8691971400001,-7.1556708969999363],[115.86919723500012,-7.1556799099999466],[115.86918821100005,-7.1556800059999546],[115.86918830700006,-7.1556890189999649],[115.86917928300011,-7.1556891139999266],[115.86917937900012,-7.1556981279999263],[115.86917035500005,-7.1556982229999448],[115.86917045100006,-7.1557072359999552],[115.86916142700011,-7.1557073319999631],[115.86916161900001,-7.1557253579999269],[115.86915259500006,-7.1557254539999349],[115.86915269000008,-7.1557344669999452],[115.86914366600001,-7.1557345619999637],[115.86914376200002,-7.155743574999974],[115.86913473800007,-7.1557436709999251],[115.86913483400008,-7.1557526839999355],[115.86912581000001,-7.1557527799999434],[115.86912600200003,-7.1557708059999641],[115.86911697800008,-7.1557709009999257],[115.86911716900011,-7.1557889279999358],[115.86910814500004,-7.1557890229999543],[115.86910824100005,-7.1557980359999647],[115.8690992170001,-7.1557981319999726],[115.86909950400002,-7.1558251709999467],[115.86909048100006,-7.1558252669999547],[115.86909057600008,-7.155834279999965],[115.86908155200001,-7.1558343749999267],[115.86908174400003,-7.1558524009999473],[115.86907272000008,-7.1558524969999553],[115.86907281600008,-7.1558615099999656],[115.86906379200002,-7.1558616059999736],[115.86906388800003,-7.155870618999927],[115.86905486400008,-7.1558707139999456],[115.8690549590001,-7.1558797269999559],[115.86904593500003,-7.1558798229999638],[115.86904603100004,-7.1558888359999742],[115.86903700700009,-7.1558889319999253],[115.8690371030001,-7.1558979449999356],[115.86902807900003,-7.1558980409999435],[115.86902827100005,-7.1559160669999642],[115.8690192470001,-7.1559161619999259],[115.86901934200012,-7.1559251749999362],[115.86901031900004,-7.1559252709999441],[115.86901051000007,-7.1559432969999648],[115.86900148600012,-7.1559433929999727],[115.86900167800002,-7.1559614189999365],[115.86899265400007,-7.1559615139999551],[115.86899275000007,-7.1559705269999654],[115.86898372600001,-7.1559706229999733],[115.86898401300004,-7.1559976619999475],[115.86896596500003,-7.1559978539999634],[115.86896615700005,-7.1560158799999272],[115.86895713300009,-7.1560159749999457],[115.86895722800011,-7.156024987999956],[115.86894820400005,-7.156025083999964],[115.86894839600006,-7.1560431099999278],[115.86893937200011,-7.1560432059999357],[115.86893956400002,-7.1560612319999564],[115.86893054000006,-7.1560613269999749],[115.86893063500008,-7.1560703409999746],[115.86892161100002,-7.1560704359999363],[115.86892180300003,-7.156088461999957],[115.86891277900008,-7.1560885579999649],[115.86891287500009,-7.1560975709999752],[115.86890385100003,-7.1560976669999263],[115.86890394700004,-7.1561066799999367],[115.86889492300008,-7.1561067749999552],[115.86889511400011,-7.1561248009999758],[115.86888609000005,-7.1561248969999269],[115.86888618600005,-7.1561339099999373],[115.8688771620001,-7.1561340059999452],[115.86887735400001,-7.1561520319999659],[115.86886833000005,-7.1561521279999738],[115.86886852100008,-7.1561701539999376],[115.86885949700002,-7.1561702489999561],[115.86885959300002,-7.1561792619999665],[115.86885056900007,-7.1561793579999744],[115.86885076100009,-7.1561973839999382],[115.86883271300007,-7.1561975749999647],[115.8688329040001,-7.1562156009999285],[115.86882388000004,-7.1562156969999364],[115.86882407200005,-7.1562337229999571],[115.8688150480001,-7.156233818999965],[115.86881543100003,-7.1562698709999495],[115.86880640700008,-7.1562699669999574],[115.86880679000001,-7.1563060189999419],[115.86881581400007,-7.156305922999934],[115.86881638900002,-7.1563600019999285],[115.86882541300008,-7.1563599059999774],[115.86882570000012,-7.1563869449999515],[115.86883472400007,-7.1563868489999436],[115.86883491500009,-7.1564048749999642],[115.86884393900004,-7.1564047799999457],[115.86884422700007,-7.1564318189999767],[115.86885325100002,-7.1564317229999688],[115.86885353800005,-7.1564587619999429],[115.86886256200012,-7.1564586669999812],[115.86886265800001,-7.1564676799999347],[115.86887168100009,-7.1564675839999268],[115.86887177700009,-7.1564765969999371],[115.86887571200009,-7.1564765559999728],[115.86887154300007,-7.1564434859999437],[115.86889801900008,-7.1562197169999422],[115.86903249200009,-7.1559639609999408],[115.86932837600011,-7.155695532999971],[115.86948278500006,-7.1555514219999736],[115.86956680300011,-7.155378528999961]]]},"properties":{"OBJECTID":19837,"FID_mangrove_utm":19780,"OBJECTID_1":19780,"Name":"18102566,9293","FolderPath":"JATIM/JATIM","SymbolID":0,"AltMode":0,"Base":0,"Clamped":-1,"Extruded":0,"Snippet":"","PopupInfo":"\u003chtml xmlns:fo=\"http://www.w3.org/1999/XSL/Format\" xmlns:msxsl=\"urn:schemas-microsoft-com:xslt\"\u003e\n\u003chead\u003e\n\u003cMETA http-equiv=\"Content-Type\" content=\"text/html\"\u003e\n\u003cmeta http-equiv=\"content-type\" content=\"text/html; charset=UTF-8\"\u003e\n\u003c/head\u003e\n\u003cbody style=\"margin:0px 0px 0px 0px;overflow:auto;background:#FFFFFF;\"\u003e\n\u003ctable style=\"font-family:Arial,Verdana,Times;font-size:12px;text-align:left;width:100%;border-collapse:collapse;padding:3px 3px 3px 3px\"\u003e\n\u003ctr style=\"text-align:center;font-weight:bold;background:#9CBCE2\"\u003e\n\u003ctd\u003e18102566,9293\u003c/td\u003e\n\u003c/tr\u003e\n\u003ctr\u003e\n\u003ctd\u003e\n\u003ctable style=\"font-family:Arial,Verdana,Times;font-size:12px;text-align:left;width:100%;border-spacing:0px; padding:3px 3px 3px 3px\"\u003e\n\u003ctr\u003e\n\u003ctd\u003eFID\u003c/td\u003e\n\u003ctd\u003e0\u003c/td\u003e\n\u003c/tr\u003e\n\u003ctr bgcolor=\"#D4E4F3\"\u003e\n\u003ctd\u003eShape_Leng\u003c/td\u003e\n\u003ctd\u003e18102566,9293\u003c/td\u003e\n\u003c/tr\u003e\n\u003c/table\u003e\n\u003c/td\u003e\n\u003c/tr\u003e\n\u003c/table\u003e\n\u003c/body\u003e\u003cscript type=\"text/javascript\"\u003e\n\t\t\t\tfunction changeImage(attElement, nameElement) {\n\t\t\t\tdocument.getElementById('imageAttachment').src = attElement;\n\t\t\t\tdocument.getElementById('imageName').innerHTML = nameElement;}\n\t\t\t\u003c/script\u003e\u003c/html\u003e\n","FID_active_grids":125,"GridID":"O62","Shape_Length":0.003278123070662455,"Shape_Area":8.4427037192674486e-08}},{"type":"Feature","id":19840,"geometry":{"type":"Polygon","coordinates":[[[115.86957560900009,-7.1553604079999786],[115.86957288800011,-7.1553604359999667],[115.86957294600006,-7.1553658879999489],[115.86957560900009,-7.1553604079999786]]]},"properties":{"OBJECTID":19840,"FID_mangrove_utm":19783,"OBJECTID_1":19783,"Name":"18102566,9293","FolderPath":"JATIM/JATIM","SymbolID":0,"AltMode":0,"Base":0,"Clamped":-1,"Extruded":0,"Snippet":"","PopupInfo":"\u003chtml xmlns:fo=\"http://www.w3.org/1999/XSL/Format\" xmlns:msxsl=\"urn:schemas-microsoft-com:xslt\"\u003e\n\u003chead\u003e\n\u003cMETA http-equiv=\"Content-Type\" content=\"text/html\"\u003e\n\u003cmeta http-equiv=\"content-type\" content=\"text/html; charset=UTF-8\"\u003e\n\u003c/head\u003e\n\u003cbody style=\"margin:0px 0px 0px 0px;overflow:auto;background:#FFFFFF;\"\u003e\n\u003ctable style=\"font-family:Arial,Verdana,Times;font-size:12px;text-align:left;width:100%;border-collapse:collapse;padding:3px 3px 3px 3px\"\u003e\n\u003ctr style=\"text-align:center;font-weight:bold;background:#9CBCE2\"\u003e\n\u003ctd\u003e18102566,9293\u003c/td\u003e\n\u003c/tr\u003e\n\u003ctr\u003e\n\u003ctd\u003e\n\u003ctable style=\"font-family:Arial,Verdana,Times;font-size:12px;text-align:left;width:100%;border-spacing:0px; padding:3px 3px 3px 3px\"\u003e\n\u003ctr\u003e\n\u003ctd\u003eFID\u003c/td\u003e\n\u003ctd\u003e0\u003c/td\u003e\n\u003c/tr\u003e\n\u003ctr bgcolor=\"#D4E4F3\"\u003e\n\u003ctd\u003eShape_Leng\u003c/td\u003e\n\u003ctd\u003e18102566,9293\u003c/td\u003e\n\u003c/tr\u003e\n\u003c/table\u003e\n\u003c/td\u003e\n\u003c/tr\u003e\n\u003c/table\u003e\n\u003c/body\u003e\u003cscript type=\"text/javascript\"\u003e\n\t\t\t\tfunction changeImage(attElement, nameElement) {\n\t\t\t\tdocument.getElementById('imageAttachment').src = attElement;\n\t\t\t\tdocument.getElementById('imageName').innerHTML = nameElement;}\n\t\t\t\u003c/script\u003e\u003c/html\u003e\n","FID_active_grids":125,"GridID":"O62","Shape_Length":1.4266232590200064e-05,"Shape_Area":7.4182579395780214e-12}},{"type":"Feature","id":19842,"geometry":{"type":"Polygon","coordinates":[[[115.86958441600007,-7.15534228599995],[115.86958172100003,-7.1553423149999276],[115.86958177800011,-7.1553477139999586],[115.86958441600007,-7.15534228599995]]]},"properties":{"OBJECTID":19842,"FID_mangrove_utm":19785,"OBJECTID_1":19785,"Name":"18102566,9293","FolderPath":"JATIM/JATIM","SymbolID":0,"AltMode":0,"Base":0,"Clamped":-1,"Extruded":0,"Snippet":"","PopupInfo":"\u003chtml xmlns:fo=\"http://www.w3.org/1999/XSL/Format\" xmlns:msxsl=\"urn:schemas-microsoft-com:xslt\"\u003e\n\u003chead\u003e\n\u003cMETA http-equiv=\"Content-Type\" content=\"text/html\"\u003e\n\u003cmeta http-equiv=\"content-type\" content=\"text/html; charset=UTF-8\"\u003e\n\u003c/head\u003e\n\u003cbody style=\"margin:0px 0px 0px 0px;overflow:auto;background:#FFFFFF;\"\u003e\n\u003ctable style=\"font-family:Arial,Verdana,Times;font-size:12px;text-align:left;width:100%;border-collapse:collapse;padding:3px 3px 3px 3px\"\u003e\n\u003ctr style=\"text-align:center;font-weight:bold;background:#9CBCE2\"\u003e\n\u003ctd\u003e18102566,9293\u003c/td\u003e\n\u003c/tr\u003e\n\u003ctr\u003e\n\u003ctd\u003e\n\u003ctable style=\"font-family:Arial,Verdana,Times;font-size:12px;text-align:left;width:100%;border-spacing:0px; padding:3px 3px 3px 3px\"\u003e\n\u003ctr\u003e\n\u003ctd\u003eFID\u003c/td\u003e\n\u003ctd\u003e0\u003c/td\u003e\n\u003c/tr\u003e\n\u003ctr bgcolor=\"#D4E4F3\"\u003e\n\u003ctd\u003eShape_Leng\u003c/td\u003e\n\u003ctd\u003e18102566,9293\u003c/td\u003e\n\u003c/tr\u003e\n\u003c/table\u003e\n\u003c/td\u003e\n\u003c/tr\u003e\n\u003c/table\u003e\n\u003c/body\u003e\u003cscript type=\"text/javascript\"\u003e\n\t\t\t\tfunction changeImage(attElement, nameElement) {\n\t\t\t\tdocument.getElementById('imageAttachment').src = attElement;\n\t\t\t\tdocument.getElementById('imageName').innerHTML = nameElement;}\n\t\t\t\u003c/script\u003e\u003c/html\u003e\n","FID_active_grids":125,"GridID":"O62","Shape_Length":1.4129540058394672e-05,"Shape_Area":7.2759791359963009e-12}},{"type":"Feature","id":19843,"geometry":{"type":"Polygon","coordinates":[[[115.86959322200005,-7.1553241649999677],[115.86959055300008,-7.1553241929999558],[115.86959061000005,-7.1553295399999683],[115.86959322200005,-7.1553241649999677]]]},"properties":{"OBJECTID":19843,"FID_mangrove_utm":19786,"OBJECTID_1":19786,"Name":"18102566,9293","FolderPath":"JATIM/JATIM","SymbolID":0,"AltMode":0,"Base":0,"Clamped":-1,"Extruded":0,"Snippet":"","PopupInfo":"\u003chtml xmlns:fo=\"http://www.w3.org/1999/XSL/Format\" xmlns:msxsl=\"urn:schemas-microsoft-com:xslt\"\u003e\n\u003chead\u003e\n\u003cMETA http-equiv=\"Content-Type\" content=\"text/html\"\u003e\n\u003cmeta http-equiv=\"content-type\" content=\"text/html; charset=UTF-8\"\u003e\n\u003c/head\u003e\n\u003cbody style=\"margin:0px 0px 0px 0px;overflow:auto;background:#FFFFFF;\"\u003e\n\u003ctable style=\"font-family:Arial,Verdana,Times;font-size:12px;text-align:left;width:100%;border-collapse:collapse;padding:3px 3px 3px 3px\"\u003e\n\u003ctr style=\"text-align:center;font-weight:bold;background:#9CBCE2\"\u003e\n\u003ctd\u003e18102566,9293\u003c/td\u003e\n\u003c/tr\u003e\n\u003ctr\u003e\n\u003ctd\u003e\n\u003ctable style=\"font-family:Arial,Verdana,Times;font-size:12px;text-align:left;width:100%;border-spacing:0px; padding:3px 3px 3px 3px\"\u003e\n\u003ctr\u003e\n\u003ctd\u003eFID\u003c/td\u003e\n\u003ctd\u003e0\u003c/td\u003e\n\u003c/tr\u003e\n\u003ctr bgcolor=\"#D4E4F3\"\u003e\n\u003ctd\u003eShape_Leng\u003c/td\u003e\n\u003ctd\u003e18102566,9293\u003c/td\u003e\n\u003c/tr\u003e\n\u003c/table\u003e\n\u003c/td\u003e\n\u003c/tr\u003e\n\u003c/table\u003e\n\u003c/body\u003e\u003cscript type=\"text/javascript\"\u003e\n\t\t\t\tfunction changeImage(attElement, nameElement) {\n\t\t\t\tdocument.getElementById('imageAttachment').src = attElement;\n\t\t\t\tdocument.getElementById('imageName').innerHTML = nameElement;}\n\t\t\t\u003c/script\u003e\u003c/html\u003e\n","FID_active_grids":125,"GridID":"O62","Shape_Length":1.3992500271463636e-05,"Shape_Area":7.1363694319361464e-12}},{"type":"Feature","id":19869,"geometry":{"type":"Polygon","coordinates":[[[115.83768636000002,-7.1552916679999612],[115.83768607500008,-7.1552646269999514],[115.83767705000002,-7.1552647219999699],[115.83767733600007,-7.1552917629999797],[115.83768636000002,-7.1552916679999612]]]},"properties":{"OBJECTID":19869,"FID_mangrove_utm":19812,"OBJECTID_1":19812,"Name":"18102566,9293","FolderPath":"JATIM/JATIM","SymbolID":0,"AltMode":0,"Base":0,"Clamped":-1,"Extruded":0,"Snippet":"","PopupInfo":"\u003chtml xmlns:fo=\"http://www.w3.org/1999/XSL/Format\" xmlns:msxsl=\"urn:schemas-microsoft-com:xslt\"\u003e\n\u003chead\u003e\n\u003cMETA http-equiv=\"Content-Type\" content=\"text/html\"\u003e\n\u003cmeta http-equiv=\"content-type\" content=\"text/html; charset=UTF-8\"\u003e\n\u003c/head\u003e\n\u003cbody style=\"margin:0px 0px 0px 0px;overflow:auto;background:#FFFFFF;\"\u003e\n\u003ctable style=\"font-family:Arial,Verdana,Times;font-size:12px;text-align:left;width:100%;border-collapse:collapse;padding:3px 3px 3px 3px\"\u003e\n\u003ctr style=\"text-align:center;font-weight:bold;background:#9CBCE2\"\u003e\n\u003ctd\u003e18102566,9293\u003c/td\u003e\n\u003c/tr\u003e\n\u003ctr\u003e\n\u003ctd\u003e\n\u003ctable style=\"font-family:Arial,Verdana,Times;font-size:12px;text-align:left;width:100%;border-spacing:0px; padding:3px 3px 3px 3px\"\u003e\n\u003ctr\u003e\n\u003ctd\u003eFID\u003c/td\u003e\n\u003ctd\u003e0\u003c/td\u003e\n\u003c/tr\u003e\n\u003ctr bgcolor=\"#D4E4F3\"\u003e\n\u003ctd\u003eShape_Leng\u003c/td\u003e\n\u003ctd\u003e18102566,9293\u003c/td\u003e\n\u003c/tr\u003e\n\u003c/table\u003e\n\u003c/td\u003e\n\u003c/tr\u003e\n\u003c/table\u003e\n\u003c/body\u003e\u003cscript type=\"text/javascript\"\u003e\n\t\t\t\tfunction changeImage(attElement, nameElement) {\n\t\t\t\tdocument.getElementById('imageAttachment').src = attElement;\n\t\t\t\tdocument.getElementById('imageName').innerHTML = nameElement;}\n\t\t\t\u003c/script\u003e\u003c/html\u003e\n","FID_active_grids":125,"GridID":"O62","Shape_Length":7.2135014298502391e-05,"Shape_Area":2.4405862715819751e-10}},{"type":"Feature","id":19871,"geometry":{"type":"Polygon","coordinates":[[[115.86992867300012,-7.1548699059999308],[115.86982941000008,-7.1548709589999362],[115.86982950600009,-7.1548799719999465],[115.86981145800007,-7.154880162999973],[115.86981155400008,-7.1548891759999265],[115.86979350600006,-7.1548893669999529],[115.86979360200007,-7.1548983799999633],[115.86978457800001,-7.1548984759999712],[115.86978467400002,-7.1549074889999815],[115.86977565000007,-7.1549075849999326],[115.86977574500008,-7.154916597999943],[115.86976672200001,-7.1549166929999615],[115.86976681700003,-7.1549257059999718],[115.86973974600005,-7.1549259929999494],[115.86973984100007,-7.1549350059999597],[115.86972179400004,-7.1549351979999756],[115.86972198500007,-7.1549532239999394],[115.869712961,-7.1549533189999579],[115.86971305700001,-7.1549623319999682],[115.86969500900011,-7.1549625239999273],[115.86969510500001,-7.1549715369999376],[115.86968608100005,-7.1549716319999561],[115.86968617700006,-7.1549806449999664],[115.86967715300011,-7.1549807409999744],[115.86967734400002,-7.1549987669999382],[115.86966832100006,-7.1549988629999461],[115.86966841600008,-7.1550078759999565],[115.86965939200002,-7.155007970999975],[115.86965948800002,-7.1550169839999285],[115.86965046400007,-7.1550170799999364],[115.86965056000008,-7.1550260929999467],[115.86964153600002,-7.1550261889999547],[115.86964163200003,-7.155035201999965],[115.86963260800007,-7.1550352969999267],[115.86963289500011,-7.1550623369999471],[115.86962387100004,-7.1550624319999656],[115.86962406300006,-7.1550804579999294],[115.86961503900011,-7.1550805539999374],[115.86961523100001,-7.155098579999958],[115.86960620700006,-7.155098675999966],[115.86960630200008,-7.1551076889999763],[115.86959727800001,-7.155107783999938],[115.86959737400002,-7.1551167969999483],[115.86958835000007,-7.1551168929999562],[115.8695886380001,-7.1551439319999304],[115.86957961400003,-7.1551440279999383],[115.86958038000012,-7.1552161319999641],[115.86958940400007,-7.1552160359999561],[115.8695896910001,-7.1552430759999766],[115.86959871500005,-7.1552429799999686],[115.86959944200009,-7.1553113659999781],[115.86960018200011,-7.1553098419999515],[115.86965434100011,-7.1551255819999255],[115.86979036500009,-7.1549790109999662],[115.86989752600005,-7.1549262119999639],[115.87001509900006,-7.154958507999936],[115.87011425200001,-7.1550763519999805],[115.87007950000009,-7.1554549199999542],[115.87008041400009,-7.1554722389999483],[115.87008849600011,-7.1554721529999483],[115.8700884000001,-7.155463139999938],[115.87009742400005,-7.1554630449999763],[115.87009732800004,-7.155454031999966],[115.87010635200011,-7.155453935999958],[115.8701062560001,-7.1554449229999477],[115.87009723300002,-7.1554450189999557],[115.87009713700002,-7.1554360059999453],[115.87010616100008,-7.1554359099999374],[115.87010606500007,-7.1554268969999271],[115.87011508900002,-7.155426800999976],[115.87011470600009,-7.1553907489999347],[115.87012373000005,-7.155390653999973],[115.87012363400004,-7.1553816409999627],[115.8701326580001,-7.1553815449999547],[115.87013256200009,-7.1553725319999444],[115.87014158600005,-7.1553724359999364],[115.87014149000004,-7.1553634229999261],[115.8701505140001,-7.155363326999975],[115.87015041800009,-7.1553543139999647],[115.87015944200004,-7.1553542189999462],[115.87015925100002,-7.1553361929999255],[115.87016827400009,-7.1553360969999744],[115.87016808300007,-7.1553180709999538],[115.87017710700002,-7.1553179749999458],[115.87017681900011,-7.1552909359999717],[115.87018584300006,-7.1552908409999532],[115.87018546000002,-7.1552547879999793],[115.87019448400008,-7.1552546929999608],[115.87019352600009,-7.1551645619999249],[115.87020255000004,-7.1551644669999632],[115.87020245400004,-7.1551554539999529],[115.8702114780001,-7.155155357999945],[115.8702104250001,-7.155056214999945],[115.87020140100003,-7.1550563099999636],[115.87020092200009,-7.1550112449999688],[115.87019189800003,-7.1550113409999767],[115.8701915150001,-7.1549752889999354],[115.87018249100004,-7.1549753839999539],[115.87018239500003,-7.1549663709999436],[115.87017337200007,-7.1549664669999515],[115.87017327600006,-7.1549574539999412],[115.87016425200011,-7.1549575499999492],[115.87016406000009,-7.1549395239999285],[115.87015503600003,-7.154939618999947],[115.87015494100001,-7.1549306059999367],[115.87014591700006,-7.1549307019999446],[115.87014582100005,-7.1549216889999343],[115.87012777300004,-7.1549218799999608],[115.87012767700003,-7.1549128669999504],[115.87010060600005,-7.154913153999928],[115.87010051000004,-7.1549041409999745],[115.87008246200003,-7.1549043319999441],[115.87008236600002,-7.1548953189999338],[115.87003724700003,-7.1548957979999273],[115.87003715100002,-7.1548867849999738],[115.86995593600011,-7.1548876449999739],[115.8699558400001,-7.1548786319999635],[115.86992876900001,-7.1548789189999411],[115.86992867300012,-7.1548699059999308]]]},"properties":{"OBJECTID":19871,"FID_mangrove_utm":19814,"OBJECTID_1":19814,"Name":"18102566,9293","FolderPath":"JATIM/JATIM","SymbolID":0,"AltMode":0,"Base":0,"Clamped":-1,"Extruded":0,"Snippet":"","PopupInfo":"\u003chtml xmlns:fo=\"http://www.w3.org/1999/XSL/Format\" xmlns:msxsl=\"urn:schemas-microsoft-com:xslt\"\u003e\n\u003chead\u003e\n\u003cMETA http-equiv=\"Content-Type\" content=\"text/html\"\u003e\n\u003cmeta http-equiv=\"content-type\" content=\"text/html; charset=UTF-8\"\u003e\n\u003c/head\u003e\n\u003cbody style=\"margin:0px 0px 0px 0px;overflow:auto;background:#FFFFFF;\"\u003e\n\u003ctable style=\"font-family:Arial,Verdana,Times;font-size:12px;text-align:left;width:100%;border-collapse:collapse;padding:3px 3px 3px 3px\"\u003e\n\u003ctr style=\"text-align:center;font-weight:bold;background:#9CBCE2\"\u003e\n\u003ctd\u003e18102566,9293\u003c/td\u003e\n\u003c/tr\u003e\n\u003ctr\u003e\n\u003ctd\u003e\n\u003ctable style=\"font-family:Arial,Verdana,Times;font-size:12px;text-align:left;width:100%;border-spacing:0px; padding:3px 3px 3px 3px\"\u003e\n\u003ctr\u003e\n\u003ctd\u003eFID\u003c/td\u003e\n\u003ctd\u003e0\u003c/td\u003e\n\u003c/tr\u003e\n\u003ctr bgcolor=\"#D4E4F3\"\u003e\n\u003ctd\u003eShape_Leng\u003c/td\u003e\n\u003ctd\u003e18102566,9293\u003c/td\u003e\n\u003c/tr\u003e\n\u003c/table\u003e\n\u003c/td\u003e\n\u003c/tr\u003e\n\u003c/table\u003e\n\u003c/body\u003e\u003cscript type=\"text/javascript\"\u003e\n\t\t\t\tfunction changeImage(attElement, nameElement) {\n\t\t\t\tdocument.getElementById('imageAttachment').src = attElement;\n\t\t\t\tdocument.getElementById('imageName').innerHTML = nameElement;}\n\t\t\t\u003c/script\u003e\u003c/html\u003e\n","FID_active_grids":125,"GridID":"O62","Shape_Length":0.0030306938124728898,"Shape_Area":9.2147972755447593e-08}},{"type":"Feature","id":19943,"geometry":{"type":"Polygon","coordinates":[[[115.87609798800008,-7.1536739739999575],[115.87609841100004,-7.1537137769999504],[115.87610743500011,-7.1537136809999424],[115.87610810600006,-7.1537767719999579],[115.87611713000001,-7.1537766759999499],[115.87611751400004,-7.1538127279999344],[115.87612653700012,-7.1538126319999265],[115.87612663300001,-7.1538216449999368],[115.87614468100003,-7.1538214539999672],[115.87614487300004,-7.153839479999931],[115.87615389600001,-7.1538393839999799],[115.87615399200001,-7.1538483969999334],[115.87616301600008,-7.1538483009999254],[115.87616311200009,-7.1538573139999357],[115.87617213600004,-7.1538572179999278],[115.87617223200004,-7.1538662309999381],[115.87619027900007,-7.1538660399999685],[115.87619037500008,-7.1538750529999788],[115.87619939900003,-7.1538749569999709],[115.87619959100005,-7.1538929829999347],[115.87623568600009,-7.1538925999999492],[115.87623578200009,-7.1539016129999595],[115.87624480500006,-7.1539015169999516],[115.87624490100006,-7.1539105299999619],[115.87625392500001,-7.153910433999954],[115.87625402100002,-7.1539194469999643],[115.87627206800005,-7.1539192559999378],[115.87627216400006,-7.1539282689999482],[115.87628118800001,-7.1539281729999402],[115.87628128400002,-7.1539371859999505],[115.87629009700004,-7.1539370919999783],[115.87609798800008,-7.1536739739999575]],[[115.87613536900005,-7.1537945109999441],[115.87614439300012,-7.1537944149999362],[115.87614448900001,-7.1538034279999465],[115.87613546500006,-7.1538035239999545],[115.87613536900005,-7.1537945109999441]],[[115.87615360900008,-7.1538123449999489],[115.87616263200005,-7.1538122489999409],[115.87616272800005,-7.1538212619999513],[115.87615370500009,-7.1538213579999592],[115.87615360900008,-7.1538123449999489]],[[115.87619920700001,-7.1538569309999502],[115.87620823100008,-7.1538568349999423],[115.87620832700009,-7.1538658479999526],[115.87619930300002,-7.1538659439999606],[115.87619920700001,-7.1538569309999502]]]},"properties":{"OBJECTID":19943,"FID_mangrove_utm":19886,"OBJECTID_1":19886,"Name":"18102566,9293","FolderPath":"JATIM/JATIM","SymbolID":0,"AltMode":0,"Base":0,"Clamped":-1,"Extruded":0,"Snippet":"","PopupInfo":"\u003chtml xmlns:fo=\"http://www.w3.org/1999/XSL/Format\" xmlns:msxsl=\"urn:schemas-microsoft-com:xslt\"\u003e\n\u003chead\u003e\n\u003cMETA http-equiv=\"Content-Type\" content=\"text/html\"\u003e\n\u003cmeta http-equiv=\"content-type\" content=\"text/html; charset=UTF-8\"\u003e\n\u003c/head\u003e\n\u003cbody style=\"margin:0px 0px 0px 0px;overflow:auto;background:#FFFFFF;\"\u003e\n\u003ctable style=\"font-family:Arial,Verdana,Times;font-size:12px;text-align:left;width:100%;border-collapse:collapse;padding:3px 3px 3px 3px\"\u003e\n\u003ctr style=\"text-align:center;font-weight:bold;background:#9CBCE2\"\u003e\n\u003ctd\u003e18102566,9293\u003c/td\u003e\n\u003c/tr\u003e\n\u003ctr\u003e\n\u003ctd\u003e\n\u003ctable style=\"font-family:Arial,Verdana,Times;font-size:12px;text-align:left;width:100%;border-spacing:0px; padding:3px 3px 3px 3px\"\u003e\n\u003ctr\u003e\n\u003ctd\u003eFID\u003c/td\u003e\n\u003ctd\u003e0\u003c/td\u003e\n\u003c/tr\u003e\n\u003ctr bgcolor=\"#D4E4F3\"\u003e\n\u003ctd\u003eShape_Leng\u003c/td\u003e\n\u003ctd\u003e18102566,9293\u003c/td\u003e\n\u003c/tr\u003e\n\u003c/table\u003e\n\u003c/td\u003e\n\u003c/tr\u003e\n\u003c/table\u003e\n\u003c/body\u003e\u003cscript type=\"text/javascript\"\u003e\n\t\t\t\tfunction changeImage(attElement, nameElement) {\n\t\t\t\tdocument.getElementById('imageAttachment').src = attElement;\n\t\t\t\tdocument.getElementById('imageName').innerHTML = nameElement;}\n\t\t\t\u003c/script\u003e\u003c/html\u003e\n","FID_active_grids":125,"GridID":"O62","Shape_Length":0.00088845348426302149,"Shape_Area":1.1186486298517904e-08}},{"type":"Feature","id":19944,"geometry":{"type":"Polygon","coordinates":[[[115.87609417500005,-7.1536687519999305],[115.87608883000007,-7.1536614309999322],[115.87608890800004,-7.1536688079999635],[115.87609417500005,-7.1536687519999305]]]},"properties":{"OBJECTID":19944,"FID_mangrove_utm":19887,"OBJECTID_1":19887,"Name":"18102566,9293","FolderPath":"JATIM/JATIM","SymbolID":0,"AltMode":0,"Base":0,"Clamped":-1,"Extruded":0,"Snippet":"","PopupInfo":"\u003chtml xmlns:fo=\"http://www.w3.org/1999/XSL/Format\" xmlns:msxsl=\"urn:schemas-microsoft-com:xslt\"\u003e\n\u003chead\u003e\n\u003cMETA http-equiv=\"Content-Type\" content=\"text/html\"\u003e\n\u003cmeta http-equiv=\"content-type\" content=\"text/html; charset=UTF-8\"\u003e\n\u003c/head\u003e\n\u003cbody style=\"margin:0px 0px 0px 0px;overflow:auto;background:#FFFFFF;\"\u003e\n\u003ctable style=\"font-family:Arial,Verdana,Times;font-size:12px;text-align:left;width:100%;border-collapse:collapse;padding:3px 3px 3px 3px\"\u003e\n\u003ctr style=\"text-align:center;font-weight:bold;background:#9CBCE2\"\u003e\n\u003ctd\u003e18102566,9293\u003c/td\u003e\n\u003c/tr\u003e\n\u003ctr\u003e\n\u003ctd\u003e\n\u003ctable style=\"font-family:Arial,Verdana,Times;font-size:12px;text-align:left;width:100%;border-spacing:0px; padding:3px 3px 3px 3px\"\u003e\n\u003ctr\u003e\n\u003ctd\u003eFID\u003c/td\u003e\n\u003ctd\u003e0\u003c/td\u003e\n\u003c/tr\u003e\n\u003ctr bgcolor=\"#D4E4F3\"\u003e\n\u003ctd\u003eShape_Leng\u003c/td\u003e\n\u003ctd\u003e18102566,9293\u003c/td\u003e\n\u003c/tr\u003e\n\u003c/table\u003e\n\u003c/td\u003e\n\u003c/tr\u003e\n\u003c/table\u003e\n\u003c/body\u003e\u003cscript type=\"text/javascript\"\u003e\n\t\t\t\tfunction changeImage(attElement, nameElement) {\n\t\t\t\tdocument.getElementById('imageAttachment').src = attElement;\n\t\t\t\tdocument.getElementById('imageName').innerHTML = nameElement;}\n\t\t\t\u003c/script\u003e\u003c/html\u003e\n","FID_active_grids":125,"GridID":"O62","Shape_Length":2.1709260028892846e-05,"Shape_Area":1.9429513604678034e-11}},{"type":"Feature","id":19947,"geometry":{"type":"Polygon","coordinates":[[[115.8760876450001,-7.1536598079999294],[115.87607967100007,-7.1536488869999744],[115.87607978900007,-7.1536598909999611],[115.8760876450001,-7.1536598079999294]]]},"properties":{"OBJECTID":19947,"FID_mangrove_utm":19890,"OBJECTID_1":19890,"Name":"18102566,9293","FolderPath":"JATIM/JATIM","SymbolID":0,"AltMode":0,"Base":0,"Clamped":-1,"Extruded":0,"Snippet":"","PopupInfo":"\u003chtml xmlns:fo=\"http://www.w3.org/1999/XSL/Format\" xmlns:msxsl=\"urn:schemas-microsoft-com:xslt\"\u003e\n\u003chead\u003e\n\u003cMETA http-equiv=\"Content-Type\" content=\"text/html\"\u003e\n\u003cmeta http-equiv=\"content-type\" content=\"text/html; charset=UTF-8\"\u003e\n\u003c/head\u003e\n\u003cbody style=\"margin:0px 0px 0px 0px;overflow:auto;background:#FFFFFF;\"\u003e\n\u003ctable style=\"font-family:Arial,Verdana,Times;font-size:12px;text-align:left;width:100%;border-collapse:collapse;padding:3px 3px 3px 3px\"\u003e\n\u003ctr style=\"text-align:center;font-weight:bold;background:#9CBCE2\"\u003e\n\u003ctd\u003e18102566,9293\u003c/td\u003e\n\u003c/tr\u003e\n\u003ctr\u003e\n\u003ctd\u003e\n\u003ctable style=\"font-family:Arial,Verdana,Times;font-size:12px;text-align:left;width:100%;border-spacing:0px; padding:3px 3px 3px 3px\"\u003e\n\u003ctr\u003e\n\u003ctd\u003eFID\u003c/td\u003e\n\u003ctd\u003e0\u003c/td\u003e\n\u003c/tr\u003e\n\u003ctr bgcolor=\"#D4E4F3\"\u003e\n\u003ctd\u003eShape_Leng\u003c/td\u003e\n\u003ctd\u003e18102566,9293\u003c/td\u003e\n\u003c/tr\u003e\n\u003c/table\u003e\n\u003c/td\u003e\n\u003c/tr\u003e\n\u003c/table\u003e\n\u003c/body\u003e\u003cscript type=\"text/javascript\"\u003e\n\t\t\t\tfunction changeImage(attElement, nameElement) {\n\t\t\t\tdocument.getElementById('imageAttachment').src = attElement;\n\t\t\t\tdocument.getElementById('imageName').innerHTML = nameElement;}\n\t\t\t\u003c/script\u003e\u003c/html\u003e\n","FID_active_grids":125,"GridID":"O62","Shape_Length":3.2383382916564543e-05,"Shape_Area":4.3228609086081863e-11}},{"type":"Feature","id":19971,"geometry":{"type":"Polygon","coordinates":[[[115.83760692300007,-7.1537510299999667],[115.83760673300003,-7.1537330029999566],[115.83759770800009,-7.1537330979999751],[115.83759789900012,-7.1537511249999284],[115.83760692300007,-7.1537510299999667]]]},"properties":{"OBJECTID":19971,"FID_mangrove_utm":19914,"OBJECTID_1":19914,"Name":"18102566,9293","FolderPath":"JATIM/JATIM","SymbolID":0,"AltMode":0,"Base":0,"Clamped":-1,"Extruded":0,"Snippet":"","PopupInfo":"\u003chtml xmlns:fo=\"http://www.w3.org/1999/XSL/Format\" xmlns:msxsl=\"urn:schemas-microsoft-com:xslt\"\u003e\n\u003chead\u003e\n\u003cMETA http-equiv=\"Content-Type\" content=\"text/html\"\u003e\n\u003cmeta http-equiv=\"content-type\" content=\"text/html; charset=UTF-8\"\u003e\n\u003c/head\u003e\n\u003cbody style=\"margin:0px 0px 0px 0px;overflow:auto;background:#FFFFFF;\"\u003e\n\u003ctable style=\"font-family:Arial,Verdana,Times;font-size:12px;text-align:left;width:100%;border-collapse:collapse;padding:3px 3px 3px 3px\"\u003e\n\u003ctr style=\"text-align:center;font-weight:bold;background:#9CBCE2\"\u003e\n\u003ctd\u003e18102566,9293\u003c/td\u003e\n\u003c/tr\u003e\n\u003ctr\u003e\n\u003ctd\u003e\n\u003ctable style=\"font-family:Arial,Verdana,Times;font-size:12px;text-align:left;width:100%;border-spacing:0px; padding:3px 3px 3px 3px\"\u003e\n\u003ctr\u003e\n\u003ctd\u003eFID\u003c/td\u003e\n\u003ctd\u003e0\u003c/td\u003e\n\u003c/tr\u003e\n\u003ctr bgcolor=\"#D4E4F3\"\u003e\n\u003ctd\u003eShape_Leng\u003c/td\u003e\n\u003ctd\u003e18102566,9293\u003c/td\u003e\n\u003c/tr\u003e\n\u003c/table\u003e\n\u003c/td\u003e\n\u003c/tr\u003e\n\u003c/table\u003e\n\u003c/body\u003e\u003cscript type=\"text/javascript\"\u003e\n\t\t\t\tfunction changeImage(attElement, nameElement) {\n\t\t\t\tdocument.getElementById('imageAttachment').src = attElement;\n\t\t\t\tdocument.getElementById('imageName').innerHTML = nameElement;}\n\t\t\t\u003c/script\u003e\u003c/html\u003e\n","FID_active_grids":125,"GridID":"O62","Shape_Length":5.4106012945605132e-05,"Shape_Area":1.6270275785409014e-10}},{"type":"Feature","id":19995,"geometry":{"type":"Polygon","coordinates":[[[115.87530497000012,-7.1529349659999752],[115.87530509800001,-7.1529469919999542],[115.87531412200008,-7.1529468969999357],[115.87531421800009,-7.152955909999946],[115.87533226500011,-7.1529557179999301],[115.87533236100001,-7.1529647309999405],[115.87534138500007,-7.1529646349999325],[115.87534148100008,-7.1529736479999428],[115.87535050400004,-7.1529735529999812],[115.87535060000005,-7.1529825659999346],[115.87535962400011,-7.1529824699999267],[115.87535972000001,-7.152991482999937],[115.87537776700003,-7.152991290999978],[115.87537786300004,-7.1530003039999315],[115.8753868870001,-7.1530002089999698],[115.87538698300011,-7.1530092219999801],[115.87541341200006,-7.1530089409999391],[115.8753695580001,-7.1529723939999599],[115.87530497000012,-7.1529349659999752]]]},"properties":{"OBJECTID":19995,"FID_mangrove_utm":19938,"OBJECTID_1":19938,"Name":"18102566,9293","FolderPath":"JATIM/JATIM","SymbolID":0,"AltMode":0,"Base":0,"Clamped":-1,"Extruded":0,"Snippet":"","PopupInfo":"\u003chtml xmlns:fo=\"http://www.w3.org/1999/XSL/Format\" xmlns:msxsl=\"urn:schemas-microsoft-com:xslt\"\u003e\n\u003chead\u003e\n\u003cMETA http-equiv=\"Content-Type\" content=\"text/html\"\u003e\n\u003cmeta http-equiv=\"content-type\" content=\"text/html; charset=UTF-8\"\u003e\n\u003c/head\u003e\n\u003cbody style=\"margin:0px 0px 0px 0px;overflow:auto;background:#FFFFFF;\"\u003e\n\u003ctable style=\"font-family:Arial,Verdana,Times;font-size:12px;text-align:left;width:100%;border-collapse:collapse;padding:3px 3px 3px 3px\"\u003e\n\u003ctr style=\"text-align:center;font-weight:bold;background:#9CBCE2\"\u003e\n\u003ctd\u003e18102566,9293\u003c/td\u003e\n\u003c/tr\u003e\n\u003ctr\u003e\n\u003ctd\u003e\n\u003ctable style=\"font-family:Arial,Verdana,Times;font-size:12px;text-align:left;width:100%;border-spacing:0px; padding:3px 3px 3px 3px\"\u003e\n\u003ctr\u003e\n\u003ctd\u003eFID\u003c/td\u003e\n\u003ctd\u003e0\u003c/td\u003e\n\u003c/tr\u003e\n\u003ctr bgcolor=\"#D4E4F3\"\u003e\n\u003ctd\u003eShape_Leng\u003c/td\u003e\n\u003ctd\u003e18102566,9293\u003c/td\u003e\n\u003c/tr\u003e\n\u003c/table\u003e\n\u003c/td\u003e\n\u003c/tr\u003e\n\u003c/table\u003e\n\u003c/body\u003e\u003cscript type=\"text/javascript\"\u003e\n\t\t\t\tfunction changeImage(attElement, nameElement) {\n\t\t\t\tdocument.getElementById('imageAttachment').src = attElement;\n\t\t\t\tdocument.getElementById('imageName').innerHTML = nameElement;}\n\t\t\t\u003c/script\u003e\u003c/html\u003e\n","FID_active_grids":125,"GridID":"O62","Shape_Length":0.00031450465766873936,"Shape_Area":1.4747078739931964e-09}},{"type":"Feature","id":20011,"geometry":{"type":"Polygon","coordinates":[[[115.87512335500003,-7.152829722999968],[115.87512347200004,-7.1528407509999283],[115.87513249600011,-7.1528406559999667],[115.87513259200011,-7.152849668999977],[115.87515063900003,-7.1528494769999611],[115.87515073500003,-7.1528584899999714],[115.8751597590001,-7.1528583949999529],[115.87515985500011,-7.1528674069999738],[115.87517790200002,-7.1528672159999473],[115.87517799800003,-7.1528762289999577],[115.87519604600004,-7.1528760379999312],[115.87519623700007,-7.1528940629999624],[115.87522330900003,-7.152893775999928],[115.87522340500004,-7.1529027889999384],[115.87524145200007,-7.1529025979999687],[115.87524154800008,-7.1529116109999791],[115.8752642500001,-7.1529113699999698],[115.87512335500003,-7.152829722999968]]]},"properties":{"OBJECTID":20011,"FID_mangrove_utm":19954,"OBJECTID_1":19954,"Name":"18102566,9293","FolderPath":"JATIM/JATIM","SymbolID":0,"AltMode":0,"Base":0,"Clamped":-1,"Extruded":0,"Snippet":"","PopupInfo":"\u003chtml xmlns:fo=\"http://www.w3.org/1999/XSL/Format\" xmlns:msxsl=\"urn:schemas-microsoft-com:xslt\"\u003e\n\u003chead\u003e\n\u003cMETA http-equiv=\"Content-Type\" content=\"text/html\"\u003e\n\u003cmeta http-equiv=\"content-type\" content=\"text/html; charset=UTF-8\"\u003e\n\u003c/head\u003e\n\u003cbody style=\"margin:0px 0px 0px 0px;overflow:auto;background:#FFFFFF;\"\u003e\n\u003ctable style=\"font-family:Arial,Verdana,Times;font-size:12px;text-align:left;width:100%;border-collapse:collapse;padding:3px 3px 3px 3px\"\u003e\n\u003ctr style=\"text-align:center;font-weight:bold;background:#9CBCE2\"\u003e\n\u003ctd\u003e18102566,9293\u003c/td\u003e\n\u003c/tr\u003e\n\u003ctr\u003e\n\u003ctd\u003e\n\u003ctable style=\"font-family:Arial,Verdana,Times;font-size:12px;text-align:left;width:100%;border-spacing:0px; padding:3px 3px 3px 3px\"\u003e\n\u003ctr\u003e\n\u003ctd\u003eFID\u003c/td\u003e\n\u003ctd\u003e0\u003c/td\u003e\n\u003c/tr\u003e\n\u003ctr bgcolor=\"#D4E4F3\"\u003e\n\u003ctd\u003eShape_Leng\u003c/td\u003e\n\u003ctd\u003e18102566,9293\u003c/td\u003e\n\u003c/tr\u003e\n\u003c/table\u003e\n\u003c/td\u003e\n\u003c/tr\u003e\n\u003c/table\u003e\n\u003c/body\u003e\u003cscript type=\"text/javascript\"\u003e\n\t\t\t\tfunction changeImage(attElement, nameElement) {\n\t\t\t\tdocument.getElementById('imageAttachment').src = attElement;\n\t\t\t\tdocument.getElementById('imageName').innerHTML = nameElement;}\n\t\t\t\u003c/script\u003e\u003c/html\u003e\n","FID_active_grids":125,"GridID":"O62","Shape_Length":0.00038599591227363644,"Shape_Area":1.427998392921139e-09}},{"type":"Feature","id":20018,"geometry":{"type":"Polygon","coordinates":[[[115.87511149500006,-7.1528228509999394],[115.87510519300008,-7.1528191989999641],[115.87510523300011,-7.1528229169999804],[115.87511149500006,-7.1528228509999394]]]},"properties":{"OBJECTID":20018,"FID_mangrove_utm":19961,"OBJECTID_1":19961,"Name":"18102566,9293","FolderPath":"JATIM/JATIM","SymbolID":0,"AltMode":0,"Base":0,"Clamped":-1,"Extruded":0,"Snippet":"","PopupInfo":"\u003chtml xmlns:fo=\"http://www.w3.org/1999/XSL/Format\" xmlns:msxsl=\"urn:schemas-microsoft-com:xslt\"\u003e\n\u003chead\u003e\n\u003cMETA http-equiv=\"Content-Type\" content=\"text/html\"\u003e\n\u003cmeta http-equiv=\"content-type\" content=\"text/html; charset=UTF-8\"\u003e\n\u003c/head\u003e\n\u003cbody style=\"margin:0px 0px 0px 0px;overflow:auto;background:#FFFFFF;\"\u003e\n\u003ctable style=\"font-family:Arial,Verdana,Times;font-size:12px;text-align:left;width:100%;border-collapse:collapse;padding:3px 3px 3px 3px\"\u003e\n\u003ctr style=\"text-align:center;font-weight:bold;background:#9CBCE2\"\u003e\n\u003ctd\u003e18102566,9293\u003c/td\u003e\n\u003c/tr\u003e\n\u003ctr\u003e\n\u003ctd\u003e\n\u003ctable style=\"font-family:Arial,Verdana,Times;font-size:12px;text-align:left;width:100%;border-spacing:0px; padding:3px 3px 3px 3px\"\u003e\n\u003ctr\u003e\n\u003ctd\u003eFID\u003c/td\u003e\n\u003ctd\u003e0\u003c/td\u003e\n\u003c/tr\u003e\n\u003ctr bgcolor=\"#D4E4F3\"\u003e\n\u003ctd\u003eShape_Leng\u003c/td\u003e\n\u003ctd\u003e18102566,9293\u003c/td\u003e\n\u003c/tr\u003e\n\u003c/table\u003e\n\u003c/td\u003e\n\u003c/tr\u003e\n\u003c/table\u003e\n\u003c/body\u003e\u003cscript type=\"text/javascript\"\u003e\n\t\t\t\tfunction changeImage(attElement, nameElement) {\n\t\t\t\tdocument.getElementById('imageAttachment').src = attElement;\n\t\t\t\tdocument.getElementById('imageName').innerHTML = nameElement;}\n\t\t\t\u003c/script\u003e\u003c/html\u003e\n","FID_active_grids":125,"GridID":"O62","Shape_Length":1.7264264422324808e-05,"Shape_Area":1.1642377946178848e-11}},{"type":"Feature","id":20023,"geometry":{"type":"Polygon","coordinates":[[[115.87505070900011,-7.152787625999963],[115.87505080300002,-7.1527964519999614],[115.8750598260001,-7.1527963569999429],[115.8750599220001,-7.1528053699999532],[115.87507797000001,-7.1528051779999373],[115.87507806600001,-7.1528141909999476],[115.87509621900006,-7.1528139989999318],[115.87505070900011,-7.152787625999963]]]},"properties":{"OBJECTID":20023,"FID_mangrove_utm":19966,"OBJECTID_1":19966,"Name":"18102566,9293","FolderPath":"JATIM/JATIM","SymbolID":0,"AltMode":0,"Base":0,"Clamped":-1,"Extruded":0,"Snippet":"","PopupInfo":"\u003chtml xmlns:fo=\"http://www.w3.org/1999/XSL/Format\" xmlns:msxsl=\"urn:schemas-microsoft-com:xslt\"\u003e\n\u003chead\u003e\n\u003cMETA http-equiv=\"Content-Type\" content=\"text/html\"\u003e\n\u003cmeta http-equiv=\"content-type\" content=\"text/html; charset=UTF-8\"\u003e\n\u003c/head\u003e\n\u003cbody style=\"margin:0px 0px 0px 0px;overflow:auto;background:#FFFFFF;\"\u003e\n\u003ctable style=\"font-family:Arial,Verdana,Times;font-size:12px;text-align:left;width:100%;border-collapse:collapse;padding:3px 3px 3px 3px\"\u003e\n\u003ctr style=\"text-align:center;font-weight:bold;background:#9CBCE2\"\u003e\n\u003ctd\u003e18102566,9293\u003c/td\u003e\n\u003c/tr\u003e\n\u003ctr\u003e\n\u003ctd\u003e\n\u003ctable style=\"font-family:Arial,Verdana,Times;font-size:12px;text-align:left;width:100%;border-spacing:0px; padding:3px 3px 3px 3px\"\u003e\n\u003ctr\u003e\n\u003ctd\u003eFID\u003c/td\u003e\n\u003ctd\u003e0\u003c/td\u003e\n\u003c/tr\u003e\n\u003ctr bgcolor=\"#D4E4F3\"\u003e\n\u003ctd\u003eShape_Leng\u003c/td\u003e\n\u003ctd\u003e18102566,9293\u003c/td\u003e\n\u003c/tr\u003e\n\u003c/table\u003e\n\u003c/td\u003e\n\u003c/tr\u003e\n\u003c/table\u003e\n\u003c/body\u003e\u003cscript type=\"text/javascript\"\u003e\n\t\t\t\tfunction changeImage(attElement, nameElement) {\n\t\t\t\tdocument.getElementById('imageAttachment').src = attElement;\n\t\t\t\tdocument.getElementById('imageName').innerHTML = nameElement;}\n\t\t\t\u003c/script\u003e\u003c/html\u003e\n","FID_active_grids":125,"GridID":"O62","Shape_Length":0.00012467944401291442,"Shape_Area":2.8189688996541349e-10}},{"type":"Feature","id":20025,"geometry":{"type":"Polygon","coordinates":[[[115.87505039200005,-7.1527874429999656],[115.87504162800008,-7.152782363999961],[115.87504168300006,-7.152787534999959],[115.87505039200005,-7.1527874429999656]]]},"properties":{"OBJECTID":20025,"FID_mangrove_utm":19968,"OBJECTID_1":19968,"Name":"18102566,9293","FolderPath":"JATIM/JATIM","SymbolID":0,"AltMode":0,"Base":0,"Clamped":-1,"Extruded":0,"Snippet":"","PopupInfo":"\u003chtml xmlns:fo=\"http://www.w3.org/1999/XSL/Format\" xmlns:msxsl=\"urn:schemas-microsoft-com:xslt\"\u003e\n\u003chead\u003e\n\u003cMETA http-equiv=\"Content-Type\" content=\"text/html\"\u003e\n\u003cmeta http-equiv=\"content-type\" content=\"text/html; charset=UTF-8\"\u003e\n\u003c/head\u003e\n\u003cbody style=\"margin:0px 0px 0px 0px;overflow:auto;background:#FFFFFF;\"\u003e\n\u003ctable style=\"font-family:Arial,Verdana,Times;font-size:12px;text-align:left;width:100%;border-collapse:collapse;padding:3px 3px 3px 3px\"\u003e\n\u003ctr style=\"text-align:center;font-weight:bold;background:#9CBCE2\"\u003e\n\u003ctd\u003e18102566,9293\u003c/td\u003e\n\u003c/tr\u003e\n\u003ctr\u003e\n\u003ctd\u003e\n\u003ctable style=\"font-family:Arial,Verdana,Times;font-size:12px;text-align:left;width:100%;border-spacing:0px; padding:3px 3px 3px 3px\"\u003e\n\u003ctr\u003e\n\u003ctd\u003eFID\u003c/td\u003e\n\u003ctd\u003e0\u003c/td\u003e\n\u003c/tr\u003e\n\u003ctr bgcolor=\"#D4E4F3\"\u003e\n\u003ctd\u003eShape_Leng\u003c/td\u003e\n\u003ctd\u003e18102566,9293\u003c/td\u003e\n\u003c/tr\u003e\n\u003c/table\u003e\n\u003c/td\u003e\n\u003c/tr\u003e\n\u003c/table\u003e\n\u003c/body\u003e\u003cscript type=\"text/javascript\"\u003e\n\t\t\t\tfunction changeImage(attElement, nameElement) {\n\t\t\t\tdocument.getElementById('imageAttachment').src = attElement;\n\t\t\t\tdocument.getElementById('imageName').innerHTML = nameElement;}\n\t\t\t\u003c/script\u003e\u003c/html\u003e\n","FID_active_grids":125,"GridID":"O62","Shape_Length":2.4010138517458932e-05,"Shape_Area":2.2519649452048057e-11}},{"type":"Feature","id":20028,"geometry":{"type":"Polygon","coordinates":[[[115.87503511700004,-7.1527785909999579],[115.87501438600009,-7.1527665779999552],[115.87501451600008,-7.1527788089999262],[115.87503511700004,-7.1527785909999579]]]},"properties":{"OBJECTID":20028,"FID_mangrove_utm":19971,"OBJECTID_1":19971,"Name":"18102566,9293","FolderPath":"JATIM/JATIM","SymbolID":0,"AltMode":0,"Base":0,"Clamped":-1,"Extruded":0,"Snippet":"","PopupInfo":"\u003chtml xmlns:fo=\"http://www.w3.org/1999/XSL/Format\" xmlns:msxsl=\"urn:schemas-microsoft-com:xslt\"\u003e\n\u003chead\u003e\n\u003cMETA http-equiv=\"Content-Type\" content=\"text/html\"\u003e\n\u003cmeta http-equiv=\"content-type\" content=\"text/html; charset=UTF-8\"\u003e\n\u003c/head\u003e\n\u003cbody style=\"margin:0px 0px 0px 0px;overflow:auto;background:#FFFFFF;\"\u003e\n\u003ctable style=\"font-family:Arial,Verdana,Times;font-size:12px;text-align:left;width:100%;border-collapse:collapse;padding:3px 3px 3px 3px\"\u003e\n\u003ctr style=\"text-align:center;font-weight:bold;background:#9CBCE2\"\u003e\n\u003ctd\u003e18102566,9293\u003c/td\u003e\n\u003c/tr\u003e\n\u003ctr\u003e\n\u003ctd\u003e\n\u003ctable style=\"font-family:Arial,Verdana,Times;font-size:12px;text-align:left;width:100%;border-spacing:0px; padding:3px 3px 3px 3px\"\u003e\n\u003ctr\u003e\n\u003ctd\u003eFID\u003c/td\u003e\n\u003ctd\u003e0\u003c/td\u003e\n\u003c/tr\u003e\n\u003ctr bgcolor=\"#D4E4F3\"\u003e\n\u003ctd\u003eShape_Leng\u003c/td\u003e\n\u003ctd\u003e18102566,9293\u003c/td\u003e\n\u003c/tr\u003e\n\u003c/table\u003e\n\u003c/td\u003e\n\u003c/tr\u003e\n\u003c/table\u003e\n\u003c/body\u003e\u003cscript type=\"text/javascript\"\u003e\n\t\t\t\tfunction changeImage(attElement, nameElement) {\n\t\t\t\tdocument.getElementById('imageAttachment').src = attElement;\n\t\t\t\tdocument.getElementById('imageName').innerHTML = nameElement;}\n\t\t\t\u003c/script\u003e\u003c/html\u003e\n","FID_active_grids":125,"GridID":"O62","Shape_Length":5.6793947022927237e-05,"Shape_Area":1.2599958495492271e-10}},{"type":"Feature","id":20036,"geometry":{"type":"Polygon","coordinates":[[[115.87497806300007,-7.152745528999958],[115.87497813300001,-7.1527521529999376],[115.87498715700008,-7.1527520579999759],[115.87498725300009,-7.1527610709999294],[115.87500456600003,-7.1527608869999426],[115.87500046200012,-7.1527585089999661],[115.87497806300007,-7.152745528999958]]]},"properties":{"OBJECTID":20036,"FID_mangrove_utm":19979,"OBJECTID_1":19979,"Name":"18102566,9293","FolderPath":"JATIM/JATIM","SymbolID":0,"AltMode":0,"Base":0,"Clamped":-1,"Extruded":0,"Snippet":"","PopupInfo":"\u003chtml xmlns:fo=\"http://www.w3.org/1999/XSL/Format\" xmlns:msxsl=\"urn:schemas-microsoft-com:xslt\"\u003e\n\u003chead\u003e\n\u003cMETA http-equiv=\"Content-Type\" content=\"text/html\"\u003e\n\u003cmeta http-equiv=\"content-type\" content=\"text/html; charset=UTF-8\"\u003e\n\u003c/head\u003e\n\u003cbody style=\"margin:0px 0px 0px 0px;overflow:auto;background:#FFFFFF;\"\u003e\n\u003ctable style=\"font-family:Arial,Verdana,Times;font-size:12px;text-align:left;width:100%;border-collapse:collapse;padding:3px 3px 3px 3px\"\u003e\n\u003ctr style=\"text-align:center;font-weight:bold;background:#9CBCE2\"\u003e\n\u003ctd\u003e18102566,9293\u003c/td\u003e\n\u003c/tr\u003e\n\u003ctr\u003e\n\u003ctd\u003e\n\u003ctable style=\"font-family:Arial,Verdana,Times;font-size:12px;text-align:left;width:100%;border-spacing:0px; padding:3px 3px 3px 3px\"\u003e\n\u003ctr\u003e\n\u003ctd\u003eFID\u003c/td\u003e\n\u003ctd\u003e0\u003c/td\u003e\n\u003c/tr\u003e\n\u003ctr bgcolor=\"#D4E4F3\"\u003e\n\u003ctd\u003eShape_Leng\u003c/td\u003e\n\u003ctd\u003e18102566,9293\u003c/td\u003e\n\u003c/tr\u003e\n\u003c/table\u003e\n\u003c/td\u003e\n\u003c/tr\u003e\n\u003c/table\u003e\n\u003c/body\u003e\u003cscript type=\"text/javascript\"\u003e\n\t\t\t\tfunction changeImage(attElement, nameElement) {\n\t\t\t\tdocument.getElementById('imageAttachment').src = attElement;\n\t\t\t\tdocument.getElementById('imageName').innerHTML = nameElement;}\n\t\t\t\u003c/script\u003e\u003c/html\u003e\n","FID_active_grids":125,"GridID":"O62","Shape_Length":7.2607669117857318e-05,"Shape_Area":1.2460434792133956e-10}},{"type":"Feature","id":20047,"geometry":{"type":"Polygon","coordinates":[[[115.87471472100003,-7.1525929279999332],[115.87471481400007,-7.1526017089999527],[115.87472383800002,-7.1526016129999448],[115.87472393400003,-7.1526106259999551],[115.8747329580001,-7.1526105299999472],[115.87473305300011,-7.1526195429999575],[115.87474207700006,-7.152619447999939],[115.87474217300007,-7.1526284609999493],[115.87475119700002,-7.1526283649999414],[115.87475129300003,-7.1526373779999517],[115.87476031600011,-7.1526372819999438],[115.87476041200011,-7.1526462949999541],[115.87476943600007,-7.1526461989999461],[115.87476962800008,-7.1526642249999668],[115.87478767500011,-7.1526640339999403],[115.87478777100011,-7.1526730469999507],[115.87479679500007,-7.1526729509999427],[115.87479689100007,-7.152681963999953],[115.87480591500002,-7.1526818679999451],[115.87480601000004,-7.1526908809999554],[115.87484210600007,-7.1526904979999699],[115.87484220100009,-7.1526995109999802],[115.87486024900011,-7.1526993199999538],[115.87486034500012,-7.1527083329999641],[115.87487839200003,-7.1527081409999482],[115.87487848800004,-7.1527171539999586],[115.8748875120001,-7.15271705899994],[115.87488760800011,-7.1527260719999504],[115.87492370300004,-7.1527256889999649],[115.87492379900004,-7.1527347019999752],[115.87495087000002,-7.1527344149999408],[115.87495096600003,-7.1527434279999511],[115.87497401400003,-7.1527431829999273],[115.87471472100003,-7.1525929279999332]]]},"properties":{"OBJECTID":20047,"FID_mangrove_utm":19990,"OBJECTID_1":19990,"Name":"18102566,9293","FolderPath":"JATIM/JATIM","SymbolID":0,"AltMode":0,"Base":0,"Clamped":-1,"Extruded":0,"Snippet":"","PopupInfo":"\u003chtml xmlns:fo=\"http://www.w3.org/1999/XSL/Format\" xmlns:msxsl=\"urn:schemas-microsoft-com:xslt\"\u003e\n\u003chead\u003e\n\u003cMETA http-equiv=\"Content-Type\" content=\"text/html\"\u003e\n\u003cmeta http-equiv=\"content-type\" content=\"text/html; charset=UTF-8\"\u003e\n\u003c/head\u003e\n\u003cbody style=\"margin:0px 0px 0px 0px;overflow:auto;background:#FFFFFF;\"\u003e\n\u003ctable style=\"font-family:Arial,Verdana,Times;font-size:12px;text-align:left;width:100%;border-collapse:collapse;padding:3px 3px 3px 3px\"\u003e\n\u003ctr style=\"text-align:center;font-weight:bold;background:#9CBCE2\"\u003e\n\u003ctd\u003e18102566,9293\u003c/td\u003e\n\u003c/tr\u003e\n\u003ctr\u003e\n\u003ctd\u003e\n\u003ctable style=\"font-family:Arial,Verdana,Times;font-size:12px;text-align:left;width:100%;border-spacing:0px; padding:3px 3px 3px 3px\"\u003e\n\u003ctr\u003e\n\u003ctd\u003eFID\u003c/td\u003e\n\u003ctd\u003e0\u003c/td\u003e\n\u003c/tr\u003e\n\u003ctr bgcolor=\"#D4E4F3\"\u003e\n\u003ctd\u003eShape_Leng\u003c/td\u003e\n\u003ctd\u003e18102566,9293\u003c/td\u003e\n\u003c/tr\u003e\n\u003c/table\u003e\n\u003c/td\u003e\n\u003c/tr\u003e\n\u003c/table\u003e\n\u003c/body\u003e\u003cscript type=\"text/javascript\"\u003e\n\t\t\t\tfunction changeImage(attElement, nameElement) {\n\t\t\t\tdocument.getElementById('imageAttachment').src = attElement;\n\t\t\t\tdocument.getElementById('imageName').innerHTML = nameElement;}\n\t\t\t\u003c/script\u003e\u003c/html\u003e\n","FID_active_grids":125,"GridID":"O62","Shape_Length":0.00071036135147841404,"Shape_Area":5.8843802328269848e-09}},{"type":"Feature","id":20048,"geometry":{"type":"Polygon","coordinates":[[[115.87470564000012,-7.1525876659999312],[115.8747056950001,-7.1525927909999609],[115.87471432700011,-7.1525926999999569],[115.87470564000012,-7.1525876659999312]]]},"properties":{"OBJECTID":20048,"FID_mangrove_utm":19991,"OBJECTID_1":19991,"Name":"18102566,9293","FolderPath":"JATIM/JATIM","SymbolID":0,"AltMode":0,"Base":0,"Clamped":-1,"Extruded":0,"Snippet":"","PopupInfo":"\u003chtml xmlns:fo=\"http://www.w3.org/1999/XSL/Format\" xmlns:msxsl=\"urn:schemas-microsoft-com:xslt\"\u003e\n\u003chead\u003e\n\u003cMETA http-equiv=\"Content-Type\" content=\"text/html\"\u003e\n\u003cmeta http-equiv=\"content-type\" content=\"text/html; charset=UTF-8\"\u003e\n\u003c/head\u003e\n\u003cbody style=\"margin:0px 0px 0px 0px;overflow:auto;background:#FFFFFF;\"\u003e\n\u003ctable style=\"font-family:Arial,Verdana,Times;font-size:12px;text-align:left;width:100%;border-collapse:collapse;padding:3px 3px 3px 3px\"\u003e\n\u003ctr style=\"text-align:center;font-weight:bold;background:#9CBCE2\"\u003e\n\u003ctd\u003e18102566,9293\u003c/td\u003e\n\u003c/tr\u003e\n\u003ctr\u003e\n\u003ctd\u003e\n\u003ctable style=\"font-family:Arial,Verdana,Times;font-size:12px;text-align:left;width:100%;border-spacing:0px; padding:3px 3px 3px 3px\"\u003e\n\u003ctr\u003e\n\u003ctd\u003eFID\u003c/td\u003e\n\u003ctd\u003e0\u003c/td\u003e\n\u003c/tr\u003e\n\u003ctr bgcolor=\"#D4E4F3\"\u003e\n\u003ctd\u003eShape_Leng\u003c/td\u003e\n\u003ctd\u003e18102566,9293\u003c/td\u003e\n\u003c/tr\u003e\n\u003c/table\u003e\n\u003c/td\u003e\n\u003c/tr\u003e\n\u003c/table\u003e\n\u003c/body\u003e\u003cscript type=\"text/javascript\"\u003e\n\t\t\t\tfunction changeImage(attElement, nameElement) {\n\t\t\t\tdocument.getElementById('imageAttachment').src = attElement;\n\t\t\t\tdocument.getElementById('imageName').innerHTML = nameElement;}\n\t\t\t\u003c/script\u003e\u003c/html\u003e\n","FID_active_grids":125,"GridID":"O62","Shape_Length":2.3797950352979291e-05,"Shape_Area":2.2122002637073827e-11}},{"type":"Feature","id":20049,"geometry":{"type":"Polygon","coordinates":[[[115.87469905100011,-7.1525838479999493],[115.87469655900009,-7.1525824039999293],[115.87469657500003,-7.1525838739999585],[115.87469905100011,-7.1525838479999493]]]},"properties":{"OBJECTID":20049,"FID_mangrove_utm":19992,"OBJECTID_1":19992,"Name":"18102566,9293","FolderPath":"JATIM/JATIM","SymbolID":0,"AltMode":0,"Base":0,"Clamped":-1,"Extruded":0,"Snippet":"","PopupInfo":"\u003chtml xmlns:fo=\"http://www.w3.org/1999/XSL/Format\" xmlns:msxsl=\"urn:schemas-microsoft-com:xslt\"\u003e\n\u003chead\u003e\n\u003cMETA http-equiv=\"Content-Type\" content=\"text/html\"\u003e\n\u003cmeta http-equiv=\"content-type\" content=\"text/html; charset=UTF-8\"\u003e\n\u003c/head\u003e\n\u003cbody style=\"margin:0px 0px 0px 0px;overflow:auto;background:#FFFFFF;\"\u003e\n\u003ctable style=\"font-family:Arial,Verdana,Times;font-size:12px;text-align:left;width:100%;border-collapse:collapse;padding:3px 3px 3px 3px\"\u003e\n\u003ctr style=\"text-align:center;font-weight:bold;background:#9CBCE2\"\u003e\n\u003ctd\u003e18102566,9293\u003c/td\u003e\n\u003c/tr\u003e\n\u003ctr\u003e\n\u003ctd\u003e\n\u003ctable style=\"font-family:Arial,Verdana,Times;font-size:12px;text-align:left;width:100%;border-spacing:0px; padding:3px 3px 3px 3px\"\u003e\n\u003ctr\u003e\n\u003ctd\u003eFID\u003c/td\u003e\n\u003ctd\u003e0\u003c/td\u003e\n\u003c/tr\u003e\n\u003ctr bgcolor=\"#D4E4F3\"\u003e\n\u003ctd\u003eShape_Leng\u003c/td\u003e\n\u003ctd\u003e18102566,9293\u003c/td\u003e\n\u003c/tr\u003e\n\u003c/table\u003e\n\u003c/td\u003e\n\u003c/tr\u003e\n\u003c/table\u003e\n\u003c/body\u003e\u003cscript type=\"text/javascript\"\u003e\n\t\t\t\tfunction changeImage(attElement, nameElement) {\n\t\t\t\tdocument.getElementById('imageAttachment').src = attElement;\n\t\t\t\tdocument.getElementById('imageName').innerHTML = nameElement;}\n\t\t\t\u003c/script\u003e\u003c/html\u003e\n","FID_active_grids":125,"GridID":"O62","Shape_Length":6.8263625988266614e-06,"Shape_Area":1.8200680921445311e-12}},{"type":"Feature","id":20053,"geometry":{"type":"Polygon","coordinates":[[[115.8746532240001,-7.1525572919999263],[115.87465115600003,-7.1525560939999764],[115.87465116900012,-7.1525573139999779],[115.8746532240001,-7.1525572919999263]]]},"properties":{"OBJECTID":20053,"FID_mangrove_utm":19996,"OBJECTID_1":19996,"Name":"18102566,9293","FolderPath":"JATIM/JATIM","SymbolID":0,"AltMode":0,"Base":0,"Clamped":-1,"Extruded":0,"Snippet":"","PopupInfo":"\u003chtml xmlns:fo=\"http://www.w3.org/1999/XSL/Format\" xmlns:msxsl=\"urn:schemas-microsoft-com:xslt\"\u003e\n\u003chead\u003e\n\u003cMETA http-equiv=\"Content-Type\" content=\"text/html\"\u003e\n\u003cmeta http-equiv=\"content-type\" content=\"text/html; charset=UTF-8\"\u003e\n\u003c/head\u003e\n\u003cbody style=\"margin:0px 0px 0px 0px;overflow:auto;background:#FFFFFF;\"\u003e\n\u003ctable style=\"font-family:Arial,Verdana,Times;font-size:12px;text-align:left;width:100%;border-collapse:collapse;padding:3px 3px 3px 3px\"\u003e\n\u003ctr style=\"text-align:center;font-weight:bold;background:#9CBCE2\"\u003e\n\u003ctd\u003e18102566,9293\u003c/td\u003e\n\u003c/tr\u003e\n\u003ctr\u003e\n\u003ctd\u003e\n\u003ctable style=\"font-family:Arial,Verdana,Times;font-size:12px;text-align:left;width:100%;border-spacing:0px; padding:3px 3px 3px 3px\"\u003e\n\u003ctr\u003e\n\u003ctd\u003eFID\u003c/td\u003e\n\u003ctd\u003e0\u003c/td\u003e\n\u003c/tr\u003e\n\u003ctr bgcolor=\"#D4E4F3\"\u003e\n\u003ctd\u003eShape_Leng\u003c/td\u003e\n\u003ctd\u003e18102566,9293\u003c/td\u003e\n\u003c/tr\u003e\n\u003c/table\u003e\n\u003c/td\u003e\n\u003c/tr\u003e\n\u003c/table\u003e\n\u003c/body\u003e\u003cscript type=\"text/javascript\"\u003e\n\t\t\t\tfunction changeImage(attElement, nameElement) {\n\t\t\t\tdocument.getElementById('imageAttachment').src = attElement;\n\t\t\t\tdocument.getElementById('imageName').innerHTML = nameElement;}\n\t\t\t\u003c/script\u003e\u003c/html\u003e\n","FID_active_grids":125,"GridID":"O62","Shape_Length":5.6651301356577117e-06,"Shape_Area":1.2536929916915376e-12}},{"type":"Feature","id":20062,"geometry":{"type":"Polygon","coordinates":[[[115.87451494400011,-7.1524771619999683],[115.87451504500007,-7.152486645999943],[115.87452406900002,-7.1524865499999351],[115.87452416500003,-7.1524955629999454],[115.87453318900009,-7.1524954669999374],[115.87453328400011,-7.1525044799999478],[115.87454230800006,-7.1525043849999292],[115.87454240400007,-7.1525133979999396],[115.87456045200008,-7.1525132059999805],[115.8745605470001,-7.152522218999934],[115.87456957100005,-7.1525221229999261],[115.87456966700006,-7.1525311359999364],[115.87458771500008,-7.1525309449999668],[115.87458781000009,-7.1525399579999771],[115.87460585800011,-7.1525397669999506],[115.87460595400012,-7.1525487789999715],[115.8746379480001,-7.1525484399999755],[115.87451494400011,-7.1524771619999683]]]},"properties":{"OBJECTID":20062,"FID_mangrove_utm":20005,"OBJECTID_1":20005,"Name":"18102566,9293","FolderPath":"JATIM/JATIM","SymbolID":0,"AltMode":0,"Base":0,"Clamped":-1,"Extruded":0,"Snippet":"","PopupInfo":"\u003chtml xmlns:fo=\"http://www.w3.org/1999/XSL/Format\" xmlns:msxsl=\"urn:schemas-microsoft-com:xslt\"\u003e\n\u003chead\u003e\n\u003cMETA http-equiv=\"Content-Type\" content=\"text/html\"\u003e\n\u003cmeta http-equiv=\"content-type\" content=\"text/html; charset=UTF-8\"\u003e\n\u003c/head\u003e\n\u003cbody style=\"margin:0px 0px 0px 0px;overflow:auto;background:#FFFFFF;\"\u003e\n\u003ctable style=\"font-family:Arial,Verdana,Times;font-size:12px;text-align:left;width:100%;border-collapse:collapse;padding:3px 3px 3px 3px\"\u003e\n\u003ctr style=\"text-align:center;font-weight:bold;background:#9CBCE2\"\u003e\n\u003ctd\u003e18102566,9293\u003c/td\u003e\n\u003c/tr\u003e\n\u003ctr\u003e\n\u003ctd\u003e\n\u003ctable style=\"font-family:Arial,Verdana,Times;font-size:12px;text-align:left;width:100%;border-spacing:0px; padding:3px 3px 3px 3px\"\u003e\n\u003ctr\u003e\n\u003ctd\u003eFID\u003c/td\u003e\n\u003ctd\u003e0\u003c/td\u003e\n\u003c/tr\u003e\n\u003ctr bgcolor=\"#D4E4F3\"\u003e\n\u003ctd\u003eShape_Leng\u003c/td\u003e\n\u003ctd\u003e18102566,9293\u003c/td\u003e\n\u003c/tr\u003e\n\u003c/table\u003e\n\u003c/td\u003e\n\u003c/tr\u003e\n\u003c/table\u003e\n\u003c/body\u003e\u003cscript type=\"text/javascript\"\u003e\n\t\t\t\tfunction changeImage(attElement, nameElement) {\n\t\t\t\tdocument.getElementById('imageAttachment').src = attElement;\n\t\t\t\tdocument.getElementById('imageName').innerHTML = nameElement;}\n\t\t\t\u003c/script\u003e\u003c/html\u003e\n","FID_active_grids":125,"GridID":"O62","Shape_Length":0.00033698272438335353,"Shape_Area":1.5890496895830506e-09}},{"type":"Feature","id":20136,"geometry":{"type":"Polygon","coordinates":[[[115.85952187400005,-7.1522217569999498],[115.85952183600011,-7.1522181589999718],[115.85951278300001,-7.1522155939999266],[115.8595128500001,-7.1522218529999577],[115.85952187400005,-7.1522217569999498]]]},"properties":{"OBJECTID":20136,"FID_mangrove_utm":20079,"OBJECTID_1":20079,"Name":"18102566,9293","FolderPath":"JATIM/JATIM","SymbolID":0,"AltMode":0,"Base":0,"Clamped":-1,"Extruded":0,"Snippet":"","PopupInfo":"\u003chtml xmlns:fo=\"http://www.w3.org/1999/XSL/Format\" xmlns:msxsl=\"urn:schemas-microsoft-com:xslt\"\u003e\n\u003chead\u003e\n\u003cMETA http-equiv=\"Content-Type\" content=\"text/html\"\u003e\n\u003cmeta http-equiv=\"content-type\" content=\"text/html; charset=UTF-8\"\u003e\n\u003c/head\u003e\n\u003cbody style=\"margin:0px 0px 0px 0px;overflow:auto;background:#FFFFFF;\"\u003e\n\u003ctable style=\"font-family:Arial,Verdana,Times;font-size:12px;text-align:left;width:100%;border-collapse:collapse;padding:3px 3px 3px 3px\"\u003e\n\u003ctr style=\"text-align:center;font-weight:bold;background:#9CBCE2\"\u003e\n\u003ctd\u003e18102566,9293\u003c/td\u003e\n\u003c/tr\u003e\n\u003ctr\u003e\n\u003ctd\u003e\n\u003ctable style=\"font-family:Arial,Verdana,Times;font-size:12px;text-align:left;width:100%;border-spacing:0px; padding:3px 3px 3px 3px\"\u003e\n\u003ctr\u003e\n\u003ctd\u003eFID\u003c/td\u003e\n\u003ctd\u003e0\u003c/td\u003e\n\u003c/tr\u003e\n\u003ctr bgcolor=\"#D4E4F3\"\u003e\n\u003ctd\u003eShape_Leng\u003c/td\u003e\n\u003ctd\u003e18102566,9293\u003c/td\u003e\n\u003c/tr\u003e\n\u003c/table\u003e\n\u003c/td\u003e\n\u003c/tr\u003e\n\u003c/table\u003e\n\u003c/body\u003e\u003cscript type=\"text/javascript\"\u003e\n\t\t\t\tfunction changeImage(attElement, nameElement) {\n\t\t\t\tdocument.getElementById('imageAttachment').src = attElement;\n\t\t\t\tdocument.getElementById('imageName').innerHTML = nameElement;}\n\t\t\t\u003c/script\u003e\u003c/html\u003e\n","FID_active_grids":125,"GridID":"O62","Shape_Length":2.8291428798145307e-05,"Shape_Area":4.4481436146424843e-11}},{"type":"Feature","id":20147,"geometry":{"type":"Polygon","coordinates":[[[115.86443906600005,-7.1520886139999789],[115.86442101900002,-7.1520888049999485],[115.86442111400004,-7.1520978179999588],[115.86440306600002,-7.1520980089999284],[115.86440297100012,-7.1520889959999749],[115.86439394700005,-7.1520890909999366],[115.86439404200007,-7.1520981039999469],[115.86437599500005,-7.1520982949999734],[115.86437609000006,-7.1521073079999269],[115.86436706600011,-7.1521074039999348],[115.86436716200001,-7.1521164169999452],[115.86437618600007,-7.1521163219999266],[115.8643763770001,-7.1521343479999473],[115.86435832900008,-7.1521345389999738],[115.86435842500009,-7.1521435519999272],[115.86434940100003,-7.1521436469999458],[115.86434949700003,-7.1521526599999561],[115.86435852000011,-7.1521525649999376],[115.86435861600012,-7.1521615779999479],[115.86442178400011,-7.1521609099999637],[115.86442168800011,-7.1521518959999639],[115.86443973600001,-7.1521517049999375],[115.86443964000011,-7.1521426919999271],[115.86444866400007,-7.1521425969999655],[115.86444828200001,-7.1521065439999347],[115.86443925800006,-7.1521066399999427],[115.86443906600005,-7.1520886139999789]],[[115.86441237700001,-7.1521249529999409],[115.8644122820001,-7.1521159389999411],[115.86442130500006,-7.1521158439999795],[115.86442140100007,-7.1521248569999329],[115.86441237700001,-7.1521249529999409],[115.86441247300002,-7.1521339659999512],[115.86440344900006,-7.1521340609999697],[115.86440335300006,-7.1521250479999594],[115.86441237700001,-7.1521249529999409]]]},"properties":{"OBJECTID":20147,"FID_mangrove_utm":20090,"OBJECTID_1":20090,"Name":"18102566,9293","FolderPath":"JATIM/JATIM","SymbolID":0,"AltMode":0,"Base":0,"Clamped":-1,"Extruded":0,"Snippet":"","PopupInfo":"\u003chtml xmlns:fo=\"http://www.w3.org/1999/XSL/Format\" xmlns:msxsl=\"urn:schemas-microsoft-com:xslt\"\u003e\n\u003chead\u003e\n\u003cMETA http-equiv=\"Content-Type\" content=\"text/html\"\u003e\n\u003cmeta http-equiv=\"content-type\" content=\"text/html; charset=UTF-8\"\u003e\n\u003c/head\u003e\n\u003cbody style=\"margin:0px 0px 0px 0px;overflow:auto;background:#FFFFFF;\"\u003e\n\u003ctable style=\"font-family:Arial,Verdana,Times;font-size:12px;text-align:left;width:100%;border-collapse:collapse;padding:3px 3px 3px 3px\"\u003e\n\u003ctr style=\"text-align:center;font-weight:bold;background:#9CBCE2\"\u003e\n\u003ctd\u003e18102566,9293\u003c/td\u003e\n\u003c/tr\u003e\n\u003ctr\u003e\n\u003ctd\u003e\n\u003ctable style=\"font-family:Arial,Verdana,Times;font-size:12px;text-align:left;width:100%;border-spacing:0px; padding:3px 3px 3px 3px\"\u003e\n\u003ctr\u003e\n\u003ctd\u003eFID\u003c/td\u003e\n\u003ctd\u003e0\u003c/td\u003e\n\u003c/tr\u003e\n\u003ctr bgcolor=\"#D4E4F3\"\u003e\n\u003ctd\u003eShape_Leng\u003c/td\u003e\n\u003ctd\u003e18102566,9293\u003c/td\u003e\n\u003c/tr\u003e\n\u003c/table\u003e\n\u003c/td\u003e\n\u003c/tr\u003e\n\u003c/table\u003e\n\u003c/body\u003e\u003cscript type=\"text/javascript\"\u003e\n\t\t\t\tfunction changeImage(attElement, nameElement) {\n\t\t\t\tdocument.getElementById('imageAttachment').src = attElement;\n\t\t\t\tdocument.getElementById('imageName').innerHTML = nameElement;}\n\t\t\t\u003c/script\u003e\u003c/html\u003e\n","FID_active_grids":125,"GridID":"O62","Shape_Length":0.00045098227991844557,"Shape_Area":4.8805694885503034e-09}},{"type":"Feature","id":20177,"geometry":{"type":"Polygon","coordinates":[[[115.8414248250001,-7.1520611819999544],[115.84142482300001,-7.1520609629999399],[115.8414241050001,-7.1520611889999373],[115.8414248250001,-7.1520611819999544]]]},"properties":{"OBJECTID":20177,"FID_mangrove_utm":20120,"OBJECTID_1":20120,"Name":"18102566,9293","FolderPath":"JATIM/JATIM","SymbolID":0,"AltMode":0,"Base":0,"Clamped":-1,"Extruded":0,"Snippet":"","PopupInfo":"\u003chtml xmlns:fo=\"http://www.w3.org/1999/XSL/Format\" xmlns:msxsl=\"urn:schemas-microsoft-com:xslt\"\u003e\n\u003chead\u003e\n\u003cMETA http-equiv=\"Content-Type\" content=\"text/html\"\u003e\n\u003cmeta http-equiv=\"content-type\" content=\"text/html; charset=UTF-8\"\u003e\n\u003c/head\u003e\n\u003cbody style=\"margin:0px 0px 0px 0px;overflow:auto;background:#FFFFFF;\"\u003e\n\u003ctable style=\"font-family:Arial,Verdana,Times;font-size:12px;text-align:left;width:100%;border-collapse:collapse;padding:3px 3px 3px 3px\"\u003e\n\u003ctr style=\"text-align:center;font-weight:bold;background:#9CBCE2\"\u003e\n\u003ctd\u003e18102566,9293\u003c/td\u003e\n\u003c/tr\u003e\n\u003ctr\u003e\n\u003ctd\u003e\n\u003ctable style=\"font-family:Arial,Verdana,Times;font-size:12px;text-align:left;width:100%;border-spacing:0px; padding:3px 3px 3px 3px\"\u003e\n\u003ctr\u003e\n\u003ctd\u003eFID\u003c/td\u003e\n\u003ctd\u003e0\u003c/td\u003e\n\u003c/tr\u003e\n\u003ctr bgcolor=\"#D4E4F3\"\u003e\n\u003ctd\u003eShape_Leng\u003c/td\u003e\n\u003ctd\u003e18102566,9293\u003c/td\u003e\n\u003c/tr\u003e\n\u003c/table\u003e\n\u003c/td\u003e\n\u003c/tr\u003e\n\u003c/table\u003e\n\u003c/body\u003e\u003cscript type=\"text/javascript\"\u003e\n\t\t\t\tfunction changeImage(attElement, nameElement) {\n\t\t\t\tdocument.getElementById('imageAttachment').src = attElement;\n\t\t\t\tdocument.getElementById('imageName').innerHTML = nameElement;}\n\t\t\t\u003c/script\u003e\u003c/html\u003e\n","FID_active_grids":125,"GridID":"O62","Shape_Length":1.6917714613913637e-06,"Shape_Area":7.8847005849861376e-14}},{"type":"Feature","id":20178,"geometry":{"type":"Polygon","coordinates":[[[115.84149678500012,-7.1520382929999755],[115.841483315,-7.152042536999943],[115.84149682900011,-7.1520423949999667],[115.84149678500012,-7.1520382929999755]]]},"properties":{"OBJECTID":20178,"FID_mangrove_utm":20121,"OBJECTID_1":20121,"Name":"18102566,9293","FolderPath":"JATIM/JATIM","SymbolID":0,"AltMode":0,"Base":0,"Clamped":-1,"Extruded":0,"Snippet":"","PopupInfo":"\u003chtml xmlns:fo=\"http://www.w3.org/1999/XSL/Format\" xmlns:msxsl=\"urn:schemas-microsoft-com:xslt\"\u003e\n\u003chead\u003e\n\u003cMETA http-equiv=\"Content-Type\" content=\"text/html\"\u003e\n\u003cmeta http-equiv=\"content-type\" content=\"text/html; charset=UTF-8\"\u003e\n\u003c/head\u003e\n\u003cbody style=\"margin:0px 0px 0px 0px;overflow:auto;background:#FFFFFF;\"\u003e\n\u003ctable style=\"font-family:Arial,Verdana,Times;font-size:12px;text-align:left;width:100%;border-collapse:collapse;padding:3px 3px 3px 3px\"\u003e\n\u003ctr style=\"text-align:center;font-weight:bold;background:#9CBCE2\"\u003e\n\u003ctd\u003e18102566,9293\u003c/td\u003e\n\u003c/tr\u003e\n\u003ctr\u003e\n\u003ctd\u003e\n\u003ctable style=\"font-family:Arial,Verdana,Times;font-size:12px;text-align:left;width:100%;border-spacing:0px; padding:3px 3px 3px 3px\"\u003e\n\u003ctr\u003e\n\u003ctd\u003eFID\u003c/td\u003e\n\u003ctd\u003e0\u003c/td\u003e\n\u003c/tr\u003e\n\u003ctr bgcolor=\"#D4E4F3\"\u003e\n\u003ctd\u003eShape_Leng\u003c/td\u003e\n\u003ctd\u003e18102566,9293\u003c/td\u003e\n\u003c/tr\u003e\n\u003c/table\u003e\n\u003c/td\u003e\n\u003c/tr\u003e\n\u003c/table\u003e\n\u003c/body\u003e\u003cscript type=\"text/javascript\"\u003e\n\t\t\t\tfunction changeImage(attElement, nameElement) {\n\t\t\t\tdocument.getElementById('imageAttachment').src = attElement;\n\t\t\t\tdocument.getElementById('imageName').innerHTML = nameElement;}\n\t\t\t\u003c/script\u003e\u003c/html\u003e\n","FID_active_grids":125,"GridID":"O62","Shape_Length":3.1739745230923808e-05,"Shape_Area":2.7720338148862167e-11}},{"type":"Feature","id":20179,"geometry":{"type":"Polygon","coordinates":[[[115.8415147820001,-7.15203319099993],[115.84151477600005,-7.1520326259999365],[115.84151292000001,-7.1520332109999458],[115.8415147820001,-7.15203319099993]]]},"properties":{"OBJECTID":20179,"FID_mangrove_utm":20122,"OBJECTID_1":20122,"Name":"18102566,9293","FolderPath":"JATIM/JATIM","SymbolID":0,"AltMode":0,"Base":0,"Clamped":-1,"Extruded":0,"Snippet":"","PopupInfo":"\u003chtml xmlns:fo=\"http://www.w3.org/1999/XSL/Format\" xmlns:msxsl=\"urn:schemas-microsoft-com:xslt\"\u003e\n\u003chead\u003e\n\u003cMETA http-equiv=\"Content-Type\" content=\"text/html\"\u003e\n\u003cmeta http-equiv=\"content-type\" content=\"text/html; charset=UTF-8\"\u003e\n\u003c/head\u003e\n\u003cbody style=\"margin:0px 0px 0px 0px;overflow:auto;background:#FFFFFF;\"\u003e\n\u003ctable style=\"font-family:Arial,Verdana,Times;font-size:12px;text-align:left;width:100%;border-collapse:collapse;padding:3px 3px 3px 3px\"\u003e\n\u003ctr style=\"text-align:center;font-weight:bold;background:#9CBCE2\"\u003e\n\u003ctd\u003e18102566,9293\u003c/td\u003e\n\u003c/tr\u003e\n\u003ctr\u003e\n\u003ctd\u003e\n\u003ctable style=\"font-family:Arial,Verdana,Times;font-size:12px;text-align:left;width:100%;border-spacing:0px; padding:3px 3px 3px 3px\"\u003e\n\u003ctr\u003e\n\u003ctd\u003eFID\u003c/td\u003e\n\u003ctd\u003e0\u003c/td\u003e\n\u003c/tr\u003e\n\u003ctr bgcolor=\"#D4E4F3\"\u003e\n\u003ctd\u003eShape_Leng\u003c/td\u003e\n\u003ctd\u003e18102566,9293\u003c/td\u003e\n\u003c/tr\u003e\n\u003c/table\u003e\n\u003c/td\u003e\n\u003c/tr\u003e\n\u003c/table\u003e\n\u003c/body\u003e\u003cscript type=\"text/javascript\"\u003e\n\t\t\t\tfunction changeImage(attElement, nameElement) {\n\t\t\t\tdocument.getElementById('imageAttachment').src = attElement;\n\t\t\t\tdocument.getElementById('imageName').innerHTML = nameElement;}\n\t\t\t\u003c/script\u003e\u003c/html\u003e\n","FID_active_grids":125,"GridID":"O62","Shape_Length":4.3731509530488867e-06,"Shape_Area":5.2607501991609835e-13}},{"type":"Feature","id":20180,"geometry":{"type":"Polygon","coordinates":[[[115.8397008390001,-7.1520455019999645],[115.83970100600004,-7.1520613069999399],[115.83971003000011,-7.1520612119999782],[115.83971012500001,-7.152070225999978],[115.83971914900008,-7.1520701309999595],[115.8397193400001,-7.1520881579999696],[115.83972836400005,-7.152088062999951],[115.83972845900007,-7.1520970759999614],[115.83974650800008,-7.1520968859999812],[115.83974660300009,-7.1521058989999347],[115.83975562700005,-7.152105803999973],[115.83975572200006,-7.1521148179999727],[115.83976474600001,-7.1521147229999542],[115.83976484100003,-7.1521237359999645],[115.83977386600009,-7.152123640999946],[115.83977396100011,-7.1521326549999458],[115.83981005800001,-7.1521322749999285],[115.83981015300003,-7.1521412879999389],[115.8398372260001,-7.1521410029999402],[115.83983732100012,-7.1521500159999505],[115.83986439400007,-7.1521497309999518],[115.83986448900009,-7.1521587449999515],[115.83988253700011,-7.1521585549999713],[115.83988272700003,-7.1521765819999814],[115.8399098000001,-7.1521762959999364],[115.83990989500001,-7.1521853099999362],[115.83992794400001,-7.152185119999956],[115.83992803900003,-7.1521941329999663],[115.83994608800003,-7.1521939429999293],[115.83994618300005,-7.152202956999929],[115.83997325500002,-7.1522026719999303],[115.83997344600004,-7.152220697999951],[115.84000051800001,-7.1522204129999523],[115.84000061400002,-7.152229426999952],[115.84001866200003,-7.1522292369999718],[115.84001875700005,-7.1522382499999253],[115.84002778100012,-7.1522381549999636],[115.84002787700001,-7.1522471689999634],[115.84003690100008,-7.1522470739999449],[115.84003699600009,-7.1522560869999552],[115.84004602000005,-7.1522559919999367],[115.84004611500006,-7.152265004999947],[115.84009123700002,-7.1522645299999681],[115.84009133200004,-7.1522735439999678],[115.84012742900006,-7.1522731639999506],[115.84012733400004,-7.1522641499999509],[115.84020855200004,-7.1522632949999547],[115.84020864700005,-7.1522723079999651],[115.84040718000006,-7.1522702169999661],[115.84040727500008,-7.1522792309999659],[115.8404433720001,-7.1522788509999486],[115.8404434680001,-7.152287863999959],[115.84066004900001,-7.1522855829999799],[115.8406599540001,-7.1522765699999695],[115.84066897800005,-7.152276474999951],[115.84066888300003,-7.1522674609999513],[115.8406959560001,-7.1522671759999525],[115.84069586100009,-7.1522581629999422],[115.8407139090001,-7.152257972999962],[115.84071381400008,-7.1522489589999623],[115.84072283800003,-7.1522488639999438],[115.84072274300001,-7.1522398509999334],[115.84075884000003,-7.152239470999973],[115.84075874500002,-7.1522304569999733],[115.84078581800009,-7.1522301719999746],[115.84078572300007,-7.1522211589999642],[115.84082182000009,-7.1522207779999576],[115.84082172400008,-7.1522117649999473],[115.84084879700004,-7.1522114799999486],[115.84084870200002,-7.1522024659999488],[115.84087577500009,-7.1522021809999501],[115.84087567900008,-7.1521931679999398],[115.8409117760001,-7.1521927879999794],[115.84091187200011,-7.1522018009999329],[115.8409930900001,-7.1522009459999367],[115.84099318500012,-7.152209958999947],[115.84101123300002,-7.1522097689999669],[115.84101113800011,-7.1522007559999565],[115.84108333200004,-7.1521999949999326],[115.84108323700002,-7.1521909819999792],[115.84110128500004,-7.1521907919999421],[115.84110119000002,-7.1521817779999424],[115.84111021400008,-7.1521816829999807],[115.84111011900006,-7.1521726699999704],[115.84111914300001,-7.1521725749999518],[115.84111904800011,-7.1521635609999521],[115.84112807300005,-7.1521634659999336],[115.84112797700004,-7.1521544529999801],[115.84115505000011,-7.1521541679999814],[115.84115495500009,-7.1521451539999248],[115.84117300300011,-7.1521449639999446],[115.84117290800009,-7.1521359509999343],[115.84121802900006,-7.1521354749999659],[115.84121793400004,-7.1521264619999556],[115.84122695800011,-7.1521263669999371],[115.84122705400011,-7.1521353799999474],[115.84123607800007,-7.1521352849999289],[115.84123598300005,-7.1521262719999754],[115.84125403100006,-7.1521260819999384],[115.84125393600004,-7.1521170679999386],[115.84128100900011,-7.1521167829999399],[115.84128091300011,-7.1521077699999296],[115.84129896200011,-7.1521075799999494],[115.84129886700009,-7.1520985659999496],[115.84131691500011,-7.1520983759999694],[115.84131682000009,-7.1520893629999591],[115.84134389300004,-7.1520890779999604],[115.84134379800003,-7.1520800639999607],[115.84137087000011,-7.1520797789999619],[115.84137077500009,-7.1520707659999516],[115.84137979900004,-7.1520706709999331],[115.84137977900002,-7.1520687399999474],[115.84041535100005,-7.1521947299999624],[115.84008492700002,-7.1521839589999558],[115.83972650800001,-7.1520610969999439],[115.8397008390001,-7.1520455019999645]]]},"properties":{"OBJECTID":20180,"FID_mangrove_utm":20123,"OBJECTID_1":20123,"Name":"18102566,9293","FolderPath":"JATIM/JATIM","SymbolID":0,"AltMode":0,"Base":0,"Clamped":-1,"Extruded":0,"Snippet":"","PopupInfo":"\u003chtml xmlns:fo=\"http://www.w3.org/1999/XSL/Format\" xmlns:msxsl=\"urn:schemas-microsoft-com:xslt\"\u003e\n\u003chead\u003e\n\u003cMETA http-equiv=\"Content-Type\" content=\"text/html\"\u003e\n\u003cmeta http-equiv=\"content-type\" content=\"text/html; charset=UTF-8\"\u003e\n\u003c/head\u003e\n\u003cbody style=\"margin:0px 0px 0px 0px;overflow:auto;background:#FFFFFF;\"\u003e\n\u003ctable style=\"font-family:Arial,Verdana,Times;font-size:12px;text-align:left;width:100%;border-collapse:collapse;padding:3px 3px 3px 3px\"\u003e\n\u003ctr style=\"text-align:center;font-weight:bold;background:#9CBCE2\"\u003e\n\u003ctd\u003e18102566,9293\u003c/td\u003e\n\u003c/tr\u003e\n\u003ctr\u003e\n\u003ctd\u003e\n\u003ctable style=\"font-family:Arial,Verdana,Times;font-size:12px;text-align:left;width:100%;border-spacing:0px; padding:3px 3px 3px 3px\"\u003e\n\u003ctr\u003e\n\u003ctd\u003eFID\u003c/td\u003e\n\u003ctd\u003e0\u003c/td\u003e\n\u003c/tr\u003e\n\u003ctr bgcolor=\"#D4E4F3\"\u003e\n\u003ctd\u003eShape_Leng\u003c/td\u003e\n\u003ctd\u003e18102566,9293\u003c/td\u003e\n\u003c/tr\u003e\n\u003c/table\u003e\n\u003c/td\u003e\n\u003c/tr\u003e\n\u003c/table\u003e\n\u003c/body\u003e\u003cscript type=\"text/javascript\"\u003e\n\t\t\t\tfunction changeImage(attElement, nameElement) {\n\t\t\t\tdocument.getElementById('imageAttachment').src = attElement;\n\t\t\t\tdocument.getElementById('imageName').innerHTML = nameElement;}\n\t\t\t\u003c/script\u003e\u003c/html\u003e\n","FID_active_grids":125,"GridID":"O62","Shape_Length":0.0039222770204320511,"Shape_Area":1.2075134974672867e-07}},{"type":"Feature","id":20181,"geometry":{"type":"Polygon","coordinates":[[[115.83969724500002,-7.1520433179999259],[115.83968267200009,-7.1520344639999394],[115.83968276700011,-7.1520434699999669],[115.83969724500002,-7.1520433179999259]]]},"properties":{"OBJECTID":20181,"FID_mangrove_utm":20124,"OBJECTID_1":20124,"Name":"18102566,9293","FolderPath":"JATIM/JATIM","SymbolID":0,"AltMode":0,"Base":0,"Clamped":-1,"Extruded":0,"Snippet":"","PopupInfo":"\u003chtml xmlns:fo=\"http://www.w3.org/1999/XSL/Format\" xmlns:msxsl=\"urn:schemas-microsoft-com:xslt\"\u003e\n\u003chead\u003e\n\u003cMETA http-equiv=\"Content-Type\" content=\"text/html\"\u003e\n\u003cmeta http-equiv=\"content-type\" content=\"text/html; charset=UTF-8\"\u003e\n\u003c/head\u003e\n\u003cbody style=\"margin:0px 0px 0px 0px;overflow:auto;background:#FFFFFF;\"\u003e\n\u003ctable style=\"font-family:Arial,Verdana,Times;font-size:12px;text-align:left;width:100%;border-collapse:collapse;padding:3px 3px 3px 3px\"\u003e\n\u003ctr style=\"text-align:center;font-weight:bold;background:#9CBCE2\"\u003e\n\u003ctd\u003e18102566,9293\u003c/td\u003e\n\u003c/tr\u003e\n\u003ctr\u003e\n\u003ctd\u003e\n\u003ctable style=\"font-family:Arial,Verdana,Times;font-size:12px;text-align:left;width:100%;border-spacing:0px; padding:3px 3px 3px 3px\"\u003e\n\u003ctr\u003e\n\u003ctd\u003eFID\u003c/td\u003e\n\u003ctd\u003e0\u003c/td\u003e\n\u003c/tr\u003e\n\u003ctr bgcolor=\"#D4E4F3\"\u003e\n\u003ctd\u003eShape_Leng\u003c/td\u003e\n\u003ctd\u003e18102566,9293\u003c/td\u003e\n\u003c/tr\u003e\n\u003c/table\u003e\n\u003c/td\u003e\n\u003c/tr\u003e\n\u003c/table\u003e\n\u003c/body\u003e\u003cscript type=\"text/javascript\"\u003e\n\t\t\t\tfunction changeImage(attElement, nameElement) {\n\t\t\t\tdocument.getElementById('imageAttachment').src = attElement;\n\t\t\t\tdocument.getElementById('imageName').innerHTML = nameElement;}\n\t\t\t\u003c/script\u003e\u003c/html\u003e\n","FID_active_grids":125,"GridID":"O62","Shape_Length":4.0537150451622801e-05,"Shape_Area":6.520165380549426e-11}},{"type":"Feature","id":20184,"geometry":{"type":"Polygon","coordinates":[[[115.84173079200002,-7.1519768289999774],[115.84173981600009,-7.1519767339999589],[115.84173972100007,-7.1519677209999486],[115.84174874500002,-7.1519676259999301],[115.84174865400007,-7.1519589479999581],[115.84154252500002,-7.1520238839999593],[115.84155980800006,-7.1520237019999513],[115.84155990300007,-7.1520327159999511],[115.84158697600003,-7.1520324309999523],[115.84158707100005,-7.1520414439999627],[115.84164121600008,-7.1520408739999652],[115.8416413110001,-7.1520498869999756],[115.84165936000011,-7.1520496969999385],[115.84165926500009,-7.1520406829999388],[115.84166828900004,-7.1520405879999771],[115.84166809900012,-7.1520225619999565],[115.84170419500003,-7.1520221809999498],[115.84170400500011,-7.1520041549999291],[115.84171302900006,-7.152004058999978],[115.84171293400004,-7.1519950459999677],[115.84172195800011,-7.1519949509999492],[115.84172186300009,-7.1519859379999389],[115.84173088700004,-7.1519858429999772],[115.84173079200002,-7.1519768289999774]]]},"properties":{"OBJECTID":20184,"FID_mangrove_utm":20127,"OBJECTID_1":20127,"Name":"18102566,9293","FolderPath":"JATIM/JATIM","SymbolID":0,"AltMode":0,"Base":0,"Clamped":-1,"Extruded":0,"Snippet":"","PopupInfo":"\u003chtml xmlns:fo=\"http://www.w3.org/1999/XSL/Format\" xmlns:msxsl=\"urn:schemas-microsoft-com:xslt\"\u003e\n\u003chead\u003e\n\u003cMETA http-equiv=\"Content-Type\" content=\"text/html\"\u003e\n\u003cmeta http-equiv=\"content-type\" content=\"text/html; charset=UTF-8\"\u003e\n\u003c/head\u003e\n\u003cbody style=\"margin:0px 0px 0px 0px;overflow:auto;background:#FFFFFF;\"\u003e\n\u003ctable style=\"font-family:Arial,Verdana,Times;font-size:12px;text-align:left;width:100%;border-collapse:collapse;padding:3px 3px 3px 3px\"\u003e\n\u003ctr style=\"text-align:center;font-weight:bold;background:#9CBCE2\"\u003e\n\u003ctd\u003e18102566,9293\u003c/td\u003e\n\u003c/tr\u003e\n\u003ctr\u003e\n\u003ctd\u003e\n\u003ctable style=\"font-family:Arial,Verdana,Times;font-size:12px;text-align:left;width:100%;border-spacing:0px; padding:3px 3px 3px 3px\"\u003e\n\u003ctr\u003e\n\u003ctd\u003eFID\u003c/td\u003e\n\u003ctd\u003e0\u003c/td\u003e\n\u003c/tr\u003e\n\u003ctr bgcolor=\"#D4E4F3\"\u003e\n\u003ctd\u003eShape_Leng\u003c/td\u003e\n\u003ctd\u003e18102566,9293\u003c/td\u003e\n\u003c/tr\u003e\n\u003c/table\u003e\n\u003c/td\u003e\n\u003c/tr\u003e\n\u003c/table\u003e\n\u003c/body\u003e\u003cscript type=\"text/javascript\"\u003e\n\t\t\t\tfunction changeImage(attElement, nameElement) {\n\t\t\t\tdocument.getElementById('imageAttachment').src = attElement;\n\t\t\t\tdocument.getElementById('imageName').innerHTML = nameElement;}\n\t\t\t\u003c/script\u003e\u003c/html\u003e\n","FID_active_grids":125,"GridID":"O62","Shape_Length":0.00053976032463213207,"Shape_Area":6.7337287052861123e-09}},{"type":"Feature","id":20188,"geometry":{"type":"Polygon","coordinates":[[[115.84179367600007,-7.1519491229999517],[115.84180270000002,-7.1519490279999332],[115.84180262600012,-7.1519419459999654],[115.84174975900009,-7.1519585999999435],[115.84179377100008,-7.1519581369999514],[115.84179367600007,-7.1519491229999517]]]},"properties":{"OBJECTID":20188,"FID_mangrove_utm":20131,"OBJECTID_1":20131,"Name":"18102566,9293","FolderPath":"JATIM/JATIM","SymbolID":0,"AltMode":0,"Base":0,"Clamped":-1,"Extruded":0,"Snippet":"","PopupInfo":"\u003chtml xmlns:fo=\"http://www.w3.org/1999/XSL/Format\" xmlns:msxsl=\"urn:schemas-microsoft-com:xslt\"\u003e\n\u003chead\u003e\n\u003cMETA http-equiv=\"Content-Type\" content=\"text/html\"\u003e\n\u003cmeta http-equiv=\"content-type\" content=\"text/html; charset=UTF-8\"\u003e\n\u003c/head\u003e\n\u003cbody style=\"margin:0px 0px 0px 0px;overflow:auto;background:#FFFFFF;\"\u003e\n\u003ctable style=\"font-family:Arial,Verdana,Times;font-size:12px;text-align:left;width:100%;border-collapse:collapse;padding:3px 3px 3px 3px\"\u003e\n\u003ctr style=\"text-align:center;font-weight:bold;background:#9CBCE2\"\u003e\n\u003ctd\u003e18102566,9293\u003c/td\u003e\n\u003c/tr\u003e\n\u003ctr\u003e\n\u003ctd\u003e\n\u003ctable style=\"font-family:Arial,Verdana,Times;font-size:12px;text-align:left;width:100%;border-spacing:0px; padding:3px 3px 3px 3px\"\u003e\n\u003ctr\u003e\n\u003ctd\u003eFID\u003c/td\u003e\n\u003ctd\u003e0\u003c/td\u003e\n\u003c/tr\u003e\n\u003ctr bgcolor=\"#D4E4F3\"\u003e\n\u003ctd\u003eShape_Leng\u003c/td\u003e\n\u003ctd\u003e18102566,9293\u003c/td\u003e\n\u003c/tr\u003e\n\u003c/table\u003e\n\u003c/td\u003e\n\u003c/tr\u003e\n\u003c/table\u003e\n\u003c/body\u003e\u003cscript type=\"text/javascript\"\u003e\n\t\t\t\tfunction changeImage(attElement, nameElement) {\n\t\t\t\tdocument.getElementById('imageAttachment').src = attElement;\n\t\t\t\tdocument.getElementById('imageName').innerHTML = nameElement;}\n\t\t\t\u003c/script\u003e\u003c/html\u003e\n","FID_active_grids":125,"GridID":"O62","Shape_Length":0.00012456393268463737,"Shape_Area":3.4552815401529483e-10}},{"type":"Feature","id":20190,"geometry":{"type":"Polygon","coordinates":[[[115.84183860700011,-7.1519306209999627],[115.84180896800001,-7.1519399479999493],[115.84183870200002,-7.1519396349999624],[115.84183860700011,-7.1519306209999627]]]},"properties":{"OBJECTID":20190,"FID_mangrove_utm":20133,"OBJECTID_1":20133,"Name":"18102566,9293","FolderPath":"JATIM/JATIM","SymbolID":0,"AltMode":0,"Base":0,"Clamped":-1,"Extruded":0,"Snippet":"","PopupInfo":"\u003chtml xmlns:fo=\"http://www.w3.org/1999/XSL/Format\" xmlns:msxsl=\"urn:schemas-microsoft-com:xslt\"\u003e\n\u003chead\u003e\n\u003cMETA http-equiv=\"Content-Type\" content=\"text/html\"\u003e\n\u003cmeta http-equiv=\"content-type\" content=\"text/html; charset=UTF-8\"\u003e\n\u003c/head\u003e\n\u003cbody style=\"margin:0px 0px 0px 0px;overflow:auto;background:#FFFFFF;\"\u003e\n\u003ctable style=\"font-family:Arial,Verdana,Times;font-size:12px;text-align:left;width:100%;border-collapse:collapse;padding:3px 3px 3px 3px\"\u003e\n\u003ctr style=\"text-align:center;font-weight:bold;background:#9CBCE2\"\u003e\n\u003ctd\u003e18102566,9293\u003c/td\u003e\n\u003c/tr\u003e\n\u003ctr\u003e\n\u003ctd\u003e\n\u003ctable style=\"font-family:Arial,Verdana,Times;font-size:12px;text-align:left;width:100%;border-spacing:0px; padding:3px 3px 3px 3px\"\u003e\n\u003ctr\u003e\n\u003ctd\u003eFID\u003c/td\u003e\n\u003ctd\u003e0\u003c/td\u003e\n\u003c/tr\u003e\n\u003ctr bgcolor=\"#D4E4F3\"\u003e\n\u003ctd\u003eShape_Leng\u003c/td\u003e\n\u003ctd\u003e18102566,9293\u003c/td\u003e\n\u003c/tr\u003e\n\u003c/table\u003e\n\u003c/td\u003e\n\u003c/tr\u003e\n\u003c/table\u003e\n\u003c/body\u003e\u003cscript type=\"text/javascript\"\u003e\n\t\t\t\tfunction changeImage(attElement, nameElement) {\n\t\t\t\tdocument.getElementById('imageAttachment').src = attElement;\n\t\t\t\tdocument.getElementById('imageName').innerHTML = nameElement;}\n\t\t\t\u003c/script\u003e\u003c/html\u003e\n","FID_active_grids":125,"GridID":"O62","Shape_Length":6.982205258901494e-05,"Shape_Area":1.3402600552058616e-10}},{"type":"Feature","id":20191,"geometry":{"type":"Polygon","coordinates":[[[115.84183860700011,-7.1519306209999627],[115.84185665500002,-7.1519304309999256],[115.84185659700006,-7.1519249439999726],[115.84183860700011,-7.1519306209999627]]]},"properties":{"OBJECTID":20191,"FID_mangrove_utm":20134,"OBJECTID_1":20134,"Name":"18102566,9293","FolderPath":"JATIM/JATIM","SymbolID":0,"AltMode":0,"Base":0,"Clamped":-1,"Extruded":0,"Snippet":"","PopupInfo":"\u003chtml xmlns:fo=\"http://www.w3.org/1999/XSL/Format\" xmlns:msxsl=\"urn:schemas-microsoft-com:xslt\"\u003e\n\u003chead\u003e\n\u003cMETA http-equiv=\"Content-Type\" content=\"text/html\"\u003e\n\u003cmeta http-equiv=\"content-type\" content=\"text/html; charset=UTF-8\"\u003e\n\u003c/head\u003e\n\u003cbody style=\"margin:0px 0px 0px 0px;overflow:auto;background:#FFFFFF;\"\u003e\n\u003ctable style=\"font-family:Arial,Verdana,Times;font-size:12px;text-align:left;width:100%;border-collapse:collapse;padding:3px 3px 3px 3px\"\u003e\n\u003ctr style=\"text-align:center;font-weight:bold;background:#9CBCE2\"\u003e\n\u003ctd\u003e18102566,9293\u003c/td\u003e\n\u003c/tr\u003e\n\u003ctr\u003e\n\u003ctd\u003e\n\u003ctable style=\"font-family:Arial,Verdana,Times;font-size:12px;text-align:left;width:100%;border-spacing:0px; padding:3px 3px 3px 3px\"\u003e\n\u003ctr\u003e\n\u003ctd\u003eFID\u003c/td\u003e\n\u003ctd\u003e0\u003c/td\u003e\n\u003c/tr\u003e\n\u003ctr bgcolor=\"#D4E4F3\"\u003e\n\u003ctd\u003eShape_Leng\u003c/td\u003e\n\u003ctd\u003e18102566,9293\u003c/td\u003e\n\u003c/tr\u003e\n\u003c/table\u003e\n\u003c/td\u003e\n\u003c/tr\u003e\n\u003c/table\u003e\n\u003c/body\u003e\u003cscript type=\"text/javascript\"\u003e\n\t\t\t\tfunction changeImage(attElement, nameElement) {\n\t\t\t\tdocument.getElementById('imageAttachment').src = attElement;\n\t\t\t\tdocument.getElementById('imageName').innerHTML = nameElement;}\n\t\t\t\u003c/script\u003e\u003c/html\u003e\n","FID_active_grids":125,"GridID":"O62","Shape_Length":4.2400781735447202e-05,"Shape_Area":4.9520197303518382e-11}},{"type":"Feature","id":20196,"geometry":{"type":"Polygon","coordinates":[[[115.83947445600006,-7.1517917169999805],[115.83946953400005,-7.1517482389999714],[115.83946304600011,-7.1517483069999344],[115.83946323600003,-7.1517663339999444],[115.83945421200008,-7.151766428999963],[115.83945440200011,-7.151784455999973],[115.83944537800005,-7.1517845509999347],[115.83944547300007,-7.151793563999945],[115.83943644900012,-7.1517936589999636],[115.83943663900004,-7.1518116859999736],[115.83942761500009,-7.1518117809999353],[115.83942799500005,-7.1518478349999555],[115.8394189710001,-7.151847929999974],[115.839419066,-7.1518569439999737],[115.83941004200005,-7.1518570389999354],[115.83941061300004,-7.1519111189999762],[115.83941963700011,-7.1519110239999577],[115.83941973200001,-7.1519200379999575],[115.83945582900003,-7.1519196579999402],[115.83945592400005,-7.1519286709999506],[115.83947397300005,-7.1519284809999704],[115.83947406800007,-7.1519374949999701],[115.83948309200002,-7.1519373999999516],[115.83948318700004,-7.1519464129999619],[115.83951026000011,-7.1519461279999632],[115.83951035500002,-7.1519551409999735],[115.83952840300003,-7.1519549509999365],[115.83952830800001,-7.1519459379999262],[115.83954635700002,-7.151945747999946],[115.83954645200004,-7.1519547609999563],[115.83956523300003,-7.1519545639999365],[115.83947445600006,-7.1517917169999805]]]},"properties":{"OBJECTID":20196,"FID_mangrove_utm":20139,"OBJECTID_1":20139,"Name":"18102566,9293","FolderPath":"JATIM/JATIM","SymbolID":0,"AltMode":0,"Base":0,"Clamped":-1,"Extruded":0,"Snippet":"","PopupInfo":"\u003chtml xmlns:fo=\"http://www.w3.org/1999/XSL/Format\" xmlns:msxsl=\"urn:schemas-microsoft-com:xslt\"\u003e\n\u003chead\u003e\n\u003cMETA http-equiv=\"Content-Type\" content=\"text/html\"\u003e\n\u003cmeta http-equiv=\"content-type\" content=\"text/html; charset=UTF-8\"\u003e\n\u003c/head\u003e\n\u003cbody style=\"margin:0px 0px 0px 0px;overflow:auto;background:#FFFFFF;\"\u003e\n\u003ctable style=\"font-family:Arial,Verdana,Times;font-size:12px;text-align:left;width:100%;border-collapse:collapse;padding:3px 3px 3px 3px\"\u003e\n\u003ctr style=\"text-align:center;font-weight:bold;background:#9CBCE2\"\u003e\n\u003ctd\u003e18102566,9293\u003c/td\u003e\n\u003c/tr\u003e\n\u003ctr\u003e\n\u003ctd\u003e\n\u003ctable style=\"font-family:Arial,Verdana,Times;font-size:12px;text-align:left;width:100%;border-spacing:0px; padding:3px 3px 3px 3px\"\u003e\n\u003ctr\u003e\n\u003ctd\u003eFID\u003c/td\u003e\n\u003ctd\u003e0\u003c/td\u003e\n\u003c/tr\u003e\n\u003ctr bgcolor=\"#D4E4F3\"\u003e\n\u003ctd\u003eShape_Leng\u003c/td\u003e\n\u003ctd\u003e18102566,9293\u003c/td\u003e\n\u003c/tr\u003e\n\u003c/table\u003e\n\u003c/td\u003e\n\u003c/tr\u003e\n\u003c/table\u003e\n\u003c/body\u003e\u003cscript type=\"text/javascript\"\u003e\n\t\t\t\tfunction changeImage(attElement, nameElement) {\n\t\t\t\tdocument.getElementById('imageAttachment').src = attElement;\n\t\t\t\tdocument.getElementById('imageName').innerHTML = nameElement;}\n\t\t\t\u003c/script\u003e\u003c/html\u003e\n","FID_active_grids":125,"GridID":"O62","Shape_Length":0.00067033142188478625,"Shape_Area":1.4591429650761048e-08}},{"type":"Feature","id":20199,"geometry":{"type":"Polygon","coordinates":[[[115.86423375200002,-7.1514507839999624],[115.86421570400012,-7.151450974999932],[115.86421580000001,-7.1514599879999423],[115.86420677600006,-7.1514600829999608],[115.86420744500003,-7.1515231749999657],[115.8642164690001,-7.1515230799999472],[115.86421656400012,-7.1515320929999575],[115.8642616840001,-7.1515316149999535],[115.86426139700006,-7.1515045759999794],[115.86427042100001,-7.1515044799999714],[115.86427003900008,-7.1514684279999301],[115.86426101500001,-7.1514685229999486],[115.86426091900012,-7.1514595099999383],[115.86423384700004,-7.1514597969999727],[115.86423375200002,-7.1514507839999624]]]},"properties":{"OBJECTID":20199,"FID_mangrove_utm":20142,"OBJECTID_1":20142,"Name":"18102566,9293","FolderPath":"JATIM/JATIM","SymbolID":0,"AltMode":0,"Base":0,"Clamped":-1,"Extruded":0,"Snippet":"","PopupInfo":"\u003chtml xmlns:fo=\"http://www.w3.org/1999/XSL/Format\" xmlns:msxsl=\"urn:schemas-microsoft-com:xslt\"\u003e\n\u003chead\u003e\n\u003cMETA http-equiv=\"Content-Type\" content=\"text/html\"\u003e\n\u003cmeta http-equiv=\"content-type\" content=\"text/html; charset=UTF-8\"\u003e\n\u003c/head\u003e\n\u003cbody style=\"margin:0px 0px 0px 0px;overflow:auto;background:#FFFFFF;\"\u003e\n\u003ctable style=\"font-family:Arial,Verdana,Times;font-size:12px;text-align:left;width:100%;border-collapse:collapse;padding:3px 3px 3px 3px\"\u003e\n\u003ctr style=\"text-align:center;font-weight:bold;background:#9CBCE2\"\u003e\n\u003ctd\u003e18102566,9293\u003c/td\u003e\n\u003c/tr\u003e\n\u003ctr\u003e\n\u003ctd\u003e\n\u003ctable style=\"font-family:Arial,Verdana,Times;font-size:12px;text-align:left;width:100%;border-spacing:0px; padding:3px 3px 3px 3px\"\u003e\n\u003ctr\u003e\n\u003ctd\u003eFID\u003c/td\u003e\n\u003ctd\u003e0\u003c/td\u003e\n\u003c/tr\u003e\n\u003ctr bgcolor=\"#D4E4F3\"\u003e\n\u003ctd\u003eShape_Leng\u003c/td\u003e\n\u003ctd\u003e18102566,9293\u003c/td\u003e\n\u003c/tr\u003e\n\u003c/table\u003e\n\u003c/td\u003e\n\u003c/tr\u003e\n\u003c/table\u003e\n\u003c/body\u003e\u003cscript type=\"text/javascript\"\u003e\n\t\t\t\tfunction changeImage(attElement, nameElement) {\n\t\t\t\tdocument.getElementById('imageAttachment').src = attElement;\n\t\t\t\tdocument.getElementById('imageName').innerHTML = nameElement;}\n\t\t\t\u003c/script\u003e\u003c/html\u003e\n","FID_active_grids":125,"GridID":"O62","Shape_Length":0.00028858719202135219,"Shape_Area":4.3111494051844233e-09}},{"type":"Feature","id":20201,"geometry":{"type":"Polygon","coordinates":[[[115.84260223800004,-7.1515980579999336],[115.84256614100002,-7.1515984379999509],[115.84256642700007,-7.1516254779999713],[115.84254837800006,-7.1516256689999409],[115.84254856900009,-7.1516436949999616],[115.84253954500002,-7.1516437899999801],[115.84253964000004,-7.1516528039999798],[115.84254866400011,-7.1516527089999613],[115.84254875900001,-7.1516617219999716],[115.84259388000009,-7.1516612469999359],[115.84259359500004,-7.1516342069999723],[115.8426026190001,-7.1516341109999644],[115.84260242900007,-7.1516160849999437],[115.84261145300002,-7.1516159899999252],[115.84261135800011,-7.1516069759999255],[115.84260233300006,-7.151607070999944],[115.84260223800004,-7.1515980579999336]]]},"properties":{"OBJECTID":20201,"FID_mangrove_utm":20144,"OBJECTID_1":20144,"Name":"18102566,9293","FolderPath":"JATIM/JATIM","SymbolID":0,"AltMode":0,"Base":0,"Clamped":-1,"Extruded":0,"Snippet":"","PopupInfo":"\u003chtml xmlns:fo=\"http://www.w3.org/1999/XSL/Format\" xmlns:msxsl=\"urn:schemas-microsoft-com:xslt\"\u003e\n\u003chead\u003e\n\u003cMETA http-equiv=\"Content-Type\" content=\"text/html\"\u003e\n\u003cmeta http-equiv=\"content-type\" content=\"text/html; charset=UTF-8\"\u003e\n\u003c/head\u003e\n\u003cbody style=\"margin:0px 0px 0px 0px;overflow:auto;background:#FFFFFF;\"\u003e\n\u003ctable style=\"font-family:Arial,Verdana,Times;font-size:12px;text-align:left;width:100%;border-collapse:collapse;padding:3px 3px 3px 3px\"\u003e\n\u003ctr style=\"text-align:center;font-weight:bold;background:#9CBCE2\"\u003e\n\u003ctd\u003e18102566,9293\u003c/td\u003e\n\u003c/tr\u003e\n\u003ctr\u003e\n\u003ctd\u003e\n\u003ctable style=\"font-family:Arial,Verdana,Times;font-size:12px;text-align:left;width:100%;border-spacing:0px; padding:3px 3px 3px 3px\"\u003e\n\u003ctr\u003e\n\u003ctd\u003eFID\u003c/td\u003e\n\u003ctd\u003e0\u003c/td\u003e\n\u003c/tr\u003e\n\u003ctr bgcolor=\"#D4E4F3\"\u003e\n\u003ctd\u003eShape_Leng\u003c/td\u003e\n\u003ctd\u003e18102566,9293\u003c/td\u003e\n\u003c/tr\u003e\n\u003c/table\u003e\n\u003c/td\u003e\n\u003c/tr\u003e\n\u003c/table\u003e\n\u003c/body\u003e\u003cscript type=\"text/javascript\"\u003e\n\t\t\t\tfunction changeImage(attElement, nameElement) {\n\t\t\t\tdocument.getElementById('imageAttachment').src = attElement;\n\t\t\t\tdocument.getElementById('imageName').innerHTML = nameElement;}\n\t\t\t\u003c/script\u003e\u003c/html\u003e\n","FID_active_grids":125,"GridID":"O62","Shape_Length":0.00027058905196256268,"Shape_Area":2.8471990431171202e-09}},{"type":"Feature","id":20203,"geometry":{"type":"Polygon","coordinates":[[[115.86262644300007,-7.1513686339999367],[115.86263546700002,-7.151368538999975],[115.86263537200011,-7.1513595259999647],[115.86264439500007,-7.1513594299999568],[115.86264430000006,-7.1513504169999464],[115.86265332400001,-7.1513503219999279],[115.86265326700004,-7.1513449499999524],[115.8622343400001,-7.1513684419999777],[115.86171883100008,-7.151445019999926],[115.86057636100008,-7.151971686999957],[115.86023946500006,-7.1521159039999702],[115.85982916400008,-7.1522148899999252],[115.85953180000001,-7.1522209819999603],[115.85953088800011,-7.1522207239999602],[115.85953089800012,-7.1522216619999313],[115.85953992200007,-7.1522215659999802],[115.85954001700009,-7.1522305799999799],[115.85954904100004,-7.152230483999972],[115.85954913700004,-7.1522394969999254],[115.85956718500006,-7.1522393059999558],[115.85956728000008,-7.1522483199999556],[115.85957630400003,-7.1522482239999476],[115.85957640000004,-7.152257236999958],[115.8595854240001,-7.1522571419999394],[115.85958551900001,-7.1522661549999498],[115.85959454300007,-7.1522660599999313],[115.85959463900008,-7.1522750729999416],[115.85963073500011,-7.1522746909999455],[115.85963083000001,-7.1522837039999558],[115.85964887800003,-7.1522835139999756],[115.85964897400004,-7.1522925269999291],[115.85967604600012,-7.152292240999941],[115.85967633200005,-7.152319279999972],[115.85984778800002,-7.1523174669999321],[115.85984769200002,-7.1523084539999786],[115.85989281200011,-7.152307976999964],[115.85989290800001,-7.1523169899999743],[115.85994705200005,-7.1523164169999518],[115.85994695600004,-7.1523074039999415],[115.85995598000011,-7.1523073089999798],[115.85995588500009,-7.1522982959999695],[115.85996490900004,-7.1522981999999615],[115.85996500400006,-7.1523072129999719],[115.85998305200008,-7.1523070229999348],[115.85998295700006,-7.1522980089999351],[115.85999198100001,-7.1522979139999734],[115.85999188500011,-7.1522889009999631],[115.86000090900006,-7.1522888049999551],[115.86000081400005,-7.1522797919999448],[115.86001886200006,-7.1522796009999752],[115.86001876600005,-7.1522705879999648],[115.86004583800002,-7.1522703019999767],[115.86004574200001,-7.1522612889999664],[115.86011793400007,-7.1522605249999742],[115.86011783900005,-7.1522515119999639],[115.860126863,-7.1522514169999454],[115.86012676700011,-7.152242403999935],[115.86024407900004,-7.1522411629999283],[115.86024398300003,-7.1522321499999748],[115.86026203100005,-7.1522319589999483],[115.86026212700006,-7.1522409719999587],[115.86028919900002,-7.1522406859999705],[115.86028929400004,-7.1522496989999809],[115.8602983180001,-7.1522496039999623],[115.86029822300009,-7.152240590999952],[115.8603162710001,-7.1522403999999256],[115.86031617500009,-7.1522313869999721],[115.86037031900003,-7.1522308139999495],[115.86037022300002,-7.1522218009999392],[115.86038827100003,-7.1522216099999696],[115.86038817600001,-7.1522125969999593],[115.86039720000008,-7.1522125009999513],[115.86039710400007,-7.152203487999941],[115.86040612800002,-7.1522033929999793],[115.86040603300012,-7.152194379999969],[115.86042408100002,-7.1521941889999425],[115.86042398500001,-7.1521851759999322],[115.86045105700009,-7.1521848889999546],[115.86045096100008,-7.1521758759999443],[115.86047803300005,-7.1521755899999562],[115.86047793800003,-7.1521665769999458],[115.8604869620001,-7.1521664809999379],[115.86048686600009,-7.1521574679999276],[115.8605049140001,-7.152157276999958],[115.86050481900008,-7.1521482639999476],[115.86053189000006,-7.1521479779999595],[115.86053179500004,-7.1521389649999492],[115.86054081900011,-7.1521388689999412],[115.8605407230001,-7.1521298559999309],[115.86054974700005,-7.1521297609999692],[115.86054965200003,-7.1521207469999695],[115.86056770000005,-7.1521205569999324],[115.86056750900002,-7.1521025299999792],[115.86057653300008,-7.1521024349999607],[115.86057643700008,-7.1520934219999504],[115.86058546100003,-7.1520933259999424],[115.86058536500002,-7.1520843129999321],[115.86059438900008,-7.1520842179999704],[115.86059429400007,-7.1520752039999707],[115.86061234200008,-7.1520750139999336],[115.86061224600007,-7.1520659999999339],[115.86062127000002,-7.1520659049999722],[115.86062117500001,-7.1520568919999619],[115.86063019900007,-7.1520567959999539],[115.86063000800004,-7.1520387699999333],[115.86063903200011,-7.1520386749999716],[115.8606389360001,-7.1520296619999613],[115.86066600800007,-7.1520293749999269],[115.86066581700004,-7.152011348999963],[115.86069288900001,-7.1520110629999749],[115.86069279300011,-7.1520020489999752],[115.86071986500008,-7.1520017629999302],[115.86071976900007,-7.1519927499999767],[115.86073781700009,-7.1519925589999502],[115.86073772200007,-7.1519835459999399],[115.86076479400003,-7.1519832599999518],[115.86076460300001,-7.1519652329999417],[115.86080069900004,-7.151964851999935],[115.86080060300003,-7.1519558379999353],[115.86080962700009,-7.1519557429999736],[115.86080953100009,-7.1519467299999633],[115.86081855500004,-7.1519466339999553],[115.86081846000002,-7.151937620999945],[115.8608455320001,-7.1519373349999569],[115.86084543600009,-7.1519283219999465],[115.86086348400011,-7.1519281309999769],[115.8608633880001,-7.1519191179999666],[115.86089046000006,-7.1519188309999322],[115.86089036500005,-7.1519098179999787],[115.86090841300006,-7.1519096269999523],[115.86090831700005,-7.1519006139999419],[115.86093538900002,-7.1519003279999538],[115.86093529400011,-7.1518913149999435],[115.86094431700008,-7.1518912189999355],[115.86094422200006,-7.1518822059999252],[115.86100739000005,-7.151881537999941],[115.86100729400005,-7.1518725249999306],[115.86103436600001,-7.1518722389999425],[115.86103427,-7.1518632259999322],[115.86104329400007,-7.1518631299999811],[115.86104339000008,-7.1518721429999346],[115.86107948600011,-7.1518717619999279],[115.86107929500008,-7.1518537349999747],[115.86108831900003,-7.1518536399999562],[115.86108822300002,-7.1518446269999458],[115.86109724700009,-7.1518445309999379],[115.86109715100008,-7.1518355179999276],[115.8611151990001,-7.1518353269999579],[115.86111510400008,-7.1518263139999476],[115.86113315200009,-7.151826122999978],[115.86113305600009,-7.1518171099999677],[115.86116012800005,-7.1518168239999795],[115.86116003200004,-7.1518078109999692],[115.86117808000006,-7.1518076199999427],[115.86117798500004,-7.151798605999943],[115.86121408100007,-7.1517982249999363],[115.86121398500006,-7.151789211999926],[115.86125008100009,-7.1517888299999299],[115.86124998500009,-7.1517798169999764],[115.86127705700005,-7.151779529999942],[115.86127696200003,-7.1517705169999317],[115.86129501000005,-7.1517703259999621],[115.86129491400004,-7.1517613129999518],[115.86131296200006,-7.1517611219999253],[115.86131286600005,-7.1517521089999718],[115.86132189000011,-7.1517520139999533],[115.86132179500009,-7.151743000999943],[115.86133984300011,-7.1517428099999734],[115.8613397470001,-7.1517337959999736],[115.86135779500012,-7.1517336059999366],[115.86135769900011,-7.1517245919999368],[115.86142989100006,-7.1517238289999341],[115.86142979500005,-7.1517148159999806],[115.86144784300006,-7.1517146249999541],[115.86144774800005,-7.1517056119999438],[115.86149286800003,-7.1517051349999292],[115.86149277200002,-7.1516961209999295],[115.86154691600007,-7.1516955489999532],[115.86154682000006,-7.1516865359999429],[115.86158291600009,-7.1516861539999468],[115.86158282000008,-7.1516771409999365],[115.8616008680001,-7.1516769499999668],[115.8616009640001,-7.1516859629999772],[115.86160998800005,-7.1516858669999692],[115.86160989200005,-7.1516768539999589],[115.86162794000006,-7.1516766629999324],[115.86162784500004,-7.1516676499999789],[115.86163686800001,-7.1516675549999604],[115.8616367730001,-7.1516585419999501],[115.86164579700005,-7.1516584459999422],[115.86164570100004,-7.1516494329999318],[115.86168179700007,-7.1516490509999358],[115.86168170200006,-7.1516400379999254],[115.86170877300003,-7.1516397519999373],[115.86170867800001,-7.151630738999927],[115.86178086900009,-7.1516299749999348],[115.86178077400007,-7.1516209619999813],[115.86179882200008,-7.1516207709999549],[115.86179901300011,-7.1516387969999755],[115.86181706100001,-7.151638605999949],[115.86181715600003,-7.1516476199999488],[115.86184422800011,-7.1516473329999712],[115.8618441320001,-7.1516383199999609],[115.86188925200008,-7.1516378429999463],[115.86188915700006,-7.151628829999936],[115.86189818100002,-7.151628733999928],[115.86189808500001,-7.1516197209999746],[115.86192515700009,-7.1516194349999296],[115.86192506100008,-7.1516104219999761],[115.86193408500003,-7.1516103259999682],[115.86193399000001,-7.1516013129999578],[115.86194301400008,-7.1516012179999393],[115.86194291800007,-7.1515922039999396],[115.8619790140001,-7.1515918229999329],[115.86197891800009,-7.1515828089999331],[115.86199696600011,-7.151582618999953],[115.86199687100009,-7.1515736049999532],[115.86200589400005,-7.1515735099999347],[115.86200579900003,-7.1515644969999812],[115.86203287100011,-7.1515642099999468],[115.8620327750001,-7.1515551969999365],[115.86207789500008,-7.1515547199999787],[115.86207779900008,-7.1515457069999684],[115.86212291900006,-7.1515452299999538],[115.86212282300005,-7.151536215999954],[115.86221306300001,-7.1515352619999248],[115.862212967,-7.1515262489999714],[115.86231223000004,-7.1515251989999342],[115.86231213500002,-7.1515161859999807],[115.86234823100006,-7.1515158039999278],[115.86234803900004,-7.151497777999964],[115.8623570630001,-7.1514976819999561],[115.86235696800009,-7.1514886689999457],[115.86236599200004,-7.1514885729999378],[115.86236589600003,-7.1514795599999275],[115.86240199200006,-7.1514791789999776],[115.86240189600005,-7.1514701649999779],[115.86243799200008,-7.1514697839999712],[115.86243789600007,-7.1514607699999715],[115.86249204000001,-7.1514601979999384],[115.86249194400011,-7.151451184999928],[115.86251901600008,-7.1514508979999505],[115.86251892100006,-7.1514418849999402],[115.86253696900008,-7.1514416939999705],[115.86253706400009,-7.1514507069999809],[115.86254608800004,-7.1514506119999623],[115.86254599200004,-7.151441598999952],[115.86256404000005,-7.1514414079999256],[115.86256394500003,-7.1514323949999721],[115.8625729690001,-7.1514322989999641],[115.86257287300009,-7.1514232859999538],[115.86259092100011,-7.1514230949999273],[115.8625908250001,-7.1514140819999739],[115.86260887300011,-7.1514138909999474],[115.86260858600008,-7.1513868519999733],[115.86261761000003,-7.1513867559999653],[115.86261751500001,-7.151377742999955],[115.86262653900008,-7.1513776479999365],[115.86262644300007,-7.1513686339999367]]]},"properties":{"OBJECTID":20203,"FID_mangrove_utm":20146,"OBJECTID_1":20146,"Name":"18102566,9293","FolderPath":"JATIM/JATIM","SymbolID":0,"AltMode":0,"Base":0,"Clamped":-1,"Extruded":0,"Snippet":"","PopupInfo":"\u003chtml xmlns:fo=\"http://www.w3.org/1999/XSL/Format\" xmlns:msxsl=\"urn:schemas-microsoft-com:xslt\"\u003e\n\u003chead\u003e\n\u003cMETA http-equiv=\"Content-Type\" content=\"text/html\"\u003e\n\u003cmeta http-equiv=\"content-type\" content=\"text/html; charset=UTF-8\"\u003e\n\u003c/head\u003e\n\u003cbody style=\"margin:0px 0px 0px 0px;overflow:auto;background:#FFFFFF;\"\u003e\n\u003ctable style=\"font-family:Arial,Verdana,Times;font-size:12px;text-align:left;width:100%;border-collapse:collapse;padding:3px 3px 3px 3px\"\u003e\n\u003ctr style=\"text-align:center;font-weight:bold;background:#9CBCE2\"\u003e\n\u003ctd\u003e18102566,9293\u003c/td\u003e\n\u003c/tr\u003e\n\u003ctr\u003e\n\u003ctd\u003e\n\u003ctable style=\"font-family:Arial,Verdana,Times;font-size:12px;text-align:left;width:100%;border-spacing:0px; padding:3px 3px 3px 3px\"\u003e\n\u003ctr\u003e\n\u003ctd\u003eFID\u003c/td\u003e\n\u003ctd\u003e0\u003c/td\u003e\n\u003c/tr\u003e\n\u003ctr bgcolor=\"#D4E4F3\"\u003e\n\u003ctd\u003eShape_Leng\u003c/td\u003e\n\u003ctd\u003e18102566,9293\u003c/td\u003e\n\u003c/tr\u003e\n\u003c/table\u003e\n\u003c/td\u003e\n\u003c/tr\u003e\n\u003c/table\u003e\n\u003c/body\u003e\u003cscript type=\"text/javascript\"\u003e\n\t\t\t\tfunction changeImage(attElement, nameElement) {\n\t\t\t\tdocument.getElementById('imageAttachment').src = attElement;\n\t\t\t\tdocument.getElementById('imageName').innerHTML = nameElement;}\n\t\t\t\u003c/script\u003e\u003c/html\u003e\n","FID_active_grids":125,"GridID":"O62","Shape_Length":0.0076403361525387769,"Shape_Area":3.9544516175399737e-07}},{"type":"Feature","id":20210,"geometry":{"type":"Polygon","coordinates":[[[115.87334291400009,-7.1511830309999596],[115.87333677900006,-7.1511632819999704],[115.8733369900001,-7.1511830939999754],[115.87334291400009,-7.1511830309999596]]]},"properties":{"OBJECTID":20210,"FID_mangrove_utm":20153,"OBJECTID_1":20153,"Name":"18102566,9293","FolderPath":"JATIM/JATIM","SymbolID":0,"AltMode":0,"Base":0,"Clamped":-1,"Extruded":0,"Snippet":"","PopupInfo":"\u003chtml xmlns:fo=\"http://www.w3.org/1999/XSL/Format\" xmlns:msxsl=\"urn:schemas-microsoft-com:xslt\"\u003e\n\u003chead\u003e\n\u003cMETA http-equiv=\"Content-Type\" content=\"text/html\"\u003e\n\u003cmeta http-equiv=\"content-type\" content=\"text/html; charset=UTF-8\"\u003e\n\u003c/head\u003e\n\u003cbody style=\"margin:0px 0px 0px 0px;overflow:auto;background:#FFFFFF;\"\u003e\n\u003ctable style=\"font-family:Arial,Verdana,Times;font-size:12px;text-align:left;width:100%;border-collapse:collapse;padding:3px 3px 3px 3px\"\u003e\n\u003ctr style=\"text-align:center;font-weight:bold;background:#9CBCE2\"\u003e\n\u003ctd\u003e18102566,9293\u003c/td\u003e\n\u003c/tr\u003e\n\u003ctr\u003e\n\u003ctd\u003e\n\u003ctable style=\"font-family:Arial,Verdana,Times;font-size:12px;text-align:left;width:100%;border-spacing:0px; padding:3px 3px 3px 3px\"\u003e\n\u003ctr\u003e\n\u003ctd\u003eFID\u003c/td\u003e\n\u003ctd\u003e0\u003c/td\u003e\n\u003c/tr\u003e\n\u003ctr bgcolor=\"#D4E4F3\"\u003e\n\u003ctd\u003eShape_Leng\u003c/td\u003e\n\u003ctd\u003e18102566,9293\u003c/td\u003e\n\u003c/tr\u003e\n\u003c/table\u003e\n\u003c/td\u003e\n\u003c/tr\u003e\n\u003c/table\u003e\n\u003c/body\u003e\u003cscript type=\"text/javascript\"\u003e\n\t\t\t\tfunction changeImage(attElement, nameElement) {\n\t\t\t\tdocument.getElementById('imageAttachment').src = attElement;\n\t\t\t\tdocument.getElementById('imageName').innerHTML = nameElement;}\n\t\t\t\u003c/script\u003e\u003c/html\u003e\n","FID_active_grids":125,"GridID":"O62","Shape_Length":4.6417430152133761e-05,"Shape_Area":5.8689790446249014e-11}},{"type":"Feature","id":20211,"geometry":{"type":"Polygon","coordinates":[[[115.83946100300011,-7.1515229669999485],[115.83948463200011,-7.1514776459999325],[115.83947824000006,-7.1514777139999524],[115.83947833600007,-7.1514867269999627],[115.83946028700007,-7.1514869169999429],[115.83946066800002,-7.151522970999963],[115.83946100300011,-7.1515229669999485]]]},"properties":{"OBJECTID":20211,"FID_mangrove_utm":20154,"OBJECTID_1":20154,"Name":"18102566,9293","FolderPath":"JATIM/JATIM","SymbolID":0,"AltMode":0,"Base":0,"Clamped":-1,"Extruded":0,"Snippet":"","PopupInfo":"\u003chtml xmlns:fo=\"http://www.w3.org/1999/XSL/Format\" xmlns:msxsl=\"urn:schemas-microsoft-com:xslt\"\u003e\n\u003chead\u003e\n\u003cMETA http-equiv=\"Content-Type\" content=\"text/html\"\u003e\n\u003cmeta http-equiv=\"content-type\" content=\"text/html; charset=UTF-8\"\u003e\n\u003c/head\u003e\n\u003cbody style=\"margin:0px 0px 0px 0px;overflow:auto;background:#FFFFFF;\"\u003e\n\u003ctable style=\"font-family:Arial,Verdana,Times;font-size:12px;text-align:left;width:100%;border-collapse:collapse;padding:3px 3px 3px 3px\"\u003e\n\u003ctr style=\"text-align:center;font-weight:bold;background:#9CBCE2\"\u003e\n\u003ctd\u003e18102566,9293\u003c/td\u003e\n\u003c/tr\u003e\n\u003ctr\u003e\n\u003ctd\u003e\n\u003ctable style=\"font-family:Arial,Verdana,Times;font-size:12px;text-align:left;width:100%;border-spacing:0px; padding:3px 3px 3px 3px\"\u003e\n\u003ctr\u003e\n\u003ctd\u003eFID\u003c/td\u003e\n\u003ctd\u003e0\u003c/td\u003e\n\u003c/tr\u003e\n\u003ctr bgcolor=\"#D4E4F3\"\u003e\n\u003ctd\u003eShape_Leng\u003c/td\u003e\n\u003ctd\u003e18102566,9293\u003c/td\u003e\n\u003c/tr\u003e\n\u003c/table\u003e\n\u003c/td\u003e\n\u003c/tr\u003e\n\u003c/table\u003e\n\u003c/body\u003e\u003cscript type=\"text/javascript\"\u003e\n\t\t\t\tfunction changeImage(attElement, nameElement) {\n\t\t\t\tdocument.getElementById('imageAttachment').src = attElement;\n\t\t\t\tdocument.getElementById('imageName').innerHTML = nameElement;}\n\t\t\t\u003c/script\u003e\u003c/html\u003e\n","FID_active_grids":125,"GridID":"O62","Shape_Length":0.00012095779622428576,"Shape_Area":3.9563290015795665e-10}},{"type":"Feature","id":20213,"geometry":{"type":"Polygon","coordinates":[[[115.83948935800004,-7.1514685819999499],[115.8394871700001,-7.1514686049999341],[115.8394872130001,-7.1514726969999742],[115.83948935800004,-7.1514685819999499]]]},"properties":{"OBJECTID":20213,"FID_mangrove_utm":20156,"OBJECTID_1":20156,"Name":"18102566,9293","FolderPath":"JATIM/JATIM","SymbolID":0,"AltMode":0,"Base":0,"Clamped":-1,"Extruded":0,"Snippet":"","PopupInfo":"\u003chtml xmlns:fo=\"http://www.w3.org/1999/XSL/Format\" xmlns:msxsl=\"urn:schemas-microsoft-com:xslt\"\u003e\n\u003chead\u003e\n\u003cMETA http-equiv=\"Content-Type\" content=\"text/html\"\u003e\n\u003cmeta http-equiv=\"content-type\" content=\"text/html; charset=UTF-8\"\u003e\n\u003c/head\u003e\n\u003cbody style=\"margin:0px 0px 0px 0px;overflow:auto;background:#FFFFFF;\"\u003e\n\u003ctable style=\"font-family:Arial,Verdana,Times;font-size:12px;text-align:left;width:100%;border-collapse:collapse;padding:3px 3px 3px 3px\"\u003e\n\u003ctr style=\"text-align:center;font-weight:bold;background:#9CBCE2\"\u003e\n\u003ctd\u003e18102566,9293\u003c/td\u003e\n\u003c/tr\u003e\n\u003ctr\u003e\n\u003ctd\u003e\n\u003ctable style=\"font-family:Arial,Verdana,Times;font-size:12px;text-align:left;width:100%;border-spacing:0px; padding:3px 3px 3px 3px\"\u003e\n\u003ctr\u003e\n\u003ctd\u003eFID\u003c/td\u003e\n\u003ctd\u003e0\u003c/td\u003e\n\u003c/tr\u003e\n\u003ctr bgcolor=\"#D4E4F3\"\u003e\n\u003ctd\u003eShape_Leng\u003c/td\u003e\n\u003ctd\u003e18102566,9293\u003c/td\u003e\n\u003c/tr\u003e\n\u003c/table\u003e\n\u003c/td\u003e\n\u003c/tr\u003e\n\u003c/table\u003e\n\u003c/body\u003e\u003cscript type=\"text/javascript\"\u003e\n\t\t\t\tfunction changeImage(attElement, nameElement) {\n\t\t\t\tdocument.getElementById('imageAttachment').src = attElement;\n\t\t\t\tdocument.getElementById('imageName').innerHTML = nameElement;}\n\t\t\t\u003c/script\u003e\u003c/html\u003e\n","FID_active_grids":125,"GridID":"O62","Shape_Length":1.0920847829229489e-05,"Shape_Area":4.4771424196959639e-12}},{"type":"Feature","id":20218,"geometry":{"type":"Polygon","coordinates":[[[115.86378083600005,-7.1512933219999582],[115.86378045300012,-7.1512572699999737],[115.86378947700007,-7.1512571739999657],[115.86378919000003,-7.1512301349999348],[115.8637982140001,-7.1512300389999268],[115.86379724200003,-7.1511383509999291],[115.86374920700007,-7.1512063369999623],[115.86356292000005,-7.1512974769999573],[115.86345603800009,-7.1513027379999698],[115.86345626100001,-7.1513237989999539],[115.86344723800005,-7.1513238939999724],[115.86344752400009,-7.1513509339999359],[115.86345654800004,-7.151350837999928],[115.86345683500008,-7.151377876999959],[115.86346585900003,-7.1513777819999405],[115.86346595500004,-7.1513867949999508],[115.86347497800011,-7.1513866999999323],[115.86347507400001,-7.1513957129999426],[115.86349312200002,-7.151395521999973],[115.86349321700004,-7.1514045349999265],[115.86350224100011,-7.1514044389999754],[115.86350233700011,-7.1514134529999751],[115.86352940900008,-7.1514131659999407],[115.86352921800005,-7.1513951399999769],[115.86355628900003,-7.1513948529999425],[115.86355619400001,-7.1513858399999322],[115.86356521800008,-7.1513857449999705],[115.86356512200007,-7.1513767319999602],[115.86357414600002,-7.1513766359999522],[115.8635738590001,-7.1513495969999781],[115.86358288300005,-7.1513495009999701],[115.86358269200002,-7.1513314749999495],[115.86359171600009,-7.151331379999931],[115.86359162000008,-7.1513223669999775],[115.86360064400003,-7.1513222709999695],[115.86360045300012,-7.1513042449999489],[115.86360947700007,-7.1513041489999409],[115.86360938100006,-7.1512951359999306],[115.86362742900008,-7.151294944999961],[115.86362752500008,-7.1513039579999713],[115.86368166800003,-7.1513033849999488],[115.86368176400003,-7.1513123989999485],[115.86369981200005,-7.1513122079999789],[115.86369990700007,-7.1513212209999324],[115.86371795500008,-7.1513210299999628],[115.86371805100009,-7.1513300429999731],[115.86373609800012,-7.1513298519999466],[115.8637360030001,-7.1513208389999363],[115.86375405100011,-7.1513206479999667],[115.8637538590001,-7.151302621999946],[115.86377190700011,-7.1513024309999764],[115.8637718120001,-7.1512934179999661],[115.86378083600005,-7.1512933219999582]]]},"properties":{"OBJECTID":20218,"FID_mangrove_utm":20161,"OBJECTID_1":20161,"Name":"18102566,9293","FolderPath":"JATIM/JATIM","SymbolID":0,"AltMode":0,"Base":0,"Clamped":-1,"Extruded":0,"Snippet":"","PopupInfo":"\u003chtml xmlns:fo=\"http://www.w3.org/1999/XSL/Format\" xmlns:msxsl=\"urn:schemas-microsoft-com:xslt\"\u003e\n\u003chead\u003e\n\u003cMETA http-equiv=\"Content-Type\" content=\"text/html\"\u003e\n\u003cmeta http-equiv=\"content-type\" content=\"text/html; charset=UTF-8\"\u003e\n\u003c/head\u003e\n\u003cbody style=\"margin:0px 0px 0px 0px;overflow:auto;background:#FFFFFF;\"\u003e\n\u003ctable style=\"font-family:Arial,Verdana,Times;font-size:12px;text-align:left;width:100%;border-collapse:collapse;padding:3px 3px 3px 3px\"\u003e\n\u003ctr style=\"text-align:center;font-weight:bold;background:#9CBCE2\"\u003e\n\u003ctd\u003e18102566,9293\u003c/td\u003e\n\u003c/tr\u003e\n\u003ctr\u003e\n\u003ctd\u003e\n\u003ctable style=\"font-family:Arial,Verdana,Times;font-size:12px;text-align:left;width:100%;border-spacing:0px; padding:3px 3px 3px 3px\"\u003e\n\u003ctr\u003e\n\u003ctd\u003eFID\u003c/td\u003e\n\u003ctd\u003e0\u003c/td\u003e\n\u003c/tr\u003e\n\u003ctr bgcolor=\"#D4E4F3\"\u003e\n\u003ctd\u003eShape_Leng\u003c/td\u003e\n\u003ctd\u003e18102566,9293\u003c/td\u003e\n\u003c/tr\u003e\n\u003c/table\u003e\n\u003c/td\u003e\n\u003c/tr\u003e\n\u003c/table\u003e\n\u003c/body\u003e\u003cscript type=\"text/javascript\"\u003e\n\t\t\t\tfunction changeImage(attElement, nameElement) {\n\t\t\t\tdocument.getElementById('imageAttachment').src = attElement;\n\t\t\t\tdocument.getElementById('imageName').innerHTML = nameElement;}\n\t\t\t\u003c/script\u003e\u003c/html\u003e\n","FID_active_grids":125,"GridID":"O62","Shape_Length":0.0012138885675431804,"Shape_Area":2.8288943670755277e-08}},{"type":"Feature","id":20220,"geometry":{"type":"Polygon","coordinates":[[[115.85728149800002,-7.1511645809999322],[115.85728158400002,-7.1511727469999755],[115.85729060800008,-7.151172651999957],[115.85729070400009,-7.1511816649999673],[115.85730875200011,-7.1511814739999409],[115.85730884700001,-7.1511904869999512],[115.85731787100008,-7.1511903919999327],[115.85731796700009,-7.151199404999943],[115.85730894300002,-7.1511995009999509],[115.85730903800004,-7.1512085139999613],[115.8573180620001,-7.1512084179999533],[115.85731844400004,-7.1512444709999272],[115.85732746800011,-7.1512443759999655],[115.85732756300001,-7.1512533889999759],[115.85733658700008,-7.1512532939999574],[115.85733668300009,-7.1512623069999677],[115.8573547310001,-7.1512621159999412],[115.85735482600001,-7.1512711289999515],[115.85736385000007,-7.151271033999933],[115.85736394600008,-7.1512800469999434],[115.85737297000003,-7.1512799519999248],[115.85737306500005,-7.1512889649999352],[115.85738208900011,-7.1512888699999735],[115.85738218500001,-7.151297882999927],[115.85739120900007,-7.1512977879999653],[115.85739130400009,-7.1513068009999756],[115.85738228000002,-7.1513068959999373],[115.85738237600003,-7.1513159089999476],[115.85740042400005,-7.1513157189999674],[115.85740061500007,-7.1513337449999312],[115.85741866300009,-7.1513335539999616],[115.85741875800011,-7.1513425679999614],[115.85743680600001,-7.1513423769999349],[115.85743690200002,-7.1513513899999452],[115.85744592600008,-7.1513512949999267],[115.8574460210001,-7.151360307999937],[115.85746406900012,-7.1513601169999674],[115.85746416500001,-7.1513691299999778],[115.85747318900007,-7.1513690349999592],[115.85747328400009,-7.1513780479999696],[115.85749133200011,-7.1513778569999431],[115.85749161800004,-7.1514048969999635],[115.8575006420001,-7.151404801999945],[115.85750073800011,-7.1514138149999553],[115.85750976200006,-7.1514137199999368],[115.85750985700008,-7.1514227329999471],[115.85751888100003,-7.1514226369999392],[115.85751897700004,-7.1514316509999389],[115.85753702500006,-7.1514314599999693],[115.85753721600008,-7.1514494859999331],[115.8575552640001,-7.1514492959999529],[115.85755535900012,-7.1514583089999633],[115.85756438300007,-7.1514582129999553],[115.85756447900008,-7.1514672269999551],[115.85757350300003,-7.1514671309999471],[115.85757369400005,-7.1514851579999572],[115.85758271800012,-7.1514850619999493],[115.85758281300002,-7.1514940749999596],[115.8576098850001,-7.1514937889999715],[115.85760998100011,-7.1515028029999712],[115.85762802900001,-7.1515026119999447],[115.85762812400003,-7.1515116249999551],[115.85766422000006,-7.1515112439999484],[115.85766412500004,-7.1515022299999487],[115.85768217300006,-7.1515020399999685],[115.85768236400008,-7.1515200659999323],[115.85769138800003,-7.1515199709999706],[115.85769186500011,-7.1515650369999548],[115.85770088900006,-7.1515649409999469],[115.85770098400008,-7.1515739549999466],[115.85771000800003,-7.1515738589999387],[115.85771010400003,-7.151582871999949],[115.8577191280001,-7.1515827769999305],[115.85771922300012,-7.1515917899999408],[115.85772824700007,-7.1515916949999792],[115.85772834300008,-7.1516007079999326],[115.85773736700003,-7.151600612999971],[115.85773746200005,-7.1516096259999813],[115.85776453400001,-7.1516093399999363],[115.85776463000002,-7.1516183529999466],[115.85777365400008,-7.1516182579999281],[115.8577737490001,-7.1516272709999384],[115.85779179700012,-7.1516270799999688],[115.85779189300001,-7.1516360929999792],[115.85780091700008,-7.1516359979999606],[115.85780082100007,-7.1516269849999503],[115.85780984500002,-7.1516268889999424],[115.85780994100003,-7.1516359029999421],[115.85785506100001,-7.1516354259999275],[115.85785515600003,-7.1516444389999378],[115.85786418000009,-7.1516443429999299],[115.8578642760001,-7.1516533569999297],[115.85787330000005,-7.1516532609999786],[115.85787339500007,-7.1516622749999783],[115.85788241900002,-7.1516621789999704],[115.85788251500003,-7.1516711919999807],[115.85790056300004,-7.1516710019999437],[115.85790065800006,-7.151680014999954],[115.85792773000003,-7.1516797289999658],[115.85792782600004,-7.1516887419999762],[115.85795489800012,-7.1516884559999312],[115.85795499300002,-7.1516974689999415],[115.85800011300012,-7.1516969919999269],[115.85800020900001,-7.1517060049999372],[115.85800923300008,-7.1517059099999756],[115.85800932800009,-7.1517149229999291],[115.85801835200004,-7.1517148279999674],[115.85801844800005,-7.1517238409999777],[115.85803649600007,-7.1517236499999512],[115.85803659100009,-7.1517326629999616],[115.85804561500004,-7.1517325679999431],[115.85804571000006,-7.1517415809999534],[115.85806375800007,-7.1517413899999269],[115.85806385400008,-7.1517504039999267],[115.85807287800003,-7.1517503079999756],[115.85807278200002,-7.1517412949999652],[115.85808180600009,-7.1517411999999467],[115.85808190200009,-7.1517502129999571],[115.85809995000011,-7.1517500219999306],[115.85810004500001,-7.1517590349999409],[115.85811809300003,-7.1517588449999607],[115.85811818900004,-7.1517678579999711],[115.85816330900002,-7.1517673809999565],[115.85816340400004,-7.1517763939999668],[115.85818145200005,-7.1517762029999403],[115.85818154800006,-7.1517852159999507],[115.85822666800004,-7.1517847399999255],[115.85822676300006,-7.1517937529999358],[115.85823578700001,-7.1517936569999279],[115.85823597800004,-7.1518116839999379],[115.85826305000001,-7.1518113979999498],[115.85826314600001,-7.1518204109999601],[115.85827217000008,-7.1518203149999522],[115.8582722650001,-7.1518293289999519],[115.85829031300011,-7.1518291379999255],[115.85829050400002,-7.1518471639999461],[115.85829952800009,-7.1518470689999276],[115.8582996240001,-7.1518560819999379],[115.85830864800005,-7.1518559869999763],[115.85830874300007,-7.1518649999999298],[115.85835386300005,-7.151864522999972],[115.85835395900006,-7.1518735359999255],[115.8584081030001,-7.1518729639999492],[115.85840819800001,-7.1518819769999595],[115.8584533180001,-7.1518814999999449],[115.85845341400011,-7.1518905129999553],[115.85846243800006,-7.1518904179999367],[115.85846262900009,-7.1519084439999574],[115.85848970100005,-7.1519081579999693],[115.85848979600007,-7.1519171709999796],[115.85849882000002,-7.1519170759999611],[115.85849891600003,-7.1519260889999714],[115.8585079400001,-7.1519259939999529],[115.85850803500011,-7.1519350069999632],[115.85852608300002,-7.1519348159999367],[115.85852617900002,-7.1519438289999471],[115.85853520300009,-7.1519437339999286],[115.85853529800011,-7.1519527469999389],[115.85858041800009,-7.1519522699999811],[115.8585805140001,-7.1519612829999346],[115.85860758600006,-7.1519609969999465],[115.85860768100008,-7.1519700099999568],[115.85864377700011,-7.1519696289999501],[115.85864387200002,-7.1519786419999605],[115.85867996800005,-7.1519782599999644],[115.85868006400005,-7.1519872739999641],[115.85871616000009,-7.1519868919999681],[115.8587162550001,-7.1519959049999784],[115.85872527900005,-7.1519958099999599],[115.85872537500006,-7.1520048229999702],[115.85873439900001,-7.1520047279999517],[115.85873449400003,-7.152013740999962],[115.85877059000006,-7.1520133589999659],[115.8587708770001,-7.1520403989999295],[115.85877990100005,-7.1520403029999784],[115.85877999600007,-7.1520493169999781],[115.85880706800003,-7.1520490299999437],[115.85880716400004,-7.1520580439999435],[115.85881618800011,-7.1520579479999355],[115.85881628300001,-7.1520669609999459],[115.85882530700007,-7.1520668659999274],[115.85882540300008,-7.1520758789999377],[115.85883442700003,-7.152075783999976],[115.85883452200005,-7.1520847969999295],[115.85886159400002,-7.1520845109999414],[115.85886169000003,-7.1520935239999517],[115.85887071400009,-7.1520934289999332],[115.85887080900011,-7.1521024419999435],[115.85890690500003,-7.1521020599999474],[115.85890681000001,-7.1520930469999371],[115.85891583400007,-7.1520929519999754],[115.85891592900009,-7.1521019649999289],[115.85892495300004,-7.1521018689999778],[115.85892504900005,-7.1521108829999775],[115.85895212100002,-7.1521105959999431],[115.85895221600003,-7.1521196099999429],[115.8589612400001,-7.152119513999935],[115.85896143100001,-7.152137540999945],[115.85899752700004,-7.152137158999949],[115.85899762300005,-7.1521461719999593],[115.85901567100007,-7.1521459809999328],[115.85901576600008,-7.1521549939999431],[115.85904283800005,-7.152154707999955],[115.85904293400006,-7.1521637209999653],[115.85906098200007,-7.1521635309999283],[115.85906107700009,-7.1521725439999386],[115.85907912500011,-7.152172352999969],[115.85907922100012,-7.1521813659999793],[115.85913336500005,-7.1521807939999462],[115.85913346000007,-7.1521898069999565],[115.85915150800008,-7.1521896159999301],[115.85915141300006,-7.1521806029999766],[115.85926872500011,-7.1521793629999593],[115.85926882000001,-7.1521883759999696],[115.85931394000011,-7.152187898999955],[115.85931403600011,-7.1521969119999653],[115.85935915500011,-7.1521964349999507],[115.85935925100011,-7.1522054479999611],[115.85937729900002,-7.1522052569999346],[115.85937739400003,-7.1522142709999343],[115.85939544200005,-7.1522140799999647],[115.85939534700003,-7.1522050669999544],[115.85943144300006,-7.1522046849999583],[115.85943153800008,-7.1522136979999686],[115.85946763400011,-7.1522133159999726],[115.85946773000001,-7.1522223299999723],[115.85950382600004,-7.1522219479999762],[115.85950373100002,-7.1522130289999382],[115.85944206700003,-7.1521955579999599],[115.85944037100001,-7.15219557599994],[115.85944036600006,-7.1521950759999413],[115.85943131400006,-7.1521925119999423],[115.85943134700005,-7.152195671999948],[115.85941329900004,-7.1521958629999745],[115.85941321000007,-7.1521873819999655],[115.8587395830001,-7.1519965249999586],[115.85837393100007,-7.1518373099999621],[115.85728149800002,-7.1511645809999322]],[[115.85740925700009,-7.1512975969999388],[115.85741828100004,-7.1512975009999309],[115.85741837600006,-7.1513065149999306],[115.8574093520001,-7.1513066099999492],[115.85740925700009,-7.1512975969999388]],[[115.8574366150001,-7.1513243499999248],[115.85744563900005,-7.1513242549999632],[115.85744573500006,-7.1513332679999735],[115.8574367110001,-7.1513333639999814],[115.8574366150001,-7.1513243499999248]],[[115.85745475900001,-7.151333172999955],[115.85746378300007,-7.1513330779999364],[115.85746387800009,-7.1513420909999468],[115.85745485400003,-7.1513421859999653],[115.85745475900001,-7.151333172999955]],[[115.85748211700002,-7.151359925999941],[115.85749114100008,-7.1513598309999793],[115.85749123700009,-7.1513688439999328],[115.85748221300003,-7.1513689399999407],[115.85748211700002,-7.151359925999941]],[[115.85885228400002,-7.1520575669999289],[115.85886130800009,-7.1520574709999778],[115.85886140300011,-7.1520664839999313],[115.85885237900004,-7.1520665799999392],[115.85885228400002,-7.1520575669999289]]]},"properties":{"OBJECTID":20220,"FID_mangrove_utm":20163,"OBJECTID_1":20163,"Name":"18102566,9293","FolderPath":"JATIM/JATIM","SymbolID":0,"AltMode":0,"Base":0,"Clamped":-1,"Extruded":0,"Snippet":"","PopupInfo":"\u003chtml xmlns:fo=\"http://www.w3.org/1999/XSL/Format\" xmlns:msxsl=\"urn:schemas-microsoft-com:xslt\"\u003e\n\u003chead\u003e\n\u003cMETA http-equiv=\"Content-Type\" content=\"text/html\"\u003e\n\u003cmeta http-equiv=\"content-type\" content=\"text/html; charset=UTF-8\"\u003e\n\u003c/head\u003e\n\u003cbody style=\"margin:0px 0px 0px 0px;overflow:auto;background:#FFFFFF;\"\u003e\n\u003ctable style=\"font-family:Arial,Verdana,Times;font-size:12px;text-align:left;width:100%;border-collapse:collapse;padding:3px 3px 3px 3px\"\u003e\n\u003ctr style=\"text-align:center;font-weight:bold;background:#9CBCE2\"\u003e\n\u003ctd\u003e18102566,9293\u003c/td\u003e\n\u003c/tr\u003e\n\u003ctr\u003e\n\u003ctd\u003e\n\u003ctable style=\"font-family:Arial,Verdana,Times;font-size:12px;text-align:left;width:100%;border-spacing:0px; padding:3px 3px 3px 3px\"\u003e\n\u003ctr\u003e\n\u003ctd\u003eFID\u003c/td\u003e\n\u003ctd\u003e0\u003c/td\u003e\n\u003c/tr\u003e\n\u003ctr bgcolor=\"#D4E4F3\"\u003e\n\u003ctd\u003eShape_Leng\u003c/td\u003e\n\u003ctd\u003e18102566,9293\u003c/td\u003e\n\u003c/tr\u003e\n\u003c/table\u003e\n\u003c/td\u003e\n\u003c/tr\u003e\n\u003c/table\u003e\n\u003c/body\u003e\u003cscript type=\"text/javascript\"\u003e\n\t\t\t\tfunction changeImage(attElement, nameElement) {\n\t\t\t\tdocument.getElementById('imageAttachment').src = attElement;\n\t\t\t\tdocument.getElementById('imageName').innerHTML = nameElement;}\n\t\t\t\u003c/script\u003e\u003c/html\u003e\n","FID_active_grids":125,"GridID":"O62","Shape_Length":0.0061126595768320018,"Shape_Area":1.4945510864230305e-07}},{"type":"Feature","id":20221,"geometry":{"type":"Polygon","coordinates":[[[115.86404935400003,-7.1510831559999701],[115.86400423400005,-7.1510836329999279],[115.86400433000006,-7.1510926459999382],[115.86398628200004,-7.1510928369999647],[115.86398637800005,-7.151101849999975],[115.8639773540001,-7.1511019459999261],[115.86397783200005,-7.1511470119999672],[115.8639688080001,-7.1511471069999288],[115.86396899900001,-7.1511651329999495],[115.86397802300007,-7.151165037999931],[115.8639782140001,-7.1511830639999516],[115.86398723800005,-7.1511829689999331],[115.86398733400006,-7.1511919819999434],[115.86401440500003,-7.1511916949999659],[115.86401431000002,-7.1511826819999555],[115.86402333400008,-7.151182586999937],[115.86402323800007,-7.1511735729999373],[115.8640593340001,-7.1511731919999306],[115.8640592380001,-7.1511641779999309],[115.86406826200005,-7.1511640829999692],[115.86406788000011,-7.1511280299999385],[115.86407690400006,-7.1511279349999768],[115.86407671200004,-7.1511099089999561],[115.86406768900008,-7.1511100039999747],[115.86406759300007,-7.1511009909999643],[115.86405856900001,-7.1511010869999723],[115.86405847300011,-7.1510920729999725],[115.86404945000004,-7.1510921689999805],[115.86404935400003,-7.1510831559999701]]]},"properties":{"OBJECTID":20221,"FID_mangrove_utm":20164,"OBJECTID_1":20164,"Name":"18102566,9293","FolderPath":"JATIM/JATIM","SymbolID":0,"AltMode":0,"Base":0,"Clamped":-1,"Extruded":0,"Snippet":"","PopupInfo":"\u003chtml xmlns:fo=\"http://www.w3.org/1999/XSL/Format\" xmlns:msxsl=\"urn:schemas-microsoft-com:xslt\"\u003e\n\u003chead\u003e\n\u003cMETA http-equiv=\"Content-Type\" content=\"text/html\"\u003e\n\u003cmeta http-equiv=\"content-type\" content=\"text/html; charset=UTF-8\"\u003e\n\u003c/head\u003e\n\u003cbody style=\"margin:0px 0px 0px 0px;overflow:auto;background:#FFFFFF;\"\u003e\n\u003ctable style=\"font-family:Arial,Verdana,Times;font-size:12px;text-align:left;width:100%;border-collapse:collapse;padding:3px 3px 3px 3px\"\u003e\n\u003ctr style=\"text-align:center;font-weight:bold;background:#9CBCE2\"\u003e\n\u003ctd\u003e18102566,9293\u003c/td\u003e\n\u003c/tr\u003e\n\u003ctr\u003e\n\u003ctd\u003e\n\u003ctable style=\"font-family:Arial,Verdana,Times;font-size:12px;text-align:left;width:100%;border-spacing:0px; padding:3px 3px 3px 3px\"\u003e\n\u003ctr\u003e\n\u003ctd\u003eFID\u003c/td\u003e\n\u003ctd\u003e0\u003c/td\u003e\n\u003c/tr\u003e\n\u003ctr bgcolor=\"#D4E4F3\"\u003e\n\u003ctd\u003eShape_Leng\u003c/td\u003e\n\u003ctd\u003e18102566,9293\u003c/td\u003e\n\u003c/tr\u003e\n\u003c/table\u003e\n\u003c/td\u003e\n\u003c/tr\u003e\n\u003c/table\u003e\n\u003c/body\u003e\u003cscript type=\"text/javascript\"\u003e\n\t\t\t\tfunction changeImage(attElement, nameElement) {\n\t\t\t\tdocument.getElementById('imageAttachment').src = attElement;\n\t\t\t\tdocument.getElementById('imageName').innerHTML = nameElement;}\n\t\t\t\u003c/script\u003e\u003c/html\u003e\n","FID_active_grids":125,"GridID":"O62","Shape_Length":0.00043291429171590052,"Shape_Area":8.4596501543280318e-09}},{"type":"Feature","id":20222,"geometry":{"type":"Polygon","coordinates":[[[115.85726334500009,-7.1511549109999351],[115.85726332900003,-7.1511533929999587],[115.85725424500004,-7.1511477989999435],[115.85725432100003,-7.151155006999943],[115.85726334500009,-7.1511549109999351]]]},"properties":{"OBJECTID":20222,"FID_mangrove_utm":20165,"OBJECTID_1":20165,"Name":"18102566,9293","FolderPath":"JATIM/JATIM","SymbolID":0,"AltMode":0,"Base":0,"Clamped":-1,"Extruded":0,"Snippet":"","PopupInfo":"\u003chtml xmlns:fo=\"http://www.w3.org/1999/XSL/Format\" xmlns:msxsl=\"urn:schemas-microsoft-com:xslt\"\u003e\n\u003chead\u003e\n\u003cMETA http-equiv=\"Content-Type\" content=\"text/html\"\u003e\n\u003cmeta http-equiv=\"content-type\" content=\"text/html; charset=UTF-8\"\u003e\n\u003c/head\u003e\n\u003cbody style=\"margin:0px 0px 0px 0px;overflow:auto;background:#FFFFFF;\"\u003e\n\u003ctable style=\"font-family:Arial,Verdana,Times;font-size:12px;text-align:left;width:100%;border-collapse:collapse;padding:3px 3px 3px 3px\"\u003e\n\u003ctr style=\"text-align:center;font-weight:bold;background:#9CBCE2\"\u003e\n\u003ctd\u003e18102566,9293\u003c/td\u003e\n\u003c/tr\u003e\n\u003ctr\u003e\n\u003ctd\u003e\n\u003ctable style=\"font-family:Arial,Verdana,Times;font-size:12px;text-align:left;width:100%;border-spacing:0px; padding:3px 3px 3px 3px\"\u003e\n\u003ctr\u003e\n\u003ctd\u003eFID\u003c/td\u003e\n\u003ctd\u003e0\u003c/td\u003e\n\u003c/tr\u003e\n\u003ctr bgcolor=\"#D4E4F3\"\u003e\n\u003ctd\u003eShape_Leng\u003c/td\u003e\n\u003ctd\u003e18102566,9293\u003c/td\u003e\n\u003c/tr\u003e\n\u003c/table\u003e\n\u003c/td\u003e\n\u003c/tr\u003e\n\u003c/table\u003e\n\u003c/body\u003e\u003cscript type=\"text/javascript\"\u003e\n\t\t\t\tfunction changeImage(attElement, nameElement) {\n\t\t\t\tdocument.getElementById('imageAttachment').src = attElement;\n\t\t\t\tdocument.getElementById('imageName').innerHTML = nameElement;}\n\t\t\t\u003c/script\u003e\u003c/html\u003e\n","FID_active_grids":125,"GridID":"O62","Shape_Length":2.8419261296468942e-05,"Shape_Area":3.9376147959134244e-11}},{"type":"Feature","id":20226,"geometry":{"type":"Polygon","coordinates":[[[115.8638497820001,-7.1509866069999362],[115.86384667400011,-7.1510131869999327],[115.86385006300009,-7.1510131519999618],[115.8638497820001,-7.1509866069999362]]]},"properties":{"OBJECTID":20226,"FID_mangrove_utm":20169,"OBJECTID_1":20169,"Name":"18102566,9293","FolderPath":"JATIM/JATIM","SymbolID":0,"AltMode":0,"Base":0,"Clamped":-1,"Extruded":0,"Snippet":"","PopupInfo":"\u003chtml xmlns:fo=\"http://www.w3.org/1999/XSL/Format\" xmlns:msxsl=\"urn:schemas-microsoft-com:xslt\"\u003e\n\u003chead\u003e\n\u003cMETA http-equiv=\"Content-Type\" content=\"text/html\"\u003e\n\u003cmeta http-equiv=\"content-type\" content=\"text/html; charset=UTF-8\"\u003e\n\u003c/head\u003e\n\u003cbody style=\"margin:0px 0px 0px 0px;overflow:auto;background:#FFFFFF;\"\u003e\n\u003ctable style=\"font-family:Arial,Verdana,Times;font-size:12px;text-align:left;width:100%;border-collapse:collapse;padding:3px 3px 3px 3px\"\u003e\n\u003ctr style=\"text-align:center;font-weight:bold;background:#9CBCE2\"\u003e\n\u003ctd\u003e18102566,9293\u003c/td\u003e\n\u003c/tr\u003e\n\u003ctr\u003e\n\u003ctd\u003e\n\u003ctable style=\"font-family:Arial,Verdana,Times;font-size:12px;text-align:left;width:100%;border-spacing:0px; padding:3px 3px 3px 3px\"\u003e\n\u003ctr\u003e\n\u003ctd\u003eFID\u003c/td\u003e\n\u003ctd\u003e0\u003c/td\u003e\n\u003c/tr\u003e\n\u003ctr bgcolor=\"#D4E4F3\"\u003e\n\u003ctd\u003eShape_Leng\u003c/td\u003e\n\u003ctd\u003e18102566,9293\u003c/td\u003e\n\u003c/tr\u003e\n\u003c/table\u003e\n\u003c/td\u003e\n\u003c/tr\u003e\n\u003c/table\u003e\n\u003c/body\u003e\u003cscript type=\"text/javascript\"\u003e\n\t\t\t\tfunction changeImage(attElement, nameElement) {\n\t\t\t\tdocument.getElementById('imageAttachment').src = attElement;\n\t\t\t\tdocument.getElementById('imageName').innerHTML = nameElement;}\n\t\t\t\u003c/script\u003e\u003c/html\u003e\n","FID_active_grids":125,"GridID":"O62","Shape_Length":5.669676033583577e-05,"Shape_Area":4.4985419658434446e-11}},{"type":"Feature","id":20234,"geometry":{"type":"Polygon","coordinates":[[[115.87321544800011,-7.1506795979999538],[115.87321431700002,-7.1506796099999406],[115.87321450900004,-7.1506976359999612],[115.87320548500008,-7.1506977319999692],[115.8732056770001,-7.150715757999933],[115.87319665300004,-7.1507158539999409],[115.87319684400006,-7.1507338799999616],[115.8731878210001,-7.1507339749999801],[115.87318820400003,-7.1507700269999646],[115.87317918000008,-7.1507701229999725],[115.87317975500002,-7.1508242009999776],[115.87317073100007,-7.1508242969999287],[115.87317178400008,-7.1509234389999392],[115.87318080800003,-7.1509233439999775],[115.87318128700008,-7.1509684089999723],[115.87319031100003,-7.1509683129999644],[115.87319040600005,-7.1509773259999747],[115.87319943000011,-7.1509772299999668],[115.87319952600001,-7.1509862429999771],[115.87320855000007,-7.1509861479999586],[115.8732087410001,-7.1510041739999792],[115.87321776500005,-7.1510040779999713],[115.87321786100006,-7.1510130909999248],[115.87322688500001,-7.1510129949999737],[115.87322707600003,-7.1510310209999375],[115.8732361000001,-7.1510309259999758],[115.87323619600011,-7.1510399389999293],[115.87325424300002,-7.1510397469999702],[115.87325443500004,-7.1510577729999341],[115.8732634590001,-7.1510576779999724],[115.87326374600002,-7.1510847169999465],[115.87327277000009,-7.1510846209999386],[115.87327286600009,-7.1510936339999489],[115.87328188900005,-7.151093537999941],[115.87328198500006,-7.1511025509999513],[115.87329100900001,-7.1511024559999328],[115.87329120000004,-7.1511204819999534],[115.8733002240001,-7.1511203859999455],[115.87330032000011,-7.1511293989999558],[115.87330934400006,-7.1511293029999479],[115.87330944000007,-7.1511383159999582],[115.87331846300003,-7.1511382209999397],[115.87331855900004,-7.15114723399995],[115.8733275830001,-7.1511471379999421],[115.87332767900011,-7.1511561509999524],[115.87333454200007,-7.1511560779999286],[115.87331551000011,-7.1510948089999715],[115.87321544800011,-7.1506795979999538]]]},"properties":{"OBJECTID":20234,"FID_mangrove_utm":20177,"OBJECTID_1":20177,"Name":"18102566,9293","FolderPath":"JATIM/JATIM","SymbolID":0,"AltMode":0,"Base":0,"Clamped":-1,"Extruded":0,"Snippet":"","PopupInfo":"\u003chtml xmlns:fo=\"http://www.w3.org/1999/XSL/Format\" xmlns:msxsl=\"urn:schemas-microsoft-com:xslt\"\u003e\n\u003chead\u003e\n\u003cMETA http-equiv=\"Content-Type\" content=\"text/html\"\u003e\n\u003cmeta http-equiv=\"content-type\" content=\"text/html; charset=UTF-8\"\u003e\n\u003c/head\u003e\n\u003cbody style=\"margin:0px 0px 0px 0px;overflow:auto;background:#FFFFFF;\"\u003e\n\u003ctable style=\"font-family:Arial,Verdana,Times;font-size:12px;text-align:left;width:100%;border-collapse:collapse;padding:3px 3px 3px 3px\"\u003e\n\u003ctr style=\"text-align:center;font-weight:bold;background:#9CBCE2\"\u003e\n\u003ctd\u003e18102566,9293\u003c/td\u003e\n\u003c/tr\u003e\n\u003ctr\u003e\n\u003ctd\u003e\n\u003ctable style=\"font-family:Arial,Verdana,Times;font-size:12px;text-align:left;width:100%;border-spacing:0px; padding:3px 3px 3px 3px\"\u003e\n\u003ctr\u003e\n\u003ctd\u003eFID\u003c/td\u003e\n\u003ctd\u003e0\u003c/td\u003e\n\u003c/tr\u003e\n\u003ctr bgcolor=\"#D4E4F3\"\u003e\n\u003ctd\u003eShape_Leng\u003c/td\u003e\n\u003ctd\u003e18102566,9293\u003c/td\u003e\n\u003c/tr\u003e\n\u003c/table\u003e\n\u003c/td\u003e\n\u003c/tr\u003e\n\u003c/table\u003e\n\u003c/body\u003e\u003cscript type=\"text/javascript\"\u003e\n\t\t\t\tfunction changeImage(attElement, nameElement) {\n\t\t\t\tdocument.getElementById('imageAttachment').src = attElement;\n\t\t\t\tdocument.getElementById('imageName').innerHTML = nameElement;}\n\t\t\t\u003c/script\u003e\u003c/html\u003e\n","FID_active_grids":125,"GridID":"O62","Shape_Length":0.0011754993325278425,"Shape_Area":2.9004857906197889e-08}},{"type":"Feature","id":20242,"geometry":{"type":"Polygon","coordinates":[[[115.87317861300005,-7.1505267509999726],[115.8731765010001,-7.1505179869999438],[115.87317659400003,-7.1505267719999779],[115.87317861300005,-7.1505267509999726]]]},"properties":{"OBJECTID":20242,"FID_mangrove_utm":20184,"OBJECTID_1":20184,"Name":"18102566,9293","FolderPath":"JATIM/JATIM","SymbolID":0,"AltMode":0,"Base":0,"Clamped":-1,"Extruded":0,"Snippet":"","PopupInfo":"\u003chtml xmlns:fo=\"http://www.w3.org/1999/XSL/Format\" xmlns:msxsl=\"urn:schemas-microsoft-com:xslt\"\u003e\n\u003chead\u003e\n\u003cMETA http-equiv=\"Content-Type\" content=\"text/html\"\u003e\n\u003cmeta http-equiv=\"content-type\" content=\"text/html; charset=UTF-8\"\u003e\n\u003c/head\u003e\n\u003cbody style=\"margin:0px 0px 0px 0px;overflow:auto;background:#FFFFFF;\"\u003e\n\u003ctable style=\"font-family:Arial,Verdana,Times;font-size:12px;text-align:left;width:100%;border-collapse:collapse;padding:3px 3px 3px 3px\"\u003e\n\u003ctr style=\"text-align:center;font-weight:bold;background:#9CBCE2\"\u003e\n\u003ctd\u003e18102566,9293\u003c/td\u003e\n\u003c/tr\u003e\n\u003ctr\u003e\n\u003ctd\u003e\n\u003ctable style=\"font-family:Arial,Verdana,Times;font-size:12px;text-align:left;width:100%;border-spacing:0px; padding:3px 3px 3px 3px\"\u003e\n\u003ctr\u003e\n\u003ctd\u003eFID\u003c/td\u003e\n\u003ctd\u003e0\u003c/td\u003e\n\u003c/tr\u003e\n\u003ctr bgcolor=\"#D4E4F3\"\u003e\n\u003ctd\u003eShape_Leng\u003c/td\u003e\n\u003ctd\u003e18102566,9293\u003c/td\u003e\n\u003c/tr\u003e\n\u003c/table\u003e\n\u003c/td\u003e\n\u003c/tr\u003e\n\u003c/table\u003e\n\u003c/body\u003e\u003cscript type=\"text/javascript\"\u003e\n\t\t\t\tfunction changeImage(attElement, nameElement) {\n\t\t\t\tdocument.getElementById('imageAttachment').src = attElement;\n\t\t\t\tdocument.getElementById('imageName').innerHTML = nameElement;}\n\t\t\t\u003c/script\u003e\u003c/html\u003e\n","FID_active_grids":125,"GridID":"O62","Shape_Length":1.9819491430739528e-05,"Shape_Area":8.8694341278500828e-12}},{"type":"Feature","id":20244,"geometry":{"type":"Polygon","coordinates":[[[115.83982380200007,-7.1508340499999576],[115.83982343200012,-7.1508340539999722],[115.83982343800005,-7.1508346239999696],[115.83982380200007,-7.1508340499999576]]]},"properties":{"OBJECTID":20244,"FID_mangrove_utm":20186,"OBJECTID_1":20186,"Name":"18102566,9293","FolderPath":"JATIM/JATIM","SymbolID":0,"AltMode":0,"Base":0,"Clamped":-1,"Extruded":0,"Snippet":"","PopupInfo":"\u003chtml xmlns:fo=\"http://www.w3.org/1999/XSL/Format\" xmlns:msxsl=\"urn:schemas-microsoft-com:xslt\"\u003e\n\u003chead\u003e\n\u003cMETA http-equiv=\"Content-Type\" content=\"text/html\"\u003e\n\u003cmeta http-equiv=\"content-type\" content=\"text/html; charset=UTF-8\"\u003e\n\u003c/head\u003e\n\u003cbody style=\"margin:0px 0px 0px 0px;overflow:auto;background:#FFFFFF;\"\u003e\n\u003ctable style=\"font-family:Arial,Verdana,Times;font-size:12px;text-align:left;width:100%;border-collapse:collapse;padding:3px 3px 3px 3px\"\u003e\n\u003ctr style=\"text-align:center;font-weight:bold;background:#9CBCE2\"\u003e\n\u003ctd\u003e18102566,9293\u003c/td\u003e\n\u003c/tr\u003e\n\u003ctr\u003e\n\u003ctd\u003e\n\u003ctable style=\"font-family:Arial,Verdana,Times;font-size:12px;text-align:left;width:100%;border-spacing:0px; padding:3px 3px 3px 3px\"\u003e\n\u003ctr\u003e\n\u003ctd\u003eFID\u003c/td\u003e\n\u003ctd\u003e0\u003c/td\u003e\n\u003c/tr\u003e\n\u003ctr bgcolor=\"#D4E4F3\"\u003e\n\u003ctd\u003eShape_Leng\u003c/td\u003e\n\u003ctd\u003e18102566,9293\u003c/td\u003e\n\u003c/tr\u003e\n\u003c/table\u003e\n\u003c/td\u003e\n\u003c/tr\u003e\n\u003c/table\u003e\n\u003c/body\u003e\u003cscript type=\"text/javascript\"\u003e\n\t\t\t\tfunction changeImage(attElement, nameElement) {\n\t\t\t\tdocument.getElementById('imageAttachment').src = attElement;\n\t\t\t\tdocument.getElementById('imageName').innerHTML = nameElement;}\n\t\t\t\u003c/script\u003e\u003c/html\u003e\n","FID_active_grids":125,"GridID":"O62","Shape_Length":1.6197383883175343e-06,"Shape_Area":1.0546198588962129e-13}},{"type":"Feature","id":20245,"geometry":{"type":"Polygon","coordinates":[[[115.83986826800003,-7.1508065389999729],[115.83985021900003,-7.1508067289999531],[115.83985031400005,-7.1508157419999634],[115.83984129000009,-7.1508158369999251],[115.83984138500011,-7.1508248499999354],[115.83983236100005,-7.1508249459999433],[115.83983239800011,-7.1508284819999517],[115.8398773990001,-7.1508166269999265],[115.83987738700012,-7.1508154569999647],[115.83986836300005,-7.1508155519999264],[115.83986826800003,-7.1508065389999729]]]},"properties":{"OBJECTID":20245,"FID_mangrove_utm":20187,"OBJECTID_1":20187,"Name":"18102566,9293","FolderPath":"JATIM/JATIM","SymbolID":0,"AltMode":0,"Base":0,"Clamped":-1,"Extruded":0,"Snippet":"","PopupInfo":"\u003chtml xmlns:fo=\"http://www.w3.org/1999/XSL/Format\" xmlns:msxsl=\"urn:schemas-microsoft-com:xslt\"\u003e\n\u003chead\u003e\n\u003cMETA http-equiv=\"Content-Type\" content=\"text/html\"\u003e\n\u003cmeta http-equiv=\"content-type\" content=\"text/html; charset=UTF-8\"\u003e\n\u003c/head\u003e\n\u003cbody style=\"margin:0px 0px 0px 0px;overflow:auto;background:#FFFFFF;\"\u003e\n\u003ctable style=\"font-family:Arial,Verdana,Times;font-size:12px;text-align:left;width:100%;border-collapse:collapse;padding:3px 3px 3px 3px\"\u003e\n\u003ctr style=\"text-align:center;font-weight:bold;background:#9CBCE2\"\u003e\n\u003ctd\u003e18102566,9293\u003c/td\u003e\n\u003c/tr\u003e\n\u003ctr\u003e\n\u003ctd\u003e\n\u003ctable style=\"font-family:Arial,Verdana,Times;font-size:12px;text-align:left;width:100%;border-spacing:0px; padding:3px 3px 3px 3px\"\u003e\n\u003ctr\u003e\n\u003ctd\u003eFID\u003c/td\u003e\n\u003ctd\u003e0\u003c/td\u003e\n\u003c/tr\u003e\n\u003ctr bgcolor=\"#D4E4F3\"\u003e\n\u003ctd\u003eShape_Leng\u003c/td\u003e\n\u003ctd\u003e18102566,9293\u003c/td\u003e\n\u003c/tr\u003e\n\u003c/table\u003e\n\u003c/td\u003e\n\u003c/tr\u003e\n\u003c/table\u003e\n\u003c/body\u003e\u003cscript type=\"text/javascript\"\u003e\n\t\t\t\tfunction changeImage(attElement, nameElement) {\n\t\t\t\tdocument.getElementById('imageAttachment').src = attElement;\n\t\t\t\tdocument.getElementById('imageName').innerHTML = nameElement;}\n\t\t\t\u003c/script\u003e\u003c/html\u003e\n","FID_active_grids":125,"GridID":"O62","Shape_Length":0.00012340660874496248,"Shape_Area":3.9090797665012412e-10}},{"type":"Feature","id":20246,"geometry":{"type":"Polygon","coordinates":[[[115.84072509200007,-7.1507524449999664],[115.84068207600001,-7.1507528979999506],[115.84072517900006,-7.1507606779999264],[115.84072509200007,-7.1507524449999664]]]},"properties":{"OBJECTID":20246,"FID_mangrove_utm":20188,"OBJECTID_1":20188,"Name":"18102566,9293","FolderPath":"JATIM/JATIM","SymbolID":0,"AltMode":0,"Base":0,"Clamped":-1,"Extruded":0,"Snippet":"","PopupInfo":"\u003chtml xmlns:fo=\"http://www.w3.org/1999/XSL/Format\" xmlns:msxsl=\"urn:schemas-microsoft-com:xslt\"\u003e\n\u003chead\u003e\n\u003cMETA http-equiv=\"Content-Type\" content=\"text/html\"\u003e\n\u003cmeta http-equiv=\"content-type\" content=\"text/html; charset=UTF-8\"\u003e\n\u003c/head\u003e\n\u003cbody style=\"margin:0px 0px 0px 0px;overflow:auto;background:#FFFFFF;\"\u003e\n\u003ctable style=\"font-family:Arial,Verdana,Times;font-size:12px;text-align:left;width:100%;border-collapse:collapse;padding:3px 3px 3px 3px\"\u003e\n\u003ctr style=\"text-align:center;font-weight:bold;background:#9CBCE2\"\u003e\n\u003ctd\u003e18102566,9293\u003c/td\u003e\n\u003c/tr\u003e\n\u003ctr\u003e\n\u003ctd\u003e\n\u003ctable style=\"font-family:Arial,Verdana,Times;font-size:12px;text-align:left;width:100%;border-spacing:0px; padding:3px 3px 3px 3px\"\u003e\n\u003ctr\u003e\n\u003ctd\u003eFID\u003c/td\u003e\n\u003ctd\u003e0\u003c/td\u003e\n\u003c/tr\u003e\n\u003ctr bgcolor=\"#D4E4F3\"\u003e\n\u003ctd\u003eShape_Leng\u003c/td\u003e\n\u003ctd\u003e18102566,9293\u003c/td\u003e\n\u003c/tr\u003e\n\u003c/table\u003e\n\u003c/td\u003e\n\u003c/tr\u003e\n\u003c/table\u003e\n\u003c/body\u003e\u003cscript type=\"text/javascript\"\u003e\n\t\t\t\tfunction changeImage(attElement, nameElement) {\n\t\t\t\tdocument.getElementById('imageAttachment').src = attElement;\n\t\t\t\tdocument.getElementById('imageName').innerHTML = nameElement;}\n\t\t\t\u003c/script\u003e\u003c/html\u003e\n","FID_active_grids":125,"GridID":"O62","Shape_Length":9.5051354162153484e-05,"Shape_Area":1.7709506889714353e-10}},{"type":"Feature","id":20248,"geometry":{"type":"Polygon","coordinates":[[[115.84065280400011,-7.1507441919999337],[115.84063488900006,-7.1507443799999351],[115.84065284000008,-7.1507476199999473],[115.84065280400011,-7.1507441919999337]]]},"properties":{"OBJECTID":20248,"FID_mangrove_utm":20190,"OBJECTID_1":20190,"Name":"18102566,9293","FolderPath":"JATIM/JATIM","SymbolID":0,"AltMode":0,"Base":0,"Clamped":-1,"Extruded":0,"Snippet":"","PopupInfo":"\u003chtml xmlns:fo=\"http://www.w3.org/1999/XSL/Format\" xmlns:msxsl=\"urn:schemas-microsoft-com:xslt\"\u003e\n\u003chead\u003e\n\u003cMETA http-equiv=\"Content-Type\" content=\"text/html\"\u003e\n\u003cmeta http-equiv=\"content-type\" content=\"text/html; charset=UTF-8\"\u003e\n\u003c/head\u003e\n\u003cbody style=\"margin:0px 0px 0px 0px;overflow:auto;background:#FFFFFF;\"\u003e\n\u003ctable style=\"font-family:Arial,Verdana,Times;font-size:12px;text-align:left;width:100%;border-collapse:collapse;padding:3px 3px 3px 3px\"\u003e\n\u003ctr style=\"text-align:center;font-weight:bold;background:#9CBCE2\"\u003e\n\u003ctd\u003e18102566,9293\u003c/td\u003e\n\u003c/tr\u003e\n\u003ctr\u003e\n\u003ctd\u003e\n\u003ctable style=\"font-family:Arial,Verdana,Times;font-size:12px;text-align:left;width:100%;border-spacing:0px; padding:3px 3px 3px 3px\"\u003e\n\u003ctr\u003e\n\u003ctd\u003eFID\u003c/td\u003e\n\u003ctd\u003e0\u003c/td\u003e\n\u003c/tr\u003e\n\u003ctr bgcolor=\"#D4E4F3\"\u003e\n\u003ctd\u003eShape_Leng\u003c/td\u003e\n\u003ctd\u003e18102566,9293\u003c/td\u003e\n\u003c/tr\u003e\n\u003c/table\u003e\n\u003c/td\u003e\n\u003c/tr\u003e\n\u003c/table\u003e\n\u003c/body\u003e\u003cscript type=\"text/javascript\"\u003e\n\t\t\t\tfunction changeImage(attElement, nameElement) {\n\t\t\t\tdocument.getElementById('imageAttachment').src = attElement;\n\t\t\t\tdocument.getElementById('imageName').innerHTML = nameElement;}\n\t\t\t\u003c/script\u003e\u003c/html\u003e\n","FID_active_grids":125,"GridID":"O62","Shape_Length":3.9585228154477036e-05,"Shape_Area":3.0709694217188956e-11}},{"type":"Feature","id":20250,"geometry":{"type":"Polygon","coordinates":[[[115.87316233200011,-7.1503646709999771],[115.87315682300004,-7.1503647299999784],[115.87315691800006,-7.1503737429999319],[115.8731478950001,-7.1503738379999504],[115.87314799000001,-7.1503828509999607],[115.87313896700005,-7.1503829469999687],[115.87313906200006,-7.150391959999979],[115.87312101500004,-7.1503921509999486],[115.87312111100005,-7.150401163999959],[115.8731120870001,-7.1504012599999669],[115.87311285300007,-7.1504733639999358],[115.87312187700002,-7.1504732679999279],[115.87312197300002,-7.1504822809999382],[115.8731309960001,-7.1504821849999303],[115.87313109200011,-7.1504911979999406],[115.87314914000001,-7.150491006999971],[115.87314923500003,-7.1505000199999813],[115.87315825900009,-7.1504999239999734],[115.8731583550001,-7.1505089369999268],[115.87316737900005,-7.1505088419999652],[115.87316747400007,-7.1505178549999755],[115.87317644600012,-7.150517759999957],[115.87317432100008,-7.1505089419999308],[115.87316233200011,-7.1503646709999771]]]},"properties":{"OBJECTID":20250,"FID_mangrove_utm":20192,"OBJECTID_1":20192,"Name":"18102566,9293","FolderPath":"JATIM/JATIM","SymbolID":0,"AltMode":0,"Base":0,"Clamped":-1,"Extruded":0,"Snippet":"","PopupInfo":"\u003chtml xmlns:fo=\"http://www.w3.org/1999/XSL/Format\" xmlns:msxsl=\"urn:schemas-microsoft-com:xslt\"\u003e\n\u003chead\u003e\n\u003cMETA http-equiv=\"Content-Type\" content=\"text/html\"\u003e\n\u003cmeta http-equiv=\"content-type\" content=\"text/html; charset=UTF-8\"\u003e\n\u003c/head\u003e\n\u003cbody style=\"margin:0px 0px 0px 0px;overflow:auto;background:#FFFFFF;\"\u003e\n\u003ctable style=\"font-family:Arial,Verdana,Times;font-size:12px;text-align:left;width:100%;border-collapse:collapse;padding:3px 3px 3px 3px\"\u003e\n\u003ctr style=\"text-align:center;font-weight:bold;background:#9CBCE2\"\u003e\n\u003ctd\u003e18102566,9293\u003c/td\u003e\n\u003c/tr\u003e\n\u003ctr\u003e\n\u003ctd\u003e\n\u003ctable style=\"font-family:Arial,Verdana,Times;font-size:12px;text-align:left;width:100%;border-spacing:0px; padding:3px 3px 3px 3px\"\u003e\n\u003ctr\u003e\n\u003ctd\u003eFID\u003c/td\u003e\n\u003ctd\u003e0\u003c/td\u003e\n\u003c/tr\u003e\n\u003ctr bgcolor=\"#D4E4F3\"\u003e\n\u003ctd\u003eShape_Leng\u003c/td\u003e\n\u003ctd\u003e18102566,9293\u003c/td\u003e\n\u003c/tr\u003e\n\u003c/table\u003e\n\u003c/td\u003e\n\u003c/tr\u003e\n\u003c/table\u003e\n\u003c/body\u003e\u003cscript type=\"text/javascript\"\u003e\n\t\t\t\tfunction changeImage(attElement, nameElement) {\n\t\t\t\tdocument.getElementById('imageAttachment').src = attElement;\n\t\t\t\tdocument.getElementById('imageName').innerHTML = nameElement;}\n\t\t\t\u003c/script\u003e\u003c/html\u003e\n","FID_active_grids":125,"GridID":"O62","Shape_Length":0.00042081573229760862,"Shape_Area":6.0928381629009513e-09}},{"type":"Feature","id":20251,"geometry":{"type":"Polygon","coordinates":[[[115.84048989200005,-7.1507008349999523],[115.84043574700001,-7.1507014049999498],[115.84043582400011,-7.1507086789999335],[115.84043689300006,-7.150708639999948],[115.84060762700005,-7.1507394589999649],[115.84060758700002,-7.1507356529999697],[115.84058953900001,-7.1507358429999499],[115.8405894440001,-7.1507268299999396],[115.84054432300002,-7.1507273049999753],[115.84054422800011,-7.150718291999965],[115.84051715500004,-7.1507185769999637],[115.84051706000002,-7.150709562999964],[115.84048998700007,-7.1507098479999627],[115.84048989200005,-7.1507008349999523]]]},"properties":{"OBJECTID":20251,"FID_mangrove_utm":20193,"OBJECTID_1":20193,"Name":"18102566,9293","FolderPath":"JATIM/JATIM","SymbolID":0,"AltMode":0,"Base":0,"Clamped":-1,"Extruded":0,"Snippet":"","PopupInfo":"\u003chtml xmlns:fo=\"http://www.w3.org/1999/XSL/Format\" xmlns:msxsl=\"urn:schemas-microsoft-com:xslt\"\u003e\n\u003chead\u003e\n\u003cMETA http-equiv=\"Content-Type\" content=\"text/html\"\u003e\n\u003cmeta http-equiv=\"content-type\" content=\"text/html; charset=UTF-8\"\u003e\n\u003c/head\u003e\n\u003cbody style=\"margin:0px 0px 0px 0px;overflow:auto;background:#FFFFFF;\"\u003e\n\u003ctable style=\"font-family:Arial,Verdana,Times;font-size:12px;text-align:left;width:100%;border-collapse:collapse;padding:3px 3px 3px 3px\"\u003e\n\u003ctr style=\"text-align:center;font-weight:bold;background:#9CBCE2\"\u003e\n\u003ctd\u003e18102566,9293\u003c/td\u003e\n\u003c/tr\u003e\n\u003ctr\u003e\n\u003ctd\u003e\n\u003ctable style=\"font-family:Arial,Verdana,Times;font-size:12px;text-align:left;width:100%;border-spacing:0px; padding:3px 3px 3px 3px\"\u003e\n\u003ctr\u003e\n\u003ctd\u003eFID\u003c/td\u003e\n\u003ctd\u003e0\u003c/td\u003e\n\u003c/tr\u003e\n\u003ctr bgcolor=\"#D4E4F3\"\u003e\n\u003ctd\u003eShape_Leng\u003c/td\u003e\n\u003ctd\u003e18102566,9293\u003c/td\u003e\n\u003c/tr\u003e\n\u003c/table\u003e\n\u003c/td\u003e\n\u003c/tr\u003e\n\u003c/table\u003e\n\u003c/body\u003e\u003cscript type=\"text/javascript\"\u003e\n\t\t\t\tfunction changeImage(attElement, nameElement) {\n\t\t\t\tdocument.getElementById('imageAttachment').src = attElement;\n\t\t\t\tdocument.getElementById('imageName').innerHTML = nameElement;}\n\t\t\t\u003c/script\u003e\u003c/html\u003e\n","FID_active_grids":125,"GridID":"O62","Shape_Length":0.00039316808709762132,"Shape_Area":1.4182542230349636e-09}},{"type":"Feature","id":20252,"geometry":{"type":"Polygon","coordinates":[[[115.84020102200009,-7.1506948619999662],[115.84018297400007,-7.1506950519999464],[115.84018306900009,-7.1507040649999567],[115.84015599600002,-7.1507043499999554],[115.84015609100004,-7.1507133639999552],[115.84014706700009,-7.1507134589999737],[115.84014716200011,-7.1507224719999272],[115.84013813800004,-7.1507225669999457],[115.84013832800008,-7.1507405939999558],[115.84012930400002,-7.1507406889999743],[115.84012939900003,-7.150749702999974],[115.84011135100002,-7.1507498929999542],[115.84011140400003,-7.1507549809999773],[115.84024640700011,-7.1507194149999691],[115.8402463330001,-7.1507124139999405],[115.84022828500008,-7.1507126039999775],[115.84022819000006,-7.1507035899999778],[115.84020111700011,-7.1507038749999765],[115.84020102200009,-7.1506948619999662]]]},"properties":{"OBJECTID":20252,"FID_mangrove_utm":20194,"OBJECTID_1":20194,"Name":"18102566,9293","FolderPath":"JATIM/JATIM","SymbolID":0,"AltMode":0,"Base":0,"Clamped":-1,"Extruded":0,"Snippet":"","PopupInfo":"\u003chtml xmlns:fo=\"http://www.w3.org/1999/XSL/Format\" xmlns:msxsl=\"urn:schemas-microsoft-com:xslt\"\u003e\n\u003chead\u003e\n\u003cMETA http-equiv=\"Content-Type\" content=\"text/html\"\u003e\n\u003cmeta http-equiv=\"content-type\" content=\"text/html; charset=UTF-8\"\u003e\n\u003c/head\u003e\n\u003cbody style=\"margin:0px 0px 0px 0px;overflow:auto;background:#FFFFFF;\"\u003e\n\u003ctable style=\"font-family:Arial,Verdana,Times;font-size:12px;text-align:left;width:100%;border-collapse:collapse;padding:3px 3px 3px 3px\"\u003e\n\u003ctr style=\"text-align:center;font-weight:bold;background:#9CBCE2\"\u003e\n\u003ctd\u003e18102566,9293\u003c/td\u003e\n\u003c/tr\u003e\n\u003ctr\u003e\n\u003ctd\u003e\n\u003ctable style=\"font-family:Arial,Verdana,Times;font-size:12px;text-align:left;width:100%;border-spacing:0px; padding:3px 3px 3px 3px\"\u003e\n\u003ctr\u003e\n\u003ctd\u003eFID\u003c/td\u003e\n\u003ctd\u003e0\u003c/td\u003e\n\u003c/tr\u003e\n\u003ctr bgcolor=\"#D4E4F3\"\u003e\n\u003ctd\u003eShape_Leng\u003c/td\u003e\n\u003ctd\u003e18102566,9293\u003c/td\u003e\n\u003c/tr\u003e\n\u003c/table\u003e\n\u003c/td\u003e\n\u003c/tr\u003e\n\u003c/table\u003e\n\u003c/body\u003e\u003cscript type=\"text/javascript\"\u003e\n\t\t\t\tfunction changeImage(attElement, nameElement) {\n\t\t\t\tdocument.getElementById('imageAttachment').src = attElement;\n\t\t\t\tdocument.getElementById('imageName').innerHTML = nameElement;}\n\t\t\t\u003c/script\u003e\u003c/html\u003e\n","FID_active_grids":125,"GridID":"O62","Shape_Length":0.00035918045038826988,"Shape_Area":3.0960834402552269e-09}},{"type":"Feature","id":20253,"geometry":{"type":"Polygon","coordinates":[[[115.85618261700006,-7.1505173049999371],[115.85618293400012,-7.1505173019999688],[115.85618261600007,-7.1505171469999596],[115.85618261700006,-7.1505173049999371]]]},"properties":{"OBJECTID":20253,"FID_mangrove_utm":20195,"OBJECTID_1":20195,"Name":"18102566,9293","FolderPath":"JATIM/JATIM","SymbolID":0,"AltMode":0,"Base":0,"Clamped":-1,"Extruded":0,"Snippet":"","PopupInfo":"\u003chtml xmlns:fo=\"http://www.w3.org/1999/XSL/Format\" xmlns:msxsl=\"urn:schemas-microsoft-com:xslt\"\u003e\n\u003chead\u003e\n\u003cMETA http-equiv=\"Content-Type\" content=\"text/html\"\u003e\n\u003cmeta http-equiv=\"content-type\" content=\"text/html; charset=UTF-8\"\u003e\n\u003c/head\u003e\n\u003cbody style=\"margin:0px 0px 0px 0px;overflow:auto;background:#FFFFFF;\"\u003e\n\u003ctable style=\"font-family:Arial,Verdana,Times;font-size:12px;text-align:left;width:100%;border-collapse:collapse;padding:3px 3px 3px 3px\"\u003e\n\u003ctr style=\"text-align:center;font-weight:bold;background:#9CBCE2\"\u003e\n\u003ctd\u003e18102566,9293\u003c/td\u003e\n\u003c/tr\u003e\n\u003ctr\u003e\n\u003ctd\u003e\n\u003ctable style=\"font-family:Arial,Verdana,Times;font-size:12px;text-align:left;width:100%;border-spacing:0px; padding:3px 3px 3px 3px\"\u003e\n\u003ctr\u003e\n\u003ctd\u003eFID\u003c/td\u003e\n\u003ctd\u003e0\u003c/td\u003e\n\u003c/tr\u003e\n\u003ctr bgcolor=\"#D4E4F3\"\u003e\n\u003ctd\u003eShape_Leng\u003c/td\u003e\n\u003ctd\u003e18102566,9293\u003c/td\u003e\n\u003c/tr\u003e\n\u003c/table\u003e\n\u003c/td\u003e\n\u003c/tr\u003e\n\u003c/table\u003e\n\u003c/body\u003e\u003cscript type=\"text/javascript\"\u003e\n\t\t\t\tfunction changeImage(attElement, nameElement) {\n\t\t\t\tdocument.getElementById('imageAttachment').src = attElement;\n\t\t\t\tdocument.getElementById('imageName').innerHTML = nameElement;}\n\t\t\t\u003c/script\u003e\u003c/html\u003e\n","FID_active_grids":125,"GridID":"O62","Shape_Length":8.2878148770349218e-07,"Shape_Area":2.5044501007335779e-14}},{"type":"Feature","id":20258,"geometry":{"type":"Polygon","coordinates":[[[115.84094917500011,-7.1506058539999344],[115.84088600600001,-7.1506065199999398],[115.84088610100002,-7.1506155329999501],[115.84086805300001,-7.1506157229999303],[115.84086814800003,-7.1506247359999406],[115.84085912300009,-7.1506248319999486],[115.84085921900009,-7.1506338449999589],[115.84085019400004,-7.1506339399999774],[115.84085038500007,-7.1506519669999307],[115.84084136000001,-7.1506520619999492],[115.84084145600002,-7.1506610749999595],[115.84083243100008,-7.150661169999978],[115.84083262200011,-7.1506791969999313],[115.84082359700005,-7.1506792919999498],[115.84082369300006,-7.1506883059999495],[115.84081466800001,-7.1506884009999681],[115.84081485900003,-7.1507064269999319],[115.8408238830001,-7.1507063319999702],[115.84082407300002,-7.1507243589999803],[115.84080602500001,-7.1507245489999605],[115.84080612000002,-7.1507335629999602],[115.84078807100002,-7.1507337529999404],[115.84078816700003,-7.1507427659999507],[115.84077914200009,-7.1507428609999693],[115.8407792380001,-7.150751874999969],[115.84075216500003,-7.1507521599999677],[115.84075226000004,-7.150761172999978],[115.84072926200008,-7.1507614149999768],[115.84078916800001,-7.1507722289999265],[115.84103056000004,-7.1508810759999619],[115.84131753200006,-7.1512282329999266],[115.84157986700006,-7.1514167559999464],[115.84179213500011,-7.1515202389999786],[115.84191607700006,-7.1516716869999755],[115.84193809100009,-7.1517969389999507],[115.84188496500008,-7.1519160069999543],[115.84186559300008,-7.1519221099999299],[115.84186568000007,-7.151930335999964],[115.84187470400002,-7.1519302409999455],[115.84187460900012,-7.1519212279999351],[115.84189265700002,-7.1519210369999655],[115.84189256200011,-7.1519120239999552],[115.84192865900002,-7.151911643999938],[115.84192875400004,-7.1519206569999483],[115.84196485100006,-7.151920276999931],[115.84196494600008,-7.1519292899999414],[115.84198299400009,-7.1519290999999612],[115.8419830900001,-7.1519381139999609],[115.84199211400005,-7.1519380189999424],[115.84199230400009,-7.1519560449999631],[115.84201937700004,-7.1519557599999644],[115.84201947200006,-7.1519647739999641],[115.84202849600001,-7.1519646789999456],[115.84202897200009,-7.1520097459999761],[115.84203799600004,-7.1520096509999576],[115.84203837700011,-7.1520457039999314],[115.84205642500001,-7.1520455139999513],[115.84205652100002,-7.152054527999951],[115.84211066600005,-7.1520539569999642],[115.84211057100003,-7.1520449439999538],[115.84212861900005,-7.1520447539999736],[115.84212852400003,-7.1520357399999739],[115.84214657200005,-7.1520355499999368],[115.84214638200001,-7.1520175229999268],[115.84215540600007,-7.1520174279999651],[115.84215531100006,-7.1520084149999548],[115.84216433500001,-7.1520083199999362],[115.8421642400001,-7.1519993059999365],[115.84218228900011,-7.1519991159999563],[115.8421821930001,-7.151990102999946],[115.84219121800004,-7.1519900079999275],[115.84219102700001,-7.1519719809999742],[115.84220005100008,-7.1519718859999557],[115.84219986100004,-7.1519538589999456],[115.8422088850001,-7.1519537639999271],[115.84220869500007,-7.1519357369999739],[115.84227186400005,-7.1519350719999579],[115.84227176900004,-7.1519260579999582],[115.84231689000001,-7.1519255829999793],[115.8423167950001,-7.1519165689999795],[115.84232581900005,-7.151916473999961],[115.84232543900009,-7.1518804209999303],[115.84233446300004,-7.1518803259999686],[115.84233379600005,-7.151817231999928],[115.8423247720001,-7.1518173269999465],[115.84232429600002,-7.1517722599999729],[115.84231527200006,-7.1517723549999346],[115.84231508200003,-7.1517543279999813],[115.84230605800008,-7.151754422999943],[115.84230596200007,-7.1517454099999327],[115.84225181700003,-7.1517459799999301],[115.84225191200005,-7.1517549939999299],[115.8422428880001,-7.1517550889999484],[115.84224298300001,-7.1517641019999587],[115.84223395900005,-7.1517641969999772],[115.84223405400007,-7.1517732099999307],[115.84222503000001,-7.1517733059999387],[115.84222512500003,-7.151782318999949],[115.84221610100008,-7.1517824139999675],[115.84221619600009,-7.1517914269999778],[115.84220717200003,-7.1517915219999395],[115.84220831400012,-7.1518996829999537],[115.84219929000005,-7.1518997779999722],[115.84219938500007,-7.151908791999972],[115.84219036100001,-7.1519088869999337],[115.8421902660001,-7.1518998739999802],[115.84218124200004,-7.1518999689999418],[115.84218114600003,-7.1518909549999421],[115.84219017100008,-7.1518908599999804],[115.84219007500008,-7.1518818469999701],[115.84218105100001,-7.1518819419999318],[115.84218095600011,-7.151872927999932],[115.84216290800009,-7.1518731179999691],[115.84216271700006,-7.1518550919999484],[115.84215369300011,-7.1518551869999669],[115.8421535980001,-7.1518461729999672],[115.84216262200005,-7.1518460779999486],[115.84216243200001,-7.1518280509999386],[115.84215340700007,-7.1518281469999465],[115.84215331200005,-7.1518191329999468],[115.8421442880001,-7.1518192279999653],[115.84214419300008,-7.151810214999955],[115.84213516900002,-7.1518103099999735],[115.8421349780001,-7.1517922829999634],[115.84212595400004,-7.1517923779999251],[115.84212490700008,-7.1516932309999675],[115.84211588300002,-7.1516933259999291],[115.84211578800011,-7.1516843119999294],[115.84210676400005,-7.1516844069999479],[115.84210666800004,-7.1516753939999376],[115.84209764400009,-7.1516754889999561],[115.84209745400005,-7.151657461999946],[115.84210647800001,-7.1516573669999275],[115.8421063830001,-7.151648353999974],[115.84209735900004,-7.1516484489999357],[115.84209716800001,-7.1516304219999256],[115.84208814400006,-7.1516305169999441],[115.84208804900004,-7.1516215039999338],[115.84207902500009,-7.1516215989999523],[115.84207873900004,-7.1515945579999425],[115.84206069100003,-7.1515947479999795],[115.84206059600001,-7.1515857349999692],[115.84203352300005,-7.1515860199999679],[115.84203333300002,-7.1515679929999578],[115.84202430800008,-7.1515680879999763],[115.84202421300006,-7.151559074999966],[115.84197006800002,-7.1515596449999634],[115.8419698780001,-7.1515416189999428],[115.8419518290001,-7.1515418089999798],[115.84195163900006,-7.1515237819999697],[115.84191554200004,-7.1515241619999301],[115.84191535200011,-7.1515061349999769],[115.84192437600007,-7.1515060399999584],[115.84192418600003,-7.1514880129999483],[115.84191516100009,-7.1514881079999668],[115.84191497100005,-7.1514700819999462],[115.8419059470001,-7.1514701769999647],[115.84190585200008,-7.1514611629999649],[115.8419239000001,-7.1514609729999279],[115.84192361500004,-7.1514339329999643],[115.84193263900011,-7.1514338379999458],[115.84193244800008,-7.1514158109999357],[115.84192342400002,-7.1514159059999542],[115.84192323400009,-7.1513978789999442],[115.84189616100002,-7.1513981639999429],[115.84189625600004,-7.1514071779999426],[115.84188723200009,-7.1514072729999612],[115.84188732700011,-7.1514162859999715],[115.84187830300004,-7.1514163809999332],[115.84187858900009,-7.151443421999943],[115.84188761300004,-7.1514433269999813],[115.84188770800006,-7.1514523399999348],[115.84187868400011,-7.1514524349999533],[115.84187877900001,-7.1514614479999636],[115.84186975500006,-7.1514615439999716],[115.84186985000008,-7.1514705569999251],[115.84181570500004,-7.1514711269999793],[115.84181580000006,-7.1514801409999791],[115.84179775100006,-7.1514803309999593],[115.84179765600004,-7.1514713169999595],[115.84178863200009,-7.151471411999978],[115.84178853700007,-7.1514623989999677],[115.84177951300001,-7.1514624939999294],[115.8417794180001,-7.1514534809999759],[115.84173429700002,-7.1514539559999548],[115.84173420100001,-7.1514449429999445],[115.84171615300011,-7.1514451329999815],[115.84171605800009,-7.1514361189999249],[115.84170703400002,-7.1514362139999434],[115.84170693800002,-7.1514272009999331],[115.84169791400006,-7.1514272959999516],[115.84169781900005,-7.1514182819999519],[115.8416887950001,-7.1514183779999598],[115.84168841400003,-7.1513823239999397],[115.84167939000008,-7.1513824189999582],[115.84167929500006,-7.1513734059999479],[115.84166124600006,-7.1513735959999281],[115.84166115100004,-7.1513645819999283],[115.84165212700009,-7.1513646769999468],[115.84165184100004,-7.1513376369999264],[115.84164281700009,-7.1513377319999449],[115.84164262700006,-7.1513197049999349],[115.8416336030001,-7.1513197999999534],[115.84163350800009,-7.151310786999943],[115.84162448300003,-7.1513108819999616],[115.84162438800001,-7.1513018679999618],[115.84161536400006,-7.1513019639999698],[115.84161526900004,-7.15129294999997],[115.84159722000004,-7.1512931399999502],[115.84159712500002,-7.1512841269999399],[115.84157005300005,-7.1512844119999386],[115.84156995700005,-7.1512753989999283],[115.8415609330001,-7.1512754939999468],[115.84156074300006,-7.1512574669999367],[115.84155171900011,-7.1512575619999552],[115.84155162400009,-7.1512485479999555],[115.84153357500008,-7.1512487379999357],[115.84153348000007,-7.1512397249999253],[115.84152445600012,-7.1512398199999438],[115.8415243610001,-7.1512308069999335],[115.84150631200009,-7.1512309969999706],[115.84150621700007,-7.1512219829999708],[115.84149719300001,-7.1512220779999325],[115.8414970980001,-7.151213064999979],[115.8414790490001,-7.1512132549999592],[115.84147895400008,-7.1512042419999489],[115.84146993000002,-7.1512043369999674],[115.84146974000009,-7.1511863099999573],[115.84146071500004,-7.1511864049999758],[115.84146062000002,-7.1511773909999761],[115.84145159600007,-7.1511774869999272],[115.84145140600003,-7.1511594599999739],[115.84143335700003,-7.1511596499999541],[115.84143326200001,-7.1511506359999544],[115.84142423800006,-7.1511507309999729],[115.84142414300004,-7.1511417179999626],[115.84141511900009,-7.1511418129999811],[115.84141502300008,-7.1511327999999708],[115.84140599900002,-7.1511328949999324],[115.84140590400011,-7.1511238809999327],[115.8413878560001,-7.1511240709999697],[115.84138776000009,-7.1511150579999594],[115.84136068800001,-7.1511153429999581],[115.8413605930001,-7.1511063299999478],[115.8413425440001,-7.151106519999928],[115.84134244900008,-7.1510975059999282],[115.84133342500002,-7.1510976009999467],[115.84133313900008,-7.1510705609999263],[115.84131509100007,-7.1510707509999634],[115.84131499600005,-7.151061737999953],[115.84129694700005,-7.1510619279999332],[115.84129685200003,-7.1510529139999335],[115.84128782800008,-7.151053008999952],[115.84128754300002,-7.1510259689999316],[115.84127851800008,-7.1510260639999501],[115.84127832800004,-7.15100803699994],[115.84126028000003,-7.1510082269999771],[115.84126018500001,-7.1509992139999667],[115.84125116000007,-7.1509993089999284],[115.84125106500005,-7.1509902959999749],[115.8412420410001,-7.1509903909999366],[115.84124185100006,-7.1509723639999265],[115.84122380200006,-7.1509725539999636],[115.84122361200002,-7.1509545269999535],[115.84120556400001,-7.1509547169999337],[115.84120546800011,-7.1509457039999802],[115.84119644400005,-7.1509457989999419],[115.84119625400001,-7.1509277719999318],[115.8411601570001,-7.150928151999949],[115.84115996700007,-7.1509101249999389],[115.84115094300012,-7.1509102199999575],[115.84115065700007,-7.1508831799999371],[115.84114163300001,-7.1508832749999556],[115.84114134800006,-7.1508562349999352],[115.84113232300001,-7.1508563299999537],[115.84113213300009,-7.1508383029999436],[115.84112310900002,-7.1508383979999621],[115.84112301400012,-7.1508293839999624],[115.84111398900006,-7.1508294789999809],[115.84111389400005,-7.1508204659999706],[115.84110487000009,-7.1508205609999322],[115.84110477500008,-7.1508115479999788],[115.84108672700006,-7.150811737999959],[115.84108663100005,-7.1508027239999592],[115.8410776070001,-7.1508028189999777],[115.84107751200008,-7.1507938059999674],[115.84105043900001,-7.1507940909999661],[115.84105053500002,-7.1508031039999764],[115.84102346200007,-7.1508033899999646],[115.84102355700009,-7.1508124029999749],[115.84100550900007,-7.1508125929999551],[115.84100541400005,-7.1508035799999448],[115.84099638900011,-7.1508036749999633],[115.84099629400009,-7.1507946609999635],[115.84097824600008,-7.1507948509999437],[115.84097815100006,-7.1507858379999334],[115.84096010200005,-7.1507860279999704],[115.84095981700011,-7.15075898799995],[115.84094176800011,-7.1507591779999302],[115.84094167300009,-7.1507501639999305],[115.84093264900002,-7.150750258999949],[115.84093255400001,-7.1507412459999387],[115.84094157800007,-7.150741150999977],[115.84094148300005,-7.1507321369999772],[115.84096855600001,-7.1507318519999785],[115.84096846000011,-7.1507228389999682],[115.84095943600005,-7.1507229339999299],[115.84095934100003,-7.1507139199999301],[115.84096836500009,-7.1507138249999684],[115.84096760400007,-7.1506417179999744],[115.84095858000001,-7.1506418129999361],[115.84095829500006,-7.1506147729999725],[115.84094927000001,-7.1506148679999342],[115.84094917500011,-7.1506058539999344]],[[115.84200683100005,-7.1516223589999299],[115.84203390400012,-7.1516220739999312],[115.84203409400004,-7.1516401009999413],[115.84204311800011,-7.1516400059999796],[115.84204321300001,-7.1516490189999331],[115.84205223800006,-7.1516489239999714],[115.84205252300001,-7.151675963999935],[115.8420164260001,-7.1516763439999522],[115.84201633100008,-7.1516673309999419],[115.84200730700002,-7.1516674259999604],[115.84200683100005,-7.1516223589999299]],[[115.84201690200007,-7.1517214119999721],[115.84202592600002,-7.1517213159999642],[115.84202611700005,-7.1517393429999743],[115.84201709300009,-7.1517394379999359],[115.84201690200007,-7.1517214119999721]],[[115.84204426000008,-7.151748166999937],[115.84205328500002,-7.1517480719999753],[115.84205357000008,-7.1517751119999389],[115.8420084490001,-7.1517755869999746],[115.84200825900007,-7.1517575599999645],[115.84201728300002,-7.151757464999946],[115.84201718800011,-7.1517484519999357],[115.84202621200006,-7.151748356999974],[115.84202630700008,-7.1517573699999275],[115.84204435600009,-7.1517571799999473],[115.84204426000008,-7.151748166999937]]]},"properties":{"OBJECTID":20258,"FID_mangrove_utm":20200,"OBJECTID_1":20200,"Name":"18102566,9293","FolderPath":"JATIM/JATIM","SymbolID":0,"AltMode":0,"Base":0,"Clamped":-1,"Extruded":0,"Snippet":"","PopupInfo":"\u003chtml xmlns:fo=\"http://www.w3.org/1999/XSL/Format\" xmlns:msxsl=\"urn:schemas-microsoft-com:xslt\"\u003e\n\u003chead\u003e\n\u003cMETA http-equiv=\"Content-Type\" content=\"text/html\"\u003e\n\u003cmeta http-equiv=\"content-type\" content=\"text/html; charset=UTF-8\"\u003e\n\u003c/head\u003e\n\u003cbody style=\"margin:0px 0px 0px 0px;overflow:auto;background:#FFFFFF;\"\u003e\n\u003ctable style=\"font-family:Arial,Verdana,Times;font-size:12px;text-align:left;width:100%;border-collapse:collapse;padding:3px 3px 3px 3px\"\u003e\n\u003ctr style=\"text-align:center;font-weight:bold;background:#9CBCE2\"\u003e\n\u003ctd\u003e18102566,9293\u003c/td\u003e\n\u003c/tr\u003e\n\u003ctr\u003e\n\u003ctd\u003e\n\u003ctable style=\"font-family:Arial,Verdana,Times;font-size:12px;text-align:left;width:100%;border-spacing:0px; padding:3px 3px 3px 3px\"\u003e\n\u003ctr\u003e\n\u003ctd\u003eFID\u003c/td\u003e\n\u003ctd\u003e0\u003c/td\u003e\n\u003c/tr\u003e\n\u003ctr bgcolor=\"#D4E4F3\"\u003e\n\u003ctd\u003eShape_Leng\u003c/td\u003e\n\u003ctd\u003e18102566,9293\u003c/td\u003e\n\u003c/tr\u003e\n\u003c/table\u003e\n\u003c/td\u003e\n\u003c/tr\u003e\n\u003c/table\u003e\n\u003c/body\u003e\u003cscript type=\"text/javascript\"\u003e\n\t\t\t\tfunction changeImage(attElement, nameElement) {\n\t\t\t\tdocument.getElementById('imageAttachment').src = attElement;\n\t\t\t\tdocument.getElementById('imageName').innerHTML = nameElement;}\n\t\t\t\u003c/script\u003e\u003c/html\u003e\n","FID_active_grids":125,"GridID":"O62","Shape_Length":0.0068457707430791392,"Shape_Area":2.6371256252316858e-07}},{"type":"Feature","id":20268,"geometry":{"type":"Polygon","coordinates":[[[115.83732874900011,-7.1504817029999685],[115.83732865400009,-7.1504726899999582],[115.83731963000002,-7.1504727849999767],[115.83731972500004,-7.1504817979999302],[115.83732874900011,-7.1504817029999685]]]},"properties":{"OBJECTID":20268,"FID_mangrove_utm":20210,"OBJECTID_1":20210,"Name":"18102566,9293","FolderPath":"JATIM/JATIM","SymbolID":0,"AltMode":0,"Base":0,"Clamped":-1,"Extruded":0,"Snippet":"","PopupInfo":"\u003chtml xmlns:fo=\"http://www.w3.org/1999/XSL/Format\" xmlns:msxsl=\"urn:schemas-microsoft-com:xslt\"\u003e\n\u003chead\u003e\n\u003cMETA http-equiv=\"Content-Type\" content=\"text/html\"\u003e\n\u003cmeta http-equiv=\"content-type\" content=\"text/html; charset=UTF-8\"\u003e\n\u003c/head\u003e\n\u003cbody style=\"margin:0px 0px 0px 0px;overflow:auto;background:#FFFFFF;\"\u003e\n\u003ctable style=\"font-family:Arial,Verdana,Times;font-size:12px;text-align:left;width:100%;border-collapse:collapse;padding:3px 3px 3px 3px\"\u003e\n\u003ctr style=\"text-align:center;font-weight:bold;background:#9CBCE2\"\u003e\n\u003ctd\u003e18102566,9293\u003c/td\u003e\n\u003c/tr\u003e\n\u003ctr\u003e\n\u003ctd\u003e\n\u003ctable style=\"font-family:Arial,Verdana,Times;font-size:12px;text-align:left;width:100%;border-spacing:0px; padding:3px 3px 3px 3px\"\u003e\n\u003ctr\u003e\n\u003ctd\u003eFID\u003c/td\u003e\n\u003ctd\u003e0\u003c/td\u003e\n\u003c/tr\u003e\n\u003ctr bgcolor=\"#D4E4F3\"\u003e\n\u003ctd\u003eShape_Leng\u003c/td\u003e\n\u003ctd\u003e18102566,9293\u003c/td\u003e\n\u003c/tr\u003e\n\u003c/table\u003e\n\u003c/td\u003e\n\u003c/tr\u003e\n\u003c/table\u003e\n\u003c/body\u003e\u003cscript type=\"text/javascript\"\u003e\n\t\t\t\tfunction changeImage(attElement, nameElement) {\n\t\t\t\tdocument.getElementById('imageAttachment').src = attElement;\n\t\t\t\tdocument.getElementById('imageName').innerHTML = nameElement;}\n\t\t\t\u003c/script\u003e\u003c/html\u003e\n","FID_active_grids":125,"GridID":"O62","Shape_Length":3.6076001479751134e-05,"Shape_Area":8.1342337419125475e-11}},{"type":"Feature","id":20271,"geometry":{"type":"Polygon","coordinates":[[[115.85618261700006,-7.1505173049999371],[115.85617359300011,-7.1505173999999556],[115.85617354400006,-7.1505127259999313],[115.8561281850001,-7.1504906219999498],[115.85612818700008,-7.1504908369999498],[115.85610111500011,-7.1504911229999379],[115.8561010200001,-7.1504821099999276],[115.85609199600003,-7.1504822049999461],[115.85609190000002,-7.1504731919999358],[115.85609240700001,-7.1504731869999318],[115.85606912000003,-7.150461838999945],[115.8557023190001,-7.1501972999999452],[115.85565531400005,-7.1501533659999268],[115.85565540800008,-7.1501623039999345],[115.85566443200003,-7.1501622089999728],[115.85566452800003,-7.1501712219999263],[115.8556735520001,-7.1501711269999646],[115.85567364700012,-7.1501801399999749],[115.85568267100007,-7.1501800449999564],[115.85568276700008,-7.1501890579999667],[115.85569179100003,-7.1501889629999482],[115.85569188600005,-7.1501979759999585],[115.85570091000011,-7.15019788099994],[115.85570110100002,-7.1502159069999607],[115.85571012500009,-7.1502158119999422],[115.85571022000011,-7.1502248249999525],[115.85571924400006,-7.150224729999934],[115.85571934000006,-7.1502337429999443],[115.85572836400002,-7.1502336479999258],[115.85572845900003,-7.1502426609999361],[115.8557374830001,-7.1502425659999744],[115.85573757900011,-7.1502515789999279],[115.85574660300006,-7.1502514839999662],[115.85574669800008,-7.1502604969999766],[115.85575572200003,-7.150260401999958],[115.85575581700004,-7.1502694149999684],[115.85577386500006,-7.1502692239999419],[115.85577396100007,-7.1502782369999522],[115.85579200900008,-7.150278046999972],[115.8557921040001,-7.1502870599999255],[115.85580112800005,-7.1502869649999639],[115.85580122400006,-7.1502959779999742],[115.85581024800001,-7.1502958829999557],[115.85581034300003,-7.150304895999966],[115.85581936700009,-7.150304799999958],[115.85581955800001,-7.1503228269999681],[115.85582858200007,-7.1503227319999496],[115.85582867700009,-7.1503317449999599],[115.85583770100004,-7.1503316499999414],[115.85583779700005,-7.1503406629999517],[115.85584682100011,-7.1503405669999438],[115.85584691600002,-7.1503495809999436],[115.85586496400003,-7.1503493899999739],[115.85586506000004,-7.1503584029999274],[115.85589213200001,-7.1503581169999393],[115.85589232200005,-7.1503761439999494],[115.85591939400001,-7.1503758579999612],[115.85591949000002,-7.1503848709999716],[115.85593753800003,-7.1503846799999451],[115.85593763300005,-7.1503936939999448],[115.85594665700012,-7.1503935979999369],[115.85594675300001,-7.1504026119999367],[115.85595577700008,-7.1504025159999287],[115.8559558720001,-7.150411528999939],[115.85596489600005,-7.1504114339999774],[115.85596499200005,-7.1504204469999308],[115.855974016,-7.1504203519999692],[115.85597411100002,-7.1504293649999795],[115.85598313500009,-7.150429269999961],[115.85598323000011,-7.1504382829999713],[115.85600127800001,-7.1504380929999343],[115.85600137400002,-7.1504471059999446],[115.85601039800008,-7.1504470099999367],[115.8560104930001,-7.1504560239999364],[115.85604658900002,-7.1504556419999403],[115.85604668500002,-7.1504646559999401],[115.85606473300004,-7.1504644649999705],[115.85606501900008,-7.150491504999934],[115.85607404300004,-7.1504914089999261],[115.85607413800005,-7.1505004229999258],[115.85609218600007,-7.1505002319999562],[115.85609228200008,-7.1505092449999665],[115.85613740200006,-7.1505087689999414],[115.85613749700008,-7.1505177819999517],[115.85615554500009,-7.1505175909999252],[115.8561556410001,-7.1505266039999356],[115.85616466500005,-7.1505265089999739],[115.85616476000007,-7.1505355219999274],[115.85618280800009,-7.1505353319999472],[115.85618290400009,-7.1505443449999575],[115.85619192800004,-7.1505442489999496],[115.85619202300006,-7.1505532629999493],[115.85620104700001,-7.1505531669999414],[115.85620114300002,-7.1505621809999411],[115.85621016700009,-7.1505620849999332],[115.85621035700001,-7.1505801119999433],[115.85621938100007,-7.1505800159999353],[115.85621947700008,-7.1505890299999351],[115.85622850100003,-7.1505889339999271],[115.85622859600005,-7.1505979469999374],[115.85623762000012,-7.1505978519999758],[115.85623771600001,-7.1506068649999293],[115.85625576400003,-7.1506066749999491],[115.85625585900004,-7.1506156879999594],[115.85627390700006,-7.1506154969999329],[115.85627400300007,-7.1506245109999327],[115.85630107500003,-7.1506242249999445],[115.85630117000005,-7.1506332379999549],[115.85633726600008,-7.1506328559999588],[115.8563373610001,-7.1506418699999585],[115.85636443300007,-7.1506415839999704],[115.85636452900007,-7.1506505969999807],[115.85639160100004,-7.1506503109999358],[115.85639169600006,-7.1506593239999461],[115.85640072000001,-7.1506592289999276],[115.85640081600002,-7.1506682419999379],[115.85640984000008,-7.1506681469999762],[115.8564099350001,-7.1506771599999297],[115.85641895900005,-7.150677064999968],[115.85641905500006,-7.1506860779999784],[115.85642807900001,-7.1506859819999704],[115.85642817400003,-7.1506949959999702],[115.85643719800009,-7.1506948999999622],[115.85643738900001,-7.1507129269999723],[115.85647348500004,-7.1507125449999762],[115.85647358000006,-7.150721558999976],[115.85650065200002,-7.150721272999931],[115.85650103400008,-7.1507573259999617],[115.85651005800003,-7.1507572299999538],[115.85651024900005,-7.1507752569999639],[115.85651927300012,-7.1507751609999559],[115.85651936800002,-7.1507841749999557],[115.85653741600004,-7.1507839839999292],[115.85653751200005,-7.1507929969999395],[115.85656458400001,-7.1507927109999514],[115.85656467900003,-7.1508017239999617],[115.85659175100011,-7.1508014379999736],[115.85659184700012,-7.1508104519999733],[115.85660087100007,-7.1508103559999654],[115.85660096600009,-7.1508193689999757],[115.85660999000004,-7.1508192739999572],[115.85661008600005,-7.1508282869999675],[115.85661911000011,-7.150828191999949],[115.85661920500002,-7.1508372049999593],[115.85663725300003,-7.1508370139999329],[115.85663753900008,-7.1508640539999533],[115.85664656300003,-7.1508639589999348],[115.85664665900003,-7.1508729719999451],[115.8566556830001,-7.1508728769999266],[115.85665577800012,-7.1508818899999369],[115.85668285000008,-7.1508816039999488],[115.85668275500007,-7.1508725909999384],[115.85669177900002,-7.1508724949999305],[115.85669187400003,-7.1508815089999302],[115.85668285000008,-7.1508816039999488],[115.85668294600009,-7.1508906169999591],[115.85669197000004,-7.1508905219999406],[115.85669216100007,-7.1509085479999612],[115.85671020900008,-7.1509083569999348],[115.8567103040001,-7.1509173709999345],[115.85672835200012,-7.1509171799999649],[115.85672844800001,-7.1509261929999752],[115.85673747200008,-7.1509260979999567],[115.8567375670001,-7.150935110999967],[115.85675561500011,-7.1509349199999406],[115.85675580600002,-7.1509529469999507],[115.85680092600001,-7.1509524699999361],[115.85680102100002,-7.1509614829999464],[115.85681906900004,-7.1509612929999662],[115.85681916500005,-7.1509703059999765],[115.85684623700001,-7.1509700199999315],[115.85684633200003,-7.1509790329999419],[115.85687340400011,-7.1509787469999537],[115.85687350000001,-7.1509877599999641],[115.85690057200009,-7.1509874739999759],[115.85690047600008,-7.1509784609999656],[115.85690950000003,-7.1509783659999471],[115.85690959600004,-7.1509873789999574],[115.85692764400005,-7.1509871879999309],[115.85692773900007,-7.1509962009999413],[115.85693676300002,-7.1509961059999796],[115.85693685900003,-7.1510051189999331],[115.85695490700004,-7.1510049289999529],[115.85695500200006,-7.1510139419999632],[115.85696402600001,-7.1510138459999553],[115.85696421700004,-7.1510318729999653],[115.85697324100011,-7.1510317779999468],[115.85697333600001,-7.1510407909999572],[115.85698236000007,-7.1510406949999492],[115.85698245600008,-7.151049708999949],[115.8570005040001,-7.1510495179999793],[115.85700059900012,-7.1510585309999328],[115.85701864700002,-7.1510583399999632],[115.85701874300003,-7.151067353999963],[115.85703679100004,-7.1510671629999365],[115.85703688600006,-7.1510761759999468],[115.85706395800003,-7.1510758899999587],[115.85706405400003,-7.151084902999969],[115.8570730780001,-7.1510848079999505],[115.85707298200009,-7.1510757949999402],[115.85709103000011,-7.1510756039999706],[115.85709112600011,-7.1510846169999809],[115.85710015000006,-7.1510845219999624],[115.85710024500008,-7.1510935349999727],[115.85714536500006,-7.1510930579999581],[115.85714546100007,-7.1511020719999578],[115.85715448500002,-7.1511019759999499],[115.85715458000004,-7.1511109889999602],[115.85716360400011,-7.1511108939999417],[115.85716379500002,-7.1511289209999518],[115.85720891500011,-7.1511284439999372],[115.85720901000002,-7.1511374569999475],[115.8572360820001,-7.1511371709999594],[115.85723617800011,-7.1511461839999697],[115.85725136200006,-7.1511460239999565],[115.85643116200004,-7.1506409339999664],[115.85635037000009,-7.1505988949999733],[115.85619168700009,-7.1505215669999416],[115.85619173700002,-7.1505262229999289],[115.85618271300007,-7.1505263179999474],[115.85618261700006,-7.1505173049999371]],[[115.85621909500003,-7.1505529769999612],[115.85622811900009,-7.1505528809999532],[115.8562282150001,-7.150561894999953],[115.85621919100004,-7.1505619899999715],[115.85621909500003,-7.1505529769999612]],[[115.85674640000002,-7.1509169889999384],[115.85675542400008,-7.1509168939999768],[115.85675552000009,-7.1509259069999302],[115.85674649600003,-7.1509260029999382],[115.85674640000002,-7.1509169889999384]],[[115.85678259200006,-7.1509256209999421],[115.85679161600001,-7.1509255259999804],[115.85679171100003,-7.1509345389999339],[115.85678268700008,-7.1509346339999524],[115.85678259200006,-7.1509256209999421]]]},"properties":{"OBJECTID":20271,"FID_mangrove_utm":20213,"OBJECTID_1":20213,"Name":"18102566,9293","FolderPath":"JATIM/JATIM","SymbolID":0,"AltMode":0,"Base":0,"Clamped":-1,"Extruded":0,"Snippet":"","PopupInfo":"\u003chtml xmlns:fo=\"http://www.w3.org/1999/XSL/Format\" xmlns:msxsl=\"urn:schemas-microsoft-com:xslt\"\u003e\n\u003chead\u003e\n\u003cMETA http-equiv=\"Content-Type\" content=\"text/html\"\u003e\n\u003cmeta http-equiv=\"content-type\" content=\"text/html; charset=UTF-8\"\u003e\n\u003c/head\u003e\n\u003cbody style=\"margin:0px 0px 0px 0px;overflow:auto;background:#FFFFFF;\"\u003e\n\u003ctable style=\"font-family:Arial,Verdana,Times;font-size:12px;text-align:left;width:100%;border-collapse:collapse;padding:3px 3px 3px 3px\"\u003e\n\u003ctr style=\"text-align:center;font-weight:bold;background:#9CBCE2\"\u003e\n\u003ctd\u003e18102566,9293\u003c/td\u003e\n\u003c/tr\u003e\n\u003ctr\u003e\n\u003ctd\u003e\n\u003ctable style=\"font-family:Arial,Verdana,Times;font-size:12px;text-align:left;width:100%;border-spacing:0px; padding:3px 3px 3px 3px\"\u003e\n\u003ctr\u003e\n\u003ctd\u003eFID\u003c/td\u003e\n\u003ctd\u003e0\u003c/td\u003e\n\u003c/tr\u003e\n\u003ctr bgcolor=\"#D4E4F3\"\u003e\n\u003ctd\u003eShape_Leng\u003c/td\u003e\n\u003ctd\u003e18102566,9293\u003c/td\u003e\n\u003c/tr\u003e\n\u003c/table\u003e\n\u003c/td\u003e\n\u003c/tr\u003e\n\u003c/table\u003e\n\u003c/body\u003e\u003cscript type=\"text/javascript\"\u003e\n\t\t\t\tfunction changeImage(attElement, nameElement) {\n\t\t\t\tdocument.getElementById('imageAttachment').src = attElement;\n\t\t\t\tdocument.getElementById('imageName').innerHTML = nameElement;}\n\t\t\t\u003c/script\u003e\u003c/html\u003e\n","FID_active_grids":125,"GridID":"O62","Shape_Length":0.0046903068140257088,"Shape_Area":7.468087447725796e-08}},{"type":"Feature","id":20273,"geometry":{"type":"Polygon","coordinates":[[[115.86438991000011,-7.150006871999949],[115.86438088600005,-7.1500069669999675],[115.86438079000004,-7.1499979539999572],[115.86430859900008,-7.1499987179999493],[115.86430869500009,-7.1500077309999597],[115.86429064700008,-7.1500079219999293],[115.86429074300008,-7.1500169349999396],[115.86428171900002,-7.1500170299999581],[115.86428162300001,-7.1500080169999478],[115.86427259900006,-7.1500081129999558],[115.86427269500007,-7.1500171259999661],[115.86425464700005,-7.1500173169999357],[115.86425474300006,-7.150026329999946],[115.86424571900011,-7.1500264249999645],[115.86424581400001,-7.1500354389999643],[115.86423679100005,-7.150035533999926],[115.86423688600007,-7.1500445469999363],[115.86422786200001,-7.1500446429999442],[115.86422853100009,-7.1501077339999597],[115.86421950700003,-7.1501078299999676],[115.86421969900005,-7.1501258559999314],[115.86422872300011,-7.1501257609999698],[115.86422920000007,-7.1501708259999646],[115.86423822400002,-7.150170730999946],[115.86423841600003,-7.1501887569999667],[115.86424743900011,-7.1501886609999588],[115.86424753500012,-7.1501976749999585],[115.86423851100005,-7.150197769999977],[115.86423860700006,-7.1502067829999305],[115.86424763100001,-7.1502066879999688],[115.86424772600003,-7.1502157009999792],[115.8642567500001,-7.1502156049999712],[115.8642568460001,-7.1502246179999815],[115.86427489300002,-7.1502244269999551],[115.86427498900002,-7.1502334409999548],[115.86428401300009,-7.1502333449999469],[115.8642841090001,-7.1502423579999572],[115.86430215600001,-7.1502421669999308],[115.86430225200002,-7.1502511799999411],[115.86431127600008,-7.1502510849999794],[115.86431118000007,-7.1502420719999691],[115.86432922800009,-7.1502418809999426],[115.86432913200008,-7.1502328679999323],[115.86433815600003,-7.1502327719999812],[115.86433806100001,-7.1502237589999709],[115.8643651320001,-7.1502234729999259],[115.86436503700008,-7.1502144599999724],[115.86437406100003,-7.1502143639999645],[115.86437396500003,-7.1502053509999541],[115.86438298900009,-7.1502052549999462],[115.86438289300008,-7.1501962419999359],[115.86439191700003,-7.1501961469999742],[115.86439163000011,-7.1501691079999432],[115.86440065400006,-7.1501690119999353],[115.86440055900005,-7.1501599989999249],[115.86440958200001,-7.1501599029999738],[115.8644094870001,-7.1501508899999635],[115.86441851100005,-7.150150794999945],[115.86441832000003,-7.1501327689999812],[115.8644273430001,-7.1501326729999732],[115.8644264830001,-7.1500515549999477],[115.86441745900004,-7.1500516509999557],[115.86441726800001,-7.1500336239999456],[115.86440824400006,-7.1500337199999535],[115.86440814900004,-7.1500247069999432],[115.86439912500009,-7.1500248019999617],[115.86439902900008,-7.1500157889999514],[115.86439000500002,-7.1500158849999593],[115.86438991000011,-7.150006871999949]]]},"properties":{"OBJECTID":20273,"FID_mangrove_utm":20215,"OBJECTID_1":20215,"Name":"18102566,9293","FolderPath":"JATIM/JATIM","SymbolID":0,"AltMode":0,"Base":0,"Clamped":-1,"Extruded":0,"Snippet":"","PopupInfo":"\u003chtml xmlns:fo=\"http://www.w3.org/1999/XSL/Format\" xmlns:msxsl=\"urn:schemas-microsoft-com:xslt\"\u003e\n\u003chead\u003e\n\u003cMETA http-equiv=\"Content-Type\" content=\"text/html\"\u003e\n\u003cmeta http-equiv=\"content-type\" content=\"text/html; charset=UTF-8\"\u003e\n\u003c/head\u003e\n\u003cbody style=\"margin:0px 0px 0px 0px;overflow:auto;background:#FFFFFF;\"\u003e\n\u003ctable style=\"font-family:Arial,Verdana,Times;font-size:12px;text-align:left;width:100%;border-collapse:collapse;padding:3px 3px 3px 3px\"\u003e\n\u003ctr style=\"text-align:center;font-weight:bold;background:#9CBCE2\"\u003e\n\u003ctd\u003e18102566,9293\u003c/td\u003e\n\u003c/tr\u003e\n\u003ctr\u003e\n\u003ctd\u003e\n\u003ctable style=\"font-family:Arial,Verdana,Times;font-size:12px;text-align:left;width:100%;border-spacing:0px; padding:3px 3px 3px 3px\"\u003e\n\u003ctr\u003e\n\u003ctd\u003eFID\u003c/td\u003e\n\u003ctd\u003e0\u003c/td\u003e\n\u003c/tr\u003e\n\u003ctr bgcolor=\"#D4E4F3\"\u003e\n\u003ctd\u003eShape_Leng\u003c/td\u003e\n\u003ctd\u003e18102566,9293\u003c/td\u003e\n\u003c/tr\u003e\n\u003c/table\u003e\n\u003c/td\u003e\n\u003c/tr\u003e\n\u003c/table\u003e\n\u003c/body\u003e\u003cscript type=\"text/javascript\"\u003e\n\t\t\t\tfunction changeImage(attElement, nameElement) {\n\t\t\t\tdocument.getElementById('imageAttachment').src = attElement;\n\t\t\t\tdocument.getElementById('imageName').innerHTML = nameElement;}\n\t\t\t\u003c/script\u003e\u003c/html\u003e\n","FID_active_grids":125,"GridID":"O62","Shape_Length":0.00095595668566252957,"Shape_Area":3.9125641947772399e-08}},{"type":"Feature","id":20274,"geometry":{"type":"Polygon","coordinates":[[[115.8555789400001,-7.1500819839999394],[115.85557327700008,-7.1500766899999348],[115.85557333400004,-7.1500820429999408],[115.8555789400001,-7.1500819839999394]]]},"properties":{"OBJECTID":20274,"FID_mangrove_utm":20216,"OBJECTID_1":20216,"Name":"18102566,9293","FolderPath":"JATIM/JATIM","SymbolID":0,"AltMode":0,"Base":0,"Clamped":-1,"Extruded":0,"Snippet":"","PopupInfo":"\u003chtml xmlns:fo=\"http://www.w3.org/1999/XSL/Format\" xmlns:msxsl=\"urn:schemas-microsoft-com:xslt\"\u003e\n\u003chead\u003e\n\u003cMETA http-equiv=\"Content-Type\" content=\"text/html\"\u003e\n\u003cmeta http-equiv=\"content-type\" content=\"text/html; charset=UTF-8\"\u003e\n\u003c/head\u003e\n\u003cbody style=\"margin:0px 0px 0px 0px;overflow:auto;background:#FFFFFF;\"\u003e\n\u003ctable style=\"font-family:Arial,Verdana,Times;font-size:12px;text-align:left;width:100%;border-collapse:collapse;padding:3px 3px 3px 3px\"\u003e\n\u003ctr style=\"text-align:center;font-weight:bold;background:#9CBCE2\"\u003e\n\u003ctd\u003e18102566,9293\u003c/td\u003e\n\u003c/tr\u003e\n\u003ctr\u003e\n\u003ctd\u003e\n\u003ctable style=\"font-family:Arial,Verdana,Times;font-size:12px;text-align:left;width:100%;border-spacing:0px; padding:3px 3px 3px 3px\"\u003e\n\u003ctr\u003e\n\u003ctd\u003eFID\u003c/td\u003e\n\u003ctd\u003e0\u003c/td\u003e\n\u003c/tr\u003e\n\u003ctr bgcolor=\"#D4E4F3\"\u003e\n\u003ctd\u003eShape_Leng\u003c/td\u003e\n\u003ctd\u003e18102566,9293\u003c/td\u003e\n\u003c/tr\u003e\n\u003c/table\u003e\n\u003c/td\u003e\n\u003c/tr\u003e\n\u003c/table\u003e\n\u003c/body\u003e\u003cscript type=\"text/javascript\"\u003e\n\t\t\t\tfunction changeImage(attElement, nameElement) {\n\t\t\t\tdocument.getElementById('imageAttachment').src = attElement;\n\t\t\t\tdocument.getElementById('imageName').innerHTML = nameElement;}\n\t\t\t\u003c/script\u003e\u003c/html\u003e\n","FID_active_grids":125,"GridID":"O62","Shape_Length":1.8711775325360748e-05,"Shape_Area":1.5006140673100064e-11}},{"type":"Feature","id":20275,"geometry":{"type":"Polygon","coordinates":[[[115.85554607100005,-7.1500643029999651],[115.85554616600007,-7.1500733159999754],[115.85556940400011,-7.1500730699999622],[115.85555504700005,-7.1500596509999355],[115.85555509500011,-7.1500642069999572],[115.85554607100005,-7.1500643029999651]]]},"properties":{"OBJECTID":20275,"FID_mangrove_utm":20217,"OBJECTID_1":20217,"Name":"18102566,9293","FolderPath":"JATIM/JATIM","SymbolID":0,"AltMode":0,"Base":0,"Clamped":-1,"Extruded":0,"Snippet":"","PopupInfo":"\u003chtml xmlns:fo=\"http://www.w3.org/1999/XSL/Format\" xmlns:msxsl=\"urn:schemas-microsoft-com:xslt\"\u003e\n\u003chead\u003e\n\u003cMETA http-equiv=\"Content-Type\" content=\"text/html\"\u003e\n\u003cmeta http-equiv=\"content-type\" content=\"text/html; charset=UTF-8\"\u003e\n\u003c/head\u003e\n\u003cbody style=\"margin:0px 0px 0px 0px;overflow:auto;background:#FFFFFF;\"\u003e\n\u003ctable style=\"font-family:Arial,Verdana,Times;font-size:12px;text-align:left;width:100%;border-collapse:collapse;padding:3px 3px 3px 3px\"\u003e\n\u003ctr style=\"text-align:center;font-weight:bold;background:#9CBCE2\"\u003e\n\u003ctd\u003e18102566,9293\u003c/td\u003e\n\u003c/tr\u003e\n\u003ctr\u003e\n\u003ctd\u003e\n\u003ctable style=\"font-family:Arial,Verdana,Times;font-size:12px;text-align:left;width:100%;border-spacing:0px; padding:3px 3px 3px 3px\"\u003e\n\u003ctr\u003e\n\u003ctd\u003eFID\u003c/td\u003e\n\u003ctd\u003e0\u003c/td\u003e\n\u003c/tr\u003e\n\u003ctr bgcolor=\"#D4E4F3\"\u003e\n\u003ctd\u003eShape_Leng\u003c/td\u003e\n\u003ctd\u003e18102566,9293\u003c/td\u003e\n\u003c/tr\u003e\n\u003c/table\u003e\n\u003c/td\u003e\n\u003c/tr\u003e\n\u003c/table\u003e\n\u003c/body\u003e\u003cscript type=\"text/javascript\"\u003e\n\t\t\t\tfunction changeImage(attElement, nameElement) {\n\t\t\t\tdocument.getElementById('imageAttachment').src = attElement;\n\t\t\t\tdocument.getElementById('imageName').innerHTML = nameElement;}\n\t\t\t\u003c/script\u003e\u003c/html\u003e\n","FID_active_grids":125,"GridID":"O62","Shape_Length":6.5485360438128834e-05,"Shape_Area":1.7779361053872316e-10}},{"type":"Feature","id":20276,"geometry":{"type":"Polygon","coordinates":[[[115.85554607100005,-7.1500643029999651],[115.85554597500004,-7.1500552889999653],[115.85555033000003,-7.1500552429999402],[115.855509471,-7.1500170539999317],[115.85550959300008,-7.150028630999941],[115.85551861700003,-7.1500285359999793],[115.85551871300004,-7.1500375489999328],[115.8555277370001,-7.1500374539999711],[115.85552802300003,-7.1500644929999453],[115.85554607100005,-7.1500643029999651]]]},"properties":{"OBJECTID":20276,"FID_mangrove_utm":20218,"OBJECTID_1":20218,"Name":"18102566,9293","FolderPath":"JATIM/JATIM","SymbolID":0,"AltMode":0,"Base":0,"Clamped":-1,"Extruded":0,"Snippet":"","PopupInfo":"\u003chtml xmlns:fo=\"http://www.w3.org/1999/XSL/Format\" xmlns:msxsl=\"urn:schemas-microsoft-com:xslt\"\u003e\n\u003chead\u003e\n\u003cMETA http-equiv=\"Content-Type\" content=\"text/html\"\u003e\n\u003cmeta http-equiv=\"content-type\" content=\"text/html; charset=UTF-8\"\u003e\n\u003c/head\u003e\n\u003cbody style=\"margin:0px 0px 0px 0px;overflow:auto;background:#FFFFFF;\"\u003e\n\u003ctable style=\"font-family:Arial,Verdana,Times;font-size:12px;text-align:left;width:100%;border-collapse:collapse;padding:3px 3px 3px 3px\"\u003e\n\u003ctr style=\"text-align:center;font-weight:bold;background:#9CBCE2\"\u003e\n\u003ctd\u003e18102566,9293\u003c/td\u003e\n\u003c/tr\u003e\n\u003ctr\u003e\n\u003ctd\u003e\n\u003ctable style=\"font-family:Arial,Verdana,Times;font-size:12px;text-align:left;width:100%;border-spacing:0px; padding:3px 3px 3px 3px\"\u003e\n\u003ctr\u003e\n\u003ctd\u003eFID\u003c/td\u003e\n\u003ctd\u003e0\u003c/td\u003e\n\u003c/tr\u003e\n\u003ctr bgcolor=\"#D4E4F3\"\u003e\n\u003ctd\u003eShape_Leng\u003c/td\u003e\n\u003ctd\u003e18102566,9293\u003c/td\u003e\n\u003c/tr\u003e\n\u003c/table\u003e\n\u003c/td\u003e\n\u003c/tr\u003e\n\u003c/table\u003e\n\u003c/body\u003e\u003cscript type=\"text/javascript\"\u003e\n\t\t\t\tfunction changeImage(attElement, nameElement) {\n\t\t\t\tdocument.getElementById('imageAttachment').src = attElement;\n\t\t\t\tdocument.getElementById('imageName').innerHTML = nameElement;}\n\t\t\t\u003c/script\u003e\u003c/html\u003e\n","FID_active_grids":125,"GridID":"O62","Shape_Length":0.00015302667360149721,"Shape_Area":5.370948817232062e-10}},{"type":"Feature","id":20281,"geometry":{"type":"Polygon","coordinates":[[[115.85547301000008,-7.1499829749999435],[115.85547311500011,-7.1499929589999738],[115.85548213900006,-7.1499928639999553],[115.85548223500007,-7.1500018769999656],[115.85549125900002,-7.1500017819999471],[115.85549135400004,-7.1500107949999574],[115.85550264700009,-7.1500106759999653],[115.85547301000008,-7.1499829749999435]]]},"properties":{"OBJECTID":20281,"FID_mangrove_utm":20223,"OBJECTID_1":20223,"Name":"18102566,9293","FolderPath":"JATIM/JATIM","SymbolID":0,"AltMode":0,"Base":0,"Clamped":-1,"Extruded":0,"Snippet":"","PopupInfo":"\u003chtml xmlns:fo=\"http://www.w3.org/1999/XSL/Format\" xmlns:msxsl=\"urn:schemas-microsoft-com:xslt\"\u003e\n\u003chead\u003e\n\u003cMETA http-equiv=\"Content-Type\" content=\"text/html\"\u003e\n\u003cmeta http-equiv=\"content-type\" content=\"text/html; charset=UTF-8\"\u003e\n\u003c/head\u003e\n\u003cbody style=\"margin:0px 0px 0px 0px;overflow:auto;background:#FFFFFF;\"\u003e\n\u003ctable style=\"font-family:Arial,Verdana,Times;font-size:12px;text-align:left;width:100%;border-collapse:collapse;padding:3px 3px 3px 3px\"\u003e\n\u003ctr style=\"text-align:center;font-weight:bold;background:#9CBCE2\"\u003e\n\u003ctd\u003e18102566,9293\u003c/td\u003e\n\u003c/tr\u003e\n\u003ctr\u003e\n\u003ctd\u003e\n\u003ctable style=\"font-family:Arial,Verdana,Times;font-size:12px;text-align:left;width:100%;border-spacing:0px; padding:3px 3px 3px 3px\"\u003e\n\u003ctr\u003e\n\u003ctd\u003eFID\u003c/td\u003e\n\u003ctd\u003e0\u003c/td\u003e\n\u003c/tr\u003e\n\u003ctr bgcolor=\"#D4E4F3\"\u003e\n\u003ctd\u003eShape_Leng\u003c/td\u003e\n\u003ctd\u003e18102566,9293\u003c/td\u003e\n\u003c/tr\u003e\n\u003c/table\u003e\n\u003c/td\u003e\n\u003c/tr\u003e\n\u003c/table\u003e\n\u003c/body\u003e\u003cscript type=\"text/javascript\"\u003e\n\t\t\t\tfunction changeImage(attElement, nameElement) {\n\t\t\t\tdocument.getElementById('imageAttachment').src = attElement;\n\t\t\t\tdocument.getElementById('imageName').innerHTML = nameElement;}\n\t\t\t\u003c/script\u003e\u003c/html\u003e\n","FID_active_grids":125,"GridID":"O62","Shape_Length":9.7921384369978716e-05,"Shape_Area":1.6694295337045998e-10}},{"type":"Feature","id":20283,"geometry":{"type":"Polygon","coordinates":[[[115.85546450000004,-7.1499750219999783],[115.85546389500007,-7.1499744559999385],[115.85546390100001,-7.1499750279999716],[115.85546450000004,-7.1499750219999783]]]},"properties":{"OBJECTID":20283,"FID_mangrove_utm":20225,"OBJECTID_1":20225,"Name":"18102566,9293","FolderPath":"JATIM/JATIM","SymbolID":0,"AltMode":0,"Base":0,"Clamped":-1,"Extruded":0,"Snippet":"","PopupInfo":"\u003chtml xmlns:fo=\"http://www.w3.org/1999/XSL/Format\" xmlns:msxsl=\"urn:schemas-microsoft-com:xslt\"\u003e\n\u003chead\u003e\n\u003cMETA http-equiv=\"Content-Type\" content=\"text/html\"\u003e\n\u003cmeta http-equiv=\"content-type\" content=\"text/html; charset=UTF-8\"\u003e\n\u003c/head\u003e\n\u003cbody style=\"margin:0px 0px 0px 0px;overflow:auto;background:#FFFFFF;\"\u003e\n\u003ctable style=\"font-family:Arial,Verdana,Times;font-size:12px;text-align:left;width:100%;border-collapse:collapse;padding:3px 3px 3px 3px\"\u003e\n\u003ctr style=\"text-align:center;font-weight:bold;background:#9CBCE2\"\u003e\n\u003ctd\u003e18102566,9293\u003c/td\u003e\n\u003c/tr\u003e\n\u003ctr\u003e\n\u003ctd\u003e\n\u003ctable style=\"font-family:Arial,Verdana,Times;font-size:12px;text-align:left;width:100%;border-spacing:0px; padding:3px 3px 3px 3px\"\u003e\n\u003ctr\u003e\n\u003ctd\u003eFID\u003c/td\u003e\n\u003ctd\u003e0\u003c/td\u003e\n\u003c/tr\u003e\n\u003ctr bgcolor=\"#D4E4F3\"\u003e\n\u003ctd\u003eShape_Leng\u003c/td\u003e\n\u003ctd\u003e18102566,9293\u003c/td\u003e\n\u003c/tr\u003e\n\u003c/table\u003e\n\u003c/td\u003e\n\u003c/tr\u003e\n\u003c/table\u003e\n\u003c/body\u003e\u003cscript type=\"text/javascript\"\u003e\n\t\t\t\tfunction changeImage(attElement, nameElement) {\n\t\t\t\tdocument.getElementById('imageAttachment').src = attElement;\n\t\t\t\tdocument.getElementById('imageName').innerHTML = nameElement;}\n\t\t\t\u003c/script\u003e\u003c/html\u003e\n","FID_active_grids":125,"GridID":"O62","Shape_Length":1.9995427255998666e-06,"Shape_Area":1.7133201880245286e-13}},{"type":"Feature","id":20284,"geometry":{"type":"Polygon","coordinates":[[[115.85545496300006,-7.1499661079999441],[115.85545477900007,-7.1499659359999441],[115.85545478100005,-7.1499661099999798],[115.85545496300006,-7.1499661079999441]]]},"properties":{"OBJECTID":20284,"FID_mangrove_utm":20226,"OBJECTID_1":20226,"Name":"18102566,9293","FolderPath":"JATIM/JATIM","SymbolID":0,"AltMode":0,"Base":0,"Clamped":-1,"Extruded":0,"Snippet":"","PopupInfo":"\u003chtml xmlns:fo=\"http://www.w3.org/1999/XSL/Format\" xmlns:msxsl=\"urn:schemas-microsoft-com:xslt\"\u003e\n\u003chead\u003e\n\u003cMETA http-equiv=\"Content-Type\" content=\"text/html\"\u003e\n\u003cmeta http-equiv=\"content-type\" content=\"text/html; charset=UTF-8\"\u003e\n\u003c/head\u003e\n\u003cbody style=\"margin:0px 0px 0px 0px;overflow:auto;background:#FFFFFF;\"\u003e\n\u003ctable style=\"font-family:Arial,Verdana,Times;font-size:12px;text-align:left;width:100%;border-collapse:collapse;padding:3px 3px 3px 3px\"\u003e\n\u003ctr style=\"text-align:center;font-weight:bold;background:#9CBCE2\"\u003e\n\u003ctd\u003e18102566,9293\u003c/td\u003e\n\u003c/tr\u003e\n\u003ctr\u003e\n\u003ctd\u003e\n\u003ctable style=\"font-family:Arial,Verdana,Times;font-size:12px;text-align:left;width:100%;border-spacing:0px; padding:3px 3px 3px 3px\"\u003e\n\u003ctr\u003e\n\u003ctd\u003eFID\u003c/td\u003e\n\u003ctd\u003e0\u003c/td\u003e\n\u003c/tr\u003e\n\u003ctr bgcolor=\"#D4E4F3\"\u003e\n\u003ctd\u003eShape_Leng\u003c/td\u003e\n\u003ctd\u003e18102566,9293\u003c/td\u003e\n\u003c/tr\u003e\n\u003c/table\u003e\n\u003c/td\u003e\n\u003c/tr\u003e\n\u003c/table\u003e\n\u003c/body\u003e\u003cscript type=\"text/javascript\"\u003e\n\t\t\t\tfunction changeImage(attElement, nameElement) {\n\t\t\t\tdocument.getElementById('imageAttachment').src = attElement;\n\t\t\t\tdocument.getElementById('imageName').innerHTML = nameElement;}\n\t\t\t\u003c/script\u003e\u003c/html\u003e\n","FID_active_grids":125,"GridID":"O62","Shape_Length":6.0789550060097868e-07,"Shape_Area":1.5836003956373138e-14}},{"type":"Feature","id":20286,"geometry":{"type":"Polygon","coordinates":[[[115.85534165700005,-7.1498602059999712],[115.85533625900007,-7.1498530309999637],[115.85533651500009,-7.1498772169999256],[115.85534553900004,-7.1498771209999745],[115.85534563500005,-7.1498861349999743],[115.85536368300006,-7.1498859439999478],[115.85536362700009,-7.1498807409999472],[115.85534165700005,-7.1498602059999712]]]},"properties":{"OBJECTID":20286,"FID_mangrove_utm":20228,"OBJECTID_1":20228,"Name":"18102566,9293","FolderPath":"JATIM/JATIM","SymbolID":0,"AltMode":0,"Base":0,"Clamped":-1,"Extruded":0,"Snippet":"","PopupInfo":"\u003chtml xmlns:fo=\"http://www.w3.org/1999/XSL/Format\" xmlns:msxsl=\"urn:schemas-microsoft-com:xslt\"\u003e\n\u003chead\u003e\n\u003cMETA http-equiv=\"Content-Type\" content=\"text/html\"\u003e\n\u003cmeta http-equiv=\"content-type\" content=\"text/html; charset=UTF-8\"\u003e\n\u003c/head\u003e\n\u003cbody style=\"margin:0px 0px 0px 0px;overflow:auto;background:#FFFFFF;\"\u003e\n\u003ctable style=\"font-family:Arial,Verdana,Times;font-size:12px;text-align:left;width:100%;border-collapse:collapse;padding:3px 3px 3px 3px\"\u003e\n\u003ctr style=\"text-align:center;font-weight:bold;background:#9CBCE2\"\u003e\n\u003ctd\u003e18102566,9293\u003c/td\u003e\n\u003c/tr\u003e\n\u003ctr\u003e\n\u003ctd\u003e\n\u003ctable style=\"font-family:Arial,Verdana,Times;font-size:12px;text-align:left;width:100%;border-spacing:0px; padding:3px 3px 3px 3px\"\u003e\n\u003ctr\u003e\n\u003ctd\u003eFID\u003c/td\u003e\n\u003ctd\u003e0\u003c/td\u003e\n\u003c/tr\u003e\n\u003ctr bgcolor=\"#D4E4F3\"\u003e\n\u003ctd\u003eShape_Leng\u003c/td\u003e\n\u003ctd\u003e18102566,9293\u003c/td\u003e\n\u003c/tr\u003e\n\u003c/table\u003e\n\u003c/td\u003e\n\u003c/tr\u003e\n\u003c/table\u003e\n\u003c/body\u003e\u003cscript type=\"text/javascript\"\u003e\n\t\t\t\tfunction changeImage(attElement, nameElement) {\n\t\t\t\tdocument.getElementById('imageAttachment').src = attElement;\n\t\t\t\tdocument.getElementById('imageName').innerHTML = nameElement;}\n\t\t\t\u003c/script\u003e\u003c/html\u003e\n","FID_active_grids":125,"GridID":"O62","Shape_Length":0.00010453019587103672,"Shape_Area":4.1512534588562386e-10}},{"type":"Feature","id":20290,"geometry":{"type":"Polygon","coordinates":[[[115.85531394400005,-7.1498233699999787],[115.85530879800001,-7.1498165299999528],[115.85530887100003,-7.1498234229999298],[115.85531394400005,-7.1498233699999787]]]},"properties":{"OBJECTID":20290,"FID_mangrove_utm":20232,"OBJECTID_1":20232,"Name":"18102566,9293","FolderPath":"JATIM/JATIM","SymbolID":0,"AltMode":0,"Base":0,"Clamped":-1,"Extruded":0,"Snippet":"","PopupInfo":"\u003chtml xmlns:fo=\"http://www.w3.org/1999/XSL/Format\" xmlns:msxsl=\"urn:schemas-microsoft-com:xslt\"\u003e\n\u003chead\u003e\n\u003cMETA http-equiv=\"Content-Type\" content=\"text/html\"\u003e\n\u003cmeta http-equiv=\"content-type\" content=\"text/html; charset=UTF-8\"\u003e\n\u003c/head\u003e\n\u003cbody style=\"margin:0px 0px 0px 0px;overflow:auto;background:#FFFFFF;\"\u003e\n\u003ctable style=\"font-family:Arial,Verdana,Times;font-size:12px;text-align:left;width:100%;border-collapse:collapse;padding:3px 3px 3px 3px\"\u003e\n\u003ctr style=\"text-align:center;font-weight:bold;background:#9CBCE2\"\u003e\n\u003ctd\u003e18102566,9293\u003c/td\u003e\n\u003c/tr\u003e\n\u003ctr\u003e\n\u003ctd\u003e\n\u003ctable style=\"font-family:Arial,Verdana,Times;font-size:12px;text-align:left;width:100%;border-spacing:0px; padding:3px 3px 3px 3px\"\u003e\n\u003ctr\u003e\n\u003ctd\u003eFID\u003c/td\u003e\n\u003ctd\u003e0\u003c/td\u003e\n\u003c/tr\u003e\n\u003ctr bgcolor=\"#D4E4F3\"\u003e\n\u003ctd\u003eShape_Leng\u003c/td\u003e\n\u003ctd\u003e18102566,9293\u003c/td\u003e\n\u003c/tr\u003e\n\u003c/table\u003e\n\u003c/td\u003e\n\u003c/tr\u003e\n\u003c/table\u003e\n\u003c/body\u003e\u003cscript type=\"text/javascript\"\u003e\n\t\t\t\tfunction changeImage(attElement, nameElement) {\n\t\t\t\tdocument.getElementById('imageAttachment').src = attElement;\n\t\t\t\tdocument.getElementById('imageName').innerHTML = nameElement;}\n\t\t\t\u003c/script\u003e\u003c/html\u003e\n","FID_active_grids":125,"GridID":"O62","Shape_Length":2.0526272991293816e-05,"Shape_Area":1.7486028979103965e-11}},{"type":"Feature","id":20291,"geometry":{"type":"Polygon","coordinates":[[[115.86350241500008,-7.1497187939999662],[115.86348436800006,-7.1497189849999359],[115.86348446300008,-7.1497279979999462],[115.86347543900001,-7.1497280939999541],[115.86347553500002,-7.1497371069999645],[115.86346651100007,-7.1497372029999724],[115.86346660700008,-7.1497462159999259],[115.86345758300001,-7.1497463109999444],[115.86345777400004,-7.1497643369999651],[115.8634667980001,-7.1497642419999465],[115.86346689300001,-7.1497732549999569],[115.86347591700007,-7.1497731599999383],[115.8634761080001,-7.149791185999959],[115.86349415600012,-7.1497909949999325],[115.86349406000011,-7.1497819819999791],[115.86350308400006,-7.1497818859999711],[115.86350289300003,-7.1497638599999505],[115.8635119170001,-7.1497637649999319],[115.86351153500004,-7.149727711999958],[115.86350251100009,-7.149727807999966],[115.86350241500008,-7.1497187939999662]]]},"properties":{"OBJECTID":20291,"FID_mangrove_utm":20233,"OBJECTID_1":20233,"Name":"18102566,9293","FolderPath":"JATIM/JATIM","SymbolID":0,"AltMode":0,"Base":0,"Clamped":-1,"Extruded":0,"Snippet":"","PopupInfo":"\u003chtml xmlns:fo=\"http://www.w3.org/1999/XSL/Format\" xmlns:msxsl=\"urn:schemas-microsoft-com:xslt\"\u003e\n\u003chead\u003e\n\u003cMETA http-equiv=\"Content-Type\" content=\"text/html\"\u003e\n\u003cmeta http-equiv=\"content-type\" content=\"text/html; charset=UTF-8\"\u003e\n\u003c/head\u003e\n\u003cbody style=\"margin:0px 0px 0px 0px;overflow:auto;background:#FFFFFF;\"\u003e\n\u003ctable style=\"font-family:Arial,Verdana,Times;font-size:12px;text-align:left;width:100%;border-collapse:collapse;padding:3px 3px 3px 3px\"\u003e\n\u003ctr style=\"text-align:center;font-weight:bold;background:#9CBCE2\"\u003e\n\u003ctd\u003e18102566,9293\u003c/td\u003e\n\u003c/tr\u003e\n\u003ctr\u003e\n\u003ctd\u003e\n\u003ctable style=\"font-family:Arial,Verdana,Times;font-size:12px;text-align:left;width:100%;border-spacing:0px; padding:3px 3px 3px 3px\"\u003e\n\u003ctr\u003e\n\u003ctd\u003eFID\u003c/td\u003e\n\u003ctd\u003e0\u003c/td\u003e\n\u003c/tr\u003e\n\u003ctr bgcolor=\"#D4E4F3\"\u003e\n\u003ctd\u003eShape_Leng\u003c/td\u003e\n\u003ctd\u003e18102566,9293\u003c/td\u003e\n\u003c/tr\u003e\n\u003c/table\u003e\n\u003c/td\u003e\n\u003c/tr\u003e\n\u003c/table\u003e\n\u003c/body\u003e\u003cscript type=\"text/javascript\"\u003e\n\t\t\t\tfunction changeImage(attElement, nameElement) {\n\t\t\t\tdocument.getElementById('imageAttachment').src = attElement;\n\t\t\t\tdocument.getElementById('imageName').innerHTML = nameElement;}\n\t\t\t\u003c/script\u003e\u003c/html\u003e\n","FID_active_grids":125,"GridID":"O62","Shape_Length":0.00025251116971925137,"Shape_Area":2.6029578396070613e-09}},{"type":"Feature","id":20297,"geometry":{"type":"Polygon","coordinates":[[[115.85473902300009,-7.1497032409999406],[115.85472999900003,-7.1497033359999591],[115.85473009500004,-7.1497123499999589],[115.85472107100009,-7.1497124449999774],[115.85472145200004,-7.1497484979999513],[115.8547304760001,-7.1497484029999328],[115.85473057200011,-7.1497574159999431],[115.85473959600006,-7.1497573209999814],[115.8547398820001,-7.1497843599999555],[115.85474890600005,-7.149784264999937],[115.85474947800003,-7.1498383449999778],[115.85476752600005,-7.1498381539999514],[115.85476771700007,-7.149856179999972],[115.85477674100002,-7.1498560849999535],[115.85477683600004,-7.1498650979999638],[115.85481293200007,-7.1498647169999572],[115.85481302800008,-7.1498737299999675],[115.85479498000007,-7.1498739209999371],[115.85479507500008,-7.1498829339999475],[115.85477702700007,-7.1498831249999739],[115.85477693200005,-7.1498741119999636],[115.85475888400003,-7.1498743019999438],[115.85475897900005,-7.1498833149999541],[115.85474093100004,-7.1498835059999806],[115.85474102700005,-7.1498925189999341],[115.85475005100011,-7.1498924239999724],[115.85475033700004,-7.1499194639999359],[115.85474131300009,-7.1499195589999545],[115.85474140800011,-7.1499285719999648],[115.85473238400004,-7.1499286679999727],[115.85473257500007,-7.1499466939999365],[115.85472355100001,-7.1499467889999551],[115.85472374200003,-7.1499648159999651],[115.85471471800008,-7.1499649109999268],[115.8547148130001,-7.1499739239999371],[115.85472383700005,-7.1499738289999755],[115.85472393300006,-7.149982841999929],[115.85471490900011,-7.1499829379999369],[115.85471529000006,-7.1500189909999676],[115.85472431400001,-7.1500188949999597],[115.85472441000002,-7.15002790799997],[115.85473343400008,-7.1500278129999515],[115.85473372000001,-7.1500548529999719],[115.85474274400008,-7.1500547579999534],[115.8547428390001,-7.1500637709999637],[115.85476088700011,-7.1500635799999372],[115.85476098300001,-7.150072593999937],[115.85477000700007,-7.1500724979999291],[115.85477010200009,-7.1500815109999394],[115.8547881500001,-7.1500813209999592],[115.85478824500001,-7.1500903339999695],[115.85479727000006,-7.150090238999951],[115.85479717400005,-7.1500812259999407],[115.85482424600002,-7.1500809399999525],[115.85482405500011,-7.1500629129999425],[115.85485112700007,-7.1500626269999543],[115.85485103200006,-7.150053613999944],[115.85486005600001,-7.1500535189999255],[115.8548599610001,-7.150044505999972],[115.85486898500005,-7.150044409999964],[115.85486888900004,-7.1500353969999537],[115.85487791300011,-7.1500353019999352],[115.85487772200008,-7.1500172749999251],[115.85488674600003,-7.1500171799999634],[115.85488655500001,-7.1499991539999428],[115.85493167600009,-7.1499986769999282],[115.85493158000008,-7.1499896639999747],[115.85494060400003,-7.1499895689999562],[115.85494050900002,-7.1499805549999564],[115.85497660500005,-7.1499801739999498],[115.85497650900004,-7.1499711609999395],[115.85501260500007,-7.1499707799999328],[115.85501251000005,-7.149961765999933],[115.85502153400012,-7.1499616709999714],[115.85502143800011,-7.149952657999961],[115.85501241400004,-7.1499527529999796],[115.85501212800011,-7.1499257139999486],[115.85502115200006,-7.1499256179999406],[115.85502096100004,-7.1499075919999768],[115.8550299850001,-7.1499074959999689],[115.85502979500006,-7.1498894699999482],[115.85502077100011,-7.1498895649999668],[115.85502067500011,-7.1498805519999564],[115.85501165100004,-7.1498806469999749],[115.85501155600002,-7.1498716339999646],[115.85499350800001,-7.1498718249999342],[115.85499341200011,-7.1498628109999345],[115.85493024400012,-7.1498634779999293],[115.8549301490001,-7.1498544649999758],[115.85492112500003,-7.1498545609999269],[115.85492093400001,-7.1498365339999737],[115.85486679000007,-7.1498371059999499],[115.85486669500006,-7.1498280929999396],[115.8548576710001,-7.1498281879999581],[115.8548575750001,-7.1498191749999478],[115.85487562300011,-7.1498189839999782],[115.85487514600004,-7.1497739179999371],[115.85486612200009,-7.1497740129999556],[115.85486602700007,-7.1497649999999453],[115.85485700300001,-7.1497650949999638],[115.85485681200009,-7.1497470689999432],[115.85483876400008,-7.1497472589999802],[115.85483866900006,-7.1497382459999699],[115.85482062100004,-7.1497384369999395],[115.85482052500004,-7.1497294229999397],[115.8547663810001,-7.1497299949999729],[115.85476628600009,-7.1497209819999625],[115.85474823800007,-7.1497211719999427],[115.85474814300005,-7.1497121589999324],[115.8547391190001,-7.1497122539999509],[115.85473902300009,-7.1497032409999406]]]},"properties":{"OBJECTID":20297,"FID_mangrove_utm":20239,"OBJECTID_1":20239,"Name":"18102566,9293","FolderPath":"JATIM/JATIM","SymbolID":0,"AltMode":0,"Base":0,"Clamped":-1,"Extruded":0,"Snippet":"","PopupInfo":"\u003chtml xmlns:fo=\"http://www.w3.org/1999/XSL/Format\" xmlns:msxsl=\"urn:schemas-microsoft-com:xslt\"\u003e\n\u003chead\u003e\n\u003cMETA http-equiv=\"Content-Type\" content=\"text/html\"\u003e\n\u003cmeta http-equiv=\"content-type\" content=\"text/html; charset=UTF-8\"\u003e\n\u003c/head\u003e\n\u003cbody style=\"margin:0px 0px 0px 0px;overflow:auto;background:#FFFFFF;\"\u003e\n\u003ctable style=\"font-family:Arial,Verdana,Times;font-size:12px;text-align:left;width:100%;border-collapse:collapse;padding:3px 3px 3px 3px\"\u003e\n\u003ctr style=\"text-align:center;font-weight:bold;background:#9CBCE2\"\u003e\n\u003ctd\u003e18102566,9293\u003c/td\u003e\n\u003c/tr\u003e\n\u003ctr\u003e\n\u003ctd\u003e\n\u003ctable style=\"font-family:Arial,Verdana,Times;font-size:12px;text-align:left;width:100%;border-spacing:0px; padding:3px 3px 3px 3px\"\u003e\n\u003ctr\u003e\n\u003ctd\u003eFID\u003c/td\u003e\n\u003ctd\u003e0\u003c/td\u003e\n\u003c/tr\u003e\n\u003ctr bgcolor=\"#D4E4F3\"\u003e\n\u003ctd\u003eShape_Leng\u003c/td\u003e\n\u003ctd\u003e18102566,9293\u003c/td\u003e\n\u003c/tr\u003e\n\u003c/table\u003e\n\u003c/td\u003e\n\u003c/tr\u003e\n\u003c/table\u003e\n\u003c/body\u003e\u003cscript type=\"text/javascript\"\u003e\n\t\t\t\tfunction changeImage(attElement, nameElement) {\n\t\t\t\tdocument.getElementById('imageAttachment').src = attElement;\n\t\t\t\tdocument.getElementById('imageName').innerHTML = nameElement;}\n\t\t\t\u003c/script\u003e\u003c/html\u003e\n","FID_active_grids":125,"GridID":"O62","Shape_Length":0.0016956577478245405,"Shape_Area":6.3774118156474849e-08}},{"type":"Feature","id":20304,"geometry":{"type":"Polygon","coordinates":[[[115.86317554900006,-7.1495329549999269],[115.86315786400007,-7.1495331419999388],[115.86316250000004,-7.1496529829999531],[115.86335705600004,-7.1499932879999619],[115.86367845400002,-7.1504143089999275],[115.86380153100004,-7.1506297469999254],[115.86386010400008,-7.1508983309999508],[115.86385195000003,-7.1509680609999577],[115.86385860900009,-7.1509679899999696],[115.86385851400007,-7.1509589769999593],[115.86386753800002,-7.1509588819999408],[115.86386734600001,-7.150940855999977],[115.86387637000007,-7.150940759999969],[115.8638757010001,-7.1508776679999642],[115.86388472500005,-7.1508775729999456],[115.86388386500005,-7.150796454999977],[115.86389288900011,-7.150796358999969],[115.8638927930001,-7.1507873459999587],[115.86388376900004,-7.1507874419999666],[115.86388252600011,-7.1506702709999672],[115.86387350200005,-7.1506703669999752],[115.86387292900008,-7.1506162879999806],[115.86386390500002,-7.1506163829999423],[115.8638637140001,-7.1505983569999785],[115.86385469000004,-7.1505984529999296],[115.863853543,-7.1504902949999405],[115.86386256700007,-7.1504901999999788],[115.86386170600008,-7.1504090819999533],[115.86385268300012,-7.1504091769999718],[115.8638524910001,-7.1503911509999512],[115.86384346800003,-7.1503912459999697],[115.8638430850001,-7.1503551939999284],[115.86383406100003,-7.1503552889999469],[115.8638337750001,-7.1503282499999727],[115.86382475100004,-7.1503283449999344],[115.86382427300009,-7.1502832799999396],[115.86381524900003,-7.1502833749999581],[115.86381496200011,-7.1502563359999272],[115.86380593800004,-7.1502564309999457],[115.86380584300002,-7.1502474179999354],[115.86379681900007,-7.1502475139999433],[115.86379662800005,-7.1502294879999795],[115.86378760400009,-7.1502295829999412],[115.86378731700006,-7.150202543999967],[115.86377829300011,-7.1502026389999287],[115.8637781970001,-7.1501936259999752],[115.86376917400003,-7.1501937209999369],[115.86376898200001,-7.1501756949999731],[115.8637509350001,-7.1501758859999427],[115.86375083900009,-7.1501668729999324],[115.86374181500003,-7.1501669689999403],[115.86374172000001,-7.1501579549999406],[115.86373269600006,-7.1501580509999485],[115.86373260000005,-7.1501490379999382],[115.8637235760001,-7.1501491329999567],[115.86372348100008,-7.1501401199999464],[115.86371445700001,-7.1501402159999543],[115.86371436100001,-7.1501312019999546],[115.86370533700006,-7.1501312979999625],[115.86370524200004,-7.1501222849999522],[115.86369621800009,-7.1501223799999707],[115.86369612200008,-7.1501133669999604],[115.86368709800001,-7.1501134629999683],[115.8636869070001,-7.1500954359999582],[115.86367788300004,-7.1500955319999662],[115.86367778800002,-7.1500865189999558],[115.86366876400007,-7.1500866139999744],[115.86366866800006,-7.150077600999964],[115.86365964400011,-7.150077696999972],[115.86365954900009,-7.1500686829999722],[115.86365052500003,-7.1500687789999802],[115.86365042900002,-7.1500597659999698],[115.86364140500007,-7.1500598609999315],[115.86364131000005,-7.150050847999978],[115.8636322860001,-7.1500509439999291],[115.86363209500007,-7.1500329169999759],[115.86362307100001,-7.150033012999927],[115.86362297500011,-7.1500239999999735],[115.86361395100005,-7.1500240949999352],[115.86361376000002,-7.1500060689999714],[115.86360473600007,-7.1500061639999331],[115.86360464100005,-7.1499971509999796],[115.8635956170001,-7.1499972469999307],[115.86359542600007,-7.1499792199999774],[115.86357737800006,-7.149979410999947],[115.86357728200005,-7.1499703979999367],[115.86356825900009,-7.1499704939999447],[115.86356816300008,-7.1499614809999343],[115.86355913900002,-7.1499615759999529],[115.86355904400011,-7.1499525629999425],[115.86355002000005,-7.149952657999961],[115.86354992400004,-7.1499436449999507],[115.86354090000009,-7.1499437409999587],[115.86354080500007,-7.1499347279999483],[115.86352275700006,-7.1499349179999285],[115.86352266100005,-7.149925904999975],[115.8635136370001,-7.1499260009999261],[115.86351354200008,-7.1499169879999727],[115.86350451800001,-7.1499170829999343],[115.86350423100009,-7.1498900439999602],[115.86348618300008,-7.1498902349999298],[115.86348608800006,-7.1498812219999763],[115.86347706400011,-7.149881316999938],[115.86347687300008,-7.1498632909999742],[115.86346784900002,-7.1498633859999359],[115.86346775300001,-7.1498543729999255],[115.8634497060001,-7.149854563999952],[115.86344961000009,-7.1498455509999417],[115.86343156200007,-7.1498457419999681],[115.86343127600003,-7.1498187019999477],[115.8634402990001,-7.1498186069999292],[115.86344020400009,-7.1498095939999757],[115.86342215600007,-7.1498097849999454],[115.86342206100005,-7.149800771999935],[115.86338596500002,-7.1498011529999417],[115.86338558300008,-7.1497651009999572],[115.86337655900002,-7.1497651959999757],[115.86337646300001,-7.1497561829999654],[115.8633584160001,-7.149756373999935],[115.86335832000009,-7.1497473609999815],[115.86334929600002,-7.1497474569999326],[115.86334795800008,-7.1496212729999797],[115.86333893400001,-7.1496213679999414],[115.86333883900011,-7.1496123549999311],[115.86330274300008,-7.1496127369999272],[115.86330264800006,-7.1496037239999737],[115.86326655200003,-7.1496041059999698],[115.86326645600002,-7.14959509199997],[115.86325743300006,-7.149595187999978],[115.86325733700005,-7.1495861749999676],[115.86322124200001,-7.1495865569999637],[115.86322114600011,-7.149577542999964],[115.86321212200005,-7.1495776389999719],[115.86321202700003,-7.1495686259999616],[115.86320300300008,-7.1495687209999801],[115.86320281200005,-7.1495506949999594],[115.8631937880001,-7.149550789999978],[115.8631936920001,-7.1495417769999676],[115.86317564400008,-7.1495419679999372],[115.86317554900006,-7.1495329549999269]]]},"properties":{"OBJECTID":20304,"FID_mangrove_utm":20246,"OBJECTID_1":20246,"Name":"18102566,9293","FolderPath":"JATIM/JATIM","SymbolID":0,"AltMode":0,"Base":0,"Clamped":-1,"Extruded":0,"Snippet":"","PopupInfo":"\u003chtml xmlns:fo=\"http://www.w3.org/1999/XSL/Format\" xmlns:msxsl=\"urn:schemas-microsoft-com:xslt\"\u003e\n\u003chead\u003e\n\u003cMETA http-equiv=\"Content-Type\" content=\"text/html\"\u003e\n\u003cmeta http-equiv=\"content-type\" content=\"text/html; charset=UTF-8\"\u003e\n\u003c/head\u003e\n\u003cbody style=\"margin:0px 0px 0px 0px;overflow:auto;background:#FFFFFF;\"\u003e\n\u003ctable style=\"font-family:Arial,Verdana,Times;font-size:12px;text-align:left;width:100%;border-collapse:collapse;padding:3px 3px 3px 3px\"\u003e\n\u003ctr style=\"text-align:center;font-weight:bold;background:#9CBCE2\"\u003e\n\u003ctd\u003e18102566,9293\u003c/td\u003e\n\u003c/tr\u003e\n\u003ctr\u003e\n\u003ctd\u003e\n\u003ctable style=\"font-family:Arial,Verdana,Times;font-size:12px;text-align:left;width:100%;border-spacing:0px; padding:3px 3px 3px 3px\"\u003e\n\u003ctr\u003e\n\u003ctd\u003eFID\u003c/td\u003e\n\u003ctd\u003e0\u003c/td\u003e\n\u003c/tr\u003e\n\u003ctr bgcolor=\"#D4E4F3\"\u003e\n\u003ctd\u003eShape_Leng\u003c/td\u003e\n\u003ctd\u003e18102566,9293\u003c/td\u003e\n\u003c/tr\u003e\n\u003c/table\u003e\n\u003c/td\u003e\n\u003c/tr\u003e\n\u003c/table\u003e\n\u003c/body\u003e\u003cscript type=\"text/javascript\"\u003e\n\t\t\t\tfunction changeImage(attElement, nameElement) {\n\t\t\t\tdocument.getElementById('imageAttachment').src = attElement;\n\t\t\t\tdocument.getElementById('imageName').innerHTML = nameElement;}\n\t\t\t\u003c/script\u003e\u003c/html\u003e\n","FID_active_grids":125,"GridID":"O62","Shape_Length":0.003877440180512887,"Shape_Area":2.136838287883291e-07}},{"type":"Feature","id":20307,"geometry":{"type":"Polygon","coordinates":[[[115.85476495000012,-7.1495947959999739],[115.8547648550001,-7.1495857829999636],[115.85475583100003,-7.1495858779999253],[115.85475592600005,-7.149594891999925],[115.85476495000012,-7.1495947959999739]]]},"properties":{"OBJECTID":20307,"FID_mangrove_utm":20249,"OBJECTID_1":20249,"Name":"18102566,9293","FolderPath":"JATIM/JATIM","SymbolID":0,"AltMode":0,"Base":0,"Clamped":-1,"Extruded":0,"Snippet":"","PopupInfo":"\u003chtml xmlns:fo=\"http://www.w3.org/1999/XSL/Format\" xmlns:msxsl=\"urn:schemas-microsoft-com:xslt\"\u003e\n\u003chead\u003e\n\u003cMETA http-equiv=\"Content-Type\" content=\"text/html\"\u003e\n\u003cmeta http-equiv=\"content-type\" content=\"text/html; charset=UTF-8\"\u003e\n\u003c/head\u003e\n\u003cbody style=\"margin:0px 0px 0px 0px;overflow:auto;background:#FFFFFF;\"\u003e\n\u003ctable style=\"font-family:Arial,Verdana,Times;font-size:12px;text-align:left;width:100%;border-collapse:collapse;padding:3px 3px 3px 3px\"\u003e\n\u003ctr style=\"text-align:center;font-weight:bold;background:#9CBCE2\"\u003e\n\u003ctd\u003e18102566,9293\u003c/td\u003e\n\u003c/tr\u003e\n\u003ctr\u003e\n\u003ctd\u003e\n\u003ctable style=\"font-family:Arial,Verdana,Times;font-size:12px;text-align:left;width:100%;border-spacing:0px; padding:3px 3px 3px 3px\"\u003e\n\u003ctr\u003e\n\u003ctd\u003eFID\u003c/td\u003e\n\u003ctd\u003e0\u003c/td\u003e\n\u003c/tr\u003e\n\u003ctr bgcolor=\"#D4E4F3\"\u003e\n\u003ctd\u003eShape_Leng\u003c/td\u003e\n\u003ctd\u003e18102566,9293\u003c/td\u003e\n\u003c/tr\u003e\n\u003c/table\u003e\n\u003c/td\u003e\n\u003c/tr\u003e\n\u003c/table\u003e\n\u003c/body\u003e\u003cscript type=\"text/javascript\"\u003e\n\t\t\t\tfunction changeImage(attElement, nameElement) {\n\t\t\t\tdocument.getElementById('imageAttachment').src = attElement;\n\t\t\t\tdocument.getElementById('imageName').innerHTML = nameElement;}\n\t\t\t\u003c/script\u003e\u003c/html\u003e\n","FID_active_grids":125,"GridID":"O62","Shape_Length":3.6077012052060332e-05,"Shape_Area":8.1346897124725906e-11}},{"type":"Feature","id":20308,"geometry":{"type":"Polygon","coordinates":[[[115.85481035700002,-7.1496213599999692],[115.85480133300007,-7.1496214549999308],[115.85480161900011,-7.1496484949999513],[115.85481064300006,-7.1496483989999433],[115.85481073800008,-7.1496574129999431],[115.85488293000003,-7.1496566499999403],[115.8548826440001,-7.1496296109999662],[115.85487362000003,-7.1496297059999279],[115.8548733340001,-7.1496026659999643],[115.85485528600009,-7.1496028569999339],[115.85485519000008,-7.1495938439999804],[115.85483714200006,-7.1495940339999606],[115.85483704700005,-7.1495850209999503],[115.8548280230001,-7.1495851159999688],[115.85482792800008,-7.1495761029999585],[115.85480988000006,-7.1495762939999281],[115.85481035700002,-7.1496213599999692],[115.85481938100008,-7.1496212639999612],[115.85481928500008,-7.1496122509999509],[115.85485538100011,-7.1496118699999442],[115.85485547700011,-7.1496208829999546],[115.85484645300005,-7.1496209789999625],[115.85484654800007,-7.1496299919999728],[115.85481045200004,-7.1496303729999795],[115.85481035700002,-7.1496213599999692]]]},"properties":{"OBJECTID":20308,"FID_mangrove_utm":20250,"OBJECTID_1":20250,"Name":"18102566,9293","FolderPath":"JATIM/JATIM","SymbolID":0,"AltMode":0,"Base":0,"Clamped":-1,"Extruded":0,"Snippet":"","PopupInfo":"\u003chtml xmlns:fo=\"http://www.w3.org/1999/XSL/Format\" xmlns:msxsl=\"urn:schemas-microsoft-com:xslt\"\u003e\n\u003chead\u003e\n\u003cMETA http-equiv=\"Content-Type\" content=\"text/html\"\u003e\n\u003cmeta http-equiv=\"content-type\" content=\"text/html; charset=UTF-8\"\u003e\n\u003c/head\u003e\n\u003cbody style=\"margin:0px 0px 0px 0px;overflow:auto;background:#FFFFFF;\"\u003e\n\u003ctable style=\"font-family:Arial,Verdana,Times;font-size:12px;text-align:left;width:100%;border-collapse:collapse;padding:3px 3px 3px 3px\"\u003e\n\u003ctr style=\"text-align:center;font-weight:bold;background:#9CBCE2\"\u003e\n\u003ctd\u003e18102566,9293\u003c/td\u003e\n\u003c/tr\u003e\n\u003ctr\u003e\n\u003ctd\u003e\n\u003ctable style=\"font-family:Arial,Verdana,Times;font-size:12px;text-align:left;width:100%;border-spacing:0px; padding:3px 3px 3px 3px\"\u003e\n\u003ctr\u003e\n\u003ctd\u003eFID\u003c/td\u003e\n\u003ctd\u003e0\u003c/td\u003e\n\u003c/tr\u003e\n\u003ctr bgcolor=\"#D4E4F3\"\u003e\n\u003ctd\u003eShape_Leng\u003c/td\u003e\n\u003ctd\u003e18102566,9293\u003c/td\u003e\n\u003c/tr\u003e\n\u003c/table\u003e\n\u003c/td\u003e\n\u003c/tr\u003e\n\u003c/table\u003e\n\u003c/body\u003e\u003cscript type=\"text/javascript\"\u003e\n\t\t\t\tfunction changeImage(attElement, nameElement) {\n\t\t\t\tdocument.getElementById('imageAttachment').src = attElement;\n\t\t\t\tdocument.getElementById('imageName').innerHTML = nameElement;}\n\t\t\t\u003c/script\u003e\u003c/html\u003e\n","FID_active_grids":125,"GridID":"O62","Shape_Length":0.00045098720555909787,"Shape_Area":4.0671787722664713e-09}},{"type":"Feature","id":20319,"geometry":{"type":"Polygon","coordinates":[[[115.86324541200008,-7.1493126469999311],[115.86322297200002,-7.1493296129999635],[115.86317507300009,-7.1494157759999553],[115.8632013780001,-7.1494154979999394],[115.86320156900001,-7.14943352399996],[115.86325571200007,-7.1494329519999269],[115.86325580800008,-7.1494419649999372],[115.86327385600009,-7.1494417739999676],[115.86327376000008,-7.1494327609999573],[115.86330083200005,-7.1494324739999797],[115.86330073600004,-7.1494234609999694],[115.86330976000011,-7.1494233659999509],[115.86330956900008,-7.1494053399999302],[115.86331859300003,-7.1494052439999791],[115.86331840200012,-7.1493872179999585],[115.86330937800005,-7.149387312999977],[115.86330928200005,-7.1493782999999667],[115.86330025900008,-7.1493783959999746],[115.86329997200005,-7.1493513559999542],[115.8632909480001,-7.1493514519999621],[115.86329085200009,-7.1493424389999518],[115.86327280500007,-7.149342628999932],[115.86327270900006,-7.1493336159999785],[115.86325466100004,-7.1493338069999481],[115.86325447000002,-7.1493157809999275],[115.86324544600006,-7.149315875999946],[115.86324541200008,-7.1493126469999311]]]},"properties":{"OBJECTID":20319,"FID_mangrove_utm":20261,"OBJECTID_1":20261,"Name":"18102566,9293","FolderPath":"JATIM/JATIM","SymbolID":0,"AltMode":0,"Base":0,"Clamped":-1,"Extruded":0,"Snippet":"","PopupInfo":"\u003chtml xmlns:fo=\"http://www.w3.org/1999/XSL/Format\" xmlns:msxsl=\"urn:schemas-microsoft-com:xslt\"\u003e\n\u003chead\u003e\n\u003cMETA http-equiv=\"Content-Type\" content=\"text/html\"\u003e\n\u003cmeta http-equiv=\"content-type\" content=\"text/html; charset=UTF-8\"\u003e\n\u003c/head\u003e\n\u003cbody style=\"margin:0px 0px 0px 0px;overflow:auto;background:#FFFFFF;\"\u003e\n\u003ctable style=\"font-family:Arial,Verdana,Times;font-size:12px;text-align:left;width:100%;border-collapse:collapse;padding:3px 3px 3px 3px\"\u003e\n\u003ctr style=\"text-align:center;font-weight:bold;background:#9CBCE2\"\u003e\n\u003ctd\u003e18102566,9293\u003c/td\u003e\n\u003c/tr\u003e\n\u003ctr\u003e\n\u003ctd\u003e\n\u003ctable style=\"font-family:Arial,Verdana,Times;font-size:12px;text-align:left;width:100%;border-spacing:0px; padding:3px 3px 3px 3px\"\u003e\n\u003ctr\u003e\n\u003ctd\u003eFID\u003c/td\u003e\n\u003ctd\u003e0\u003c/td\u003e\n\u003c/tr\u003e\n\u003ctr bgcolor=\"#D4E4F3\"\u003e\n\u003ctd\u003eShape_Leng\u003c/td\u003e\n\u003ctd\u003e18102566,9293\u003c/td\u003e\n\u003c/tr\u003e\n\u003c/table\u003e\n\u003c/td\u003e\n\u003c/tr\u003e\n\u003c/table\u003e\n\u003c/body\u003e\u003cscript type=\"text/javascript\"\u003e\n\t\t\t\tfunction changeImage(attElement, nameElement) {\n\t\t\t\tdocument.getElementById('imageAttachment').src = attElement;\n\t\t\t\tdocument.getElementById('imageName').innerHTML = nameElement;}\n\t\t\t\u003c/script\u003e\u003c/html\u003e\n","FID_active_grids":125,"GridID":"O62","Shape_Length":0.00049899152044852353,"Shape_Area":1.0968282790421677e-08}},{"type":"Feature","id":20323,"geometry":{"type":"Polygon","coordinates":[[[115.86369597100008,-7.14924801199993],[115.86370499500003,-7.1492479169999683],[115.86370480400001,-7.1492298899999582],[115.86371382800007,-7.1492297949999397],[115.8637131270001,-7.1491636749999543],[115.86338573100011,-7.1492065609999713],[115.86332572400011,-7.1492519279999556],[115.86335306400008,-7.1492516389999423],[115.8633531590001,-7.1492606519999526],[115.86338023100006,-7.1492603659999645],[115.86338013600005,-7.1492513529999542],[115.86338915900001,-7.1492512569999462],[115.86338925500002,-7.149260270999946],[115.86339827900008,-7.149260174999938],[115.8633983740001,-7.1492691879999484],[115.86341642200011,-7.1492689969999788],[115.86341651800001,-7.1492780099999322],[115.86343456500003,-7.149277819999952],[115.86343466100004,-7.1492868329999624],[115.86344368500011,-7.1492867369999544],[115.86344378000001,-7.1492957499999648],[115.86347987600004,-7.1492953689999581],[115.86347978000003,-7.1492863549999583],[115.8634888040001,-7.1492862599999398],[115.86348870900008,-7.1492772469999295],[115.86349773300003,-7.1492771509999784],[115.86349763700002,-7.1492681379999681],[115.86368713800005,-7.1492661339999586],[115.86368704300003,-7.1492571209999483],[115.86369606700009,-7.1492570249999403],[115.86369597100008,-7.14924801199993]]]},"properties":{"OBJECTID":20323,"FID_mangrove_utm":20265,"OBJECTID_1":20265,"Name":"18102566,9293","FolderPath":"JATIM/JATIM","SymbolID":0,"AltMode":0,"Base":0,"Clamped":-1,"Extruded":0,"Snippet":"","PopupInfo":"\u003chtml xmlns:fo=\"http://www.w3.org/1999/XSL/Format\" xmlns:msxsl=\"urn:schemas-microsoft-com:xslt\"\u003e\n\u003chead\u003e\n\u003cMETA http-equiv=\"Content-Type\" content=\"text/html\"\u003e\n\u003cmeta http-equiv=\"content-type\" content=\"text/html; charset=UTF-8\"\u003e\n\u003c/head\u003e\n\u003cbody style=\"margin:0px 0px 0px 0px;overflow:auto;background:#FFFFFF;\"\u003e\n\u003ctable style=\"font-family:Arial,Verdana,Times;font-size:12px;text-align:left;width:100%;border-collapse:collapse;padding:3px 3px 3px 3px\"\u003e\n\u003ctr style=\"text-align:center;font-weight:bold;background:#9CBCE2\"\u003e\n\u003ctd\u003e18102566,9293\u003c/td\u003e\n\u003c/tr\u003e\n\u003ctr\u003e\n\u003ctd\u003e\n\u003ctable style=\"font-family:Arial,Verdana,Times;font-size:12px;text-align:left;width:100%;border-spacing:0px; padding:3px 3px 3px 3px\"\u003e\n\u003ctr\u003e\n\u003ctd\u003eFID\u003c/td\u003e\n\u003ctd\u003e0\u003c/td\u003e\n\u003c/tr\u003e\n\u003ctr bgcolor=\"#D4E4F3\"\u003e\n\u003ctd\u003eShape_Leng\u003c/td\u003e\n\u003ctd\u003e18102566,9293\u003c/td\u003e\n\u003c/tr\u003e\n\u003c/table\u003e\n\u003c/td\u003e\n\u003c/tr\u003e\n\u003c/table\u003e\n\u003c/body\u003e\u003cscript type=\"text/javascript\"\u003e\n\t\t\t\tfunction changeImage(attElement, nameElement) {\n\t\t\t\tdocument.getElementById('imageAttachment').src = attElement;\n\t\t\t\tdocument.getElementById('imageName').innerHTML = nameElement;}\n\t\t\t\u003c/script\u003e\u003c/html\u003e\n","FID_active_grids":125,"GridID":"O62","Shape_Length":0.00098605176262375554,"Shape_Area":2.9473878040036902e-08}},{"type":"Feature","id":20434,"geometry":{"type":"MultiPolygon","coordinates":[[[[115.83762298600004,-7.1544179309999549],[115.83762184500006,-7.1543097699999407],[115.83761282000012,-7.1543098649999592],[115.83761082300009,-7.1541205819999618],[115.83760179800004,-7.1541206769999803],[115.83760084700009,-7.1540305419999299],[115.83760987200003,-7.1540304469999683],[115.83760844500011,-7.1538952449999442],[115.83759942000006,-7.1538953399999627],[115.83759923000002,-7.1538773129999527],[115.83758118200001,-7.1538775029999329],[115.8375809910001,-7.1538594759999796],[115.83757196700003,-7.1538595709999413],[115.83757158700007,-7.153823516999978],[115.83758061100002,-7.1538234219999595],[115.83757947000004,-7.1537152609999453],[115.8375704450001,-7.1537153559999638],[115.83757016000004,-7.1536883149999539],[115.83758820800006,-7.1536881249999738],[115.83758830400006,-7.1536971389999735],[115.83759732800002,-7.153697043999955],[115.83759742300003,-7.1537060569999653],[115.8376064470001,-7.1537059619999468],[115.83760625700006,-7.1536879349999367],[115.83759723300011,-7.1536880299999552],[115.83759713800009,-7.1536790169999449],[115.83758811300004,-7.1536791119999634],[115.83758801800002,-7.1536700979999637],[115.83756997000012,-7.1536702879999439],[115.8375698750001,-7.1536612749999335],[115.83756085000005,-7.1536613699999521],[115.83756066000001,-7.153643342999942],[115.83755163600006,-7.1536434379999605],[115.83755173100008,-7.1536524509999708],[115.83753368200007,-7.153652640999951],[115.83753320700009,-7.1536075739999774],[115.83752418200004,-7.1536076689999391],[115.83752361200004,-7.1535535879999657],[115.83753263600011,-7.1535534929999471],[115.83753254100009,-7.1535444799999368],[115.83752351600003,-7.1535445749999553],[115.83752294600004,-7.1534904939999251],[115.83751392200008,-7.1534905889999436],[115.83751325600008,-7.1534274949999599],[115.83750423100003,-7.1534275899999784],[115.83750451700007,-7.153454629999942],[115.83749549200002,-7.1534547249999605],[115.83749558800002,-7.1534637379999708],[115.83750461200009,-7.1534636429999523],[115.83750480200001,-7.1534816699999624],[115.83748675300001,-7.1534818599999426],[115.83748380500003,-7.153202442999941],[115.8374928290001,-7.1532023479999793],[115.83749292500011,-7.1532113609999328],[115.83751097300001,-7.1532111709999526],[115.83751078300008,-7.1531931439999425],[115.83751980700004,-7.1531930489999809],[115.83751971200002,-7.1531840359999705],[115.83751068800007,-7.1531841309999322],[115.83751040200002,-7.1531570899999792],[115.83750137800007,-7.1531571849999409],[115.83750118800003,-7.1531391579999308],[115.83749216400008,-7.1531392529999493],[115.83749197300006,-7.1531212269999287],[115.83747392500004,-7.1531214169999657],[115.83747383000002,-7.153112402999966],[115.83748285400009,-7.1531123079999475],[115.8374817130001,-7.1530041459999438],[115.83749073700005,-7.1530040509999253],[115.83749045200011,-7.1529770109999617],[115.83748142700006,-7.1529771059999803],[115.83748123700002,-7.1529590789999702],[115.83746318900012,-7.1529592689999504],[115.83746356900008,-7.1529953229999705],[115.83745454500001,-7.1529954179999322],[115.83745445000011,-7.1529864039999325],[115.83744542500006,-7.152986498999951],[115.83744495000008,-7.1529414319999773],[115.83743592600001,-7.152941526999939],[115.83743545000004,-7.1528964599999654],[115.83742642600009,-7.152896554999927],[115.83742538000001,-7.1527974059999337],[115.83743440400008,-7.1527973109999721],[115.83743430900006,-7.1527882979999617],[115.83742528500011,-7.1527883929999803],[115.8374251890001,-7.1527793799999699],[115.83743421400004,-7.1527792849999514],[115.83743383300009,-7.1527432309999313],[115.83742480900003,-7.1527433259999498],[115.8374246190001,-7.1527252989999397],[115.83741559500004,-7.1527253939999582],[115.83741569000006,-7.1527344069999685],[115.83740666500012,-7.1527345019999302],[115.83740704600007,-7.1527705559999504],[115.83741607000002,-7.1527704609999319],[115.83741635500007,-7.1527975009999523],[115.83740733100001,-7.1527975959999708],[115.8374072360001,-7.1527885829999605],[115.83739821200004,-7.152788677999979],[115.83739726100009,-7.1526985429999286],[115.83740628500004,-7.1526984479999669],[115.83740619000002,-7.1526894349999566],[115.83739716600007,-7.1526895299999751],[115.83739707000007,-7.1526805159999753],[115.83738804600011,-7.152680610999937],[115.83738728500009,-7.1526085029999535],[115.83737826100003,-7.1526085979999721],[115.83737769100003,-7.1525545179999312],[115.83736866600009,-7.1525546129999498],[115.83736933200009,-7.1526177069999335],[115.83735128300009,-7.1526178969999705],[115.83735052300005,-7.1525457889999302],[115.83734149800011,-7.1525458839999487],[115.83734092800012,-7.1524918029999753],[115.83733190300006,-7.152491897999937],[115.83733104800001,-7.1524107769999432],[115.83732202300007,-7.1524108719999617],[115.83732221300011,-7.1524288989999718],[115.83731318900004,-7.1524289939999335],[115.83731328400006,-7.1524380069999438],[115.83730426000011,-7.1524381019999623],[115.83730368900001,-7.1523840209999321],[115.83731271400006,-7.1523839259999704],[115.83731280900008,-7.1523929399999702],[115.83732183300003,-7.1523928449999516],[115.83732192800005,-7.152401857999962],[115.83733095200012,-7.1524017629999435],[115.83733076200008,-7.1523837369999796],[115.83733978700002,-7.1523836419999611],[115.83733940600007,-7.152347587999941],[115.83734843000002,-7.1523474929999793],[115.83734795500004,-7.1523024249999594],[115.83735697900011,-7.1523023299999409],[115.83735688400009,-7.1522933169999305],[115.83737493300009,-7.1522931269999503],[115.83737474300005,-7.1522750999999403],[115.83738376700001,-7.1522750049999786],[115.8373836720001,-7.1522659909999788],[115.83739269600005,-7.1522658959999603],[115.83739250600001,-7.1522478699999397],[115.83740153000008,-7.152247774999978],[115.83740134000004,-7.1522297479999679],[115.83741938900005,-7.1522295579999309],[115.83741929300004,-7.1522205439999311],[115.83743734200004,-7.1522203539999509],[115.83743724700003,-7.1522113409999406],[115.83745529500004,-7.1522111509999604],[115.83745539100005,-7.1522201639999707],[115.83746441500011,-7.1522200689999522],[115.83746432000009,-7.1522110559999419],[115.83748236800011,-7.1522108659999617],[115.83748217800007,-7.1521928389999516],[115.83749120200002,-7.1521927439999331],[115.83749110700001,-7.1521837299999333],[115.83750013200006,-7.1521836349999717],[115.83750003700004,-7.1521746219999613],[115.83750906100011,-7.1521745269999428],[115.83750896600009,-7.1521655139999325],[115.8375270140001,-7.1521653239999523],[115.83752691900008,-7.1521563099999526],[115.83753594300003,-7.152156214999934],[115.83753575300011,-7.1521381879999808],[115.83755380200012,-7.1521379979999438],[115.8375537070001,-7.1521289849999334],[115.83757175500011,-7.1521287949999532],[115.83757166000009,-7.1521197809999535],[115.83758068400005,-7.152119685999935],[115.83758058900003,-7.1521106729999815],[115.83759863800003,-7.1521104829999445],[115.83759854300001,-7.1521014689999447],[115.83760756700008,-7.1521013739999262],[115.8376076620001,-7.1521103879999259],[115.83761668600005,-7.1521102929999643],[115.83761659100003,-7.1521012789999645],[115.83762561600008,-7.1521011849999354],[115.83762552100006,-7.1520921709999357],[115.83764356900008,-7.1520919809999555],[115.83764337900004,-7.1520739539999454],[115.83765240300011,-7.1520738589999269],[115.83765230800009,-7.1520648459999734],[115.83766133200004,-7.1520647509999549],[115.83766123700002,-7.1520557369999551],[115.83767026200007,-7.1520556419999366],[115.83767016600007,-7.1520466289999263],[115.83767919100001,-7.1520465339999646],[115.8376790960001,-7.1520375199999648],[115.83768812000005,-7.1520374249999463],[115.83768802500003,-7.152028411999936],[115.83770607300005,-7.1520282219999558],[115.83770597800003,-7.1520192079999561],[115.83771500300008,-7.1520191129999375],[115.83771490700008,-7.1520100999999272],[115.83773295600008,-7.152009909999947],[115.83773276600004,-7.1519918829999369],[115.83775081400006,-7.1519916929999567],[115.83775062400002,-7.1519736659999467],[115.83775964800009,-7.1519735709999281],[115.83775955300007,-7.1519645579999747],[115.83776857800001,-7.1519644629999561],[115.83776829200008,-7.1519374219999463],[115.83777731700002,-7.1519373269999278],[115.83777703100009,-7.1519102869999642],[115.83778605600003,-7.1519101919999457],[115.83778596000002,-7.1519011789999354],[115.83779498500007,-7.1519010839999737],[115.83779403400001,-7.1518109489999802],[115.83781208200003,-7.1518107589999431],[115.83781151200003,-7.1517566779999697],[115.83782053600009,-7.1517565829999512],[115.83782034600006,-7.1517385559999411],[115.83782937000001,-7.1517384609999795],[115.8378292750001,-7.1517294479999691],[115.83783829900005,-7.1517293529999506],[115.83783810900002,-7.1517113259999405],[115.83784713300008,-7.1517112309999789],[115.83784675300001,-7.1516751769999587],[115.83786480200001,-7.1516749869999785],[115.83786423100003,-7.1516209059999483],[115.83787325500009,-7.1516208109999297],[115.83787249400007,-7.1515487029999463],[115.83786347000012,-7.1515487979999648],[115.83786299500002,-7.1515037309999343],[115.83785397000008,-7.1515038259999528],[115.83785387500006,-7.1514948129999425],[115.83784485100011,-7.151494907999961],[115.83784409000009,-7.1514227999999775],[115.83783506600003,-7.1514228949999392],[115.83783411500008,-7.1513327599999457],[115.83782509100001,-7.1513328549999642],[115.83782499600011,-7.1513238419999539],[115.83781597200004,-7.1513239369999724],[115.83781587700003,-7.1513149229999726],[115.83780685200009,-7.1513150179999343],[115.83780647200001,-7.151278963999971],[115.83779744800006,-7.1512790589999327],[115.83779706700011,-7.1512430049999693],[115.83778804300005,-7.151243099999931],[115.83778766300009,-7.1512070459999677],[115.83777863800003,-7.1512071409999294],[115.83777854300001,-7.1511981279999759],[115.83776049500011,-7.1511983179999561],[115.83776030500007,-7.151180290999946],[115.83775128000002,-7.1511803859999645],[115.83775118500012,-7.1511713719999648],[115.83774216100005,-7.1511714669999265],[115.83774197100001,-7.1511534409999626],[115.83772392200001,-7.1511536299999534],[115.83772373200009,-7.1511356039999328],[115.83771470800002,-7.1511356979999618],[115.83771423300004,-7.1510906309999314],[115.8377052080001,-7.1510907259999499],[115.83770501800007,-7.1510726989999398],[115.83769599400011,-7.1510727939999583],[115.8376958990001,-7.151063780999948],[115.83768687500003,-7.1510638759999665],[115.83768677900002,-7.1510548619999668],[115.83767775500007,-7.1510549569999284],[115.83767766000005,-7.151045943999975],[115.8376686360001,-7.1510460389999366],[115.83766854100008,-7.1510370249999369],[115.83765951700002,-7.1510371199999554],[115.83765932600011,-7.1510190929999453],[115.83766835100005,-7.1510189979999268],[115.83766806500012,-7.1509919579999632],[115.83765904100005,-7.1509920529999249],[115.83765894600003,-7.1509830389999252],[115.83763187300008,-7.1509833239999807],[115.83763158800002,-7.1509562839999603],[115.83762256400007,-7.1509563789999788],[115.8376220880001,-7.1509113109999589],[115.83761306400004,-7.1509114059999774],[115.83761287400011,-7.1508933789999674],[115.83760385000005,-7.150893473999929],[115.83760375500003,-7.1508844609999755],[115.83759473000009,-7.1508845559999372],[115.83759463500007,-7.1508755419999375],[115.83757658700006,-7.1508757319999745],[115.83757649200004,-7.1508667189999642],[115.83754039500002,-7.1508670989999814],[115.83754030000011,-7.1508580849999248],[115.83753127500006,-7.1508581799999433],[115.83753099,-7.1508311399999798],[115.83752196600005,-7.1508312349999414],[115.83752187100004,-7.1508222209999417],[115.83751284700008,-7.1508223159999602],[115.83751275200007,-7.1508133029999499],[115.83749470300006,-7.1508134929999301],[115.83749460800004,-7.1508044789999303],[115.83748558400009,-7.1508045739999488],[115.83748529800005,-7.1507775339999284],[115.8374762740001,-7.150777628999947],[115.83747617900008,-7.1507686149999472],[115.83746715500001,-7.1507687099999657],[115.83746706000011,-7.1507596969999554],[115.8374490110001,-7.1507598869999356],[115.83744872600005,-7.1507328459999258],[115.8374397020001,-7.1507329409999443],[115.83743951200006,-7.1507149139999342],[115.83743048700001,-7.1507150089999527],[115.8374298220001,-7.150651914999969],[115.83742079800004,-7.1506520099999307],[115.83742070300002,-7.1506429959999309],[115.83741167800008,-7.1506430909999494],[115.83741158300006,-7.1506340779999391],[115.83740255900011,-7.1506341729999576],[115.83740246400009,-7.1506251589999579],[115.83739344000003,-7.1506252539999764],[115.8373931540001,-7.150598213999956],[115.83738413000003,-7.1505983089999745],[115.83738394000011,-7.1505802819999644],[115.83737491600004,-7.1505803769999261],[115.83737472600001,-7.1505623499999729],[115.83735667700012,-7.1505625399999531],[115.83735648700008,-7.150544512999943],[115.83734746300001,-7.1505446079999615],[115.83734736800011,-7.1505355939999617],[115.83733834400005,-7.1505356889999803],[115.83733815300002,-7.1505176619999702],[115.83732912900007,-7.1505177569999319],[115.83732903400005,-7.1505087439999784],[115.83731098600003,-7.1505089339999586],[115.83731089000003,-7.1504999199999588],[115.83730186600008,-7.1505000149999773],[115.83730177100006,-7.150491001999967],[115.83729274700011,-7.1504910969999287],[115.83729246200005,-7.1504640559999757],[115.83726538900009,-7.1504643409999744],[115.83726529400008,-7.1504553279999641],[115.83725627000001,-7.1504554229999258],[115.83725824400005,-7.1506426279999573],[115.83751444000006,-7.1510878749999733],[115.83766197900002,-7.1513642549999759],[115.83770592000008,-7.1515656959999774],[115.83767494900007,-7.1517245859999434],[115.83749595900008,-7.1519339429999604],[115.8374954840001,-7.1519344989999354],[115.8372741070001,-7.1521464419999461],[115.83728534700003,-7.1532117829999606],[115.83748020300004,-7.1548819649999587],[115.83749096800011,-7.1550578719999294],[115.83743825800002,-7.1554445189999569],[115.83731201800003,-7.1557390589999272],[115.83731666100005,-7.1561789789999466],[115.8373256860001,-7.1561788839999281],[115.83732559000009,-7.1561698699999283],[115.83733461500003,-7.1561697749999666],[115.83733404400004,-7.1561156949999258],[115.83734306800011,-7.1561155989999747],[115.83734297300009,-7.1561065859999644],[115.83735199800003,-7.1561064909999459],[115.83735180700012,-7.1560884639999358],[115.83736985600001,-7.1560882739999556],[115.8373697610001,-7.1560792609999453],[115.83737878500006,-7.1560791649999373],[115.83737850000011,-7.1560521249999738],[115.83738752400006,-7.1560520299999553],[115.83738733400003,-7.1560340029999452],[115.83739635800009,-7.1560339079999267],[115.83739626300007,-7.1560248949999732],[115.83740528700002,-7.1560247999999547],[115.83740519200001,-7.1560157859999549],[115.83741421700006,-7.1560156909999364],[115.83741412100005,-7.1560066779999261],[115.83742314600011,-7.1560065829999644],[115.83742295600007,-7.1559885559999543],[115.83743198000002,-7.1559884609999358],[115.83743150400005,-7.1559433929999727],[115.83744052900011,-7.1559432979999542],[115.8374404330001,-7.1559342849999439],[115.83744945800004,-7.1559341899999254],[115.83744936300002,-7.1559251759999256],[115.83745838700008,-7.1559250809999639],[115.83745819700005,-7.1559070539999539],[115.83746722100011,-7.1559069589999353],[115.83746693600006,-7.1558799189999718],[115.83747596000001,-7.1558798239999533],[115.8374758650001,-7.1558708099999535],[115.83748488900005,-7.155870714999935],[115.83748469900002,-7.1558526879999249],[115.83749372300008,-7.1558525929999632],[115.83749353300004,-7.1558345659999532],[115.83750255700011,-7.1558344709999346],[115.83750246200009,-7.1558254579999812],[115.83751148700003,-7.1558253629999626],[115.83751129600012,-7.1558073359999526],[115.83752032100006,-7.155807240999934],[115.83752013000003,-7.1557892139999808],[115.83752915500008,-7.1557891189999623],[115.83752877400002,-7.1557530649999421],[115.83754682300003,-7.1557528749999619],[115.83754672800001,-7.1557438619999516],[115.83756477600002,-7.1557436709999251],[115.83756468100012,-7.1557346579999717],[115.83757370600006,-7.1557345629999531],[115.83757342000001,-7.1557075229999327],[115.83759146900002,-7.1557073319999631],[115.83759137400011,-7.1556983189999528],[115.83760942200001,-7.1556981289999726],[115.83760875600001,-7.155635034999932],[115.83759973200006,-7.1556351299999505],[115.83759982700008,-7.1556441429999609],[115.83759080300001,-7.1556442379999794],[115.83759070800011,-7.1556352249999691],[115.83759973200006,-7.1556351299999505],[115.83759954200002,-7.1556171029999405],[115.83760856600009,-7.1556170079999788],[115.83760875600001,-7.155635034999932],[115.83761778100006,-7.1556349399999704],[115.83761702000004,-7.15556283199993],[115.8376260440001,-7.1555627369999684],[115.83762594900008,-7.1555537229999686],[115.83763497300004,-7.1555536279999501],[115.83763487800002,-7.1555446149999398],[115.83764390200008,-7.1555445199999781],[115.83764380700006,-7.1555355059999783],[115.83765283200012,-7.1555354109999598],[115.83765254600007,-7.1555083709999394],[115.83764352200001,-7.1555084659999579],[115.8376434270001,-7.1554994529999476],[115.83765245100005,-7.1554993579999291],[115.83765226100002,-7.1554813309999759],[115.83764323600008,-7.1554814259999375],[115.83764333100009,-7.1554904389999479],[115.83763430700003,-7.1554905339999664],[115.83763421200001,-7.155481520999956],[115.83764323600008,-7.1554814259999375],[115.83764314100006,-7.1554724119999378],[115.83765216600011,-7.1554723169999761],[115.83765226100002,-7.1554813309999759],[115.83766128500008,-7.1554812359999573],[115.83766061900008,-7.1554181409999273],[115.83766964300003,-7.1554180459999657],[115.83766850200004,-7.1553098849999515],[115.8376594770001,-7.15530997999997],[115.8376589070001,-7.1552558989999397],[115.83764988200005,-7.1552559939999583],[115.83764950200009,-7.1552199399999381],[115.83765852600004,-7.1552198449999764],[115.83765671800006,-7.1550485889999322],[115.83766574300012,-7.1550484939999706],[115.83766545700007,-7.1550214539999502],[115.83765643300001,-7.1550215489999687],[115.83765614800006,-7.1549945079999588],[115.83763809900006,-7.154994697999939],[115.83763857500003,-7.1550397659999589],[115.83762052600002,-7.1550399559999391],[115.83761986000002,-7.154976860999966],[115.83761083600007,-7.1549769559999277],[115.83760826700006,-7.1547335929999463],[115.83759924300011,-7.1547336879999648],[115.83759914800009,-7.154724673999965],[115.83760817200005,-7.1547245789999465],[115.83760798200001,-7.1547065519999364],[115.83761700600007,-7.1547064569999748],[115.83761634000007,-7.1546433629999342],[115.83762536400002,-7.1546432679999725],[115.8376251740001,-7.1546252409999624],[115.83765224700005,-7.1546249559999637],[115.83765215200003,-7.1546159429999534],[115.8376611760001,-7.1546158479999349],[115.83766089100004,-7.1545888069999251],[115.83766991500011,-7.1545887119999634],[115.83766934400001,-7.1545346309999331],[115.83767836900006,-7.1545345359999715],[115.83767827400004,-7.1545255229999611],[115.8376692490001,-7.1545256179999797],[115.83766886900003,-7.1544895639999595],[115.83765984500008,-7.154489658999978],[115.83765927400009,-7.1544355779999478],[115.83765024900003,-7.1544356729999663],[115.83764996400009,-7.1544086329999459],[115.83764094000003,-7.1544087279999644],[115.83764113000007,-7.1544267549999745],[115.83763210600011,-7.1544268499999362],[115.8376320110001,-7.1544178359999364],[115.83762298600004,-7.1544179309999549],[115.83762308100006,-7.1544269449999547],[115.83761405700011,-7.1544270399999732],[115.83761396200009,-7.1544180259999735],[115.83762298600004,-7.1544179309999549]],[[115.83751515800009,-7.1536077639999576],[115.83750613400002,-7.1536078589999761],[115.83750594300011,-7.153589831999966],[115.83751496800005,-7.1535897369999475],[115.83751515800009,-7.1536077639999576]],[[115.83747516100004,-7.1532385919999797],[115.83746613700009,-7.1532386869999414],[115.83746604200007,-7.1532296729999416],[115.83747506600002,-7.1532295779999799],[115.83747516100004,-7.1532385919999797]],[[115.83747497100001,-7.1532205649999696],[115.83746594700006,-7.1532206599999313],[115.83746585200004,-7.1532116459999315],[115.8374748760001,-7.1532115509999699],[115.83747497100001,-7.1532205649999696]],[[115.83738890200004,-7.1527617329999771],[115.83737987800009,-7.1527618269999493],[115.83737978300007,-7.152752813999939],[115.83738880700002,-7.1527527189999773],[115.83738890200004,-7.1527617329999771]],[[115.83738338700005,-7.1522389509999584],[115.83737436200011,-7.152239045999977],[115.83737426700009,-7.1522300329999666],[115.83738329100004,-7.1522299379999481],[115.83738338700005,-7.1522389509999584]],[[115.83778510500008,-7.1518200569999522],[115.83777608000003,-7.1518201519999707],[115.83777598500001,-7.1518111389999603],[115.83778501000006,-7.1518110439999418],[115.83778510500008,-7.1518200569999522]],[[115.83759867200001,-7.1546796069999345],[115.83760769600008,-7.1546795119999729],[115.8376077910001,-7.1546885249999264],[115.83759876700003,-7.1546886199999449],[115.83759867200001,-7.1546796069999345]],[[115.83759250200001,-7.1549501059999443],[115.83760152600007,-7.1549500109999258],[115.83760171600011,-7.1549680379999359],[115.83759269200004,-7.1549681329999544],[115.83759250200001,-7.1549501059999443]],[[115.83762547300012,-7.1555086559999381],[115.83763449700007,-7.1555085609999765],[115.83763459300008,-7.1555175749999762],[115.83762556800002,-7.1555176699999379],[115.83762547300012,-7.1555086559999381]],[[115.83750179600008,-7.1557623639999406],[115.83751082100002,-7.1557622689999789],[115.83751091600004,-7.1557712819999324],[115.8375018910001,-7.1557713769999509],[115.83750179600008,-7.1557623639999406]],[[115.83744888700005,-7.155880108999952],[115.83745791100012,-7.1558800139999335],[115.83745800600002,-7.1558890269999438],[115.83744898200007,-7.1558891219999623],[115.83744888700005,-7.155880108999952]],[[115.83741383600011,-7.1559796369999731],[115.83741374100009,-7.1559706239999628],[115.83742276500004,-7.1559705289999442],[115.83742286000006,-7.1559795419999546],[115.83741383600011,-7.1559796369999731],[115.83741393100001,-7.1559886509999728],[115.83740490700006,-7.1559887459999345],[115.83740481200005,-7.1559797319999348],[115.83741383600011,-7.1559796369999731]]],[[[115.83732441500001,-7.1569135009999627],[115.83763169000008,-7.1570944949999671],[115.83788172200002,-7.1572895199999493],[115.83817121100003,-7.1575294399999621],[115.83846185300001,-7.1576825119999512],[115.83883987800004,-7.1578348629999482],[115.83920720200001,-7.1579901269999482],[115.83948522600008,-7.1581203489999439],[115.83991395500004,-7.158410713999956],[115.84004483300009,-7.1585484599999631],[115.84014494000007,-7.1588232369999787],[115.84017796400008,-7.1592320039999322],[115.83996619100003,-7.1597379399999568],[115.83995205400004,-7.1597996119999721],[115.84017118300005,-7.1598340079999616],[115.84017110700006,-7.1598268019999409],[115.8401440340001,-7.1598270879999291],[115.84014393900009,-7.1598180739999293],[115.84015296300004,-7.1598179789999676],[115.84015286800002,-7.1598089659999573],[115.84016189200008,-7.1598088709999388],[115.84016179700006,-7.159799856999939],[115.84015277300011,-7.1597999519999576],[115.84015258200009,-7.1597819249999475],[115.84016160700003,-7.159781829999929],[115.84016141600011,-7.1597638029999757],[115.84015239200005,-7.1597638989999268],[115.84015220100002,-7.1597458719999736],[115.84016122600008,-7.1597457769999551],[115.84016113000007,-7.1597367629999553],[115.84017015500001,-7.1597366679999368],[115.84017005900012,-7.1597276549999265],[115.84017908400006,-7.1597275589999754],[115.84017889300003,-7.1597095329999547],[115.84018791800008,-7.1597094369999468],[115.84018763200004,-7.1596823969999264],[115.8401966560001,-7.1596823019999647],[115.84019646600007,-7.1596642749999546],[115.84020549000002,-7.1596641799999361],[115.84020530000009,-7.159646152999926],[115.84021432400004,-7.1596460579999643],[115.84021413400001,-7.1596280309999543],[115.84022315800007,-7.1596279359999357],[115.84022287200003,-7.1596008959999722],[115.84024092100003,-7.1596007059999351],[115.8402406350001,-7.1595736649999253],[115.84024966000004,-7.1595735699999636],[115.84024956500002,-7.1595645569999533],[115.84025858900009,-7.1595644619999348],[115.84025849400007,-7.159555447999935],[115.84026751800002,-7.1595553529999734],[115.84026713700007,-7.1595192989999532],[115.84027616100002,-7.1595192039999347],[115.84027568500005,-7.159474136999961],[115.84028471000011,-7.1594740419999425],[115.84028423300003,-7.1594289749999689],[115.84027520900008,-7.1594290699999306],[115.84027454200009,-7.1593659759999468],[115.84028356700003,-7.1593658809999283],[115.84028318600008,-7.159329826999965],[115.84029221000003,-7.1593297319999465],[115.84029202000011,-7.1593117049999364],[115.84030104400006,-7.1593116099999747],[115.84030085300003,-7.1592935829999647],[115.84030987800008,-7.1592934879999461],[115.84030959200004,-7.1592664469999363],[115.84031861700009,-7.1592663519999746],[115.84031842600007,-7.1592483249999646],[115.84030940200012,-7.1592484209999725],[115.84030873500001,-7.1591853269999319],[115.84029971100006,-7.1591854219999504],[115.8402992340001,-7.1591403549999768],[115.84029021000003,-7.1591404499999385],[115.84028982900008,-7.1591043959999752],[115.84029885300004,-7.1591043009999566],[115.84029875800002,-7.1590952869999569],[115.84030778300007,-7.1590951919999384],[115.84030759200004,-7.1590771649999283],[115.84029856800009,-7.1590772609999362],[115.84029847200009,-7.1590682469999365],[115.84028944800002,-7.159068341999955],[115.8402892580001,-7.1590503149999449],[115.84029828200005,-7.1590502199999264],[115.8402979010001,-7.1590141669999525],[115.84028887700003,-7.159014261999971],[115.84028830500006,-7.1589601809999408],[115.84027928100011,-7.1589602759999593],[115.84027870900002,-7.1589061959999754],[115.84026968500007,-7.158906290999937],[115.84026892300005,-7.1588341829999536],[115.8402598990001,-7.1588342779999721],[115.84025970800008,-7.1588162519999514],[115.84026873300002,-7.1588161559999435],[115.84026844700008,-7.1587891159999799],[115.84025942300002,-7.1587892109999416],[115.84025923200011,-7.1587711839999315],[115.8402411830001,-7.158771374999958],[115.84024108800008,-7.1587623609999582],[115.84023206400002,-7.1587624559999767],[115.84023177800009,-7.1587354159999563],[115.84022275400002,-7.1587355109999748],[115.84022227700007,-7.1586904439999444],[115.84021325300012,-7.1586905389999629],[115.84021287200005,-7.1586544849999427],[115.8402038480001,-7.1586545799999612],[115.84020356200006,-7.1586275399999408],[115.84021258600001,-7.1586274449999792],[115.8402124910001,-7.1586184319999688],[115.84018541800003,-7.1586187169999675],[115.84018532300001,-7.1586097039999572],[115.84015825000006,-7.1586099889999559],[115.84015815400005,-7.1586009749999562],[115.84014010600004,-7.1586011659999258],[115.84014001100002,-7.158592151999926],[115.84013098600008,-7.1585922469999446],[115.84013079600004,-7.1585742199999345],[115.84010372300008,-7.1585745059999795],[115.84010353200006,-7.1585564789999694],[115.84009450800011,-7.1585565739999311],[115.84009403200002,-7.1585115069999574],[115.84008500700008,-7.1585116019999759],[115.84008481700005,-7.1584935749999659],[115.84007579200011,-7.1584936699999275],[115.84007569700009,-7.158484656999974],[115.84006667300002,-7.1584847519999357],[115.84006657800001,-7.158475737999936],[115.84005755300007,-7.1584758339999439],[115.84005717200012,-7.1584397799999806],[115.84004814800005,-7.1584398749999423],[115.84004805300003,-7.1584308619999319],[115.84003902800009,-7.1584309569999505],[115.84003883800005,-7.1584129299999404],[115.84002981300011,-7.1584130249999589],[115.84002962300008,-7.1583949979999488],[115.84002059900001,-7.1583950929999673],[115.84002050300001,-7.158386079999957],[115.84001147900005,-7.1583861749999755],[115.84001100300009,-7.1583411079999451],[115.84000197900002,-7.1583412029999636],[115.84000178800011,-7.1583231759999535],[115.83999276400004,-7.158323270999972],[115.83999266900003,-7.1583142579999617],[115.83997462000002,-7.1583144479999419],[115.83997452500012,-7.1583054339999421],[115.83996550000006,-7.1583055289999606],[115.83996531000003,-7.15828750299994],[115.83995628500008,-7.1582875979999585],[115.83995619000007,-7.1582785839999588],[115.83994716600012,-7.1582786789999773],[115.8399470710001,-7.1582696659999669],[115.83993804600004,-7.1582697609999286],[115.83993795100002,-7.1582607479999751],[115.83991990200002,-7.1582609379999553],[115.83991980700011,-7.1582519239999556],[115.83989273400005,-7.1582522099999437],[115.83989263900003,-7.158243195999944],[115.83986556600007,-7.1582434819999321],[115.83986547000006,-7.1582344679999323],[115.83982937300004,-7.158234848999939],[115.83982927800002,-7.1582258349999393],[115.83980220500007,-7.158226119999938],[115.83980210900006,-7.1582171069999276],[115.83978406100005,-7.1582172969999647],[115.83978387000002,-7.1581992699999546],[115.83977484600007,-7.1581993649999731],[115.83977465500004,-7.1581813389999525],[115.83976563100009,-7.158181433999971],[115.83976544100005,-7.1581634069999609],[115.83974739200005,-7.1581635969999411],[115.83974729700003,-7.1581545839999308],[115.83972924800003,-7.1581547739999678],[115.83972915300001,-7.158145759999968],[115.83969305500011,-7.1581461409999747],[115.83969296000009,-7.158137126999975],[115.83966588700002,-7.1581374129999631],[115.83966579200001,-7.1581283989999633],[115.83964774300011,-7.1581285889999435],[115.8396476480001,-7.1581195759999332],[115.83963862300004,-7.1581196709999517],[115.83963852800002,-7.1581106579999414],[115.83960243100012,-7.1581110379999586],[115.83960224000009,-7.1580930109999485],[115.83959321600003,-7.1580931059999671],[115.83959293000009,-7.1580660659999467],[115.83958390600003,-7.1580661609999652],[115.83958371500012,-7.1580481339999551],[115.83957469100005,-7.1580482289999736],[115.83957459600003,-7.1580392159999633],[115.83956557100009,-7.158039310999925],[115.83956547600008,-7.1580302969999252],[115.83954742800006,-7.1580304879999517],[115.83954733200005,-7.1580214739999519],[115.8395383080001,-7.1580215689999704],[115.83953821300008,-7.1580125559999601],[115.83949309100001,-7.158013030999939],[115.8394929960001,-7.1580040179999287],[115.8394749470001,-7.1580042079999657],[115.83947475700006,-7.1579861809999556],[115.83946573200001,-7.1579862759999742],[115.8394656370001,-7.1579772629999638],[115.83945661300004,-7.1579773579999255],[115.83945651700003,-7.1579683439999258],[115.83942944400007,-7.1579686299999707],[115.83942934900006,-7.157959615999971],[115.83941130000005,-7.1579598059999512],[115.83941120500003,-7.1579507929999409],[115.83939315600003,-7.1579509829999779],[115.83939306100001,-7.1579419699999676],[115.839375012,-7.1579421599999478],[115.8393749170001,-7.157933145999948],[115.83934784400003,-7.1579334319999361],[115.83934774900001,-7.1579244179999364],[115.83932970000001,-7.1579246089999629],[115.8393296050001,-7.1579155949999631],[115.83932058100004,-7.1579156899999248],[115.83932048500003,-7.1579066769999713],[115.83930243700001,-7.1579068669999515],[115.8393022460001,-7.1578888399999414],[115.83924810000008,-7.1578894109999283],[115.83924800500006,-7.1578803969999285],[115.83922995600005,-7.1578805869999655],[115.83922986100004,-7.1578715739999552],[115.83920278800008,-7.1578718589999539],[115.83920269300006,-7.1578628459999436],[115.83918464400006,-7.1578630359999806],[115.83918454900004,-7.1578540219999809],[115.8391755240001,-7.1578541169999426],[115.83917542900008,-7.1578451039999322],[115.83915738000007,-7.1578452939999693],[115.83915728500006,-7.1578362809999589],[115.83913923600005,-7.1578364709999391],[115.83913914100003,-7.1578274569999394],[115.83912109200003,-7.1578276479999658],[115.83912099700001,-7.1578186339999661],[115.8390849000001,-7.1578190149999728],[115.83908480500008,-7.157810000999973],[115.83907578000003,-7.1578100959999347],[115.83907568500001,-7.1578010829999812],[115.83904861200006,-7.1578013679999799],[115.83904851700004,-7.1577923549999696],[115.83903046800003,-7.1577925449999498],[115.83903037300001,-7.15778353099995],[115.83899427500012,-7.1577839119999567],[115.8389941800001,-7.1577748979999569],[115.83897613100009,-7.1577750879999371],[115.83897603600008,-7.1577660749999268],[115.83896701200001,-7.1577661699999453],[115.83896691700011,-7.1577571559999456],[115.83893984300005,-7.1577574419999337],[115.83893974800003,-7.1577484279999339],[115.83891267500007,-7.1577487139999789],[115.83891258000006,-7.1577396999999792],[115.83889453100005,-7.1577398899999594],[115.83889443600003,-7.157730876999949],[115.83888541200008,-7.1577309719999676],[115.83888531600007,-7.1577219579999678],[115.83884921900005,-7.1577223389999745],[115.83884912400003,-7.1577133249999747],[115.83884009900009,-7.1577134199999364],[115.83884000400008,-7.1577044069999261],[115.83880390700006,-7.1577047869999433],[115.83880381200004,-7.157695773999933],[115.83869551900011,-7.1576969149999741],[115.83869542400009,-7.1576879009999743],[115.83868640000003,-7.157687995999936],[115.83868630400002,-7.1576789829999257],[115.83866825600001,-7.1576791729999627],[115.83866844600004,-7.1576971999999728],[115.83865039700004,-7.157697389999953],[115.83865030200002,-7.1576883769999426],[115.83863225300001,-7.1576885669999797],[115.83863215800011,-7.1576795529999799],[115.83860508500004,-7.1576798389999681],[115.83860489500012,-7.157661811999958],[115.83858684600011,-7.1576620019999382],[115.83858675100009,-7.1576529879999384],[115.83855065300008,-7.1576533689999451],[115.83855055800007,-7.1576443549999453],[115.83854153400011,-7.1576444499999639],[115.83854143800011,-7.1576354369999535],[115.83852339000009,-7.1576356269999337],[115.83852329500007,-7.157626612999934],[115.83851427000002,-7.1576267089999419],[115.83851417500011,-7.1576176949999422],[115.83850515100005,-7.1576177899999607],[115.83850505500004,-7.1576087769999504],[115.83849603100009,-7.1576088719999689],[115.83849593600007,-7.1575998579999691],[115.83847788700007,-7.1576000479999493],[115.83847779200005,-7.157591034999939],[115.8384687680001,-7.1575911299999575],[115.83846857700007,-7.1575731029999474],[115.83845955300001,-7.1575731979999659],[115.8384594580001,-7.1575641849999556],[115.83845043300005,-7.1575642799999741],[115.83845033800003,-7.1575552659999744],[115.83844131400008,-7.1575553609999361],[115.83844121800007,-7.1575463479999257],[115.83843219400001,-7.1575464429999442],[115.8384320990001,-7.1575374299999339],[115.83842307500004,-7.1575375249999524],[115.83842288400001,-7.1575194979999424],[115.83841386000006,-7.1575195929999609],[115.83841376500004,-7.1575105789999611],[115.83839571600004,-7.1575107689999413],[115.83839562100002,-7.157501755999931],[115.83838659600008,-7.1575018509999495],[115.83838650100006,-7.1574928379999392],[115.83837747700011,-7.1574929329999577],[115.83837738200009,-7.157483918999958],[115.83836835700004,-7.1574840139999765],[115.83836816700011,-7.1574659869999664],[115.83835011800011,-7.157466177999936],[115.83835002300009,-7.1574571639999363],[115.83834099900002,-7.1574572589999548],[115.83834090300002,-7.1574482459999444],[115.83833187900007,-7.157448340999963],[115.83833178400005,-7.1574393269999632],[115.83831373500004,-7.1574395169999434],[115.83831364000002,-7.1574305039999331],[115.83829559100002,-7.1574306939999701],[115.8382954010001,-7.15741266699996],[115.83828637600004,-7.1574127619999786],[115.8382860910001,-7.1573857219999582],[115.83827706700004,-7.1573858169999767],[115.83827697100003,-7.1573768029999769],[115.83826794700008,-7.157376898999928],[115.83826785200006,-7.1573678849999283],[115.83825882700012,-7.1573679799999468],[115.8382587320001,-7.1573589669999365],[115.83824970800003,-7.157359061999955],[115.83824961300002,-7.1573500479999552],[115.83824058800008,-7.1573501429999737],[115.83824039800004,-7.1573321159999637],[115.83822234900003,-7.1573323069999333],[115.83822225400002,-7.1573232929999335],[115.83819518100006,-7.1573235779999322],[115.83819508600004,-7.1573145649999788],[115.83817703700004,-7.157314754999959],[115.83817694200002,-7.1573057409999592],[115.83815889300001,-7.1573059319999288],[115.83815879800011,-7.1572969179999291],[115.83810465200008,-7.1572974879999265],[115.83810455700007,-7.157288474999973],[115.8380594350001,-7.1572889499999519],[115.83805914900006,-7.1572619099999315],[115.83805012500011,-7.15726200499995],[115.83805003000009,-7.1572529919999397],[115.83803198100009,-7.1572531819999767],[115.83803188600007,-7.157244167999977],[115.83800481300011,-7.1572444529999757],[115.8380047170001,-7.1572354399999654],[115.83799569300004,-7.157235534999927],[115.83799578800006,-7.1572445479999374],[115.83797773900005,-7.1572447389999638],[115.83797754900002,-7.1572267119999537],[115.83796852500006,-7.1572268069999723],[115.83796823900002,-7.1571997659999624],[115.83795921500007,-7.157199860999981],[115.83795912000005,-7.1571908479999706],[115.83794107100005,-7.1571910379999508],[115.83794097600003,-7.1571820249999405],[115.83792292700002,-7.1571822149999775],[115.8379227370001,-7.1571641879999675],[115.83791371200005,-7.1571642829999291],[115.83791361700003,-7.1571552689999294],[115.83788654400007,-7.1571555539999281],[115.83788635400003,-7.1571375279999643],[115.83787732900009,-7.157137622999926],[115.83787713900006,-7.1571195959999727],[115.83786811500011,-7.1571196909999344],[115.83786773400004,-7.1570836369999711],[115.83785871000009,-7.1570837319999328],[115.83785880500011,-7.1570927449999431],[115.83784075600011,-7.1570929349999801],[115.83784066100009,-7.1570839219999698],[115.83784968500004,-7.1570838269999513],[115.83784959000002,-7.1570748129999515],[115.83784056600007,-7.1570749089999595],[115.83784047000006,-7.1570658949999597],[115.8378133970001,-7.1570661799999584],[115.83781330200009,-7.1570571669999481],[115.83778622900002,-7.1570574519999468],[115.83778613400011,-7.1570484379999471],[115.83776808500011,-7.1570486289999735],[115.83776799000009,-7.1570396149999738],[115.83775896600002,-7.1570397099999354],[115.83775887000002,-7.1570306969999251],[115.83773179700006,-7.1570309819999807],[115.83773170200004,-7.1570219679999809],[115.83765950700001,-7.157022728999948],[115.83765941200011,-7.1570137149999482],[115.83765038800004,-7.1570138099999667],[115.83765019700002,-7.1569957829999566],[115.83764117300007,-7.1569958779999752],[115.83764098300003,-7.1569778509999651],[115.83761391000007,-7.1569781369999532],[115.83761400500009,-7.1569871499999635],[115.83760498000004,-7.1569872449999252],[115.83760507600005,-7.156996258999925],[115.83751483200001,-7.1569972089999396],[115.83751473700011,-7.1569881959999293],[115.83748766300005,-7.156988480999928],[115.83748756800003,-7.1569794669999283],[115.83744244600007,-7.156979941999964],[115.83744235100005,-7.1569709289999537],[115.8374333270001,-7.1569710239999722],[115.83743323200008,-7.1569620109999619],[115.83742420700003,-7.1569621059999804],[115.83742392200008,-7.1569350649999706],[115.83741489800002,-7.1569351599999322],[115.83741480200001,-7.1569261469999788],[115.83740577800006,-7.1569262419999404],[115.83740587300008,-7.1569352549999508],[115.83739684900002,-7.1569353499999693],[115.83739675400011,-7.1569263369999589],[115.83738772900006,-7.1569264319999775],[115.83738763400004,-7.1569174179999777],[115.83740568300004,-7.1569172279999407],[115.83740558800002,-7.1569082149999304],[115.83739656300008,-7.1569083099999489],[115.83739637300005,-7.1568902829999388],[115.83735125100009,-7.1568907579999745],[115.83735115600007,-7.1568817449999642],[115.83733310700006,-7.1568819349999444],[115.83733301200004,-7.1568729209999447],[115.83732398800009,-7.1568730159999632],[115.83732441500001,-7.1569135009999627]],[[115.83800490800002,-7.1572534669999754],[115.83802295600003,-7.1572532769999384],[115.83802305200004,-7.1572622899999487],[115.8380320760001,-7.1572621949999302],[115.83803226600003,-7.1572802219999403],[115.83800519300007,-7.157280506999939],[115.83800490800002,-7.1572534669999754]],[[115.84026075600002,-7.1589153989999659],[115.84026978000009,-7.1589153039999474],[115.8402698750001,-7.1589243179999471],[115.84026085100004,-7.1589244129999656],[115.84026075600002,-7.1589153989999659]],[[115.8402625650001,-7.1590866539999638],[115.84027159000004,-7.1590865589999453],[115.84027168500006,-7.159095572999945],[115.84026266100011,-7.1590956679999636],[115.8402625650001,-7.1590866539999638]],[[115.84025792200009,-7.1595013669999616],[115.84025782700007,-7.1594923539999513],[115.84026685100002,-7.1594922589999328],[115.84026694700003,-7.1595012719999431],[115.84025792200009,-7.1595013669999616]],[[115.84016967800005,-7.1596916009999632],[115.84017870300011,-7.1596915059999446],[115.84017879800001,-7.159700518999955],[115.84016977400006,-7.1597006139999735],[115.84016967800005,-7.1596916009999632]],[[115.84016084500001,-7.1597097229999349],[115.84016986900008,-7.1597096279999732],[115.8401699640001,-7.1597186409999267],[115.84016094000003,-7.1597187359999452],[115.84016084500001,-7.1597097229999349]],[[115.83735144100001,-7.1569087849999278],[115.83734241700006,-7.1569088799999463],[115.83734232200004,-7.156899866999936],[115.8373513460001,-7.1568997719999743],[115.83735144100001,-7.1569087849999278]]]]},"properties":{"OBJECTID":20434,"FID_mangrove_utm":20375,"OBJECTID_1":20375,"Name":"18102566,9293","FolderPath":"JATIM/JATIM","SymbolID":0,"AltMode":0,"Base":0,"Clamped":-1,"Extruded":0,"Snippet":"","PopupInfo":"\u003chtml xmlns:fo=\"http://www.w3.org/1999/XSL/Format\" xmlns:msxsl=\"urn:schemas-microsoft-com:xslt\"\u003e\n\u003chead\u003e\n\u003cMETA http-equiv=\"Content-Type\" content=\"text/html\"\u003e\n\u003cmeta http-equiv=\"content-type\" content=\"text/html; charset=UTF-8\"\u003e\n\u003c/head\u003e\n\u003cbody style=\"margin:0px 0px 0px 0px;overflow:auto;background:#FFFFFF;\"\u003e\n\u003ctable style=\"font-family:Arial,Verdana,Times;font-size:12px;text-align:left;width:100%;border-collapse:collapse;padding:3px 3px 3px 3px\"\u003e\n\u003ctr style=\"text-align:center;font-weight:bold;background:#9CBCE2\"\u003e\n\u003ctd\u003e18102566,9293\u003c/td\u003e\n\u003c/tr\u003e\n\u003ctr\u003e\n\u003ctd\u003e\n\u003ctable style=\"font-family:Arial,Verdana,Times;font-size:12px;text-align:left;width:100%;border-spacing:0px; padding:3px 3px 3px 3px\"\u003e\n\u003ctr\u003e\n\u003ctd\u003eFID\u003c/td\u003e\n\u003ctd\u003e0\u003c/td\u003e\n\u003c/tr\u003e\n\u003ctr bgcolor=\"#D4E4F3\"\u003e\n\u003ctd\u003eShape_Leng\u003c/td\u003e\n\u003ctd\u003e18102566,9293\u003c/td\u003e\n\u003c/tr\u003e\n\u003c/table\u003e\n\u003c/td\u003e\n\u003c/tr\u003e\n\u003c/table\u003e\n\u003c/body\u003e\u003cscript type=\"text/javascript\"\u003e\n\t\t\t\tfunction changeImage(attElement, nameElement) {\n\t\t\t\tdocument.getElementById('imageAttachment').src = attElement;\n\t\t\t\tdocument.getElementById('imageName').innerHTML = nameElement;}\n\t\t\t\u003c/script\u003e\u003c/html\u003e\n","FID_active_grids":125,"GridID":"O62","Shape_Length":0.02727089800860151,"Shape_Area":1.5528849180588924e-06}},{"type":"Feature","id":20441,"geometry":{"type":"Polygon","coordinates":[[[115.87294258500003,-7.1476988529999517],[115.87293898300004,-7.1476988909999477],[115.87293907800006,-7.147707903999958],[115.8729300550001,-7.147707999999966],[115.87293015000012,-7.1477170129999763],[115.87292112700004,-7.1477171089999274],[115.87292141400007,-7.1477441479999584],[115.87291239000001,-7.1477442429999769],[115.87291248600002,-7.1477532559999304],[115.87290346200007,-7.1477533519999383],[115.87290365400008,-7.147771377999959],[115.87289463000002,-7.1477714729999775],[115.8728953000001,-7.1478345639999361],[115.87290432400005,-7.1478344689999744],[115.87290461100008,-7.1478615079999486],[115.87291363500003,-7.1478614119999406],[115.87291392200007,-7.1478884509999716],[115.87292294500003,-7.1478883559999531],[115.87292380700001,-7.1479694719999429],[115.87291478300006,-7.1479695679999509],[115.87291497500007,-7.1479875939999715],[115.87290595100001,-7.1479876899999795],[115.87290614300002,-7.1480057159999433],[115.87289711900007,-7.1480058109999618],[115.8728973100001,-7.1480238369999256],[115.87288828700002,-7.1480239329999335],[115.87288838200004,-7.1480329459999439],[115.87287935900008,-7.1480330419999518],[115.87287955000011,-7.1480510679999725],[115.87287052600004,-7.1480511629999341],[115.87287062200005,-7.1480601759999445],[115.8728615980001,-7.1480602719999524],[115.87286169400011,-7.1480692849999627],[115.87285267000004,-7.1480693799999813],[115.87285286200006,-7.1480874059999451],[115.87284383800011,-7.148087501999953],[115.87284403000001,-7.1481055279999737],[115.87283500600006,-7.1481056239999248],[115.87283510200007,-7.1481146369999351],[115.87284412500003,-7.1481145409999272],[115.87284450800007,-7.1481505929999685],[115.87285353200002,-7.1481504969999605],[115.87285362800003,-7.1481595099999709],[115.8728626510001,-7.1481594149999523],[115.87286284300001,-7.148177440999973],[115.87287186700007,-7.148177344999965],[115.87287196200009,-7.1481863579999754],[115.87288098600004,-7.1481862629999569],[115.87288117700007,-7.1482042889999775],[115.87289922500008,-7.1482040969999616],[115.87289941600011,-7.1482221229999254],[115.87290844000006,-7.1482220279999638],[115.87290872700009,-7.1482490669999379],[115.87294482200002,-7.1482486839999524],[115.87294491800003,-7.1482576969999627],[115.87295394200009,-7.1482576019999442],[115.87295413300001,-7.1482756279999649],[115.87294510900006,-7.1482757229999265],[115.87294530100007,-7.1482937489999472],[115.87295432500002,-7.1482936539999287],[115.87295442000004,-7.148302666999939],[115.87296344400011,-7.148302570999931],[115.87296354000011,-7.1483115839999414],[115.87298158700003,-7.1483113929999718],[115.87298168300003,-7.1483204059999252],[115.8729907070001,-7.1483203099999741],[115.87299089800001,-7.148338335999938],[115.87299992200008,-7.14833823999993],[115.87300001800008,-7.1483472529999403],[115.87300512800005,-7.148347198999943],[115.87299904400004,-7.1482555659999321],[115.8729990600001,-7.1482571229999508],[115.87299003700002,-7.1482572189999587],[115.87298994100001,-7.1482482059999484],[115.87299854900004,-7.1482481149999444],[115.87298671300005,-7.1480698599999641],[115.87294258500003,-7.1476988529999517]]]},"properties":{"OBJECTID":20441,"FID_mangrove_utm":20382,"OBJECTID_1":20382,"Name":"18102566,9293","FolderPath":"JATIM/JATIM","SymbolID":0,"AltMode":0,"Base":0,"Clamped":-1,"Extruded":0,"Snippet":"","PopupInfo":"\u003chtml xmlns:fo=\"http://www.w3.org/1999/XSL/Format\" xmlns:msxsl=\"urn:schemas-microsoft-com:xslt\"\u003e\n\u003chead\u003e\n\u003cMETA http-equiv=\"Content-Type\" content=\"text/html\"\u003e\n\u003cmeta http-equiv=\"content-type\" content=\"text/html; charset=UTF-8\"\u003e\n\u003c/head\u003e\n\u003cbody style=\"margin:0px 0px 0px 0px;overflow:auto;background:#FFFFFF;\"\u003e\n\u003ctable style=\"font-family:Arial,Verdana,Times;font-size:12px;text-align:left;width:100%;border-collapse:collapse;padding:3px 3px 3px 3px\"\u003e\n\u003ctr style=\"text-align:center;font-weight:bold;background:#9CBCE2\"\u003e\n\u003ctd\u003e18102566,9293\u003c/td\u003e\n\u003c/tr\u003e\n\u003ctr\u003e\n\u003ctd\u003e\n\u003ctable style=\"font-family:Arial,Verdana,Times;font-size:12px;text-align:left;width:100%;border-spacing:0px; padding:3px 3px 3px 3px\"\u003e\n\u003ctr\u003e\n\u003ctd\u003eFID\u003c/td\u003e\n\u003ctd\u003e0\u003c/td\u003e\n\u003c/tr\u003e\n\u003ctr bgcolor=\"#D4E4F3\"\u003e\n\u003ctd\u003eShape_Leng\u003c/td\u003e\n\u003ctd\u003e18102566,9293\u003c/td\u003e\n\u003c/tr\u003e\n\u003c/table\u003e\n\u003c/td\u003e\n\u003c/tr\u003e\n\u003c/table\u003e\n\u003c/body\u003e\u003cscript type=\"text/javascript\"\u003e\n\t\t\t\tfunction changeImage(attElement, nameElement) {\n\t\t\t\tdocument.getElementById('imageAttachment').src = attElement;\n\t\t\t\tdocument.getElementById('imageName').innerHTML = nameElement;}\n\t\t\t\u003c/script\u003e\u003c/html\u003e\n","FID_active_grids":125,"GridID":"O62","Shape_Length":0.0016729132858868527,"Shape_Area":4.7259507747974753e-08}},{"type":"Feature","id":20450,"geometry":{"type":"Polygon","coordinates":[[[115.86451011000008,-7.1477250269999786],[115.86449206200007,-7.1477252179999482],[115.86449215800008,-7.1477342309999585],[115.86447411000006,-7.1477344219999281],[115.86447420600007,-7.1477434349999385],[115.86446518200012,-7.147743529999957],[115.86446527800001,-7.1477525439999567],[115.86445625400006,-7.1477526389999753],[115.86445634900008,-7.1477616519999287],[115.8644292780001,-7.1477619389999631],[115.86442946900002,-7.147779964999927],[115.8643482550001,-7.1477808239999376],[115.86434815900009,-7.1477718109999273],[115.86433913500002,-7.1477719059999458],[115.86433904000012,-7.1477628929999355],[115.86433001600005,-7.147762987999954],[115.86432992000005,-7.1477539749999437],[115.86432089600009,-7.1477540709999516],[115.86432080100008,-7.1477450579999413],[115.86431177700001,-7.1477451529999598],[115.86431168100012,-7.1477361399999495],[115.86428461000003,-7.1477364259999376],[115.86428451400002,-7.1477274129999273],[115.86426101600011,-7.1477276619999657],[115.86432848400011,-7.1477745069999514],[115.86451449600008,-7.147966854999936],[115.86459088400011,-7.148142418999953],[115.8645555490001,-7.14865694599996],[115.86449804300003,-7.1488980209999795],[115.86441562100003,-7.1490281079999249],[115.86416109900006,-7.1491072869999357],[115.86412250000001,-7.1491100499999334],[115.86384831200007,-7.1491459669999813],[115.86384861200008,-7.1491742839999688],[115.86385763600003,-7.1491741889999503],[115.86385773200004,-7.1491832019999606],[115.86387577900007,-7.1491830109999341],[115.86387587500008,-7.1491920239999445],[115.86390294700004,-7.1491917379999563],[115.86390285100003,-7.149182724999946],[115.8639118750001,-7.1491826289999381],[115.86391177900009,-7.1491736159999277],[115.86393885100006,-7.1491733299999396],[115.86393875500005,-7.1491643169999293],[115.86398387500003,-7.1491638389999252],[115.86398397000005,-7.149172852999925],[115.86402909000003,-7.1491723749999778],[115.86402918500005,-7.1491813879999313],[115.86406528100008,-7.1491810059999352],[115.86406547200011,-7.1491990329999453],[115.86407449600006,-7.1491989369999374],[115.86407468700008,-7.149216962999958],[115.86409273400011,-7.1492167729999778],[115.86409292600001,-7.1492347989999416],[115.86410194900009,-7.1492347029999337],[115.8641021410001,-7.1492527299999438],[115.86411116400006,-7.1492526339999358],[115.86411126000007,-7.1492616469999462],[115.86415637900006,-7.1492611699999316],[115.86415628400005,-7.1492521569999781],[115.86418335500002,-7.1492518699999437],[115.86418316400011,-7.1492338439999799],[115.86419218800006,-7.1492337489999613],[115.86419209300004,-7.149224735999951],[115.86420111600012,-7.1492246399999431],[115.86420092500009,-7.1492066139999793],[115.86420994900004,-7.1492065179999713],[115.86420966200001,-7.1491794789999403],[115.86421868600007,-7.1491793839999787],[115.86421859100005,-7.1491703709999683],[115.86422761500012,-7.1491702749999604],[115.86422751900011,-7.1491612619999501],[115.86423654300006,-7.1491611659999421],[115.86423644700005,-7.1491521529999318],[115.86424547100012,-7.1491520579999701],[115.8642453760001,-7.1491430449999598],[115.86425439900006,-7.1491429489999518],[115.86425430400004,-7.1491339359999415],[115.86438966200001,-7.1491325039999651],[115.86438956600011,-7.1491234909999548],[115.86439859000006,-7.1491233959999363],[115.86439849400006,-7.149114382999926],[115.86440751800001,-7.1491142869999749],[115.86440732700009,-7.1490962609999542],[115.86441635100005,-7.1490961649999463],[115.86441625500004,-7.1490871519999359],[115.8644252790001,-7.1490870569999743],[115.86442508800008,-7.1490690309999536],[115.86443411200003,-7.1490689349999457],[115.86443392100011,-7.149050908999925],[115.86444294500006,-7.1490508129999739],[115.86444284900006,-7.1490417999999636],[115.86445187300001,-7.1490417049999451],[115.86445177700011,-7.1490326919999347],[115.86446982500001,-7.1490325009999651],[115.86446972900001,-7.1490234879999548],[115.86447875300007,-7.1490233919999469],[115.86447837100002,-7.1489873399999624],[115.86448739500008,-7.1489872439999544],[115.86448720400006,-7.1489692179999338],[115.86449622800001,-7.1489691229999721],[115.86449594100009,-7.1489420829999517],[115.86450496500004,-7.1489419879999332],[115.86450477300002,-7.1489239619999694],[115.86451379700009,-7.1489238659999614],[115.86451360600006,-7.1489058399999408],[115.86452263000001,-7.1489057439999328],[115.86452253400012,-7.1488967309999794],[115.86453155800007,-7.1488966359999608],[115.86453146300005,-7.1488876229999505],[115.86454048700011,-7.1488875269999426],[115.86454039100011,-7.1488785139999322],[115.86454941500006,-7.1488784189999706],[115.86454922400003,-7.1488603929999499],[115.86456727100006,-7.1488602019999803],[115.86456717600004,-7.1488511879999805],[115.8645762000001,-7.148851092999962],[115.86457600800009,-7.1488330669999414],[115.86458503200004,-7.1488329709999334],[115.8645846500001,-7.148796918999949],[115.86459367400005,-7.148796822999941],[115.86459357800004,-7.1487878099999307],[115.8646026020001,-7.148787714999969],[115.8646017420001,-7.1487065969999435],[115.86461076600006,-7.1487065009999355],[115.86460942800011,-7.1485803179999721],[115.86461845200006,-7.1485802219999641],[115.86461826000004,-7.1485621959999435],[115.86462728400011,-7.148562100999925],[115.86462718900009,-7.1485530879999715],[115.86463621200005,-7.1485529919999635],[115.86463602100002,-7.1485349659999429],[115.86464504500009,-7.1485348699999349],[115.86464466300004,-7.1484988179999505],[115.8646536870001,-7.1484987229999319],[115.86465349600007,-7.1484806959999787],[115.86466251900003,-7.1484806009999602],[115.86466194600007,-7.1484265219999656],[115.86467097000002,-7.1484264269999471],[115.86467058700009,-7.1483903739999732],[115.86467961100004,-7.1483902789999547],[115.8646792290001,-7.1483542259999808],[115.86468825300005,-7.1483541309999623],[115.86468815700005,-7.148345117999952],[115.86469718100011,-7.148345021999944],[115.86469679900006,-7.1483089699999596],[115.86470582300001,-7.1483088749999411],[115.86470534500006,-7.1482638089999568],[115.86471436900001,-7.1482637139999383],[115.86471417700011,-7.1482456869999282],[115.86472320100006,-7.1482455919999666],[115.86472281900001,-7.1482095389999358],[115.86473184300007,-7.1482094439999742],[115.86473136500001,-7.1481643779999331],[115.86472234100006,-7.148164473999941],[115.86472205400003,-7.1481374349999669],[115.86471303100006,-7.1481375299999286],[115.86471236200009,-7.1480744379999805],[115.86470333800003,-7.1480745339999316],[115.86470305100011,-7.1480474939999681],[115.86469402700004,-7.148047589999976],[115.86469345400008,-7.1479935109999815],[115.86468443000001,-7.1479936069999326],[115.8646842390001,-7.1479755799999793],[115.86467521500003,-7.1479756759999304],[115.86467502400001,-7.1479576499999666],[115.86466600000006,-7.1479577449999283],[115.86466552200011,-7.1479126799999335],[115.86465649800004,-7.147912774999952],[115.86465630700002,-7.1478947489999314],[115.86464728300007,-7.1478948439999499],[115.86464709200004,-7.1478768179999292],[115.86463806800009,-7.1478769139999372],[115.86463797300007,-7.1478678999999374],[115.86462894900001,-7.1478679959999454],[115.86462885300011,-7.1478589829999351],[115.86461983000004,-7.1478590779999536],[115.86461973400003,-7.1478500649999432],[115.86461071000008,-7.1478501609999512],[115.86461042300004,-7.1478231209999308],[115.86460140000008,-7.1478232169999387],[115.86460130400008,-7.1478142039999284],[115.86459228000001,-7.1478142989999469],[115.86459218500011,-7.1478052859999366],[115.86457413700009,-7.147805476999963],[115.86457404100008,-7.1477964639999527],[115.86456501800001,-7.1477965589999712],[115.86456473100009,-7.1477695199999403],[115.86455570700002,-7.1477696149999588],[115.86455561200012,-7.1477606019999484],[115.86454658800005,-7.1477606979999564],[115.86454639700003,-7.1477426709999463],[115.86453737300008,-7.1477427669999543],[115.86453727700007,-7.1477337539999439],[115.86451020600009,-7.1477340399999321],[115.86451011000008,-7.1477250269999786]]]},"properties":{"OBJECTID":20450,"FID_mangrove_utm":20391,"OBJECTID_1":20391,"Name":"18102566,9293","FolderPath":"JATIM/JATIM","SymbolID":0,"AltMode":0,"Base":0,"Clamped":-1,"Extruded":0,"Snippet":"","PopupInfo":"\u003chtml xmlns:fo=\"http://www.w3.org/1999/XSL/Format\" xmlns:msxsl=\"urn:schemas-microsoft-com:xslt\"\u003e\n\u003chead\u003e\n\u003cMETA http-equiv=\"Content-Type\" content=\"text/html\"\u003e\n\u003cmeta http-equiv=\"content-type\" content=\"text/html; charset=UTF-8\"\u003e\n\u003c/head\u003e\n\u003cbody style=\"margin:0px 0px 0px 0px;overflow:auto;background:#FFFFFF;\"\u003e\n\u003ctable style=\"font-family:Arial,Verdana,Times;font-size:12px;text-align:left;width:100%;border-collapse:collapse;padding:3px 3px 3px 3px\"\u003e\n\u003ctr style=\"text-align:center;font-weight:bold;background:#9CBCE2\"\u003e\n\u003ctd\u003e18102566,9293\u003c/td\u003e\n\u003c/tr\u003e\n\u003ctr\u003e\n\u003ctd\u003e\n\u003ctable style=\"font-family:Arial,Verdana,Times;font-size:12px;text-align:left;width:100%;border-spacing:0px; padding:3px 3px 3px 3px\"\u003e\n\u003ctr\u003e\n\u003ctd\u003eFID\u003c/td\u003e\n\u003ctd\u003e0\u003c/td\u003e\n\u003c/tr\u003e\n\u003ctr bgcolor=\"#D4E4F3\"\u003e\n\u003ctd\u003eShape_Leng\u003c/td\u003e\n\u003ctd\u003e18102566,9293\u003c/td\u003e\n\u003c/tr\u003e\n\u003c/table\u003e\n\u003c/td\u003e\n\u003c/tr\u003e\n\u003c/table\u003e\n\u003c/body\u003e\u003cscript type=\"text/javascript\"\u003e\n\t\t\t\tfunction changeImage(attElement, nameElement) {\n\t\t\t\tdocument.getElementById('imageAttachment').src = attElement;\n\t\t\t\tdocument.getElementById('imageName').innerHTML = nameElement;}\n\t\t\t\u003c/script\u003e\u003c/html\u003e\n","FID_active_grids":125,"GridID":"O62","Shape_Length":0.0052126567532649101,"Shape_Area":1.8747608996266937e-07}},{"type":"Feature","id":20452,"geometry":{"type":"Polygon","coordinates":[[[115.86424822800006,-7.1477097689999596],[115.86423544100001,-7.147709903999953],[115.8642574160001,-7.147725161999972],[115.86425734700003,-7.147718685999962],[115.86424832400007,-7.1477187819999699],[115.86424822800006,-7.1477097689999596]]]},"properties":{"OBJECTID":20452,"FID_mangrove_utm":20393,"OBJECTID_1":20393,"Name":"18102566,9293","FolderPath":"JATIM/JATIM","SymbolID":0,"AltMode":0,"Base":0,"Clamped":-1,"Extruded":0,"Snippet":"","PopupInfo":"\u003chtml xmlns:fo=\"http://www.w3.org/1999/XSL/Format\" xmlns:msxsl=\"urn:schemas-microsoft-com:xslt\"\u003e\n\u003chead\u003e\n\u003cMETA http-equiv=\"Content-Type\" content=\"text/html\"\u003e\n\u003cmeta http-equiv=\"content-type\" content=\"text/html; charset=UTF-8\"\u003e\n\u003c/head\u003e\n\u003cbody style=\"margin:0px 0px 0px 0px;overflow:auto;background:#FFFFFF;\"\u003e\n\u003ctable style=\"font-family:Arial,Verdana,Times;font-size:12px;text-align:left;width:100%;border-collapse:collapse;padding:3px 3px 3px 3px\"\u003e\n\u003ctr style=\"text-align:center;font-weight:bold;background:#9CBCE2\"\u003e\n\u003ctd\u003e18102566,9293\u003c/td\u003e\n\u003c/tr\u003e\n\u003ctr\u003e\n\u003ctd\u003e\n\u003ctable style=\"font-family:Arial,Verdana,Times;font-size:12px;text-align:left;width:100%;border-spacing:0px; padding:3px 3px 3px 3px\"\u003e\n\u003ctr\u003e\n\u003ctd\u003eFID\u003c/td\u003e\n\u003ctd\u003e0\u003c/td\u003e\n\u003c/tr\u003e\n\u003ctr bgcolor=\"#D4E4F3\"\u003e\n\u003ctd\u003eShape_Leng\u003c/td\u003e\n\u003ctd\u003e18102566,9293\u003c/td\u003e\n\u003c/tr\u003e\n\u003c/table\u003e\n\u003c/td\u003e\n\u003c/tr\u003e\n\u003c/table\u003e\n\u003c/body\u003e\u003cscript type=\"text/javascript\"\u003e\n\t\t\t\tfunction changeImage(attElement, nameElement) {\n\t\t\t\tdocument.getElementById('imageAttachment').src = attElement;\n\t\t\t\tdocument.getElementById('imageName').innerHTML = nameElement;}\n\t\t\t\u003c/script\u003e\u003c/html\u003e\n","FID_active_grids":125,"GridID":"O62","Shape_Length":6.4053806584861989e-05,"Shape_Area":8.7588263789039538e-11}},{"type":"Feature","id":20453,"geometry":{"type":"Polygon","coordinates":[[[115.86423008500003,-7.1477009469999757],[115.86422265400006,-7.1477010249999466],[115.86423014100001,-7.1477062239999327],[115.86423008500003,-7.1477009469999757]]]},"properties":{"OBJECTID":20453,"FID_mangrove_utm":20394,"OBJECTID_1":20394,"Name":"18102566,9293","FolderPath":"JATIM/JATIM","SymbolID":0,"AltMode":0,"Base":0,"Clamped":-1,"Extruded":0,"Snippet":"","PopupInfo":"\u003chtml xmlns:fo=\"http://www.w3.org/1999/XSL/Format\" xmlns:msxsl=\"urn:schemas-microsoft-com:xslt\"\u003e\n\u003chead\u003e\n\u003cMETA http-equiv=\"Content-Type\" content=\"text/html\"\u003e\n\u003cmeta http-equiv=\"content-type\" content=\"text/html; charset=UTF-8\"\u003e\n\u003c/head\u003e\n\u003cbody style=\"margin:0px 0px 0px 0px;overflow:auto;background:#FFFFFF;\"\u003e\n\u003ctable style=\"font-family:Arial,Verdana,Times;font-size:12px;text-align:left;width:100%;border-collapse:collapse;padding:3px 3px 3px 3px\"\u003e\n\u003ctr style=\"text-align:center;font-weight:bold;background:#9CBCE2\"\u003e\n\u003ctd\u003e18102566,9293\u003c/td\u003e\n\u003c/tr\u003e\n\u003ctr\u003e\n\u003ctd\u003e\n\u003ctable style=\"font-family:Arial,Verdana,Times;font-size:12px;text-align:left;width:100%;border-spacing:0px; padding:3px 3px 3px 3px\"\u003e\n\u003ctr\u003e\n\u003ctd\u003eFID\u003c/td\u003e\n\u003ctd\u003e0\u003c/td\u003e\n\u003c/tr\u003e\n\u003ctr bgcolor=\"#D4E4F3\"\u003e\n\u003ctd\u003eShape_Leng\u003c/td\u003e\n\u003ctd\u003e18102566,9293\u003c/td\u003e\n\u003c/tr\u003e\n\u003c/table\u003e\n\u003c/td\u003e\n\u003c/tr\u003e\n\u003c/table\u003e\n\u003c/body\u003e\u003cscript type=\"text/javascript\"\u003e\n\t\t\t\tfunction changeImage(attElement, nameElement) {\n\t\t\t\tdocument.getElementById('imageAttachment').src = attElement;\n\t\t\t\tdocument.getElementById('imageName').innerHTML = nameElement;}\n\t\t\t\u003c/script\u003e\u003c/html\u003e\n","FID_active_grids":125,"GridID":"O62","Shape_Length":2.1823791112683905e-05,"Shape_Area":1.9608877264109714e-11}},{"type":"Feature","id":20454,"geometry":{"type":"Polygon","coordinates":[[[115.86422096500007,-7.1476920289999271],[115.86420986600001,-7.1476921459999403],[115.86422104900009,-7.147699910999961],[115.86422096500007,-7.1476920289999271]]]},"properties":{"OBJECTID":20454,"FID_mangrove_utm":20395,"OBJECTID_1":20395,"Name":"18102566,9293","FolderPath":"JATIM/JATIM","SymbolID":0,"AltMode":0,"Base":0,"Clamped":-1,"Extruded":0,"Snippet":"","PopupInfo":"\u003chtml xmlns:fo=\"http://www.w3.org/1999/XSL/Format\" xmlns:msxsl=\"urn:schemas-microsoft-com:xslt\"\u003e\n\u003chead\u003e\n\u003cMETA http-equiv=\"Content-Type\" content=\"text/html\"\u003e\n\u003cmeta http-equiv=\"content-type\" content=\"text/html; charset=UTF-8\"\u003e\n\u003c/head\u003e\n\u003cbody style=\"margin:0px 0px 0px 0px;overflow:auto;background:#FFFFFF;\"\u003e\n\u003ctable style=\"font-family:Arial,Verdana,Times;font-size:12px;text-align:left;width:100%;border-collapse:collapse;padding:3px 3px 3px 3px\"\u003e\n\u003ctr style=\"text-align:center;font-weight:bold;background:#9CBCE2\"\u003e\n\u003ctd\u003e18102566,9293\u003c/td\u003e\n\u003c/tr\u003e\n\u003ctr\u003e\n\u003ctd\u003e\n\u003ctable style=\"font-family:Arial,Verdana,Times;font-size:12px;text-align:left;width:100%;border-spacing:0px; padding:3px 3px 3px 3px\"\u003e\n\u003ctr\u003e\n\u003ctd\u003eFID\u003c/td\u003e\n\u003ctd\u003e0\u003c/td\u003e\n\u003c/tr\u003e\n\u003ctr bgcolor=\"#D4E4F3\"\u003e\n\u003ctd\u003eShape_Leng\u003c/td\u003e\n\u003ctd\u003e18102566,9293\u003c/td\u003e\n\u003c/tr\u003e\n\u003c/table\u003e\n\u003c/td\u003e\n\u003c/tr\u003e\n\u003c/table\u003e\n\u003c/body\u003e\u003cscript type=\"text/javascript\"\u003e\n\t\t\t\tfunction changeImage(attElement, nameElement) {\n\t\t\t\tdocument.getElementById('imageAttachment').src = attElement;\n\t\t\t\tdocument.getElementById('imageName').innerHTML = nameElement;}\n\t\t\t\u003c/script\u003e\u003c/html\u003e\n","FID_active_grids":125,"GridID":"O62","Shape_Length":3.2596568236477712e-05,"Shape_Area":4.3746073435266709e-11}},{"type":"Feature","id":20461,"geometry":{"type":"Polygon","coordinates":[[[115.85149638100006,-7.1477453109999374],[115.85149685800002,-7.1477903769999784],[115.85150588200008,-7.1477902819999599],[115.85150635800005,-7.1478353479999441],[115.85152440600007,-7.1478351579999639],[115.85152459700009,-7.1478531839999278],[115.85153362100004,-7.1478530889999661],[115.85153371600006,-7.1478621029999658],[115.85158786000011,-7.1478615309999327],[115.85158757400006,-7.1478344919999586],[115.85161464600003,-7.1478342059999704],[115.85161455100001,-7.1478251929999601],[115.85162357500008,-7.1478250969999522],[115.85162338500004,-7.1478070709999315],[115.8516324090001,-7.1478069759999698],[115.8516323130001,-7.1477979619999701],[115.85164133700005,-7.1477978669999516],[115.85164124400001,-7.1477890899999466],[115.85156584100002,-7.1477746949999528],[115.85149638100006,-7.1477453109999374]]]},"properties":{"OBJECTID":20461,"FID_mangrove_utm":20402,"OBJECTID_1":20402,"Name":"18102566,9293","FolderPath":"JATIM/JATIM","SymbolID":0,"AltMode":0,"Base":0,"Clamped":-1,"Extruded":0,"Snippet":"","PopupInfo":"\u003chtml xmlns:fo=\"http://www.w3.org/1999/XSL/Format\" xmlns:msxsl=\"urn:schemas-microsoft-com:xslt\"\u003e\n\u003chead\u003e\n\u003cMETA http-equiv=\"Content-Type\" content=\"text/html\"\u003e\n\u003cmeta http-equiv=\"content-type\" content=\"text/html; charset=UTF-8\"\u003e\n\u003c/head\u003e\n\u003cbody style=\"margin:0px 0px 0px 0px;overflow:auto;background:#FFFFFF;\"\u003e\n\u003ctable style=\"font-family:Arial,Verdana,Times;font-size:12px;text-align:left;width:100%;border-collapse:collapse;padding:3px 3px 3px 3px\"\u003e\n\u003ctr style=\"text-align:center;font-weight:bold;background:#9CBCE2\"\u003e\n\u003ctd\u003e18102566,9293\u003c/td\u003e\n\u003c/tr\u003e\n\u003ctr\u003e\n\u003ctd\u003e\n\u003ctable style=\"font-family:Arial,Verdana,Times;font-size:12px;text-align:left;width:100%;border-spacing:0px; padding:3px 3px 3px 3px\"\u003e\n\u003ctr\u003e\n\u003ctd\u003eFID\u003c/td\u003e\n\u003ctd\u003e0\u003c/td\u003e\n\u003c/tr\u003e\n\u003ctr bgcolor=\"#D4E4F3\"\u003e\n\u003ctd\u003eShape_Leng\u003c/td\u003e\n\u003ctd\u003e18102566,9293\u003c/td\u003e\n\u003c/tr\u003e\n\u003c/table\u003e\n\u003c/td\u003e\n\u003c/tr\u003e\n\u003c/table\u003e\n\u003c/body\u003e\u003cscript type=\"text/javascript\"\u003e\n\t\t\t\tfunction changeImage(attElement, nameElement) {\n\t\t\t\tdocument.getElementById('imageAttachment').src = attElement;\n\t\t\t\tdocument.getElementById('imageName').innerHTML = nameElement;}\n\t\t\t\u003c/script\u003e\u003c/html\u003e\n","FID_active_grids":125,"GridID":"O62","Shape_Length":0.00048562793902543963,"Shape_Area":9.7058501221155136e-09}},{"type":"Feature","id":20462,"geometry":{"type":"Polygon","coordinates":[[[115.85149638100006,-7.1477453109999374],[115.85148731600009,-7.1477414769999541],[115.85148735700011,-7.1477454059999559],[115.85149638100006,-7.1477453109999374]]]},"properties":{"OBJECTID":20462,"FID_mangrove_utm":20403,"OBJECTID_1":20403,"Name":"18102566,9293","FolderPath":"JATIM/JATIM","SymbolID":0,"AltMode":0,"Base":0,"Clamped":-1,"Extruded":0,"Snippet":"","PopupInfo":"\u003chtml xmlns:fo=\"http://www.w3.org/1999/XSL/Format\" xmlns:msxsl=\"urn:schemas-microsoft-com:xslt\"\u003e\n\u003chead\u003e\n\u003cMETA http-equiv=\"Content-Type\" content=\"text/html\"\u003e\n\u003cmeta http-equiv=\"content-type\" content=\"text/html; charset=UTF-8\"\u003e\n\u003c/head\u003e\n\u003cbody style=\"margin:0px 0px 0px 0px;overflow:auto;background:#FFFFFF;\"\u003e\n\u003ctable style=\"font-family:Arial,Verdana,Times;font-size:12px;text-align:left;width:100%;border-collapse:collapse;padding:3px 3px 3px 3px\"\u003e\n\u003ctr style=\"text-align:center;font-weight:bold;background:#9CBCE2\"\u003e\n\u003ctd\u003e18102566,9293\u003c/td\u003e\n\u003c/tr\u003e\n\u003ctr\u003e\n\u003ctd\u003e\n\u003ctable style=\"font-family:Arial,Verdana,Times;font-size:12px;text-align:left;width:100%;border-spacing:0px; padding:3px 3px 3px 3px\"\u003e\n\u003ctr\u003e\n\u003ctd\u003eFID\u003c/td\u003e\n\u003ctd\u003e0\u003c/td\u003e\n\u003c/tr\u003e\n\u003ctr bgcolor=\"#D4E4F3\"\u003e\n\u003ctd\u003eShape_Leng\u003c/td\u003e\n\u003ctd\u003e18102566,9293\u003c/td\u003e\n\u003c/tr\u003e\n\u003c/table\u003e\n\u003c/td\u003e\n\u003c/tr\u003e\n\u003c/table\u003e\n\u003c/body\u003e\u003cscript type=\"text/javascript\"\u003e\n\t\t\t\tfunction changeImage(attElement, nameElement) {\n\t\t\t\tdocument.getElementById('imageAttachment').src = attElement;\n\t\t\t\tdocument.getElementById('imageName').innerHTML = nameElement;}\n\t\t\t\u003c/script\u003e\u003c/html\u003e\n","FID_active_grids":125,"GridID":"O62","Shape_Length":2.2796161795648036e-05,"Shape_Area":1.7729595412888516e-11}},{"type":"Feature","id":20463,"geometry":{"type":"Polygon","coordinates":[[[115.86409348500001,-7.1475852079999527],[115.86405641600004,-7.1475855999999567],[115.86420286500004,-7.1476872849999609],[115.86420272700002,-7.1476741939999329],[115.86419370300007,-7.1476742889999514],[115.86419322500001,-7.1476292229999672],[115.86417517700011,-7.1476294139999368],[115.86417508200009,-7.1476204009999265],[115.86415703400007,-7.1476205919999529],[115.86415693900005,-7.1476115789999426],[115.8641479150001,-7.1476116739999611],[115.8641478190001,-7.1476026609999508],[115.86413879500003,-7.1476027569999587],[115.86413870000001,-7.1475937439999484],[115.86409358100002,-7.147594220999963],[115.86409348500001,-7.1475852079999527]]]},"properties":{"OBJECTID":20463,"FID_mangrove_utm":20404,"OBJECTID_1":20404,"Name":"18102566,9293","FolderPath":"JATIM/JATIM","SymbolID":0,"AltMode":0,"Base":0,"Clamped":-1,"Extruded":0,"Snippet":"","PopupInfo":"\u003chtml xmlns:fo=\"http://www.w3.org/1999/XSL/Format\" xmlns:msxsl=\"urn:schemas-microsoft-com:xslt\"\u003e\n\u003chead\u003e\n\u003cMETA http-equiv=\"Content-Type\" content=\"text/html\"\u003e\n\u003cmeta http-equiv=\"content-type\" content=\"text/html; charset=UTF-8\"\u003e\n\u003c/head\u003e\n\u003cbody style=\"margin:0px 0px 0px 0px;overflow:auto;background:#FFFFFF;\"\u003e\n\u003ctable style=\"font-family:Arial,Verdana,Times;font-size:12px;text-align:left;width:100%;border-collapse:collapse;padding:3px 3px 3px 3px\"\u003e\n\u003ctr style=\"text-align:center;font-weight:bold;background:#9CBCE2\"\u003e\n\u003ctd\u003e18102566,9293\u003c/td\u003e\n\u003c/tr\u003e\n\u003ctr\u003e\n\u003ctd\u003e\n\u003ctable style=\"font-family:Arial,Verdana,Times;font-size:12px;text-align:left;width:100%;border-spacing:0px; padding:3px 3px 3px 3px\"\u003e\n\u003ctr\u003e\n\u003ctd\u003eFID\u003c/td\u003e\n\u003ctd\u003e0\u003c/td\u003e\n\u003c/tr\u003e\n\u003ctr bgcolor=\"#D4E4F3\"\u003e\n\u003ctd\u003eShape_Leng\u003c/td\u003e\n\u003ctd\u003e18102566,9293\u003c/td\u003e\n\u003c/tr\u003e\n\u003c/table\u003e\n\u003c/td\u003e\n\u003c/tr\u003e\n\u003c/table\u003e\n\u003c/body\u003e\u003cscript type=\"text/javascript\"\u003e\n\t\t\t\tfunction changeImage(attElement, nameElement) {\n\t\t\t\tdocument.getElementById('imageAttachment').src = attElement;\n\t\t\t\tdocument.getElementById('imageName').innerHTML = nameElement;}\n\t\t\t\u003c/script\u003e\u003c/html\u003e\n","FID_active_grids":125,"GridID":"O62","Shape_Length":0.00042688142105561696,"Shape_Area":4.4118401992941738e-09}},{"type":"Feature","id":20465,"geometry":{"type":"Polygon","coordinates":[[[115.85136039800011,-7.1476877879999279],[115.85136044900003,-7.1476926589999721],[115.85136947300009,-7.1476925639999536],[115.8513695690001,-7.1477015769999639],[115.85138761700011,-7.1477013869999269],[115.85138780700004,-7.1477194129999475],[115.85140585500005,-7.1477192229999673],[115.85140595100006,-7.1477282359999776],[115.85145107100004,-7.1477277599999525],[115.85145116600006,-7.1477367729999628],[115.85147558800008,-7.1477365159999522],[115.85136039800011,-7.1476877879999279]]]},"properties":{"OBJECTID":20465,"FID_mangrove_utm":20406,"OBJECTID_1":20406,"Name":"18102566,9293","FolderPath":"JATIM/JATIM","SymbolID":0,"AltMode":0,"Base":0,"Clamped":-1,"Extruded":0,"Snippet":"","PopupInfo":"\u003chtml xmlns:fo=\"http://www.w3.org/1999/XSL/Format\" xmlns:msxsl=\"urn:schemas-microsoft-com:xslt\"\u003e\n\u003chead\u003e\n\u003cMETA http-equiv=\"Content-Type\" content=\"text/html\"\u003e\n\u003cmeta http-equiv=\"content-type\" content=\"text/html; charset=UTF-8\"\u003e\n\u003c/head\u003e\n\u003cbody style=\"margin:0px 0px 0px 0px;overflow:auto;background:#FFFFFF;\"\u003e\n\u003ctable style=\"font-family:Arial,Verdana,Times;font-size:12px;text-align:left;width:100%;border-collapse:collapse;padding:3px 3px 3px 3px\"\u003e\n\u003ctr style=\"text-align:center;font-weight:bold;background:#9CBCE2\"\u003e\n\u003ctd\u003e18102566,9293\u003c/td\u003e\n\u003c/tr\u003e\n\u003ctr\u003e\n\u003ctd\u003e\n\u003ctable style=\"font-family:Arial,Verdana,Times;font-size:12px;text-align:left;width:100%;border-spacing:0px; padding:3px 3px 3px 3px\"\u003e\n\u003ctr\u003e\n\u003ctd\u003eFID\u003c/td\u003e\n\u003ctd\u003e0\u003c/td\u003e\n\u003c/tr\u003e\n\u003ctr bgcolor=\"#D4E4F3\"\u003e\n\u003ctd\u003eShape_Leng\u003c/td\u003e\n\u003ctd\u003e18102566,9293\u003c/td\u003e\n\u003c/tr\u003e\n\u003c/table\u003e\n\u003c/td\u003e\n\u003c/tr\u003e\n\u003c/table\u003e\n\u003c/body\u003e\u003cscript type=\"text/javascript\"\u003e\n\t\t\t\tfunction changeImage(attElement, nameElement) {\n\t\t\t\tdocument.getElementById('imageAttachment').src = attElement;\n\t\t\t\tdocument.getElementById('imageName').innerHTML = nameElement;}\n\t\t\t\u003c/script\u003e\u003c/html\u003e\n","FID_active_grids":125,"GridID":"O62","Shape_Length":0.00028967975002782293,"Shape_Area":1.0736769544942423e-09}},{"type":"Feature","id":20466,"geometry":{"type":"Polygon","coordinates":[[[115.85375171100009,-7.1476584139999773],[115.85374268700002,-7.1476585089999389],[115.85374259200012,-7.1476494959999286],[115.8537245440001,-7.1476496859999656],[115.85372463900001,-7.147658698999976],[115.8537065910001,-7.1476588899999456],[115.85370687700004,-7.1476859289999766],[115.85369785300009,-7.1476860249999277],[115.85369794900009,-7.147695037999938],[115.85368892500003,-7.1476951329999565],[115.85368911500007,-7.1477131599999666],[115.8536800920001,-7.1477132549999283],[115.85368018700001,-7.1477222679999386],[115.85365311500004,-7.1477225539999267],[115.85365321000006,-7.1477315669999371],[115.85364418600011,-7.1477316619999556],[115.85364437700002,-7.1477496889999657],[115.85365340100009,-7.1477495939999471],[115.85365359200011,-7.1477676199999678],[115.85366261600007,-7.1477675249999493],[115.8536628060001,-7.1477855509999699],[115.85367183000005,-7.1477854559999514],[115.85367192600006,-7.1477944699999512],[115.85370802200009,-7.1477940889999445],[115.85370811700011,-7.1478031019999548],[115.85375323700009,-7.1478026259999297],[115.85375314100008,-7.1477936119999299],[115.85378923700011,-7.1477932309999801],[115.85378904700008,-7.1477752049999594],[115.85379807100003,-7.1477751099999409],[115.85379788000012,-7.1477570829999308],[115.85380690400007,-7.1477569879999692],[115.85380661800002,-7.1477299479999488],[115.85379759400007,-7.1477300429999673],[115.85379711700011,-7.1476849769999262],[115.85378809300005,-7.1476850719999447],[115.85378790200002,-7.1476670459999809],[115.85375180700009,-7.1476674269999307],[115.85375171100009,-7.1476584139999773]]]},"properties":{"OBJECTID":20466,"FID_mangrove_utm":20407,"OBJECTID_1":20407,"Name":"18102566,9293","FolderPath":"JATIM/JATIM","SymbolID":0,"AltMode":0,"Base":0,"Clamped":-1,"Extruded":0,"Snippet":"","PopupInfo":"\u003chtml xmlns:fo=\"http://www.w3.org/1999/XSL/Format\" xmlns:msxsl=\"urn:schemas-microsoft-com:xslt\"\u003e\n\u003chead\u003e\n\u003cMETA http-equiv=\"Content-Type\" content=\"text/html\"\u003e\n\u003cmeta http-equiv=\"content-type\" content=\"text/html; charset=UTF-8\"\u003e\n\u003c/head\u003e\n\u003cbody style=\"margin:0px 0px 0px 0px;overflow:auto;background:#FFFFFF;\"\u003e\n\u003ctable style=\"font-family:Arial,Verdana,Times;font-size:12px;text-align:left;width:100%;border-collapse:collapse;padding:3px 3px 3px 3px\"\u003e\n\u003ctr style=\"text-align:center;font-weight:bold;background:#9CBCE2\"\u003e\n\u003ctd\u003e18102566,9293\u003c/td\u003e\n\u003c/tr\u003e\n\u003ctr\u003e\n\u003ctd\u003e\n\u003ctable style=\"font-family:Arial,Verdana,Times;font-size:12px;text-align:left;width:100%;border-spacing:0px; padding:3px 3px 3px 3px\"\u003e\n\u003ctr\u003e\n\u003ctd\u003eFID\u003c/td\u003e\n\u003ctd\u003e0\u003c/td\u003e\n\u003c/tr\u003e\n\u003ctr bgcolor=\"#D4E4F3\"\u003e\n\u003ctd\u003eShape_Leng\u003c/td\u003e\n\u003ctd\u003e18102566,9293\u003c/td\u003e\n\u003c/tr\u003e\n\u003c/table\u003e\n\u003c/td\u003e\n\u003c/tr\u003e\n\u003c/table\u003e\n\u003c/body\u003e\u003cscript type=\"text/javascript\"\u003e\n\t\t\t\tfunction changeImage(attElement, nameElement) {\n\t\t\t\tdocument.getElementById('imageAttachment').src = attElement;\n\t\t\t\tdocument.getElementById('imageName').innerHTML = nameElement;}\n\t\t\t\u003c/script\u003e\u003c/html\u003e\n","FID_active_grids":125,"GridID":"O62","Shape_Length":0.00063134622399738788,"Shape_Area":1.667563747193419e-08}},{"type":"Feature","id":20469,"geometry":{"type":"Polygon","coordinates":[[[115.87290510800005,-7.1473837599999683],[115.87289051400001,-7.1473839139999313],[115.87289060900002,-7.1473929269999417],[115.87288158600006,-7.1473930229999496],[115.87288177700009,-7.1474110489999703],[115.87287275300002,-7.1474111449999782],[115.87287284900003,-7.1474201579999317],[115.87285480200001,-7.1474203489999582],[115.87285489700002,-7.1474293619999685],[115.87284587400006,-7.1474294579999764],[115.8728461610001,-7.1474564969999506],[115.87285518500005,-7.1474564009999426],[115.87285547200008,-7.1474834399999736],[115.87286449500004,-7.1474833439999657],[115.87286459100005,-7.147492356999976],[115.87287361500012,-7.1474922619999575],[115.87287371100001,-7.1475012749999678],[115.87291902800007,-7.1475007949999281],[115.87290510800005,-7.1473837599999683]]]},"properties":{"OBJECTID":20469,"FID_mangrove_utm":20410,"OBJECTID_1":20410,"Name":"18102566,9293","FolderPath":"JATIM/JATIM","SymbolID":0,"AltMode":0,"Base":0,"Clamped":-1,"Extruded":0,"Snippet":"","PopupInfo":"\u003chtml xmlns:fo=\"http://www.w3.org/1999/XSL/Format\" xmlns:msxsl=\"urn:schemas-microsoft-com:xslt\"\u003e\n\u003chead\u003e\n\u003cMETA http-equiv=\"Content-Type\" content=\"text/html\"\u003e\n\u003cmeta http-equiv=\"content-type\" content=\"text/html; charset=UTF-8\"\u003e\n\u003c/head\u003e\n\u003cbody style=\"margin:0px 0px 0px 0px;overflow:auto;background:#FFFFFF;\"\u003e\n\u003ctable style=\"font-family:Arial,Verdana,Times;font-size:12px;text-align:left;width:100%;border-collapse:collapse;padding:3px 3px 3px 3px\"\u003e\n\u003ctr style=\"text-align:center;font-weight:bold;background:#9CBCE2\"\u003e\n\u003ctd\u003e18102566,9293\u003c/td\u003e\n\u003c/tr\u003e\n\u003ctr\u003e\n\u003ctd\u003e\n\u003ctable style=\"font-family:Arial,Verdana,Times;font-size:12px;text-align:left;width:100%;border-spacing:0px; padding:3px 3px 3px 3px\"\u003e\n\u003ctr\u003e\n\u003ctd\u003eFID\u003c/td\u003e\n\u003ctd\u003e0\u003c/td\u003e\n\u003c/tr\u003e\n\u003ctr bgcolor=\"#D4E4F3\"\u003e\n\u003ctd\u003eShape_Leng\u003c/td\u003e\n\u003ctd\u003e18102566,9293\u003c/td\u003e\n\u003c/tr\u003e\n\u003c/table\u003e\n\u003c/td\u003e\n\u003c/tr\u003e\n\u003c/table\u003e\n\u003c/body\u003e\u003cscript type=\"text/javascript\"\u003e\n\t\t\t\tfunction changeImage(attElement, nameElement) {\n\t\t\t\tdocument.getElementById('imageAttachment').src = attElement;\n\t\t\t\tdocument.getElementById('imageName').innerHTML = nameElement;}\n\t\t\t\u003c/script\u003e\u003c/html\u003e\n","FID_active_grids":125,"GridID":"O62","Shape_Length":0.00036714191853819199,"Shape_Area":5.7064695298683131e-09}},{"type":"Feature","id":20498,"geometry":{"type":"Polygon","coordinates":[[[115.85102500800008,-7.1472184389999711],[115.85102142800008,-7.1472106539999345],[115.85102151000001,-7.1472184759999777],[115.85102500800008,-7.1472184389999711]]]},"properties":{"OBJECTID":20498,"FID_mangrove_utm":20439,"OBJECTID_1":20439,"Name":"18102566,9293","FolderPath":"JATIM/JATIM","SymbolID":0,"AltMode":0,"Base":0,"Clamped":-1,"Extruded":0,"Snippet":"","PopupInfo":"\u003chtml xmlns:fo=\"http://www.w3.org/1999/XSL/Format\" xmlns:msxsl=\"urn:schemas-microsoft-com:xslt\"\u003e\n\u003chead\u003e\n\u003cMETA http-equiv=\"Content-Type\" content=\"text/html\"\u003e\n\u003cmeta http-equiv=\"content-type\" content=\"text/html; charset=UTF-8\"\u003e\n\u003c/head\u003e\n\u003cbody style=\"margin:0px 0px 0px 0px;overflow:auto;background:#FFFFFF;\"\u003e\n\u003ctable style=\"font-family:Arial,Verdana,Times;font-size:12px;text-align:left;width:100%;border-collapse:collapse;padding:3px 3px 3px 3px\"\u003e\n\u003ctr style=\"text-align:center;font-weight:bold;background:#9CBCE2\"\u003e\n\u003ctd\u003e18102566,9293\u003c/td\u003e\n\u003c/tr\u003e\n\u003ctr\u003e\n\u003ctd\u003e\n\u003ctable style=\"font-family:Arial,Verdana,Times;font-size:12px;text-align:left;width:100%;border-spacing:0px; padding:3px 3px 3px 3px\"\u003e\n\u003ctr\u003e\n\u003ctd\u003eFID\u003c/td\u003e\n\u003ctd\u003e0\u003c/td\u003e\n\u003c/tr\u003e\n\u003ctr bgcolor=\"#D4E4F3\"\u003e\n\u003ctd\u003eShape_Leng\u003c/td\u003e\n\u003ctd\u003e18102566,9293\u003c/td\u003e\n\u003c/tr\u003e\n\u003c/table\u003e\n\u003c/td\u003e\n\u003c/tr\u003e\n\u003c/table\u003e\n\u003c/body\u003e\u003cscript type=\"text/javascript\"\u003e\n\t\t\t\tfunction changeImage(attElement, nameElement) {\n\t\t\t\tdocument.getElementById('imageAttachment').src = attElement;\n\t\t\t\tdocument.getElementById('imageName').innerHTML = nameElement;}\n\t\t\t\u003c/script\u003e\u003c/html\u003e\n","FID_active_grids":125,"GridID":"O62","Shape_Length":1.988932593321273e-05,"Shape_Area":1.3682195345042012e-11}},{"type":"Feature","id":20504,"geometry":{"type":"Polygon","coordinates":[[[115.85097137300011,-7.1471018189999427],[115.8509661280001,-7.1471018749999757],[115.85096669900008,-7.1471559539999703],[115.8509847470001,-7.1471557639999332],[115.85098512900004,-7.147191816999964],[115.8509941530001,-7.1471917219999455],[115.85099424800001,-7.1472007349999558],[115.85101229600002,-7.1472005449999756],[115.85101239100004,-7.1472095579999291],[115.85102088200006,-7.1472094689999608],[115.85097137300011,-7.1471018189999427]]]},"properties":{"OBJECTID":20504,"FID_mangrove_utm":20445,"OBJECTID_1":20445,"Name":"18102566,9293","FolderPath":"JATIM/JATIM","SymbolID":0,"AltMode":0,"Base":0,"Clamped":-1,"Extruded":0,"Snippet":"","PopupInfo":"\u003chtml xmlns:fo=\"http://www.w3.org/1999/XSL/Format\" xmlns:msxsl=\"urn:schemas-microsoft-com:xslt\"\u003e\n\u003chead\u003e\n\u003cMETA http-equiv=\"Content-Type\" content=\"text/html\"\u003e\n\u003cmeta http-equiv=\"content-type\" content=\"text/html; charset=UTF-8\"\u003e\n\u003c/head\u003e\n\u003cbody style=\"margin:0px 0px 0px 0px;overflow:auto;background:#FFFFFF;\"\u003e\n\u003ctable style=\"font-family:Arial,Verdana,Times;font-size:12px;text-align:left;width:100%;border-collapse:collapse;padding:3px 3px 3px 3px\"\u003e\n\u003ctr style=\"text-align:center;font-weight:bold;background:#9CBCE2\"\u003e\n\u003ctd\u003e18102566,9293\u003c/td\u003e\n\u003c/tr\u003e\n\u003ctr\u003e\n\u003ctd\u003e\n\u003ctable style=\"font-family:Arial,Verdana,Times;font-size:12px;text-align:left;width:100%;border-spacing:0px; padding:3px 3px 3px 3px\"\u003e\n\u003ctr\u003e\n\u003ctd\u003eFID\u003c/td\u003e\n\u003ctd\u003e0\u003c/td\u003e\n\u003c/tr\u003e\n\u003ctr bgcolor=\"#D4E4F3\"\u003e\n\u003ctd\u003eShape_Leng\u003c/td\u003e\n\u003ctd\u003e18102566,9293\u003c/td\u003e\n\u003c/tr\u003e\n\u003c/table\u003e\n\u003c/td\u003e\n\u003c/tr\u003e\n\u003c/table\u003e\n\u003c/body\u003e\u003cscript type=\"text/javascript\"\u003e\n\t\t\t\tfunction changeImage(attElement, nameElement) {\n\t\t\t\tdocument.getElementById('imageAttachment').src = attElement;\n\t\t\t\tdocument.getElementById('imageName').innerHTML = nameElement;}\n\t\t\t\u003c/script\u003e\u003c/html\u003e\n","FID_active_grids":125,"GridID":"O62","Shape_Length":0.00028551239141059559,"Shape_Area":1.8817544890321598e-09}},{"type":"Feature","id":20532,"geometry":{"type":"Polygon","coordinates":[[[115.87281379800004,-7.1465824799999496],[115.87280980500009,-7.1465825219999601],[115.87281028400002,-7.1466275869999549],[115.87280126000007,-7.1466276829999629],[115.87280135600008,-7.1466366959999732],[115.87279233200002,-7.1466367919999811],[115.87279271500006,-7.1466728439999656],[115.87280173900001,-7.1466727479999577],[115.87280202600004,-7.1466997869999318],[115.87281104900001,-7.1466996909999807],[115.87281171900008,-7.1467627819999393],[115.87280269600001,-7.1467628779999472],[115.87280336600008,-7.1468259689999627],[115.87279434200002,-7.1468260649999706],[115.87279462900005,-7.1468531039999448],[115.8727856050001,-7.1468531989999633],[115.87278570100011,-7.1468622119999736],[115.87279472500006,-7.1468621169999551],[115.87279491600009,-7.1468801429999758],[115.87280394000004,-7.1468800469999678],[115.87280413100007,-7.1468980729999316],[115.87281315500002,-7.1468979769999805],[115.87281344200005,-7.1469250159999547],[115.87282246600012,-7.1469249209999361],[115.87282332700011,-7.1470060379999722],[115.87281430400003,-7.1470061329999339],[115.87281439900005,-7.1470151459999443],[115.87280537600009,-7.1470152419999522],[115.87280547100011,-7.1470242549999625],[115.87279644800003,-7.1470243509999705],[115.87279654300005,-7.1470333639999808],[115.87278752000009,-7.1470334589999425],[115.87278761500011,-7.1470424719999528],[115.87277859200003,-7.1470425679999607],[115.87277868800004,-7.1470515809999711],[115.87276966400009,-7.1470516759999327],[115.8727697600001,-7.1470606889999431],[115.87276073600003,-7.147060784999951],[115.87276102300007,-7.1470878239999251],[115.87275199900012,-7.1470879199999331],[115.87275219100002,-7.1471059459999537],[115.87274316700007,-7.1471060409999723],[115.87274335800009,-7.1471240669999361],[115.87275238200004,-7.1471239719999744],[115.87275286100009,-7.1471690369999692],[115.87276188400006,-7.1471689409999613],[115.87276207600007,-7.1471869669999251],[115.87277110000002,-7.147186870999974],[115.87277119500004,-7.1471958839999274],[115.87278924300006,-7.1471956929999578],[115.87278933800008,-7.1472047059999682],[115.87279836200003,-7.1472046109999496],[115.87279845800003,-7.14721362399996],[115.8728074820001,-7.147213527999952],[115.87280757700012,-7.1472225409999623],[115.87281660100007,-7.1472224449999544],[115.87281669700008,-7.1472314579999647],[115.87282572000004,-7.1472313629999462],[115.87282581600005,-7.1472403759999565],[115.87285288700002,-7.147240088999979],[115.87285298300003,-7.1472491019999325],[115.87287103000006,-7.1472489109999628],[115.87287112600006,-7.1472579239999732],[115.87288917400008,-7.1472577329999467],[115.8728892690001,-7.147266745999957],[115.87289118800004,-7.1472667249999517],[115.87285175900001,-7.1469352149999281],[115.87281379800004,-7.1465824799999496]]]},"properties":{"OBJECTID":20532,"FID_mangrove_utm":20473,"OBJECTID_1":20473,"Name":"18102566,9293","FolderPath":"JATIM/JATIM","SymbolID":0,"AltMode":0,"Base":0,"Clamped":-1,"Extruded":0,"Snippet":"","PopupInfo":"\u003chtml xmlns:fo=\"http://www.w3.org/1999/XSL/Format\" xmlns:msxsl=\"urn:schemas-microsoft-com:xslt\"\u003e\n\u003chead\u003e\n\u003cMETA http-equiv=\"Content-Type\" content=\"text/html\"\u003e\n\u003cmeta http-equiv=\"content-type\" content=\"text/html; charset=UTF-8\"\u003e\n\u003c/head\u003e\n\u003cbody style=\"margin:0px 0px 0px 0px;overflow:auto;background:#FFFFFF;\"\u003e\n\u003ctable style=\"font-family:Arial,Verdana,Times;font-size:12px;text-align:left;width:100%;border-collapse:collapse;padding:3px 3px 3px 3px\"\u003e\n\u003ctr style=\"text-align:center;font-weight:bold;background:#9CBCE2\"\u003e\n\u003ctd\u003e18102566,9293\u003c/td\u003e\n\u003c/tr\u003e\n\u003ctr\u003e\n\u003ctd\u003e\n\u003ctable style=\"font-family:Arial,Verdana,Times;font-size:12px;text-align:left;width:100%;border-spacing:0px; padding:3px 3px 3px 3px\"\u003e\n\u003ctr\u003e\n\u003ctd\u003eFID\u003c/td\u003e\n\u003ctd\u003e0\u003c/td\u003e\n\u003c/tr\u003e\n\u003ctr bgcolor=\"#D4E4F3\"\u003e\n\u003ctd\u003eShape_Leng\u003c/td\u003e\n\u003ctd\u003e18102566,9293\u003c/td\u003e\n\u003c/tr\u003e\n\u003c/table\u003e\n\u003c/td\u003e\n\u003c/tr\u003e\n\u003c/table\u003e\n\u003c/body\u003e\u003cscript type=\"text/javascript\"\u003e\n\t\t\t\tfunction changeImage(attElement, nameElement) {\n\t\t\t\tdocument.getElementById('imageAttachment').src = attElement;\n\t\t\t\tdocument.getElementById('imageName').innerHTML = nameElement;}\n\t\t\t\u003c/script\u003e\u003c/html\u003e\n","FID_active_grids":125,"GridID":"O62","Shape_Length":0.0017044285028441331,"Shape_Area":3.6420692759743337e-08}},{"type":"Feature","id":20537,"geometry":{"type":"Polygon","coordinates":[[[115.87281089100009,-7.1465554689999635],[115.87280936800005,-7.1465413129999433],[115.87280951800005,-7.1465554829999292],[115.87281089100009,-7.1465554689999635]]]},"properties":{"OBJECTID":20537,"FID_mangrove_utm":20478,"OBJECTID_1":20478,"Name":"18102566,9293","FolderPath":"JATIM/JATIM","SymbolID":0,"AltMode":0,"Base":0,"Clamped":-1,"Extruded":0,"Snippet":"","PopupInfo":"\u003chtml xmlns:fo=\"http://www.w3.org/1999/XSL/Format\" xmlns:msxsl=\"urn:schemas-microsoft-com:xslt\"\u003e\n\u003chead\u003e\n\u003cMETA http-equiv=\"Content-Type\" content=\"text/html\"\u003e\n\u003cmeta http-equiv=\"content-type\" content=\"text/html; charset=UTF-8\"\u003e\n\u003c/head\u003e\n\u003cbody style=\"margin:0px 0px 0px 0px;overflow:auto;background:#FFFFFF;\"\u003e\n\u003ctable style=\"font-family:Arial,Verdana,Times;font-size:12px;text-align:left;width:100%;border-collapse:collapse;padding:3px 3px 3px 3px\"\u003e\n\u003ctr style=\"text-align:center;font-weight:bold;background:#9CBCE2\"\u003e\n\u003ctd\u003e18102566,9293\u003c/td\u003e\n\u003c/tr\u003e\n\u003ctr\u003e\n\u003ctd\u003e\n\u003ctable style=\"font-family:Arial,Verdana,Times;font-size:12px;text-align:left;width:100%;border-spacing:0px; padding:3px 3px 3px 3px\"\u003e\n\u003ctr\u003e\n\u003ctd\u003eFID\u003c/td\u003e\n\u003ctd\u003e0\u003c/td\u003e\n\u003c/tr\u003e\n\u003ctr bgcolor=\"#D4E4F3\"\u003e\n\u003ctd\u003eShape_Leng\u003c/td\u003e\n\u003ctd\u003e18102566,9293\u003c/td\u003e\n\u003c/tr\u003e\n\u003c/table\u003e\n\u003c/td\u003e\n\u003c/tr\u003e\n\u003c/table\u003e\n\u003c/body\u003e\u003cscript type=\"text/javascript\"\u003e\n\t\t\t\tfunction changeImage(attElement, nameElement) {\n\t\t\t\tdocument.getElementById('imageAttachment').src = attElement;\n\t\t\t\tdocument.getElementById('imageName').innerHTML = nameElement;}\n\t\t\t\u003c/script\u003e\u003c/html\u003e\n","FID_active_grids":125,"GridID":"O62","Shape_Length":2.9781557026725945e-05,"Shape_Area":9.7287552136695929e-12}},{"type":"Feature","id":20574,"geometry":{"type":"Polygon","coordinates":[[[115.87279142300008,-7.1463745709999671],[115.87276591500006,-7.1462674969999398],[115.87276133700004,-7.1462675449999438],[115.87276143300005,-7.1462765579999541],[115.8727524090001,-7.146276653999962],[115.87275260000001,-7.1462946799999258],[115.87274357700005,-7.1462947759999338],[115.87274376800008,-7.1463128019999544],[115.87273474400001,-7.146312896999973],[115.87273512700006,-7.1463489489999574],[115.87272610400009,-7.1463490449999654],[115.87272648600003,-7.1463850969999498],[115.8727355100001,-7.1463850009999419],[115.87273570100001,-7.1464030269999625],[115.87274472500008,-7.146402931999944],[115.87274501200011,-7.146429970999975],[115.87276306000001,-7.1464297789999591],[115.87276315500003,-7.1464387919999695],[115.87278120300005,-7.146438600999943],[115.87278139400007,-7.1464566269999636],[115.87279041800002,-7.1464565319999451],[115.87279051400003,-7.1464655449999555],[115.87279953700011,-7.1464654489999475],[115.87279963300011,-7.1464744619999578],[115.87280217000011,-7.1464744349999592],[115.87279142300008,-7.1463745709999671]]]},"properties":{"OBJECTID":20574,"FID_mangrove_utm":20515,"OBJECTID_1":20515,"Name":"18102566,9293","FolderPath":"JATIM/JATIM","SymbolID":0,"AltMode":0,"Base":0,"Clamped":-1,"Extruded":0,"Snippet":"","PopupInfo":"\u003chtml xmlns:fo=\"http://www.w3.org/1999/XSL/Format\" xmlns:msxsl=\"urn:schemas-microsoft-com:xslt\"\u003e\n\u003chead\u003e\n\u003cMETA http-equiv=\"Content-Type\" content=\"text/html\"\u003e\n\u003cmeta http-equiv=\"content-type\" content=\"text/html; charset=UTF-8\"\u003e\n\u003c/head\u003e\n\u003cbody style=\"margin:0px 0px 0px 0px;overflow:auto;background:#FFFFFF;\"\u003e\n\u003ctable style=\"font-family:Arial,Verdana,Times;font-size:12px;text-align:left;width:100%;border-collapse:collapse;padding:3px 3px 3px 3px\"\u003e\n\u003ctr style=\"text-align:center;font-weight:bold;background:#9CBCE2\"\u003e\n\u003ctd\u003e18102566,9293\u003c/td\u003e\n\u003c/tr\u003e\n\u003ctr\u003e\n\u003ctd\u003e\n\u003ctable style=\"font-family:Arial,Verdana,Times;font-size:12px;text-align:left;width:100%;border-spacing:0px; padding:3px 3px 3px 3px\"\u003e\n\u003ctr\u003e\n\u003ctd\u003eFID\u003c/td\u003e\n\u003ctd\u003e0\u003c/td\u003e\n\u003c/tr\u003e\n\u003ctr bgcolor=\"#D4E4F3\"\u003e\n\u003ctd\u003eShape_Leng\u003c/td\u003e\n\u003ctd\u003e18102566,9293\u003c/td\u003e\n\u003c/tr\u003e\n\u003c/table\u003e\n\u003c/td\u003e\n\u003c/tr\u003e\n\u003c/table\u003e\n\u003c/body\u003e\u003cscript type=\"text/javascript\"\u003e\n\t\t\t\tfunction changeImage(attElement, nameElement) {\n\t\t\t\tdocument.getElementById('imageAttachment').src = attElement;\n\t\t\t\tdocument.getElementById('imageName').innerHTML = nameElement;}\n\t\t\t\u003c/script\u003e\u003c/html\u003e\n","FID_active_grids":125,"GridID":"O62","Shape_Length":0.00053322818553982478,"Shape_Area":8.0243917928400011e-09}},{"type":"Feature","id":20631,"geometry":{"type":"Polygon","coordinates":[[[115.85572057800005,-7.1460871809999276],[115.85572067200007,-7.1460961949999273],[115.85571164800001,-7.1460962899999458],[115.85571174400002,-7.1461053029999562],[115.85570272000007,-7.1461053979999747],[115.85570281500009,-7.1461144119999744],[115.85569379100002,-7.1461145069999361],[115.85569388700003,-7.1461235199999464],[115.85568486300008,-7.146123614999965],[115.8556849580001,-7.1461326289999647],[115.85566691000008,-7.1461328189999449],[115.85566700600009,-7.1461418319999552],[115.85565798200003,-7.1461419279999632],[115.85565807700004,-7.1461509409999735],[115.85564905300009,-7.1461510359999352],[115.8556491490001,-7.1461600489999455],[115.85563110100009,-7.146160239999972],[115.8556311960001,-7.1461692529999254],[115.85562217200004,-7.146169347999944],[115.85562226700006,-7.1461783619999437],[115.8556132440001,-7.1461784569999622],[115.85561343400002,-7.146196482999926],[115.85560441000007,-7.1461965779999446],[115.8556046010001,-7.1462146049999546],[115.85558655300008,-7.1462147949999348],[115.85558664900009,-7.1462238089999346],[115.85557762500002,-7.1462239039999531],[115.85557772000004,-7.1462329169999634],[115.85556869600009,-7.1462330119999251],[115.8555687920001,-7.1462420259999249],[115.85555074400008,-7.1462422159999619],[115.8555508390001,-7.1462512289999722],[115.85554181500004,-7.1462513249999802],[115.85554191100005,-7.1462603379999337],[115.85553288700009,-7.1462604329999522],[115.85553307700002,-7.1462784599999623],[115.85552405300007,-7.1462785549999808],[115.85552414900008,-7.1462875679999343],[115.85551512500001,-7.1462876629999528],[115.85551531600004,-7.1463056899999629],[115.85549726800002,-7.146305879999943],[115.85549736300004,-7.1463148939999428],[115.85548833900009,-7.1463149889999613],[115.85548853000012,-7.1463330149999251],[115.8554704820001,-7.1463332059999516],[115.85547067300001,-7.1463512319999722],[115.85546164900006,-7.1463513279999802],[115.85546174400008,-7.1463603409999337],[115.85545272000002,-7.1463604359999522],[115.85545291100004,-7.1463784619999728],[115.85544388700009,-7.1463785579999808],[115.8554439830001,-7.1463875709999343],[115.85543495900004,-7.1463876659999528],[115.85543505400005,-7.1463966789999631],[115.8554260300001,-7.1463967749999711],[115.85542631600003,-7.1464238139999452],[115.85541729200008,-7.1464239099999531],[115.85541738800009,-7.1464329229999635],[115.85540836400003,-7.1464330179999251],[115.85540845900005,-7.1464420309999355],[115.85539943500009,-7.1464421269999434],[115.85539962600001,-7.1464601529999641],[115.85539060200006,-7.1464602479999257],[115.85539069700008,-7.1464692619999255],[115.85538167300001,-7.146469356999944],[115.85538176900002,-7.1464783699999543],[115.85537274500007,-7.1464784649999729],[115.85537284000009,-7.1464874789999726],[115.85536381600002,-7.1464875739999343],[115.85536400700005,-7.1465055999999549],[115.8553549830001,-7.1465056959999629],[115.85535507800012,-7.1465147089999732],[115.85534605400005,-7.1465148039999349],[115.85534615000006,-7.1465238169999452],[115.85533712600011,-7.1465239129999532],[115.85533722100001,-7.1465329259999635],[115.85531917300011,-7.1465331159999437],[115.85531936400002,-7.1465511429999538],[115.85530131600001,-7.1465513329999339],[115.85530141200002,-7.1465603459999443],[115.85528336400012,-7.1465605369999707],[115.85528345900002,-7.1465695499999811],[115.85527443500007,-7.1465696449999427],[115.85527453100008,-7.1465786589999425],[115.85526550700001,-7.146578753999961],[115.85526560200003,-7.1465877669999713],[115.85525657800008,-7.146587861999933],[115.85525676900011,-7.1466058889999431],[115.85524774500004,-7.1466059839999616],[115.85524784000006,-7.1466149969999719],[115.85523881600011,-7.1466150929999799],[115.85523891200012,-7.1466241059999334],[115.85522988800005,-7.1466242009999519],[115.85522998300007,-7.1466332139999622],[115.85522095900001,-7.1466333099999702],[115.85522105500002,-7.1466423229999805],[115.85521203100006,-7.1466424179999422],[115.8552122210001,-7.1466604449999522],[115.85519417400008,-7.1466606349999324],[115.85519446000001,-7.1466876749999528],[115.85518543600006,-7.1466877699999714],[115.85518562600009,-7.1467057969999814],[115.85517660200003,-7.1467058919999431],[115.85517688900006,-7.1467329319999635],[115.85516786500011,-7.1467330269999252],[115.85516853200011,-7.1467961189999301],[115.85515950800004,-7.146796214999938],[115.85515979400009,-7.146823253999969],[115.85515077000002,-7.1468233499999769],[115.85515096100005,-7.1468413759999407],[115.85513291300003,-7.1468415669999672],[115.85513300900004,-7.1468505799999775],[115.85512398500009,-7.1468506749999392],[115.85512417500001,-7.1468687019999493],[115.8551061280001,-7.1468688919999295],[115.85510603200009,-7.146859878999976],[115.85509700800003,-7.1468599739999377],[115.85509710400004,-7.146868986999948],[115.85508808000009,-7.1468690829999559],[115.85508827000001,-7.1468871089999766],[115.85507924700005,-7.1468872039999383],[115.85507934200007,-7.146896217999938],[115.8550522700001,-7.1468965029999367],[115.85505236500001,-7.1469055169999365],[115.85504334100006,-7.146905611999955],[115.85504343700006,-7.1469146249999653],[115.85503441300011,-7.146914719999927],[115.85503450800002,-7.1469237339999268],[115.85502548400007,-7.1469238289999453],[115.85502558000007,-7.1469328419999556],[115.85501655600001,-7.1469329369999741],[115.85501665100003,-7.1469419509999739],[115.85500762700008,-7.1469420459999355],[115.85500772300009,-7.1469510589999459],[115.85499869900002,-7.1469511539999644],[115.85499898500007,-7.146978193999928],[115.85498996100011,-7.1469782889999465],[115.85499005600002,-7.1469873029999462],[115.85498103200007,-7.1469873979999647],[115.8549812230001,-7.1470054239999286],[115.85497219900003,-7.1470055189999471],[115.85497239000006,-7.1470235459999572],[115.85496336600011,-7.1470236409999757],[115.85496346100001,-7.1470326539999292],[115.85494541300011,-7.1470328449999556],[115.85494560400002,-7.1470508709999763],[115.85493658000007,-7.1470509669999274],[115.85493667500009,-7.1470599799999377],[115.85492765100003,-7.1470600749999562],[115.85492774700003,-7.1470690879999665],[115.85491872300008,-7.1470691839999745],[115.8549188180001,-7.147078196999928],[115.85490979400004,-7.1470782919999465],[115.85490989000004,-7.1470873049999568],[115.85490086600009,-7.1470874009999648],[115.85490105600002,-7.1471054269999286],[115.85489203300006,-7.1471055219999471],[115.85489212800007,-7.1471145359999468],[115.85488310400001,-7.1471146309999654],[115.85488319900003,-7.1471236439999757],[115.85486515100001,-7.1471238349999453],[115.85486524700002,-7.1471328479999556],[115.85485622300007,-7.1471329429999741],[115.8548564140001,-7.1471509699999274],[115.85484739000003,-7.1471510649999459],[115.85484748500005,-7.1471600779999562],[115.8548384610001,-7.1471601729999747],[115.85483865200001,-7.147178199999928],[115.85482962800006,-7.1471782949999465],[115.85482972300008,-7.1471873079999568],[115.85482069900002,-7.1471874039999648],[115.85482079500002,-7.1471964169999751],[115.85481177100007,-7.1471965119999368],[115.85481186600009,-7.1472055249999471],[115.85479381800008,-7.1472057159999736],[115.85479391300009,-7.147214728999927],[115.85478489000002,-7.1472148239999456],[115.85478498500004,-7.1472238379999453],[115.85476693700002,-7.1472240279999255],[115.85476684200012,-7.147215014999972],[115.85473977000004,-7.1472153009999602],[115.85473967400003,-7.1472062869999604],[115.85467650700002,-7.1472069539999552],[115.85467660200004,-7.1472159669999655],[115.85463148200006,-7.1472164439999801],[115.85463157800007,-7.1472254569999336],[115.85462255400012,-7.1472255519999521],[115.85462264900002,-7.1472345649999625],[115.85461362500007,-7.1472346609999704],[115.85461353000005,-7.1472256469999706],[115.8546045060001,-7.1472257429999786],[115.85460460100001,-7.1472347559999321],[115.8545865530001,-7.1472349459999691],[115.85458664900011,-7.1472439599999689],[115.8545686010001,-7.1472441499999491],[115.85456869600011,-7.1472531629999594],[115.85455967200005,-7.1472532589999673],[115.85455986300008,-7.1472712849999311],[115.85454181500006,-7.1472714759999576],[115.85454200600009,-7.1472895019999783],[115.85453298200002,-7.1472895969999399],[115.85453307700004,-7.1472986109999397],[115.85451502900003,-7.1472988009999767],[115.85451531500007,-7.1473258409999403],[115.85450629100001,-7.1473259359999588],[115.85450638700001,-7.1473349489999691],[115.85449736300006,-7.1473350449999771],[115.85449764900011,-7.1473620839999512],[115.85448862500004,-7.1473621799999592],[115.85448929200004,-7.147425271999964],[115.8544983160001,-7.1474251769999455],[115.85449841200011,-7.1474341899999558],[115.85451646000001,-7.1474339999999756],[115.85451655500003,-7.1474430129999291],[115.8545255790001,-7.1474429179999674],[115.85452577000001,-7.1474609439999313],[115.85454381800002,-7.1474607539999511],[115.85454391300004,-7.1474697669999614],[115.85455293700011,-7.1474696719999429],[115.85455303200001,-7.1474786849999532],[115.85456205600008,-7.1474785899999347],[115.85456215200009,-7.147487602999945],[115.8545802000001,-7.1474874119999754],[115.85458048600003,-7.147514451999939],[115.8545895100001,-7.1475143569999773],[115.85458970000002,-7.1475323829999411],[115.85458067600007,-7.147532478999949],[115.8545808670001,-7.1475505049999697],[115.85459891500011,-7.1475503149999327],[115.85459910600002,-7.1475683409999533],[115.85459008200007,-7.1475684359999718],[115.8545902730001,-7.1475864629999251],[115.85458124900003,-7.1475865579999436],[115.85458134400005,-7.1475955709999539],[115.8545723200001,-7.1475956669999618],[115.85457279700006,-7.1476407329999461],[115.85456377300011,-7.1476408279999646],[115.85456425000007,-7.1476858939999488],[115.85455522600012,-7.1476859899999567],[115.85455570300007,-7.147731055999941],[115.85454667900001,-7.1477311509999595],[115.85454677400003,-7.1477401639999698],[115.85453775000008,-7.1477402599999778],[115.85453841800006,-7.1478033519999258],[115.85452939400011,-7.1478034479999337],[115.85452996600009,-7.1478575269999283],[115.85452094200002,-7.1478576219999468],[115.85452160900002,-7.1479207149999411],[115.85451258600006,-7.1479208099999596],[115.85451296700001,-7.1479568629999335],[115.85450394300005,-7.147956957999952],[115.85450403800007,-7.1479659719999518],[115.85449501400001,-7.1479660669999703],[115.85449530100004,-7.1479931069999338],[115.85448627700009,-7.1479932019999524],[115.85448656300002,-7.1480202419999728],[115.85447753900007,-7.1480203369999344],[115.85447782500012,-7.1480473769999548],[115.85446880100005,-7.1480474719999734],[115.85446937300003,-7.1481015509999679],[115.85446034900008,-7.1481016469999759],[115.8544605400001,-7.1481196729999397],[115.85446956400006,-7.148119577999978],[115.85447032700006,-7.1481916839999258],[115.85447935100001,-7.1481915889999641],[115.85447954200004,-7.1482096149999279],[115.85448856500011,-7.1482095199999662],[115.85448894700005,-7.1482455729999401],[115.85449797100011,-7.1482454779999784],[115.85449825700005,-7.1482725169999526],[115.85450728100011,-7.1482724219999341],[115.85450747200002,-7.1482904489999441],[115.85449844800007,-7.1482905439999627],[115.85449892500003,-7.1483356099999469],[115.85448990100008,-7.1483357049999654],[115.85449018700001,-7.148362744999929],[115.85448116300006,-7.1483628399999475],[115.85448135400009,-7.1483808669999576],[115.85449037800004,-7.148380771999939],[115.8544907590001,-7.1484168249999698],[115.85448173500004,-7.1484169199999315],[115.85448230700001,-7.148470998999926],[115.85450035500003,-7.1484708089999458],[115.85450054600005,-7.1484888349999665],[115.8544915220001,-7.1484889299999281],[115.85449142700008,-7.1484799169999746],[115.85448240300002,-7.1484800119999363],[115.85448268900006,-7.1485070519999567],[115.85449171300002,-7.1485069569999382],[115.85449190400004,-7.1485249829999589],[115.85447385600003,-7.1485251739999285],[115.85447376000002,-7.148516160999975],[115.85445571200012,-7.1485163509999552],[115.8544556170001,-7.1485073379999449],[115.85440147300005,-7.148507909999978],[115.85440156800007,-7.1485169229999315],[115.85432937700011,-7.1485176849999448],[115.85432947200002,-7.1485266979999551],[115.8542933760001,-7.1485270789999618],[115.85429328100008,-7.1485180659999514],[115.85428425700002,-7.14851816099997],[115.85428416100001,-7.1485091479999596],[115.85429318500007,-7.1485090529999411],[115.85429309000006,-7.1485000389999414],[115.8542840660001,-7.1485001349999493],[115.85428339800001,-7.148437041999955],[115.85429242200007,-7.1484369469999365],[115.85429204100001,-7.1484008939999626],[115.85430106500007,-7.1484007979999546],[115.85430087400005,-7.148382771999934],[115.85430989800011,-7.1483826769999723],[115.85430980300009,-7.1483736629999726],[115.85431882700004,-7.148373567999954],[115.85431873100003,-7.1483645549999437],[115.8543277550001,-7.1483644599999252],[115.85432737400004,-7.1483284069999513],[115.85431835000009,-7.1483285019999698],[115.85431825400008,-7.1483194889999595],[115.85430923000001,-7.148319583999978],[115.85430913500011,-7.1483105709999677],[115.85430011100004,-7.1483106659999294],[115.85430001600002,-7.1483016529999759],[115.85429099200007,-7.1483017479999376],[115.85429089600007,-7.1482927349999272],[115.85428187200012,-7.1482928299999458],[115.8542817770001,-7.1482838169999354],[115.85424568100007,-7.1482841979999421],[115.85424558600005,-7.1482751849999318],[115.85418241800005,-7.1482758509999371],[115.85418232300003,-7.1482668379999268],[115.85417329900008,-7.1482669329999453],[115.85417320300007,-7.148257919999935],[115.85416417900001,-7.1482580149999535],[115.8541640840001,-7.1482490019999432],[115.85410994000006,-7.1482495739999763],[115.85410984500004,-7.1482405599999765],[115.85410082100009,-7.1482406559999276],[115.85410072500008,-7.1482316419999279],[115.85409170100002,-7.1482317379999358],[115.85409179700002,-7.1482407509999462],[115.85406472500006,-7.1482410369999343],[115.85406462900005,-7.1482320229999345],[115.8540556050001,-7.1482321189999425],[115.85405551000008,-7.1482231049999427],[115.85404648600002,-7.1482232009999507],[115.85404639100011,-7.1482141869999509],[115.85403736700005,-7.1482142829999589],[115.85403727100004,-7.1482052689999591],[115.85402824700009,-7.1482053649999671],[115.85402805700005,-7.148187337999957],[115.8540190330001,-7.1481874329999755],[115.85401874700005,-7.1481603939999445],[115.85400069900004,-7.1481605839999816],[115.85400060300003,-7.1481515709999712],[115.85397353100007,-7.1481518569999594],[115.85397343600005,-7.1481428429999596],[115.8539644120001,-7.1481429389999676],[115.85396431700008,-7.1481339249999678],[115.85394626900006,-7.1481341159999374],[115.85394617300005,-7.1481251029999271],[115.8539371490001,-7.1481251979999456],[115.85393705400008,-7.1481161849999353],[115.85388291000004,-7.148116755999979],[115.85388281500002,-7.1481077429999687],[115.85382867100009,-7.1481083139999555],[115.85382876600011,-7.1481173279999553],[115.85380169400003,-7.148117612999954],[115.85380179000003,-7.1481266269999537],[115.85379276600008,-7.1481267219999722],[115.8537928610001,-7.1481357349999257],[115.85377481300009,-7.1481359259999522],[115.8537749080001,-7.1481449389999625],[115.85376588400004,-7.148145033999981],[115.85376598000005,-7.1481540469999345],[115.8537569560001,-7.1481541429999425],[115.85375714600002,-7.1481721689999631],[115.85374812200007,-7.1481722639999248],[115.85374821800008,-7.1481812779999814],[115.85373919400001,-7.1481813729999431],[115.85373928900003,-7.1481903859999534],[115.85373026500008,-7.1481904809999719],[115.85373055100001,-7.1482175209999355],[115.85371250300011,-7.1482177119999619],[115.85371278900004,-7.1482447509999361],[115.85370376500009,-7.148244846999944],[115.85370414700003,-7.1482808999999747],[115.85369512300008,-7.1482809949999364],[115.85369531400011,-7.1482990209999571],[115.85368629000004,-7.148299116999965],[115.85368638500006,-7.1483081299999753],[115.85367736100011,-7.148308224999937],[115.85367783800007,-7.1483532909999781],[115.85366881400012,-7.1483533869999292],[115.85366910000005,-7.1483804259999602],[115.8536600760001,-7.1483805219999681],[115.85366017100012,-7.1483895349999784],[115.85365114700005,-7.1483896299999401],[115.85365181500003,-7.1484527229999344],[115.85364279100008,-7.1484528179999529],[115.85364345800008,-7.1485159109999472],[115.85363443400001,-7.1485160059999657],[115.85363481600007,-7.1485520589999396],[115.85362579200012,-7.1485521549999476],[115.85362598200004,-7.1485701809999682],[115.85361695800009,-7.1485702759999299],[115.85361714900012,-7.14858830299994],[115.85360812500005,-7.1485883979999585],[115.85360831600008,-7.1486064249999686],[115.85359026800006,-7.1486066149999488],[115.85359036300008,-7.1486156279999591],[115.85358133900002,-7.148615723999967],[115.85358153000004,-7.1486337499999308],[115.85356348200003,-7.1486339409999573],[115.85356453100007,-7.1487330859999361],[115.85357355500003,-7.1487329909999744],[115.85357374600005,-7.1487510179999276],[115.85358277000012,-7.1487509219999765],[115.85358286500002,-7.1487599359999763],[115.85359188900009,-7.1487598399999683],[115.85359217500002,-7.1487868799999319],[115.85361022300003,-7.1487866899999517],[115.85361079500001,-7.1488407689999462],[115.85361981900007,-7.1488406739999277],[115.8536200100001,-7.1488587009999378],[115.85362903400005,-7.1488586049999299],[115.85362922500008,-7.1488766319999399],[115.85363824900003,-7.1488765369999783],[115.85363834400005,-7.1488855499999318],[115.8536293200001,-7.1488856449999503],[115.8536294160001,-7.1488946579999606],[115.85363844000005,-7.1488945629999421],[115.85363853500007,-7.1489035759999524],[115.85364755900002,-7.1489034809999339],[115.85364765400004,-7.1489124939999442],[115.85365667800011,-7.1489123989999257],[115.85365677400011,-7.148921411999936],[115.85368384600008,-7.1489211269999373],[115.8536839410001,-7.1489301399999476],[115.85370198900011,-7.148929948999978],[115.85370218000003,-7.1489479759999313],[115.85371120400009,-7.1489478809999696],[115.85371129900011,-7.1489568939999799],[115.85372934700001,-7.1489567029999534],[115.85372944200003,-7.1489657169999532],[115.85374749000005,-7.1489655259999267],[115.85374758600005,-7.1489745389999371],[115.85376563400007,-7.1489743489999569],[115.85376553800006,-7.1489653359999465],[115.85377456200001,-7.1489652399999386],[115.85377446700011,-7.1489562269999283],[115.85378349100006,-7.1489561319999666],[115.85378368200008,-7.1489741579999304],[115.8538017300001,-7.1489739679999502],[115.85380182500001,-7.1489829809999605],[115.85381084900007,-7.148982885999942],[115.85381094500008,-7.1489918989999524],[115.85381996900003,-7.1489918039999338],[115.85382006400005,-7.1490008169999442],[115.85384713600001,-7.149000530999956],[115.85384723100003,-7.1490095439999664],[115.8538562550001,-7.1490094489999478],[115.85385663700004,-7.1490455019999786],[115.8538656610001,-7.1490454069999601],[115.85386623300008,-7.149099486999944],[115.85387525700003,-7.1490993909999361],[115.85387582900012,-7.1491534709999769],[115.85388485300007,-7.1491533759999584],[115.85388504400009,-7.149171401999979],[115.85389406800005,-7.1491713069999605],[115.85389416300006,-7.1491803199999708],[115.85390318700001,-7.1491802249999523],[115.85390328300002,-7.1491892379999626],[115.85392133100004,-7.1491890469999362],[115.85392142600006,-7.1491980609999359],[115.85393947400007,-7.1491978699999663],[115.85393957000008,-7.1492068829999766],[115.85394859400003,-7.1492067879999581],[115.85394868900005,-7.1492158009999685],[115.85395771300011,-7.1492157059999499],[115.85395780800002,-7.1492247189999603],[115.85396683200008,-7.1492246239999417],[115.85396692800009,-7.1492336369999521],[115.85397595200004,-7.1492335419999335],[115.85397604700006,-7.1492425549999439],[115.85398507100001,-7.1492424599999254],[115.85398516600003,-7.1492514729999357],[115.85399419000009,-7.149251377999974],[115.8539942860001,-7.1492603909999275],[115.85400331000005,-7.1492602959999658],[115.85400340500007,-7.1492693089999761],[115.85401242900002,-7.1492692139999576],[115.85401252500003,-7.149278226999968],[115.85402154900009,-7.1492781319999494],[115.85402173900002,-7.1492961589999595],[115.85403978700003,-7.1492959679999331],[115.85403988300004,-7.1493049809999434],[115.85404890700011,-7.1493048859999249],[115.8540488110001,-7.1492958729999714],[115.85405783500005,-7.1492957779999529],[115.85405774000003,-7.1492867639999531],[115.85406676400009,-7.1492866689999346],[115.85406666900008,-7.1492776559999811],[115.85408471700009,-7.1492774649999546],[115.85408462100008,-7.1492684519999443],[115.85409364500003,-7.1492683569999258],[115.85409355000002,-7.149259342999926],[115.85411159800003,-7.1492591529999459],[115.85411150200002,-7.1492501399999355],[115.85418369400008,-7.1492493779999791],[115.85418359900007,-7.1492403639999793],[115.85419262300002,-7.1492402689999608],[115.85419252800011,-7.1492312559999505],[115.85420155200006,-7.1492311609999319],[115.85420164700008,-7.1492401739999423],[115.85422871900005,-7.1492398879999541],[115.85422881400007,-7.1492489009999645],[115.8542649100001,-7.1492485199999578],[115.85426481500008,-7.1492395069999475],[115.85427383900003,-7.149239411999929],[115.85427374400001,-7.1492303979999292],[115.85428276800008,-7.1492303029999675],[115.85428267200007,-7.1492212899999572],[115.85429169600002,-7.1492211949999387],[115.85429160100011,-7.1492121809999389],[115.85430062500006,-7.1492120859999773],[115.85430072000008,-7.1492210989999307],[115.85430974400003,-7.1492210039999691],[115.85430984000004,-7.1492300169999794],[115.85430081600009,-7.1492301129999305],[115.85430091100011,-7.1492391259999408],[115.85428286300009,-7.1492393159999779],[115.85428305400001,-7.1492573429999311],[115.85427403000006,-7.1492574379999496],[115.8542743160001,-7.14928447799997],[115.85422919600001,-7.1492849539999384],[115.85422929100002,-7.1492939669999487],[115.85422026700007,-7.1492940629999566],[115.85422074400003,-7.1493391289999408],[115.85424781600011,-7.1493388429999527],[115.85424800700002,-7.1493568699999628],[115.85425703100009,-7.1493567739999548],[115.85425712600011,-7.1493657879999546],[115.85426615000006,-7.1493656919999466],[115.85426586400001,-7.1493386529999725],[115.85428391200003,-7.149338461999946],[115.85428372100012,-7.1493204359999254],[115.85429274500007,-7.1493203399999743],[115.85429236400012,-7.1492842869999436],[115.85428334000005,-7.1492843829999515],[115.85428324500003,-7.1492753689999518],[115.8542922690001,-7.1492752739999332],[115.85429217300009,-7.1492662609999797],[115.85431022100011,-7.1492660699999533],[115.85430993500006,-7.1492390309999791],[115.85431895900001,-7.1492389349999712],[115.85431886400011,-7.1492299219999609],[115.85433691200001,-7.1492297309999344],[115.85433700700003,-7.1492387449999342],[115.85436407900011,-7.149238458999946],[115.85436436500004,-7.1492654989999664],[115.8543733890001,-7.1492654029999585],[115.85437377100004,-7.1493014559999324],[115.85438279500011,-7.1493013609999707],[115.85438308100004,-7.1493284009999343],[115.85437405700009,-7.1493284959999528],[115.8543741520001,-7.1493375089999631],[115.85438317600006,-7.1493374139999446],[115.85438327200006,-7.1493464269999549],[115.85437424800011,-7.1493465229999629],[115.85437434300002,-7.1493555359999732],[115.85431117500002,-7.149356202999968],[115.85431127000004,-7.1493652159999783],[115.85430224600009,-7.14936531099994],[115.85430243700011,-7.1493833379999501],[115.85429341300005,-7.1493834329999686],[115.8542937950001,-7.1494194859999425],[115.85430281900005,-7.1494193909999808],[115.85430329600001,-7.149464456999965],[115.85431232000008,-7.1494643619999465],[115.85431241500009,-7.1494733749999568],[115.85432143900005,-7.1494732799999383],[115.85432153400006,-7.1494822929999486],[115.85433055800002,-7.1494821979999301],[115.85433074900004,-7.1495002239999508],[115.85433977300011,-7.1495001289999323],[115.85433986900011,-7.1495091419999426],[115.85435791700002,-7.1495089519999624],[115.85435801200003,-7.1495179649999727],[115.85437606000005,-7.1495177739999463],[115.85437615500007,-7.149526787999946],[115.85438517900002,-7.1495266919999381],[115.85438508400011,-7.1495176789999277],[115.85440313200002,-7.1495174879999581],[115.85440322700003,-7.1495265019999579],[115.85442127500005,-7.1495263109999314],[115.85442118000003,-7.1495172979999779],[115.85444825200011,-7.1495170119999329],[115.85444815700009,-7.1495079989999795],[115.85446620500011,-7.149507807999953],[115.85446630000001,-7.1495168219999528],[115.85455654000009,-7.1495158689999698],[115.85455682600002,-7.149542907999944],[115.85453877800001,-7.1495430989999704],[115.85453896900003,-7.1495611259999805],[115.8545479930001,-7.1495610299999726],[115.85454818400001,-7.1495790569999258],[115.85452111200004,-7.1495793429999708],[115.85452130200008,-7.1495973689999346],[115.85451227800002,-7.1495974639999531],[115.85451246900004,-7.1496154909999632],[115.85450344500009,-7.1496155859999249],[115.8545035410001,-7.1496245989999352],[115.85449451700003,-7.1496246949999431],[115.85449470700007,-7.1496427209999638],[115.85448568300001,-7.1496428159999255],[115.85448616000008,-7.1496878829999559],[115.85449518400003,-7.149687786999948],[115.85449528000004,-7.1496968009999478],[115.85452235200012,-7.1496965149999596],[115.85452254300003,-7.1497145409999803],[115.85454059100005,-7.1497143509999432],[115.85454068600006,-7.1497233639999536],[115.85455873400008,-7.1497231729999271],[115.8545588290001,-7.1497321869999269],[115.85456785300005,-7.1497320909999758],[115.85456794900006,-7.1497411049999755],[115.85458599700007,-7.149740913999949],[115.85458609200009,-7.1497499269999594],[115.85460414000011,-7.1497497369999792],[115.85460423600011,-7.1497587499999327],[115.85462228400002,-7.149758558999963],[115.85462218800001,-7.1497495459999527],[115.85461316400006,-7.1497496409999712],[115.85461306900004,-7.1497406279999609],[115.85460404500009,-7.1497407229999794],[115.85460394900008,-7.1497317099999691],[115.85458590100006,-7.1497319009999387],[115.85458580600005,-7.1497228879999284],[115.85457678200009,-7.1497229829999469],[115.85457668700008,-7.1497139699999366],[115.85456766300001,-7.1497140649999551],[115.8545674720001,-7.149696037999945],[115.85457649600005,-7.1496959429999265],[115.85457592300008,-7.149641863999932],[115.85458494700003,-7.1496417679999809],[115.85458485200002,-7.1496327549999705],[115.85460290000003,-7.1496325649999335],[115.85460270900001,-7.1496145379999803],[115.85459368500005,-7.1496146329999419],[115.85459349400003,-7.1495966069999781],[115.85460251800009,-7.1495965119999596],[115.85460242300007,-7.1495874979999599],[115.85462949500004,-7.1495872119999717],[115.85462940000002,-7.1495781989999614],[115.85464744800004,-7.1495780089999812],[115.85464735200003,-7.1495689949999814],[115.85466540000004,-7.1495688049999444],[115.85466530500003,-7.1495597919999341],[115.85471944900007,-7.1495592199999578],[115.85471954400009,-7.1495682329999681],[115.85473759200011,-7.1495680429999311],[115.85473749700009,-7.1495590289999313],[115.85474652100004,-7.1495589339999697],[115.85474642500003,-7.1495499209999593],[115.85475544900009,-7.1495498259999408],[115.85475525900006,-7.1495317989999307],[115.85476428300001,-7.1495317039999691],[115.85476418700011,-7.1495226909999587],[115.85475516300005,-7.1495227859999773],[115.85475506800003,-7.1495137729999669],[115.85472799600007,-7.1495140579999656],[115.85472790000006,-7.1495050449999553],[115.85471887600011,-7.1495051399999738],[115.85471878100009,-7.1494961269999635],[115.85470073300007,-7.1494963179999331],[115.85470082800009,-7.1495053309999435],[115.85469180400003,-7.149505425999962],[115.85469199500005,-7.1495234529999721],[115.85466492300009,-7.1495237389999602],[115.85466482800007,-7.1495147249999604],[115.8546377560001,-7.1495150109999486],[115.85463766100008,-7.1495059979999382],[115.85462863700002,-7.1495060929999568],[115.85462854100001,-7.1494970799999464],[115.85460146900004,-7.1494973659999346],[115.85460137400003,-7.1494883529999811],[115.85459235000008,-7.1494884479999428],[115.85459244500009,-7.1494974609999531],[115.85458342100003,-7.1494975559999716],[115.85458332600001,-7.1494885429999613],[115.85457430200006,-7.1494886379999798],[115.85457420600005,-7.1494796249999695],[115.85458323000012,-7.149479529999951],[115.85458294400007,-7.1494524899999305],[115.85459196800002,-7.1494523949999689],[115.85459187300012,-7.1494433819999585],[115.85460089700007,-7.1494432859999506],[115.85460070600004,-7.1494252599999299],[115.85463680200007,-7.1494248789999801],[115.85463670700005,-7.1494158659999698],[115.8546276830001,-7.1494159609999315],[115.8546275870001,-7.149406947999978],[115.85461856300003,-7.1494070429999397],[115.8546182770001,-7.1493800029999761],[115.85460925300004,-7.1493800979999378],[115.85460906200001,-7.149362071999974],[115.85460003800006,-7.1493621669999357],[115.85459994300004,-7.1493531539999253],[115.85456384700001,-7.149353534999932],[115.8545636560001,-7.1493355089999682],[115.85455463200003,-7.1493356039999298],[115.85455453700001,-7.1493265909999764],[115.8545184410001,-7.1493269719999262],[115.85451834500009,-7.1493179579999264],[115.85450932100002,-7.1493180539999344],[115.85450903500009,-7.1492910139999708],[115.85450001100003,-7.1492911089999325],[115.85449991600001,-7.149282095999979],[115.85449089200006,-7.1492821909999407],[115.85449060600001,-7.1492551519999665],[115.85449963000008,-7.1492550559999586],[115.85449924800002,-7.1492190029999279],[115.85450827200009,-7.1492189079999662],[115.85450798600004,-7.1491918679999458],[115.85452603400006,-7.1491916779999656],[115.85452612900008,-7.1492006909999759],[115.85457124900006,-7.1492002149999507],[115.85457115400004,-7.149191200999951],[115.85458017800011,-7.1491911059999325],[115.8545800820001,-7.149182092999979],[115.85460715400006,-7.149181806999934],[115.85460677300011,-7.1491457539999601],[115.85461579700006,-7.1491456589999416],[115.85461570100006,-7.1491366459999313],[115.85462472500001,-7.1491365499999802],[115.85462443900008,-7.1491095109999492],[115.85463346300003,-7.1491094149999412],[115.85463336800001,-7.1491004019999309],[115.85464239200007,-7.1491003069999692],[115.85464248700009,-7.1491093199999796],[115.85467858300001,-7.1491089389999729],[115.85467867900002,-7.1491179519999264],[115.85469672700003,-7.1491177619999462],[115.85469682200005,-7.1491267749999565],[115.85470584600012,-7.149126679999938],[115.85470613200005,-7.149153718999969],[115.85471515600011,-7.1491536239999505],[115.85471534700002,-7.1491716499999711],[115.85472437100009,-7.1491715549999526],[115.85472427600007,-7.1491625419999423],[115.85473330000002,-7.1491624469999806],[115.85473320400001,-7.1491534329999809],[115.85474222800008,-7.1491533379999623],[115.85474251400001,-7.1491803779999259],[115.85475153800007,-7.1491802829999642],[115.8547517290001,-7.149198308999928],[115.85476977700012,-7.1491981189999478],[115.85476987200002,-7.1492071319999582],[115.85477889600008,-7.1492070369999396],[115.85477918300001,-7.1492340759999706],[115.85478820700007,-7.1492339809999521],[115.85478830200009,-7.1492429939999624],[115.85479732600004,-7.1492428989999439],[115.85479751700007,-7.1492609249999646],[115.85480654100002,-7.1492608299999461],[115.85480663600003,-7.1492698429999564],[115.85482468400005,-7.1492696529999762],[115.85482478000006,-7.1492786659999297],[115.85484282800007,-7.1492784749999601],[115.85484292300009,-7.1492874889999598],[115.85485194700004,-7.1492873929999519],[115.85485213800007,-7.1493054199999619],[115.85486116200002,-7.1493053249999434],[115.85486135200006,-7.1493233509999641],[115.85487037600001,-7.1493232559999456],[115.85487056700003,-7.1493412819999662],[115.85488861500005,-7.1493410919999292],[115.85488890100009,-7.1493681309999602],[115.85489792500005,-7.1493680359999416],[115.85489802100005,-7.149377048999952],[115.85491606900007,-7.1493768589999718],[115.85491635500011,-7.1494038989999353],[115.85492537900006,-7.1494038029999274],[115.85492557000009,-7.1494218299999375],[115.85493459400004,-7.1494217339999295],[115.85493478500007,-7.1494397609999396],[115.85494380900002,-7.1494396659999779],[115.85494390400004,-7.1494486789999314],[115.85496195200005,-7.1494484879999618],[115.8549622380001,-7.1494755279999254],[115.85497126200005,-7.1494754329999637],[115.85497173900001,-7.1495204989999479],[115.85498076300007,-7.1495204039999294],[115.85498085900008,-7.1495294169999397],[115.85498988300003,-7.149529321999978],[115.85498997800005,-7.1495383349999315],[115.85499900200011,-7.1495382399999698],[115.85499909700002,-7.1495472529999802],[115.85500812100008,-7.1495471579999617],[115.85500821700009,-7.149556170999972],[115.85501724100004,-7.149556074999964],[115.85501733600006,-7.1495650889999638],[115.85502636000001,-7.1495649929999558],[115.85502664600006,-7.1495920329999763],[115.85503567000001,-7.1495919379999577],[115.85503576600001,-7.1496009509999681],[115.85505381400003,-7.149600760999931],[115.85505390900005,-7.1496097739999414],[115.85506293300011,-7.1496096779999334],[115.85506312400003,-7.1496277049999435],[115.85507214800009,-7.149627609999925],[115.85507224300011,-7.1496366229999353],[115.85508126700006,-7.1496365279999736],[115.85508136300007,-7.1496455409999271],[115.85509941100008,-7.1496453499999575],[115.8550995060001,-7.1496543629999678],[115.85511755400012,-7.1496541729999308],[115.85511784000005,-7.1496812129999512],[115.85512686400011,-7.1496811169999432],[115.85512724600005,-7.149717169999974],[115.8551182220001,-7.1497172659999251],[115.85511841300001,-7.1497352919999457],[115.85510036500011,-7.1497354829999722],[115.85510084200007,-7.1497805489999564],[115.85510986600002,-7.1497804539999379],[115.85510996100004,-7.1497894669999482],[115.85512800900005,-7.1497892759999786],[115.85512810500006,-7.1497982889999321],[115.85515517700003,-7.1497980039999334],[115.85515527200005,-7.1498070169999437],[115.85520039200003,-7.1498065399999291],[115.85520029700001,-7.1497975269999756],[115.85525444000007,-7.1497969549999425],[115.85525453600007,-7.1498059679999528],[115.85529965600006,-7.1498054919999277],[115.85529975100008,-7.149814504999938],[115.85530721500004,-7.1498144259999776],[115.85505879400012,-7.14948422599997],[115.85484986800009,-7.1491064929999766],[115.85471773500001,-7.1487008879999507],[115.85467246000007,-7.1484249469999668],[115.85470620600006,-7.1478944649999789],[115.85478403000002,-7.147568716999956],[115.85500332800007,-7.1471548499999358],[115.85538519000011,-7.1466422619999435],[115.85582013100009,-7.1460861299999578],[115.85572057800005,-7.1460871809999276]],[[115.85459862900007,-7.1475232749999691],[115.85461667700008,-7.1475230839999426],[115.8546167720001,-7.1475320979999424],[115.85459872400008,-7.1475322879999794],[115.85459862900007,-7.1475232749999691]],[[115.85453000300004,-7.1487138809999351],[115.8545390270001,-7.1487137849999272],[115.85453921700002,-7.1487318119999372],[115.85453019300007,-7.1487319069999558],[115.85453000300004,-7.1487138809999351]],[[115.8545483370001,-7.148740729999929],[115.85455736100005,-7.1487406339999779],[115.85455755100008,-7.1487586609999312],[115.85454852700002,-7.1487587559999497],[115.8545483370001,-7.148740729999929]],[[115.85449457400011,-7.1487773539999466],[115.85450359800006,-7.1487772589999281],[115.85450369400007,-7.1487862719999384],[115.85449467000001,-7.1487863679999464],[115.85449457400011,-7.1487773539999466]],[[115.85451309900009,-7.1488222299999507],[115.85452212300004,-7.1488221349999321],[115.85452193200001,-7.1488041079999789],[115.85455802800004,-7.1488037269999722],[115.85455793300002,-7.1487947139999619],[115.85456695700009,-7.1487946189999434],[115.85456714800011,-7.148812644999964],[115.85457617200007,-7.1488125499999455],[115.85457626700008,-7.1488215629999559],[115.85458529100003,-7.1488214679999373],[115.85458538600005,-7.1488304809999477],[115.85459441000012,-7.1488303859999291],[115.85459450600001,-7.1488393989999395],[115.85460353000008,-7.1488393039999778],[115.8546036250001,-7.1488483169999313],[115.85459460100003,-7.1488484119999498],[115.85459479200006,-7.1488664389999599],[115.85460381600001,-7.1488663439999414],[115.85460400700003,-7.148884369999962],[115.8546130310001,-7.1488842749999435],[115.85461341200005,-7.1489203279999742],[115.85458634000008,-7.1489206139999624],[115.85458643600009,-7.1489296269999727],[115.85457741200003,-7.1489297219999344],[115.85457760200006,-7.1489477489999445],[115.85456857800011,-7.148947843999963],[115.85456848300009,-7.1489388309999526],[115.85455043500008,-7.1489390209999328],[115.8545505300001,-7.1489480339999432],[115.85454150600003,-7.1489481299999511],[115.85454179300007,-7.1489751689999252],[115.85453276900012,-7.1489752649999332],[115.85453286400002,-7.1489842779999435],[115.85452384000007,-7.148984372999962],[115.85452393500009,-7.1489933859999724],[115.85451491100002,-7.1489934819999803],[115.85451500700003,-7.1490024949999338],[115.85450598300008,-7.1490025899999523],[115.8545060780001,-7.1490116029999626],[115.85447900600002,-7.1490118889999508],[115.85447881500011,-7.1489938629999301],[115.85448783900006,-7.148993766999979],[115.85448764900002,-7.1489757409999584],[115.85449667300009,-7.1489756459999398],[115.85449648200006,-7.1489576189999298],[115.85450550600001,-7.1489575239999681],[115.8545053150001,-7.148939496999958],[115.85449629100003,-7.148939592999966],[115.85449619600001,-7.1489305789999662],[115.85450522000008,-7.1489304839999477],[115.85450512400007,-7.1489214709999374],[115.85449610000001,-7.1489215659999559],[115.8544960050001,-7.1489125529999455],[115.85448698100004,-7.1489126479999641],[115.85448688600002,-7.1489036349999537],[115.85447786200007,-7.1489037299999723],[115.85447757500003,-7.1488766909999413],[115.8544865990001,-7.1488765949999333],[115.85448650400008,-7.1488675819999798],[115.85449552800003,-7.1488674869999613],[115.8544952420001,-7.1488404469999409],[115.85451329000011,-7.1488402559999713],[115.85451309900009,-7.1488222299999507]],[[115.85440986700007,-7.1493010749999257],[115.85440958000004,-7.1492740359999516],[115.8544186040001,-7.1492739399999437],[115.85441889100002,-7.1493009799999641],[115.85440986700007,-7.1493010749999257],[115.85441005700011,-7.1493191019999358],[115.85440103300004,-7.1493191969999543],[115.85440084300001,-7.1493011709999337],[115.85440986700007,-7.1493010749999257]]]},"properties":{"OBJECTID":20631,"FID_mangrove_utm":20567,"OBJECTID_1":20567,"Name":"18102566,9293","FolderPath":"JATIM/JATIM","SymbolID":0,"AltMode":0,"Base":0,"Clamped":-1,"Extruded":0,"Snippet":"","PopupInfo":"\u003chtml xmlns:fo=\"http://www.w3.org/1999/XSL/Format\" xmlns:msxsl=\"urn:schemas-microsoft-com:xslt\"\u003e\n\u003chead\u003e\n\u003cMETA http-equiv=\"Content-Type\" content=\"text/html\"\u003e\n\u003cmeta http-equiv=\"content-type\" content=\"text/html; charset=UTF-8\"\u003e\n\u003c/head\u003e\n\u003cbody style=\"margin:0px 0px 0px 0px;overflow:auto;background:#FFFFFF;\"\u003e\n\u003ctable style=\"font-family:Arial,Verdana,Times;font-size:12px;text-align:left;width:100%;border-collapse:collapse;padding:3px 3px 3px 3px\"\u003e\n\u003ctr style=\"text-align:center;font-weight:bold;background:#9CBCE2\"\u003e\n\u003ctd\u003e18102566,9293\u003c/td\u003e\n\u003c/tr\u003e\n\u003ctr\u003e\n\u003ctd\u003e\n\u003ctable style=\"font-family:Arial,Verdana,Times;font-size:12px;text-align:left;width:100%;border-spacing:0px; padding:3px 3px 3px 3px\"\u003e\n\u003ctr\u003e\n\u003ctd\u003eFID\u003c/td\u003e\n\u003ctd\u003e0\u003c/td\u003e\n\u003c/tr\u003e\n\u003ctr bgcolor=\"#D4E4F3\"\u003e\n\u003ctd\u003eShape_Leng\u003c/td\u003e\n\u003ctd\u003e18102566,9293\u003c/td\u003e\n\u003c/tr\u003e\n\u003c/table\u003e\n\u003c/td\u003e\n\u003c/tr\u003e\n\u003c/table\u003e\n\u003c/body\u003e\u003cscript type=\"text/javascript\"\u003e\n\t\t\t\tfunction changeImage(attElement, nameElement) {\n\t\t\t\tdocument.getElementById('imageAttachment').src = attElement;\n\t\t\t\tdocument.getElementById('imageName').innerHTML = nameElement;}\n\t\t\t\u003c/script\u003e\u003c/html\u003e\n","FID_active_grids":125,"GridID":"O62","Shape_Length":0.018082629920661623,"Shape_Area":1.5601481624749209e-06}},{"type":"Feature","id":20653,"geometry":{"type":"Polygon","coordinates":[[[115.86156412500009,-7.1460254599999757],[115.8623807240001,-7.14649725299995],[115.86398486000007,-7.1475359159999812],[115.86401805300011,-7.1475589629999376],[115.86403003200007,-7.1475588359999733],[115.86403012200003,-7.1475673429999347],[115.86403084000005,-7.147567841999944],[115.86406622200002,-7.147567467999977],[115.86406612700011,-7.1475584549999667],[115.86405710300005,-7.1475585499999283],[115.86405700700004,-7.1475495369999749],[115.86403896000002,-7.1475497279999445],[115.86403886400001,-7.1475407149999342],[115.86402984000006,-7.1475408099999527],[115.86402974500004,-7.1475317969999423],[115.86402072100009,-7.1475318919999609],[115.86402062600007,-7.1475228789999505],[115.86401160200001,-7.1475229749999585],[115.86401150600011,-7.1475139619999482],[115.8639934580001,-7.1475141529999746],[115.8639935540001,-7.1475231659999281],[115.86398453000004,-7.1475232609999466],[115.8639841480001,-7.1474872089999621],[115.86399317200005,-7.1474871129999542],[115.86399279000011,-7.1474510609999697],[115.86398376600005,-7.1474511559999314],[115.86398338400011,-7.147415103999947],[115.86397436000004,-7.1474151989999655],[115.86397416900002,-7.1473971729999448],[115.86396514500007,-7.1473972679999633],[115.86396504900006,-7.147388254999953],[115.86395602500011,-7.1473883509999609],[115.86395583400008,-7.1473703239999509],[115.86394681100001,-7.1473704199999588],[115.86394700200003,-7.1473884459999795],[115.86392895400002,-7.1473886369999491],[115.86392885800001,-7.1473796239999388],[115.86391983500005,-7.1473797189999573],[115.86391964300003,-7.1473616929999366],[115.86391062000007,-7.1473617879999551],[115.86391052400006,-7.1473527749999448],[115.86389247600005,-7.1473529659999713],[115.86389219000012,-7.1473259269999403],[115.86388316600005,-7.1473260219999588],[115.86388307000004,-7.1473170089999485],[115.86387404700008,-7.1473171049999564],[115.86387385600005,-7.1472990779999463],[115.8638648320001,-7.1472991739999543],[115.8638647360001,-7.147290160999944],[115.86385571200003,-7.1472902559999625],[115.86385561700001,-7.1472812429999522],[115.86384659300006,-7.1472813379999707],[115.86384649700005,-7.1472723249999603],[115.86381942600008,-7.1472726119999379],[115.86381933000007,-7.1472635979999382],[115.86378323500003,-7.1472639799999342],[115.86378333100004,-7.1472729929999446],[115.86376528300002,-7.147273183999971],[115.86376518700001,-7.1472641709999607],[115.86375616400005,-7.1472642659999792],[115.86375587700002,-7.1472372269999482],[115.86374685300007,-7.1472373229999562],[115.86374675800005,-7.1472283089999564],[115.86372871000003,-7.147228499999926],[115.86372861400002,-7.1472194869999726],[115.86371959100006,-7.1472195829999805],[115.86371939900005,-7.1472015559999704],[115.86372842300011,-7.1472014609999519],[115.86372832800009,-7.1471924479999416],[115.86373735200004,-7.1471923519999336],[115.86373677800009,-7.1471382739999285],[115.86372775400002,-7.147138368999947],[115.86372756300011,-7.1471203429999264],[115.86370951600009,-7.1471205339999528],[115.86370942000008,-7.1471115209999425],[115.86364625300007,-7.1471121889999267],[115.86364634900008,-7.1471212019999371],[115.86363732500001,-7.1471212969999556],[115.86363723000011,-7.1471122839999452],[115.86362820600004,-7.1471123789999638],[115.86362830100006,-7.1471213919999741],[115.86361025400004,-7.1471215829999437],[115.86361034900006,-7.147130595999954],[115.86358327800008,-7.1471308829999316],[115.86358318200007,-7.1471218699999781],[115.86357415800001,-7.1471219649999398],[115.86357387200007,-7.1470949259999657],[115.86356484800001,-7.1470950209999273],[115.86356475200012,-7.1470860079999738],[115.86353768100003,-7.147086293999962],[115.86353758500002,-7.1470772809999517],[115.86352856100007,-7.1470773769999596],[115.86352846600005,-7.1470683629999598],[115.86351041800003,-7.1470685539999295],[115.86351022700001,-7.1470505279999657],[115.86349218000009,-7.1470507189999353],[115.86349208400009,-7.1470417059999249],[115.86348306000002,-7.1470418009999435],[115.86348296500012,-7.1470327879999331],[115.86347394100005,-7.1470328829999517],[115.86347384500004,-7.1470238699999413],[115.86344677400007,-7.1470241569999757],[115.86344667800006,-7.147015142999976],[115.86342863100003,-7.1470153339999456],[115.86342853500003,-7.1470063209999353],[115.86341951100007,-7.1470064169999432],[115.86341960700008,-7.1470154299999535],[115.86339253500012,-7.1470157159999417],[115.86339263100001,-7.147024728999952],[115.86338360700006,-7.1470248239999705],[115.86338370300007,-7.1470338379999703],[115.86337467900012,-7.1470339329999319],[115.86337487000003,-7.1470519589999526],[115.86338389400009,-7.1470518639999341],[115.86338408500001,-7.1470698899999547],[115.86336603700011,-7.1470700809999812],[115.8633659410001,-7.1470610679999709],[115.86335691800002,-7.1470611629999325],[115.86335682200001,-7.1470521499999791],[115.86332975100004,-7.1470524359999672],[115.86332965500003,-7.1470434229999569],[115.8632935600001,-7.147043804999953],[115.86329346400009,-7.1470347919999426],[115.86328444000003,-7.1470348869999611],[115.86328424900012,-7.1470168609999405],[115.86327522600004,-7.147016955999959],[115.86327513000003,-7.1470079429999487],[115.86326610600008,-7.1470080389999566],[115.86326601100006,-7.1469990259999463],[115.86325698700011,-7.1469991209999648],[115.86325689100011,-7.1469901079999545],[115.86324786700004,-7.146990202999973],[115.86324777200002,-7.1469811899999627],[115.86323874800007,-7.1469812859999706],[115.86323865300005,-7.1469722719999709],[115.8632296290001,-7.1469723679999788],[115.86322953300009,-7.1469633549999685],[115.86321148600007,-7.1469635459999381],[115.86321158100009,-7.1469725589999484],[115.86318451000011,-7.1469728449999366],[115.8631844140001,-7.1469638319999262],[115.86317539000004,-7.1469639269999448],[115.86317519900001,-7.1469459009999809],[115.86316617500006,-7.1469459959999426],[115.86316579300001,-7.1469099439999582],[115.86315676900006,-7.1469100389999767],[115.86315667400004,-7.1469010259999664],[115.86314765000009,-7.1469011219999743],[115.86314745900006,-7.1468830949999642],[115.86313843500011,-7.1468831909999722],[115.86313834000009,-7.1468741779999618],[115.86312931600003,-7.1468742729999803],[115.86312912500011,-7.1468562469999597],[115.86312010100005,-7.1468563419999782],[115.86312000500004,-7.1468473289999679],[115.86311098200008,-7.1468474239999296],[115.86311069500005,-7.1468203849999554],[115.86310167100009,-7.1468204799999739],[115.86310157600008,-7.1468114669999636],[115.86308352800006,-7.1468116579999332],[115.86308333700003,-7.1467936319999694],[115.86307431300008,-7.1467937269999311],[115.86307383500002,-7.1467486619999363],[115.86308285900009,-7.1467485659999284],[115.86308238200002,-7.1467035009999336],[115.86309140600008,-7.1467034049999256],[115.86309131000007,-7.1466943919999721],[115.86310033400002,-7.1466942969999536],[115.86310014300011,-7.1466762699999435],[115.86307307100003,-7.1466765569999779],[115.86307297600001,-7.1466675429999782],[115.86306395200006,-7.1466676389999293],[115.86306385600005,-7.1466586259999758],[115.86300971300011,-7.1466591979999521],[115.86300990400002,-7.1466772239999727],[115.86295576200007,-7.1466777969999384],[115.86295566600006,-7.1466687839999281],[115.86292859500008,-7.1466690699999731],[115.86292849900008,-7.1466600569999628],[115.86291947500001,-7.1466601519999813],[115.86291957100002,-7.1466691649999348],[115.86291054700007,-7.1466692609999427],[115.86291026000004,-7.1466422209999791],[115.86290123600008,-7.1466423169999302],[115.86290104500006,-7.146624289999977],[115.8628920220001,-7.1466243859999281],[115.86289164000004,-7.1465883329999542],[115.86288261600009,-7.1465884289999622],[115.86288242500007,-7.1465704019999521],[115.86287340100012,-7.14657049799996],[115.86287330500011,-7.1465614849999497],[115.86286428200003,-7.1465615799999682],[115.86286418600002,-7.1465525669999579],[115.86283711500005,-7.146552852999946],[115.86283701900004,-7.1465438399999357],[115.86282799500009,-7.1465439349999542],[115.86282780400006,-7.1465259089999336],[115.86281878000011,-7.1465260049999415],[115.86281868500009,-7.1465169909999418],[115.86280966100003,-7.1465170869999497],[115.86280956500002,-7.1465080739999394],[115.86280054200006,-7.1465081689999579],[115.86280035100003,-7.1464901429999372],[115.86279132700008,-7.1464902379999558],[115.86279113600006,-7.1464722119999351],[115.8627821120001,-7.1464723069999536],[115.86278192100008,-7.146454280999933],[115.86276387300006,-7.1464544719999594],[115.86276377800004,-7.1464454589999491],[115.86275475400009,-7.1464455539999676],[115.86275456300007,-7.146427527999947],[115.86274553900012,-7.1464276229999655],[115.8627454440001,-7.1464186099999552],[115.86272739600008,-7.1464188009999248],[115.86272730000007,-7.1464097879999713],[115.86270925300005,-7.1464099789999409],[115.86270915700004,-7.1464009659999306],[115.86270013300009,-7.1464010609999491],[115.86270003800007,-7.1463920479999388],[115.86269101400001,-7.1463921429999573],[115.8626909190001,-7.146383129999947],[115.86268189500004,-7.1463832249999655],[115.86268179900003,-7.1463742119999552],[115.8626457040001,-7.1463745939999512],[115.86264579900001,-7.1463836069999616],[115.86262775200009,-7.1463837979999312],[115.86262784700011,-7.1463928109999415],[115.86261882300005,-7.14639290599996],[115.86261891900006,-7.1464019189999703],[115.86260087100004,-7.14640210999994],[115.86260096700005,-7.1464111229999503],[115.86258291900003,-7.1464113139999768],[115.86258282400001,-7.1464023009999664],[115.86257380000006,-7.1464023959999281],[115.86257389500008,-7.1464114099999279],[115.86255584800006,-7.1464115999999649],[115.86255594300007,-7.1464206139999646],[115.86254691900001,-7.1464207089999263],[115.86254682400011,-7.1464116959999728],[115.86253780000004,-7.1464117909999345],[115.86253770400003,-7.146402777999981],[115.86252868100007,-7.1464028729999427],[115.86252858500006,-7.1463938599999324],[115.86251956100011,-7.1463939559999403],[115.86251946600009,-7.14638494299993],[115.86251044200003,-7.1463850379999485],[115.86251072800007,-7.1464120769999795],[115.86249268100005,-7.1464122679999491],[115.86249258500004,-7.1464032549999388],[115.86248356100009,-7.1464033499999573],[115.86248327500005,-7.1463763109999263],[115.86247425100009,-7.1463764059999448],[115.86247415600008,-7.1463673929999345],[115.86244708400011,-7.1463676789999795],[115.86244689300008,-7.1463496529999588],[115.86243786900002,-7.1463497489999668],[115.86243777400011,-7.146340734999967],[115.86241070200003,-7.1463410219999446],[115.86241060700002,-7.1463320079999448],[115.86238353500005,-7.1463322949999792],[115.86238344000003,-7.1463232809999795],[115.86233832100004,-7.1463237579999372],[115.86233822500003,-7.1463147449999269],[115.86231115400005,-7.1463150309999719],[115.86231105800005,-7.1463060179999616],[115.86230203400009,-7.1463061139999695],[115.86230193900008,-7.1462971009999592],[115.86224779600002,-7.1462976729999355],[115.86224770000001,-7.1462886599999251],[115.8622296530001,-7.1462888499999622],[115.86222974800012,-7.1462978639999619],[115.86222072400005,-7.1462979589999804],[115.86222082000006,-7.1463069719999339],[115.86221179600011,-7.1463070679999419],[115.862211892,-7.1463160809999522],[115.86217579600009,-7.1463164619999588],[115.86217570100007,-7.1463074489999485],[115.862166677,-7.146307543999967],[115.86216648600009,-7.1462895179999464],[115.86214843800008,-7.1462897089999728],[115.8621486290001,-7.1463077349999367],[115.86211253400006,-7.1463081169999327],[115.86211243800005,-7.1462991039999793],[115.86210341500009,-7.1462991989999409],[115.86210331900008,-7.1462901859999306],[115.86209429500002,-7.1462902809999491],[115.86209420000012,-7.1462812679999388],[115.86208517600005,-7.1462813629999573],[115.86208508000004,-7.146272349999947],[115.86207605700008,-7.1462724459999549],[115.86207596100007,-7.1462634329999446],[115.86206693700001,-7.1462635279999631],[115.86206665100008,-7.1462364889999321],[115.86204860300006,-7.1462366789999692],[115.86204850800004,-7.1462276659999588],[115.86203948400009,-7.1462277619999668],[115.86203900600003,-7.1461826959999257],[115.8620480300001,-7.1461825999999746],[115.86204736200011,-7.1461195079999698],[115.86203833800005,-7.1461196039999777],[115.86203805100001,-7.1460925639999573],[115.86202902700006,-7.1460926599999652],[115.86202883700003,-7.1460746329999552],[115.86201981300007,-7.1460747289999631],[115.86201971700007,-7.1460657159999528],[115.86201069300012,-7.1460658109999713],[115.8620105980001,-7.146056797999961],[115.86200157400003,-7.1460568929999795],[115.86200147900001,-7.1460478799999692],[115.86199245500006,-7.1460479759999771],[115.86199235900006,-7.1460389619999773],[115.8619833350001,-7.1460390579999284],[115.86198324000009,-7.146030044999975],[115.86197421600002,-7.1460301399999366],[115.86197412100012,-7.1460211269999263],[115.86156412500009,-7.1460254599999757]],[[115.86252896700012,-7.1464299129999631],[115.86254701500002,-7.1464297219999366],[115.86254730100006,-7.1464567609999676],[115.8625382780001,-7.1464568569999756],[115.86253818200009,-7.1464478439999652],[115.86252915800003,-7.1464479389999269],[115.86252896700012,-7.1464299129999631]]]},"properties":{"OBJECTID":20653,"FID_mangrove_utm":20587,"OBJECTID_1":20587,"Name":"18102566,9293","FolderPath":"JATIM/JATIM","SymbolID":0,"AltMode":0,"Base":0,"Clamped":-1,"Extruded":0,"Snippet":"","PopupInfo":"\u003chtml xmlns:fo=\"http://www.w3.org/1999/XSL/Format\" xmlns:msxsl=\"urn:schemas-microsoft-com:xslt\"\u003e\n\u003chead\u003e\n\u003cMETA http-equiv=\"Content-Type\" content=\"text/html\"\u003e\n\u003cmeta http-equiv=\"content-type\" content=\"text/html; charset=UTF-8\"\u003e\n\u003c/head\u003e\n\u003cbody style=\"margin:0px 0px 0px 0px;overflow:auto;background:#FFFFFF;\"\u003e\n\u003ctable style=\"font-family:Arial,Verdana,Times;font-size:12px;text-align:left;width:100%;border-collapse:collapse;padding:3px 3px 3px 3px\"\u003e\n\u003ctr style=\"text-align:center;font-weight:bold;background:#9CBCE2\"\u003e\n\u003ctd\u003e18102566,9293\u003c/td\u003e\n\u003c/tr\u003e\n\u003ctr\u003e\n\u003ctd\u003e\n\u003ctable style=\"font-family:Arial,Verdana,Times;font-size:12px;text-align:left;width:100%;border-spacing:0px; padding:3px 3px 3px 3px\"\u003e\n\u003ctr\u003e\n\u003ctd\u003eFID\u003c/td\u003e\n\u003ctd\u003e0\u003c/td\u003e\n\u003c/tr\u003e\n\u003ctr bgcolor=\"#D4E4F3\"\u003e\n\u003ctd\u003eShape_Leng\u003c/td\u003e\n\u003ctd\u003e18102566,9293\u003c/td\u003e\n\u003c/tr\u003e\n\u003c/table\u003e\n\u003c/td\u003e\n\u003c/tr\u003e\n\u003c/table\u003e\n\u003c/body\u003e\u003cscript type=\"text/javascript\"\u003e\n\t\t\t\tfunction changeImage(attElement, nameElement) {\n\t\t\t\tdocument.getElementById('imageAttachment').src = attElement;\n\t\t\t\tdocument.getElementById('imageName').innerHTML = nameElement;}\n\t\t\t\u003c/script\u003e\u003c/html\u003e\n","FID_active_grids":125,"GridID":"O62","Shape_Length":0.0078167095309378716,"Shape_Area":3.9000027098534739e-07}},{"type":"Feature","id":20685,"geometry":{"type":"Polygon","coordinates":[[[115.8544605190001,-7.1461004809999622],[115.85435316300004,-7.1463287429999696],[115.85386825100011,-7.1472501309999643],[115.85382741100011,-7.147360014999947],[115.85336262100009,-7.1477533379999727],[115.85313518400005,-7.1478352449999534],[115.85265191800011,-7.1478883979999637],[115.85231896200003,-7.147868674999927],[115.85231899500002,-7.14787184599993],[115.85232801900008,-7.1478717509999683],[115.8523281140001,-7.1478807639999786],[115.85233713800005,-7.1478806689999601],[115.85233723400006,-7.1478896819999704],[115.85234625800001,-7.1478895869999519],[115.85234635300003,-7.1478985999999622],[115.85235537700009,-7.1478985049999437],[115.85235547200011,-7.1479075179999541],[115.85237352000001,-7.1479073279999739],[115.85237371100004,-7.1479253549999271],[115.85240078300001,-7.147925068999939],[115.8524006880001,-7.1479160559999286],[115.85244580800008,-7.1479155799999603],[115.85244571200008,-7.1479065659999605],[115.85245473600003,-7.147906470999942],[115.85245464100001,-7.1478974579999317],[115.85246366500007,-7.14789736299997],[115.85246357000005,-7.1478883489999703],[115.85247259400001,-7.1478882539999518],[115.85247268900002,-7.1478972669999621],[115.85252683300007,-7.1478966959999752],[115.85252692800009,-7.1479057089999287],[115.85253595200004,-7.147905613999967],[115.85253604800005,-7.1479146269999774],[115.85254507200011,-7.1479145319999589],[115.85254526200004,-7.1479325589999689],[115.85256331000005,-7.1479323679999425],[115.85256340600006,-7.1479413819999422],[115.85257243000001,-7.1479412859999343],[115.85257252500003,-7.147950299999934],[115.85261764500001,-7.1479498239999657],[115.85261774000003,-7.147958836999976],[115.85263578800004,-7.1479586459999496],[115.85263569300002,-7.1479496329999392],[115.85265374100004,-7.147949442999959],[115.85265364600002,-7.1479404289999593],[115.85266267000009,-7.1479403339999408],[115.85266257400008,-7.1479313209999304],[115.85274379000009,-7.1479304639999555],[115.85274369500007,-7.1479214509999451],[115.85278881500005,-7.1479209749999768],[115.85278891000007,-7.1479299879999303],[115.85281598200004,-7.1479297019999422],[115.85281607700006,-7.1479387149999525],[115.85282510100001,-7.147938619999934],[115.8528250060001,-7.1479296069999805],[115.85284305400012,-7.147929415999954],[115.85284324500003,-7.1479474429999641],[115.8528522690001,-7.1479473479999456],[115.85285236400011,-7.1479563609999559],[115.85294260400008,-7.1479554089999624],[115.8529426990001,-7.1479644219999727],[115.85300586700009,-7.1479637549999779],[115.8530059630001,-7.1479727689999777],[115.85303303500007,-7.1479724829999327],[115.85303332100011,-7.1479995229999531],[115.85302429700005,-7.1479996179999716],[115.85302448700008,-7.1480176449999249],[115.85301546300002,-7.1480177399999434],[115.85301565400005,-7.148035765999964],[115.85299760600003,-7.1480359569999337],[115.85299770100005,-7.148044969999944],[115.8529886770001,-7.1480450649999625],[115.85298877300011,-7.1480540789999623],[115.85297974900004,-7.1480541739999808],[115.85298003500009,-7.1480812139999443],[115.85297101100002,-7.1480813089999629],[115.85297120100006,-7.1480993349999267],[115.85298022500001,-7.148099239999965],[115.85298032100002,-7.1481082529999753],[115.85299836900003,-7.1481080629999383],[115.85299846400005,-7.1481170759999486],[115.85300748800012,-7.1481169809999301],[115.85300758300002,-7.1481259939999404],[115.85301660700009,-7.1481258989999787],[115.85301670300009,-7.1481349119999322],[115.85303475100011,-7.148134721999952],[115.85303484600001,-7.1481437349999624],[115.85307094200004,-7.1481433539999557],[115.85307084700003,-7.1481343409999454],[115.85308889500004,-7.1481341499999758],[115.85308879900003,-7.1481251369999654],[115.85310684700005,-7.1481249469999284],[115.85310675200003,-7.1481159329999286],[115.85314284800006,-7.1481155529999683],[115.85314275300004,-7.1481065389999685],[115.85315177700011,-7.14810644399995],[115.8531516810001,-7.1480974309999397],[115.85316972900011,-7.14809723999997],[115.85316953800009,-7.1480792139999494],[115.85317856200004,-7.1480791189999309],[115.85317846700002,-7.1480701049999311],[115.85318749100009,-7.1480700099999694],[115.85318739600007,-7.1480609969999591],[115.85319642000002,-7.1480609019999406],[115.85319632400001,-7.1480518879999408],[115.85320534800007,-7.1480517929999792],[115.85320430000002,-7.1479526469999541],[115.85322234800003,-7.1479524569999739],[115.85322244300005,-7.1479614699999274],[115.85324951500002,-7.1479611839999393],[115.85324942000011,-7.147952170999929],[115.85325844400006,-7.1479520759999673],[115.85325825300004,-7.1479340489999572],[115.8533304450001,-7.1479332869999439],[115.85333054000012,-7.1479423009999437],[115.8533756600001,-7.1479418239999291],[115.85337575500012,-7.1479508379999288],[115.85338477900007,-7.1479507419999777],[115.85338468400005,-7.1479417289999674],[115.85340273200006,-7.1479415389999303],[115.85340263700004,-7.1479325249999306],[115.85343873200009,-7.1479321449999702],[115.85343863700007,-7.1479231309999705],[115.85344766100002,-7.1479230359999519],[115.85344756600011,-7.1479140229999416],[115.85345659000006,-7.1479139279999799],[115.85345649400006,-7.1479049139999802],[115.85347454200007,-7.1479047239999431],[115.85347435200003,-7.1478866969999331],[115.8534833760001,-7.1478866019999714],[115.85348289900003,-7.1478415359999303],[115.85349192300009,-7.1478414409999687],[115.85349182800007,-7.1478324269999689],[115.85350085200002,-7.1478323319999504],[115.85350075600002,-7.1478233189999401],[115.85351880400003,-7.1478231279999704],[115.8535185180001,-7.1477960889999395],[115.85352754200005,-7.1477959929999315],[115.85352735100003,-7.1477779669999677],[115.85353637500009,-7.1477778719999492],[115.85353628000007,-7.1477688579999494],[115.85354530400002,-7.1477687629999309],[115.85354520900012,-7.1477597499999774],[115.85356325700002,-7.147759558999951],[115.85356287500008,-7.1477235059999771],[115.85357189900003,-7.1477234109999586],[115.85357180400001,-7.1477143979999482],[115.85358082800008,-7.1477143029999297],[115.8535809230001,-7.14772331599994],[115.85359897100011,-7.1477231249999704],[115.85359887600009,-7.1477141119999601],[115.85360790000004,-7.1477140169999416],[115.85360780400003,-7.1477050039999313],[115.85362585200005,-7.1477048129999616],[115.85362575700003,-7.1476957999999513],[115.85364380500005,-7.1476956089999248],[115.85364361400002,-7.147677582999961],[115.85365263800009,-7.1476774879999425],[115.85365235200004,-7.147650447999979],[115.85370649600009,-7.1476498759999458],[115.85370640100007,-7.1476408629999355],[115.85371542500002,-7.1476407679999738],[115.85371523400011,-7.1476227409999638],[115.85372425800006,-7.1476226459999452],[115.85372416300004,-7.1476136329999349],[115.85373318600011,-7.1476135379999732],[115.85373280500005,-7.1475774849999425],[115.85374182900011,-7.1475773889999346],[115.85374154300007,-7.1475503499999604],[115.85375056700002,-7.1475502539999525],[115.85375047200012,-7.1475412409999421],[115.85375949600007,-7.1475411459999805],[115.85375930500004,-7.1475231189999704],[115.8537683290001,-7.1475230239999519],[115.85376823400009,-7.1475140109999415],[115.85377725700005,-7.1475139159999799],[115.85377697100012,-7.1474868759999595],[115.85379501900002,-7.147486684999933],[115.85379482900009,-7.1474686589999692],[115.85382190100006,-7.1474683729999811],[115.85382180500005,-7.1474593599999707],[115.85383985300007,-7.1474591699999337],[115.85383975800005,-7.1474501559999339],[115.85384878200011,-7.1474500609999723],[115.85384868600011,-7.1474410479999619],[115.85386673400001,-7.1474408569999355],[115.8538666390001,-7.1474318439999251],[115.85387566300005,-7.1474317489999635],[115.85387575800007,-7.1474407619999738],[115.85392087800005,-7.1474402859999486],[115.85392097400006,-7.147449298999959],[115.85392999700002,-7.1474492039999404],[115.85393009300003,-7.1474582169999508],[115.8539391170001,-7.1474581219999322],[115.85393921200011,-7.1474671349999426],[115.85399335600005,-7.1474665639999557],[115.85399316500002,-7.1474485369999456],[115.85400218900008,-7.1474484419999271],[115.85400209400007,-7.1474394289999736],[115.85402916600003,-7.1474391429999287],[115.85402878400009,-7.1474030899999548],[115.85403780800004,-7.1474029949999363],[115.85403771300003,-7.1473939819999259],[115.85404673700009,-7.1473938859999748],[115.85404626000002,-7.1473488199999338],[115.85403723600007,-7.1473489149999523],[115.85403714100005,-7.147339901999942],[115.8540281170001,-7.1473399969999605],[115.85402773500005,-7.1473039439999297],[115.85401871100009,-7.1473040389999483],[115.85401861600008,-7.1472950259999379],[115.85400056800006,-7.1472952169999644],[115.85400066400007,-7.1473042299999747],[115.85398261600005,-7.1473044199999549],[115.85398271100007,-7.1473134339999547],[115.85397368700001,-7.1473135289999732],[115.85397378200003,-7.1473225419999267],[115.85396475800007,-7.1473226369999452],[115.85396485400008,-7.1473316509999449],[115.85395583000002,-7.1473317459999635],[115.85395573400001,-7.1473227329999531],[115.85394671000006,-7.1473228279999717],[115.85394642400001,-7.1472957879999512],[115.85395544800008,-7.1472956929999327],[115.85395535300006,-7.1472866799999792],[115.85397340100008,-7.1472864889999528],[115.85397302000001,-7.1472504359999789],[115.85398204400008,-7.1472503409999604],[115.85398194800007,-7.14724132799995],[115.85399999600008,-7.1472411369999804],[115.85399990100007,-7.1472321239999701],[115.85399087700011,-7.1472322189999318],[115.85399068600009,-7.147214192999968],[115.85399971000004,-7.14721409699996],[115.85399942400011,-7.147187057999929],[115.85400844800006,-7.1471869619999779],[115.85400816200001,-7.147159922999947],[115.85401718600008,-7.147159826999939],[115.85401670900001,-7.1471147609999548],[115.85402573300007,-7.1471146659999363],[115.85402544700003,-7.1470876259999727],[115.85403447100009,-7.1470875309999542],[115.85403437600007,-7.1470785179999439],[115.85404340000002,-7.1470784219999359],[115.85404320900011,-7.1470603959999721],[115.85405223300006,-7.1470603009999536],[115.85405194700002,-7.1470332609999332],[115.85406097100008,-7.1470331659999715],[115.85406087500007,-7.1470241519999718],[115.85406989900002,-7.1470240569999532],[115.85406980400001,-7.1470150439999429],[115.85407882800007,-7.1470149489999812],[115.85407854200002,-7.1469879089999608],[115.85408756600009,-7.1469878139999423],[115.85408747100007,-7.1469787999999426],[115.8541055180001,-7.1469786099999624],[115.85410513700003,-7.1469425569999316],[115.85412318500005,-7.1469423669999514],[115.85412309000003,-7.1469333529999517],[115.85414113800005,-7.1469331629999715],[115.85414104200004,-7.1469241499999612],[115.8541500660001,-7.1469240539999532],[115.85414978000006,-7.1468970149999791],[115.85415880400001,-7.1468969189999711],[115.8541587090001,-7.1468879059999608],[115.85416773300005,-7.1468878109999423],[115.85416763700005,-7.146878797999932],[115.85417666100011,-7.1468787019999809],[115.85417637500007,-7.1468516629999499],[115.85418539900002,-7.146851566999942],[115.85418530400011,-7.1468425539999316],[115.85419432800006,-7.1468424589999699],[115.85419423200005,-7.1468334459999596],[115.85420325600001,-7.1468333499999517],[115.85420297000007,-7.1468063109999775],[115.85421199400002,-7.1468062149999696],[115.85421151700007,-7.1467611489999285],[115.85422054100002,-7.1467610539999669],[115.85422044600011,-7.1467520409999565],[115.85422947000006,-7.1467519449999486],[115.85422937500005,-7.1467429319999383],[115.85424742300006,-7.1467427419999581],[115.8542469460001,-7.1466976749999276],[115.85425597000005,-7.1466975799999659],[115.85425568400001,-7.1466705409999349],[115.85426470800007,-7.146670444999927],[115.85426461200007,-7.1466614319999735],[115.85427363600002,-7.146661336999955],[115.85427354100011,-7.1466523239999447],[115.85428256500006,-7.1466522279999367],[115.85428227900002,-7.1466251889999626],[115.85429130300008,-7.1466250929999546],[115.85429101700004,-7.1465980539999805],[115.8543000410001,-7.1465979579999726],[115.85429975500006,-7.1465709189999416],[115.85431780300007,-7.146570727999972],[115.85431770700006,-7.1465617149999616],[115.85432673100001,-7.1465616199999431],[115.8543265400001,-7.146543592999933],[115.85433556400005,-7.1465434979999714],[115.85433537400002,-7.1465254709999613],[115.85434439800008,-7.1465253759999428],[115.85434420700005,-7.1465073499999789],[115.85435323100012,-7.146507253999971],[115.85435304000009,-7.1464892279999503],[115.85436206400004,-7.1464891329999318],[115.85436196900002,-7.1464801189999321],[115.85437099300009,-7.1464800239999704],[115.85437070700004,-7.14645298399995],[115.85438875500006,-7.1464527939999698],[115.8543890410001,-7.1464798339999334],[115.85439806500005,-7.1464797389999717],[115.85439825500009,-7.1464977649999355],[115.85440727900004,-7.1464976699999738],[115.85440613500009,-7.1463895109999385],[115.85442418300011,-7.1463893199999688],[115.85442389700006,-7.1463622809999379],[115.85443292100001,-7.1463621849999299],[115.8544327300001,-7.1463441589999661],[115.85445077800011,-7.1463439679999397],[115.8544506830001,-7.1463349549999293],[115.85445970700005,-7.1463348599999676],[115.85445961100004,-7.1463258469999573],[115.85447765900005,-7.1463256559999309],[115.85447708700008,-7.1462715769999363],[115.85448611100003,-7.1462714819999746],[115.85448592000012,-7.1462534549999646],[115.85449494400007,-7.146253359999946],[115.85449456300012,-7.1462173069999722],[115.85450358700007,-7.1462172119999536],[115.85450339600004,-7.1461991849999436],[115.85451242000011,-7.146199089999925],[115.85451222900008,-7.1461810629999718],[115.85452125300003,-7.1461809679999533],[115.85452068100005,-7.1461268889999587],[115.85452970500012,-7.1461267929999508],[115.85452951400009,-7.1461087669999301],[115.85453853800004,-7.1461086719999685],[115.85453844300002,-7.1460996579999687],[115.8544605190001,-7.1461004809999622]],[[115.85408718400004,-7.1469517609999684],[115.85408708900002,-7.1469427469999687],[115.85409611300008,-7.1469426519999502],[115.8540962080001,-7.1469516659999499],[115.85408718400004,-7.1469517609999684]],[[115.85381249500006,-7.1474324149999688],[115.85382151900001,-7.1474323199999503],[115.85382161500002,-7.1474413329999607],[115.85381259100006,-7.1474414289999686],[115.85381249500006,-7.1474324149999688]]]},"properties":{"OBJECTID":20685,"FID_mangrove_utm":20618,"OBJECTID_1":20618,"Name":"18102566,9293","FolderPath":"JATIM/JATIM","SymbolID":0,"AltMode":0,"Base":0,"Clamped":-1,"Extruded":0,"Snippet":"","PopupInfo":"\u003chtml xmlns:fo=\"http://www.w3.org/1999/XSL/Format\" xmlns:msxsl=\"urn:schemas-microsoft-com:xslt\"\u003e\n\u003chead\u003e\n\u003cMETA http-equiv=\"Content-Type\" content=\"text/html\"\u003e\n\u003cmeta http-equiv=\"content-type\" content=\"text/html; charset=UTF-8\"\u003e\n\u003c/head\u003e\n\u003cbody style=\"margin:0px 0px 0px 0px;overflow:auto;background:#FFFFFF;\"\u003e\n\u003ctable style=\"font-family:Arial,Verdana,Times;font-size:12px;text-align:left;width:100%;border-collapse:collapse;padding:3px 3px 3px 3px\"\u003e\n\u003ctr style=\"text-align:center;font-weight:bold;background:#9CBCE2\"\u003e\n\u003ctd\u003e18102566,9293\u003c/td\u003e\n\u003c/tr\u003e\n\u003ctr\u003e\n\u003ctd\u003e\n\u003ctable style=\"font-family:Arial,Verdana,Times;font-size:12px;text-align:left;width:100%;border-spacing:0px; padding:3px 3px 3px 3px\"\u003e\n\u003ctr\u003e\n\u003ctd\u003eFID\u003c/td\u003e\n\u003ctd\u003e0\u003c/td\u003e\n\u003c/tr\u003e\n\u003ctr bgcolor=\"#D4E4F3\"\u003e\n\u003ctd\u003eShape_Leng\u003c/td\u003e\n\u003ctd\u003e18102566,9293\u003c/td\u003e\n\u003c/tr\u003e\n\u003c/table\u003e\n\u003c/td\u003e\n\u003c/tr\u003e\n\u003c/table\u003e\n\u003c/body\u003e\u003cscript type=\"text/javascript\"\u003e\n\t\t\t\tfunction changeImage(attElement, nameElement) {\n\t\t\t\tdocument.getElementById('imageAttachment').src = attElement;\n\t\t\t\tdocument.getElementById('imageName').innerHTML = nameElement;}\n\t\t\t\u003c/script\u003e\u003c/html\u003e\n","FID_active_grids":125,"GridID":"O62","Shape_Length":0.0085914965109825554,"Shape_Area":3.4422298082076895e-07}}]}