{"type":"FeatureCollection","features":[{"type":"Feature","id":41717,"geometry":{"type":"Polygon","coordinates":[[[115.37598334100005,-6.8351041509999391],[115.37598342300009,-6.8351131709999322],[115.37600147100011,-6.8351130069999613],[115.37600138900007,-6.8351039869999681],[115.37598334100005,-6.8351041509999391]]]},"properties":{"OBJECTID":41717,"FID_mangrove_utm":41537,"OBJECTID_1":41537,"Name":"18102566,9293","FolderPath":"JATIM/JATIM","SymbolID":0,"AltMode":0,"Base":0,"Clamped":-1,"Extruded":0,"Snippet":"","PopupInfo":"\u003chtml xmlns:fo=\"http://www.w3.org/1999/XSL/Format\" xmlns:msxsl=\"urn:schemas-microsoft-com:xslt\"\u003e\n\u003chead\u003e\n\u003cMETA http-equiv=\"Content-Type\" content=\"text/html\"\u003e\n\u003cmeta http-equiv=\"content-type\" content=\"text/html; charset=UTF-8\"\u003e\n\u003c/head\u003e\n\u003cbody style=\"margin:0px 0px 0px 0px;overflow:auto;background:#FFFFFF;\"\u003e\n\u003ctable style=\"font-family:Arial,Verdana,Times;font-size:12px;text-align:left;width:100%;border-collapse:collapse;padding:3px 3px 3px 3px\"\u003e\n\u003ctr style=\"text-align:center;font-weight:bold;background:#9CBCE2\"\u003e\n\u003ctd\u003e18102566,9293\u003c/td\u003e\n\u003c/tr\u003e\n\u003ctr\u003e\n\u003ctd\u003e\n\u003ctable style=\"font-family:Arial,Verdana,Times;font-size:12px;text-align:left;width:100%;border-spacing:0px; padding:3px 3px 3px 3px\"\u003e\n\u003ctr\u003e\n\u003ctd\u003eFID\u003c/td\u003e\n\u003ctd\u003e0\u003c/td\u003e\n\u003c/tr\u003e\n\u003ctr bgcolor=\"#D4E4F3\"\u003e\n\u003ctd\u003eShape_Leng\u003c/td\u003e\n\u003ctd\u003e18102566,9293\u003c/td\u003e\n\u003c/tr\u003e\n\u003c/table\u003e\n\u003c/td\u003e\n\u003c/tr\u003e\n\u003c/table\u003e\n\u003c/body\u003e\u003cscript type=\"text/javascript\"\u003e\n\t\t\t\tfunction changeImage(attElement, nameElement) {\n\t\t\t\tdocument.getElementById('imageAttachment').src = attElement;\n\t\t\t\tdocument.getElementById('imageName').innerHTML = nameElement;}\n\t\t\t\u003c/script\u003e\u003c/html\u003e\n","FID_active_grids":261,"GridID":"G51","Shape_Length":5.4138235673874143e-05,"Shape_Area":1.6280640801942936e-10}},{"type":"Feature","id":41720,"geometry":{"type":"Polygon","coordinates":[[[115.37598334100005,-6.8351041509999391],[115.37598325900001,-6.8350951319999353],[115.37596521100011,-6.8350952959999631],[115.37596537500008,-6.83511333499996],[115.37597439900003,-6.8351132529999745],[115.3759743170001,-6.8351042339999708],[115.37598334100005,-6.8351041509999391]]]},"properties":{"OBJECTID":41720,"FID_mangrove_utm":41540,"OBJECTID_1":41540,"Name":"18102566,9293","FolderPath":"JATIM/JATIM","SymbolID":0,"AltMode":0,"Base":0,"Clamped":-1,"Extruded":0,"Snippet":"","PopupInfo":"\u003chtml xmlns:fo=\"http://www.w3.org/1999/XSL/Format\" xmlns:msxsl=\"urn:schemas-microsoft-com:xslt\"\u003e\n\u003chead\u003e\n\u003cMETA http-equiv=\"Content-Type\" content=\"text/html\"\u003e\n\u003cmeta http-equiv=\"content-type\" content=\"text/html; charset=UTF-8\"\u003e\n\u003c/head\u003e\n\u003cbody style=\"margin:0px 0px 0px 0px;overflow:auto;background:#FFFFFF;\"\u003e\n\u003ctable style=\"font-family:Arial,Verdana,Times;font-size:12px;text-align:left;width:100%;border-collapse:collapse;padding:3px 3px 3px 3px\"\u003e\n\u003ctr style=\"text-align:center;font-weight:bold;background:#9CBCE2\"\u003e\n\u003ctd\u003e18102566,9293\u003c/td\u003e\n\u003c/tr\u003e\n\u003ctr\u003e\n\u003ctd\u003e\n\u003ctable style=\"font-family:Arial,Verdana,Times;font-size:12px;text-align:left;width:100%;border-spacing:0px; padding:3px 3px 3px 3px\"\u003e\n\u003ctr\u003e\n\u003ctd\u003eFID\u003c/td\u003e\n\u003ctd\u003e0\u003c/td\u003e\n\u003c/tr\u003e\n\u003ctr bgcolor=\"#D4E4F3\"\u003e\n\u003ctd\u003eShape_Leng\u003c/td\u003e\n\u003ctd\u003e18102566,9293\u003c/td\u003e\n\u003c/tr\u003e\n\u003c/table\u003e\n\u003c/td\u003e\n\u003c/tr\u003e\n\u003c/table\u003e\n\u003c/body\u003e\u003cscript type=\"text/javascript\"\u003e\n\t\t\t\tfunction changeImage(attElement, nameElement) {\n\t\t\t\tdocument.getElementById('imageAttachment').src = attElement;\n\t\t\t\tdocument.getElementById('imageName').innerHTML = nameElement;}\n\t\t\t\u003c/script\u003e\u003c/html\u003e\n","FID_active_grids":261,"GridID":"G51","Shape_Length":7.2175990169183821e-05,"Shape_Area":2.4419607539872751e-10}},{"type":"Feature","id":41722,"geometry":{"type":"Polygon","coordinates":[[[115.37575724600003,-6.8350520879999408],[115.37574822100009,-6.8350521699999263],[115.3757485860001,-6.8350921309999535],[115.37580280000009,-6.8350993249999306],[115.3758027770001,-6.8350967749999541],[115.37582082500001,-6.8350966109999263],[115.37582087200008,-6.8351017229999798],[115.37583894300008,-6.8351041209999721],[115.37583887300002,-6.8350964459999659],[115.37584789700009,-6.8350963639999804],[115.37584797900001,-6.8351053199999683],[115.37584842800004,-6.835105379999959],[115.37586602800002,-6.8351052189999564],[115.37586594600009,-6.8350961999999527],[115.37588399400011,-6.8350960359999249],[115.37588407600003,-6.8351050549999286],[115.37590212400005,-6.8351048909999577],[115.37590204200001,-6.8350958709999645],[115.37591106600007,-6.835095788999979],[115.37591098400003,-6.8350867699999753],[115.37592903200004,-6.8350866049999581],[115.37592895000012,-6.8350775859999544],[115.37587480500008,-6.8350780789999703],[115.37587472300004,-6.8350690589999772],[115.37577545800002,-6.8350699629999667],[115.37577537600009,-6.8350609429999736],[115.37575732800008,-6.8350611079999339],[115.37575724600003,-6.8350520879999408]]]},"properties":{"OBJECTID":41722,"FID_mangrove_utm":41542,"OBJECTID_1":41542,"Name":"18102566,9293","FolderPath":"JATIM/JATIM","SymbolID":0,"AltMode":0,"Base":0,"Clamped":-1,"Extruded":0,"Snippet":"","PopupInfo":"\u003chtml xmlns:fo=\"http://www.w3.org/1999/XSL/Format\" xmlns:msxsl=\"urn:schemas-microsoft-com:xslt\"\u003e\n\u003chead\u003e\n\u003cMETA http-equiv=\"Content-Type\" content=\"text/html\"\u003e\n\u003cmeta http-equiv=\"content-type\" content=\"text/html; charset=UTF-8\"\u003e\n\u003c/head\u003e\n\u003cbody style=\"margin:0px 0px 0px 0px;overflow:auto;background:#FFFFFF;\"\u003e\n\u003ctable style=\"font-family:Arial,Verdana,Times;font-size:12px;text-align:left;width:100%;border-collapse:collapse;padding:3px 3px 3px 3px\"\u003e\n\u003ctr style=\"text-align:center;font-weight:bold;background:#9CBCE2\"\u003e\n\u003ctd\u003e18102566,9293\u003c/td\u003e\n\u003c/tr\u003e\n\u003ctr\u003e\n\u003ctd\u003e\n\u003ctable style=\"font-family:Arial,Verdana,Times;font-size:12px;text-align:left;width:100%;border-spacing:0px; padding:3px 3px 3px 3px\"\u003e\n\u003ctr\u003e\n\u003ctd\u003eFID\u003c/td\u003e\n\u003ctd\u003e0\u003c/td\u003e\n\u003c/tr\u003e\n\u003ctr bgcolor=\"#D4E4F3\"\u003e\n\u003ctd\u003eShape_Leng\u003c/td\u003e\n\u003ctd\u003e18102566,9293\u003c/td\u003e\n\u003c/tr\u003e\n\u003c/table\u003e\n\u003c/td\u003e\n\u003c/tr\u003e\n\u003c/table\u003e\n\u003c/body\u003e\u003cscript type=\"text/javascript\"\u003e\n\t\t\t\tfunction changeImage(attElement, nameElement) {\n\t\t\t\tdocument.getElementById('imageAttachment').src = attElement;\n\t\t\t\tdocument.getElementById('imageName').innerHTML = nameElement;}\n\t\t\t\u003c/script\u003e\u003c/html\u003e\n","FID_active_grids":261,"GridID":"G51","Shape_Length":0.00049812225033878219,"Shape_Area":4.929329845625107e-09}},{"type":"Feature","id":41726,"geometry":{"type":"Polygon","coordinates":[[[115.37411362700004,-6.8349317429999701],[115.37408655500008,-6.8349319889999265],[115.374086637,-6.8349410079999302],[115.37407761300005,-6.8349410899999725],[115.37407761400004,-6.8349412749999487],[115.37411373200007,-6.8349432949999596],[115.37411362700004,-6.8349317429999701]]]},"properties":{"OBJECTID":41726,"FID_mangrove_utm":41546,"OBJECTID_1":41546,"Name":"18102566,9293","FolderPath":"JATIM/JATIM","SymbolID":0,"AltMode":0,"Base":0,"Clamped":-1,"Extruded":0,"Snippet":"","PopupInfo":"\u003chtml xmlns:fo=\"http://www.w3.org/1999/XSL/Format\" xmlns:msxsl=\"urn:schemas-microsoft-com:xslt\"\u003e\n\u003chead\u003e\n\u003cMETA http-equiv=\"Content-Type\" content=\"text/html\"\u003e\n\u003cmeta http-equiv=\"content-type\" content=\"text/html; charset=UTF-8\"\u003e\n\u003c/head\u003e\n\u003cbody style=\"margin:0px 0px 0px 0px;overflow:auto;background:#FFFFFF;\"\u003e\n\u003ctable style=\"font-family:Arial,Verdana,Times;font-size:12px;text-align:left;width:100%;border-collapse:collapse;padding:3px 3px 3px 3px\"\u003e\n\u003ctr style=\"text-align:center;font-weight:bold;background:#9CBCE2\"\u003e\n\u003ctd\u003e18102566,9293\u003c/td\u003e\n\u003c/tr\u003e\n\u003ctr\u003e\n\u003ctd\u003e\n\u003ctable style=\"font-family:Arial,Verdana,Times;font-size:12px;text-align:left;width:100%;border-spacing:0px; padding:3px 3px 3px 3px\"\u003e\n\u003ctr\u003e\n\u003ctd\u003eFID\u003c/td\u003e\n\u003ctd\u003e0\u003c/td\u003e\n\u003c/tr\u003e\n\u003ctr bgcolor=\"#D4E4F3\"\u003e\n\u003ctd\u003eShape_Leng\u003c/td\u003e\n\u003ctd\u003e18102566,9293\u003c/td\u003e\n\u003c/tr\u003e\n\u003c/table\u003e\n\u003c/td\u003e\n\u003c/tr\u003e\n\u003c/table\u003e\n\u003c/body\u003e\u003cscript type=\"text/javascript\"\u003e\n\t\t\t\tfunction changeImage(attElement, nameElement) {\n\t\t\t\tdocument.getElementById('imageAttachment').src = attElement;\n\t\t\t\tdocument.getElementById('imageName').innerHTML = nameElement;}\n\t\t\t\u003c/script\u003e\u003c/html\u003e\n","FID_active_grids":261,"GridID":"G51","Shape_Length":9.3028785740683283e-05,"Shape_Area":2.9324166681873911e-10}},{"type":"Feature","id":41727,"geometry":{"type":"Polygon","coordinates":[[[115.37411362700004,-6.8349317429999701],[115.37413167500006,-6.8349315779999529],[115.37413159300002,-6.8349225589999492],[115.37411354500011,-6.8349227229999769],[115.37411362700004,-6.8349317429999701]]]},"properties":{"OBJECTID":41727,"FID_mangrove_utm":41547,"OBJECTID_1":41547,"Name":"18102566,9293","FolderPath":"JATIM/JATIM","SymbolID":0,"AltMode":0,"Base":0,"Clamped":-1,"Extruded":0,"Snippet":"","PopupInfo":"\u003chtml xmlns:fo=\"http://www.w3.org/1999/XSL/Format\" xmlns:msxsl=\"urn:schemas-microsoft-com:xslt\"\u003e\n\u003chead\u003e\n\u003cMETA http-equiv=\"Content-Type\" content=\"text/html\"\u003e\n\u003cmeta http-equiv=\"content-type\" content=\"text/html; charset=UTF-8\"\u003e\n\u003c/head\u003e\n\u003cbody style=\"margin:0px 0px 0px 0px;overflow:auto;background:#FFFFFF;\"\u003e\n\u003ctable style=\"font-family:Arial,Verdana,Times;font-size:12px;text-align:left;width:100%;border-collapse:collapse;padding:3px 3px 3px 3px\"\u003e\n\u003ctr style=\"text-align:center;font-weight:bold;background:#9CBCE2\"\u003e\n\u003ctd\u003e18102566,9293\u003c/td\u003e\n\u003c/tr\u003e\n\u003ctr\u003e\n\u003ctd\u003e\n\u003ctable style=\"font-family:Arial,Verdana,Times;font-size:12px;text-align:left;width:100%;border-spacing:0px; padding:3px 3px 3px 3px\"\u003e\n\u003ctr\u003e\n\u003ctd\u003eFID\u003c/td\u003e\n\u003ctd\u003e0\u003c/td\u003e\n\u003c/tr\u003e\n\u003ctr bgcolor=\"#D4E4F3\"\u003e\n\u003ctd\u003eShape_Leng\u003c/td\u003e\n\u003ctd\u003e18102566,9293\u003c/td\u003e\n\u003c/tr\u003e\n\u003c/table\u003e\n\u003c/td\u003e\n\u003c/tr\u003e\n\u003c/table\u003e\n\u003c/body\u003e\u003cscript type=\"text/javascript\"\u003e\n\t\t\t\tfunction changeImage(attElement, nameElement) {\n\t\t\t\tdocument.getElementById('imageAttachment').src = attElement;\n\t\t\t\tdocument.getElementById('imageName').innerHTML = nameElement;}\n\t\t\t\u003c/script\u003e\u003c/html\u003e\n","FID_active_grids":261,"GridID":"G51","Shape_Length":5.4137244726200486e-05,"Shape_Area":1.6279742459705287e-10}},{"type":"Feature","id":41728,"geometry":{"type":"Polygon","coordinates":[[[115.37416777200008,-6.8349312499999542],[115.37416768900005,-6.834922229999961],[115.37414061700008,-6.8349224769999637],[115.37414069900001,-6.8349314959999674],[115.37416777200008,-6.8349312499999542]]]},"properties":{"OBJECTID":41728,"FID_mangrove_utm":41548,"OBJECTID_1":41548,"Name":"18102566,9293","FolderPath":"JATIM/JATIM","SymbolID":0,"AltMode":0,"Base":0,"Clamped":-1,"Extruded":0,"Snippet":"","PopupInfo":"\u003chtml xmlns:fo=\"http://www.w3.org/1999/XSL/Format\" xmlns:msxsl=\"urn:schemas-microsoft-com:xslt\"\u003e\n\u003chead\u003e\n\u003cMETA http-equiv=\"Content-Type\" content=\"text/html\"\u003e\n\u003cmeta http-equiv=\"content-type\" content=\"text/html; charset=UTF-8\"\u003e\n\u003c/head\u003e\n\u003cbody style=\"margin:0px 0px 0px 0px;overflow:auto;background:#FFFFFF;\"\u003e\n\u003ctable style=\"font-family:Arial,Verdana,Times;font-size:12px;text-align:left;width:100%;border-collapse:collapse;padding:3px 3px 3px 3px\"\u003e\n\u003ctr style=\"text-align:center;font-weight:bold;background:#9CBCE2\"\u003e\n\u003ctd\u003e18102566,9293\u003c/td\u003e\n\u003c/tr\u003e\n\u003ctr\u003e\n\u003ctd\u003e\n\u003ctable style=\"font-family:Arial,Verdana,Times;font-size:12px;text-align:left;width:100%;border-spacing:0px; padding:3px 3px 3px 3px\"\u003e\n\u003ctr\u003e\n\u003ctd\u003eFID\u003c/td\u003e\n\u003ctd\u003e0\u003c/td\u003e\n\u003c/tr\u003e\n\u003ctr bgcolor=\"#D4E4F3\"\u003e\n\u003ctd\u003eShape_Leng\u003c/td\u003e\n\u003ctd\u003e18102566,9293\u003c/td\u003e\n\u003c/tr\u003e\n\u003c/table\u003e\n\u003c/td\u003e\n\u003c/tr\u003e\n\u003c/table\u003e\n\u003c/body\u003e\u003cscript type=\"text/javascript\"\u003e\n\t\t\t\tfunction changeImage(attElement, nameElement) {\n\t\t\t\tdocument.getElementById('imageAttachment').src = attElement;\n\t\t\t\tdocument.getElementById('imageName').innerHTML = nameElement;}\n\t\t\t\u003c/script\u003e\u003c/html\u003e\n","FID_active_grids":261,"GridID":"G51","Shape_Length":7.2186999048495153e-05,"Shape_Area":2.4420075011352534e-10}},{"type":"Feature","id":41736,"geometry":{"type":"Polygon","coordinates":[[[115.37179147100005,-6.8346281359999352],[115.37179138900001,-6.8346191159999421],[115.37178236500006,-6.8346191979999276],[115.3717824470001,-6.8346282179999776],[115.37179147100005,-6.8346281359999352]]]},"properties":{"OBJECTID":41736,"FID_mangrove_utm":41556,"OBJECTID_1":41556,"Name":"18102566,9293","FolderPath":"JATIM/JATIM","SymbolID":0,"AltMode":0,"Base":0,"Clamped":-1,"Extruded":0,"Snippet":"","PopupInfo":"\u003chtml xmlns:fo=\"http://www.w3.org/1999/XSL/Format\" xmlns:msxsl=\"urn:schemas-microsoft-com:xslt\"\u003e\n\u003chead\u003e\n\u003cMETA http-equiv=\"Content-Type\" content=\"text/html\"\u003e\n\u003cmeta http-equiv=\"content-type\" content=\"text/html; charset=UTF-8\"\u003e\n\u003c/head\u003e\n\u003cbody style=\"margin:0px 0px 0px 0px;overflow:auto;background:#FFFFFF;\"\u003e\n\u003ctable style=\"font-family:Arial,Verdana,Times;font-size:12px;text-align:left;width:100%;border-collapse:collapse;padding:3px 3px 3px 3px\"\u003e\n\u003ctr style=\"text-align:center;font-weight:bold;background:#9CBCE2\"\u003e\n\u003ctd\u003e18102566,9293\u003c/td\u003e\n\u003c/tr\u003e\n\u003ctr\u003e\n\u003ctd\u003e\n\u003ctable style=\"font-family:Arial,Verdana,Times;font-size:12px;text-align:left;width:100%;border-spacing:0px; padding:3px 3px 3px 3px\"\u003e\n\u003ctr\u003e\n\u003ctd\u003eFID\u003c/td\u003e\n\u003ctd\u003e0\u003c/td\u003e\n\u003c/tr\u003e\n\u003ctr bgcolor=\"#D4E4F3\"\u003e\n\u003ctd\u003eShape_Leng\u003c/td\u003e\n\u003ctd\u003e18102566,9293\u003c/td\u003e\n\u003c/tr\u003e\n\u003c/table\u003e\n\u003c/td\u003e\n\u003c/tr\u003e\n\u003c/table\u003e\n\u003c/body\u003e\u003cscript type=\"text/javascript\"\u003e\n\t\t\t\tfunction changeImage(attElement, nameElement) {\n\t\t\t\tdocument.getElementById('imageAttachment').src = attElement;\n\t\t\t\tdocument.getElementById('imageName').innerHTML = nameElement;}\n\t\t\t\u003c/script\u003e\u003c/html\u003e\n","FID_active_grids":261,"GridID":"G51","Shape_Length":3.6089490493712344e-05,"Shape_Area":8.1403203755795125e-11}},{"type":"Feature","id":41737,"geometry":{"type":"Polygon","coordinates":[[[115.37388498500002,-6.8346000729999332],[115.37388482000006,-6.8345820339999364],[115.37389384500011,-6.8345819519999509],[115.37389376200008,-6.8345729329999472],[115.37386669000011,-6.8345731789999604],[115.37386693700012,-6.8346002379999504],[115.37388498500002,-6.8346000729999332]]]},"properties":{"OBJECTID":41737,"FID_mangrove_utm":41557,"OBJECTID_1":41557,"Name":"18102566,9293","FolderPath":"JATIM/JATIM","SymbolID":0,"AltMode":0,"Base":0,"Clamped":-1,"Extruded":0,"Snippet":"","PopupInfo":"\u003chtml xmlns:fo=\"http://www.w3.org/1999/XSL/Format\" xmlns:msxsl=\"urn:schemas-microsoft-com:xslt\"\u003e\n\u003chead\u003e\n\u003cMETA http-equiv=\"Content-Type\" content=\"text/html\"\u003e\n\u003cmeta http-equiv=\"content-type\" content=\"text/html; charset=UTF-8\"\u003e\n\u003c/head\u003e\n\u003cbody style=\"margin:0px 0px 0px 0px;overflow:auto;background:#FFFFFF;\"\u003e\n\u003ctable style=\"font-family:Arial,Verdana,Times;font-size:12px;text-align:left;width:100%;border-collapse:collapse;padding:3px 3px 3px 3px\"\u003e\n\u003ctr style=\"text-align:center;font-weight:bold;background:#9CBCE2\"\u003e\n\u003ctd\u003e18102566,9293\u003c/td\u003e\n\u003c/tr\u003e\n\u003ctr\u003e\n\u003ctd\u003e\n\u003ctable style=\"font-family:Arial,Verdana,Times;font-size:12px;text-align:left;width:100%;border-spacing:0px; padding:3px 3px 3px 3px\"\u003e\n\u003ctr\u003e\n\u003ctd\u003eFID\u003c/td\u003e\n\u003ctd\u003e0\u003c/td\u003e\n\u003c/tr\u003e\n\u003ctr bgcolor=\"#D4E4F3\"\u003e\n\u003ctd\u003eShape_Leng\u003c/td\u003e\n\u003ctd\u003e18102566,9293\u003c/td\u003e\n\u003c/tr\u003e\n\u003c/table\u003e\n\u003c/td\u003e\n\u003c/tr\u003e\n\u003c/table\u003e\n\u003c/body\u003e\u003cscript type=\"text/javascript\"\u003e\n\t\t\t\tfunction changeImage(attElement, nameElement) {\n\t\t\t\tdocument.getElementById('imageAttachment').src = attElement;\n\t\t\t\tdocument.getElementById('imageName').innerHTML = nameElement;}\n\t\t\t\u003c/script\u003e\u003c/html\u003e\n","FID_active_grids":261,"GridID":"G51","Shape_Length":0.00010826650812812615,"Shape_Area":5.6978669962452249e-10}},{"type":"Feature","id":41738,"geometry":{"type":"Polygon","coordinates":[[[115.37173617700012,-6.8345023549999269],[115.37173609500007,-6.8344933349999337],[115.37171804700006,-6.8344934989999615],[115.3717181290001,-6.8345025189999546],[115.37173617700012,-6.8345023549999269]]]},"properties":{"OBJECTID":41738,"FID_mangrove_utm":41558,"OBJECTID_1":41558,"Name":"18102566,9293","FolderPath":"JATIM/JATIM","SymbolID":0,"AltMode":0,"Base":0,"Clamped":-1,"Extruded":0,"Snippet":"","PopupInfo":"\u003chtml xmlns:fo=\"http://www.w3.org/1999/XSL/Format\" xmlns:msxsl=\"urn:schemas-microsoft-com:xslt\"\u003e\n\u003chead\u003e\n\u003cMETA http-equiv=\"Content-Type\" content=\"text/html\"\u003e\n\u003cmeta http-equiv=\"content-type\" content=\"text/html; charset=UTF-8\"\u003e\n\u003c/head\u003e\n\u003cbody style=\"margin:0px 0px 0px 0px;overflow:auto;background:#FFFFFF;\"\u003e\n\u003ctable style=\"font-family:Arial,Verdana,Times;font-size:12px;text-align:left;width:100%;border-collapse:collapse;padding:3px 3px 3px 3px\"\u003e\n\u003ctr style=\"text-align:center;font-weight:bold;background:#9CBCE2\"\u003e\n\u003ctd\u003e18102566,9293\u003c/td\u003e\n\u003c/tr\u003e\n\u003ctr\u003e\n\u003ctd\u003e\n\u003ctable style=\"font-family:Arial,Verdana,Times;font-size:12px;text-align:left;width:100%;border-spacing:0px; padding:3px 3px 3px 3px\"\u003e\n\u003ctr\u003e\n\u003ctd\u003eFID\u003c/td\u003e\n\u003ctd\u003e0\u003c/td\u003e\n\u003c/tr\u003e\n\u003ctr bgcolor=\"#D4E4F3\"\u003e\n\u003ctd\u003eShape_Leng\u003c/td\u003e\n\u003ctd\u003e18102566,9293\u003c/td\u003e\n\u003c/tr\u003e\n\u003c/table\u003e\n\u003c/td\u003e\n\u003c/tr\u003e\n\u003c/table\u003e\n\u003c/body\u003e\u003cscript type=\"text/javascript\"\u003e\n\t\t\t\tfunction changeImage(attElement, nameElement) {\n\t\t\t\tdocument.getElementById('imageAttachment').src = attElement;\n\t\t\t\tdocument.getElementById('imageName').innerHTML = nameElement;}\n\t\t\t\u003c/script\u003e\u003c/html\u003e\n","FID_active_grids":261,"GridID":"G51","Shape_Length":5.4138235674907164e-05,"Shape_Area":1.6280640802409052e-10}},{"type":"Feature","id":41739,"geometry":{"type":"Polygon","coordinates":[[[115.37169081000002,-6.8344757059999779],[115.37169089200006,-6.834484725999971],[115.37169991700011,-6.8344846439999287],[115.37169983400008,-6.8344756239999356],[115.37169081000002,-6.8344757059999779]]]},"properties":{"OBJECTID":41739,"FID_mangrove_utm":41559,"OBJECTID_1":41559,"Name":"18102566,9293","FolderPath":"JATIM/JATIM","SymbolID":0,"AltMode":0,"Base":0,"Clamped":-1,"Extruded":0,"Snippet":"","PopupInfo":"\u003chtml xmlns:fo=\"http://www.w3.org/1999/XSL/Format\" xmlns:msxsl=\"urn:schemas-microsoft-com:xslt\"\u003e\n\u003chead\u003e\n\u003cMETA http-equiv=\"Content-Type\" content=\"text/html\"\u003e\n\u003cmeta http-equiv=\"content-type\" content=\"text/html; charset=UTF-8\"\u003e\n\u003c/head\u003e\n\u003cbody style=\"margin:0px 0px 0px 0px;overflow:auto;background:#FFFFFF;\"\u003e\n\u003ctable style=\"font-family:Arial,Verdana,Times;font-size:12px;text-align:left;width:100%;border-collapse:collapse;padding:3px 3px 3px 3px\"\u003e\n\u003ctr style=\"text-align:center;font-weight:bold;background:#9CBCE2\"\u003e\n\u003ctd\u003e18102566,9293\u003c/td\u003e\n\u003c/tr\u003e\n\u003ctr\u003e\n\u003ctd\u003e\n\u003ctable style=\"font-family:Arial,Verdana,Times;font-size:12px;text-align:left;width:100%;border-spacing:0px; padding:3px 3px 3px 3px\"\u003e\n\u003ctr\u003e\n\u003ctd\u003eFID\u003c/td\u003e\n\u003ctd\u003e0\u003c/td\u003e\n\u003c/tr\u003e\n\u003ctr bgcolor=\"#D4E4F3\"\u003e\n\u003ctd\u003eShape_Leng\u003c/td\u003e\n\u003ctd\u003e18102566,9293\u003c/td\u003e\n\u003c/tr\u003e\n\u003c/table\u003e\n\u003c/td\u003e\n\u003c/tr\u003e\n\u003c/table\u003e\n\u003c/body\u003e\u003cscript type=\"text/javascript\"\u003e\n\t\t\t\tfunction changeImage(attElement, nameElement) {\n\t\t\t\tdocument.getElementById('imageAttachment').src = attElement;\n\t\t\t\tdocument.getElementById('imageName').innerHTML = nameElement;}\n\t\t\t\u003c/script\u003e\u003c/html\u003e\n","FID_active_grids":261,"GridID":"G51","Shape_Length":3.6090499758764796e-05,"Shape_Area":8.1407755478992566e-11}},{"type":"Feature","id":41740,"geometry":{"type":"Polygon","coordinates":[[[115.37169081000002,-6.8344757059999779],[115.37169072800009,-6.8344666869999742],[115.37168170400003,-6.8344667689999596],[115.37168178600007,-6.8344757889999528],[115.37169081000002,-6.8344757059999779]]]},"properties":{"OBJECTID":41740,"FID_mangrove_utm":41560,"OBJECTID_1":41560,"Name":"18102566,9293","FolderPath":"JATIM/JATIM","SymbolID":0,"AltMode":0,"Base":0,"Clamped":-1,"Extruded":0,"Snippet":"","PopupInfo":"\u003chtml xmlns:fo=\"http://www.w3.org/1999/XSL/Format\" xmlns:msxsl=\"urn:schemas-microsoft-com:xslt\"\u003e\n\u003chead\u003e\n\u003cMETA http-equiv=\"Content-Type\" content=\"text/html\"\u003e\n\u003cmeta http-equiv=\"content-type\" content=\"text/html; charset=UTF-8\"\u003e\n\u003c/head\u003e\n\u003cbody style=\"margin:0px 0px 0px 0px;overflow:auto;background:#FFFFFF;\"\u003e\n\u003ctable style=\"font-family:Arial,Verdana,Times;font-size:12px;text-align:left;width:100%;border-collapse:collapse;padding:3px 3px 3px 3px\"\u003e\n\u003ctr style=\"text-align:center;font-weight:bold;background:#9CBCE2\"\u003e\n\u003ctd\u003e18102566,9293\u003c/td\u003e\n\u003c/tr\u003e\n\u003ctr\u003e\n\u003ctd\u003e\n\u003ctable style=\"font-family:Arial,Verdana,Times;font-size:12px;text-align:left;width:100%;border-spacing:0px; padding:3px 3px 3px 3px\"\u003e\n\u003ctr\u003e\n\u003ctd\u003eFID\u003c/td\u003e\n\u003ctd\u003e0\u003c/td\u003e\n\u003c/tr\u003e\n\u003ctr bgcolor=\"#D4E4F3\"\u003e\n\u003ctd\u003eShape_Leng\u003c/td\u003e\n\u003ctd\u003e18102566,9293\u003c/td\u003e\n\u003c/tr\u003e\n\u003c/table\u003e\n\u003c/td\u003e\n\u003c/tr\u003e\n\u003c/table\u003e\n\u003c/body\u003e\u003cscript type=\"text/javascript\"\u003e\n\t\t\t\tfunction changeImage(attElement, nameElement) {\n\t\t\t\tdocument.getElementById('imageAttachment').src = attElement;\n\t\t\t\tdocument.getElementById('imageName').innerHTML = nameElement;}\n\t\t\t\u003c/script\u003e\u003c/html\u003e\n","FID_active_grids":261,"GridID":"G51","Shape_Length":3.6088499742709018e-05,"Shape_Area":8.1398733052325038e-11}},{"type":"Feature","id":41741,"geometry":{"type":"Polygon","coordinates":[[[115.37128398600009,-6.8343982229999369],[115.37127496100004,-6.8343983049999792],[115.37127504400007,-6.8344073249999724],[115.37126601900002,-6.8344074069999579],[115.37126610100006,-6.8344164259999616],[115.37127512600011,-6.8344163439999761],[115.37127526900008,-6.8344320869999251],[115.37128430600001,-6.834433464999961],[115.37128423200011,-6.8344252819999269],[115.37129325600006,-6.8344251999999415],[115.37129317400002,-6.8344161799999483],[115.37130219800008,-6.8344160979999629],[115.37130211600004,-6.8344070779999697],[115.37128406800002,-6.8344072429999301],[115.37128398600009,-6.8343982229999369]]]},"properties":{"OBJECTID":41741,"FID_mangrove_utm":41561,"OBJECTID_1":41561,"Name":"18102566,9293","FolderPath":"JATIM/JATIM","SymbolID":0,"AltMode":0,"Base":0,"Clamped":-1,"Extruded":0,"Snippet":"","PopupInfo":"\u003chtml xmlns:fo=\"http://www.w3.org/1999/XSL/Format\" xmlns:msxsl=\"urn:schemas-microsoft-com:xslt\"\u003e\n\u003chead\u003e\n\u003cMETA http-equiv=\"Content-Type\" content=\"text/html\"\u003e\n\u003cmeta http-equiv=\"content-type\" content=\"text/html; charset=UTF-8\"\u003e\n\u003c/head\u003e\n\u003cbody style=\"margin:0px 0px 0px 0px;overflow:auto;background:#FFFFFF;\"\u003e\n\u003ctable style=\"font-family:Arial,Verdana,Times;font-size:12px;text-align:left;width:100%;border-collapse:collapse;padding:3px 3px 3px 3px\"\u003e\n\u003ctr style=\"text-align:center;font-weight:bold;background:#9CBCE2\"\u003e\n\u003ctd\u003e18102566,9293\u003c/td\u003e\n\u003c/tr\u003e\n\u003ctr\u003e\n\u003ctd\u003e\n\u003ctable style=\"font-family:Arial,Verdana,Times;font-size:12px;text-align:left;width:100%;border-spacing:0px; padding:3px 3px 3px 3px\"\u003e\n\u003ctr\u003e\n\u003ctd\u003eFID\u003c/td\u003e\n\u003ctd\u003e0\u003c/td\u003e\n\u003c/tr\u003e\n\u003ctr bgcolor=\"#D4E4F3\"\u003e\n\u003ctd\u003eShape_Leng\u003c/td\u003e\n\u003ctd\u003e18102566,9293\u003c/td\u003e\n\u003c/tr\u003e\n\u003c/table\u003e\n\u003c/td\u003e\n\u003c/tr\u003e\n\u003c/table\u003e\n\u003c/body\u003e\u003cscript type=\"text/javascript\"\u003e\n\t\t\t\tfunction changeImage(attElement, nameElement) {\n\t\t\t\tdocument.getElementById('imageAttachment').src = attElement;\n\t\t\t\tdocument.getElementById('imageName').innerHTML = nameElement;}\n\t\t\t\u003c/script\u003e\u003c/html\u003e\n","FID_active_grids":261,"GridID":"G51","Shape_Length":0.00014134293170476453,"Shape_Area":6.3707007573283175e-10}},{"type":"Feature","id":41742,"geometry":{"type":"Polygon","coordinates":[[[115.37133821200007,-6.834406749999971],[115.37133813000003,-6.8343977309999673],[115.37132910600008,-6.8343978129999527],[115.37132918800012,-6.8344068319999565],[115.37133821200007,-6.834406749999971]]]},"properties":{"OBJECTID":41742,"FID_mangrove_utm":41562,"OBJECTID_1":41562,"Name":"18102566,9293","FolderPath":"JATIM/JATIM","SymbolID":0,"AltMode":0,"Base":0,"Clamped":-1,"Extruded":0,"Snippet":"","PopupInfo":"\u003chtml xmlns:fo=\"http://www.w3.org/1999/XSL/Format\" xmlns:msxsl=\"urn:schemas-microsoft-com:xslt\"\u003e\n\u003chead\u003e\n\u003cMETA http-equiv=\"Content-Type\" content=\"text/html\"\u003e\n\u003cmeta http-equiv=\"content-type\" content=\"text/html; charset=UTF-8\"\u003e\n\u003c/head\u003e\n\u003cbody style=\"margin:0px 0px 0px 0px;overflow:auto;background:#FFFFFF;\"\u003e\n\u003ctable style=\"font-family:Arial,Verdana,Times;font-size:12px;text-align:left;width:100%;border-collapse:collapse;padding:3px 3px 3px 3px\"\u003e\n\u003ctr style=\"text-align:center;font-weight:bold;background:#9CBCE2\"\u003e\n\u003ctd\u003e18102566,9293\u003c/td\u003e\n\u003c/tr\u003e\n\u003ctr\u003e\n\u003ctd\u003e\n\u003ctable style=\"font-family:Arial,Verdana,Times;font-size:12px;text-align:left;width:100%;border-spacing:0px; padding:3px 3px 3px 3px\"\u003e\n\u003ctr\u003e\n\u003ctd\u003eFID\u003c/td\u003e\n\u003ctd\u003e0\u003c/td\u003e\n\u003c/tr\u003e\n\u003ctr bgcolor=\"#D4E4F3\"\u003e\n\u003ctd\u003eShape_Leng\u003c/td\u003e\n\u003ctd\u003e18102566,9293\u003c/td\u003e\n\u003c/tr\u003e\n\u003c/table\u003e\n\u003c/td\u003e\n\u003c/tr\u003e\n\u003c/table\u003e\n\u003c/body\u003e\u003cscript type=\"text/javascript\"\u003e\n\t\t\t\tfunction changeImage(attElement, nameElement) {\n\t\t\t\tdocument.getElementById('imageAttachment').src = attElement;\n\t\t\t\tdocument.getElementById('imageName').innerHTML = nameElement;}\n\t\t\t\u003c/script\u003e\u003c/html\u003e\n","FID_active_grids":261,"GridID":"G51","Shape_Length":3.6087490540153441e-05,"Shape_Area":8.1394179592468623e-11}},{"type":"Feature","id":41743,"geometry":{"type":"Polygon","coordinates":[[[115.37113049300001,-6.8343905979999704],[115.37109439700009,-6.8343909269999585],[115.37109447900002,-6.8343999459999623],[115.37110350300009,-6.8343998639999768],[115.37110355800007,-6.8344059079999511],[115.37112198000011,-6.8344087159999276],[115.37113968100005,-6.8344085549999249],[115.37113959900012,-6.8343995359999781],[115.37113057500005,-6.8343996179999635],[115.37113049300001,-6.8343905979999704]]]},"properties":{"OBJECTID":41743,"FID_mangrove_utm":41563,"OBJECTID_1":41563,"Name":"18102566,9293","FolderPath":"JATIM/JATIM","SymbolID":0,"AltMode":0,"Base":0,"Clamped":-1,"Extruded":0,"Snippet":"","PopupInfo":"\u003chtml xmlns:fo=\"http://www.w3.org/1999/XSL/Format\" xmlns:msxsl=\"urn:schemas-microsoft-com:xslt\"\u003e\n\u003chead\u003e\n\u003cMETA http-equiv=\"Content-Type\" content=\"text/html\"\u003e\n\u003cmeta http-equiv=\"content-type\" content=\"text/html; charset=UTF-8\"\u003e\n\u003c/head\u003e\n\u003cbody style=\"margin:0px 0px 0px 0px;overflow:auto;background:#FFFFFF;\"\u003e\n\u003ctable style=\"font-family:Arial,Verdana,Times;font-size:12px;text-align:left;width:100%;border-collapse:collapse;padding:3px 3px 3px 3px\"\u003e\n\u003ctr style=\"text-align:center;font-weight:bold;background:#9CBCE2\"\u003e\n\u003ctd\u003e18102566,9293\u003c/td\u003e\n\u003c/tr\u003e\n\u003ctr\u003e\n\u003ctd\u003e\n\u003ctable style=\"font-family:Arial,Verdana,Times;font-size:12px;text-align:left;width:100%;border-spacing:0px; padding:3px 3px 3px 3px\"\u003e\n\u003ctr\u003e\n\u003ctd\u003eFID\u003c/td\u003e\n\u003ctd\u003e0\u003c/td\u003e\n\u003c/tr\u003e\n\u003ctr bgcolor=\"#D4E4F3\"\u003e\n\u003ctd\u003eShape_Leng\u003c/td\u003e\n\u003ctd\u003e18102566,9293\u003c/td\u003e\n\u003c/tr\u003e\n\u003c/table\u003e\n\u003c/td\u003e\n\u003c/tr\u003e\n\u003c/table\u003e\n\u003c/body\u003e\u003cscript type=\"text/javascript\"\u003e\n\t\t\t\tfunction changeImage(attElement, nameElement) {\n\t\t\t\tdocument.getElementById('imageAttachment').src = attElement;\n\t\t\t\tdocument.getElementById('imageName').innerHTML = nameElement;}\n\t\t\t\u003c/script\u003e\u003c/html\u003e\n","FID_active_grids":261,"GridID":"G51","Shape_Length":0.00012358612293396061,"Shape_Area":6.2380925609954785e-10}},{"type":"Feature","id":41744,"geometry":{"type":"Polygon","coordinates":[[[115.37135617900003,-6.8343975669999395],[115.3713560970001,-6.8343885469999464],[115.37134707200005,-6.8343886289999318],[115.37134715400009,-6.834397648999925],[115.37135617900003,-6.8343975669999395]]]},"properties":{"OBJECTID":41744,"FID_mangrove_utm":41564,"OBJECTID_1":41564,"Name":"18102566,9293","FolderPath":"JATIM/JATIM","SymbolID":0,"AltMode":0,"Base":0,"Clamped":-1,"Extruded":0,"Snippet":"","PopupInfo":"\u003chtml xmlns:fo=\"http://www.w3.org/1999/XSL/Format\" xmlns:msxsl=\"urn:schemas-microsoft-com:xslt\"\u003e\n\u003chead\u003e\n\u003cMETA http-equiv=\"Content-Type\" content=\"text/html\"\u003e\n\u003cmeta http-equiv=\"content-type\" content=\"text/html; charset=UTF-8\"\u003e\n\u003c/head\u003e\n\u003cbody style=\"margin:0px 0px 0px 0px;overflow:auto;background:#FFFFFF;\"\u003e\n\u003ctable style=\"font-family:Arial,Verdana,Times;font-size:12px;text-align:left;width:100%;border-collapse:collapse;padding:3px 3px 3px 3px\"\u003e\n\u003ctr style=\"text-align:center;font-weight:bold;background:#9CBCE2\"\u003e\n\u003ctd\u003e18102566,9293\u003c/td\u003e\n\u003c/tr\u003e\n\u003ctr\u003e\n\u003ctd\u003e\n\u003ctable style=\"font-family:Arial,Verdana,Times;font-size:12px;text-align:left;width:100%;border-spacing:0px; padding:3px 3px 3px 3px\"\u003e\n\u003ctr\u003e\n\u003ctd\u003eFID\u003c/td\u003e\n\u003ctd\u003e0\u003c/td\u003e\n\u003c/tr\u003e\n\u003ctr bgcolor=\"#D4E4F3\"\u003e\n\u003ctd\u003eShape_Leng\u003c/td\u003e\n\u003ctd\u003e18102566,9293\u003c/td\u003e\n\u003c/tr\u003e\n\u003c/table\u003e\n\u003c/td\u003e\n\u003c/tr\u003e\n\u003c/table\u003e\n\u003c/body\u003e\u003cscript type=\"text/javascript\"\u003e\n\t\t\t\tfunction changeImage(attElement, nameElement) {\n\t\t\t\tdocument.getElementById('imageAttachment').src = attElement;\n\t\t\t\tdocument.getElementById('imageName').innerHTML = nameElement;}\n\t\t\t\u003c/script\u003e\u003c/html\u003e\n","FID_active_grids":261,"GridID":"G51","Shape_Length":3.6091490445296419e-05,"Shape_Area":8.1412223909656559e-11}},{"type":"Feature","id":41747,"geometry":{"type":"Polygon","coordinates":[[[115.37074188100007,-6.8343309889999659],[115.37073358500004,-6.834331064999958],[115.37074190300007,-6.8343334679999543],[115.37074188100007,-6.8343309889999659]]]},"properties":{"OBJECTID":41747,"FID_mangrove_utm":41567,"OBJECTID_1":41567,"Name":"18102566,9293","FolderPath":"JATIM/JATIM","SymbolID":0,"AltMode":0,"Base":0,"Clamped":-1,"Extruded":0,"Snippet":"","PopupInfo":"\u003chtml xmlns:fo=\"http://www.w3.org/1999/XSL/Format\" xmlns:msxsl=\"urn:schemas-microsoft-com:xslt\"\u003e\n\u003chead\u003e\n\u003cMETA http-equiv=\"Content-Type\" content=\"text/html\"\u003e\n\u003cmeta http-equiv=\"content-type\" content=\"text/html; charset=UTF-8\"\u003e\n\u003c/head\u003e\n\u003cbody style=\"margin:0px 0px 0px 0px;overflow:auto;background:#FFFFFF;\"\u003e\n\u003ctable style=\"font-family:Arial,Verdana,Times;font-size:12px;text-align:left;width:100%;border-collapse:collapse;padding:3px 3px 3px 3px\"\u003e\n\u003ctr style=\"text-align:center;font-weight:bold;background:#9CBCE2\"\u003e\n\u003ctd\u003e18102566,9293\u003c/td\u003e\n\u003c/tr\u003e\n\u003ctr\u003e\n\u003ctd\u003e\n\u003ctable style=\"font-family:Arial,Verdana,Times;font-size:12px;text-align:left;width:100%;border-spacing:0px; padding:3px 3px 3px 3px\"\u003e\n\u003ctr\u003e\n\u003ctd\u003eFID\u003c/td\u003e\n\u003ctd\u003e0\u003c/td\u003e\n\u003c/tr\u003e\n\u003ctr bgcolor=\"#D4E4F3\"\u003e\n\u003ctd\u003eShape_Leng\u003c/td\u003e\n\u003ctd\u003e18102566,9293\u003c/td\u003e\n\u003c/tr\u003e\n\u003c/table\u003e\n\u003c/td\u003e\n\u003c/tr\u003e\n\u003c/table\u003e\n\u003c/body\u003e\u003cscript type=\"text/javascript\"\u003e\n\t\t\t\tfunction changeImage(attElement, nameElement) {\n\t\t\t\tdocument.getElementById('imageAttachment').src = attElement;\n\t\t\t\tdocument.getElementById('imageName').innerHTML = nameElement;}\n\t\t\t\u003c/script\u003e\u003c/html\u003e\n","FID_active_grids":261,"GridID":"G51","Shape_Length":1.9433594135308445e-05,"Shape_Area":1.0283727992136274e-11}},{"type":"Feature","id":41748,"geometry":{"type":"Polygon","coordinates":[[[115.37073269200005,-6.8343130319999545],[115.3707236680001,-6.83431311399994],[115.37072380600011,-6.8343282389999445],[115.37073285500003,-6.8343308539999725],[115.37073269200005,-6.8343130319999545]]]},"properties":{"OBJECTID":41748,"FID_mangrove_utm":41568,"OBJECTID_1":41568,"Name":"18102566,9293","FolderPath":"JATIM/JATIM","SymbolID":0,"AltMode":0,"Base":0,"Clamped":-1,"Extruded":0,"Snippet":"","PopupInfo":"\u003chtml xmlns:fo=\"http://www.w3.org/1999/XSL/Format\" xmlns:msxsl=\"urn:schemas-microsoft-com:xslt\"\u003e\n\u003chead\u003e\n\u003cMETA http-equiv=\"Content-Type\" content=\"text/html\"\u003e\n\u003cmeta http-equiv=\"content-type\" content=\"text/html; charset=UTF-8\"\u003e\n\u003c/head\u003e\n\u003cbody style=\"margin:0px 0px 0px 0px;overflow:auto;background:#FFFFFF;\"\u003e\n\u003ctable style=\"font-family:Arial,Verdana,Times;font-size:12px;text-align:left;width:100%;border-collapse:collapse;padding:3px 3px 3px 3px\"\u003e\n\u003ctr style=\"text-align:center;font-weight:bold;background:#9CBCE2\"\u003e\n\u003ctd\u003e18102566,9293\u003c/td\u003e\n\u003c/tr\u003e\n\u003ctr\u003e\n\u003ctd\u003e\n\u003ctable style=\"font-family:Arial,Verdana,Times;font-size:12px;text-align:left;width:100%;border-spacing:0px; padding:3px 3px 3px 3px\"\u003e\n\u003ctr\u003e\n\u003ctd\u003eFID\u003c/td\u003e\n\u003ctd\u003e0\u003c/td\u003e\n\u003c/tr\u003e\n\u003ctr bgcolor=\"#D4E4F3\"\u003e\n\u003ctd\u003eShape_Leng\u003c/td\u003e\n\u003ctd\u003e18102566,9293\u003c/td\u003e\n\u003c/tr\u003e\n\u003c/table\u003e\n\u003c/td\u003e\n\u003c/tr\u003e\n\u003c/table\u003e\n\u003c/body\u003e\u003cscript type=\"text/javascript\"\u003e\n\t\t\t\tfunction changeImage(attElement, nameElement) {\n\t\t\t\tdocument.getElementById('imageAttachment').src = attElement;\n\t\t\t\tdocument.getElementById('imageName').innerHTML = nameElement;}\n\t\t\t\u003c/script\u003e\u003c/html\u003e\n","FID_active_grids":261,"GridID":"G51","Shape_Length":5.1392016244086993e-05,"Shape_Area":1.4867217348345431e-10}},{"type":"Feature","id":41751,"geometry":{"type":"Polygon","coordinates":[[[115.37052464500005,-6.8342608019999602],[115.37053366900011,-6.8342607199999748],[115.37053358700007,-6.8342516999999248],[115.37056065900003,-6.8342514539999684],[115.37056049500006,-6.8342334149999715],[115.37039806100006,-6.8342348919999267],[115.37039807100007,-6.8342360579999308],[115.37043528700008,-6.834244880999961],[115.37049143700006,-6.8342611039999497],[115.37050659600004,-6.8342609659999312],[115.37050663800005,-6.8342654959999436],[115.3705217050001,-6.834269848999952],[115.37052472700009,-6.8342698209999639],[115.37052464500005,-6.8342608019999602]]]},"properties":{"OBJECTID":41751,"FID_mangrove_utm":41571,"OBJECTID_1":41571,"Name":"18102566,9293","FolderPath":"JATIM/JATIM","SymbolID":0,"AltMode":0,"Base":0,"Clamped":-1,"Extruded":0,"Snippet":"","PopupInfo":"\u003chtml xmlns:fo=\"http://www.w3.org/1999/XSL/Format\" xmlns:msxsl=\"urn:schemas-microsoft-com:xslt\"\u003e\n\u003chead\u003e\n\u003cMETA http-equiv=\"Content-Type\" content=\"text/html\"\u003e\n\u003cmeta http-equiv=\"content-type\" content=\"text/html; charset=UTF-8\"\u003e\n\u003c/head\u003e\n\u003cbody style=\"margin:0px 0px 0px 0px;overflow:auto;background:#FFFFFF;\"\u003e\n\u003ctable style=\"font-family:Arial,Verdana,Times;font-size:12px;text-align:left;width:100%;border-collapse:collapse;padding:3px 3px 3px 3px\"\u003e\n\u003ctr style=\"text-align:center;font-weight:bold;background:#9CBCE2\"\u003e\n\u003ctd\u003e18102566,9293\u003c/td\u003e\n\u003c/tr\u003e\n\u003ctr\u003e\n\u003ctd\u003e\n\u003ctable style=\"font-family:Arial,Verdana,Times;font-size:12px;text-align:left;width:100%;border-spacing:0px; padding:3px 3px 3px 3px\"\u003e\n\u003ctr\u003e\n\u003ctd\u003eFID\u003c/td\u003e\n\u003ctd\u003e0\u003c/td\u003e\n\u003c/tr\u003e\n\u003ctr bgcolor=\"#D4E4F3\"\u003e\n\u003ctd\u003eShape_Leng\u003c/td\u003e\n\u003ctd\u003e18102566,9293\u003c/td\u003e\n\u003c/tr\u003e\n\u003c/table\u003e\n\u003c/td\u003e\n\u003c/tr\u003e\n\u003c/table\u003e\n\u003c/body\u003e\u003cscript type=\"text/javascript\"\u003e\n\t\t\t\tfunction changeImage(attElement, nameElement) {\n\t\t\t\tdocument.getElementById('imageAttachment').src = attElement;\n\t\t\t\tdocument.getElementById('imageName').innerHTML = nameElement;}\n\t\t\t\u003c/script\u003e\u003c/html\u003e\n","FID_active_grids":261,"GridID":"G51","Shape_Length":0.00037087309140421354,"Shape_Area":3.0205308995896187e-09}},{"type":"Feature","id":41753,"geometry":{"type":"Polygon","coordinates":[[[115.36956587000009,-6.8340259679999349],[115.36954782200007,-6.8340261319999627],[115.36954790800007,-6.8340356649999308],[115.36957504100008,-6.8340420179999342],[115.36957497600008,-6.8340349059999426],[115.36956595200002,-6.834034987999928],[115.36956587000009,-6.8340259679999349]]]},"properties":{"OBJECTID":41753,"FID_mangrove_utm":41573,"OBJECTID_1":41573,"Name":"18102566,9293","FolderPath":"JATIM/JATIM","SymbolID":0,"AltMode":0,"Base":0,"Clamped":-1,"Extruded":0,"Snippet":"","PopupInfo":"\u003chtml xmlns:fo=\"http://www.w3.org/1999/XSL/Format\" xmlns:msxsl=\"urn:schemas-microsoft-com:xslt\"\u003e\n\u003chead\u003e\n\u003cMETA http-equiv=\"Content-Type\" content=\"text/html\"\u003e\n\u003cmeta http-equiv=\"content-type\" content=\"text/html; charset=UTF-8\"\u003e\n\u003c/head\u003e\n\u003cbody style=\"margin:0px 0px 0px 0px;overflow:auto;background:#FFFFFF;\"\u003e\n\u003ctable style=\"font-family:Arial,Verdana,Times;font-size:12px;text-align:left;width:100%;border-collapse:collapse;padding:3px 3px 3px 3px\"\u003e\n\u003ctr style=\"text-align:center;font-weight:bold;background:#9CBCE2\"\u003e\n\u003ctd\u003e18102566,9293\u003c/td\u003e\n\u003c/tr\u003e\n\u003ctr\u003e\n\u003ctd\u003e\n\u003ctable style=\"font-family:Arial,Verdana,Times;font-size:12px;text-align:left;width:100%;border-spacing:0px; padding:3px 3px 3px 3px\"\u003e\n\u003ctr\u003e\n\u003ctd\u003eFID\u003c/td\u003e\n\u003ctd\u003e0\u003c/td\u003e\n\u003c/tr\u003e\n\u003ctr bgcolor=\"#D4E4F3\"\u003e\n\u003ctd\u003eShape_Leng\u003c/td\u003e\n\u003ctd\u003e18102566,9293\u003c/td\u003e\n\u003c/tr\u003e\n\u003c/table\u003e\n\u003c/td\u003e\n\u003c/tr\u003e\n\u003c/table\u003e\n\u003c/body\u003e\u003cscript type=\"text/javascript\"\u003e\n\t\t\t\tfunction changeImage(attElement, nameElement) {\n\t\t\t\tdocument.getElementById('imageAttachment').src = attElement;\n\t\t\t\tdocument.getElementById('imageName').innerHTML = nameElement;}\n\t\t\t\u003c/script\u003e\u003c/html\u003e\n","FID_active_grids":261,"GridID":"G51","Shape_Length":8.0606006856188598e-05,"Shape_Area":2.6603233602957167e-10}},{"type":"Feature","id":41754,"geometry":{"type":"Polygon","coordinates":[[[115.36943920400006,-6.8339910379999651],[115.3694392860001,-6.8340000579999582],[115.36945733400012,-6.8339998939999305],[115.36945741600005,-6.8340089129999342],[115.36949351300007,-6.8340085849999355],[115.36949359500011,-6.8340176049999286],[115.36952969100003,-6.8340172769999299],[115.3695296090001,-6.8340082569999367],[115.36952058500003,-6.8340083389999791],[115.3695205030001,-6.8339993199999753],[115.36947538200002,-6.8339997299999595],[115.36947530000009,-6.8339907099999664],[115.36943920400006,-6.8339910379999651]]]},"properties":{"OBJECTID":41754,"FID_mangrove_utm":41574,"OBJECTID_1":41574,"Name":"18102566,9293","FolderPath":"JATIM/JATIM","SymbolID":0,"AltMode":0,"Base":0,"Clamped":-1,"Extruded":0,"Snippet":"","PopupInfo":"\u003chtml xmlns:fo=\"http://www.w3.org/1999/XSL/Format\" xmlns:msxsl=\"urn:schemas-microsoft-com:xslt\"\u003e\n\u003chead\u003e\n\u003cMETA http-equiv=\"Content-Type\" content=\"text/html\"\u003e\n\u003cmeta http-equiv=\"content-type\" content=\"text/html; charset=UTF-8\"\u003e\n\u003c/head\u003e\n\u003cbody style=\"margin:0px 0px 0px 0px;overflow:auto;background:#FFFFFF;\"\u003e\n\u003ctable style=\"font-family:Arial,Verdana,Times;font-size:12px;text-align:left;width:100%;border-collapse:collapse;padding:3px 3px 3px 3px\"\u003e\n\u003ctr style=\"text-align:center;font-weight:bold;background:#9CBCE2\"\u003e\n\u003ctd\u003e18102566,9293\u003c/td\u003e\n\u003c/tr\u003e\n\u003ctr\u003e\n\u003ctd\u003e\n\u003ctable style=\"font-family:Arial,Verdana,Times;font-size:12px;text-align:left;width:100%;border-spacing:0px; padding:3px 3px 3px 3px\"\u003e\n\u003ctr\u003e\n\u003ctd\u003eFID\u003c/td\u003e\n\u003ctd\u003e0\u003c/td\u003e\n\u003c/tr\u003e\n\u003ctr bgcolor=\"#D4E4F3\"\u003e\n\u003ctd\u003eShape_Leng\u003c/td\u003e\n\u003ctd\u003e18102566,9293\u003c/td\u003e\n\u003c/tr\u003e\n\u003c/table\u003e\n\u003c/td\u003e\n\u003c/tr\u003e\n\u003c/table\u003e\n\u003c/body\u003e\u003cscript type=\"text/javascript\"\u003e\n\t\t\t\tfunction changeImage(attElement, nameElement) {\n\t\t\t\tdocument.getElementById('imageAttachment').src = attElement;\n\t\t\t\tdocument.getElementById('imageName').innerHTML = nameElement;}\n\t\t\t\u003c/script\u003e\u003c/html\u003e\n","FID_active_grids":261,"GridID":"G51","Shape_Length":0.00023460968751602088,"Shape_Area":1.2209941125805839e-09}},{"type":"Feature","id":41755,"geometry":{"type":"Polygon","coordinates":[[[115.36943920400006,-6.8339910379999651],[115.36943912100003,-6.8339820189999614],[115.36942107300001,-6.8339821829999323],[115.36942115500005,-6.833991201999936],[115.36943920400006,-6.8339910379999651]]]},"properties":{"OBJECTID":41755,"FID_mangrove_utm":41575,"OBJECTID_1":41575,"Name":"18102566,9293","FolderPath":"JATIM/JATIM","SymbolID":0,"AltMode":0,"Base":0,"Clamped":-1,"Extruded":0,"Snippet":"","PopupInfo":"\u003chtml xmlns:fo=\"http://www.w3.org/1999/XSL/Format\" xmlns:msxsl=\"urn:schemas-microsoft-com:xslt\"\u003e\n\u003chead\u003e\n\u003cMETA http-equiv=\"Content-Type\" content=\"text/html\"\u003e\n\u003cmeta http-equiv=\"content-type\" content=\"text/html; charset=UTF-8\"\u003e\n\u003c/head\u003e\n\u003cbody style=\"margin:0px 0px 0px 0px;overflow:auto;background:#FFFFFF;\"\u003e\n\u003ctable style=\"font-family:Arial,Verdana,Times;font-size:12px;text-align:left;width:100%;border-collapse:collapse;padding:3px 3px 3px 3px\"\u003e\n\u003ctr style=\"text-align:center;font-weight:bold;background:#9CBCE2\"\u003e\n\u003ctd\u003e18102566,9293\u003c/td\u003e\n\u003c/tr\u003e\n\u003ctr\u003e\n\u003ctd\u003e\n\u003ctable style=\"font-family:Arial,Verdana,Times;font-size:12px;text-align:left;width:100%;border-spacing:0px; padding:3px 3px 3px 3px\"\u003e\n\u003ctr\u003e\n\u003ctd\u003eFID\u003c/td\u003e\n\u003ctd\u003e0\u003c/td\u003e\n\u003c/tr\u003e\n\u003ctr bgcolor=\"#D4E4F3\"\u003e\n\u003ctd\u003eShape_Leng\u003c/td\u003e\n\u003ctd\u003e18102566,9293\u003c/td\u003e\n\u003c/tr\u003e\n\u003c/table\u003e\n\u003c/td\u003e\n\u003c/tr\u003e\n\u003c/table\u003e\n\u003c/body\u003e\u003cscript type=\"text/javascript\"\u003e\n\t\t\t\tfunction changeImage(attElement, nameElement) {\n\t\t\t\tdocument.getElementById('imageAttachment').src = attElement;\n\t\t\t\tdocument.getElementById('imageName').innerHTML = nameElement;}\n\t\t\t\u003c/script\u003e\u003c/html\u003e\n","FID_active_grids":261,"GridID":"G51","Shape_Length":5.4137244872697294e-05,"Shape_Area":1.627929516617092e-10}},{"type":"Feature","id":41756,"geometry":{"type":"Polygon","coordinates":[[[115.36933977400008,-6.8339739009999789],[115.36933985600001,-6.8339829209999721],[115.36936692800009,-6.8339826749999588],[115.36936701000002,-6.8339916939999625],[115.36940310700004,-6.8339913659999638],[115.36940302500011,-6.8339823469999601],[115.36939400100005,-6.8339824289999456],[115.36939391900012,-6.8339734089999524],[115.36933977400008,-6.8339739009999789]]]},"properties":{"OBJECTID":41756,"FID_mangrove_utm":41576,"OBJECTID_1":41576,"Name":"18102566,9293","FolderPath":"JATIM/JATIM","SymbolID":0,"AltMode":0,"Base":0,"Clamped":-1,"Extruded":0,"Snippet":"","PopupInfo":"\u003chtml xmlns:fo=\"http://www.w3.org/1999/XSL/Format\" xmlns:msxsl=\"urn:schemas-microsoft-com:xslt\"\u003e\n\u003chead\u003e\n\u003cMETA http-equiv=\"Content-Type\" content=\"text/html\"\u003e\n\u003cmeta http-equiv=\"content-type\" content=\"text/html; charset=UTF-8\"\u003e\n\u003c/head\u003e\n\u003cbody style=\"margin:0px 0px 0px 0px;overflow:auto;background:#FFFFFF;\"\u003e\n\u003ctable style=\"font-family:Arial,Verdana,Times;font-size:12px;text-align:left;width:100%;border-collapse:collapse;padding:3px 3px 3px 3px\"\u003e\n\u003ctr style=\"text-align:center;font-weight:bold;background:#9CBCE2\"\u003e\n\u003ctd\u003e18102566,9293\u003c/td\u003e\n\u003c/tr\u003e\n\u003ctr\u003e\n\u003ctd\u003e\n\u003ctable style=\"font-family:Arial,Verdana,Times;font-size:12px;text-align:left;width:100%;border-spacing:0px; padding:3px 3px 3px 3px\"\u003e\n\u003ctr\u003e\n\u003ctd\u003eFID\u003c/td\u003e\n\u003ctd\u003e0\u003c/td\u003e\n\u003c/tr\u003e\n\u003ctr bgcolor=\"#D4E4F3\"\u003e\n\u003ctd\u003eShape_Leng\u003c/td\u003e\n\u003ctd\u003e18102566,9293\u003c/td\u003e\n\u003c/tr\u003e\n\u003c/table\u003e\n\u003c/td\u003e\n\u003c/tr\u003e\n\u003c/table\u003e\n\u003c/body\u003e\u003cscript type=\"text/javascript\"\u003e\n\t\t\t\tfunction changeImage(attElement, nameElement) {\n\t\t\t\tdocument.getElementById('imageAttachment').src = attElement;\n\t\t\t\tdocument.getElementById('imageName').innerHTML = nameElement;}\n\t\t\t\u003c/script\u003e\u003c/html\u003e\n","FID_active_grids":261,"GridID":"G51","Shape_Length":0.00016242270683095844,"Shape_Area":8.1401381949035151e-10}},{"type":"Feature","id":41757,"geometry":{"type":"Polygon","coordinates":[[[115.36933977400008,-6.8339739009999789],[115.36933969200004,-6.8339648819999752],[115.36933066800009,-6.8339649639999607],[115.36933058600005,-6.8339559439999675],[115.36920981200001,-6.8339570419999518],[115.36925849700003,-6.8339680989999465],[115.36925847400005,-6.8339656199999581],[115.36927652300005,-6.8339654559999303],[115.36927658400009,-6.8339722069999311],[115.36928619000003,-6.8339743879999446],[115.36933977400008,-6.8339739009999789]]]},"properties":{"OBJECTID":41757,"FID_mangrove_utm":41577,"OBJECTID_1":41577,"Name":"18102566,9293","FolderPath":"JATIM/JATIM","SymbolID":0,"AltMode":0,"Base":0,"Clamped":-1,"Extruded":0,"Snippet":"","PopupInfo":"\u003chtml xmlns:fo=\"http://www.w3.org/1999/XSL/Format\" xmlns:msxsl=\"urn:schemas-microsoft-com:xslt\"\u003e\n\u003chead\u003e\n\u003cMETA http-equiv=\"Content-Type\" content=\"text/html\"\u003e\n\u003cmeta http-equiv=\"content-type\" content=\"text/html; charset=UTF-8\"\u003e\n\u003c/head\u003e\n\u003cbody style=\"margin:0px 0px 0px 0px;overflow:auto;background:#FFFFFF;\"\u003e\n\u003ctable style=\"font-family:Arial,Verdana,Times;font-size:12px;text-align:left;width:100%;border-collapse:collapse;padding:3px 3px 3px 3px\"\u003e\n\u003ctr style=\"text-align:center;font-weight:bold;background:#9CBCE2\"\u003e\n\u003ctd\u003e18102566,9293\u003c/td\u003e\n\u003c/tr\u003e\n\u003ctr\u003e\n\u003ctd\u003e\n\u003ctable style=\"font-family:Arial,Verdana,Times;font-size:12px;text-align:left;width:100%;border-spacing:0px; padding:3px 3px 3px 3px\"\u003e\n\u003ctr\u003e\n\u003ctd\u003eFID\u003c/td\u003e\n\u003ctd\u003e0\u003c/td\u003e\n\u003c/tr\u003e\n\u003ctr bgcolor=\"#D4E4F3\"\u003e\n\u003ctd\u003eShape_Leng\u003c/td\u003e\n\u003ctd\u003e18102566,9293\u003c/td\u003e\n\u003c/tr\u003e\n\u003c/table\u003e\n\u003c/td\u003e\n\u003c/tr\u003e\n\u003c/table\u003e\n\u003c/body\u003e\u003cscript type=\"text/javascript\"\u003e\n\t\t\t\tfunction changeImage(attElement, nameElement) {\n\t\t\t\tdocument.getElementById('imageAttachment').src = attElement;\n\t\t\t\tdocument.getElementById('imageName').innerHTML = nameElement;}\n\t\t\t\u003c/script\u003e\u003c/html\u003e\n","FID_active_grids":261,"GridID":"G51","Shape_Length":0.00028848473971627699,"Shape_Area":1.4894577149558848e-09}},{"type":"Feature","id":41758,"geometry":{"type":"Polygon","coordinates":[[[115.36920416500004,-6.8339480729999309],[115.36919514100009,-6.8339481549999732],[115.36919519200001,-6.8339537209999435],[115.36920423600009,-6.8339557749999358],[115.36920416500004,-6.8339480729999309]]]},"properties":{"OBJECTID":41758,"FID_mangrove_utm":41578,"OBJECTID_1":41578,"Name":"18102566,9293","FolderPath":"JATIM/JATIM","SymbolID":0,"AltMode":0,"Base":0,"Clamped":-1,"Extruded":0,"Snippet":"","PopupInfo":"\u003chtml xmlns:fo=\"http://www.w3.org/1999/XSL/Format\" xmlns:msxsl=\"urn:schemas-microsoft-com:xslt\"\u003e\n\u003chead\u003e\n\u003cMETA http-equiv=\"Content-Type\" content=\"text/html\"\u003e\n\u003cmeta http-equiv=\"content-type\" content=\"text/html; charset=UTF-8\"\u003e\n\u003c/head\u003e\n\u003cbody style=\"margin:0px 0px 0px 0px;overflow:auto;background:#FFFFFF;\"\u003e\n\u003ctable style=\"font-family:Arial,Verdana,Times;font-size:12px;text-align:left;width:100%;border-collapse:collapse;padding:3px 3px 3px 3px\"\u003e\n\u003ctr style=\"text-align:center;font-weight:bold;background:#9CBCE2\"\u003e\n\u003ctd\u003e18102566,9293\u003c/td\u003e\n\u003c/tr\u003e\n\u003ctr\u003e\n\u003ctd\u003e\n\u003ctable style=\"font-family:Arial,Verdana,Times;font-size:12px;text-align:left;width:100%;border-spacing:0px; padding:3px 3px 3px 3px\"\u003e\n\u003ctr\u003e\n\u003ctd\u003eFID\u003c/td\u003e\n\u003ctd\u003e0\u003c/td\u003e\n\u003c/tr\u003e\n\u003ctr bgcolor=\"#D4E4F3\"\u003e\n\u003ctd\u003eShape_Leng\u003c/td\u003e\n\u003ctd\u003e18102566,9293\u003c/td\u003e\n\u003c/tr\u003e\n\u003c/table\u003e\n\u003c/td\u003e\n\u003c/tr\u003e\n\u003c/table\u003e\n\u003c/body\u003e\u003cscript type=\"text/javascript\"\u003e\n\t\t\t\tfunction changeImage(attElement, nameElement) {\n\t\t\t\tdocument.getElementById('imageAttachment').src = attElement;\n\t\t\t\tdocument.getElementById('imageName').innerHTML = nameElement;}\n\t\t\t\u003c/script\u003e\u003c/html\u003e\n","FID_active_grids":261,"GridID":"G51","Shape_Length":3.1567244851623146e-05,"Shape_Area":5.9871410012390903e-11}},{"type":"Feature","id":41759,"geometry":{"type":"Polygon","coordinates":[[[115.36865246200011,-6.8338177809999365],[115.36865254400004,-6.8338268009999297],[115.36866156800011,-6.8338267189999442],[115.36866148600006,-6.8338176989999511],[115.36865246200011,-6.8338177809999365]]]},"properties":{"OBJECTID":41759,"FID_mangrove_utm":41579,"OBJECTID_1":41579,"Name":"18102566,9293","FolderPath":"JATIM/JATIM","SymbolID":0,"AltMode":0,"Base":0,"Clamped":-1,"Extruded":0,"Snippet":"","PopupInfo":"\u003chtml xmlns:fo=\"http://www.w3.org/1999/XSL/Format\" xmlns:msxsl=\"urn:schemas-microsoft-com:xslt\"\u003e\n\u003chead\u003e\n\u003cMETA http-equiv=\"Content-Type\" content=\"text/html\"\u003e\n\u003cmeta http-equiv=\"content-type\" content=\"text/html; charset=UTF-8\"\u003e\n\u003c/head\u003e\n\u003cbody style=\"margin:0px 0px 0px 0px;overflow:auto;background:#FFFFFF;\"\u003e\n\u003ctable style=\"font-family:Arial,Verdana,Times;font-size:12px;text-align:left;width:100%;border-collapse:collapse;padding:3px 3px 3px 3px\"\u003e\n\u003ctr style=\"text-align:center;font-weight:bold;background:#9CBCE2\"\u003e\n\u003ctd\u003e18102566,9293\u003c/td\u003e\n\u003c/tr\u003e\n\u003ctr\u003e\n\u003ctd\u003e\n\u003ctable style=\"font-family:Arial,Verdana,Times;font-size:12px;text-align:left;width:100%;border-spacing:0px; padding:3px 3px 3px 3px\"\u003e\n\u003ctr\u003e\n\u003ctd\u003eFID\u003c/td\u003e\n\u003ctd\u003e0\u003c/td\u003e\n\u003c/tr\u003e\n\u003ctr bgcolor=\"#D4E4F3\"\u003e\n\u003ctd\u003eShape_Leng\u003c/td\u003e\n\u003ctd\u003e18102566,9293\u003c/td\u003e\n\u003c/tr\u003e\n\u003c/table\u003e\n\u003c/td\u003e\n\u003c/tr\u003e\n\u003c/table\u003e\n\u003c/body\u003e\u003cscript type=\"text/javascript\"\u003e\n\t\t\t\tfunction changeImage(attElement, nameElement) {\n\t\t\t\tdocument.getElementById('imageAttachment').src = attElement;\n\t\t\t\tdocument.getElementById('imageName').innerHTML = nameElement;}\n\t\t\t\u003c/script\u003e\u003c/html\u003e\n","FID_active_grids":261,"GridID":"G51","Shape_Length":3.6089490549003436e-05,"Shape_Area":8.140320400505353e-11}},{"type":"Feature","id":41760,"geometry":{"type":"Polygon","coordinates":[[[115.36865246200011,-6.8338177809999365],[115.36865238000007,-6.8338087619999328],[115.36864335500002,-6.8338088439999751],[115.36864343700006,-6.8338178629999788],[115.36865246200011,-6.8338177809999365]]]},"properties":{"OBJECTID":41760,"FID_mangrove_utm":41580,"OBJECTID_1":41580,"Name":"18102566,9293","FolderPath":"JATIM/JATIM","SymbolID":0,"AltMode":0,"Base":0,"Clamped":-1,"Extruded":0,"Snippet":"","PopupInfo":"\u003chtml xmlns:fo=\"http://www.w3.org/1999/XSL/Format\" xmlns:msxsl=\"urn:schemas-microsoft-com:xslt\"\u003e\n\u003chead\u003e\n\u003cMETA http-equiv=\"Content-Type\" content=\"text/html\"\u003e\n\u003cmeta http-equiv=\"content-type\" content=\"text/html; charset=UTF-8\"\u003e\n\u003c/head\u003e\n\u003cbody style=\"margin:0px 0px 0px 0px;overflow:auto;background:#FFFFFF;\"\u003e\n\u003ctable style=\"font-family:Arial,Verdana,Times;font-size:12px;text-align:left;width:100%;border-collapse:collapse;padding:3px 3px 3px 3px\"\u003e\n\u003ctr style=\"text-align:center;font-weight:bold;background:#9CBCE2\"\u003e\n\u003ctd\u003e18102566,9293\u003c/td\u003e\n\u003c/tr\u003e\n\u003ctr\u003e\n\u003ctd\u003e\n\u003ctable style=\"font-family:Arial,Verdana,Times;font-size:12px;text-align:left;width:100%;border-spacing:0px; padding:3px 3px 3px 3px\"\u003e\n\u003ctr\u003e\n\u003ctd\u003eFID\u003c/td\u003e\n\u003ctd\u003e0\u003c/td\u003e\n\u003c/tr\u003e\n\u003ctr bgcolor=\"#D4E4F3\"\u003e\n\u003ctd\u003eShape_Leng\u003c/td\u003e\n\u003ctd\u003e18102566,9293\u003c/td\u003e\n\u003c/tr\u003e\n\u003c/table\u003e\n\u003c/td\u003e\n\u003c/tr\u003e\n\u003c/table\u003e\n\u003c/body\u003e\u003cscript type=\"text/javascript\"\u003e\n\t\t\t\tfunction changeImage(attElement, nameElement) {\n\t\t\t\tdocument.getElementById('imageAttachment').src = attElement;\n\t\t\t\tdocument.getElementById('imageName').innerHTML = nameElement;}\n\t\t\t\u003c/script\u003e\u003c/html\u003e\n","FID_active_grids":261,"GridID":"G51","Shape_Length":3.6089490664843621e-05,"Shape_Area":8.1403199527095555e-11}},{"type":"Feature","id":41761,"geometry":{"type":"Polygon","coordinates":[[[115.36864335500002,-6.8338088439999751],[115.36864327300009,-6.8337998239999251],[115.36863424900002,-6.8337999059999675],[115.36863433100007,-6.8338089259999606],[115.36864335500002,-6.8338088439999751]]]},"properties":{"OBJECTID":41761,"FID_mangrove_utm":41581,"OBJECTID_1":41581,"Name":"18102566,9293","FolderPath":"JATIM/JATIM","SymbolID":0,"AltMode":0,"Base":0,"Clamped":-1,"Extruded":0,"Snippet":"","PopupInfo":"\u003chtml xmlns:fo=\"http://www.w3.org/1999/XSL/Format\" xmlns:msxsl=\"urn:schemas-microsoft-com:xslt\"\u003e\n\u003chead\u003e\n\u003cMETA http-equiv=\"Content-Type\" content=\"text/html\"\u003e\n\u003cmeta http-equiv=\"content-type\" content=\"text/html; charset=UTF-8\"\u003e\n\u003c/head\u003e\n\u003cbody style=\"margin:0px 0px 0px 0px;overflow:auto;background:#FFFFFF;\"\u003e\n\u003ctable style=\"font-family:Arial,Verdana,Times;font-size:12px;text-align:left;width:100%;border-collapse:collapse;padding:3px 3px 3px 3px\"\u003e\n\u003ctr style=\"text-align:center;font-weight:bold;background:#9CBCE2\"\u003e\n\u003ctd\u003e18102566,9293\u003c/td\u003e\n\u003c/tr\u003e\n\u003ctr\u003e\n\u003ctd\u003e\n\u003ctable style=\"font-family:Arial,Verdana,Times;font-size:12px;text-align:left;width:100%;border-spacing:0px; padding:3px 3px 3px 3px\"\u003e\n\u003ctr\u003e\n\u003ctd\u003eFID\u003c/td\u003e\n\u003ctd\u003e0\u003c/td\u003e\n\u003c/tr\u003e\n\u003ctr bgcolor=\"#D4E4F3\"\u003e\n\u003ctd\u003eShape_Leng\u003c/td\u003e\n\u003ctd\u003e18102566,9293\u003c/td\u003e\n\u003c/tr\u003e\n\u003c/table\u003e\n\u003c/td\u003e\n\u003c/tr\u003e\n\u003c/table\u003e\n\u003c/body\u003e\u003cscript type=\"text/javascript\"\u003e\n\t\t\t\tfunction changeImage(attElement, nameElement) {\n\t\t\t\tdocument.getElementById('imageAttachment').src = attElement;\n\t\t\t\tdocument.getElementById('imageName').innerHTML = nameElement;}\n\t\t\t\u003c/script\u003e\u003c/html\u003e\n","FID_active_grids":261,"GridID":"G51","Shape_Length":3.608949060636101e-05,"Shape_Area":8.1403204263861606e-11}},{"type":"Feature","id":41762,"geometry":{"type":"Polygon","coordinates":[[[115.36862522500007,-6.8337999879999529],[115.36862514300003,-6.8337909679999598],[115.36861611900008,-6.8337910499999452],[115.36861620100001,-6.8338000699999384],[115.36862522500007,-6.8337999879999529]]]},"properties":{"OBJECTID":41762,"FID_mangrove_utm":41582,"OBJECTID_1":41582,"Name":"18102566,9293","FolderPath":"JATIM/JATIM","SymbolID":0,"AltMode":0,"Base":0,"Clamped":-1,"Extruded":0,"Snippet":"","PopupInfo":"\u003chtml xmlns:fo=\"http://www.w3.org/1999/XSL/Format\" xmlns:msxsl=\"urn:schemas-microsoft-com:xslt\"\u003e\n\u003chead\u003e\n\u003cMETA http-equiv=\"Content-Type\" content=\"text/html\"\u003e\n\u003cmeta http-equiv=\"content-type\" content=\"text/html; charset=UTF-8\"\u003e\n\u003c/head\u003e\n\u003cbody style=\"margin:0px 0px 0px 0px;overflow:auto;background:#FFFFFF;\"\u003e\n\u003ctable style=\"font-family:Arial,Verdana,Times;font-size:12px;text-align:left;width:100%;border-collapse:collapse;padding:3px 3px 3px 3px\"\u003e\n\u003ctr style=\"text-align:center;font-weight:bold;background:#9CBCE2\"\u003e\n\u003ctd\u003e18102566,9293\u003c/td\u003e\n\u003c/tr\u003e\n\u003ctr\u003e\n\u003ctd\u003e\n\u003ctable style=\"font-family:Arial,Verdana,Times;font-size:12px;text-align:left;width:100%;border-spacing:0px; padding:3px 3px 3px 3px\"\u003e\n\u003ctr\u003e\n\u003ctd\u003eFID\u003c/td\u003e\n\u003ctd\u003e0\u003c/td\u003e\n\u003c/tr\u003e\n\u003ctr bgcolor=\"#D4E4F3\"\u003e\n\u003ctd\u003eShape_Leng\u003c/td\u003e\n\u003ctd\u003e18102566,9293\u003c/td\u003e\n\u003c/tr\u003e\n\u003c/table\u003e\n\u003c/td\u003e\n\u003c/tr\u003e\n\u003c/table\u003e\n\u003c/body\u003e\u003cscript type=\"text/javascript\"\u003e\n\t\t\t\tfunction changeImage(attElement, nameElement) {\n\t\t\t\tdocument.getElementById('imageAttachment').src = attElement;\n\t\t\t\tdocument.getElementById('imageName').innerHTML = nameElement;}\n\t\t\t\u003c/script\u003e\u003c/html\u003e\n","FID_active_grids":261,"GridID":"G51","Shape_Length":3.6089490549003436e-05,"Shape_Area":8.140320400505353e-11}},{"type":"Feature","id":41765,"geometry":{"type":"Polygon","coordinates":[[[115.368426365,-6.8337657129999343],[115.36842620100003,-6.8337476739999374],[115.36841717700008,-6.8337477559999797],[115.36841734100005,-6.8337657949999766],[115.368426365,-6.8337657129999343]]]},"properties":{"OBJECTID":41765,"FID_mangrove_utm":41585,"OBJECTID_1":41585,"Name":"18102566,9293","FolderPath":"JATIM/JATIM","SymbolID":0,"AltMode":0,"Base":0,"Clamped":-1,"Extruded":0,"Snippet":"","PopupInfo":"\u003chtml xmlns:fo=\"http://www.w3.org/1999/XSL/Format\" xmlns:msxsl=\"urn:schemas-microsoft-com:xslt\"\u003e\n\u003chead\u003e\n\u003cMETA http-equiv=\"Content-Type\" content=\"text/html\"\u003e\n\u003cmeta http-equiv=\"content-type\" content=\"text/html; charset=UTF-8\"\u003e\n\u003c/head\u003e\n\u003cbody style=\"margin:0px 0px 0px 0px;overflow:auto;background:#FFFFFF;\"\u003e\n\u003ctable style=\"font-family:Arial,Verdana,Times;font-size:12px;text-align:left;width:100%;border-collapse:collapse;padding:3px 3px 3px 3px\"\u003e\n\u003ctr style=\"text-align:center;font-weight:bold;background:#9CBCE2\"\u003e\n\u003ctd\u003e18102566,9293\u003c/td\u003e\n\u003c/tr\u003e\n\u003ctr\u003e\n\u003ctd\u003e\n\u003ctable style=\"font-family:Arial,Verdana,Times;font-size:12px;text-align:left;width:100%;border-spacing:0px; padding:3px 3px 3px 3px\"\u003e\n\u003ctr\u003e\n\u003ctd\u003eFID\u003c/td\u003e\n\u003ctd\u003e0\u003c/td\u003e\n\u003c/tr\u003e\n\u003ctr bgcolor=\"#D4E4F3\"\u003e\n\u003ctd\u003eShape_Leng\u003c/td\u003e\n\u003ctd\u003e18102566,9293\u003c/td\u003e\n\u003c/tr\u003e\n\u003c/table\u003e\n\u003c/td\u003e\n\u003c/tr\u003e\n\u003c/table\u003e\n\u003c/body\u003e\u003cscript type=\"text/javascript\"\u003e\n\t\t\t\tfunction changeImage(attElement, nameElement) {\n\t\t\t\tdocument.getElementById('imageAttachment').src = attElement;\n\t\t\t\tdocument.getElementById('imageName').innerHTML = nameElement;}\n\t\t\t\u003c/script\u003e\u003c/html\u003e\n","FID_active_grids":261,"GridID":"G51","Shape_Length":5.4128235965314488e-05,"Shape_Area":1.6279738308945567e-10}},{"type":"Feature","id":41767,"geometry":{"type":"Polygon","coordinates":[[[115.36848010000006,-6.8337201239999672],[115.36847107600011,-6.8337202059999527],[115.36847124000008,-6.8337382449999495],[115.36846221600001,-6.833738326999935],[115.36846213400008,-6.8337293069999419],[115.36843506200012,-6.8337295529999551],[115.36843522600009,-6.833747591999952],[115.36844425000004,-6.8337475099999665],[115.36844433200008,-6.8337565299999596],[115.36845335600003,-6.8337564479999742],[115.36845352000012,-6.833774486999971],[115.36846254400007,-6.8337744049999287],[115.36846262600011,-6.8337834249999787],[115.36847165000006,-6.8337833429999364],[115.3684717320001,-6.8337923619999401],[115.36848075700004,-6.8337922799999546],[115.36848077500008,-6.8337943069999483],[115.36849884500009,-6.8337965859999485],[115.36849880500006,-6.8337921159999269],[115.36853490100009,-6.8337917879999281],[115.36853498300002,-6.8338008079999781],[115.36856205600009,-6.8338005619999649],[115.3685621410001,-6.8338099449999277],[115.36858927200001,-6.8338161069999614],[115.36858904600001,-6.8337912959999585],[115.36858002200006,-6.833791377999944],[115.36857977600005,-6.8337643199999434],[115.3685707520001,-6.8337644019999289],[115.36857058800001,-6.8337463619999426],[115.36856156400006,-6.833746443999928],[115.36856148200002,-6.8337374249999812],[115.36854343300001,-6.8337375889999521],[115.36854335100008,-6.833728568999959],[115.36850725500005,-6.8337288969999577],[115.3685073370001,-6.8337379169999508],[115.36849831300003,-6.8337379989999363],[115.3684982310001,-6.8337289789999431],[115.3684801820001,-6.8337291429999709],[115.36848010000006,-6.8337201239999672]]]},"properties":{"OBJECTID":41767,"FID_mangrove_utm":41587,"OBJECTID_1":41587,"Name":"18102566,9293","FolderPath":"JATIM/JATIM","SymbolID":0,"AltMode":0,"Base":0,"Clamped":-1,"Extruded":0,"Snippet":"","PopupInfo":"\u003chtml xmlns:fo=\"http://www.w3.org/1999/XSL/Format\" xmlns:msxsl=\"urn:schemas-microsoft-com:xslt\"\u003e\n\u003chead\u003e\n\u003cMETA http-equiv=\"Content-Type\" content=\"text/html\"\u003e\n\u003cmeta http-equiv=\"content-type\" content=\"text/html; charset=UTF-8\"\u003e\n\u003c/head\u003e\n\u003cbody style=\"margin:0px 0px 0px 0px;overflow:auto;background:#FFFFFF;\"\u003e\n\u003ctable style=\"font-family:Arial,Verdana,Times;font-size:12px;text-align:left;width:100%;border-collapse:collapse;padding:3px 3px 3px 3px\"\u003e\n\u003ctr style=\"text-align:center;font-weight:bold;background:#9CBCE2\"\u003e\n\u003ctd\u003e18102566,9293\u003c/td\u003e\n\u003c/tr\u003e\n\u003ctr\u003e\n\u003ctd\u003e\n\u003ctable style=\"font-family:Arial,Verdana,Times;font-size:12px;text-align:left;width:100%;border-spacing:0px; padding:3px 3px 3px 3px\"\u003e\n\u003ctr\u003e\n\u003ctd\u003eFID\u003c/td\u003e\n\u003ctd\u003e0\u003c/td\u003e\n\u003c/tr\u003e\n\u003ctr bgcolor=\"#D4E4F3\"\u003e\n\u003ctd\u003eShape_Leng\u003c/td\u003e\n\u003ctd\u003e18102566,9293\u003c/td\u003e\n\u003c/tr\u003e\n\u003c/table\u003e\n\u003c/td\u003e\n\u003c/tr\u003e\n\u003c/table\u003e\n\u003c/body\u003e\u003cscript type=\"text/javascript\"\u003e\n\t\t\t\tfunction changeImage(attElement, nameElement) {\n\t\t\t\tdocument.getElementById('imageAttachment').src = attElement;\n\t\t\t\tdocument.getElementById('imageName').innerHTML = nameElement;}\n\t\t\t\u003c/script\u003e\u003c/html\u003e\n","FID_active_grids":261,"GridID":"G51","Shape_Length":0.00053785841072955161,"Shape_Area":8.2952910889076727e-09}},{"type":"Feature","id":41768,"geometry":{"type":"Polygon","coordinates":[[[115.36782995100009,-6.8336809289999678],[115.36780287800002,-6.8336811739999348],[115.36780296000006,-6.8336901939999279],[115.36781198400001,-6.8336901119999425],[115.36781206700005,-6.8336991319999356],[115.36783011500006,-6.8336989679999647],[115.36782995100009,-6.8336809289999678]]]},"properties":{"OBJECTID":41768,"FID_mangrove_utm":41588,"OBJECTID_1":41588,"Name":"18102566,9293","FolderPath":"JATIM/JATIM","SymbolID":0,"AltMode":0,"Base":0,"Clamped":-1,"Extruded":0,"Snippet":"","PopupInfo":"\u003chtml xmlns:fo=\"http://www.w3.org/1999/XSL/Format\" xmlns:msxsl=\"urn:schemas-microsoft-com:xslt\"\u003e\n\u003chead\u003e\n\u003cMETA http-equiv=\"Content-Type\" content=\"text/html\"\u003e\n\u003cmeta http-equiv=\"content-type\" content=\"text/html; charset=UTF-8\"\u003e\n\u003c/head\u003e\n\u003cbody style=\"margin:0px 0px 0px 0px;overflow:auto;background:#FFFFFF;\"\u003e\n\u003ctable style=\"font-family:Arial,Verdana,Times;font-size:12px;text-align:left;width:100%;border-collapse:collapse;padding:3px 3px 3px 3px\"\u003e\n\u003ctr style=\"text-align:center;font-weight:bold;background:#9CBCE2\"\u003e\n\u003ctd\u003e18102566,9293\u003c/td\u003e\n\u003c/tr\u003e\n\u003ctr\u003e\n\u003ctd\u003e\n\u003ctable style=\"font-family:Arial,Verdana,Times;font-size:12px;text-align:left;width:100%;border-spacing:0px; padding:3px 3px 3px 3px\"\u003e\n\u003ctr\u003e\n\u003ctd\u003eFID\u003c/td\u003e\n\u003ctd\u003e0\u003c/td\u003e\n\u003c/tr\u003e\n\u003ctr bgcolor=\"#D4E4F3\"\u003e\n\u003ctd\u003eShape_Leng\u003c/td\u003e\n\u003ctd\u003e18102566,9293\u003c/td\u003e\n\u003c/tr\u003e\n\u003c/table\u003e\n\u003c/td\u003e\n\u003c/tr\u003e\n\u003c/table\u003e\n\u003c/body\u003e\u003cscript type=\"text/javascript\"\u003e\n\t\t\t\tfunction changeImage(attElement, nameElement) {\n\t\t\t\tdocument.getElementById('imageAttachment').src = attElement;\n\t\t\t\tdocument.getElementById('imageName').innerHTML = nameElement;}\n\t\t\t\u003c/script\u003e\u003c/html\u003e\n","FID_active_grids":261,"GridID":"G51","Shape_Length":9.0227726301179235e-05,"Shape_Area":4.0701597304312111e-10}},{"type":"Feature","id":41769,"geometry":{"type":"Polygon","coordinates":[[[115.36800116400002,-6.8336523119999697],[115.36798311500002,-6.8336524759999406],[115.36798319700006,-6.8336614959999338],[115.36797417300011,-6.8336615779999761],[115.36797409100006,-6.8336525579999261],[115.36791994600003,-6.8336530499999526],[115.36792002800007,-6.8336620699999457],[115.36791100400001,-6.8336621519999312],[115.36791108600005,-6.8336711709999349],[115.36789303800003,-6.8336713349999627],[115.36789312000008,-6.8336803549999559],[115.36788409600001,-6.8336804369999413],[115.36788417800005,-6.833689455999945],[115.3678571050001,-6.8336897019999583],[115.36785718700003,-6.8336987219999514],[115.36786621100009,-6.833698639999966],[115.36786629300002,-6.8337076589999697],[115.36787531800007,-6.8337075769999274],[115.36787540000012,-6.8337165969999774],[115.36790247200008,-6.8337163509999641],[115.36790251800005,-6.8337213689999317],[115.36799287000008,-6.8337327649999793],[115.36799279600007,-6.833724550999932],[115.36801986800003,-6.8337243049999756],[115.3680197860001,-6.8337152849999256],[115.36805588300001,-6.8337149569999269],[115.36805580100008,-6.8337059379999801],[115.3680738490001,-6.8337057739999523],[115.36807376700006,-6.8336967539999591],[115.36810986400008,-6.8336964259999604],[115.36810978200003,-6.8336874069999567],[115.36812783000005,-6.8336872429999289],[115.36812774800001,-6.8336782229999358],[115.3680916510001,-6.8336785509999345],[115.36809156900006,-6.8336695319999308],[115.36803742400002,-6.8336700229999678],[115.36803734200009,-6.8336610039999641],[115.36800124600006,-6.8336613319999628],[115.36800116400002,-6.8336523119999697]]]},"properties":{"OBJECTID":41769,"FID_mangrove_utm":41589,"OBJECTID_1":41589,"Name":"18102566,9293","FolderPath":"JATIM/JATIM","SymbolID":0,"AltMode":0,"Base":0,"Clamped":-1,"Extruded":0,"Snippet":"","PopupInfo":"\u003chtml xmlns:fo=\"http://www.w3.org/1999/XSL/Format\" xmlns:msxsl=\"urn:schemas-microsoft-com:xslt\"\u003e\n\u003chead\u003e\n\u003cMETA http-equiv=\"Content-Type\" content=\"text/html\"\u003e\n\u003cmeta http-equiv=\"content-type\" content=\"text/html; charset=UTF-8\"\u003e\n\u003c/head\u003e\n\u003cbody style=\"margin:0px 0px 0px 0px;overflow:auto;background:#FFFFFF;\"\u003e\n\u003ctable style=\"font-family:Arial,Verdana,Times;font-size:12px;text-align:left;width:100%;border-collapse:collapse;padding:3px 3px 3px 3px\"\u003e\n\u003ctr style=\"text-align:center;font-weight:bold;background:#9CBCE2\"\u003e\n\u003ctd\u003e18102566,9293\u003c/td\u003e\n\u003c/tr\u003e\n\u003ctr\u003e\n\u003ctd\u003e\n\u003ctable style=\"font-family:Arial,Verdana,Times;font-size:12px;text-align:left;width:100%;border-spacing:0px; padding:3px 3px 3px 3px\"\u003e\n\u003ctr\u003e\n\u003ctd\u003eFID\u003c/td\u003e\n\u003ctd\u003e0\u003c/td\u003e\n\u003c/tr\u003e\n\u003ctr bgcolor=\"#D4E4F3\"\u003e\n\u003ctd\u003eShape_Leng\u003c/td\u003e\n\u003ctd\u003e18102566,9293\u003c/td\u003e\n\u003c/tr\u003e\n\u003c/table\u003e\n\u003c/td\u003e\n\u003c/tr\u003e\n\u003c/table\u003e\n\u003c/body\u003e\u003cscript type=\"text/javascript\"\u003e\n\t\t\t\tfunction changeImage(attElement, nameElement) {\n\t\t\t\tdocument.getElementById('imageAttachment').src = attElement;\n\t\t\t\tdocument.getElementById('imageName').innerHTML = nameElement;}\n\t\t\t\u003c/script\u003e\u003c/html\u003e\n","FID_active_grids":261,"GridID":"G51","Shape_Length":0.00070886634598737064,"Shape_Area":1.2807217502593633e-08}},{"type":"Feature","id":41770,"geometry":{"type":"Polygon","coordinates":[[[115.34942888400008,-6.833784590999926],[115.34941986000001,-6.8337846729999683],[115.34941994100006,-6.833793691999972],[115.349428966,-6.833793610999976],[115.34942888400008,-6.833784590999926]]]},"properties":{"OBJECTID":41770,"FID_mangrove_utm":41590,"OBJECTID_1":41590,"Name":"18102566,9293","FolderPath":"JATIM/JATIM","SymbolID":0,"AltMode":0,"Base":0,"Clamped":-1,"Extruded":0,"Snippet":"","PopupInfo":"\u003chtml xmlns:fo=\"http://www.w3.org/1999/XSL/Format\" xmlns:msxsl=\"urn:schemas-microsoft-com:xslt\"\u003e\n\u003chead\u003e\n\u003cMETA http-equiv=\"Content-Type\" content=\"text/html\"\u003e\n\u003cmeta http-equiv=\"content-type\" content=\"text/html; charset=UTF-8\"\u003e\n\u003c/head\u003e\n\u003cbody style=\"margin:0px 0px 0px 0px;overflow:auto;background:#FFFFFF;\"\u003e\n\u003ctable style=\"font-family:Arial,Verdana,Times;font-size:12px;text-align:left;width:100%;border-collapse:collapse;padding:3px 3px 3px 3px\"\u003e\n\u003ctr style=\"text-align:center;font-weight:bold;background:#9CBCE2\"\u003e\n\u003ctd\u003e18102566,9293\u003c/td\u003e\n\u003c/tr\u003e\n\u003ctr\u003e\n\u003ctd\u003e\n\u003ctable style=\"font-family:Arial,Verdana,Times;font-size:12px;text-align:left;width:100%;border-spacing:0px; padding:3px 3px 3px 3px\"\u003e\n\u003ctr\u003e\n\u003ctd\u003eFID\u003c/td\u003e\n\u003ctd\u003e0\u003c/td\u003e\n\u003c/tr\u003e\n\u003ctr bgcolor=\"#D4E4F3\"\u003e\n\u003ctd\u003eShape_Leng\u003c/td\u003e\n\u003ctd\u003e18102566,9293\u003c/td\u003e\n\u003c/tr\u003e\n\u003c/table\u003e\n\u003c/td\u003e\n\u003c/tr\u003e\n\u003c/table\u003e\n\u003c/body\u003e\u003cscript type=\"text/javascript\"\u003e\n\t\t\t\tfunction changeImage(attElement, nameElement) {\n\t\t\t\tdocument.getElementById('imageAttachment').src = attElement;\n\t\t\t\tdocument.getElementById('imageName').innerHTML = nameElement;}\n\t\t\t\u003c/script\u003e\u003c/html\u003e\n","FID_active_grids":261,"GridID":"G51","Shape_Length":3.6089472540381281e-05,"Shape_Area":8.1403120264757213e-11}},{"type":"Feature","id":41771,"geometry":{"type":"Polygon","coordinates":[[[115.36296533800009,-6.8336619519999431],[115.36293826600001,-6.8336621979999563],[115.36293834800006,-6.8336712169999601],[115.36292029900005,-6.833671380999931],[115.36292032300003,-6.833673957999963],[115.36294738000004,-6.8336720149999337],[115.36294737200001,-6.833671135999964],[115.3629613920001,-6.8336710079999534],[115.36296541800004,-6.8336707189999402],[115.36296533800009,-6.8336619519999431]]]},"properties":{"OBJECTID":41771,"FID_mangrove_utm":41591,"OBJECTID_1":41591,"Name":"18102566,9293","FolderPath":"JATIM/JATIM","SymbolID":0,"AltMode":0,"Base":0,"Clamped":-1,"Extruded":0,"Snippet":"","PopupInfo":"\u003chtml xmlns:fo=\"http://www.w3.org/1999/XSL/Format\" xmlns:msxsl=\"urn:schemas-microsoft-com:xslt\"\u003e\n\u003chead\u003e\n\u003cMETA http-equiv=\"Content-Type\" content=\"text/html\"\u003e\n\u003cmeta http-equiv=\"content-type\" content=\"text/html; charset=UTF-8\"\u003e\n\u003c/head\u003e\n\u003cbody style=\"margin:0px 0px 0px 0px;overflow:auto;background:#FFFFFF;\"\u003e\n\u003ctable style=\"font-family:Arial,Verdana,Times;font-size:12px;text-align:left;width:100%;border-collapse:collapse;padding:3px 3px 3px 3px\"\u003e\n\u003ctr style=\"text-align:center;font-weight:bold;background:#9CBCE2\"\u003e\n\u003ctd\u003e18102566,9293\u003c/td\u003e\n\u003c/tr\u003e\n\u003ctr\u003e\n\u003ctd\u003e\n\u003ctable style=\"font-family:Arial,Verdana,Times;font-size:12px;text-align:left;width:100%;border-spacing:0px; padding:3px 3px 3px 3px\"\u003e\n\u003ctr\u003e\n\u003ctd\u003eFID\u003c/td\u003e\n\u003ctd\u003e0\u003c/td\u003e\n\u003c/tr\u003e\n\u003ctr bgcolor=\"#D4E4F3\"\u003e\n\u003ctd\u003eShape_Leng\u003c/td\u003e\n\u003ctd\u003e18102566,9293\u003c/td\u003e\n\u003c/tr\u003e\n\u003c/table\u003e\n\u003c/td\u003e\n\u003c/tr\u003e\n\u003c/table\u003e\n\u003c/body\u003e\u003cscript type=\"text/javascript\"\u003e\n\t\t\t\tfunction changeImage(attElement, nameElement) {\n\t\t\t\tdocument.getElementById('imageAttachment').src = attElement;\n\t\t\t\tdocument.getElementById('imageName').innerHTML = nameElement;}\n\t\t\t\u003c/script\u003e\u003c/html\u003e\n","FID_active_grids":261,"GridID":"G51","Shape_Length":0.00011154936748368796,"Shape_Area":2.9048620992670055e-10}},{"type":"Feature","id":41773,"geometry":{"type":"Polygon","coordinates":[[[115.36296533800009,-6.8336619519999431],[115.36297436200005,-6.8336618699999576],[115.36297428100011,-6.8336528509999539],[115.36296525600005,-6.8336529319999499],[115.36296533800009,-6.8336619519999431]]]},"properties":{"OBJECTID":41773,"FID_mangrove_utm":41593,"OBJECTID_1":41593,"Name":"18102566,9293","FolderPath":"JATIM/JATIM","SymbolID":0,"AltMode":0,"Base":0,"Clamped":-1,"Extruded":0,"Snippet":"","PopupInfo":"\u003chtml xmlns:fo=\"http://www.w3.org/1999/XSL/Format\" xmlns:msxsl=\"urn:schemas-microsoft-com:xslt\"\u003e\n\u003chead\u003e\n\u003cMETA http-equiv=\"Content-Type\" content=\"text/html\"\u003e\n\u003cmeta http-equiv=\"content-type\" content=\"text/html; charset=UTF-8\"\u003e\n\u003c/head\u003e\n\u003cbody style=\"margin:0px 0px 0px 0px;overflow:auto;background:#FFFFFF;\"\u003e\n\u003ctable style=\"font-family:Arial,Verdana,Times;font-size:12px;text-align:left;width:100%;border-collapse:collapse;padding:3px 3px 3px 3px\"\u003e\n\u003ctr style=\"text-align:center;font-weight:bold;background:#9CBCE2\"\u003e\n\u003ctd\u003e18102566,9293\u003c/td\u003e\n\u003c/tr\u003e\n\u003ctr\u003e\n\u003ctd\u003e\n\u003ctable style=\"font-family:Arial,Verdana,Times;font-size:12px;text-align:left;width:100%;border-spacing:0px; padding:3px 3px 3px 3px\"\u003e\n\u003ctr\u003e\n\u003ctd\u003eFID\u003c/td\u003e\n\u003ctd\u003e0\u003c/td\u003e\n\u003c/tr\u003e\n\u003ctr bgcolor=\"#D4E4F3\"\u003e\n\u003ctd\u003eShape_Leng\u003c/td\u003e\n\u003ctd\u003e18102566,9293\u003c/td\u003e\n\u003c/tr\u003e\n\u003c/table\u003e\n\u003c/td\u003e\n\u003c/tr\u003e\n\u003c/table\u003e\n\u003c/body\u003e\u003cscript type=\"text/javascript\"\u003e\n\t\t\t\tfunction changeImage(attElement, nameElement) {\n\t\t\t\tdocument.getElementById('imageAttachment').src = attElement;\n\t\t\t\tdocument.getElementById('imageName').innerHTML = nameElement;}\n\t\t\t\u003c/script\u003e\u003c/html\u003e\n","FID_active_grids":261,"GridID":"G51","Shape_Length":3.6089472483036304e-05,"Shape_Area":8.1403120005949124e-11}},{"type":"Feature","id":41774,"geometry":{"type":"Polygon","coordinates":[[[115.36656591100007,-6.8336202469999421],[115.36656592000008,-6.8336212029999501],[115.36658398100008,-6.833622433999949],[115.36658396000007,-6.8336200829999711],[115.36656591100007,-6.8336202469999421]]]},"properties":{"OBJECTID":41774,"FID_mangrove_utm":41594,"OBJECTID_1":41594,"Name":"18102566,9293","FolderPath":"JATIM/JATIM","SymbolID":0,"AltMode":0,"Base":0,"Clamped":-1,"Extruded":0,"Snippet":"","PopupInfo":"\u003chtml xmlns:fo=\"http://www.w3.org/1999/XSL/Format\" xmlns:msxsl=\"urn:schemas-microsoft-com:xslt\"\u003e\n\u003chead\u003e\n\u003cMETA http-equiv=\"Content-Type\" content=\"text/html\"\u003e\n\u003cmeta http-equiv=\"content-type\" content=\"text/html; charset=UTF-8\"\u003e\n\u003c/head\u003e\n\u003cbody style=\"margin:0px 0px 0px 0px;overflow:auto;background:#FFFFFF;\"\u003e\n\u003ctable style=\"font-family:Arial,Verdana,Times;font-size:12px;text-align:left;width:100%;border-collapse:collapse;padding:3px 3px 3px 3px\"\u003e\n\u003ctr style=\"text-align:center;font-weight:bold;background:#9CBCE2\"\u003e\n\u003ctd\u003e18102566,9293\u003c/td\u003e\n\u003c/tr\u003e\n\u003ctr\u003e\n\u003ctd\u003e\n\u003ctable style=\"font-family:Arial,Verdana,Times;font-size:12px;text-align:left;width:100%;border-spacing:0px; padding:3px 3px 3px 3px\"\u003e\n\u003ctr\u003e\n\u003ctd\u003eFID\u003c/td\u003e\n\u003ctd\u003e0\u003c/td\u003e\n\u003c/tr\u003e\n\u003ctr bgcolor=\"#D4E4F3\"\u003e\n\u003ctd\u003eShape_Leng\u003c/td\u003e\n\u003ctd\u003e18102566,9293\u003c/td\u003e\n\u003c/tr\u003e\n\u003c/table\u003e\n\u003c/td\u003e\n\u003c/tr\u003e\n\u003c/table\u003e\n\u003c/body\u003e\u003cscript type=\"text/javascript\"\u003e\n\t\t\t\tfunction changeImage(attElement, nameElement) {\n\t\t\t\tdocument.getElementById('imageAttachment').src = attElement;\n\t\t\t\tdocument.getElementById('imageName').innerHTML = nameElement;}\n\t\t\t\u003c/script\u003e\u003c/html\u003e\n","FID_active_grids":261,"GridID":"G51","Shape_Length":3.945978378560039e-05,"Shape_Area":2.9845939862725727e-11}},{"type":"Feature","id":41776,"geometry":{"type":"Polygon","coordinates":[[[115.36299224700008,-6.833643666999933],[115.36298322300001,-6.8336437489999753],[115.36298330500006,-6.8336527689999684],[115.36299232900001,-6.8336526869999261],[115.36299224700008,-6.833643666999933]]]},"properties":{"OBJECTID":41776,"FID_mangrove_utm":41596,"OBJECTID_1":41596,"Name":"18102566,9293","FolderPath":"JATIM/JATIM","SymbolID":0,"AltMode":0,"Base":0,"Clamped":-1,"Extruded":0,"Snippet":"","PopupInfo":"\u003chtml xmlns:fo=\"http://www.w3.org/1999/XSL/Format\" xmlns:msxsl=\"urn:schemas-microsoft-com:xslt\"\u003e\n\u003chead\u003e\n\u003cMETA http-equiv=\"Content-Type\" content=\"text/html\"\u003e\n\u003cmeta http-equiv=\"content-type\" content=\"text/html; charset=UTF-8\"\u003e\n\u003c/head\u003e\n\u003cbody style=\"margin:0px 0px 0px 0px;overflow:auto;background:#FFFFFF;\"\u003e\n\u003ctable style=\"font-family:Arial,Verdana,Times;font-size:12px;text-align:left;width:100%;border-collapse:collapse;padding:3px 3px 3px 3px\"\u003e\n\u003ctr style=\"text-align:center;font-weight:bold;background:#9CBCE2\"\u003e\n\u003ctd\u003e18102566,9293\u003c/td\u003e\n\u003c/tr\u003e\n\u003ctr\u003e\n\u003ctd\u003e\n\u003ctable style=\"font-family:Arial,Verdana,Times;font-size:12px;text-align:left;width:100%;border-spacing:0px; padding:3px 3px 3px 3px\"\u003e\n\u003ctr\u003e\n\u003ctd\u003eFID\u003c/td\u003e\n\u003ctd\u003e0\u003c/td\u003e\n\u003c/tr\u003e\n\u003ctr bgcolor=\"#D4E4F3\"\u003e\n\u003ctd\u003eShape_Leng\u003c/td\u003e\n\u003ctd\u003e18102566,9293\u003c/td\u003e\n\u003c/tr\u003e\n\u003c/table\u003e\n\u003c/td\u003e\n\u003c/tr\u003e\n\u003c/table\u003e\n\u003c/body\u003e\u003cscript type=\"text/javascript\"\u003e\n\t\t\t\tfunction changeImage(attElement, nameElement) {\n\t\t\t\tdocument.getElementById('imageAttachment').src = attElement;\n\t\t\t\tdocument.getElementById('imageName').innerHTML = nameElement;}\n\t\t\t\u003c/script\u003e\u003c/html\u003e\n","FID_active_grids":261,"GridID":"G51","Shape_Length":3.608949055003645e-05,"Shape_Area":8.140320400971468e-11}},{"type":"Feature","id":41777,"geometry":{"type":"Polygon","coordinates":[[[115.36656591100007,-6.8336202469999421],[115.36656582900002,-6.8336112269999489],[115.36655680500007,-6.8336113089999344],[115.36655688700012,-6.8336203289999276],[115.36656591100007,-6.8336202469999421]]]},"properties":{"OBJECTID":41777,"FID_mangrove_utm":41597,"OBJECTID_1":41597,"Name":"18102566,9293","FolderPath":"JATIM/JATIM","SymbolID":0,"AltMode":0,"Base":0,"Clamped":-1,"Extruded":0,"Snippet":"","PopupInfo":"\u003chtml xmlns:fo=\"http://www.w3.org/1999/XSL/Format\" xmlns:msxsl=\"urn:schemas-microsoft-com:xslt\"\u003e\n\u003chead\u003e\n\u003cMETA http-equiv=\"Content-Type\" content=\"text/html\"\u003e\n\u003cmeta http-equiv=\"content-type\" content=\"text/html; charset=UTF-8\"\u003e\n\u003c/head\u003e\n\u003cbody style=\"margin:0px 0px 0px 0px;overflow:auto;background:#FFFFFF;\"\u003e\n\u003ctable style=\"font-family:Arial,Verdana,Times;font-size:12px;text-align:left;width:100%;border-collapse:collapse;padding:3px 3px 3px 3px\"\u003e\n\u003ctr style=\"text-align:center;font-weight:bold;background:#9CBCE2\"\u003e\n\u003ctd\u003e18102566,9293\u003c/td\u003e\n\u003c/tr\u003e\n\u003ctr\u003e\n\u003ctd\u003e\n\u003ctable style=\"font-family:Arial,Verdana,Times;font-size:12px;text-align:left;width:100%;border-spacing:0px; padding:3px 3px 3px 3px\"\u003e\n\u003ctr\u003e\n\u003ctd\u003eFID\u003c/td\u003e\n\u003ctd\u003e0\u003c/td\u003e\n\u003c/tr\u003e\n\u003ctr bgcolor=\"#D4E4F3\"\u003e\n\u003ctd\u003eShape_Leng\u003c/td\u003e\n\u003ctd\u003e18102566,9293\u003c/td\u003e\n\u003c/tr\u003e\n\u003c/table\u003e\n\u003c/td\u003e\n\u003c/tr\u003e\n\u003c/table\u003e\n\u003c/body\u003e\u003cscript type=\"text/javascript\"\u003e\n\t\t\t\tfunction changeImage(attElement, nameElement) {\n\t\t\t\tdocument.getElementById('imageAttachment').src = attElement;\n\t\t\t\tdocument.getElementById('imageName').innerHTML = nameElement;}\n\t\t\t\u003c/script\u003e\u003c/html\u003e\n","FID_active_grids":261,"GridID":"G51","Shape_Length":3.6089490436354762e-05,"Shape_Area":8.1403203496987049e-11}},{"type":"Feature","id":41778,"geometry":{"type":"Polygon","coordinates":[[[115.36301029600008,-6.833643502999962],[115.36301021400004,-6.8336344839999583],[115.36299216500004,-6.8336346479999293],[115.36299224700008,-6.833643666999933],[115.36301029600008,-6.833643502999962]]]},"properties":{"OBJECTID":41778,"FID_mangrove_utm":41598,"OBJECTID_1":41598,"Name":"18102566,9293","FolderPath":"JATIM/JATIM","SymbolID":0,"AltMode":0,"Base":0,"Clamped":-1,"Extruded":0,"Snippet":"","PopupInfo":"\u003chtml xmlns:fo=\"http://www.w3.org/1999/XSL/Format\" xmlns:msxsl=\"urn:schemas-microsoft-com:xslt\"\u003e\n\u003chead\u003e\n\u003cMETA http-equiv=\"Content-Type\" content=\"text/html\"\u003e\n\u003cmeta http-equiv=\"content-type\" content=\"text/html; charset=UTF-8\"\u003e\n\u003c/head\u003e\n\u003cbody style=\"margin:0px 0px 0px 0px;overflow:auto;background:#FFFFFF;\"\u003e\n\u003ctable style=\"font-family:Arial,Verdana,Times;font-size:12px;text-align:left;width:100%;border-collapse:collapse;padding:3px 3px 3px 3px\"\u003e\n\u003ctr style=\"text-align:center;font-weight:bold;background:#9CBCE2\"\u003e\n\u003ctd\u003e18102566,9293\u003c/td\u003e\n\u003c/tr\u003e\n\u003ctr\u003e\n\u003ctd\u003e\n\u003ctable style=\"font-family:Arial,Verdana,Times;font-size:12px;text-align:left;width:100%;border-spacing:0px; padding:3px 3px 3px 3px\"\u003e\n\u003ctr\u003e\n\u003ctd\u003eFID\u003c/td\u003e\n\u003ctd\u003e0\u003c/td\u003e\n\u003c/tr\u003e\n\u003ctr bgcolor=\"#D4E4F3\"\u003e\n\u003ctd\u003eShape_Leng\u003c/td\u003e\n\u003ctd\u003e18102566,9293\u003c/td\u003e\n\u003c/tr\u003e\n\u003c/table\u003e\n\u003c/td\u003e\n\u003c/tr\u003e\n\u003c/table\u003e\n\u003c/body\u003e\u003cscript type=\"text/javascript\"\u003e\n\t\t\t\tfunction changeImage(attElement, nameElement) {\n\t\t\t\tdocument.getElementById('imageAttachment').src = attElement;\n\t\t\t\tdocument.getElementById('imageName').innerHTML = nameElement;}\n\t\t\t\u003c/script\u003e\u003c/html\u003e\n","FID_active_grids":261,"GridID":"G51","Shape_Length":5.4138235673961238e-05,"Shape_Area":1.62797379114903e-10}},{"type":"Feature","id":41780,"geometry":{"type":"Polygon","coordinates":[[[115.36366881700008,-6.8336104659999251],[115.36366889900012,-6.833619485999975],[115.36367792400006,-6.8336194039999327],[115.36367792500005,-6.8336195459999658],[115.36368694400005,-6.83361889899993],[115.36368686600008,-6.8336103029999435],[115.36366881700008,-6.8336104659999251]]]},"properties":{"OBJECTID":41780,"FID_mangrove_utm":41600,"OBJECTID_1":41600,"Name":"18102566,9293","FolderPath":"JATIM/JATIM","SymbolID":0,"AltMode":0,"Base":0,"Clamped":-1,"Extruded":0,"Snippet":"","PopupInfo":"\u003chtml xmlns:fo=\"http://www.w3.org/1999/XSL/Format\" xmlns:msxsl=\"urn:schemas-microsoft-com:xslt\"\u003e\n\u003chead\u003e\n\u003cMETA http-equiv=\"Content-Type\" content=\"text/html\"\u003e\n\u003cmeta http-equiv=\"content-type\" content=\"text/html; charset=UTF-8\"\u003e\n\u003c/head\u003e\n\u003cbody style=\"margin:0px 0px 0px 0px;overflow:auto;background:#FFFFFF;\"\u003e\n\u003ctable style=\"font-family:Arial,Verdana,Times;font-size:12px;text-align:left;width:100%;border-collapse:collapse;padding:3px 3px 3px 3px\"\u003e\n\u003ctr style=\"text-align:center;font-weight:bold;background:#9CBCE2\"\u003e\n\u003ctd\u003e18102566,9293\u003c/td\u003e\n\u003c/tr\u003e\n\u003ctr\u003e\n\u003ctd\u003e\n\u003ctable style=\"font-family:Arial,Verdana,Times;font-size:12px;text-align:left;width:100%;border-spacing:0px; padding:3px 3px 3px 3px\"\u003e\n\u003ctr\u003e\n\u003ctd\u003eFID\u003c/td\u003e\n\u003ctd\u003e0\u003c/td\u003e\n\u003c/tr\u003e\n\u003ctr bgcolor=\"#D4E4F3\"\u003e\n\u003ctd\u003eShape_Leng\u003c/td\u003e\n\u003ctd\u003e18102566,9293\u003c/td\u003e\n\u003c/tr\u003e\n\u003c/table\u003e\n\u003c/td\u003e\n\u003c/tr\u003e\n\u003c/table\u003e\n\u003c/body\u003e\u003cscript type=\"text/javascript\"\u003e\n\t\t\t\tfunction changeImage(attElement, nameElement) {\n\t\t\t\tdocument.getElementById('imageAttachment').src = attElement;\n\t\t\t\tdocument.getElementById('imageName').innerHTML = nameElement;}\n\t\t\t\u003c/script\u003e\u003c/html\u003e\n","FID_active_grids":261,"GridID":"G51","Shape_Length":5.3876015944311562e-05,"Shape_Area":1.6153764101300782e-10}},{"type":"Feature","id":41781,"geometry":{"type":"Polygon","coordinates":[[[115.36372302000007,-6.8336163079999324],[115.3637229630001,-6.8336099749999448],[115.36371393800005,-6.8336100569999303],[115.36371400100006,-6.8336169549999681],[115.36372302000007,-6.8336163079999324]]]},"properties":{"OBJECTID":41781,"FID_mangrove_utm":41601,"OBJECTID_1":41601,"Name":"18102566,9293","FolderPath":"JATIM/JATIM","SymbolID":0,"AltMode":0,"Base":0,"Clamped":-1,"Extruded":0,"Snippet":"","PopupInfo":"\u003chtml xmlns:fo=\"http://www.w3.org/1999/XSL/Format\" xmlns:msxsl=\"urn:schemas-microsoft-com:xslt\"\u003e\n\u003chead\u003e\n\u003cMETA http-equiv=\"Content-Type\" content=\"text/html\"\u003e\n\u003cmeta http-equiv=\"content-type\" content=\"text/html; charset=UTF-8\"\u003e\n\u003c/head\u003e\n\u003cbody style=\"margin:0px 0px 0px 0px;overflow:auto;background:#FFFFFF;\"\u003e\n\u003ctable style=\"font-family:Arial,Verdana,Times;font-size:12px;text-align:left;width:100%;border-collapse:collapse;padding:3px 3px 3px 3px\"\u003e\n\u003ctr style=\"text-align:center;font-weight:bold;background:#9CBCE2\"\u003e\n\u003ctd\u003e18102566,9293\u003c/td\u003e\n\u003c/tr\u003e\n\u003ctr\u003e\n\u003ctd\u003e\n\u003ctable style=\"font-family:Arial,Verdana,Times;font-size:12px;text-align:left;width:100%;border-spacing:0px; padding:3px 3px 3px 3px\"\u003e\n\u003ctr\u003e\n\u003ctd\u003eFID\u003c/td\u003e\n\u003ctd\u003e0\u003c/td\u003e\n\u003c/tr\u003e\n\u003ctr bgcolor=\"#D4E4F3\"\u003e\n\u003ctd\u003eShape_Leng\u003c/td\u003e\n\u003ctd\u003e18102566,9293\u003c/td\u003e\n\u003c/tr\u003e\n\u003c/table\u003e\n\u003c/td\u003e\n\u003c/tr\u003e\n\u003c/table\u003e\n\u003c/body\u003e\u003cscript type=\"text/javascript\"\u003e\n\t\t\t\tfunction changeImage(attElement, nameElement) {\n\t\t\t\tdocument.getElementById('imageAttachment').src = attElement;\n\t\t\t\tdocument.getElementById('imageName').innerHTML = nameElement;}\n\t\t\t\u003c/script\u003e\u003c/html\u003e\n","FID_active_grids":261,"GridID":"G51","Shape_Length":3.1299094074820348e-05,"Shape_Area":5.9706911302476544e-11}},{"type":"Feature","id":41782,"geometry":{"type":"Polygon","coordinates":[[[115.36366881700008,-6.8336104659999251],[115.36366873500003,-6.8336014469999782],[115.36364166300007,-6.8336016919999452],[115.36364174500011,-6.8336107119999383],[115.36366881700008,-6.8336104659999251]]]},"properties":{"OBJECTID":41782,"FID_mangrove_utm":41602,"OBJECTID_1":41602,"Name":"18102566,9293","FolderPath":"JATIM/JATIM","SymbolID":0,"AltMode":0,"Base":0,"Clamped":-1,"Extruded":0,"Snippet":"","PopupInfo":"\u003chtml xmlns:fo=\"http://www.w3.org/1999/XSL/Format\" xmlns:msxsl=\"urn:schemas-microsoft-com:xslt\"\u003e\n\u003chead\u003e\n\u003cMETA http-equiv=\"Content-Type\" content=\"text/html\"\u003e\n\u003cmeta http-equiv=\"content-type\" content=\"text/html; charset=UTF-8\"\u003e\n\u003c/head\u003e\n\u003cbody style=\"margin:0px 0px 0px 0px;overflow:auto;background:#FFFFFF;\"\u003e\n\u003ctable style=\"font-family:Arial,Verdana,Times;font-size:12px;text-align:left;width:100%;border-collapse:collapse;padding:3px 3px 3px 3px\"\u003e\n\u003ctr style=\"text-align:center;font-weight:bold;background:#9CBCE2\"\u003e\n\u003ctd\u003e18102566,9293\u003c/td\u003e\n\u003c/tr\u003e\n\u003ctr\u003e\n\u003ctd\u003e\n\u003ctable style=\"font-family:Arial,Verdana,Times;font-size:12px;text-align:left;width:100%;border-spacing:0px; padding:3px 3px 3px 3px\"\u003e\n\u003ctr\u003e\n\u003ctd\u003eFID\u003c/td\u003e\n\u003ctd\u003e0\u003c/td\u003e\n\u003c/tr\u003e\n\u003ctr bgcolor=\"#D4E4F3\"\u003e\n\u003ctd\u003eShape_Leng\u003c/td\u003e\n\u003ctd\u003e18102566,9293\u003c/td\u003e\n\u003c/tr\u003e\n\u003c/table\u003e\n\u003c/td\u003e\n\u003c/tr\u003e\n\u003c/table\u003e\n\u003c/body\u003e\u003cscript type=\"text/javascript\"\u003e\n\t\t\t\tfunction changeImage(attElement, nameElement) {\n\t\t\t\tdocument.getElementById('imageAttachment').src = attElement;\n\t\t\t\tdocument.getElementById('imageName').innerHTML = nameElement;}\n\t\t\t\u003c/script\u003e\u003c/html\u003e\n","FID_active_grids":261,"GridID":"G51","Shape_Length":7.218597161166401e-05,"Shape_Area":2.4419603389289243e-10}},{"type":"Feature","id":41783,"geometry":{"type":"Polygon","coordinates":[[[115.36363247500003,-6.8335837349999338],[115.36359637800001,-6.8335840629999325],[115.36359646000005,-6.8335930819999362],[115.36362353200002,-6.8335928369999692],[115.36362361400006,-6.8336018559999729],[115.36363263900012,-6.8336017739999306],[115.36363247500003,-6.8335837349999338]]]},"properties":{"OBJECTID":41783,"FID_mangrove_utm":41603,"OBJECTID_1":41603,"Name":"18102566,9293","FolderPath":"JATIM/JATIM","SymbolID":0,"AltMode":0,"Base":0,"Clamped":-1,"Extruded":0,"Snippet":"","PopupInfo":"\u003chtml xmlns:fo=\"http://www.w3.org/1999/XSL/Format\" xmlns:msxsl=\"urn:schemas-microsoft-com:xslt\"\u003e\n\u003chead\u003e\n\u003cMETA http-equiv=\"Content-Type\" content=\"text/html\"\u003e\n\u003cmeta http-equiv=\"content-type\" content=\"text/html; charset=UTF-8\"\u003e\n\u003c/head\u003e\n\u003cbody style=\"margin:0px 0px 0px 0px;overflow:auto;background:#FFFFFF;\"\u003e\n\u003ctable style=\"font-family:Arial,Verdana,Times;font-size:12px;text-align:left;width:100%;border-collapse:collapse;padding:3px 3px 3px 3px\"\u003e\n\u003ctr style=\"text-align:center;font-weight:bold;background:#9CBCE2\"\u003e\n\u003ctd\u003e18102566,9293\u003c/td\u003e\n\u003c/tr\u003e\n\u003ctr\u003e\n\u003ctd\u003e\n\u003ctable style=\"font-family:Arial,Verdana,Times;font-size:12px;text-align:left;width:100%;border-spacing:0px; padding:3px 3px 3px 3px\"\u003e\n\u003ctr\u003e\n\u003ctd\u003eFID\u003c/td\u003e\n\u003ctd\u003e0\u003c/td\u003e\n\u003c/tr\u003e\n\u003ctr bgcolor=\"#D4E4F3\"\u003e\n\u003ctd\u003eShape_Leng\u003c/td\u003e\n\u003ctd\u003e18102566,9293\u003c/td\u003e\n\u003c/tr\u003e\n\u003c/table\u003e\n\u003c/td\u003e\n\u003c/tr\u003e\n\u003c/table\u003e\n\u003c/body\u003e\u003cscript type=\"text/javascript\"\u003e\n\t\t\t\tfunction changeImage(attElement, nameElement) {\n\t\t\t\tdocument.getElementById('imageAttachment').src = attElement;\n\t\t\t\tdocument.getElementById('imageName').innerHTML = nameElement;}\n\t\t\t\u003c/script\u003e\u003c/html\u003e\n","FID_active_grids":261,"GridID":"G51","Shape_Length":0.0001082754623328265,"Shape_Area":4.0701137737981677e-10}},{"type":"Feature","id":41784,"geometry":{"type":"Polygon","coordinates":[[[115.36492301800001,-6.8335810419999348],[115.36492293600008,-6.8335720219999416],[115.36491391100003,-6.8335721039999271],[115.36491399300007,-6.8335811239999771],[115.36492301800001,-6.8335810419999348]]]},"properties":{"OBJECTID":41784,"FID_mangrove_utm":41604,"OBJECTID_1":41604,"Name":"18102566,9293","FolderPath":"JATIM/JATIM","SymbolID":0,"AltMode":0,"Base":0,"Clamped":-1,"Extruded":0,"Snippet":"","PopupInfo":"\u003chtml xmlns:fo=\"http://www.w3.org/1999/XSL/Format\" xmlns:msxsl=\"urn:schemas-microsoft-com:xslt\"\u003e\n\u003chead\u003e\n\u003cMETA http-equiv=\"Content-Type\" content=\"text/html\"\u003e\n\u003cmeta http-equiv=\"content-type\" content=\"text/html; charset=UTF-8\"\u003e\n\u003c/head\u003e\n\u003cbody style=\"margin:0px 0px 0px 0px;overflow:auto;background:#FFFFFF;\"\u003e\n\u003ctable style=\"font-family:Arial,Verdana,Times;font-size:12px;text-align:left;width:100%;border-collapse:collapse;padding:3px 3px 3px 3px\"\u003e\n\u003ctr style=\"text-align:center;font-weight:bold;background:#9CBCE2\"\u003e\n\u003ctd\u003e18102566,9293\u003c/td\u003e\n\u003c/tr\u003e\n\u003ctr\u003e\n\u003ctd\u003e\n\u003ctable style=\"font-family:Arial,Verdana,Times;font-size:12px;text-align:left;width:100%;border-spacing:0px; padding:3px 3px 3px 3px\"\u003e\n\u003ctr\u003e\n\u003ctd\u003eFID\u003c/td\u003e\n\u003ctd\u003e0\u003c/td\u003e\n\u003c/tr\u003e\n\u003ctr bgcolor=\"#D4E4F3\"\u003e\n\u003ctd\u003eShape_Leng\u003c/td\u003e\n\u003ctd\u003e18102566,9293\u003c/td\u003e\n\u003c/tr\u003e\n\u003c/table\u003e\n\u003c/td\u003e\n\u003c/tr\u003e\n\u003c/table\u003e\n\u003c/body\u003e\u003cscript type=\"text/javascript\"\u003e\n\t\t\t\tfunction changeImage(attElement, nameElement) {\n\t\t\t\tdocument.getElementById('imageAttachment').src = attElement;\n\t\t\t\tdocument.getElementById('imageName').innerHTML = nameElement;}\n\t\t\t\u003c/script\u003e\u003c/html\u003e\n","FID_active_grids":261,"GridID":"G51","Shape_Length":3.609149050265394e-05,"Shape_Area":8.141222416849307e-11}},{"type":"Feature","id":41785,"geometry":{"type":"Polygon","coordinates":[[[115.36590665400001,-6.8335721109999668],[115.36590657200009,-6.833563091999963],[115.36588852400007,-6.833563255999934],[115.36588860600011,-6.8335722749999377],[115.36590665400001,-6.8335721109999668]]]},"properties":{"OBJECTID":41785,"FID_mangrove_utm":41605,"OBJECTID_1":41605,"Name":"18102566,9293","FolderPath":"JATIM/JATIM","SymbolID":0,"AltMode":0,"Base":0,"Clamped":-1,"Extruded":0,"Snippet":"","PopupInfo":"\u003chtml xmlns:fo=\"http://www.w3.org/1999/XSL/Format\" xmlns:msxsl=\"urn:schemas-microsoft-com:xslt\"\u003e\n\u003chead\u003e\n\u003cMETA http-equiv=\"Content-Type\" content=\"text/html\"\u003e\n\u003cmeta http-equiv=\"content-type\" content=\"text/html; charset=UTF-8\"\u003e\n\u003c/head\u003e\n\u003cbody style=\"margin:0px 0px 0px 0px;overflow:auto;background:#FFFFFF;\"\u003e\n\u003ctable style=\"font-family:Arial,Verdana,Times;font-size:12px;text-align:left;width:100%;border-collapse:collapse;padding:3px 3px 3px 3px\"\u003e\n\u003ctr style=\"text-align:center;font-weight:bold;background:#9CBCE2\"\u003e\n\u003ctd\u003e18102566,9293\u003c/td\u003e\n\u003c/tr\u003e\n\u003ctr\u003e\n\u003ctd\u003e\n\u003ctable style=\"font-family:Arial,Verdana,Times;font-size:12px;text-align:left;width:100%;border-spacing:0px; padding:3px 3px 3px 3px\"\u003e\n\u003ctr\u003e\n\u003ctd\u003eFID\u003c/td\u003e\n\u003ctd\u003e0\u003c/td\u003e\n\u003c/tr\u003e\n\u003ctr bgcolor=\"#D4E4F3\"\u003e\n\u003ctd\u003eShape_Leng\u003c/td\u003e\n\u003ctd\u003e18102566,9293\u003c/td\u003e\n\u003c/tr\u003e\n\u003c/table\u003e\n\u003c/td\u003e\n\u003c/tr\u003e\n\u003c/table\u003e\n\u003c/body\u003e\u003cscript type=\"text/javascript\"\u003e\n\t\t\t\tfunction changeImage(attElement, nameElement) {\n\t\t\t\tdocument.getElementById('imageAttachment').src = attElement;\n\t\t\t\tdocument.getElementById('imageName').innerHTML = nameElement;}\n\t\t\t\u003c/script\u003e\u003c/html\u003e\n","FID_active_grids":261,"GridID":"G51","Shape_Length":5.4136235662957097e-05,"Shape_Area":1.6278835968828572e-10}},{"type":"Feature","id":41786,"geometry":{"type":"Polygon","coordinates":[[[115.36527487900003,-6.833568826999965],[115.36526585500008,-6.8335689089999505],[115.36526577300003,-6.8335598889999574],[115.36524772500002,-6.8335600529999283],[115.36524780700006,-6.8335690729999783],[115.36525683100001,-6.833568990999936],[115.36525691300005,-6.8335780099999397],[115.36527496100007,-6.8335778469999582],[115.36527487900003,-6.833568826999965]]]},"properties":{"OBJECTID":41786,"FID_mangrove_utm":41606,"OBJECTID_1":41606,"Name":"18102566,9293","FolderPath":"JATIM/JATIM","SymbolID":0,"AltMode":0,"Base":0,"Clamped":-1,"Extruded":0,"Snippet":"","PopupInfo":"\u003chtml xmlns:fo=\"http://www.w3.org/1999/XSL/Format\" xmlns:msxsl=\"urn:schemas-microsoft-com:xslt\"\u003e\n\u003chead\u003e\n\u003cMETA http-equiv=\"Content-Type\" content=\"text/html\"\u003e\n\u003cmeta http-equiv=\"content-type\" content=\"text/html; charset=UTF-8\"\u003e\n\u003c/head\u003e\n\u003cbody style=\"margin:0px 0px 0px 0px;overflow:auto;background:#FFFFFF;\"\u003e\n\u003ctable style=\"font-family:Arial,Verdana,Times;font-size:12px;text-align:left;width:100%;border-collapse:collapse;padding:3px 3px 3px 3px\"\u003e\n\u003ctr style=\"text-align:center;font-weight:bold;background:#9CBCE2\"\u003e\n\u003ctd\u003e18102566,9293\u003c/td\u003e\n\u003c/tr\u003e\n\u003ctr\u003e\n\u003ctd\u003e\n\u003ctable style=\"font-family:Arial,Verdana,Times;font-size:12px;text-align:left;width:100%;border-spacing:0px; padding:3px 3px 3px 3px\"\u003e\n\u003ctr\u003e\n\u003ctd\u003eFID\u003c/td\u003e\n\u003ctd\u003e0\u003c/td\u003e\n\u003c/tr\u003e\n\u003ctr bgcolor=\"#D4E4F3\"\u003e\n\u003ctd\u003eShape_Leng\u003c/td\u003e\n\u003ctd\u003e18102566,9293\u003c/td\u003e\n\u003c/tr\u003e\n\u003c/table\u003e\n\u003c/td\u003e\n\u003c/tr\u003e\n\u003c/table\u003e\n\u003c/body\u003e\u003cscript type=\"text/javascript\"\u003e\n\t\t\t\tfunction changeImage(attElement, nameElement) {\n\t\t\t\tdocument.getElementById('imageAttachment').src = attElement;\n\t\t\t\tdocument.getElementById('imageName').innerHTML = nameElement;}\n\t\t\t\u003c/script\u003e\u003c/html\u003e\n","FID_active_grids":261,"GridID":"G51","Shape_Length":9.022671716077914e-05,"Shape_Area":3.2560375138418165e-10}},{"type":"Feature","id":41787,"geometry":{"type":"Polygon","coordinates":[[[115.36527487900003,-6.833568826999965],[115.36528390300009,-6.8335687449999796],[115.36528382100005,-6.8335597249999296],[115.3652747970001,-6.8335598069999719],[115.36527487900003,-6.833568826999965]]]},"properties":{"OBJECTID":41787,"FID_mangrove_utm":41607,"OBJECTID_1":41607,"Name":"18102566,9293","FolderPath":"JATIM/JATIM","SymbolID":0,"AltMode":0,"Base":0,"Clamped":-1,"Extruded":0,"Snippet":"","PopupInfo":"\u003chtml xmlns:fo=\"http://www.w3.org/1999/XSL/Format\" xmlns:msxsl=\"urn:schemas-microsoft-com:xslt\"\u003e\n\u003chead\u003e\n\u003cMETA http-equiv=\"Content-Type\" content=\"text/html\"\u003e\n\u003cmeta http-equiv=\"content-type\" content=\"text/html; charset=UTF-8\"\u003e\n\u003c/head\u003e\n\u003cbody style=\"margin:0px 0px 0px 0px;overflow:auto;background:#FFFFFF;\"\u003e\n\u003ctable style=\"font-family:Arial,Verdana,Times;font-size:12px;text-align:left;width:100%;border-collapse:collapse;padding:3px 3px 3px 3px\"\u003e\n\u003ctr style=\"text-align:center;font-weight:bold;background:#9CBCE2\"\u003e\n\u003ctd\u003e18102566,9293\u003c/td\u003e\n\u003c/tr\u003e\n\u003ctr\u003e\n\u003ctd\u003e\n\u003ctable style=\"font-family:Arial,Verdana,Times;font-size:12px;text-align:left;width:100%;border-spacing:0px; padding:3px 3px 3px 3px\"\u003e\n\u003ctr\u003e\n\u003ctd\u003eFID\u003c/td\u003e\n\u003ctd\u003e0\u003c/td\u003e\n\u003c/tr\u003e\n\u003ctr bgcolor=\"#D4E4F3\"\u003e\n\u003ctd\u003eShape_Leng\u003c/td\u003e\n\u003ctd\u003e18102566,9293\u003c/td\u003e\n\u003c/tr\u003e\n\u003c/table\u003e\n\u003c/td\u003e\n\u003c/tr\u003e\n\u003c/table\u003e\n\u003c/body\u003e\u003cscript type=\"text/javascript\"\u003e\n\t\t\t\tfunction changeImage(attElement, nameElement) {\n\t\t\t\tdocument.getElementById('imageAttachment').src = attElement;\n\t\t\t\tdocument.getElementById('imageName').innerHTML = nameElement;}\n\t\t\t\u003c/script\u003e\u003c/html\u003e\n","FID_active_grids":261,"GridID":"G51","Shape_Length":3.608949060636101e-05,"Shape_Area":8.1403204263861606e-11}},{"type":"Feature","id":41788,"geometry":{"type":"Polygon","coordinates":[[[115.3655817020001,-6.8335660409999264],[115.36559072600005,-6.8335659589999409],[115.36559064400001,-6.8335569399999372],[115.36553649900009,-6.8335574309999743],[115.36553658100001,-6.8335664509999674],[115.36552755600007,-6.8335665329999529],[115.36552763800012,-6.833575552999946],[115.36554568700001,-6.8335753889999751],[115.36554560500008,-6.8335663689999251],[115.36556365300009,-6.8335662049999542],[115.36556373500002,-6.8335752249999473],[115.36558178400003,-6.8335750609999764],[115.3655817020001,-6.8335660409999264]]]},"properties":{"OBJECTID":41788,"FID_mangrove_utm":41608,"OBJECTID_1":41608,"Name":"18102566,9293","FolderPath":"JATIM/JATIM","SymbolID":0,"AltMode":0,"Base":0,"Clamped":-1,"Extruded":0,"Snippet":"","PopupInfo":"\u003chtml xmlns:fo=\"http://www.w3.org/1999/XSL/Format\" xmlns:msxsl=\"urn:schemas-microsoft-com:xslt\"\u003e\n\u003chead\u003e\n\u003cMETA http-equiv=\"Content-Type\" content=\"text/html\"\u003e\n\u003cmeta http-equiv=\"content-type\" content=\"text/html; charset=UTF-8\"\u003e\n\u003c/head\u003e\n\u003cbody style=\"margin:0px 0px 0px 0px;overflow:auto;background:#FFFFFF;\"\u003e\n\u003ctable style=\"font-family:Arial,Verdana,Times;font-size:12px;text-align:left;width:100%;border-collapse:collapse;padding:3px 3px 3px 3px\"\u003e\n\u003ctr style=\"text-align:center;font-weight:bold;background:#9CBCE2\"\u003e\n\u003ctd\u003e18102566,9293\u003c/td\u003e\n\u003c/tr\u003e\n\u003ctr\u003e\n\u003ctd\u003e\n\u003ctable style=\"font-family:Arial,Verdana,Times;font-size:12px;text-align:left;width:100%;border-spacing:0px; padding:3px 3px 3px 3px\"\u003e\n\u003ctr\u003e\n\u003ctd\u003eFID\u003c/td\u003e\n\u003ctd\u003e0\u003c/td\u003e\n\u003c/tr\u003e\n\u003ctr bgcolor=\"#D4E4F3\"\u003e\n\u003ctd\u003eShape_Leng\u003c/td\u003e\n\u003ctd\u003e18102566,9293\u003c/td\u003e\n\u003c/tr\u003e\n\u003c/table\u003e\n\u003c/td\u003e\n\u003c/tr\u003e\n\u003c/table\u003e\n\u003c/body\u003e\u003cscript type=\"text/javascript\"\u003e\n\t\t\t\tfunction changeImage(attElement, nameElement) {\n\t\t\t\tdocument.getElementById('imageAttachment').src = attElement;\n\t\t\t\tdocument.getElementById('imageName').innerHTML = nameElement;}\n\t\t\t\u003c/script\u003e\u003c/html\u003e\n","FID_active_grids":261,"GridID":"G51","Shape_Length":0.00018046644268246363,"Shape_Area":8.1403186255959382e-10}},{"type":"Feature","id":41790,"geometry":{"type":"Polygon","coordinates":[[[115.34906709200004,-6.8336976579999487],[115.34906628900001,-6.8336976649999315],[115.34906709400002,-6.8336979309999606],[115.34906709200004,-6.8336976579999487]]]},"properties":{"OBJECTID":41790,"FID_mangrove_utm":41610,"OBJECTID_1":41610,"Name":"18102566,9293","FolderPath":"JATIM/JATIM","SymbolID":0,"AltMode":0,"Base":0,"Clamped":-1,"Extruded":0,"Snippet":"","PopupInfo":"\u003chtml xmlns:fo=\"http://www.w3.org/1999/XSL/Format\" xmlns:msxsl=\"urn:schemas-microsoft-com:xslt\"\u003e\n\u003chead\u003e\n\u003cMETA http-equiv=\"Content-Type\" content=\"text/html\"\u003e\n\u003cmeta http-equiv=\"content-type\" content=\"text/html; charset=UTF-8\"\u003e\n\u003c/head\u003e\n\u003cbody style=\"margin:0px 0px 0px 0px;overflow:auto;background:#FFFFFF;\"\u003e\n\u003ctable style=\"font-family:Arial,Verdana,Times;font-size:12px;text-align:left;width:100%;border-collapse:collapse;padding:3px 3px 3px 3px\"\u003e\n\u003ctr style=\"text-align:center;font-weight:bold;background:#9CBCE2\"\u003e\n\u003ctd\u003e18102566,9293\u003c/td\u003e\n\u003c/tr\u003e\n\u003ctr\u003e\n\u003ctd\u003e\n\u003ctable style=\"font-family:Arial,Verdana,Times;font-size:12px;text-align:left;width:100%;border-spacing:0px; padding:3px 3px 3px 3px\"\u003e\n\u003ctr\u003e\n\u003ctd\u003eFID\u003c/td\u003e\n\u003ctd\u003e0\u003c/td\u003e\n\u003c/tr\u003e\n\u003ctr bgcolor=\"#D4E4F3\"\u003e\n\u003ctd\u003eShape_Leng\u003c/td\u003e\n\u003ctd\u003e18102566,9293\u003c/td\u003e\n\u003c/tr\u003e\n\u003c/table\u003e\n\u003c/td\u003e\n\u003c/tr\u003e\n\u003c/table\u003e\n\u003c/body\u003e\u003cscript type=\"text/javascript\"\u003e\n\t\t\t\tfunction changeImage(attElement, nameElement) {\n\t\t\t\tdocument.getElementById('imageAttachment').src = attElement;\n\t\t\t\tdocument.getElementById('imageName').innerHTML = nameElement;}\n\t\t\t\u003c/script\u003e\u003c/html\u003e\n","FID_active_grids":261,"GridID":"G51","Shape_Length":1.9238474342780873e-06,"Shape_Area":1.0961650940329721e-13}},{"type":"Feature","id":41791,"geometry":{"type":"Polygon","coordinates":[[[115.36301029600008,-6.833643502999962],[115.36301037700002,-6.8336525229999552],[115.36302842600003,-6.8336523589999274],[115.3630283440001,-6.8336433399999805],[115.36304639200011,-6.8336431759999527],[115.36304631000007,-6.8336341559999596],[115.36305533500001,-6.8336340739999741],[115.36305525300008,-6.8336250549999704],[115.3630733010001,-6.8336248909999426],[115.36307321900006,-6.8336158709999495],[115.36308224300001,-6.833615788999964],[115.36308216200007,-6.8336067699999603],[115.36316338000006,-6.8336060329999668],[115.36316329800002,-6.8335970129999737],[115.36317232200008,-6.8335969309999314],[115.36317215800011,-6.8335788919999345],[115.36316313400005,-6.8335789739999768],[115.36316305200012,-6.8335699539999268],[115.36315402800005,-6.8335700359999691],[115.36315394600001,-6.833561015999976],[115.36314492100007,-6.8335610979999615],[115.36314500300011,-6.8335701179999546],[115.3631269550001,-6.8335702819999256],[115.36312703700003,-6.8335793009999293],[115.36309996400007,-6.8335795469999425],[115.36310004600011,-6.8335885669999357],[115.36307297300004,-6.8335888119999595],[115.36307305500009,-6.8335978319999526],[115.36306403100002,-6.8335979139999381],[115.36306411300006,-6.8336069339999312],[115.36304606500005,-6.8336070969999696],[115.36304614700009,-6.8336161169999627],[115.36302809800009,-6.8336162809999337],[115.36302818000001,-6.8336252999999374],[115.36301013200011,-6.8336254639999652],[115.36301021400004,-6.8336344839999583],[115.36301923800011,-6.8336344019999729],[115.36301932000003,-6.8336434209999766],[115.36301029600008,-6.833643502999962]],[[115.36315427300008,-6.8335970949999592],[115.36314524900001,-6.8335971769999446],[115.36314508500004,-6.8335791379999478],[115.36315410900011,-6.8335790559999623],[115.36315427300008,-6.8335970949999592]]]},"properties":{"OBJECTID":41791,"FID_mangrove_utm":41611,"OBJECTID_1":41611,"Name":"18102566,9293","FolderPath":"JATIM/JATIM","SymbolID":0,"AltMode":0,"Base":0,"Clamped":-1,"Extruded":0,"Snippet":"","PopupInfo":"\u003chtml xmlns:fo=\"http://www.w3.org/1999/XSL/Format\" xmlns:msxsl=\"urn:schemas-microsoft-com:xslt\"\u003e\n\u003chead\u003e\n\u003cMETA http-equiv=\"Content-Type\" content=\"text/html\"\u003e\n\u003cmeta http-equiv=\"content-type\" content=\"text/html; charset=UTF-8\"\u003e\n\u003c/head\u003e\n\u003cbody style=\"margin:0px 0px 0px 0px;overflow:auto;background:#FFFFFF;\"\u003e\n\u003ctable style=\"font-family:Arial,Verdana,Times;font-size:12px;text-align:left;width:100%;border-collapse:collapse;padding:3px 3px 3px 3px\"\u003e\n\u003ctr style=\"text-align:center;font-weight:bold;background:#9CBCE2\"\u003e\n\u003ctd\u003e18102566,9293\u003c/td\u003e\n\u003c/tr\u003e\n\u003ctr\u003e\n\u003ctd\u003e\n\u003ctable style=\"font-family:Arial,Verdana,Times;font-size:12px;text-align:left;width:100%;border-spacing:0px; padding:3px 3px 3px 3px\"\u003e\n\u003ctr\u003e\n\u003ctd\u003eFID\u003c/td\u003e\n\u003ctd\u003e0\u003c/td\u003e\n\u003c/tr\u003e\n\u003ctr bgcolor=\"#D4E4F3\"\u003e\n\u003ctd\u003eShape_Leng\u003c/td\u003e\n\u003ctd\u003e18102566,9293\u003c/td\u003e\n\u003c/tr\u003e\n\u003c/table\u003e\n\u003c/td\u003e\n\u003c/tr\u003e\n\u003c/table\u003e\n\u003c/body\u003e\u003cscript type=\"text/javascript\"\u003e\n\t\t\t\tfunction changeImage(attElement, nameElement) {\n\t\t\t\tdocument.getElementById('imageAttachment').src = attElement;\n\t\t\t\tdocument.getElementById('imageName').innerHTML = nameElement;}\n\t\t\t\u003c/script\u003e\u003c/html\u003e\n","FID_active_grids":261,"GridID":"G51","Shape_Length":0.00057746280235982013,"Shape_Area":4.2329480128294478e-09}},{"type":"Feature","id":41792,"geometry":{"type":"Polygon","coordinates":[[[115.36570779400006,-6.8335378349999587],[115.36568974600004,-6.8335379989999296],[115.36568982800009,-6.8335470189999796],[115.36567177900008,-6.8335471829999506],[115.36567186100001,-6.8335562019999543],[115.36563576500009,-6.833556529999953],[115.36563568300005,-6.8335475109999493],[115.3656266590001,-6.8335475929999347],[115.36562674100003,-6.8335566119999385],[115.36560869200002,-6.8335567759999662],[115.36560885600011,-6.8335748149999631],[115.36568105000003,-6.8335741599999551],[115.36568113200008,-6.8335831789999588],[115.36569918000009,-6.833583014999931],[115.36569909800005,-6.8335739959999273],[115.36570812200011,-6.8335739139999419],[115.36570804000007,-6.8335648939999487],[115.36571706400002,-6.8335648119999632],[115.36571698200009,-6.8335557929999595],[115.36570795800003,-6.833555874999945],[115.36570779400006,-6.8335378349999587]]]},"properties":{"OBJECTID":41792,"FID_mangrove_utm":41612,"OBJECTID_1":41612,"Name":"18102566,9293","FolderPath":"JATIM/JATIM","SymbolID":0,"AltMode":0,"Base":0,"Clamped":-1,"Extruded":0,"Snippet":"","PopupInfo":"\u003chtml xmlns:fo=\"http://www.w3.org/1999/XSL/Format\" xmlns:msxsl=\"urn:schemas-microsoft-com:xslt\"\u003e\n\u003chead\u003e\n\u003cMETA http-equiv=\"Content-Type\" content=\"text/html\"\u003e\n\u003cmeta http-equiv=\"content-type\" content=\"text/html; charset=UTF-8\"\u003e\n\u003c/head\u003e\n\u003cbody style=\"margin:0px 0px 0px 0px;overflow:auto;background:#FFFFFF;\"\u003e\n\u003ctable style=\"font-family:Arial,Verdana,Times;font-size:12px;text-align:left;width:100%;border-collapse:collapse;padding:3px 3px 3px 3px\"\u003e\n\u003ctr style=\"text-align:center;font-weight:bold;background:#9CBCE2\"\u003e\n\u003ctd\u003e18102566,9293\u003c/td\u003e\n\u003c/tr\u003e\n\u003ctr\u003e\n\u003ctd\u003e\n\u003ctable style=\"font-family:Arial,Verdana,Times;font-size:12px;text-align:left;width:100%;border-spacing:0px; padding:3px 3px 3px 3px\"\u003e\n\u003ctr\u003e\n\u003ctd\u003eFID\u003c/td\u003e\n\u003ctd\u003e0\u003c/td\u003e\n\u003c/tr\u003e\n\u003ctr bgcolor=\"#D4E4F3\"\u003e\n\u003ctd\u003eShape_Leng\u003c/td\u003e\n\u003ctd\u003e18102566,9293\u003c/td\u003e\n\u003c/tr\u003e\n\u003c/table\u003e\n\u003c/td\u003e\n\u003c/tr\u003e\n\u003c/table\u003e\n\u003c/body\u003e\u003cscript type=\"text/javascript\"\u003e\n\t\t\t\tfunction changeImage(attElement, nameElement) {\n\t\t\t\tdocument.getElementById('imageAttachment').src = attElement;\n\t\t\t\tdocument.getElementById('imageName').innerHTML = nameElement;}\n\t\t\t\u003c/script\u003e\u003c/html\u003e\n","FID_active_grids":261,"GridID":"G51","Shape_Length":0.00032482640494780588,"Shape_Area":2.6048392564140582e-09}},{"type":"Feature","id":41794,"geometry":{"type":"Polygon","coordinates":[[[115.36320800900012,-6.8335515049999458],[115.3631899610001,-6.8335516689999736],[115.36319004300003,-6.8335606889999667],[115.3631990670001,-6.8335606069999812],[115.36319914900002,-6.8335696269999744],[115.36320817300009,-6.8335695449999321],[115.36320800900012,-6.8335515049999458]]]},"properties":{"OBJECTID":41794,"FID_mangrove_utm":41614,"OBJECTID_1":41614,"Name":"18102566,9293","FolderPath":"JATIM/JATIM","SymbolID":0,"AltMode":0,"Base":0,"Clamped":-1,"Extruded":0,"Snippet":"","PopupInfo":"\u003chtml xmlns:fo=\"http://www.w3.org/1999/XSL/Format\" xmlns:msxsl=\"urn:schemas-microsoft-com:xslt\"\u003e\n\u003chead\u003e\n\u003cMETA http-equiv=\"Content-Type\" content=\"text/html\"\u003e\n\u003cmeta http-equiv=\"content-type\" content=\"text/html; charset=UTF-8\"\u003e\n\u003c/head\u003e\n\u003cbody style=\"margin:0px 0px 0px 0px;overflow:auto;background:#FFFFFF;\"\u003e\n\u003ctable style=\"font-family:Arial,Verdana,Times;font-size:12px;text-align:left;width:100%;border-collapse:collapse;padding:3px 3px 3px 3px\"\u003e\n\u003ctr style=\"text-align:center;font-weight:bold;background:#9CBCE2\"\u003e\n\u003ctd\u003e18102566,9293\u003c/td\u003e\n\u003c/tr\u003e\n\u003ctr\u003e\n\u003ctd\u003e\n\u003ctable style=\"font-family:Arial,Verdana,Times;font-size:12px;text-align:left;width:100%;border-spacing:0px; padding:3px 3px 3px 3px\"\u003e\n\u003ctr\u003e\n\u003ctd\u003eFID\u003c/td\u003e\n\u003ctd\u003e0\u003c/td\u003e\n\u003c/tr\u003e\n\u003ctr bgcolor=\"#D4E4F3\"\u003e\n\u003ctd\u003eShape_Leng\u003c/td\u003e\n\u003ctd\u003e18102566,9293\u003c/td\u003e\n\u003c/tr\u003e\n\u003c/table\u003e\n\u003c/td\u003e\n\u003c/tr\u003e\n\u003c/table\u003e\n\u003c/body\u003e\u003cscript type=\"text/javascript\"\u003e\n\t\t\t\tfunction changeImage(attElement, nameElement) {\n\t\t\t\tdocument.getElementById('imageAttachment').src = attElement;\n\t\t\t\tdocument.getElementById('imageName').innerHTML = nameElement;}\n\t\t\t\u003c/script\u003e\u003c/html\u003e\n","FID_active_grids":261,"GridID":"G51","Shape_Length":7.2178981211688559e-05,"Shape_Area":2.4420961278902689e-10}},{"type":"Feature","id":41795,"geometry":{"type":"Polygon","coordinates":[[[115.36341573000004,-6.8335676609999609],[115.36341556600007,-6.8335496219999641],[115.36339751700007,-6.833549785999935],[115.36339768100004,-6.8335678249999319],[115.36341573000004,-6.8335676609999609]]]},"properties":{"OBJECTID":41795,"FID_mangrove_utm":41615,"OBJECTID_1":41615,"Name":"18102566,9293","FolderPath":"JATIM/JATIM","SymbolID":0,"AltMode":0,"Base":0,"Clamped":-1,"Extruded":0,"Snippet":"","PopupInfo":"\u003chtml xmlns:fo=\"http://www.w3.org/1999/XSL/Format\" xmlns:msxsl=\"urn:schemas-microsoft-com:xslt\"\u003e\n\u003chead\u003e\n\u003cMETA http-equiv=\"Content-Type\" content=\"text/html\"\u003e\n\u003cmeta http-equiv=\"content-type\" content=\"text/html; charset=UTF-8\"\u003e\n\u003c/head\u003e\n\u003cbody style=\"margin:0px 0px 0px 0px;overflow:auto;background:#FFFFFF;\"\u003e\n\u003ctable style=\"font-family:Arial,Verdana,Times;font-size:12px;text-align:left;width:100%;border-collapse:collapse;padding:3px 3px 3px 3px\"\u003e\n\u003ctr style=\"text-align:center;font-weight:bold;background:#9CBCE2\"\u003e\n\u003ctd\u003e18102566,9293\u003c/td\u003e\n\u003c/tr\u003e\n\u003ctr\u003e\n\u003ctd\u003e\n\u003ctable style=\"font-family:Arial,Verdana,Times;font-size:12px;text-align:left;width:100%;border-spacing:0px; padding:3px 3px 3px 3px\"\u003e\n\u003ctr\u003e\n\u003ctd\u003eFID\u003c/td\u003e\n\u003ctd\u003e0\u003c/td\u003e\n\u003c/tr\u003e\n\u003ctr bgcolor=\"#D4E4F3\"\u003e\n\u003ctd\u003eShape_Leng\u003c/td\u003e\n\u003ctd\u003e18102566,9293\u003c/td\u003e\n\u003c/tr\u003e\n\u003c/table\u003e\n\u003c/td\u003e\n\u003c/tr\u003e\n\u003c/table\u003e\n\u003c/body\u003e\u003cscript type=\"text/javascript\"\u003e\n\t\t\t\tfunction changeImage(attElement, nameElement) {\n\t\t\t\tdocument.getElementById('imageAttachment').src = attElement;\n\t\t\t\tdocument.getElementById('imageName').innerHTML = nameElement;}\n\t\t\t\u003c/script\u003e\u003c/html\u003e\n","FID_active_grids":261,"GridID":"G51","Shape_Length":7.2178981098089271e-05,"Shape_Area":3.2561280702029079e-10}},{"type":"Feature","id":41796,"geometry":{"type":"Polygon","coordinates":[[[115.36579803600011,-6.8335370159999798],[115.36579795400007,-6.833527996999976],[115.36578893000001,-6.8335280779999721],[115.36578901200005,-6.8335370979999652],[115.36579803600011,-6.8335370159999798]]]},"properties":{"OBJECTID":41796,"FID_mangrove_utm":41616,"OBJECTID_1":41616,"Name":"18102566,9293","FolderPath":"JATIM/JATIM","SymbolID":0,"AltMode":0,"Base":0,"Clamped":-1,"Extruded":0,"Snippet":"","PopupInfo":"\u003chtml xmlns:fo=\"http://www.w3.org/1999/XSL/Format\" xmlns:msxsl=\"urn:schemas-microsoft-com:xslt\"\u003e\n\u003chead\u003e\n\u003cMETA http-equiv=\"Content-Type\" content=\"text/html\"\u003e\n\u003cmeta http-equiv=\"content-type\" content=\"text/html; charset=UTF-8\"\u003e\n\u003c/head\u003e\n\u003cbody style=\"margin:0px 0px 0px 0px;overflow:auto;background:#FFFFFF;\"\u003e\n\u003ctable style=\"font-family:Arial,Verdana,Times;font-size:12px;text-align:left;width:100%;border-collapse:collapse;padding:3px 3px 3px 3px\"\u003e\n\u003ctr style=\"text-align:center;font-weight:bold;background:#9CBCE2\"\u003e\n\u003ctd\u003e18102566,9293\u003c/td\u003e\n\u003c/tr\u003e\n\u003ctr\u003e\n\u003ctd\u003e\n\u003ctable style=\"font-family:Arial,Verdana,Times;font-size:12px;text-align:left;width:100%;border-spacing:0px; padding:3px 3px 3px 3px\"\u003e\n\u003ctr\u003e\n\u003ctd\u003eFID\u003c/td\u003e\n\u003ctd\u003e0\u003c/td\u003e\n\u003c/tr\u003e\n\u003ctr bgcolor=\"#D4E4F3\"\u003e\n\u003ctd\u003eShape_Leng\u003c/td\u003e\n\u003ctd\u003e18102566,9293\u003c/td\u003e\n\u003c/tr\u003e\n\u003c/table\u003e\n\u003c/td\u003e\n\u003c/tr\u003e\n\u003c/table\u003e\n\u003c/body\u003e\u003cscript type=\"text/javascript\"\u003e\n\t\t\t\tfunction changeImage(attElement, nameElement) {\n\t\t\t\tdocument.getElementById('imageAttachment').src = attElement;\n\t\t\t\tdocument.getElementById('imageName').innerHTML = nameElement;}\n\t\t\t\u003c/script\u003e\u003c/html\u003e\n","FID_active_grids":261,"GridID":"G51","Shape_Length":3.6088481684611683e-05,"Shape_Area":8.1398651570538704e-11}},{"type":"Feature","id":41798,"geometry":{"type":"Polygon","coordinates":[[[115.36326207200011,-6.8335419939999724],[115.36326199000007,-6.8335329749999687],[115.36320784500003,-6.8335334659999489],[115.36320792700008,-6.8335424859999421],[115.36326207200011,-6.8335419939999724]]]},"properties":{"OBJECTID":41798,"FID_mangrove_utm":41618,"OBJECTID_1":41618,"Name":"18102566,9293","FolderPath":"JATIM/JATIM","SymbolID":0,"AltMode":0,"Base":0,"Clamped":-1,"Extruded":0,"Snippet":"","PopupInfo":"\u003chtml xmlns:fo=\"http://www.w3.org/1999/XSL/Format\" xmlns:msxsl=\"urn:schemas-microsoft-com:xslt\"\u003e\n\u003chead\u003e\n\u003cMETA http-equiv=\"Content-Type\" content=\"text/html\"\u003e\n\u003cmeta http-equiv=\"content-type\" content=\"text/html; charset=UTF-8\"\u003e\n\u003c/head\u003e\n\u003cbody style=\"margin:0px 0px 0px 0px;overflow:auto;background:#FFFFFF;\"\u003e\n\u003ctable style=\"font-family:Arial,Verdana,Times;font-size:12px;text-align:left;width:100%;border-collapse:collapse;padding:3px 3px 3px 3px\"\u003e\n\u003ctr style=\"text-align:center;font-weight:bold;background:#9CBCE2\"\u003e\n\u003ctd\u003e18102566,9293\u003c/td\u003e\n\u003c/tr\u003e\n\u003ctr\u003e\n\u003ctd\u003e\n\u003ctable style=\"font-family:Arial,Verdana,Times;font-size:12px;text-align:left;width:100%;border-spacing:0px; padding:3px 3px 3px 3px\"\u003e\n\u003ctr\u003e\n\u003ctd\u003eFID\u003c/td\u003e\n\u003ctd\u003e0\u003c/td\u003e\n\u003c/tr\u003e\n\u003ctr bgcolor=\"#D4E4F3\"\u003e\n\u003ctd\u003eShape_Leng\u003c/td\u003e\n\u003ctd\u003e18102566,9293\u003c/td\u003e\n\u003c/tr\u003e\n\u003c/table\u003e\n\u003c/td\u003e\n\u003c/tr\u003e\n\u003c/table\u003e\n\u003c/body\u003e\u003cscript type=\"text/javascript\"\u003e\n\t\t\t\tfunction changeImage(attElement, nameElement) {\n\t\t\t\tdocument.getElementById('imageAttachment').src = attElement;\n\t\t\t\tdocument.getElementById('imageName').innerHTML = nameElement;}\n\t\t\t\u003c/script\u003e\u003c/html\u003e\n","FID_active_grids":261,"GridID":"G51","Shape_Length":0.00012633420704143407,"Shape_Area":4.884011307542495e-10}},{"type":"Feature","id":41799,"geometry":{"type":"Polygon","coordinates":[[[115.36335231400005,-6.8335411759999261],[115.36336133900011,-6.8335410939999406],[115.36336125700007,-6.8335320739999474],[115.36328003900007,-6.8335328109999409],[115.36328012100012,-6.8335418309999341],[115.36328914500007,-6.8335417489999486],[115.36328930900004,-6.8335597879999455],[115.36336150300008,-6.8335591329999374],[115.36336142100004,-6.8335501129999443],[115.3633523960001,-6.8335501949999298],[115.36335231400005,-6.8335411759999261]],[[115.36330719300008,-6.8335415849999777],[115.36331621800002,-6.8335415029999353],[115.36331630000006,-6.8335505229999285],[115.36330727500001,-6.8335506049999708],[115.36330719300008,-6.8335415849999777]]]},"properties":{"OBJECTID":41799,"FID_mangrove_utm":41619,"OBJECTID_1":41619,"Name":"18102566,9293","FolderPath":"JATIM/JATIM","SymbolID":0,"AltMode":0,"Base":0,"Clamped":-1,"Extruded":0,"Snippet":"","PopupInfo":"\u003chtml xmlns:fo=\"http://www.w3.org/1999/XSL/Format\" xmlns:msxsl=\"urn:schemas-microsoft-com:xslt\"\u003e\n\u003chead\u003e\n\u003cMETA http-equiv=\"Content-Type\" content=\"text/html\"\u003e\n\u003cmeta http-equiv=\"content-type\" content=\"text/html; charset=UTF-8\"\u003e\n\u003c/head\u003e\n\u003cbody style=\"margin:0px 0px 0px 0px;overflow:auto;background:#FFFFFF;\"\u003e\n\u003ctable style=\"font-family:Arial,Verdana,Times;font-size:12px;text-align:left;width:100%;border-collapse:collapse;padding:3px 3px 3px 3px\"\u003e\n\u003ctr style=\"text-align:center;font-weight:bold;background:#9CBCE2\"\u003e\n\u003ctd\u003e18102566,9293\u003c/td\u003e\n\u003c/tr\u003e\n\u003ctr\u003e\n\u003ctd\u003e\n\u003ctable style=\"font-family:Arial,Verdana,Times;font-size:12px;text-align:left;width:100%;border-spacing:0px; padding:3px 3px 3px 3px\"\u003e\n\u003ctr\u003e\n\u003ctd\u003eFID\u003c/td\u003e\n\u003ctd\u003e0\u003c/td\u003e\n\u003c/tr\u003e\n\u003ctr bgcolor=\"#D4E4F3\"\u003e\n\u003ctd\u003eShape_Leng\u003c/td\u003e\n\u003ctd\u003e18102566,9293\u003c/td\u003e\n\u003c/tr\u003e\n\u003c/table\u003e\n\u003c/td\u003e\n\u003c/tr\u003e\n\u003c/table\u003e\n\u003c/body\u003e\u003cscript type=\"text/javascript\"\u003e\n\t\t\t\tfunction changeImage(attElement, nameElement) {\n\t\t\t\tdocument.getElementById('imageAttachment').src = attElement;\n\t\t\t\tdocument.getElementById('imageName').innerHTML = nameElement;}\n\t\t\t\u003c/script\u003e\u003c/html\u003e\n","FID_active_grids":261,"GridID":"G51","Shape_Length":0.00027070515948405182,"Shape_Area":1.8722418039875469e-09}},{"type":"Feature","id":41800,"geometry":{"type":"Polygon","coordinates":[[[115.36498561300004,-6.8335173309999391],[115.36496756500003,-6.8335174949999669],[115.36496764700007,-6.8335265139999706],[115.36494959800007,-6.8335266779999415],[115.36494968000011,-6.8335356979999347],[115.36496772900011,-6.8335355339999637],[115.36496797500001,-6.8335625929999537],[115.36497699900008,-6.8335625109999683],[115.36497708100001,-6.8335715309999614],[115.36498610500007,-6.8335714489999759],[115.36498585900006,-6.8335443899999291],[115.36497683500011,-6.8335444719999714],[115.36497667100002,-6.8335264319999283],[115.36498569500009,-6.8335263509999322],[115.36498561300004,-6.8335173309999391]]]},"properties":{"OBJECTID":41800,"FID_mangrove_utm":41620,"OBJECTID_1":41620,"Name":"18102566,9293","FolderPath":"JATIM/JATIM","SymbolID":0,"AltMode":0,"Base":0,"Clamped":-1,"Extruded":0,"Snippet":"","PopupInfo":"\u003chtml xmlns:fo=\"http://www.w3.org/1999/XSL/Format\" xmlns:msxsl=\"urn:schemas-microsoft-com:xslt\"\u003e\n\u003chead\u003e\n\u003cMETA http-equiv=\"Content-Type\" content=\"text/html\"\u003e\n\u003cmeta http-equiv=\"content-type\" content=\"text/html; charset=UTF-8\"\u003e\n\u003c/head\u003e\n\u003cbody style=\"margin:0px 0px 0px 0px;overflow:auto;background:#FFFFFF;\"\u003e\n\u003ctable style=\"font-family:Arial,Verdana,Times;font-size:12px;text-align:left;width:100%;border-collapse:collapse;padding:3px 3px 3px 3px\"\u003e\n\u003ctr style=\"text-align:center;font-weight:bold;background:#9CBCE2\"\u003e\n\u003ctd\u003e18102566,9293\u003c/td\u003e\n\u003c/tr\u003e\n\u003ctr\u003e\n\u003ctd\u003e\n\u003ctable style=\"font-family:Arial,Verdana,Times;font-size:12px;text-align:left;width:100%;border-spacing:0px; padding:3px 3px 3px 3px\"\u003e\n\u003ctr\u003e\n\u003ctd\u003eFID\u003c/td\u003e\n\u003ctd\u003e0\u003c/td\u003e\n\u003c/tr\u003e\n\u003ctr bgcolor=\"#D4E4F3\"\u003e\n\u003ctd\u003eShape_Leng\u003c/td\u003e\n\u003ctd\u003e18102566,9293\u003c/td\u003e\n\u003c/tr\u003e\n\u003c/table\u003e\n\u003c/td\u003e\n\u003c/tr\u003e\n\u003c/table\u003e\n\u003c/body\u003e\u003cscript type=\"text/javascript\"\u003e\n\t\t\t\tfunction changeImage(attElement, nameElement) {\n\t\t\t\tdocument.getElementById('imageAttachment').src = attElement;\n\t\t\t\tdocument.getElementById('imageName').innerHTML = nameElement;}\n\t\t\t\u003c/script\u003e\u003c/html\u003e\n","FID_active_grids":261,"GridID":"G51","Shape_Length":0.00019848718942162111,"Shape_Area":8.9541255707420948e-10}},{"type":"Feature","id":41801,"geometry":{"type":"Polygon","coordinates":[[[115.34914765800011,-6.8336247649999677],[115.34912058500004,-6.8336250099999347],[115.34912066700008,-6.8336340299999279],[115.34910261800007,-6.8336341929999662],[115.34910278100006,-6.8336522329999525],[115.34911180600011,-6.833652150999967],[115.34911188700005,-6.8336611709999602],[115.3491209120001,-6.8336610889999747],[115.34912099300004,-6.8336701089999679],[115.3491300180001,-6.8336700269999255],[115.34913018100008,-6.8336880669999687],[115.34909408300007,-6.8336883929999317],[115.34909416500011,-6.8336974129999248],[115.34911221400012,-6.8336972499999433],[115.34911229600004,-6.8337062699999365],[115.3491032710001,-6.8337063509999325],[115.34910330300011,-6.8337098589999528],[115.34927949600001,-6.8337679009999306],[115.34933847700006,-6.8337673679999398],[115.34933839500002,-6.8337583479999466],[115.34939254200003,-6.8337578579999558],[115.34939237800006,-6.833739818999959],[115.34941042700007,-6.8337396549999312],[115.34941018200004,-6.8337125959999412],[115.34940115800009,-6.8337126779999267],[115.34940107600005,-6.8337036579999335],[115.3493920520001,-6.8337037389999296],[115.34939188800001,-6.8336856999999327],[115.34938286400006,-6.8336857809999287],[115.34938278200002,-6.833676761999925],[115.34937375800007,-6.8336768429999779],[115.34937367600003,-6.8336678229999279],[115.34936465200008,-6.8336679049999702],[115.34936457000003,-6.8336588849999771],[115.34932847300001,-6.8336592119999295],[115.34932855400007,-6.8336682319999795],[115.34929245700005,-6.8336685579999425],[115.34929262000003,-6.8336865979999288],[115.34927457100002,-6.8336867609999672],[115.34927424500006,-6.8336506819999272],[115.34925619600006,-6.8336508449999656],[115.34925611400001,-6.8336418249999724],[115.34917489500003,-6.8336425599999302],[115.3491748130001,-6.8336335399999371],[115.34914774000003,-6.8336337849999609],[115.34914765800011,-6.8336247649999677]],[[115.34923831000003,-6.8336690479999334],[115.34925635900004,-6.8336688849999518],[115.34925644100008,-6.8336779039999556],[115.34923839200007,-6.8336780679999265],[115.34923831000003,-6.8336690479999334]]]},"properties":{"OBJECTID":41801,"FID_mangrove_utm":41621,"OBJECTID_1":41621,"Name":"18102566,9293","FolderPath":"JATIM/JATIM","SymbolID":0,"AltMode":0,"Base":0,"Clamped":-1,"Extruded":0,"Snippet":"","PopupInfo":"\u003chtml xmlns:fo=\"http://www.w3.org/1999/XSL/Format\" xmlns:msxsl=\"urn:schemas-microsoft-com:xslt\"\u003e\n\u003chead\u003e\n\u003cMETA http-equiv=\"Content-Type\" content=\"text/html\"\u003e\n\u003cmeta http-equiv=\"content-type\" content=\"text/html; charset=UTF-8\"\u003e\n\u003c/head\u003e\n\u003cbody style=\"margin:0px 0px 0px 0px;overflow:auto;background:#FFFFFF;\"\u003e\n\u003ctable style=\"font-family:Arial,Verdana,Times;font-size:12px;text-align:left;width:100%;border-collapse:collapse;padding:3px 3px 3px 3px\"\u003e\n\u003ctr style=\"text-align:center;font-weight:bold;background:#9CBCE2\"\u003e\n\u003ctd\u003e18102566,9293\u003c/td\u003e\n\u003c/tr\u003e\n\u003ctr\u003e\n\u003ctd\u003e\n\u003ctable style=\"font-family:Arial,Verdana,Times;font-size:12px;text-align:left;width:100%;border-spacing:0px; padding:3px 3px 3px 3px\"\u003e\n\u003ctr\u003e\n\u003ctd\u003eFID\u003c/td\u003e\n\u003ctd\u003e0\u003c/td\u003e\n\u003c/tr\u003e\n\u003ctr bgcolor=\"#D4E4F3\"\u003e\n\u003ctd\u003eShape_Leng\u003c/td\u003e\n\u003ctd\u003e18102566,9293\u003c/td\u003e\n\u003c/tr\u003e\n\u003c/table\u003e\n\u003c/td\u003e\n\u003c/tr\u003e\n\u003c/table\u003e\n\u003c/body\u003e\u003cscript type=\"text/javascript\"\u003e\n\t\t\t\tfunction changeImage(attElement, nameElement) {\n\t\t\t\tdocument.getElementById('imageAttachment').src = attElement;\n\t\t\t\tdocument.getElementById('imageName').innerHTML = nameElement;}\n\t\t\t\u003c/script\u003e\u003c/html\u003e\n","FID_active_grids":261,"GridID":"G51","Shape_Length":0.001051052444625327,"Shape_Area":2.7731314867418783e-08}},{"type":"Feature","id":41803,"geometry":{"type":"Polygon","coordinates":[[[115.34902976900003,-6.8335626879999722],[115.34900269600007,-6.8335629319999498],[115.34900261500002,-6.8335539129999461],[115.34896651700001,-6.8335542389999659],[115.34896659900005,-6.8335632589999591],[115.34893050100004,-6.833563584999979],[115.34893058300008,-6.8335726049999721],[115.34892155800003,-6.8335726869999576],[115.34892164000007,-6.8335817069999507],[115.34891261600001,-6.8335817879999468],[115.34891253400008,-6.8335727679999536],[115.34890351000001,-6.8335728499999391],[115.34890342800009,-6.8335638299999459],[115.34888537900008,-6.8335639929999275],[115.34888529800003,-6.8335549739999806],[115.34887627300009,-6.8335550549999766],[115.34887643700006,-6.8335730949999629],[115.34889448500007,-6.8335729319999814],[115.34889505700005,-6.8336360699999545],[115.34890408100011,-6.8336359889999585],[115.34890415600012,-6.833644253999978],[115.34890638500008,-6.8336449879999464],[115.34891318700011,-6.8336449269999662],[115.34891320800011,-6.8336472359999334],[115.34892226000011,-6.8336502179999457],[115.34892221200005,-6.8336448449999807],[115.34893123600011,-6.8336447639999278],[115.34893131300009,-6.8336531999999579],[115.34895968600006,-6.8336625469999603],[115.34897652100005,-6.8336623949999762],[115.34897657300007,-6.8336681099999623],[115.34898633700004,-6.8336713269999336],[115.3489946520001,-6.833671251999931],[115.34899467700006,-6.83367407399993],[115.34905804200002,-6.8336949489999483],[115.34905798600005,-6.833688719999941],[115.34903993700004,-6.8336888829999793],[115.34903977400006,-6.8336708439999256],[115.34905782300007,-6.8336706799999547],[115.34905790400001,-6.8336796999999478],[115.34906692900006,-6.8336796189999518],[115.34906684700002,-6.8336705989999587],[115.34907587100008,-6.8336705169999732],[115.34907562600006,-6.8336434579999263],[115.34906660200011,-6.8336435389999792],[115.34906643900001,-6.8336254999999255],[115.34905741400007,-6.8336255809999784],[115.34905725100009,-6.8336075419999815],[115.34904822700003,-6.8336076229999776],[115.34904798200012,-6.8335805639999307],[115.34903895700006,-6.8335806459999731],[115.34903887600001,-6.8335716259999799],[115.34902985100007,-6.833571706999976],[115.34902976900003,-6.8335626879999722]]]},"properties":{"OBJECTID":41803,"FID_mangrove_utm":41623,"OBJECTID_1":41623,"Name":"18102566,9293","FolderPath":"JATIM/JATIM","SymbolID":0,"AltMode":0,"Base":0,"Clamped":-1,"Extruded":0,"Snippet":"","PopupInfo":"\u003chtml xmlns:fo=\"http://www.w3.org/1999/XSL/Format\" xmlns:msxsl=\"urn:schemas-microsoft-com:xslt\"\u003e\n\u003chead\u003e\n\u003cMETA http-equiv=\"Content-Type\" content=\"text/html\"\u003e\n\u003cmeta http-equiv=\"content-type\" content=\"text/html; charset=UTF-8\"\u003e\n\u003c/head\u003e\n\u003cbody style=\"margin:0px 0px 0px 0px;overflow:auto;background:#FFFFFF;\"\u003e\n\u003ctable style=\"font-family:Arial,Verdana,Times;font-size:12px;text-align:left;width:100%;border-collapse:collapse;padding:3px 3px 3px 3px\"\u003e\n\u003ctr style=\"text-align:center;font-weight:bold;background:#9CBCE2\"\u003e\n\u003ctd\u003e18102566,9293\u003c/td\u003e\n\u003c/tr\u003e\n\u003ctr\u003e\n\u003ctd\u003e\n\u003ctable style=\"font-family:Arial,Verdana,Times;font-size:12px;text-align:left;width:100%;border-spacing:0px; padding:3px 3px 3px 3px\"\u003e\n\u003ctr\u003e\n\u003ctd\u003eFID\u003c/td\u003e\n\u003ctd\u003e0\u003c/td\u003e\n\u003c/tr\u003e\n\u003ctr bgcolor=\"#D4E4F3\"\u003e\n\u003ctd\u003eShape_Leng\u003c/td\u003e\n\u003ctd\u003e18102566,9293\u003c/td\u003e\n\u003c/tr\u003e\n\u003c/table\u003e\n\u003c/td\u003e\n\u003c/tr\u003e\n\u003c/table\u003e\n\u003c/body\u003e\u003cscript type=\"text/javascript\"\u003e\n\t\t\t\tfunction changeImage(attElement, nameElement) {\n\t\t\t\tdocument.getElementById('imageAttachment').src = attElement;\n\t\t\t\tdocument.getElementById('imageName').innerHTML = nameElement;}\n\t\t\t\u003c/script\u003e\u003c/html\u003e\n","FID_active_grids":261,"GridID":"G51","Shape_Length":0.00076728500754303915,"Shape_Area":1.6855851761095517e-08}},{"type":"Feature","id":41805,"geometry":{"type":"Polygon","coordinates":[[[115.34881244900009,-6.8334834679999403],[115.34878537600002,-6.8334837129999642],[115.34878562100005,-6.8335107719999542],[115.34879464500011,-6.8335106909999581],[115.34879472700004,-6.8335197109999513],[115.3488037510001,-6.8335196289999658],[115.34880383300003,-6.8335286489999589],[115.34881285800009,-6.8335285669999735],[115.34881293900003,-6.8335375869999666],[115.34883098800003,-6.8335374239999283],[115.34883074300001,-6.8335103639999488],[115.34883976700007,-6.8335102829999528],[115.34883960400009,-6.8334922429999665],[115.3488576530001,-6.8334920799999281],[115.34885757100005,-6.833483059999935],[115.34886659600011,-6.8334829779999495],[115.34886643200002,-6.8334649389999527],[115.34887545700008,-6.8334648569999672],[115.34887537500003,-6.8334558369999741],[115.3488843990001,-6.833455755999978],[115.34888431800005,-6.833446735999928],[115.34886626900004,-6.8334468989999664],[115.34886635100008,-6.8334559189999595],[115.34885732600003,-6.833456000999945],[115.34885740800007,-6.8334650199999487],[115.34884838300002,-6.8334651019999342],[115.3488485470001,-6.8334831419999773],[115.3488304980001,-6.8334833049999588],[115.34883041600006,-6.8334742849999657],[115.34881236800004,-6.8334744479999472],[115.34881244900009,-6.8334834679999403],[115.34882147400003,-6.8334833859999549],[115.34882163700001,-6.8335014259999411],[115.34880358800001,-6.8335015889999795],[115.34880350600008,-6.8334925699999758],[115.34881253100002,-6.8334924879999335],[115.34881244900009,-6.8334834679999403]]]},"properties":{"OBJECTID":41805,"FID_mangrove_utm":41625,"OBJECTID_1":41625,"Name":"18102566,9293","FolderPath":"JATIM/JATIM","SymbolID":0,"AltMode":0,"Base":0,"Clamped":-1,"Extruded":0,"Snippet":"","PopupInfo":"\u003chtml xmlns:fo=\"http://www.w3.org/1999/XSL/Format\" xmlns:msxsl=\"urn:schemas-microsoft-com:xslt\"\u003e\n\u003chead\u003e\n\u003cMETA http-equiv=\"Content-Type\" content=\"text/html\"\u003e\n\u003cmeta http-equiv=\"content-type\" content=\"text/html; charset=UTF-8\"\u003e\n\u003c/head\u003e\n\u003cbody style=\"margin:0px 0px 0px 0px;overflow:auto;background:#FFFFFF;\"\u003e\n\u003ctable style=\"font-family:Arial,Verdana,Times;font-size:12px;text-align:left;width:100%;border-collapse:collapse;padding:3px 3px 3px 3px\"\u003e\n\u003ctr style=\"text-align:center;font-weight:bold;background:#9CBCE2\"\u003e\n\u003ctd\u003e18102566,9293\u003c/td\u003e\n\u003c/tr\u003e\n\u003ctr\u003e\n\u003ctd\u003e\n\u003ctable style=\"font-family:Arial,Verdana,Times;font-size:12px;text-align:left;width:100%;border-spacing:0px; padding:3px 3px 3px 3px\"\u003e\n\u003ctr\u003e\n\u003ctd\u003eFID\u003c/td\u003e\n\u003ctd\u003e0\u003c/td\u003e\n\u003c/tr\u003e\n\u003ctr bgcolor=\"#D4E4F3\"\u003e\n\u003ctd\u003eShape_Leng\u003c/td\u003e\n\u003ctd\u003e18102566,9293\u003c/td\u003e\n\u003c/tr\u003e\n\u003c/table\u003e\n\u003c/td\u003e\n\u003c/tr\u003e\n\u003c/table\u003e\n\u003c/body\u003e\u003cscript type=\"text/javascript\"\u003e\n\t\t\t\tfunction changeImage(attElement, nameElement) {\n\t\t\t\tdocument.getElementById('imageAttachment').src = attElement;\n\t\t\t\tdocument.getElementById('imageName').innerHTML = nameElement;}\n\t\t\t\u003c/script\u003e\u003c/html\u003e\n","FID_active_grids":261,"GridID":"G51","Shape_Length":0.0004691722233610507,"Shape_Area":2.9305807190935518e-09}},{"type":"Feature","id":41806,"geometry":{"type":"Polygon","coordinates":[[[115.34869464200005,-6.8334304099999486],[115.3486947240001,-6.8334394299999417],[115.3487127730001,-6.8334392669999602],[115.34871269100006,-6.833430246999967],[115.34869464200005,-6.8334304099999486]]]},"properties":{"OBJECTID":41806,"FID_mangrove_utm":41626,"OBJECTID_1":41626,"Name":"18102566,9293","FolderPath":"JATIM/JATIM","SymbolID":0,"AltMode":0,"Base":0,"Clamped":-1,"Extruded":0,"Snippet":"","PopupInfo":"\u003chtml xmlns:fo=\"http://www.w3.org/1999/XSL/Format\" xmlns:msxsl=\"urn:schemas-microsoft-com:xslt\"\u003e\n\u003chead\u003e\n\u003cMETA http-equiv=\"Content-Type\" content=\"text/html\"\u003e\n\u003cmeta http-equiv=\"content-type\" content=\"text/html; charset=UTF-8\"\u003e\n\u003c/head\u003e\n\u003cbody style=\"margin:0px 0px 0px 0px;overflow:auto;background:#FFFFFF;\"\u003e\n\u003ctable style=\"font-family:Arial,Verdana,Times;font-size:12px;text-align:left;width:100%;border-collapse:collapse;padding:3px 3px 3px 3px\"\u003e\n\u003ctr style=\"text-align:center;font-weight:bold;background:#9CBCE2\"\u003e\n\u003ctd\u003e18102566,9293\u003c/td\u003e\n\u003c/tr\u003e\n\u003ctr\u003e\n\u003ctd\u003e\n\u003ctable style=\"font-family:Arial,Verdana,Times;font-size:12px;text-align:left;width:100%;border-spacing:0px; padding:3px 3px 3px 3px\"\u003e\n\u003ctr\u003e\n\u003ctd\u003eFID\u003c/td\u003e\n\u003ctd\u003e0\u003c/td\u003e\n\u003c/tr\u003e\n\u003ctr bgcolor=\"#D4E4F3\"\u003e\n\u003ctd\u003eShape_Leng\u003c/td\u003e\n\u003ctd\u003e18102566,9293\u003c/td\u003e\n\u003c/tr\u003e\n\u003c/table\u003e\n\u003c/td\u003e\n\u003c/tr\u003e\n\u003c/table\u003e\n\u003c/body\u003e\u003cscript type=\"text/javascript\"\u003e\n\t\t\t\tfunction changeImage(attElement, nameElement) {\n\t\t\t\tdocument.getElementById('imageAttachment').src = attElement;\n\t\t\t\tdocument.getElementById('imageName').innerHTML = nameElement;}\n\t\t\t\u003c/script\u003e\u003c/html\u003e\n","FID_active_grids":261,"GridID":"G51","Shape_Length":5.4140217453752874e-05,"Shape_Area":1.6281534592485726e-10}},{"type":"Feature","id":41807,"geometry":{"type":"Polygon","coordinates":[[[115.34874878900007,-6.8334299209999472],[115.34874870700003,-6.833420900999954],[115.34873968300008,-6.8334209819999501],[115.34873976400002,-6.8334300019999432],[115.34874878900007,-6.8334299209999472]]]},"properties":{"OBJECTID":41807,"FID_mangrove_utm":41627,"OBJECTID_1":41627,"Name":"18102566,9293","FolderPath":"JATIM/JATIM","SymbolID":0,"AltMode":0,"Base":0,"Clamped":-1,"Extruded":0,"Snippet":"","PopupInfo":"\u003chtml xmlns:fo=\"http://www.w3.org/1999/XSL/Format\" xmlns:msxsl=\"urn:schemas-microsoft-com:xslt\"\u003e\n\u003chead\u003e\n\u003cMETA http-equiv=\"Content-Type\" content=\"text/html\"\u003e\n\u003cmeta http-equiv=\"content-type\" content=\"text/html; charset=UTF-8\"\u003e\n\u003c/head\u003e\n\u003cbody style=\"margin:0px 0px 0px 0px;overflow:auto;background:#FFFFFF;\"\u003e\n\u003ctable style=\"font-family:Arial,Verdana,Times;font-size:12px;text-align:left;width:100%;border-collapse:collapse;padding:3px 3px 3px 3px\"\u003e\n\u003ctr style=\"text-align:center;font-weight:bold;background:#9CBCE2\"\u003e\n\u003ctd\u003e18102566,9293\u003c/td\u003e\n\u003c/tr\u003e\n\u003ctr\u003e\n\u003ctd\u003e\n\u003ctable style=\"font-family:Arial,Verdana,Times;font-size:12px;text-align:left;width:100%;border-spacing:0px; padding:3px 3px 3px 3px\"\u003e\n\u003ctr\u003e\n\u003ctd\u003eFID\u003c/td\u003e\n\u003ctd\u003e0\u003c/td\u003e\n\u003c/tr\u003e\n\u003ctr bgcolor=\"#D4E4F3\"\u003e\n\u003ctd\u003eShape_Leng\u003c/td\u003e\n\u003ctd\u003e18102566,9293\u003c/td\u003e\n\u003c/tr\u003e\n\u003c/table\u003e\n\u003c/td\u003e\n\u003c/tr\u003e\n\u003c/table\u003e\n\u003c/body\u003e\u003cscript type=\"text/javascript\"\u003e\n\t\t\t\tfunction changeImage(attElement, nameElement) {\n\t\t\t\tdocument.getElementById('imageAttachment').src = attElement;\n\t\t\t\tdocument.getElementById('imageName').innerHTML = nameElement;}\n\t\t\t\u003c/script\u003e\u003c/html\u003e\n","FID_active_grids":261,"GridID":"G51","Shape_Length":3.6090463401131942e-05,"Shape_Area":8.1407591458667041e-11}},{"type":"Feature","id":41812,"geometry":{"type":"Polygon","coordinates":[[[115.34854943500011,-6.8333415179999406],[115.34854927200001,-6.8333234779999543],[115.34854024800006,-6.8333235599999398],[115.34854032900012,-6.8333325799999329],[115.34853130500005,-6.833332660999929],[115.34853138700009,-6.833341680999979],[115.34854943500011,-6.8333415179999406]]]},"properties":{"OBJECTID":41812,"FID_mangrove_utm":41632,"OBJECTID_1":41632,"Name":"18102566,9293","FolderPath":"JATIM/JATIM","SymbolID":0,"AltMode":0,"Base":0,"Clamped":-1,"Extruded":0,"Snippet":"","PopupInfo":"\u003chtml xmlns:fo=\"http://www.w3.org/1999/XSL/Format\" xmlns:msxsl=\"urn:schemas-microsoft-com:xslt\"\u003e\n\u003chead\u003e\n\u003cMETA http-equiv=\"Content-Type\" content=\"text/html\"\u003e\n\u003cmeta http-equiv=\"content-type\" content=\"text/html; charset=UTF-8\"\u003e\n\u003c/head\u003e\n\u003cbody style=\"margin:0px 0px 0px 0px;overflow:auto;background:#FFFFFF;\"\u003e\n\u003ctable style=\"font-family:Arial,Verdana,Times;font-size:12px;text-align:left;width:100%;border-collapse:collapse;padding:3px 3px 3px 3px\"\u003e\n\u003ctr style=\"text-align:center;font-weight:bold;background:#9CBCE2\"\u003e\n\u003ctd\u003e18102566,9293\u003c/td\u003e\n\u003c/tr\u003e\n\u003ctr\u003e\n\u003ctd\u003e\n\u003ctable style=\"font-family:Arial,Verdana,Times;font-size:12px;text-align:left;width:100%;border-spacing:0px; padding:3px 3px 3px 3px\"\u003e\n\u003ctr\u003e\n\u003ctd\u003eFID\u003c/td\u003e\n\u003ctd\u003e0\u003c/td\u003e\n\u003c/tr\u003e\n\u003ctr bgcolor=\"#D4E4F3\"\u003e\n\u003ctd\u003eShape_Leng\u003c/td\u003e\n\u003ctd\u003e18102566,9293\u003c/td\u003e\n\u003c/tr\u003e\n\u003c/table\u003e\n\u003c/td\u003e\n\u003c/tr\u003e\n\u003c/table\u003e\n\u003c/body\u003e\u003cscript type=\"text/javascript\"\u003e\n\t\t\t\tfunction changeImage(attElement, nameElement) {\n\t\t\t\tdocument.getElementById('imageAttachment').src = attElement;\n\t\t\t\tdocument.getElementById('imageName').innerHTML = nameElement;}\n\t\t\t\u003c/script\u003e\u003c/html\u003e\n","FID_active_grids":261,"GridID":"G51","Shape_Length":7.2178944969967374e-05,"Shape_Area":2.4420944602878974e-10}},{"type":"Feature","id":41813,"geometry":{"type":"Polygon","coordinates":[[[115.34862163100001,-6.8333408649999683],[115.34862154900009,-6.8333318449999751],[115.34863057300004,-6.8333317639999791],[115.3486304920001,-6.8333227439999291],[115.34861244300009,-6.8333229069999675],[115.34861260600007,-6.8333409469999538],[115.34862163100001,-6.8333408649999683]]]},"properties":{"OBJECTID":41813,"FID_mangrove_utm":41633,"OBJECTID_1":41633,"Name":"18102566,9293","FolderPath":"JATIM/JATIM","SymbolID":0,"AltMode":0,"Base":0,"Clamped":-1,"Extruded":0,"Snippet":"","PopupInfo":"\u003chtml xmlns:fo=\"http://www.w3.org/1999/XSL/Format\" xmlns:msxsl=\"urn:schemas-microsoft-com:xslt\"\u003e\n\u003chead\u003e\n\u003cMETA http-equiv=\"Content-Type\" content=\"text/html\"\u003e\n\u003cmeta http-equiv=\"content-type\" content=\"text/html; charset=UTF-8\"\u003e\n\u003c/head\u003e\n\u003cbody style=\"margin:0px 0px 0px 0px;overflow:auto;background:#FFFFFF;\"\u003e\n\u003ctable style=\"font-family:Arial,Verdana,Times;font-size:12px;text-align:left;width:100%;border-collapse:collapse;padding:3px 3px 3px 3px\"\u003e\n\u003ctr style=\"text-align:center;font-weight:bold;background:#9CBCE2\"\u003e\n\u003ctd\u003e18102566,9293\u003c/td\u003e\n\u003c/tr\u003e\n\u003ctr\u003e\n\u003ctd\u003e\n\u003ctable style=\"font-family:Arial,Verdana,Times;font-size:12px;text-align:left;width:100%;border-spacing:0px; padding:3px 3px 3px 3px\"\u003e\n\u003ctr\u003e\n\u003ctd\u003eFID\u003c/td\u003e\n\u003ctd\u003e0\u003c/td\u003e\n\u003c/tr\u003e\n\u003ctr bgcolor=\"#D4E4F3\"\u003e\n\u003ctd\u003eShape_Leng\u003c/td\u003e\n\u003ctd\u003e18102566,9293\u003c/td\u003e\n\u003c/tr\u003e\n\u003c/table\u003e\n\u003c/td\u003e\n\u003c/tr\u003e\n\u003c/table\u003e\n\u003c/body\u003e\u003cscript type=\"text/javascript\"\u003e\n\t\t\t\tfunction changeImage(attElement, nameElement) {\n\t\t\t\tdocument.getElementById('imageAttachment').src = attElement;\n\t\t\t\tdocument.getElementById('imageName').innerHTML = nameElement;}\n\t\t\t\u003c/script\u003e\u003c/html\u003e\n","FID_active_grids":261,"GridID":"G51","Shape_Length":7.2180944749996174e-05,"Shape_Area":2.442184254198964e-10}},{"type":"Feature","id":41814,"geometry":{"type":"Polygon","coordinates":[[[115.34851317500011,-6.8333238049999636],[115.34852219900006,-6.8333237229999781],[115.34852211700002,-6.8333147029999282],[115.34847699500006,-6.8333151109999335],[115.3484770770001,-6.8333241309999266],[115.34846805300003,-6.8333242129999689],[115.34846821600001,-6.8333422519999658],[115.34847724000008,-6.8333421709999698],[115.34847732200001,-6.8333511909999629],[115.34848634600007,-6.8333511089999774],[115.34848642800011,-6.8333601289999706],[115.34852252600001,-6.8333598019999613],[115.34852244400008,-6.8333507829999576],[115.34851342000002,-6.8333508639999536],[115.34851317500011,-6.8333238049999636]]]},"properties":{"OBJECTID":41814,"FID_mangrove_utm":41634,"OBJECTID_1":41634,"Name":"18102566,9293","FolderPath":"JATIM/JATIM","SymbolID":0,"AltMode":0,"Base":0,"Clamped":-1,"Extruded":0,"Snippet":"","PopupInfo":"\u003chtml xmlns:fo=\"http://www.w3.org/1999/XSL/Format\" xmlns:msxsl=\"urn:schemas-microsoft-com:xslt\"\u003e\n\u003chead\u003e\n\u003cMETA http-equiv=\"Content-Type\" content=\"text/html\"\u003e\n\u003cmeta http-equiv=\"content-type\" content=\"text/html; charset=UTF-8\"\u003e\n\u003c/head\u003e\n\u003cbody style=\"margin:0px 0px 0px 0px;overflow:auto;background:#FFFFFF;\"\u003e\n\u003ctable style=\"font-family:Arial,Verdana,Times;font-size:12px;text-align:left;width:100%;border-collapse:collapse;padding:3px 3px 3px 3px\"\u003e\n\u003ctr style=\"text-align:center;font-weight:bold;background:#9CBCE2\"\u003e\n\u003ctd\u003e18102566,9293\u003c/td\u003e\n\u003c/tr\u003e\n\u003ctr\u003e\n\u003ctd\u003e\n\u003ctable style=\"font-family:Arial,Verdana,Times;font-size:12px;text-align:left;width:100%;border-spacing:0px; padding:3px 3px 3px 3px\"\u003e\n\u003ctr\u003e\n\u003ctd\u003eFID\u003c/td\u003e\n\u003ctd\u003e0\u003c/td\u003e\n\u003c/tr\u003e\n\u003ctr bgcolor=\"#D4E4F3\"\u003e\n\u003ctd\u003eShape_Leng\u003c/td\u003e\n\u003ctd\u003e18102566,9293\u003c/td\u003e\n\u003c/tr\u003e\n\u003c/table\u003e\n\u003c/td\u003e\n\u003c/tr\u003e\n\u003c/table\u003e\n\u003c/body\u003e\u003cscript type=\"text/javascript\"\u003e\n\t\t\t\tfunction changeImage(attElement, nameElement) {\n\t\t\t\tdocument.getElementById('imageAttachment').src = attElement;\n\t\t\t\tdocument.getElementById('imageName').innerHTML = nameElement;}\n\t\t\t\u003c/script\u003e\u003c/html\u003e\n","FID_active_grids":261,"GridID":"G51","Shape_Length":0.00021654587960206909,"Shape_Area":1.8723401030325337e-09}},{"type":"Feature","id":41815,"geometry":{"type":"Polygon","coordinates":[[[115.34871179300001,-6.8333310289999645],[115.34871162900004,-6.8333129889999782],[115.34870260500008,-6.8333130709999637],[115.34870276800007,-6.8333311109999499],[115.34871179300001,-6.8333310289999645]]]},"properties":{"OBJECTID":41815,"FID_mangrove_utm":41635,"OBJECTID_1":41635,"Name":"18102566,9293","FolderPath":"JATIM/JATIM","SymbolID":0,"AltMode":0,"Base":0,"Clamped":-1,"Extruded":0,"Snippet":"","PopupInfo":"\u003chtml xmlns:fo=\"http://www.w3.org/1999/XSL/Format\" xmlns:msxsl=\"urn:schemas-microsoft-com:xslt\"\u003e\n\u003chead\u003e\n\u003cMETA http-equiv=\"Content-Type\" content=\"text/html\"\u003e\n\u003cmeta http-equiv=\"content-type\" content=\"text/html; charset=UTF-8\"\u003e\n\u003c/head\u003e\n\u003cbody style=\"margin:0px 0px 0px 0px;overflow:auto;background:#FFFFFF;\"\u003e\n\u003ctable style=\"font-family:Arial,Verdana,Times;font-size:12px;text-align:left;width:100%;border-collapse:collapse;padding:3px 3px 3px 3px\"\u003e\n\u003ctr style=\"text-align:center;font-weight:bold;background:#9CBCE2\"\u003e\n\u003ctd\u003e18102566,9293\u003c/td\u003e\n\u003c/tr\u003e\n\u003ctr\u003e\n\u003ctd\u003e\n\u003ctable style=\"font-family:Arial,Verdana,Times;font-size:12px;text-align:left;width:100%;border-spacing:0px; padding:3px 3px 3px 3px\"\u003e\n\u003ctr\u003e\n\u003ctd\u003eFID\u003c/td\u003e\n\u003ctd\u003e0\u003c/td\u003e\n\u003c/tr\u003e\n\u003ctr bgcolor=\"#D4E4F3\"\u003e\n\u003ctd\u003eShape_Leng\u003c/td\u003e\n\u003ctd\u003e18102566,9293\u003c/td\u003e\n\u003c/tr\u003e\n\u003c/table\u003e\n\u003c/td\u003e\n\u003c/tr\u003e\n\u003c/table\u003e\n\u003c/body\u003e\u003cscript type=\"text/javascript\"\u003e\n\t\t\t\tfunction changeImage(attElement, nameElement) {\n\t\t\t\tdocument.getElementById('imageAttachment').src = attElement;\n\t\t\t\tdocument.getElementById('imageName').innerHTML = nameElement;}\n\t\t\t\u003c/script\u003e\u003c/html\u003e\n","FID_active_grids":261,"GridID":"G51","Shape_Length":5.4131226745910439e-05,"Shape_Area":1.6281538588969567e-10}},{"type":"Feature","id":41816,"geometry":{"type":"Polygon","coordinates":[[[115.34869464200005,-6.8334304099999486],[115.34869456100012,-6.8334213899999554],[115.34870358500007,-6.8334213089999594],[115.34870317700006,-6.8333762099999262],[115.34872122500008,-6.8333760469999447],[115.34872130700001,-6.8333850659999484],[115.34873033200006,-6.8333849849999524],[115.34873000500011,-6.8333489049999798],[115.34872098000005,-6.8333489869999653],[115.34872089900011,-6.8333399669999721],[115.34871187400006,-6.8333400489999576],[115.3487119560001,-6.8333490689999508],[115.34870293200004,-6.8333491499999468],[115.34870285000011,-6.8333401309999431],[115.34869382600004,-6.8333402119999391],[115.34869358100002,-6.8333131529999491],[115.34868455600008,-6.8333132339999452],[115.34868447500003,-6.833304213999952],[115.34864837700002,-6.8333045409999613],[115.34864845900006,-6.8333135609999545],[115.34863943400001,-6.8333136419999505],[115.34863976100007,-6.8333497219999799],[115.34862171200007,-6.8333498849999614],[115.34862187600004,-6.8333679239999583],[115.3486128510001,-6.8333680059999438],[115.34861293300003,-6.8333770259999369],[115.34860390800009,-6.8333771079999792],[115.34860415300011,-6.8334041669999692],[115.34861317800005,-6.8334040849999269],[115.34861334100003,-6.83342212499997],[115.34860431700008,-6.8334222069999555],[115.34860439800002,-6.8334312259999592],[115.34862244700003,-6.8334310629999777],[115.34862252900007,-6.8334400829999709],[115.34866765100003,-6.8334396749999655],[115.34866748700006,-6.8334216349999792],[115.34867651200011,-6.8334215539999263],[115.34867659300005,-6.8334305729999301],[115.34869464200005,-6.8334304099999486]]]},"properties":{"OBJECTID":41816,"FID_mangrove_utm":41636,"OBJECTID_1":41636,"Name":"18102566,9293","FolderPath":"JATIM/JATIM","SymbolID":0,"AltMode":0,"Base":0,"Clamped":-1,"Extruded":0,"Snippet":"","PopupInfo":"\u003chtml xmlns:fo=\"http://www.w3.org/1999/XSL/Format\" xmlns:msxsl=\"urn:schemas-microsoft-com:xslt\"\u003e\n\u003chead\u003e\n\u003cMETA http-equiv=\"Content-Type\" content=\"text/html\"\u003e\n\u003cmeta http-equiv=\"content-type\" content=\"text/html; charset=UTF-8\"\u003e\n\u003c/head\u003e\n\u003cbody style=\"margin:0px 0px 0px 0px;overflow:auto;background:#FFFFFF;\"\u003e\n\u003ctable style=\"font-family:Arial,Verdana,Times;font-size:12px;text-align:left;width:100%;border-collapse:collapse;padding:3px 3px 3px 3px\"\u003e\n\u003ctr style=\"text-align:center;font-weight:bold;background:#9CBCE2\"\u003e\n\u003ctd\u003e18102566,9293\u003c/td\u003e\n\u003c/tr\u003e\n\u003ctr\u003e\n\u003ctd\u003e\n\u003ctable style=\"font-family:Arial,Verdana,Times;font-size:12px;text-align:left;width:100%;border-spacing:0px; padding:3px 3px 3px 3px\"\u003e\n\u003ctr\u003e\n\u003ctd\u003eFID\u003c/td\u003e\n\u003ctd\u003e0\u003c/td\u003e\n\u003c/tr\u003e\n\u003ctr bgcolor=\"#D4E4F3\"\u003e\n\u003ctd\u003eShape_Leng\u003c/td\u003e\n\u003ctd\u003e18102566,9293\u003c/td\u003e\n\u003c/tr\u003e\n\u003c/table\u003e\n\u003c/td\u003e\n\u003c/tr\u003e\n\u003c/table\u003e\n\u003c/body\u003e\u003cscript type=\"text/javascript\"\u003e\n\t\t\t\tfunction changeImage(attElement, nameElement) {\n\t\t\t\tdocument.getElementById('imageAttachment').src = attElement;\n\t\t\t\tdocument.getElementById('imageName').innerHTML = nameElement;}\n\t\t\t\u003c/script\u003e\u003c/html\u003e\n","FID_active_grids":261,"GridID":"G51","Shape_Length":0.00059547235894961764,"Shape_Area":1.0989713049026642e-08}},{"type":"Feature","id":41818,"geometry":{"type":"Polygon","coordinates":[[[115.34823260200005,-6.8332361359999254],[115.34823237500007,-6.8332361379999611],[115.34823260300004,-6.833236233999969],[115.34823260200005,-6.8332361359999254]]]},"properties":{"OBJECTID":41818,"FID_mangrove_utm":41638,"OBJECTID_1":41638,"Name":"18102566,9293","FolderPath":"JATIM/JATIM","SymbolID":0,"AltMode":0,"Base":0,"Clamped":-1,"Extruded":0,"Snippet":"","PopupInfo":"\u003chtml xmlns:fo=\"http://www.w3.org/1999/XSL/Format\" xmlns:msxsl=\"urn:schemas-microsoft-com:xslt\"\u003e\n\u003chead\u003e\n\u003cMETA http-equiv=\"Content-Type\" content=\"text/html\"\u003e\n\u003cmeta http-equiv=\"content-type\" content=\"text/html; charset=UTF-8\"\u003e\n\u003c/head\u003e\n\u003cbody style=\"margin:0px 0px 0px 0px;overflow:auto;background:#FFFFFF;\"\u003e\n\u003ctable style=\"font-family:Arial,Verdana,Times;font-size:12px;text-align:left;width:100%;border-collapse:collapse;padding:3px 3px 3px 3px\"\u003e\n\u003ctr style=\"text-align:center;font-weight:bold;background:#9CBCE2\"\u003e\n\u003ctd\u003e18102566,9293\u003c/td\u003e\n\u003c/tr\u003e\n\u003ctr\u003e\n\u003ctd\u003e\n\u003ctable style=\"font-family:Arial,Verdana,Times;font-size:12px;text-align:left;width:100%;border-spacing:0px; padding:3px 3px 3px 3px\"\u003e\n\u003ctr\u003e\n\u003ctd\u003eFID\u003c/td\u003e\n\u003ctd\u003e0\u003c/td\u003e\n\u003c/tr\u003e\n\u003ctr bgcolor=\"#D4E4F3\"\u003e\n\u003ctd\u003eShape_Leng\u003c/td\u003e\n\u003ctd\u003e18102566,9293\u003c/td\u003e\n\u003c/tr\u003e\n\u003c/table\u003e\n\u003c/td\u003e\n\u003c/tr\u003e\n\u003c/table\u003e\n\u003c/body\u003e\u003cscript type=\"text/javascript\"\u003e\n\t\t\t\tfunction changeImage(attElement, nameElement) {\n\t\t\t\tdocument.getElementById('imageAttachment').src = attElement;\n\t\t\t\tdocument.getElementById('imageName').innerHTML = nameElement;}\n\t\t\t\u003c/script\u003e\u003c/html\u003e\n","FID_active_grids":261,"GridID":"G51","Shape_Length":5.7240026167207396e-07,"Shape_Area":1.1124004313496018e-14}},{"type":"Feature","id":41819,"geometry":{"type":"Polygon","coordinates":[[[115.34822349600006,-6.8332271979999746],[115.34821447200011,-6.83322727999996],[115.3482144840001,-6.8332286269999258],[115.34822354300002,-6.8332324309999422],[115.34822349600006,-6.8332271979999746]]]},"properties":{"OBJECTID":41819,"FID_mangrove_utm":41639,"OBJECTID_1":41639,"Name":"18102566,9293","FolderPath":"JATIM/JATIM","SymbolID":0,"AltMode":0,"Base":0,"Clamped":-1,"Extruded":0,"Snippet":"","PopupInfo":"\u003chtml xmlns:fo=\"http://www.w3.org/1999/XSL/Format\" xmlns:msxsl=\"urn:schemas-microsoft-com:xslt\"\u003e\n\u003chead\u003e\n\u003cMETA http-equiv=\"Content-Type\" content=\"text/html\"\u003e\n\u003cmeta http-equiv=\"content-type\" content=\"text/html; charset=UTF-8\"\u003e\n\u003c/head\u003e\n\u003cbody style=\"margin:0px 0px 0px 0px;overflow:auto;background:#FFFFFF;\"\u003e\n\u003ctable style=\"font-family:Arial,Verdana,Times;font-size:12px;text-align:left;width:100%;border-collapse:collapse;padding:3px 3px 3px 3px\"\u003e\n\u003ctr style=\"text-align:center;font-weight:bold;background:#9CBCE2\"\u003e\n\u003ctd\u003e18102566,9293\u003c/td\u003e\n\u003c/tr\u003e\n\u003ctr\u003e\n\u003ctd\u003e\n\u003ctable style=\"font-family:Arial,Verdana,Times;font-size:12px;text-align:left;width:100%;border-spacing:0px; padding:3px 3px 3px 3px\"\u003e\n\u003ctr\u003e\n\u003ctd\u003eFID\u003c/td\u003e\n\u003ctd\u003e0\u003c/td\u003e\n\u003c/tr\u003e\n\u003ctr bgcolor=\"#D4E4F3\"\u003e\n\u003ctd\u003eShape_Leng\u003c/td\u003e\n\u003ctd\u003e18102566,9293\u003c/td\u003e\n\u003c/tr\u003e\n\u003c/table\u003e\n\u003c/td\u003e\n\u003c/tr\u003e\n\u003c/table\u003e\n\u003c/body\u003e\u003cscript type=\"text/javascript\"\u003e\n\t\t\t\tfunction changeImage(attElement, nameElement) {\n\t\t\t\tdocument.getElementById('imageAttachment').src = attElement;\n\t\t\t\tdocument.getElementById('imageName').innerHTML = nameElement;}\n\t\t\t\u003c/script\u003e\u003c/html\u003e\n","FID_active_grids":261,"GridID":"G51","Shape_Length":2.5429905174829341e-05,"Shape_Area":2.9691635040394057e-11}},{"type":"Feature","id":41820,"geometry":{"type":"Polygon","coordinates":[[[115.34834893900006,-6.8331268379999415],[115.34825869600002,-6.8331276539999521],[115.34825877700007,-6.8331366739999453],[115.348249753,-6.8331367549999413],[115.34824983400006,-6.8331457749999345],[115.34824081000011,-6.8331458569999768],[115.34824113700006,-6.8331819359999599],[115.34823211200001,-6.833182016999956],[115.34823227600009,-6.8332000569999423],[115.34822325100004,-6.8332001389999277],[115.34822333300008,-6.8332091589999777],[115.34821430800002,-6.8332092399999738],[115.34821439000007,-6.8332182599999669],[115.34825951200003,-6.8332178519999616],[115.34825959400007,-6.8332268719999547],[115.34824154500006,-6.8332270349999362],[115.34824166800001,-6.8332406669999273],[115.34824882600003,-6.8332450099999278],[115.34829585400007,-6.8332445849999317],[115.34829601800004,-6.8332626249999748],[115.34834114000012,-6.8332622169999695],[115.34834105800007,-6.8332531969999764],[115.34836813100003,-6.8332529519999525],[115.34836805000009,-6.8332439319999594],[115.34837707400004,-6.8332438509999633],[115.34837691100006,-6.8332258109999771],[115.34838593500001,-6.8332257289999347],[115.34838577200003,-6.8332076899999379],[115.34837674700009,-6.8332077709999339],[115.34837666600004,-6.8331987509999408],[115.3483676410001,-6.8331988329999263],[115.34836707000011,-6.8331356939999637],[115.3483490210001,-6.8331358579999346],[115.34834893900006,-6.8331268379999415]]]},"properties":{"OBJECTID":41820,"FID_mangrove_utm":41640,"OBJECTID_1":41640,"Name":"18102566,9293","FolderPath":"JATIM/JATIM","SymbolID":0,"AltMode":0,"Base":0,"Clamped":-1,"Extruded":0,"Snippet":"","PopupInfo":"\u003chtml xmlns:fo=\"http://www.w3.org/1999/XSL/Format\" xmlns:msxsl=\"urn:schemas-microsoft-com:xslt\"\u003e\n\u003chead\u003e\n\u003cMETA http-equiv=\"Content-Type\" content=\"text/html\"\u003e\n\u003cmeta http-equiv=\"content-type\" content=\"text/html; charset=UTF-8\"\u003e\n\u003c/head\u003e\n\u003cbody style=\"margin:0px 0px 0px 0px;overflow:auto;background:#FFFFFF;\"\u003e\n\u003ctable style=\"font-family:Arial,Verdana,Times;font-size:12px;text-align:left;width:100%;border-collapse:collapse;padding:3px 3px 3px 3px\"\u003e\n\u003ctr style=\"text-align:center;font-weight:bold;background:#9CBCE2\"\u003e\n\u003ctd\u003e18102566,9293\u003c/td\u003e\n\u003c/tr\u003e\n\u003ctr\u003e\n\u003ctd\u003e\n\u003ctable style=\"font-family:Arial,Verdana,Times;font-size:12px;text-align:left;width:100%;border-spacing:0px; padding:3px 3px 3px 3px\"\u003e\n\u003ctr\u003e\n\u003ctd\u003eFID\u003c/td\u003e\n\u003ctd\u003e0\u003c/td\u003e\n\u003c/tr\u003e\n\u003ctr bgcolor=\"#D4E4F3\"\u003e\n\u003ctd\u003eShape_Leng\u003c/td\u003e\n\u003ctd\u003e18102566,9293\u003c/td\u003e\n\u003c/tr\u003e\n\u003c/table\u003e\n\u003c/td\u003e\n\u003c/tr\u003e\n\u003c/table\u003e\n\u003c/body\u003e\u003cscript type=\"text/javascript\"\u003e\n\t\t\t\tfunction changeImage(attElement, nameElement) {\n\t\t\t\tdocument.getElementById('imageAttachment').src = attElement;\n\t\t\t\tdocument.getElementById('imageName').innerHTML = nameElement;}\n\t\t\t\u003c/script\u003e\u003c/html\u003e\n","FID_active_grids":261,"GridID":"G51","Shape_Length":0.00064649458798155077,"Shape_Area":1.6428105412455686e-08}},{"type":"Feature","id":41825,"geometry":{"type":"Polygon","coordinates":[[[115.3394819130001,-6.8330355459999623],[115.33944929300003,-6.8330358399999795],[115.33944930100006,-6.8330367669999532],[115.33947240500004,-6.8330379279999534],[115.3394819130001,-6.8330355459999623]]]},"properties":{"OBJECTID":41825,"FID_mangrove_utm":41645,"OBJECTID_1":41645,"Name":"18102566,9293","FolderPath":"JATIM/JATIM","SymbolID":0,"AltMode":0,"Base":0,"Clamped":-1,"Extruded":0,"Snippet":"","PopupInfo":"\u003chtml xmlns:fo=\"http://www.w3.org/1999/XSL/Format\" xmlns:msxsl=\"urn:schemas-microsoft-com:xslt\"\u003e\n\u003chead\u003e\n\u003cMETA http-equiv=\"Content-Type\" content=\"text/html\"\u003e\n\u003cmeta http-equiv=\"content-type\" content=\"text/html; charset=UTF-8\"\u003e\n\u003c/head\u003e\n\u003cbody style=\"margin:0px 0px 0px 0px;overflow:auto;background:#FFFFFF;\"\u003e\n\u003ctable style=\"font-family:Arial,Verdana,Times;font-size:12px;text-align:left;width:100%;border-collapse:collapse;padding:3px 3px 3px 3px\"\u003e\n\u003ctr style=\"text-align:center;font-weight:bold;background:#9CBCE2\"\u003e\n\u003ctd\u003e18102566,9293\u003c/td\u003e\n\u003c/tr\u003e\n\u003ctr\u003e\n\u003ctd\u003e\n\u003ctable style=\"font-family:Arial,Verdana,Times;font-size:12px;text-align:left;width:100%;border-spacing:0px; padding:3px 3px 3px 3px\"\u003e\n\u003ctr\u003e\n\u003ctd\u003eFID\u003c/td\u003e\n\u003ctd\u003e0\u003c/td\u003e\n\u003c/tr\u003e\n\u003ctr bgcolor=\"#D4E4F3\"\u003e\n\u003ctd\u003eShape_Leng\u003c/td\u003e\n\u003ctd\u003e18102566,9293\u003c/td\u003e\n\u003c/tr\u003e\n\u003c/table\u003e\n\u003c/td\u003e\n\u003c/tr\u003e\n\u003c/table\u003e\n\u003c/body\u003e\u003cscript type=\"text/javascript\"\u003e\n\t\t\t\tfunction changeImage(attElement, nameElement) {\n\t\t\t\tdocument.getElementById('imageAttachment').src = attElement;\n\t\t\t\tdocument.getElementById('imageName').innerHTML = nameElement;}\n\t\t\t\u003c/script\u003e\u003c/html\u003e\n","FID_active_grids":261,"GridID":"G51","Shape_Length":6.6483347752529037e-05,"Shape_Area":4.8156803515298826e-11}},{"type":"Feature","id":41831,"geometry":{"type":"Polygon","coordinates":[[[115.33924936900007,-6.8328842929999496],[115.33921327100006,-6.8328846189999695],[115.33921335200012,-6.8328936389999626],[115.33920432800005,-6.8328937199999586],[115.3392044090001,-6.8329027399999518],[115.3391863600001,-6.8329029029999333],[115.33918644200003,-6.8329119229999264],[115.33917741700009,-6.8329120039999793],[115.33917749900002,-6.8329210239999725],[115.33918652300008,-6.8329209429999764],[115.33918668600006,-6.8329389829999627],[115.33917766200011,-6.8329390639999588],[115.33917782500009,-6.832957103999945],[115.33918684900004,-6.8329570219999596],[115.33918693100009,-6.8329660419999527],[115.33919595500004,-6.8329659609999567],[115.33919611800002,-6.832984000999943],[115.33921416700002,-6.8329838379999615],[115.33921408600008,-6.8329748179999683],[115.33923213500009,-6.83297465499993],[115.33923229800007,-6.8329926949999731],[115.33925937100003,-6.8329924509999387],[115.33925929000009,-6.8329834309999455],[115.33927733900009,-6.832983267999964],[115.33927717600011,-6.8329652279999777],[115.33928620000006,-6.8329651469999249],[115.33928611900001,-6.8329561269999317],[115.33929514300007,-6.8329560449999462],[115.33929506200002,-6.8329470249999531],[115.33928603700008,-6.8329471069999386],[115.33928563000006,-6.8329020069999729],[115.33926758100006,-6.8329021699999544],[115.33926749900002,-6.8328931499999612],[115.33924945000001,-6.8328933129999427],[115.33924936900007,-6.8328842929999496]]]},"properties":{"OBJECTID":41831,"FID_mangrove_utm":41651,"OBJECTID_1":41651,"Name":"18102566,9293","FolderPath":"JATIM/JATIM","SymbolID":0,"AltMode":0,"Base":0,"Clamped":-1,"Extruded":0,"Snippet":"","PopupInfo":"\u003chtml xmlns:fo=\"http://www.w3.org/1999/XSL/Format\" xmlns:msxsl=\"urn:schemas-microsoft-com:xslt\"\u003e\n\u003chead\u003e\n\u003cMETA http-equiv=\"Content-Type\" content=\"text/html\"\u003e\n\u003cmeta http-equiv=\"content-type\" content=\"text/html; charset=UTF-8\"\u003e\n\u003c/head\u003e\n\u003cbody style=\"margin:0px 0px 0px 0px;overflow:auto;background:#FFFFFF;\"\u003e\n\u003ctable style=\"font-family:Arial,Verdana,Times;font-size:12px;text-align:left;width:100%;border-collapse:collapse;padding:3px 3px 3px 3px\"\u003e\n\u003ctr style=\"text-align:center;font-weight:bold;background:#9CBCE2\"\u003e\n\u003ctd\u003e18102566,9293\u003c/td\u003e\n\u003c/tr\u003e\n\u003ctr\u003e\n\u003ctd\u003e\n\u003ctable style=\"font-family:Arial,Verdana,Times;font-size:12px;text-align:left;width:100%;border-spacing:0px; padding:3px 3px 3px 3px\"\u003e\n\u003ctr\u003e\n\u003ctd\u003eFID\u003c/td\u003e\n\u003ctd\u003e0\u003c/td\u003e\n\u003c/tr\u003e\n\u003ctr bgcolor=\"#D4E4F3\"\u003e\n\u003ctd\u003eShape_Leng\u003c/td\u003e\n\u003ctd\u003e18102566,9293\u003c/td\u003e\n\u003c/tr\u003e\n\u003c/table\u003e\n\u003c/td\u003e\n\u003c/tr\u003e\n\u003c/table\u003e\n\u003c/body\u003e\u003cscript type=\"text/javascript\"\u003e\n\t\t\t\tfunction changeImage(attElement, nameElement) {\n\t\t\t\tdocument.getElementById('imageAttachment').src = attElement;\n\t\t\t\tdocument.getElementById('imageName').innerHTML = nameElement;}\n\t\t\t\u003c/script\u003e\u003c/html\u003e\n","FID_active_grids":261,"GridID":"G51","Shape_Length":0.00048722284104433416,"Shape_Area":9.0361788815664237e-09}},{"type":"Feature","id":41833,"geometry":{"type":"Polygon","coordinates":[[[115.34589900200001,-6.8326708949999784],[115.34588997800006,-6.8326709759999744],[115.34589005900011,-6.8326799959999676],[115.34588103500005,-6.832680077999953],[115.3458811160001,-6.8326890969999567],[115.34585404300003,-6.8326893419999806],[115.34585412500007,-6.8326983619999737],[115.34584510000002,-6.8326984429999698],[115.34584526300011,-6.832716482999956],[115.34585428800006,-6.83271640199996],[115.34585449100007,-6.8327388279999468],[115.34593576600003,-6.8327442559999554],[115.34593550800003,-6.8327156679999348],[115.34592648300008,-6.8327157489999308],[115.34592640200003,-6.8327067289999377],[115.34591737700009,-6.83270681099998],[115.34591729600004,-6.83269779099993],[115.34589924700003,-6.8326979539999684],[115.34589900200001,-6.8326708949999784]]]},"properties":{"OBJECTID":41833,"FID_mangrove_utm":41653,"OBJECTID_1":41653,"Name":"18102566,9293","FolderPath":"JATIM/JATIM","SymbolID":0,"AltMode":0,"Base":0,"Clamped":-1,"Extruded":0,"Snippet":"","PopupInfo":"\u003chtml xmlns:fo=\"http://www.w3.org/1999/XSL/Format\" xmlns:msxsl=\"urn:schemas-microsoft-com:xslt\"\u003e\n\u003chead\u003e\n\u003cMETA http-equiv=\"Content-Type\" content=\"text/html\"\u003e\n\u003cmeta http-equiv=\"content-type\" content=\"text/html; charset=UTF-8\"\u003e\n\u003c/head\u003e\n\u003cbody style=\"margin:0px 0px 0px 0px;overflow:auto;background:#FFFFFF;\"\u003e\n\u003ctable style=\"font-family:Arial,Verdana,Times;font-size:12px;text-align:left;width:100%;border-collapse:collapse;padding:3px 3px 3px 3px\"\u003e\n\u003ctr style=\"text-align:center;font-weight:bold;background:#9CBCE2\"\u003e\n\u003ctd\u003e18102566,9293\u003c/td\u003e\n\u003c/tr\u003e\n\u003ctr\u003e\n\u003ctd\u003e\n\u003ctable style=\"font-family:Arial,Verdana,Times;font-size:12px;text-align:left;width:100%;border-spacing:0px; padding:3px 3px 3px 3px\"\u003e\n\u003ctr\u003e\n\u003ctd\u003eFID\u003c/td\u003e\n\u003ctd\u003e0\u003c/td\u003e\n\u003c/tr\u003e\n\u003ctr bgcolor=\"#D4E4F3\"\u003e\n\u003ctd\u003eShape_Leng\u003c/td\u003e\n\u003ctd\u003e18102566,9293\u003c/td\u003e\n\u003c/tr\u003e\n\u003c/table\u003e\n\u003c/td\u003e\n\u003c/tr\u003e\n\u003c/table\u003e\n\u003c/body\u003e\u003cscript type=\"text/javascript\"\u003e\n\t\t\t\tfunction changeImage(attElement, nameElement) {\n\t\t\t\tdocument.getElementById('imageAttachment').src = attElement;\n\t\t\t\tdocument.getElementById('imageName').innerHTML = nameElement;}\n\t\t\t\u003c/script\u003e\u003c/html\u003e\n","FID_active_grids":261,"GridID":"G51","Shape_Length":0.00032194785394186205,"Shape_Area":4.1070256613500222e-09}},{"type":"Feature","id":41836,"geometry":{"type":"Polygon","coordinates":[[[115.33830049300002,-6.8327485229999638],[115.33830951800007,-6.8327484419999678],[115.33830943600003,-6.8327394219999746],[115.33831846100009,-6.8327393409999786],[115.33831838000003,-6.8327303209999286],[115.33830033100003,-6.8327304829999775],[115.33830049300002,-6.8327485229999638]]]},"properties":{"OBJECTID":41836,"FID_mangrove_utm":41656,"OBJECTID_1":41656,"Name":"18102566,9293","FolderPath":"JATIM/JATIM","SymbolID":0,"AltMode":0,"Base":0,"Clamped":-1,"Extruded":0,"Snippet":"","PopupInfo":"\u003chtml xmlns:fo=\"http://www.w3.org/1999/XSL/Format\" xmlns:msxsl=\"urn:schemas-microsoft-com:xslt\"\u003e\n\u003chead\u003e\n\u003cMETA http-equiv=\"Content-Type\" content=\"text/html\"\u003e\n\u003cmeta http-equiv=\"content-type\" content=\"text/html; charset=UTF-8\"\u003e\n\u003c/head\u003e\n\u003cbody style=\"margin:0px 0px 0px 0px;overflow:auto;background:#FFFFFF;\"\u003e\n\u003ctable style=\"font-family:Arial,Verdana,Times;font-size:12px;text-align:left;width:100%;border-collapse:collapse;padding:3px 3px 3px 3px\"\u003e\n\u003ctr style=\"text-align:center;font-weight:bold;background:#9CBCE2\"\u003e\n\u003ctd\u003e18102566,9293\u003c/td\u003e\n\u003c/tr\u003e\n\u003ctr\u003e\n\u003ctd\u003e\n\u003ctable style=\"font-family:Arial,Verdana,Times;font-size:12px;text-align:left;width:100%;border-spacing:0px; padding:3px 3px 3px 3px\"\u003e\n\u003ctr\u003e\n\u003ctd\u003eFID\u003c/td\u003e\n\u003ctd\u003e0\u003c/td\u003e\n\u003c/tr\u003e\n\u003ctr bgcolor=\"#D4E4F3\"\u003e\n\u003ctd\u003eShape_Leng\u003c/td\u003e\n\u003ctd\u003e18102566,9293\u003c/td\u003e\n\u003c/tr\u003e\n\u003c/table\u003e\n\u003c/td\u003e\n\u003c/tr\u003e\n\u003c/table\u003e\n\u003c/body\u003e\u003cscript type=\"text/javascript\"\u003e\n\t\t\t\tfunction changeImage(attElement, nameElement) {\n\t\t\t\tdocument.getElementById('imageAttachment').src = attElement;\n\t\t\t\tdocument.getElementById('imageName').innerHTML = nameElement;}\n\t\t\t\u003c/script\u003e\u003c/html\u003e\n","FID_active_grids":261,"GridID":"G51","Shape_Length":7.2181917888445527e-05,"Shape_Area":2.4422265390990949e-10}},{"type":"Feature","id":41839,"geometry":{"type":"Polygon","coordinates":[[[115.3383182980001,-6.8327213009999355],[115.33831813500001,-6.8327032609999492],[115.33830911100006,-6.8327033419999452],[115.33830927400004,-6.8327213819999315],[115.3383182980001,-6.8327213009999355]]]},"properties":{"OBJECTID":41839,"FID_mangrove_utm":41659,"OBJECTID_1":41659,"Name":"18102566,9293","FolderPath":"JATIM/JATIM","SymbolID":0,"AltMode":0,"Base":0,"Clamped":-1,"Extruded":0,"Snippet":"","PopupInfo":"\u003chtml xmlns:fo=\"http://www.w3.org/1999/XSL/Format\" xmlns:msxsl=\"urn:schemas-microsoft-com:xslt\"\u003e\n\u003chead\u003e\n\u003cMETA http-equiv=\"Content-Type\" content=\"text/html\"\u003e\n\u003cmeta http-equiv=\"content-type\" content=\"text/html; charset=UTF-8\"\u003e\n\u003c/head\u003e\n\u003cbody style=\"margin:0px 0px 0px 0px;overflow:auto;background:#FFFFFF;\"\u003e\n\u003ctable style=\"font-family:Arial,Verdana,Times;font-size:12px;text-align:left;width:100%;border-collapse:collapse;padding:3px 3px 3px 3px\"\u003e\n\u003ctr style=\"text-align:center;font-weight:bold;background:#9CBCE2\"\u003e\n\u003ctd\u003e18102566,9293\u003c/td\u003e\n\u003c/tr\u003e\n\u003ctr\u003e\n\u003ctd\u003e\n\u003ctable style=\"font-family:Arial,Verdana,Times;font-size:12px;text-align:left;width:100%;border-spacing:0px; padding:3px 3px 3px 3px\"\u003e\n\u003ctr\u003e\n\u003ctd\u003eFID\u003c/td\u003e\n\u003ctd\u003e0\u003c/td\u003e\n\u003c/tr\u003e\n\u003ctr bgcolor=\"#D4E4F3\"\u003e\n\u003ctd\u003eShape_Leng\u003c/td\u003e\n\u003ctd\u003e18102566,9293\u003c/td\u003e\n\u003c/tr\u003e\n\u003c/table\u003e\n\u003c/td\u003e\n\u003c/tr\u003e\n\u003c/table\u003e\n\u003c/body\u003e\u003cscript type=\"text/javascript\"\u003e\n\t\t\t\tfunction changeImage(attElement, nameElement) {\n\t\t\t\tdocument.getElementById('imageAttachment').src = attElement;\n\t\t\t\tdocument.getElementById('imageName').innerHTML = nameElement;}\n\t\t\t\u003c/script\u003e\u003c/html\u003e\n","FID_active_grids":261,"GridID":"G51","Shape_Length":5.4130199787736199e-05,"Shape_Area":1.6280616301733537e-10}},{"type":"Feature","id":41840,"geometry":{"type":"Polygon","coordinates":[[[115.34501428300007,-6.8326428069999565],[115.34500525900012,-6.8326428879999526],[115.34500534000006,-6.8326519079999457],[115.34501436500011,-6.8326518269999497],[115.34501428300007,-6.8326428069999565]]]},"properties":{"OBJECTID":41840,"FID_mangrove_utm":41660,"OBJECTID_1":41660,"Name":"18102566,9293","FolderPath":"JATIM/JATIM","SymbolID":0,"AltMode":0,"Base":0,"Clamped":-1,"Extruded":0,"Snippet":"","PopupInfo":"\u003chtml xmlns:fo=\"http://www.w3.org/1999/XSL/Format\" xmlns:msxsl=\"urn:schemas-microsoft-com:xslt\"\u003e\n\u003chead\u003e\n\u003cMETA http-equiv=\"Content-Type\" content=\"text/html\"\u003e\n\u003cmeta http-equiv=\"content-type\" content=\"text/html; charset=UTF-8\"\u003e\n\u003c/head\u003e\n\u003cbody style=\"margin:0px 0px 0px 0px;overflow:auto;background:#FFFFFF;\"\u003e\n\u003ctable style=\"font-family:Arial,Verdana,Times;font-size:12px;text-align:left;width:100%;border-collapse:collapse;padding:3px 3px 3px 3px\"\u003e\n\u003ctr style=\"text-align:center;font-weight:bold;background:#9CBCE2\"\u003e\n\u003ctd\u003e18102566,9293\u003c/td\u003e\n\u003c/tr\u003e\n\u003ctr\u003e\n\u003ctd\u003e\n\u003ctable style=\"font-family:Arial,Verdana,Times;font-size:12px;text-align:left;width:100%;border-spacing:0px; padding:3px 3px 3px 3px\"\u003e\n\u003ctr\u003e\n\u003ctd\u003eFID\u003c/td\u003e\n\u003ctd\u003e0\u003c/td\u003e\n\u003c/tr\u003e\n\u003ctr bgcolor=\"#D4E4F3\"\u003e\n\u003ctd\u003eShape_Leng\u003c/td\u003e\n\u003ctd\u003e18102566,9293\u003c/td\u003e\n\u003c/tr\u003e\n\u003c/table\u003e\n\u003c/td\u003e\n\u003c/tr\u003e\n\u003c/table\u003e\n\u003c/body\u003e\u003cscript type=\"text/javascript\"\u003e\n\t\t\t\tfunction changeImage(attElement, nameElement) {\n\t\t\t\tdocument.getElementById('imageAttachment').src = attElement;\n\t\t\t\tdocument.getElementById('imageName').innerHTML = nameElement;}\n\t\t\t\u003c/script\u003e\u003c/html\u003e\n","FID_active_grids":261,"GridID":"G51","Shape_Length":3.6090463401131942e-05,"Shape_Area":8.1407591458667041e-11}},{"type":"Feature","id":41841,"geometry":{"type":"Polygon","coordinates":[[[115.34542940600011,-6.8326390559999481],[115.34542932500005,-6.832630035999955],[115.34542030000011,-6.832630116999951],[115.34542038200004,-6.8326391369999442],[115.34542940600011,-6.8326390559999481]]]},"properties":{"OBJECTID":41841,"FID_mangrove_utm":41661,"OBJECTID_1":41661,"Name":"18102566,9293","FolderPath":"JATIM/JATIM","SymbolID":0,"AltMode":0,"Base":0,"Clamped":-1,"Extruded":0,"Snippet":"","PopupInfo":"\u003chtml xmlns:fo=\"http://www.w3.org/1999/XSL/Format\" xmlns:msxsl=\"urn:schemas-microsoft-com:xslt\"\u003e\n\u003chead\u003e\n\u003cMETA http-equiv=\"Content-Type\" content=\"text/html\"\u003e\n\u003cmeta http-equiv=\"content-type\" content=\"text/html; charset=UTF-8\"\u003e\n\u003c/head\u003e\n\u003cbody style=\"margin:0px 0px 0px 0px;overflow:auto;background:#FFFFFF;\"\u003e\n\u003ctable style=\"font-family:Arial,Verdana,Times;font-size:12px;text-align:left;width:100%;border-collapse:collapse;padding:3px 3px 3px 3px\"\u003e\n\u003ctr style=\"text-align:center;font-weight:bold;background:#9CBCE2\"\u003e\n\u003ctd\u003e18102566,9293\u003c/td\u003e\n\u003c/tr\u003e\n\u003ctr\u003e\n\u003ctd\u003e\n\u003ctable style=\"font-family:Arial,Verdana,Times;font-size:12px;text-align:left;width:100%;border-spacing:0px; padding:3px 3px 3px 3px\"\u003e\n\u003ctr\u003e\n\u003ctd\u003eFID\u003c/td\u003e\n\u003ctd\u003e0\u003c/td\u003e\n\u003c/tr\u003e\n\u003ctr bgcolor=\"#D4E4F3\"\u003e\n\u003ctd\u003eShape_Leng\u003c/td\u003e\n\u003ctd\u003e18102566,9293\u003c/td\u003e\n\u003c/tr\u003e\n\u003c/table\u003e\n\u003c/td\u003e\n\u003c/tr\u003e\n\u003c/table\u003e\n\u003c/body\u003e\u003cscript type=\"text/javascript\"\u003e\n\t\t\t\tfunction changeImage(attElement, nameElement) {\n\t\t\t\tdocument.getElementById('imageAttachment').src = attElement;\n\t\t\t\tdocument.getElementById('imageName').innerHTML = nameElement;}\n\t\t\t\u003c/script\u003e\u003c/html\u003e\n","FID_active_grids":261,"GridID":"G51","Shape_Length":3.6090463401119338e-05,"Shape_Area":8.1407591458667041e-11}},{"type":"Feature","id":41842,"geometry":{"type":"Polygon","coordinates":[[[115.34542940600011,-6.8326390559999481],[115.34542948800004,-6.8326480759999413],[115.34540241500008,-6.8326483199999757],[115.34540225100011,-6.8326302809999788],[115.34539322700005,-6.8326303619999749],[115.34539306400006,-6.8326123219999317],[115.34538403900001,-6.832612403999974],[115.34538412100005,-6.8326214239999672],[115.34536607200005,-6.8326215869999487],[115.34536599100011,-6.8326125669999556],[115.34533891700005,-6.8326128119999794],[115.34533883600011,-6.8326037919999294],[115.34532078700011,-6.8326039549999678],[115.34532070500006,-6.8325949349999746],[115.34529363200011,-6.8325951799999416],[115.34529371400004,-6.8326041999999347],[115.34525761600003,-6.8326045259999546],[115.34525777900001,-6.8326225649999515],[115.34524875500006,-6.8326226469999369],[115.34524883600011,-6.8326316669999301],[115.34523981200005,-6.8326317479999261],[115.34523989400009,-6.8326407679999761],[115.34523086900003,-6.8326408499999616],[115.34523070600005,-6.8326228099999753],[115.34516753500009,-6.8326233809999621],[115.34516761700002,-6.8326324009999553],[115.34514956800001,-6.8326325639999368],[115.34514964900006,-6.8326415839999299],[115.34513160100005,-6.8326417469999683],[115.3451316820001,-6.8326507669999614],[115.3451136330001,-6.8326509299999429],[115.34511371500002,-6.8326599489999467],[115.34509566600002,-6.8326601129999744],[115.34509574800006,-6.8326691319999782],[115.3450506260001,-6.8326695399999267],[115.34505070700004,-6.8326785599999766],[115.34502363400009,-6.8326788049999436],[115.34502355200004,-6.8326697849999505],[115.34501452800009,-6.8326698659999465],[115.34501464400012,-6.8326827389999494],[115.3457912770001,-6.8327346059999741],[115.34579119900002,-6.8327259919999506],[115.34580022300008,-6.8327259109999545],[115.3458000600001,-6.8327078709999682],[115.34579103500005,-6.8327079529999537],[115.34579095400011,-6.8326989329999606],[115.34576388100004,-6.8326991769999381],[115.34576379900011,-6.8326901579999344],[115.34574575000011,-6.8326903209999728],[115.34574566900005,-6.8326813009999796],[115.34573664400011,-6.8326813819999757],[115.34573656300006,-6.8326723629999719],[115.34571851400005,-6.8326725259999535],[115.34571843200001,-6.8326635059999603],[115.34567331000005,-6.8326639139999656],[115.34567322900011,-6.8326548939999725],[115.3456371310001,-6.8326552199999355],[115.34563704900006,-6.8326461999999424],[115.34562802500011,-6.8326462819999279],[115.34562810700004,-6.8326553009999316],[115.34560103300009,-6.8326555459999554],[115.34560095200004,-6.8326465259999623],[115.34558290300004,-6.8326466889999438],[115.34558282100011,-6.83263766999994],[115.34548355300001,-6.8326385669999468],[115.34548363400006,-6.8326475859999505],[115.3454385120001,-6.8326479939999558],[115.34543843100005,-6.8326389739999627],[115.34542940600011,-6.8326390559999481]],[[115.34535737400006,-6.8326577479999742],[115.34536639900011,-6.8326576659999319],[115.34536648000005,-6.832666685999925],[115.3453574560001,-6.8326667679999673],[115.34535737400006,-6.8326577479999742]]]},"properties":{"OBJECTID":41842,"FID_mangrove_utm":41662,"OBJECTID_1":41662,"Name":"18102566,9293","FolderPath":"JATIM/JATIM","SymbolID":0,"AltMode":0,"Base":0,"Clamped":-1,"Extruded":0,"Snippet":"","PopupInfo":"\u003chtml xmlns:fo=\"http://www.w3.org/1999/XSL/Format\" xmlns:msxsl=\"urn:schemas-microsoft-com:xslt\"\u003e\n\u003chead\u003e\n\u003cMETA http-equiv=\"Content-Type\" content=\"text/html\"\u003e\n\u003cmeta http-equiv=\"content-type\" content=\"text/html; charset=UTF-8\"\u003e\n\u003c/head\u003e\n\u003cbody style=\"margin:0px 0px 0px 0px;overflow:auto;background:#FFFFFF;\"\u003e\n\u003ctable style=\"font-family:Arial,Verdana,Times;font-size:12px;text-align:left;width:100%;border-collapse:collapse;padding:3px 3px 3px 3px\"\u003e\n\u003ctr style=\"text-align:center;font-weight:bold;background:#9CBCE2\"\u003e\n\u003ctd\u003e18102566,9293\u003c/td\u003e\n\u003c/tr\u003e\n\u003ctr\u003e\n\u003ctd\u003e\n\u003ctable style=\"font-family:Arial,Verdana,Times;font-size:12px;text-align:left;width:100%;border-spacing:0px; padding:3px 3px 3px 3px\"\u003e\n\u003ctr\u003e\n\u003ctd\u003eFID\u003c/td\u003e\n\u003ctd\u003e0\u003c/td\u003e\n\u003c/tr\u003e\n\u003ctr bgcolor=\"#D4E4F3\"\u003e\n\u003ctd\u003eShape_Leng\u003c/td\u003e\n\u003ctd\u003e18102566,9293\u003c/td\u003e\n\u003c/tr\u003e\n\u003c/table\u003e\n\u003c/td\u003e\n\u003c/tr\u003e\n\u003c/table\u003e\n\u003c/body\u003e\u003cscript type=\"text/javascript\"\u003e\n\t\t\t\tfunction changeImage(attElement, nameElement) {\n\t\t\t\tdocument.getElementById('imageAttachment').src = attElement;\n\t\t\t\tdocument.getElementById('imageName').innerHTML = nameElement;}\n\t\t\t\u003c/script\u003e\u003c/html\u003e\n","FID_active_grids":261,"GridID":"G51","Shape_Length":0.0019638684520401363,"Shape_Area":5.009932448252171e-08}},{"type":"Feature","id":41844,"geometry":{"type":"Polygon","coordinates":[[[115.34494151700005,-6.8325803199999768],[115.34490541900004,-6.8325806459999399],[115.34490550100008,-6.832589665999933],[115.34489647600003,-6.832589746999929],[115.34489655800007,-6.832598766999979],[115.34492363100003,-6.8325985229999446],[115.34492379400001,-6.8326165619999415],[115.34490574500001,-6.8326167259999693],[115.34490582700005,-6.832625744999973],[115.3448968030001,-6.8326258269999585],[115.34489688400004,-6.8326348469999516],[115.34490590900009,-6.8326347649999661],[115.34490599000003,-6.8326437849999593],[115.34488794100002,-6.8326439479999408],[115.34488802300007,-6.8326529679999339],[115.34489704700002,-6.8326528859999485],[115.34489712900006,-6.8326619059999416],[115.34493322700007,-6.8326615799999786],[115.34493336900005,-6.8326773109999408],[115.34498755300001,-6.8326809299999809],[115.34498753600008,-6.8326791309999635],[115.34497851200001,-6.8326792119999595],[115.34497834900003,-6.8326611729999627],[115.34498737300009,-6.8326610909999772],[115.34498721000011,-6.8326430509999341],[115.34497818600005,-6.8326431329999764],[115.34497802200008,-6.8326250929999333],[115.34496899800001,-6.8326251749999756],[115.34496891600008,-6.8326161549999256],[115.34495989200002,-6.8326162359999785],[115.34495981000009,-6.8326072159999285],[115.34495078600003,-6.8326072979999708],[115.3449507040001,-6.8325982779999777],[115.34494168000003,-6.8325983599999631],[115.34494151700005,-6.8325803199999768]]]},"properties":{"OBJECTID":41844,"FID_mangrove_utm":41664,"OBJECTID_1":41664,"Name":"18102566,9293","FolderPath":"JATIM/JATIM","SymbolID":0,"AltMode":0,"Base":0,"Clamped":-1,"Extruded":0,"Snippet":"","PopupInfo":"\u003chtml xmlns:fo=\"http://www.w3.org/1999/XSL/Format\" xmlns:msxsl=\"urn:schemas-microsoft-com:xslt\"\u003e\n\u003chead\u003e\n\u003cMETA http-equiv=\"Content-Type\" content=\"text/html\"\u003e\n\u003cmeta http-equiv=\"content-type\" content=\"text/html; charset=UTF-8\"\u003e\n\u003c/head\u003e\n\u003cbody style=\"margin:0px 0px 0px 0px;overflow:auto;background:#FFFFFF;\"\u003e\n\u003ctable style=\"font-family:Arial,Verdana,Times;font-size:12px;text-align:left;width:100%;border-collapse:collapse;padding:3px 3px 3px 3px\"\u003e\n\u003ctr style=\"text-align:center;font-weight:bold;background:#9CBCE2\"\u003e\n\u003ctd\u003e18102566,9293\u003c/td\u003e\n\u003c/tr\u003e\n\u003ctr\u003e\n\u003ctd\u003e\n\u003ctable style=\"font-family:Arial,Verdana,Times;font-size:12px;text-align:left;width:100%;border-spacing:0px; padding:3px 3px 3px 3px\"\u003e\n\u003ctr\u003e\n\u003ctd\u003eFID\u003c/td\u003e\n\u003ctd\u003e0\u003c/td\u003e\n\u003c/tr\u003e\n\u003ctr bgcolor=\"#D4E4F3\"\u003e\n\u003ctd\u003eShape_Leng\u003c/td\u003e\n\u003ctd\u003e18102566,9293\u003c/td\u003e\n\u003c/tr\u003e\n\u003c/table\u003e\n\u003c/td\u003e\n\u003c/tr\u003e\n\u003c/table\u003e\n\u003c/body\u003e\u003cscript type=\"text/javascript\"\u003e\n\t\t\t\tfunction changeImage(attElement, nameElement) {\n\t\t\t\tdocument.getElementById('imageAttachment').src = attElement;\n\t\t\t\tdocument.getElementById('imageName').innerHTML = nameElement;}\n\t\t\t\u003c/script\u003e\u003c/html\u003e\n","FID_active_grids":261,"GridID":"G51","Shape_Length":0.00048688244123699736,"Shape_Area":5.7659995743638539e-09}},{"type":"Feature","id":41850,"geometry":{"type":"Polygon","coordinates":[[[115.3383710600001,-6.8325674729999264],[115.33832593800003,-6.8325678799999423],[115.33832601900008,-6.8325768999999354],[115.33830797000007,-6.8325770629999738],[115.33830813300006,-6.8325951029999601],[115.33833520700011,-6.8325948589999257],[115.33833528800005,-6.8326038789999757],[115.33834431300011,-6.8326037969999334],[115.33834439400005,-6.8326128169999265],[115.33838049200006,-6.8326124919999529],[115.33838041100012,-6.8326034719999598],[115.33838943500007,-6.8326033899999743],[115.33838927200009,-6.8325853499999312],[115.33838024800002,-6.8325854319999735],[115.33838016600009,-6.8325764119999803],[115.33837114200003,-6.8325764929999764],[115.3383710600001,-6.8325674729999264]]]},"properties":{"OBJECTID":41850,"FID_mangrove_utm":41670,"OBJECTID_1":41670,"Name":"18102566,9293","FolderPath":"JATIM/JATIM","SymbolID":0,"AltMode":0,"Base":0,"Clamped":-1,"Extruded":0,"Snippet":"","PopupInfo":"\u003chtml xmlns:fo=\"http://www.w3.org/1999/XSL/Format\" xmlns:msxsl=\"urn:schemas-microsoft-com:xslt\"\u003e\n\u003chead\u003e\n\u003cMETA http-equiv=\"Content-Type\" content=\"text/html\"\u003e\n\u003cmeta http-equiv=\"content-type\" content=\"text/html; charset=UTF-8\"\u003e\n\u003c/head\u003e\n\u003cbody style=\"margin:0px 0px 0px 0px;overflow:auto;background:#FFFFFF;\"\u003e\n\u003ctable style=\"font-family:Arial,Verdana,Times;font-size:12px;text-align:left;width:100%;border-collapse:collapse;padding:3px 3px 3px 3px\"\u003e\n\u003ctr style=\"text-align:center;font-weight:bold;background:#9CBCE2\"\u003e\n\u003ctd\u003e18102566,9293\u003c/td\u003e\n\u003c/tr\u003e\n\u003ctr\u003e\n\u003ctd\u003e\n\u003ctable style=\"font-family:Arial,Verdana,Times;font-size:12px;text-align:left;width:100%;border-spacing:0px; padding:3px 3px 3px 3px\"\u003e\n\u003ctr\u003e\n\u003ctd\u003eFID\u003c/td\u003e\n\u003ctd\u003e0\u003c/td\u003e\n\u003c/tr\u003e\n\u003ctr bgcolor=\"#D4E4F3\"\u003e\n\u003ctd\u003eShape_Leng\u003c/td\u003e\n\u003ctd\u003e18102566,9293\u003c/td\u003e\n\u003c/tr\u003e\n\u003c/table\u003e\n\u003c/td\u003e\n\u003c/tr\u003e\n\u003c/table\u003e\n\u003c/body\u003e\u003cscript type=\"text/javascript\"\u003e\n\t\t\t\tfunction changeImage(attElement, nameElement) {\n\t\t\t\tdocument.getElementById('imageAttachment').src = attElement;\n\t\t\t\tdocument.getElementById('imageName').innerHTML = nameElement;}\n\t\t\t\u003c/script\u003e\u003c/html\u003e\n","FID_active_grids":261,"GridID":"G51","Shape_Length":0.00025265028848025004,"Shape_Area":2.6050529716565491e-09}},{"type":"Feature","id":41854,"geometry":{"type":"Polygon","coordinates":[[[115.34473305800009,-6.8324829769999269],[115.34473297600005,-6.8324739569999338],[115.34472395200009,-6.8324740379999298],[115.34472403300003,-6.8324830579999798],[115.34473305800009,-6.8324829769999269]]]},"properties":{"OBJECTID":41854,"FID_mangrove_utm":41674,"OBJECTID_1":41674,"Name":"18102566,9293","FolderPath":"JATIM/JATIM","SymbolID":0,"AltMode":0,"Base":0,"Clamped":-1,"Extruded":0,"Snippet":"","PopupInfo":"\u003chtml xmlns:fo=\"http://www.w3.org/1999/XSL/Format\" xmlns:msxsl=\"urn:schemas-microsoft-com:xslt\"\u003e\n\u003chead\u003e\n\u003cMETA http-equiv=\"Content-Type\" content=\"text/html\"\u003e\n\u003cmeta http-equiv=\"content-type\" content=\"text/html; charset=UTF-8\"\u003e\n\u003c/head\u003e\n\u003cbody style=\"margin:0px 0px 0px 0px;overflow:auto;background:#FFFFFF;\"\u003e\n\u003ctable style=\"font-family:Arial,Verdana,Times;font-size:12px;text-align:left;width:100%;border-collapse:collapse;padding:3px 3px 3px 3px\"\u003e\n\u003ctr style=\"text-align:center;font-weight:bold;background:#9CBCE2\"\u003e\n\u003ctd\u003e18102566,9293\u003c/td\u003e\n\u003c/tr\u003e\n\u003ctr\u003e\n\u003ctd\u003e\n\u003ctable style=\"font-family:Arial,Verdana,Times;font-size:12px;text-align:left;width:100%;border-spacing:0px; padding:3px 3px 3px 3px\"\u003e\n\u003ctr\u003e\n\u003ctd\u003eFID\u003c/td\u003e\n\u003ctd\u003e0\u003c/td\u003e\n\u003c/tr\u003e\n\u003ctr bgcolor=\"#D4E4F3\"\u003e\n\u003ctd\u003eShape_Leng\u003c/td\u003e\n\u003ctd\u003e18102566,9293\u003c/td\u003e\n\u003c/tr\u003e\n\u003c/table\u003e\n\u003c/td\u003e\n\u003c/tr\u003e\n\u003c/table\u003e\n\u003c/body\u003e\u003cscript type=\"text/javascript\"\u003e\n\t\t\t\tfunction changeImage(attElement, nameElement) {\n\t\t\t\tdocument.getElementById('imageAttachment').src = attElement;\n\t\t\t\tdocument.getElementById('imageName').innerHTML = nameElement;}\n\t\t\t\u003c/script\u003e\u003c/html\u003e\n","FID_active_grids":261,"GridID":"G51","Shape_Length":3.6090463458483222e-05,"Shape_Area":8.140759171747513e-11}},{"type":"Feature","id":41856,"geometry":{"type":"Polygon","coordinates":[[[115.34480509000002,-6.8324642849999577],[115.34480500900008,-6.8324552649999646],[115.34479598400003,-6.8324553459999606],[115.34479606600007,-6.8324643659999538],[115.34480509000002,-6.8324642849999577]]]},"properties":{"OBJECTID":41856,"FID_mangrove_utm":41676,"OBJECTID_1":41676,"Name":"18102566,9293","FolderPath":"JATIM/JATIM","SymbolID":0,"AltMode":0,"Base":0,"Clamped":-1,"Extruded":0,"Snippet":"","PopupInfo":"\u003chtml xmlns:fo=\"http://www.w3.org/1999/XSL/Format\" xmlns:msxsl=\"urn:schemas-microsoft-com:xslt\"\u003e\n\u003chead\u003e\n\u003cMETA http-equiv=\"Content-Type\" content=\"text/html\"\u003e\n\u003cmeta http-equiv=\"content-type\" content=\"text/html; charset=UTF-8\"\u003e\n\u003c/head\u003e\n\u003cbody style=\"margin:0px 0px 0px 0px;overflow:auto;background:#FFFFFF;\"\u003e\n\u003ctable style=\"font-family:Arial,Verdana,Times;font-size:12px;text-align:left;width:100%;border-collapse:collapse;padding:3px 3px 3px 3px\"\u003e\n\u003ctr style=\"text-align:center;font-weight:bold;background:#9CBCE2\"\u003e\n\u003ctd\u003e18102566,9293\u003c/td\u003e\n\u003c/tr\u003e\n\u003ctr\u003e\n\u003ctd\u003e\n\u003ctable style=\"font-family:Arial,Verdana,Times;font-size:12px;text-align:left;width:100%;border-spacing:0px; padding:3px 3px 3px 3px\"\u003e\n\u003ctr\u003e\n\u003ctd\u003eFID\u003c/td\u003e\n\u003ctd\u003e0\u003c/td\u003e\n\u003c/tr\u003e\n\u003ctr bgcolor=\"#D4E4F3\"\u003e\n\u003ctd\u003eShape_Leng\u003c/td\u003e\n\u003ctd\u003e18102566,9293\u003c/td\u003e\n\u003c/tr\u003e\n\u003c/table\u003e\n\u003c/td\u003e\n\u003c/tr\u003e\n\u003c/table\u003e\n\u003c/body\u003e\u003cscript type=\"text/javascript\"\u003e\n\t\t\t\tfunction changeImage(attElement, nameElement) {\n\t\t\t\tdocument.getElementById('imageAttachment').src = attElement;\n\t\t\t\tdocument.getElementById('imageName').innerHTML = nameElement;}\n\t\t\t\u003c/script\u003e\u003c/html\u003e\n","FID_active_grids":261,"GridID":"G51","Shape_Length":3.6090463401131942e-05,"Shape_Area":8.1407591458667041e-11}},{"type":"Feature","id":41858,"geometry":{"type":"Polygon","coordinates":[[[115.34501289600007,-6.8324894689999383],[115.34501281500002,-6.8324804489999451],[115.34499476600001,-6.8324806119999266],[115.34499460300003,-6.8324625729999298],[115.34498557800009,-6.8324626539999258],[115.34498549700004,-6.8324536339999327],[115.34495842400008,-6.8324538789999565],[115.34495834200004,-6.8324448589999633],[115.34494931800009,-6.8324449409999488],[115.34494923600005,-6.8324359209999557],[115.34493118700004,-6.8324360839999372],[115.34493126900009,-6.8324451039999303],[115.34494029300004,-6.8324450219999449],[115.34494037500008,-6.832454041999938],[115.34494939900003,-6.8324539599999525],[115.34494956200001,-6.8324719999999388],[115.34495858700006,-6.8324719189999428],[115.3449588310001,-6.8324989779999328],[115.34494980700003,-6.8324990599999751],[115.34494964400005,-6.832481019999932],[115.34490452200009,-6.8324814279999373],[115.34490460300003,-6.832490446999941],[115.34488655500002,-6.8324906109999688],[115.34488671800011,-6.8325086499999657],[115.34489574200006,-6.8325085689999696],[115.3448958240001,-6.8325175889999628],[115.34491387300011,-6.8325174259999812],[115.34491379100007,-6.8325084059999313],[115.34492281500002,-6.8325083239999458],[115.34492273400008,-6.8324993039999526],[115.34493175800003,-6.8324992229999566],[115.34493192100001,-6.8325172619999535],[115.34494094600007,-6.8325171809999574],[115.34494102700012,-6.8325262009999506],[115.34495005200006,-6.8325261189999651],[115.34495013300011,-6.8325351389999582],[115.34494110900005,-6.8325352209999437],[115.34494127200003,-6.8325532599999406],[115.34495029700008,-6.8325531789999445],[115.34495037800002,-6.8325621989999377],[115.34495940300008,-6.8325621169999522],[115.34495948400001,-6.8325711369999453],[115.34500460600009,-6.83257072899994],[115.34500444300011,-6.8325526899999431],[115.34501346700006,-6.8325526079999577],[115.3450135490001,-6.8325616279999508],[115.34502257300005,-6.8325615459999653],[115.34502249200011,-6.8325525269999616],[115.34504054100012,-6.8325523629999338],[115.34504045900007,-6.8325433439999301],[115.34501338600001,-6.8325435879999645],[115.34501314100009,-6.8325165289999745],[115.34502216600004,-6.8325164469999322],[115.34502192100001,-6.8324893879999422],[115.34501289600007,-6.8324894689999383],[115.34501297800011,-6.8324984889999314],[115.34500395400005,-6.8324985699999274],[115.34500387200001,-6.8324895509999806],[115.34501289600007,-6.8324894689999383]]]},"properties":{"OBJECTID":41858,"FID_mangrove_utm":41678,"OBJECTID_1":41678,"Name":"18102566,9293","FolderPath":"JATIM/JATIM","SymbolID":0,"AltMode":0,"Base":0,"Clamped":-1,"Extruded":0,"Snippet":"","PopupInfo":"\u003chtml xmlns:fo=\"http://www.w3.org/1999/XSL/Format\" xmlns:msxsl=\"urn:schemas-microsoft-com:xslt\"\u003e\n\u003chead\u003e\n\u003cMETA http-equiv=\"Content-Type\" content=\"text/html\"\u003e\n\u003cmeta http-equiv=\"content-type\" content=\"text/html; charset=UTF-8\"\u003e\n\u003c/head\u003e\n\u003cbody style=\"margin:0px 0px 0px 0px;overflow:auto;background:#FFFFFF;\"\u003e\n\u003ctable style=\"font-family:Arial,Verdana,Times;font-size:12px;text-align:left;width:100%;border-collapse:collapse;padding:3px 3px 3px 3px\"\u003e\n\u003ctr style=\"text-align:center;font-weight:bold;background:#9CBCE2\"\u003e\n\u003ctd\u003e18102566,9293\u003c/td\u003e\n\u003c/tr\u003e\n\u003ctr\u003e\n\u003ctd\u003e\n\u003ctable style=\"font-family:Arial,Verdana,Times;font-size:12px;text-align:left;width:100%;border-spacing:0px; padding:3px 3px 3px 3px\"\u003e\n\u003ctr\u003e\n\u003ctd\u003eFID\u003c/td\u003e\n\u003ctd\u003e0\u003c/td\u003e\n\u003c/tr\u003e\n\u003ctr bgcolor=\"#D4E4F3\"\u003e\n\u003ctd\u003eShape_Leng\u003c/td\u003e\n\u003ctd\u003e18102566,9293\u003c/td\u003e\n\u003c/tr\u003e\n\u003c/table\u003e\n\u003c/td\u003e\n\u003c/tr\u003e\n\u003c/table\u003e\n\u003c/body\u003e\u003cscript type=\"text/javascript\"\u003e\n\t\t\t\tfunction changeImage(attElement, nameElement) {\n\t\t\t\tdocument.getElementById('imageAttachment').src = attElement;\n\t\t\t\tdocument.getElementById('imageName').innerHTML = nameElement;}\n\t\t\t\u003c/script\u003e\u003c/html\u003e\n","FID_active_grids":261,"GridID":"G51","Shape_Length":0.00079398244745659417,"Shape_Area":9.1988422326363411e-09}},{"type":"Feature","id":41859,"geometry":{"type":"Polygon","coordinates":[[[115.34493118700004,-6.8324360839999372],[115.3449311060001,-6.832427063999944],[115.34492208100005,-6.8324271449999401],[115.34492216300009,-6.8324361649999332],[115.34493118700004,-6.8324360839999372]]]},"properties":{"OBJECTID":41859,"FID_mangrove_utm":41679,"OBJECTID_1":41679,"Name":"18102566,9293","FolderPath":"JATIM/JATIM","SymbolID":0,"AltMode":0,"Base":0,"Clamped":-1,"Extruded":0,"Snippet":"","PopupInfo":"\u003chtml xmlns:fo=\"http://www.w3.org/1999/XSL/Format\" xmlns:msxsl=\"urn:schemas-microsoft-com:xslt\"\u003e\n\u003chead\u003e\n\u003cMETA http-equiv=\"Content-Type\" content=\"text/html\"\u003e\n\u003cmeta http-equiv=\"content-type\" content=\"text/html; charset=UTF-8\"\u003e\n\u003c/head\u003e\n\u003cbody style=\"margin:0px 0px 0px 0px;overflow:auto;background:#FFFFFF;\"\u003e\n\u003ctable style=\"font-family:Arial,Verdana,Times;font-size:12px;text-align:left;width:100%;border-collapse:collapse;padding:3px 3px 3px 3px\"\u003e\n\u003ctr style=\"text-align:center;font-weight:bold;background:#9CBCE2\"\u003e\n\u003ctd\u003e18102566,9293\u003c/td\u003e\n\u003c/tr\u003e\n\u003ctr\u003e\n\u003ctd\u003e\n\u003ctable style=\"font-family:Arial,Verdana,Times;font-size:12px;text-align:left;width:100%;border-spacing:0px; padding:3px 3px 3px 3px\"\u003e\n\u003ctr\u003e\n\u003ctd\u003eFID\u003c/td\u003e\n\u003ctd\u003e0\u003c/td\u003e\n\u003c/tr\u003e\n\u003ctr bgcolor=\"#D4E4F3\"\u003e\n\u003ctd\u003eShape_Leng\u003c/td\u003e\n\u003ctd\u003e18102566,9293\u003c/td\u003e\n\u003c/tr\u003e\n\u003c/table\u003e\n\u003c/td\u003e\n\u003c/tr\u003e\n\u003c/table\u003e\n\u003c/body\u003e\u003cscript type=\"text/javascript\"\u003e\n\t\t\t\tfunction changeImage(attElement, nameElement) {\n\t\t\t\tdocument.getElementById('imageAttachment').src = attElement;\n\t\t\t\tdocument.getElementById('imageName').innerHTML = nameElement;}\n\t\t\t\u003c/script\u003e\u003c/html\u003e\n","FID_active_grids":261,"GridID":"G51","Shape_Length":3.6090463401131942e-05,"Shape_Area":8.1407591458667041e-11}},{"type":"Feature","id":41861,"geometry":{"type":"Polygon","coordinates":[[[115.34480509000002,-6.8324642849999577],[115.34480517200006,-6.8324733049999509],[115.34479614700001,-6.8324733859999469],[115.34479622900005,-6.8324824059999401],[115.34480525300012,-6.8324823239999546],[115.34480533500005,-6.8324913439999477],[115.34481435900011,-6.8324912629999517],[115.34481444100004,-6.8325002829999448],[115.3448234650001,-6.8325002009999594],[115.34482354700003,-6.8325092209999525],[115.34484159600004,-6.832509057999971],[115.34484151400011,-6.8325000379999778],[115.34485053800006,-6.832499956999925],[115.34485045700001,-6.8324909369999318],[115.34486850600001,-6.8324907739999503],[115.34486842400008,-6.8324817539999572],[115.34488647300009,-6.8324815909999757],[115.34488639100005,-6.8324725709999257],[115.3449134650001,-6.8324723259999587],[115.3449130570001,-6.8324272269999256],[115.34490403200004,-6.8324273079999784],[115.34490395100011,-6.8324182889999747],[115.34489492600005,-6.8324183699999708],[115.34489517100008,-6.8324454299999502],[115.34488614700001,-6.8324455109999462],[115.34488622800006,-6.8324545309999394],[115.34483208200004,-6.8324550199999408],[115.34483232600007,-6.832482079999977],[115.34484135100001,-6.8324819979999347],[115.34484143200007,-6.8324910179999279],[115.34482338400005,-6.8324911809999662],[115.34482313900003,-6.8324641219999762],[115.34480509000002,-6.8324642849999577]]]},"properties":{"OBJECTID":41861,"FID_mangrove_utm":41681,"OBJECTID_1":41681,"Name":"18102566,9293","FolderPath":"JATIM/JATIM","SymbolID":0,"AltMode":0,"Base":0,"Clamped":-1,"Extruded":0,"Snippet":"","PopupInfo":"\u003chtml xmlns:fo=\"http://www.w3.org/1999/XSL/Format\" xmlns:msxsl=\"urn:schemas-microsoft-com:xslt\"\u003e\n\u003chead\u003e\n\u003cMETA http-equiv=\"Content-Type\" content=\"text/html\"\u003e\n\u003cmeta http-equiv=\"content-type\" content=\"text/html; charset=UTF-8\"\u003e\n\u003c/head\u003e\n\u003cbody style=\"margin:0px 0px 0px 0px;overflow:auto;background:#FFFFFF;\"\u003e\n\u003ctable style=\"font-family:Arial,Verdana,Times;font-size:12px;text-align:left;width:100%;border-collapse:collapse;padding:3px 3px 3px 3px\"\u003e\n\u003ctr style=\"text-align:center;font-weight:bold;background:#9CBCE2\"\u003e\n\u003ctd\u003e18102566,9293\u003c/td\u003e\n\u003c/tr\u003e\n\u003ctr\u003e\n\u003ctd\u003e\n\u003ctable style=\"font-family:Arial,Verdana,Times;font-size:12px;text-align:left;width:100%;border-spacing:0px; padding:3px 3px 3px 3px\"\u003e\n\u003ctr\u003e\n\u003ctd\u003eFID\u003c/td\u003e\n\u003ctd\u003e0\u003c/td\u003e\n\u003c/tr\u003e\n\u003ctr bgcolor=\"#D4E4F3\"\u003e\n\u003ctd\u003eShape_Leng\u003c/td\u003e\n\u003ctd\u003e18102566,9293\u003c/td\u003e\n\u003c/tr\u003e\n\u003c/table\u003e\n\u003c/td\u003e\n\u003c/tr\u003e\n\u003c/table\u003e\n\u003c/body\u003e\u003cscript type=\"text/javascript\"\u003e\n\t\t\t\tfunction changeImage(attElement, nameElement) {\n\t\t\t\tdocument.getElementById('imageAttachment').src = attElement;\n\t\t\t\tdocument.getElementById('imageName').innerHTML = nameElement;}\n\t\t\t\u003c/script\u003e\u003c/html\u003e\n","FID_active_grids":261,"GridID":"G51","Shape_Length":0.00048722089606432773,"Shape_Area":3.9075170864358601e-09}},{"type":"Feature","id":41863,"geometry":{"type":"Polygon","coordinates":[[[115.34429923300002,-6.8324147309999717],[115.34429931500006,-6.8324237509999648],[115.34430833900001,-6.8324236689999793],[115.34430825800007,-6.8324146499999756],[115.34429923300002,-6.8324147309999717]]]},"properties":{"OBJECTID":41863,"FID_mangrove_utm":41683,"OBJECTID_1":41683,"Name":"18102566,9293","FolderPath":"JATIM/JATIM","SymbolID":0,"AltMode":0,"Base":0,"Clamped":-1,"Extruded":0,"Snippet":"","PopupInfo":"\u003chtml xmlns:fo=\"http://www.w3.org/1999/XSL/Format\" xmlns:msxsl=\"urn:schemas-microsoft-com:xslt\"\u003e\n\u003chead\u003e\n\u003cMETA http-equiv=\"Content-Type\" content=\"text/html\"\u003e\n\u003cmeta http-equiv=\"content-type\" content=\"text/html; charset=UTF-8\"\u003e\n\u003c/head\u003e\n\u003cbody style=\"margin:0px 0px 0px 0px;overflow:auto;background:#FFFFFF;\"\u003e\n\u003ctable style=\"font-family:Arial,Verdana,Times;font-size:12px;text-align:left;width:100%;border-collapse:collapse;padding:3px 3px 3px 3px\"\u003e\n\u003ctr style=\"text-align:center;font-weight:bold;background:#9CBCE2\"\u003e\n\u003ctd\u003e18102566,9293\u003c/td\u003e\n\u003c/tr\u003e\n\u003ctr\u003e\n\u003ctd\u003e\n\u003ctable style=\"font-family:Arial,Verdana,Times;font-size:12px;text-align:left;width:100%;border-spacing:0px; padding:3px 3px 3px 3px\"\u003e\n\u003ctr\u003e\n\u003ctd\u003eFID\u003c/td\u003e\n\u003ctd\u003e0\u003c/td\u003e\n\u003c/tr\u003e\n\u003ctr bgcolor=\"#D4E4F3\"\u003e\n\u003ctd\u003eShape_Leng\u003c/td\u003e\n\u003ctd\u003e18102566,9293\u003c/td\u003e\n\u003c/tr\u003e\n\u003c/table\u003e\n\u003c/td\u003e\n\u003c/tr\u003e\n\u003c/table\u003e\n\u003c/body\u003e\u003cscript type=\"text/javascript\"\u003e\n\t\t\t\tfunction changeImage(attElement, nameElement) {\n\t\t\t\tdocument.getElementById('imageAttachment').src = attElement;\n\t\t\t\tdocument.getElementById('imageName').innerHTML = nameElement;}\n\t\t\t\u003c/script\u003e\u003c/html\u003e\n","FID_active_grids":261,"GridID":"G51","Shape_Length":3.6089472483036304e-05,"Shape_Area":8.1403120005949124e-11}},{"type":"Feature","id":41864,"geometry":{"type":"Polygon","coordinates":[[[115.34435338000003,-6.8324142419999703],[115.34434435500009,-6.8324143229999663],[115.34434443700002,-6.8324233429999595],[115.34432638800001,-6.832423505999941],[115.34432647000006,-6.8324325259999341],[115.34435354300001,-6.8324322819999566],[115.34435338000003,-6.8324142419999703]]]},"properties":{"OBJECTID":41864,"FID_mangrove_utm":41684,"OBJECTID_1":41684,"Name":"18102566,9293","FolderPath":"JATIM/JATIM","SymbolID":0,"AltMode":0,"Base":0,"Clamped":-1,"Extruded":0,"Snippet":"","PopupInfo":"\u003chtml xmlns:fo=\"http://www.w3.org/1999/XSL/Format\" xmlns:msxsl=\"urn:schemas-microsoft-com:xslt\"\u003e\n\u003chead\u003e\n\u003cMETA http-equiv=\"Content-Type\" content=\"text/html\"\u003e\n\u003cmeta http-equiv=\"content-type\" content=\"text/html; charset=UTF-8\"\u003e\n\u003c/head\u003e\n\u003cbody style=\"margin:0px 0px 0px 0px;overflow:auto;background:#FFFFFF;\"\u003e\n\u003ctable style=\"font-family:Arial,Verdana,Times;font-size:12px;text-align:left;width:100%;border-collapse:collapse;padding:3px 3px 3px 3px\"\u003e\n\u003ctr style=\"text-align:center;font-weight:bold;background:#9CBCE2\"\u003e\n\u003ctd\u003e18102566,9293\u003c/td\u003e\n\u003c/tr\u003e\n\u003ctr\u003e\n\u003ctd\u003e\n\u003ctable style=\"font-family:Arial,Verdana,Times;font-size:12px;text-align:left;width:100%;border-spacing:0px; padding:3px 3px 3px 3px\"\u003e\n\u003ctr\u003e\n\u003ctd\u003eFID\u003c/td\u003e\n\u003ctd\u003e0\u003c/td\u003e\n\u003c/tr\u003e\n\u003ctr bgcolor=\"#D4E4F3\"\u003e\n\u003ctd\u003eShape_Leng\u003c/td\u003e\n\u003ctd\u003e18102566,9293\u003c/td\u003e\n\u003c/tr\u003e\n\u003c/table\u003e\n\u003c/td\u003e\n\u003c/tr\u003e\n\u003c/table\u003e\n\u003c/body\u003e\u003cscript type=\"text/javascript\"\u003e\n\t\t\t\tfunction changeImage(attElement, nameElement) {\n\t\t\t\tdocument.getElementById('imageAttachment').src = attElement;\n\t\t\t\tdocument.getElementById('imageName').innerHTML = nameElement;}\n\t\t\t\u003c/script\u003e\u003c/html\u003e\n","FID_active_grids":261,"GridID":"G51","Shape_Length":9.0230680703383141e-05,"Shape_Area":3.2563504027711859e-10}},{"type":"Feature","id":41865,"geometry":{"type":"Polygon","coordinates":[[[115.34435338000003,-6.8324142419999703],[115.34436240400009,-6.832414159999928],[115.34436232300004,-6.8324051409999811],[115.3443532980001,-6.8324052219999771],[115.34435338000003,-6.8324142419999703]]]},"properties":{"OBJECTID":41865,"FID_mangrove_utm":41685,"OBJECTID_1":41685,"Name":"18102566,9293","FolderPath":"JATIM/JATIM","SymbolID":0,"AltMode":0,"Base":0,"Clamped":-1,"Extruded":0,"Snippet":"","PopupInfo":"\u003chtml xmlns:fo=\"http://www.w3.org/1999/XSL/Format\" xmlns:msxsl=\"urn:schemas-microsoft-com:xslt\"\u003e\n\u003chead\u003e\n\u003cMETA http-equiv=\"Content-Type\" content=\"text/html\"\u003e\n\u003cmeta http-equiv=\"content-type\" content=\"text/html; charset=UTF-8\"\u003e\n\u003c/head\u003e\n\u003cbody style=\"margin:0px 0px 0px 0px;overflow:auto;background:#FFFFFF;\"\u003e\n\u003ctable style=\"font-family:Arial,Verdana,Times;font-size:12px;text-align:left;width:100%;border-collapse:collapse;padding:3px 3px 3px 3px\"\u003e\n\u003ctr style=\"text-align:center;font-weight:bold;background:#9CBCE2\"\u003e\n\u003ctd\u003e18102566,9293\u003c/td\u003e\n\u003c/tr\u003e\n\u003ctr\u003e\n\u003ctd\u003e\n\u003ctable style=\"font-family:Arial,Verdana,Times;font-size:12px;text-align:left;width:100%;border-spacing:0px; padding:3px 3px 3px 3px\"\u003e\n\u003ctr\u003e\n\u003ctd\u003eFID\u003c/td\u003e\n\u003ctd\u003e0\u003c/td\u003e\n\u003c/tr\u003e\n\u003ctr bgcolor=\"#D4E4F3\"\u003e\n\u003ctd\u003eShape_Leng\u003c/td\u003e\n\u003ctd\u003e18102566,9293\u003c/td\u003e\n\u003c/tr\u003e\n\u003c/table\u003e\n\u003c/td\u003e\n\u003c/tr\u003e\n\u003c/table\u003e\n\u003c/body\u003e\u003cscript type=\"text/javascript\"\u003e\n\t\t\t\tfunction changeImage(attElement, nameElement) {\n\t\t\t\tdocument.getElementById('imageAttachment').src = attElement;\n\t\t\t\tdocument.getElementById('imageName').innerHTML = nameElement;}\n\t\t\t\u003c/script\u003e\u003c/html\u003e\n","FID_active_grids":261,"GridID":"G51","Shape_Length":3.6089472426699085e-05,"Shape_Area":8.1403119751773777e-11}},{"type":"Feature","id":41866,"geometry":{"type":"Polygon","coordinates":[[[115.3443804530001,-6.8324139969999464],[115.34438037100006,-6.8324049769999533],[115.34437134700011,-6.8324050589999388],[115.34437142900003,-6.8324140789999319],[115.3443804530001,-6.8324139969999464]]]},"properties":{"OBJECTID":41866,"FID_mangrove_utm":41686,"OBJECTID_1":41686,"Name":"18102566,9293","FolderPath":"JATIM/JATIM","SymbolID":0,"AltMode":0,"Base":0,"Clamped":-1,"Extruded":0,"Snippet":"","PopupInfo":"\u003chtml xmlns:fo=\"http://www.w3.org/1999/XSL/Format\" xmlns:msxsl=\"urn:schemas-microsoft-com:xslt\"\u003e\n\u003chead\u003e\n\u003cMETA http-equiv=\"Content-Type\" content=\"text/html\"\u003e\n\u003cmeta http-equiv=\"content-type\" content=\"text/html; charset=UTF-8\"\u003e\n\u003c/head\u003e\n\u003cbody style=\"margin:0px 0px 0px 0px;overflow:auto;background:#FFFFFF;\"\u003e\n\u003ctable style=\"font-family:Arial,Verdana,Times;font-size:12px;text-align:left;width:100%;border-collapse:collapse;padding:3px 3px 3px 3px\"\u003e\n\u003ctr style=\"text-align:center;font-weight:bold;background:#9CBCE2\"\u003e\n\u003ctd\u003e18102566,9293\u003c/td\u003e\n\u003c/tr\u003e\n\u003ctr\u003e\n\u003ctd\u003e\n\u003ctable style=\"font-family:Arial,Verdana,Times;font-size:12px;text-align:left;width:100%;border-spacing:0px; padding:3px 3px 3px 3px\"\u003e\n\u003ctr\u003e\n\u003ctd\u003eFID\u003c/td\u003e\n\u003ctd\u003e0\u003c/td\u003e\n\u003c/tr\u003e\n\u003ctr bgcolor=\"#D4E4F3\"\u003e\n\u003ctd\u003eShape_Leng\u003c/td\u003e\n\u003ctd\u003e18102566,9293\u003c/td\u003e\n\u003c/tr\u003e\n\u003c/table\u003e\n\u003c/td\u003e\n\u003c/tr\u003e\n\u003c/table\u003e\n\u003c/body\u003e\u003cscript type=\"text/javascript\"\u003e\n\t\t\t\tfunction changeImage(attElement, nameElement) {\n\t\t\t\tdocument.getElementById('imageAttachment').src = attElement;\n\t\t\t\tdocument.getElementById('imageName').innerHTML = nameElement;}\n\t\t\t\u003c/script\u003e\u003c/html\u003e\n","FID_active_grids":261,"GridID":"G51","Shape_Length":3.6089490549003436e-05,"Shape_Area":8.140320400505353e-11}},{"type":"Feature","id":41867,"geometry":{"type":"Polygon","coordinates":[[[115.34447069700002,-6.8324131819999252],[115.34447061600008,-6.8324041619999321],[115.34446159100003,-6.8324042439999744],[115.34446167300007,-6.8324132639999675],[115.34447069700002,-6.8324131819999252]]]},"properties":{"OBJECTID":41867,"FID_mangrove_utm":41687,"OBJECTID_1":41687,"Name":"18102566,9293","FolderPath":"JATIM/JATIM","SymbolID":0,"AltMode":0,"Base":0,"Clamped":-1,"Extruded":0,"Snippet":"","PopupInfo":"\u003chtml xmlns:fo=\"http://www.w3.org/1999/XSL/Format\" xmlns:msxsl=\"urn:schemas-microsoft-com:xslt\"\u003e\n\u003chead\u003e\n\u003cMETA http-equiv=\"Content-Type\" content=\"text/html\"\u003e\n\u003cmeta http-equiv=\"content-type\" content=\"text/html; charset=UTF-8\"\u003e\n\u003c/head\u003e\n\u003cbody style=\"margin:0px 0px 0px 0px;overflow:auto;background:#FFFFFF;\"\u003e\n\u003ctable style=\"font-family:Arial,Verdana,Times;font-size:12px;text-align:left;width:100%;border-collapse:collapse;padding:3px 3px 3px 3px\"\u003e\n\u003ctr style=\"text-align:center;font-weight:bold;background:#9CBCE2\"\u003e\n\u003ctd\u003e18102566,9293\u003c/td\u003e\n\u003c/tr\u003e\n\u003ctr\u003e\n\u003ctd\u003e\n\u003ctable style=\"font-family:Arial,Verdana,Times;font-size:12px;text-align:left;width:100%;border-spacing:0px; padding:3px 3px 3px 3px\"\u003e\n\u003ctr\u003e\n\u003ctd\u003eFID\u003c/td\u003e\n\u003ctd\u003e0\u003c/td\u003e\n\u003c/tr\u003e\n\u003ctr bgcolor=\"#D4E4F3\"\u003e\n\u003ctd\u003eShape_Leng\u003c/td\u003e\n\u003ctd\u003e18102566,9293\u003c/td\u003e\n\u003c/tr\u003e\n\u003c/table\u003e\n\u003c/td\u003e\n\u003c/tr\u003e\n\u003c/table\u003e\n\u003c/body\u003e\u003cscript type=\"text/javascript\"\u003e\n\t\t\t\tfunction changeImage(attElement, nameElement) {\n\t\t\t\tdocument.getElementById('imageAttachment').src = attElement;\n\t\t\t\tdocument.getElementById('imageName').innerHTML = nameElement;}\n\t\t\t\u003c/script\u003e\u003c/html\u003e\n","FID_active_grids":261,"GridID":"G51","Shape_Length":3.6090481463177854e-05,"Shape_Area":8.140767296242863e-11}},{"type":"Feature","id":41868,"geometry":{"type":"Polygon","coordinates":[[[115.34451573800004,-6.832403754999973],[115.34451581900009,-6.8324127739999767],[115.34452484400003,-6.8324126929999807],[115.34452476200011,-6.8324036729999307],[115.34451573800004,-6.832403754999973]]]},"properties":{"OBJECTID":41868,"FID_mangrove_utm":41688,"OBJECTID_1":41688,"Name":"18102566,9293","FolderPath":"JATIM/JATIM","SymbolID":0,"AltMode":0,"Base":0,"Clamped":-1,"Extruded":0,"Snippet":"","PopupInfo":"\u003chtml xmlns:fo=\"http://www.w3.org/1999/XSL/Format\" xmlns:msxsl=\"urn:schemas-microsoft-com:xslt\"\u003e\n\u003chead\u003e\n\u003cMETA http-equiv=\"Content-Type\" content=\"text/html\"\u003e\n\u003cmeta http-equiv=\"content-type\" content=\"text/html; charset=UTF-8\"\u003e\n\u003c/head\u003e\n\u003cbody style=\"margin:0px 0px 0px 0px;overflow:auto;background:#FFFFFF;\"\u003e\n\u003ctable style=\"font-family:Arial,Verdana,Times;font-size:12px;text-align:left;width:100%;border-collapse:collapse;padding:3px 3px 3px 3px\"\u003e\n\u003ctr style=\"text-align:center;font-weight:bold;background:#9CBCE2\"\u003e\n\u003ctd\u003e18102566,9293\u003c/td\u003e\n\u003c/tr\u003e\n\u003ctr\u003e\n\u003ctd\u003e\n\u003ctable style=\"font-family:Arial,Verdana,Times;font-size:12px;text-align:left;width:100%;border-spacing:0px; padding:3px 3px 3px 3px\"\u003e\n\u003ctr\u003e\n\u003ctd\u003eFID\u003c/td\u003e\n\u003ctd\u003e0\u003c/td\u003e\n\u003c/tr\u003e\n\u003ctr bgcolor=\"#D4E4F3\"\u003e\n\u003ctd\u003eShape_Leng\u003c/td\u003e\n\u003ctd\u003e18102566,9293\u003c/td\u003e\n\u003c/tr\u003e\n\u003c/table\u003e\n\u003c/td\u003e\n\u003c/tr\u003e\n\u003c/table\u003e\n\u003c/body\u003e\u003cscript type=\"text/javascript\"\u003e\n\t\t\t\tfunction changeImage(attElement, nameElement) {\n\t\t\t\tdocument.getElementById('imageAttachment').src = attElement;\n\t\t\t\tdocument.getElementById('imageName').innerHTML = nameElement;}\n\t\t\t\u003c/script\u003e\u003c/html\u003e\n","FID_active_grids":261,"GridID":"G51","Shape_Length":3.6089472540381281e-05,"Shape_Area":8.1403120264757213e-11}},{"type":"Feature","id":41870,"geometry":{"type":"Polygon","coordinates":[[[115.34429923300002,-6.8324147309999717],[115.34429915200008,-6.8324057109999785],[115.34430817600003,-6.8324056299999256],[115.34430809500009,-6.8323966099999325],[115.34428102100003,-6.8323968539999669],[115.34428110300007,-6.83240587399996],[115.34427207800002,-6.8324059559999455],[115.34427199700008,-6.8323969359999523],[115.34420882600011,-6.8323975059999498],[115.34420890700005,-6.8324065259999429],[115.34421793200011,-6.8324064449999469],[115.34421801300005,-6.83241546499994],[115.3442270380001,-6.8324153829999545],[115.34422695600006,-6.8324063629999614],[115.34425403000012,-6.832406118999927],[115.34425411100005,-6.832415138999977],[115.34429923300002,-6.8324147309999717]]]},"properties":{"OBJECTID":41870,"FID_mangrove_utm":41690,"OBJECTID_1":41690,"Name":"18102566,9293","FolderPath":"JATIM/JATIM","SymbolID":0,"AltMode":0,"Base":0,"Clamped":-1,"Extruded":0,"Snippet":"","PopupInfo":"\u003chtml xmlns:fo=\"http://www.w3.org/1999/XSL/Format\" xmlns:msxsl=\"urn:schemas-microsoft-com:xslt\"\u003e\n\u003chead\u003e\n\u003cMETA http-equiv=\"Content-Type\" content=\"text/html\"\u003e\n\u003cmeta http-equiv=\"content-type\" content=\"text/html; charset=UTF-8\"\u003e\n\u003c/head\u003e\n\u003cbody style=\"margin:0px 0px 0px 0px;overflow:auto;background:#FFFFFF;\"\u003e\n\u003ctable style=\"font-family:Arial,Verdana,Times;font-size:12px;text-align:left;width:100%;border-collapse:collapse;padding:3px 3px 3px 3px\"\u003e\n\u003ctr style=\"text-align:center;font-weight:bold;background:#9CBCE2\"\u003e\n\u003ctd\u003e18102566,9293\u003c/td\u003e\n\u003c/tr\u003e\n\u003ctr\u003e\n\u003ctd\u003e\n\u003ctable style=\"font-family:Arial,Verdana,Times;font-size:12px;text-align:left;width:100%;border-spacing:0px; padding:3px 3px 3px 3px\"\u003e\n\u003ctr\u003e\n\u003ctd\u003eFID\u003c/td\u003e\n\u003ctd\u003e0\u003c/td\u003e\n\u003c/tr\u003e\n\u003ctr bgcolor=\"#D4E4F3\"\u003e\n\u003ctd\u003eShape_Leng\u003c/td\u003e\n\u003ctd\u003e18102566,9293\u003c/td\u003e\n\u003c/tr\u003e\n\u003c/table\u003e\n\u003c/td\u003e\n\u003c/tr\u003e\n\u003c/table\u003e\n\u003c/body\u003e\u003cscript type=\"text/javascript\"\u003e\n\t\t\t\tfunction changeImage(attElement, nameElement) {\n\t\t\t\tdocument.getElementById('imageAttachment').src = attElement;\n\t\t\t\tdocument.getElementById('imageName').innerHTML = nameElement;}\n\t\t\t\u003c/script\u003e\u003c/html\u003e\n","FID_active_grids":261,"GridID":"G51","Shape_Length":0.00027071101480039965,"Shape_Area":1.3025130147002463e-09}},{"type":"Feature","id":41871,"geometry":{"type":"Polygon","coordinates":[[[115.34451573800004,-6.832403754999973],[115.34451565600011,-6.8323947349999798],[115.34449760700011,-6.8323948979999614],[115.34449768900004,-6.8324039179999545],[115.3444886640001,-6.8324039989999505],[115.34448874600002,-6.8324130189999437],[115.34447972200007,-6.8324131009999292],[115.34447988500006,-6.832431139999926],[115.34450695800001,-6.8324308959999485],[115.3445067130001,-6.832403835999969],[115.34451573800004,-6.832403754999973]]]},"properties":{"OBJECTID":41871,"FID_mangrove_utm":41691,"OBJECTID_1":41691,"Name":"18102566,9293","FolderPath":"JATIM/JATIM","SymbolID":0,"AltMode":0,"Base":0,"Clamped":-1,"Extruded":0,"Snippet":"","PopupInfo":"\u003chtml xmlns:fo=\"http://www.w3.org/1999/XSL/Format\" xmlns:msxsl=\"urn:schemas-microsoft-com:xslt\"\u003e\n\u003chead\u003e\n\u003cMETA http-equiv=\"Content-Type\" content=\"text/html\"\u003e\n\u003cmeta http-equiv=\"content-type\" content=\"text/html; charset=UTF-8\"\u003e\n\u003c/head\u003e\n\u003cbody style=\"margin:0px 0px 0px 0px;overflow:auto;background:#FFFFFF;\"\u003e\n\u003ctable style=\"font-family:Arial,Verdana,Times;font-size:12px;text-align:left;width:100%;border-collapse:collapse;padding:3px 3px 3px 3px\"\u003e\n\u003ctr style=\"text-align:center;font-weight:bold;background:#9CBCE2\"\u003e\n\u003ctd\u003e18102566,9293\u003c/td\u003e\n\u003c/tr\u003e\n\u003ctr\u003e\n\u003ctd\u003e\n\u003ctable style=\"font-family:Arial,Verdana,Times;font-size:12px;text-align:left;width:100%;border-spacing:0px; padding:3px 3px 3px 3px\"\u003e\n\u003ctr\u003e\n\u003ctd\u003eFID\u003c/td\u003e\n\u003ctd\u003e0\u003c/td\u003e\n\u003c/tr\u003e\n\u003ctr bgcolor=\"#D4E4F3\"\u003e\n\u003ctd\u003eShape_Leng\u003c/td\u003e\n\u003ctd\u003e18102566,9293\u003c/td\u003e\n\u003c/tr\u003e\n\u003c/table\u003e\n\u003c/td\u003e\n\u003c/tr\u003e\n\u003c/table\u003e\n\u003c/body\u003e\u003cscript type=\"text/javascript\"\u003e\n\t\t\t\tfunction changeImage(attElement, nameElement) {\n\t\t\t\tdocument.getElementById('imageAttachment').src = attElement;\n\t\t\t\tdocument.getElementById('imageName').innerHTML = nameElement;}\n\t\t\t\u003c/script\u003e\u003c/html\u003e\n","FID_active_grids":261,"GridID":"G51","Shape_Length":0.00014436089845937974,"Shape_Area":8.1404486539763676e-10}},{"type":"Feature","id":41876,"geometry":{"type":"Polygon","coordinates":[[[115.34358581400011,-6.8323670509999488],[115.34358573300005,-6.8323580319999451],[115.34357670800011,-6.8323581129999411],[115.34357679000004,-6.8323671329999343],[115.34358581400011,-6.8323670509999488]]]},"properties":{"OBJECTID":41876,"FID_mangrove_utm":41696,"OBJECTID_1":41696,"Name":"18102566,9293","FolderPath":"JATIM/JATIM","SymbolID":0,"AltMode":0,"Base":0,"Clamped":-1,"Extruded":0,"Snippet":"","PopupInfo":"\u003chtml xmlns:fo=\"http://www.w3.org/1999/XSL/Format\" xmlns:msxsl=\"urn:schemas-microsoft-com:xslt\"\u003e\n\u003chead\u003e\n\u003cMETA http-equiv=\"Content-Type\" content=\"text/html\"\u003e\n\u003cmeta http-equiv=\"content-type\" content=\"text/html; charset=UTF-8\"\u003e\n\u003c/head\u003e\n\u003cbody style=\"margin:0px 0px 0px 0px;overflow:auto;background:#FFFFFF;\"\u003e\n\u003ctable style=\"font-family:Arial,Verdana,Times;font-size:12px;text-align:left;width:100%;border-collapse:collapse;padding:3px 3px 3px 3px\"\u003e\n\u003ctr style=\"text-align:center;font-weight:bold;background:#9CBCE2\"\u003e\n\u003ctd\u003e18102566,9293\u003c/td\u003e\n\u003c/tr\u003e\n\u003ctr\u003e\n\u003ctd\u003e\n\u003ctable style=\"font-family:Arial,Verdana,Times;font-size:12px;text-align:left;width:100%;border-spacing:0px; padding:3px 3px 3px 3px\"\u003e\n\u003ctr\u003e\n\u003ctd\u003eFID\u003c/td\u003e\n\u003ctd\u003e0\u003c/td\u003e\n\u003c/tr\u003e\n\u003ctr bgcolor=\"#D4E4F3\"\u003e\n\u003ctd\u003eShape_Leng\u003c/td\u003e\n\u003ctd\u003e18102566,9293\u003c/td\u003e\n\u003c/tr\u003e\n\u003c/table\u003e\n\u003c/td\u003e\n\u003c/tr\u003e\n\u003c/table\u003e\n\u003c/body\u003e\u003cscript type=\"text/javascript\"\u003e\n\t\t\t\tfunction changeImage(attElement, nameElement) {\n\t\t\t\tdocument.getElementById('imageAttachment').src = attElement;\n\t\t\t\tdocument.getElementById('imageName').innerHTML = nameElement;}\n\t\t\t\u003c/script\u003e\u003c/html\u003e\n","FID_active_grids":261,"GridID":"G51","Shape_Length":3.6089472483023707e-05,"Shape_Area":8.1403120005949124e-11}},{"type":"Feature","id":41877,"geometry":{"type":"Polygon","coordinates":[[[115.34409110100012,-6.8323534669999617],[115.34408207600006,-6.8323535479999578],[115.34408223900004,-6.832371587999944],[115.3440912640001,-6.832371506999948],[115.34409134500004,-6.8323805259999517],[115.34410037000009,-6.8323804449999557],[115.34410020700011,-6.8323624049999694],[115.34409118200006,-6.8323624869999549],[115.34409110100012,-6.8323534669999617]]]},"properties":{"OBJECTID":41877,"FID_mangrove_utm":41697,"OBJECTID_1":41697,"Name":"18102566,9293","FolderPath":"JATIM/JATIM","SymbolID":0,"AltMode":0,"Base":0,"Clamped":-1,"Extruded":0,"Snippet":"","PopupInfo":"\u003chtml xmlns:fo=\"http://www.w3.org/1999/XSL/Format\" xmlns:msxsl=\"urn:schemas-microsoft-com:xslt\"\u003e\n\u003chead\u003e\n\u003cMETA http-equiv=\"Content-Type\" content=\"text/html\"\u003e\n\u003cmeta http-equiv=\"content-type\" content=\"text/html; charset=UTF-8\"\u003e\n\u003c/head\u003e\n\u003cbody style=\"margin:0px 0px 0px 0px;overflow:auto;background:#FFFFFF;\"\u003e\n\u003ctable style=\"font-family:Arial,Verdana,Times;font-size:12px;text-align:left;width:100%;border-collapse:collapse;padding:3px 3px 3px 3px\"\u003e\n\u003ctr style=\"text-align:center;font-weight:bold;background:#9CBCE2\"\u003e\n\u003ctd\u003e18102566,9293\u003c/td\u003e\n\u003c/tr\u003e\n\u003ctr\u003e\n\u003ctd\u003e\n\u003ctable style=\"font-family:Arial,Verdana,Times;font-size:12px;text-align:left;width:100%;border-spacing:0px; padding:3px 3px 3px 3px\"\u003e\n\u003ctr\u003e\n\u003ctd\u003eFID\u003c/td\u003e\n\u003ctd\u003e0\u003c/td\u003e\n\u003c/tr\u003e\n\u003ctr bgcolor=\"#D4E4F3\"\u003e\n\u003ctd\u003eShape_Leng\u003c/td\u003e\n\u003ctd\u003e18102566,9293\u003c/td\u003e\n\u003c/tr\u003e\n\u003c/table\u003e\n\u003c/td\u003e\n\u003c/tr\u003e\n\u003c/table\u003e\n\u003c/body\u003e\u003cscript type=\"text/javascript\"\u003e\n\t\t\t\tfunction changeImage(attElement, nameElement) {\n\t\t\t\tdocument.getElementById('imageAttachment').src = attElement;\n\t\t\t\tdocument.getElementById('imageName').innerHTML = nameElement;}\n\t\t\t\u003c/script\u003e\u003c/html\u003e\n","FID_active_grids":261,"GridID":"G51","Shape_Length":9.0222663307511854e-05,"Shape_Area":3.256349968111374e-10}},{"type":"Feature","id":41878,"geometry":{"type":"Polygon","coordinates":[[[115.34411825500001,-6.832362241999931],[115.34411817400007,-6.8323532219999379],[115.34410914900002,-6.8323533039999802],[115.34410923100006,-6.8323623239999733],[115.34411825500001,-6.832362241999931]]]},"properties":{"OBJECTID":41878,"FID_mangrove_utm":41698,"OBJECTID_1":41698,"Name":"18102566,9293","FolderPath":"JATIM/JATIM","SymbolID":0,"AltMode":0,"Base":0,"Clamped":-1,"Extruded":0,"Snippet":"","PopupInfo":"\u003chtml xmlns:fo=\"http://www.w3.org/1999/XSL/Format\" xmlns:msxsl=\"urn:schemas-microsoft-com:xslt\"\u003e\n\u003chead\u003e\n\u003cMETA http-equiv=\"Content-Type\" content=\"text/html\"\u003e\n\u003cmeta http-equiv=\"content-type\" content=\"text/html; charset=UTF-8\"\u003e\n\u003c/head\u003e\n\u003cbody style=\"margin:0px 0px 0px 0px;overflow:auto;background:#FFFFFF;\"\u003e\n\u003ctable style=\"font-family:Arial,Verdana,Times;font-size:12px;text-align:left;width:100%;border-collapse:collapse;padding:3px 3px 3px 3px\"\u003e\n\u003ctr style=\"text-align:center;font-weight:bold;background:#9CBCE2\"\u003e\n\u003ctd\u003e18102566,9293\u003c/td\u003e\n\u003c/tr\u003e\n\u003ctr\u003e\n\u003ctd\u003e\n\u003ctable style=\"font-family:Arial,Verdana,Times;font-size:12px;text-align:left;width:100%;border-spacing:0px; padding:3px 3px 3px 3px\"\u003e\n\u003ctr\u003e\n\u003ctd\u003eFID\u003c/td\u003e\n\u003ctd\u003e0\u003c/td\u003e\n\u003c/tr\u003e\n\u003ctr bgcolor=\"#D4E4F3\"\u003e\n\u003ctd\u003eShape_Leng\u003c/td\u003e\n\u003ctd\u003e18102566,9293\u003c/td\u003e\n\u003c/tr\u003e\n\u003c/table\u003e\n\u003c/td\u003e\n\u003c/tr\u003e\n\u003c/table\u003e\n\u003c/body\u003e\u003cscript type=\"text/javascript\"\u003e\n\t\t\t\tfunction changeImage(attElement, nameElement) {\n\t\t\t\tdocument.getElementById('imageAttachment').src = attElement;\n\t\t\t\tdocument.getElementById('imageName').innerHTML = nameElement;}\n\t\t\t\u003c/script\u003e\u003c/html\u003e\n","FID_active_grids":261,"GridID":"G51","Shape_Length":3.6090481463177854e-05,"Shape_Area":8.140767296242863e-11}},{"type":"Feature","id":41880,"geometry":{"type":"Polygon","coordinates":[[[115.34355865900011,-6.8323582759999795],[115.34355857800006,-6.8323492559999295],[115.34354955300012,-6.8323493379999718],[115.34354963500004,-6.8323583579999649],[115.34355865900011,-6.8323582759999795]]]},"properties":{"OBJECTID":41880,"FID_mangrove_utm":41700,"OBJECTID_1":41700,"Name":"18102566,9293","FolderPath":"JATIM/JATIM","SymbolID":0,"AltMode":0,"Base":0,"Clamped":-1,"Extruded":0,"Snippet":"","PopupInfo":"\u003chtml xmlns:fo=\"http://www.w3.org/1999/XSL/Format\" xmlns:msxsl=\"urn:schemas-microsoft-com:xslt\"\u003e\n\u003chead\u003e\n\u003cMETA http-equiv=\"Content-Type\" content=\"text/html\"\u003e\n\u003cmeta http-equiv=\"content-type\" content=\"text/html; charset=UTF-8\"\u003e\n\u003c/head\u003e\n\u003cbody style=\"margin:0px 0px 0px 0px;overflow:auto;background:#FFFFFF;\"\u003e\n\u003ctable style=\"font-family:Arial,Verdana,Times;font-size:12px;text-align:left;width:100%;border-collapse:collapse;padding:3px 3px 3px 3px\"\u003e\n\u003ctr style=\"text-align:center;font-weight:bold;background:#9CBCE2\"\u003e\n\u003ctd\u003e18102566,9293\u003c/td\u003e\n\u003c/tr\u003e\n\u003ctr\u003e\n\u003ctd\u003e\n\u003ctable style=\"font-family:Arial,Verdana,Times;font-size:12px;text-align:left;width:100%;border-spacing:0px; padding:3px 3px 3px 3px\"\u003e\n\u003ctr\u003e\n\u003ctd\u003eFID\u003c/td\u003e\n\u003ctd\u003e0\u003c/td\u003e\n\u003c/tr\u003e\n\u003ctr bgcolor=\"#D4E4F3\"\u003e\n\u003ctd\u003eShape_Leng\u003c/td\u003e\n\u003ctd\u003e18102566,9293\u003c/td\u003e\n\u003c/tr\u003e\n\u003c/table\u003e\n\u003c/td\u003e\n\u003c/tr\u003e\n\u003c/table\u003e\n\u003c/body\u003e\u003cscript type=\"text/javascript\"\u003e\n\t\t\t\tfunction changeImage(attElement, nameElement) {\n\t\t\t\tdocument.getElementById('imageAttachment').src = attElement;\n\t\t\t\tdocument.getElementById('imageName').innerHTML = nameElement;}\n\t\t\t\u003c/script\u003e\u003c/html\u003e\n","FID_active_grids":261,"GridID":"G51","Shape_Length":3.6090481519489878e-05,"Shape_Area":8.1407673216603978e-11}},{"type":"Feature","id":41881,"geometry":{"type":"Polygon","coordinates":[[[115.34411784800011,-6.8323171429999547],[115.34411792900005,-6.8323261629999479],[115.3441269540001,-6.8323260809999624],[115.34412703500004,-6.8323351009999556],[115.3441360600001,-6.8323350199999595],[115.34413589600001,-6.8323169799999732],[115.34411784800011,-6.8323171429999547]]]},"properties":{"OBJECTID":41881,"FID_mangrove_utm":41701,"OBJECTID_1":41701,"Name":"18102566,9293","FolderPath":"JATIM/JATIM","SymbolID":0,"AltMode":0,"Base":0,"Clamped":-1,"Extruded":0,"Snippet":"","PopupInfo":"\u003chtml xmlns:fo=\"http://www.w3.org/1999/XSL/Format\" xmlns:msxsl=\"urn:schemas-microsoft-com:xslt\"\u003e\n\u003chead\u003e\n\u003cMETA http-equiv=\"Content-Type\" content=\"text/html\"\u003e\n\u003cmeta http-equiv=\"content-type\" content=\"text/html; charset=UTF-8\"\u003e\n\u003c/head\u003e\n\u003cbody style=\"margin:0px 0px 0px 0px;overflow:auto;background:#FFFFFF;\"\u003e\n\u003ctable style=\"font-family:Arial,Verdana,Times;font-size:12px;text-align:left;width:100%;border-collapse:collapse;padding:3px 3px 3px 3px\"\u003e\n\u003ctr style=\"text-align:center;font-weight:bold;background:#9CBCE2\"\u003e\n\u003ctd\u003e18102566,9293\u003c/td\u003e\n\u003c/tr\u003e\n\u003ctr\u003e\n\u003ctd\u003e\n\u003ctable style=\"font-family:Arial,Verdana,Times;font-size:12px;text-align:left;width:100%;border-spacing:0px; padding:3px 3px 3px 3px\"\u003e\n\u003ctr\u003e\n\u003ctd\u003eFID\u003c/td\u003e\n\u003ctd\u003e0\u003c/td\u003e\n\u003c/tr\u003e\n\u003ctr bgcolor=\"#D4E4F3\"\u003e\n\u003ctd\u003eShape_Leng\u003c/td\u003e\n\u003ctd\u003e18102566,9293\u003c/td\u003e\n\u003c/tr\u003e\n\u003c/table\u003e\n\u003c/td\u003e\n\u003c/tr\u003e\n\u003c/table\u003e\n\u003c/body\u003e\u003cscript type=\"text/javascript\"\u003e\n\t\t\t\tfunction changeImage(attElement, nameElement) {\n\t\t\t\tdocument.getElementById('imageAttachment').src = attElement;\n\t\t\t\tdocument.getElementById('imageName').innerHTML = nameElement;}\n\t\t\t\u003c/script\u003e\u003c/html\u003e\n","FID_active_grids":261,"GridID":"G51","Shape_Length":7.2180944835576914e-05,"Shape_Area":2.4421387396201564e-10}},{"type":"Feature","id":41883,"geometry":{"type":"Polygon","coordinates":[[[115.34100116000002,-6.8323362649999808],[115.34099531000004,-6.8323363179999319],[115.34099533500012,-6.8323391599999468],[115.34100116000002,-6.8323362649999808]]]},"properties":{"OBJECTID":41883,"FID_mangrove_utm":41703,"OBJECTID_1":41703,"Name":"18102566,9293","FolderPath":"JATIM/JATIM","SymbolID":0,"AltMode":0,"Base":0,"Clamped":-1,"Extruded":0,"Snippet":"","PopupInfo":"\u003chtml xmlns:fo=\"http://www.w3.org/1999/XSL/Format\" xmlns:msxsl=\"urn:schemas-microsoft-com:xslt\"\u003e\n\u003chead\u003e\n\u003cMETA http-equiv=\"Content-Type\" content=\"text/html\"\u003e\n\u003cmeta http-equiv=\"content-type\" content=\"text/html; charset=UTF-8\"\u003e\n\u003c/head\u003e\n\u003cbody style=\"margin:0px 0px 0px 0px;overflow:auto;background:#FFFFFF;\"\u003e\n\u003ctable style=\"font-family:Arial,Verdana,Times;font-size:12px;text-align:left;width:100%;border-collapse:collapse;padding:3px 3px 3px 3px\"\u003e\n\u003ctr style=\"text-align:center;font-weight:bold;background:#9CBCE2\"\u003e\n\u003ctd\u003e18102566,9293\u003c/td\u003e\n\u003c/tr\u003e\n\u003ctr\u003e\n\u003ctd\u003e\n\u003ctable style=\"font-family:Arial,Verdana,Times;font-size:12px;text-align:left;width:100%;border-spacing:0px; padding:3px 3px 3px 3px\"\u003e\n\u003ctr\u003e\n\u003ctd\u003eFID\u003c/td\u003e\n\u003ctd\u003e0\u003c/td\u003e\n\u003c/tr\u003e\n\u003ctr bgcolor=\"#D4E4F3\"\u003e\n\u003ctd\u003eShape_Leng\u003c/td\u003e\n\u003ctd\u003e18102566,9293\u003c/td\u003e\n\u003c/tr\u003e\n\u003c/table\u003e\n\u003c/td\u003e\n\u003c/tr\u003e\n\u003c/table\u003e\n\u003c/body\u003e\u003cscript type=\"text/javascript\"\u003e\n\t\t\t\tfunction changeImage(attElement, nameElement) {\n\t\t\t\tdocument.getElementById('imageAttachment').src = attElement;\n\t\t\t\tdocument.getElementById('imageName').innerHTML = nameElement;}\n\t\t\t\u003c/script\u003e\u003c/html\u003e\n","FID_active_grids":261,"GridID":"G51","Shape_Length":1.5197090507720256e-05,"Shape_Area":8.3135125158788692e-12}},{"type":"Feature","id":41884,"geometry":{"type":"Polygon","coordinates":[[[115.34363947200006,-6.832312442999978],[115.34363044700001,-6.8323125249999634],[115.34363052900005,-6.8323215439999672],[115.34363955300012,-6.8323214629999711],[115.34363947200006,-6.832312442999978]]]},"properties":{"OBJECTID":41884,"FID_mangrove_utm":41704,"OBJECTID_1":41704,"Name":"18102566,9293","FolderPath":"JATIM/JATIM","SymbolID":0,"AltMode":0,"Base":0,"Clamped":-1,"Extruded":0,"Snippet":"","PopupInfo":"\u003chtml xmlns:fo=\"http://www.w3.org/1999/XSL/Format\" xmlns:msxsl=\"urn:schemas-microsoft-com:xslt\"\u003e\n\u003chead\u003e\n\u003cMETA http-equiv=\"Content-Type\" content=\"text/html\"\u003e\n\u003cmeta http-equiv=\"content-type\" content=\"text/html; charset=UTF-8\"\u003e\n\u003c/head\u003e\n\u003cbody style=\"margin:0px 0px 0px 0px;overflow:auto;background:#FFFFFF;\"\u003e\n\u003ctable style=\"font-family:Arial,Verdana,Times;font-size:12px;text-align:left;width:100%;border-collapse:collapse;padding:3px 3px 3px 3px\"\u003e\n\u003ctr style=\"text-align:center;font-weight:bold;background:#9CBCE2\"\u003e\n\u003ctd\u003e18102566,9293\u003c/td\u003e\n\u003c/tr\u003e\n\u003ctr\u003e\n\u003ctd\u003e\n\u003ctable style=\"font-family:Arial,Verdana,Times;font-size:12px;text-align:left;width:100%;border-spacing:0px; padding:3px 3px 3px 3px\"\u003e\n\u003ctr\u003e\n\u003ctd\u003eFID\u003c/td\u003e\n\u003ctd\u003e0\u003c/td\u003e\n\u003c/tr\u003e\n\u003ctr bgcolor=\"#D4E4F3\"\u003e\n\u003ctd\u003eShape_Leng\u003c/td\u003e\n\u003ctd\u003e18102566,9293\u003c/td\u003e\n\u003c/tr\u003e\n\u003c/table\u003e\n\u003c/td\u003e\n\u003c/tr\u003e\n\u003c/table\u003e\n\u003c/body\u003e\u003cscript type=\"text/javascript\"\u003e\n\t\t\t\tfunction changeImage(attElement, nameElement) {\n\t\t\t\tdocument.getElementById('imageAttachment').src = attElement;\n\t\t\t\tdocument.getElementById('imageName').innerHTML = nameElement;}\n\t\t\t\u003c/script\u003e\u003c/html\u003e\n","FID_active_grids":261,"GridID":"G51","Shape_Length":3.6089472597740543e-05,"Shape_Area":8.1403120523281076e-11}},{"type":"Feature","id":41885,"geometry":{"type":"Polygon","coordinates":[[[115.34411784800011,-6.8323171429999547],[115.34411776600007,-6.8323081229999616],[115.34410874200012,-6.8323082039999576],[115.34410882300006,-6.8323172239999508],[115.34411784800011,-6.8323171429999547]]]},"properties":{"OBJECTID":41885,"FID_mangrove_utm":41705,"OBJECTID_1":41705,"Name":"18102566,9293","FolderPath":"JATIM/JATIM","SymbolID":0,"AltMode":0,"Base":0,"Clamped":-1,"Extruded":0,"Snippet":"","PopupInfo":"\u003chtml xmlns:fo=\"http://www.w3.org/1999/XSL/Format\" xmlns:msxsl=\"urn:schemas-microsoft-com:xslt\"\u003e\n\u003chead\u003e\n\u003cMETA http-equiv=\"Content-Type\" content=\"text/html\"\u003e\n\u003cmeta http-equiv=\"content-type\" content=\"text/html; charset=UTF-8\"\u003e\n\u003c/head\u003e\n\u003cbody style=\"margin:0px 0px 0px 0px;overflow:auto;background:#FFFFFF;\"\u003e\n\u003ctable style=\"font-family:Arial,Verdana,Times;font-size:12px;text-align:left;width:100%;border-collapse:collapse;padding:3px 3px 3px 3px\"\u003e\n\u003ctr style=\"text-align:center;font-weight:bold;background:#9CBCE2\"\u003e\n\u003ctd\u003e18102566,9293\u003c/td\u003e\n\u003c/tr\u003e\n\u003ctr\u003e\n\u003ctd\u003e\n\u003ctable style=\"font-family:Arial,Verdana,Times;font-size:12px;text-align:left;width:100%;border-spacing:0px; padding:3px 3px 3px 3px\"\u003e\n\u003ctr\u003e\n\u003ctd\u003eFID\u003c/td\u003e\n\u003ctd\u003e0\u003c/td\u003e\n\u003c/tr\u003e\n\u003ctr bgcolor=\"#D4E4F3\"\u003e\n\u003ctd\u003eShape_Leng\u003c/td\u003e\n\u003ctd\u003e18102566,9293\u003c/td\u003e\n\u003c/tr\u003e\n\u003c/table\u003e\n\u003c/td\u003e\n\u003c/tr\u003e\n\u003c/table\u003e\n\u003c/body\u003e\u003cscript type=\"text/javascript\"\u003e\n\t\t\t\tfunction changeImage(attElement, nameElement) {\n\t\t\t\tdocument.getElementById('imageAttachment').src = attElement;\n\t\t\t\tdocument.getElementById('imageName').innerHTML = nameElement;}\n\t\t\t\u003c/script\u003e\u003c/html\u003e\n","FID_active_grids":261,"GridID":"G51","Shape_Length":3.6090463401131942e-05,"Shape_Area":8.1407591458667041e-11}},{"type":"Feature","id":41886,"geometry":{"type":"Polygon","coordinates":[[[115.34038164600008,-6.8323418559999709],[115.34039067000003,-6.8323417749999749],[115.34039058900009,-6.8323327549999249],[115.34038156400004,-6.8323328359999778],[115.34038164600008,-6.8323418559999709]]]},"properties":{"OBJECTID":41886,"FID_mangrove_utm":41706,"OBJECTID_1":41706,"Name":"18102566,9293","FolderPath":"JATIM/JATIM","SymbolID":0,"AltMode":0,"Base":0,"Clamped":-1,"Extruded":0,"Snippet":"","PopupInfo":"\u003chtml xmlns:fo=\"http://www.w3.org/1999/XSL/Format\" xmlns:msxsl=\"urn:schemas-microsoft-com:xslt\"\u003e\n\u003chead\u003e\n\u003cMETA http-equiv=\"Content-Type\" content=\"text/html\"\u003e\n\u003cmeta http-equiv=\"content-type\" content=\"text/html; charset=UTF-8\"\u003e\n\u003c/head\u003e\n\u003cbody style=\"margin:0px 0px 0px 0px;overflow:auto;background:#FFFFFF;\"\u003e\n\u003ctable style=\"font-family:Arial,Verdana,Times;font-size:12px;text-align:left;width:100%;border-collapse:collapse;padding:3px 3px 3px 3px\"\u003e\n\u003ctr style=\"text-align:center;font-weight:bold;background:#9CBCE2\"\u003e\n\u003ctd\u003e18102566,9293\u003c/td\u003e\n\u003c/tr\u003e\n\u003ctr\u003e\n\u003ctd\u003e\n\u003ctable style=\"font-family:Arial,Verdana,Times;font-size:12px;text-align:left;width:100%;border-spacing:0px; padding:3px 3px 3px 3px\"\u003e\n\u003ctr\u003e\n\u003ctd\u003eFID\u003c/td\u003e\n\u003ctd\u003e0\u003c/td\u003e\n\u003c/tr\u003e\n\u003ctr bgcolor=\"#D4E4F3\"\u003e\n\u003ctd\u003eShape_Leng\u003c/td\u003e\n\u003ctd\u003e18102566,9293\u003c/td\u003e\n\u003c/tr\u003e\n\u003c/table\u003e\n\u003c/td\u003e\n\u003c/tr\u003e\n\u003c/table\u003e\n\u003c/body\u003e\u003cscript type=\"text/javascript\"\u003e\n\t\t\t\tfunction changeImage(attElement, nameElement) {\n\t\t\t\tdocument.getElementById('imageAttachment').src = attElement;\n\t\t\t\tdocument.getElementById('imageName').innerHTML = nameElement;}\n\t\t\t\u003c/script\u003e\u003c/html\u003e\n","FID_active_grids":261,"GridID":"G51","Shape_Length":3.6090463458483229e-05,"Shape_Area":8.140759171747513e-11}},{"type":"Feature","id":41887,"geometry":{"type":"Polygon","coordinates":[[[115.34409077400005,-6.8323173869999323],[115.34409061100007,-6.8322993479999354],[115.34408158700001,-6.8322994289999315],[115.3440817500001,-6.8323174689999746],[115.34409077400005,-6.8323173869999323]]]},"properties":{"OBJECTID":41887,"FID_mangrove_utm":41707,"OBJECTID_1":41707,"Name":"18102566,9293","FolderPath":"JATIM/JATIM","SymbolID":0,"AltMode":0,"Base":0,"Clamped":-1,"Extruded":0,"Snippet":"","PopupInfo":"\u003chtml xmlns:fo=\"http://www.w3.org/1999/XSL/Format\" xmlns:msxsl=\"urn:schemas-microsoft-com:xslt\"\u003e\n\u003chead\u003e\n\u003cMETA http-equiv=\"Content-Type\" content=\"text/html\"\u003e\n\u003cmeta http-equiv=\"content-type\" content=\"text/html; charset=UTF-8\"\u003e\n\u003c/head\u003e\n\u003cbody style=\"margin:0px 0px 0px 0px;overflow:auto;background:#FFFFFF;\"\u003e\n\u003ctable style=\"font-family:Arial,Verdana,Times;font-size:12px;text-align:left;width:100%;border-collapse:collapse;padding:3px 3px 3px 3px\"\u003e\n\u003ctr style=\"text-align:center;font-weight:bold;background:#9CBCE2\"\u003e\n\u003ctd\u003e18102566,9293\u003c/td\u003e\n\u003c/tr\u003e\n\u003ctr\u003e\n\u003ctd\u003e\n\u003ctable style=\"font-family:Arial,Verdana,Times;font-size:12px;text-align:left;width:100%;border-spacing:0px; padding:3px 3px 3px 3px\"\u003e\n\u003ctr\u003e\n\u003ctd\u003eFID\u003c/td\u003e\n\u003ctd\u003e0\u003c/td\u003e\n\u003c/tr\u003e\n\u003ctr bgcolor=\"#D4E4F3\"\u003e\n\u003ctd\u003eShape_Leng\u003c/td\u003e\n\u003ctd\u003e18102566,9293\u003c/td\u003e\n\u003c/tr\u003e\n\u003c/table\u003e\n\u003c/td\u003e\n\u003c/tr\u003e\n\u003c/table\u003e\n\u003c/body\u003e\u003cscript type=\"text/javascript\"\u003e\n\t\t\t\tfunction changeImage(attElement, nameElement) {\n\t\t\t\tdocument.getElementById('imageAttachment').src = attElement;\n\t\t\t\tdocument.getElementById('imageName').innerHTML = nameElement;}\n\t\t\t\u003c/script\u003e\u003c/html\u003e\n","FID_active_grids":261,"GridID":"G51","Shape_Length":5.4129208927495269e-05,"Shape_Area":1.6280173282531526e-10}},{"type":"Feature","id":41889,"geometry":{"type":"Polygon","coordinates":[[[115.34039953200011,-6.8323236539999357],[115.34039945000006,-6.8323146339999425],[115.34039042600011,-6.8323147149999386],[115.34039050700005,-6.8323237349999317],[115.34039953200011,-6.8323236539999357]]]},"properties":{"OBJECTID":41889,"FID_mangrove_utm":41709,"OBJECTID_1":41709,"Name":"18102566,9293","FolderPath":"JATIM/JATIM","SymbolID":0,"AltMode":0,"Base":0,"Clamped":-1,"Extruded":0,"Snippet":"","PopupInfo":"\u003chtml xmlns:fo=\"http://www.w3.org/1999/XSL/Format\" xmlns:msxsl=\"urn:schemas-microsoft-com:xslt\"\u003e\n\u003chead\u003e\n\u003cMETA http-equiv=\"Content-Type\" content=\"text/html\"\u003e\n\u003cmeta http-equiv=\"content-type\" content=\"text/html; charset=UTF-8\"\u003e\n\u003c/head\u003e\n\u003cbody style=\"margin:0px 0px 0px 0px;overflow:auto;background:#FFFFFF;\"\u003e\n\u003ctable style=\"font-family:Arial,Verdana,Times;font-size:12px;text-align:left;width:100%;border-collapse:collapse;padding:3px 3px 3px 3px\"\u003e\n\u003ctr style=\"text-align:center;font-weight:bold;background:#9CBCE2\"\u003e\n\u003ctd\u003e18102566,9293\u003c/td\u003e\n\u003c/tr\u003e\n\u003ctr\u003e\n\u003ctd\u003e\n\u003ctable style=\"font-family:Arial,Verdana,Times;font-size:12px;text-align:left;width:100%;border-spacing:0px; padding:3px 3px 3px 3px\"\u003e\n\u003ctr\u003e\n\u003ctd\u003eFID\u003c/td\u003e\n\u003ctd\u003e0\u003c/td\u003e\n\u003c/tr\u003e\n\u003ctr bgcolor=\"#D4E4F3\"\u003e\n\u003ctd\u003eShape_Leng\u003c/td\u003e\n\u003ctd\u003e18102566,9293\u003c/td\u003e\n\u003c/tr\u003e\n\u003c/table\u003e\n\u003c/td\u003e\n\u003c/tr\u003e\n\u003c/table\u003e\n\u003c/body\u003e\u003cscript type=\"text/javascript\"\u003e\n\t\t\t\tfunction changeImage(attElement, nameElement) {\n\t\t\t\tdocument.getElementById('imageAttachment').src = attElement;\n\t\t\t\tdocument.getElementById('imageName').innerHTML = nameElement;}\n\t\t\t\u003c/script\u003e\u003c/html\u003e\n","FID_active_grids":261,"GridID":"G51","Shape_Length":3.6090463401131942e-05,"Shape_Area":8.1407591458667041e-11}},{"type":"Feature","id":41891,"geometry":{"type":"Polygon","coordinates":[[[115.34042652400001,-6.8323143889999756],[115.34042644200008,-6.8323053689999256],[115.34041741800002,-6.8323054509999679],[115.34041749900007,-6.832314470999961],[115.34042652400001,-6.8323143889999756]]]},"properties":{"OBJECTID":41891,"FID_mangrove_utm":41711,"OBJECTID_1":41711,"Name":"18102566,9293","FolderPath":"JATIM/JATIM","SymbolID":0,"AltMode":0,"Base":0,"Clamped":-1,"Extruded":0,"Snippet":"","PopupInfo":"\u003chtml xmlns:fo=\"http://www.w3.org/1999/XSL/Format\" xmlns:msxsl=\"urn:schemas-microsoft-com:xslt\"\u003e\n\u003chead\u003e\n\u003cMETA http-equiv=\"Content-Type\" content=\"text/html\"\u003e\n\u003cmeta http-equiv=\"content-type\" content=\"text/html; charset=UTF-8\"\u003e\n\u003c/head\u003e\n\u003cbody style=\"margin:0px 0px 0px 0px;overflow:auto;background:#FFFFFF;\"\u003e\n\u003ctable style=\"font-family:Arial,Verdana,Times;font-size:12px;text-align:left;width:100%;border-collapse:collapse;padding:3px 3px 3px 3px\"\u003e\n\u003ctr style=\"text-align:center;font-weight:bold;background:#9CBCE2\"\u003e\n\u003ctd\u003e18102566,9293\u003c/td\u003e\n\u003c/tr\u003e\n\u003ctr\u003e\n\u003ctd\u003e\n\u003ctable style=\"font-family:Arial,Verdana,Times;font-size:12px;text-align:left;width:100%;border-spacing:0px; padding:3px 3px 3px 3px\"\u003e\n\u003ctr\u003e\n\u003ctd\u003eFID\u003c/td\u003e\n\u003ctd\u003e0\u003c/td\u003e\n\u003c/tr\u003e\n\u003ctr bgcolor=\"#D4E4F3\"\u003e\n\u003ctd\u003eShape_Leng\u003c/td\u003e\n\u003ctd\u003e18102566,9293\u003c/td\u003e\n\u003c/tr\u003e\n\u003c/table\u003e\n\u003c/td\u003e\n\u003c/tr\u003e\n\u003c/table\u003e\n\u003c/body\u003e\u003cscript type=\"text/javascript\"\u003e\n\t\t\t\tfunction changeImage(attElement, nameElement) {\n\t\t\t\tdocument.getElementById('imageAttachment').src = attElement;\n\t\t\t\tdocument.getElementById('imageName').innerHTML = nameElement;}\n\t\t\t\u003c/script\u003e\u003c/html\u003e\n","FID_active_grids":261,"GridID":"G51","Shape_Length":3.6090481519489878e-05,"Shape_Area":8.1407673216603978e-11}},{"type":"Feature","id":41892,"geometry":{"type":"Polygon","coordinates":[[[115.34355800700007,-6.8322861169999669],[115.34355792600002,-6.8322770969999738],[115.34354890100008,-6.8322771789999592],[115.34354898300001,-6.8322861989999524],[115.34355800700007,-6.8322861169999669]]]},"properties":{"OBJECTID":41892,"FID_mangrove_utm":41712,"OBJECTID_1":41712,"Name":"18102566,9293","FolderPath":"JATIM/JATIM","SymbolID":0,"AltMode":0,"Base":0,"Clamped":-1,"Extruded":0,"Snippet":"","PopupInfo":"\u003chtml xmlns:fo=\"http://www.w3.org/1999/XSL/Format\" xmlns:msxsl=\"urn:schemas-microsoft-com:xslt\"\u003e\n\u003chead\u003e\n\u003cMETA http-equiv=\"Content-Type\" content=\"text/html\"\u003e\n\u003cmeta http-equiv=\"content-type\" content=\"text/html; charset=UTF-8\"\u003e\n\u003c/head\u003e\n\u003cbody style=\"margin:0px 0px 0px 0px;overflow:auto;background:#FFFFFF;\"\u003e\n\u003ctable style=\"font-family:Arial,Verdana,Times;font-size:12px;text-align:left;width:100%;border-collapse:collapse;padding:3px 3px 3px 3px\"\u003e\n\u003ctr style=\"text-align:center;font-weight:bold;background:#9CBCE2\"\u003e\n\u003ctd\u003e18102566,9293\u003c/td\u003e\n\u003c/tr\u003e\n\u003ctr\u003e\n\u003ctd\u003e\n\u003ctable style=\"font-family:Arial,Verdana,Times;font-size:12px;text-align:left;width:100%;border-spacing:0px; padding:3px 3px 3px 3px\"\u003e\n\u003ctr\u003e\n\u003ctd\u003eFID\u003c/td\u003e\n\u003ctd\u003e0\u003c/td\u003e\n\u003c/tr\u003e\n\u003ctr bgcolor=\"#D4E4F3\"\u003e\n\u003ctd\u003eShape_Leng\u003c/td\u003e\n\u003ctd\u003e18102566,9293\u003c/td\u003e\n\u003c/tr\u003e\n\u003c/table\u003e\n\u003c/td\u003e\n\u003c/tr\u003e\n\u003c/table\u003e\n\u003c/body\u003e\u003cscript type=\"text/javascript\"\u003e\n\t\t\t\tfunction changeImage(attElement, nameElement) {\n\t\t\t\tdocument.getElementById('imageAttachment').src = attElement;\n\t\t\t\tdocument.getElementById('imageName').innerHTML = nameElement;}\n\t\t\t\u003c/script\u003e\u003c/html\u003e\n","FID_active_grids":261,"GridID":"G51","Shape_Length":3.6090481462132297e-05,"Shape_Area":8.1407672957795902e-11}},{"type":"Feature","id":41894,"geometry":{"type":"Polygon","coordinates":[[[115.34039936900001,-6.8323056139999494],[115.34039928700008,-6.8322965939999563],[115.34039026300002,-6.8322966749999523],[115.34039034400007,-6.8323056949999454],[115.34039936900001,-6.8323056139999494]]]},"properties":{"OBJECTID":41894,"FID_mangrove_utm":41714,"OBJECTID_1":41714,"Name":"18102566,9293","FolderPath":"JATIM/JATIM","SymbolID":0,"AltMode":0,"Base":0,"Clamped":-1,"Extruded":0,"Snippet":"","PopupInfo":"\u003chtml xmlns:fo=\"http://www.w3.org/1999/XSL/Format\" xmlns:msxsl=\"urn:schemas-microsoft-com:xslt\"\u003e\n\u003chead\u003e\n\u003cMETA http-equiv=\"Content-Type\" content=\"text/html\"\u003e\n\u003cmeta http-equiv=\"content-type\" content=\"text/html; charset=UTF-8\"\u003e\n\u003c/head\u003e\n\u003cbody style=\"margin:0px 0px 0px 0px;overflow:auto;background:#FFFFFF;\"\u003e\n\u003ctable style=\"font-family:Arial,Verdana,Times;font-size:12px;text-align:left;width:100%;border-collapse:collapse;padding:3px 3px 3px 3px\"\u003e\n\u003ctr style=\"text-align:center;font-weight:bold;background:#9CBCE2\"\u003e\n\u003ctd\u003e18102566,9293\u003c/td\u003e\n\u003c/tr\u003e\n\u003ctr\u003e\n\u003ctd\u003e\n\u003ctable style=\"font-family:Arial,Verdana,Times;font-size:12px;text-align:left;width:100%;border-spacing:0px; padding:3px 3px 3px 3px\"\u003e\n\u003ctr\u003e\n\u003ctd\u003eFID\u003c/td\u003e\n\u003ctd\u003e0\u003c/td\u003e\n\u003c/tr\u003e\n\u003ctr bgcolor=\"#D4E4F3\"\u003e\n\u003ctd\u003eShape_Leng\u003c/td\u003e\n\u003ctd\u003e18102566,9293\u003c/td\u003e\n\u003c/tr\u003e\n\u003c/table\u003e\n\u003c/td\u003e\n\u003c/tr\u003e\n\u003c/table\u003e\n\u003c/body\u003e\u003cscript type=\"text/javascript\"\u003e\n\t\t\t\tfunction changeImage(attElement, nameElement) {\n\t\t\t\tdocument.getElementById('imageAttachment').src = attElement;\n\t\t\t\tdocument.getElementById('imageName').innerHTML = nameElement;}\n\t\t\t\u003c/script\u003e\u003c/html\u003e\n","FID_active_grids":261,"GridID":"G51","Shape_Length":3.6090463401119338e-05,"Shape_Area":8.1407591458667041e-11}},{"type":"Feature","id":41895,"geometry":{"type":"Polygon","coordinates":[[[115.34360296600005,-6.8322676699999647],[115.3435939420001,-6.8322677509999608],[115.34359402300004,-6.8322767709999539],[115.34357597400003,-6.8322769339999354],[115.34357613700001,-6.8322949739999785],[115.34356711300006,-6.8322950549999746],[115.34356752100007,-6.8323401549999403],[115.34357654500002,-6.8323400729999548],[115.34357662700006,-6.832349092999948],[115.34358565100001,-6.8323490119999519],[115.34358548800003,-6.8323309719999656],[115.34359451300008,-6.8323308899999802],[115.34359434900011,-6.8323128509999265],[115.34360337400005,-6.832312768999941],[115.34360329200001,-6.8323037489999479],[115.34363939000002,-6.832303422999928],[115.34363922700004,-6.8322853829999417],[115.34362117800003,-6.8322855459999801],[115.34362126000008,-6.8322945659999732],[115.34361223500002,-6.8322946479999587],[115.34361207200004,-6.8322766079999724],[115.34360304800009,-6.8322766899999579],[115.34360296600005,-6.8322676699999647]]]},"properties":{"OBJECTID":41895,"FID_mangrove_utm":41715,"OBJECTID_1":41715,"Name":"18102566,9293","FolderPath":"JATIM/JATIM","SymbolID":0,"AltMode":0,"Base":0,"Clamped":-1,"Extruded":0,"Snippet":"","PopupInfo":"\u003chtml xmlns:fo=\"http://www.w3.org/1999/XSL/Format\" xmlns:msxsl=\"urn:schemas-microsoft-com:xslt\"\u003e\n\u003chead\u003e\n\u003cMETA http-equiv=\"Content-Type\" content=\"text/html\"\u003e\n\u003cmeta http-equiv=\"content-type\" content=\"text/html; charset=UTF-8\"\u003e\n\u003c/head\u003e\n\u003cbody style=\"margin:0px 0px 0px 0px;overflow:auto;background:#FFFFFF;\"\u003e\n\u003ctable style=\"font-family:Arial,Verdana,Times;font-size:12px;text-align:left;width:100%;border-collapse:collapse;padding:3px 3px 3px 3px\"\u003e\n\u003ctr style=\"text-align:center;font-weight:bold;background:#9CBCE2\"\u003e\n\u003ctd\u003e18102566,9293\u003c/td\u003e\n\u003c/tr\u003e\n\u003ctr\u003e\n\u003ctd\u003e\n\u003ctable style=\"font-family:Arial,Verdana,Times;font-size:12px;text-align:left;width:100%;border-spacing:0px; padding:3px 3px 3px 3px\"\u003e\n\u003ctr\u003e\n\u003ctd\u003eFID\u003c/td\u003e\n\u003ctd\u003e0\u003c/td\u003e\n\u003c/tr\u003e\n\u003ctr bgcolor=\"#D4E4F3\"\u003e\n\u003ctd\u003eShape_Leng\u003c/td\u003e\n\u003ctd\u003e18102566,9293\u003c/td\u003e\n\u003c/tr\u003e\n\u003c/table\u003e\n\u003c/td\u003e\n\u003c/tr\u003e\n\u003c/table\u003e\n\u003c/body\u003e\u003cscript type=\"text/javascript\"\u003e\n\t\t\t\tfunction changeImage(attElement, nameElement) {\n\t\t\t\tdocument.getElementById('imageAttachment').src = attElement;\n\t\t\t\tdocument.getElementById('imageName').innerHTML = nameElement;}\n\t\t\t\u003c/script\u003e\u003c/html\u003e\n","FID_active_grids":261,"GridID":"G51","Shape_Length":0.00032480328807241117,"Shape_Area":2.6049901352566154e-09}},{"type":"Feature","id":41897,"geometry":{"type":"Polygon","coordinates":[[[115.33858528600001,-6.8323039409999637],[115.33857626200006,-6.8323040229999492],[115.33857634300011,-6.8323130429999424],[115.33855829400011,-6.8323132049999344],[115.33855837500005,-6.8323222249999276],[115.33853130200009,-6.8323224699999514],[115.33853138300003,-6.8323314899999446],[115.33852235900008,-6.8323315709999406],[115.33852252200006,-6.8323496109999269],[115.33851349700001,-6.8323496919999798],[115.33851357900005,-6.8323587119999729],[115.33852260300011,-6.8323586309999769],[115.33852268500004,-6.83236765099997],[115.33853170900011,-6.8323675689999277],[115.33853179100004,-6.8323765889999777],[115.33863106000001,-6.8323756939999498],[115.33863097900007,-6.8323666739999567],[115.33864000300002,-6.8323665919999712],[115.33863992200008,-6.8323575719999781],[115.33864894600003,-6.8323574909999252],[115.33864862000007,-6.8323214109999526],[115.33863959600001,-6.8323214929999381],[115.33863951400008,-6.8323124729999449],[115.33858536700006,-6.8323129609999569],[115.33858528600001,-6.8323039409999637]]]},"properties":{"OBJECTID":41897,"FID_mangrove_utm":41717,"OBJECTID_1":41717,"Name":"18102566,9293","FolderPath":"JATIM/JATIM","SymbolID":0,"AltMode":0,"Base":0,"Clamped":-1,"Extruded":0,"Snippet":"","PopupInfo":"\u003chtml xmlns:fo=\"http://www.w3.org/1999/XSL/Format\" xmlns:msxsl=\"urn:schemas-microsoft-com:xslt\"\u003e\n\u003chead\u003e\n\u003cMETA http-equiv=\"Content-Type\" content=\"text/html\"\u003e\n\u003cmeta http-equiv=\"content-type\" content=\"text/html; charset=UTF-8\"\u003e\n\u003c/head\u003e\n\u003cbody style=\"margin:0px 0px 0px 0px;overflow:auto;background:#FFFFFF;\"\u003e\n\u003ctable style=\"font-family:Arial,Verdana,Times;font-size:12px;text-align:left;width:100%;border-collapse:collapse;padding:3px 3px 3px 3px\"\u003e\n\u003ctr style=\"text-align:center;font-weight:bold;background:#9CBCE2\"\u003e\n\u003ctd\u003e18102566,9293\u003c/td\u003e\n\u003c/tr\u003e\n\u003ctr\u003e\n\u003ctd\u003e\n\u003ctable style=\"font-family:Arial,Verdana,Times;font-size:12px;text-align:left;width:100%;border-spacing:0px; padding:3px 3px 3px 3px\"\u003e\n\u003ctr\u003e\n\u003ctd\u003eFID\u003c/td\u003e\n\u003ctd\u003e0\u003c/td\u003e\n\u003c/tr\u003e\n\u003ctr bgcolor=\"#D4E4F3\"\u003e\n\u003ctd\u003eShape_Leng\u003c/td\u003e\n\u003ctd\u003e18102566,9293\u003c/td\u003e\n\u003c/tr\u003e\n\u003c/table\u003e\n\u003c/td\u003e\n\u003c/tr\u003e\n\u003c/table\u003e\n\u003c/body\u003e\u003cscript type=\"text/javascript\"\u003e\n\t\t\t\tfunction changeImage(attElement, nameElement) {\n\t\t\t\tdocument.getElementById('imageAttachment').src = attElement;\n\t\t\t\tdocument.getElementById('imageName').innerHTML = nameElement;}\n\t\t\t\u003c/script\u003e\u003c/html\u003e\n","FID_active_grids":261,"GridID":"G51","Shape_Length":0.00041506789543252254,"Shape_Area":7.3266141861929894e-09}},{"type":"Feature","id":41898,"geometry":{"type":"Polygon","coordinates":[[[115.34038164600008,-6.8323418559999709],[115.34036359700008,-6.8323420189999524],[115.3403634340001,-6.8323239789999661],[115.34035441000003,-6.8323240609999516],[115.3403543280001,-6.8323150409999585],[115.34034530400004,-6.8323151219999545],[115.34034505900001,-6.8322880629999645],[115.34032701000001,-6.8322882249999566],[115.34032717300011,-6.8323062649999429],[115.34031814900004,-6.8323063469999283],[115.34031839300008,-6.8323334059999752],[115.34032741800002,-6.8323333249999791],[115.34032758100011,-6.8323513649999654],[115.34034563000012,-6.8323512019999271],[115.34034554800007,-6.8323421819999339],[115.34035457300001,-6.8323421009999379],[115.34035465400007,-6.832351120999931],[115.34038172700002,-6.832350875999964],[115.34038164600008,-6.8323418559999709]]]},"properties":{"OBJECTID":41898,"FID_mangrove_utm":41718,"OBJECTID_1":41718,"Name":"18102566,9293","FolderPath":"JATIM/JATIM","SymbolID":0,"AltMode":0,"Base":0,"Clamped":-1,"Extruded":0,"Snippet":"","PopupInfo":"\u003chtml xmlns:fo=\"http://www.w3.org/1999/XSL/Format\" xmlns:msxsl=\"urn:schemas-microsoft-com:xslt\"\u003e\n\u003chead\u003e\n\u003cMETA http-equiv=\"Content-Type\" content=\"text/html\"\u003e\n\u003cmeta http-equiv=\"content-type\" content=\"text/html; charset=UTF-8\"\u003e\n\u003c/head\u003e\n\u003cbody style=\"margin:0px 0px 0px 0px;overflow:auto;background:#FFFFFF;\"\u003e\n\u003ctable style=\"font-family:Arial,Verdana,Times;font-size:12px;text-align:left;width:100%;border-collapse:collapse;padding:3px 3px 3px 3px\"\u003e\n\u003ctr style=\"text-align:center;font-weight:bold;background:#9CBCE2\"\u003e\n\u003ctd\u003e18102566,9293\u003c/td\u003e\n\u003c/tr\u003e\n\u003ctr\u003e\n\u003ctd\u003e\n\u003ctable style=\"font-family:Arial,Verdana,Times;font-size:12px;text-align:left;width:100%;border-spacing:0px; padding:3px 3px 3px 3px\"\u003e\n\u003ctr\u003e\n\u003ctd\u003eFID\u003c/td\u003e\n\u003ctd\u003e0\u003c/td\u003e\n\u003c/tr\u003e\n\u003ctr bgcolor=\"#D4E4F3\"\u003e\n\u003ctd\u003eShape_Leng\u003c/td\u003e\n\u003ctd\u003e18102566,9293\u003c/td\u003e\n\u003c/tr\u003e\n\u003c/table\u003e\n\u003c/td\u003e\n\u003c/tr\u003e\n\u003c/table\u003e\n\u003c/body\u003e\u003cscript type=\"text/javascript\"\u003e\n\t\t\t\tfunction changeImage(attElement, nameElement) {\n\t\t\t\tdocument.getElementById('imageAttachment').src = attElement;\n\t\t\t\tdocument.getElementById('imageName').innerHTML = nameElement;}\n\t\t\t\u003c/script\u003e\u003c/html\u003e\n","FID_active_grids":261,"GridID":"G51","Shape_Length":0.00027067103434711001,"Shape_Area":2.0351726387005397e-09}},{"type":"Feature","id":41899,"geometry":{"type":"Polygon","coordinates":[[[115.34353068900009,-6.8322593019999545],[115.34344946900001,-6.8322600349999334],[115.34344955100005,-6.8322690549999265],[115.34345857500011,-6.8322689739999305],[115.34345865700004,-6.8322779939999805],[115.3434496320001,-6.8322780749999765],[115.34344979500008,-6.8322961149999628],[115.34348589300009,-6.8322957889999429],[115.34348613800012,-6.8323228489999792],[115.34349516200007,-6.8323227669999369],[115.34349524400011,-6.83233178699993],[115.34352231700007,-6.8323315419999631],[115.34352239900011,-6.8323405619999562],[115.34354947200006,-6.8323403179999787],[115.34354939000002,-6.8323312979999287],[115.34354036600007,-6.8323313789999247],[115.34354004000011,-6.8322952999999416],[115.34353101500005,-6.8322953809999376],[115.34353068900009,-6.8322593019999545]]]},"properties":{"OBJECTID":41899,"FID_mangrove_utm":41719,"OBJECTID_1":41719,"Name":"18102566,9293","FolderPath":"JATIM/JATIM","SymbolID":0,"AltMode":0,"Base":0,"Clamped":-1,"Extruded":0,"Snippet":"","PopupInfo":"\u003chtml xmlns:fo=\"http://www.w3.org/1999/XSL/Format\" xmlns:msxsl=\"urn:schemas-microsoft-com:xslt\"\u003e\n\u003chead\u003e\n\u003cMETA http-equiv=\"Content-Type\" content=\"text/html\"\u003e\n\u003cmeta http-equiv=\"content-type\" content=\"text/html; charset=UTF-8\"\u003e\n\u003c/head\u003e\n\u003cbody style=\"margin:0px 0px 0px 0px;overflow:auto;background:#FFFFFF;\"\u003e\n\u003ctable style=\"font-family:Arial,Verdana,Times;font-size:12px;text-align:left;width:100%;border-collapse:collapse;padding:3px 3px 3px 3px\"\u003e\n\u003ctr style=\"text-align:center;font-weight:bold;background:#9CBCE2\"\u003e\n\u003ctd\u003e18102566,9293\u003c/td\u003e\n\u003c/tr\u003e\n\u003ctr\u003e\n\u003ctd\u003e\n\u003ctable style=\"font-family:Arial,Verdana,Times;font-size:12px;text-align:left;width:100%;border-spacing:0px; padding:3px 3px 3px 3px\"\u003e\n\u003ctr\u003e\n\u003ctd\u003eFID\u003c/td\u003e\n\u003ctd\u003e0\u003c/td\u003e\n\u003c/tr\u003e\n\u003ctr bgcolor=\"#D4E4F3\"\u003e\n\u003ctd\u003eShape_Leng\u003c/td\u003e\n\u003ctd\u003e18102566,9293\u003c/td\u003e\n\u003c/tr\u003e\n\u003c/table\u003e\n\u003c/td\u003e\n\u003c/tr\u003e\n\u003c/table\u003e\n\u003c/body\u003e\u003cscript type=\"text/javascript\"\u003e\n\t\t\t\tfunction changeImage(attElement, nameElement) {\n\t\t\t\tdocument.getElementById('imageAttachment').src = attElement;\n\t\t\t\tdocument.getElementById('imageName').innerHTML = nameElement;}\n\t\t\t\u003c/script\u003e\u003c/html\u003e\n","FID_active_grids":261,"GridID":"G51","Shape_Length":0.00037895946889141002,"Shape_Area":4.965775829582601e-09}},{"type":"Feature","id":41900,"geometry":{"type":"Polygon","coordinates":[[[115.34367508000003,-6.8322579979999318],[115.34367516200007,-6.832267017999925],[115.34368418600002,-6.8322669359999395],[115.34368410400009,-6.8322579159999464],[115.34367508000003,-6.8322579979999318]]]},"properties":{"OBJECTID":41900,"FID_mangrove_utm":41720,"OBJECTID_1":41720,"Name":"18102566,9293","FolderPath":"JATIM/JATIM","SymbolID":0,"AltMode":0,"Base":0,"Clamped":-1,"Extruded":0,"Snippet":"","PopupInfo":"\u003chtml xmlns:fo=\"http://www.w3.org/1999/XSL/Format\" xmlns:msxsl=\"urn:schemas-microsoft-com:xslt\"\u003e\n\u003chead\u003e\n\u003cMETA http-equiv=\"Content-Type\" content=\"text/html\"\u003e\n\u003cmeta http-equiv=\"content-type\" content=\"text/html; charset=UTF-8\"\u003e\n\u003c/head\u003e\n\u003cbody style=\"margin:0px 0px 0px 0px;overflow:auto;background:#FFFFFF;\"\u003e\n\u003ctable style=\"font-family:Arial,Verdana,Times;font-size:12px;text-align:left;width:100%;border-collapse:collapse;padding:3px 3px 3px 3px\"\u003e\n\u003ctr style=\"text-align:center;font-weight:bold;background:#9CBCE2\"\u003e\n\u003ctd\u003e18102566,9293\u003c/td\u003e\n\u003c/tr\u003e\n\u003ctr\u003e\n\u003ctd\u003e\n\u003ctable style=\"font-family:Arial,Verdana,Times;font-size:12px;text-align:left;width:100%;border-spacing:0px; padding:3px 3px 3px 3px\"\u003e\n\u003ctr\u003e\n\u003ctd\u003eFID\u003c/td\u003e\n\u003ctd\u003e0\u003c/td\u003e\n\u003c/tr\u003e\n\u003ctr bgcolor=\"#D4E4F3\"\u003e\n\u003ctd\u003eShape_Leng\u003c/td\u003e\n\u003ctd\u003e18102566,9293\u003c/td\u003e\n\u003c/tr\u003e\n\u003c/table\u003e\n\u003c/td\u003e\n\u003c/tr\u003e\n\u003c/table\u003e\n\u003c/body\u003e\u003cscript type=\"text/javascript\"\u003e\n\t\t\t\tfunction changeImage(attElement, nameElement) {\n\t\t\t\tdocument.getElementById('imageAttachment').src = attElement;\n\t\t\t\tdocument.getElementById('imageName').innerHTML = nameElement;}\n\t\t\t\u003c/script\u003e\u003c/html\u003e\n","FID_active_grids":261,"GridID":"G51","Shape_Length":3.6089490549003436e-05,"Shape_Area":8.140320400505353e-11}},{"type":"Feature","id":41902,"geometry":{"type":"Polygon","coordinates":[[[115.34367508000003,-6.8322579979999318],[115.3436749980001,-6.8322489779999387],[115.34366597400003,-6.8322490589999347],[115.34366605600007,-6.8322580789999279],[115.34367508000003,-6.8322579979999318]]]},"properties":{"OBJECTID":41902,"FID_mangrove_utm":41722,"OBJECTID_1":41722,"Name":"18102566,9293","FolderPath":"JATIM/JATIM","SymbolID":0,"AltMode":0,"Base":0,"Clamped":-1,"Extruded":0,"Snippet":"","PopupInfo":"\u003chtml xmlns:fo=\"http://www.w3.org/1999/XSL/Format\" xmlns:msxsl=\"urn:schemas-microsoft-com:xslt\"\u003e\n\u003chead\u003e\n\u003cMETA http-equiv=\"Content-Type\" content=\"text/html\"\u003e\n\u003cmeta http-equiv=\"content-type\" content=\"text/html; charset=UTF-8\"\u003e\n\u003c/head\u003e\n\u003cbody style=\"margin:0px 0px 0px 0px;overflow:auto;background:#FFFFFF;\"\u003e\n\u003ctable style=\"font-family:Arial,Verdana,Times;font-size:12px;text-align:left;width:100%;border-collapse:collapse;padding:3px 3px 3px 3px\"\u003e\n\u003ctr style=\"text-align:center;font-weight:bold;background:#9CBCE2\"\u003e\n\u003ctd\u003e18102566,9293\u003c/td\u003e\n\u003c/tr\u003e\n\u003ctr\u003e\n\u003ctd\u003e\n\u003ctable style=\"font-family:Arial,Verdana,Times;font-size:12px;text-align:left;width:100%;border-spacing:0px; padding:3px 3px 3px 3px\"\u003e\n\u003ctr\u003e\n\u003ctd\u003eFID\u003c/td\u003e\n\u003ctd\u003e0\u003c/td\u003e\n\u003c/tr\u003e\n\u003ctr bgcolor=\"#D4E4F3\"\u003e\n\u003ctd\u003eShape_Leng\u003c/td\u003e\n\u003ctd\u003e18102566,9293\u003c/td\u003e\n\u003c/tr\u003e\n\u003c/table\u003e\n\u003c/td\u003e\n\u003c/tr\u003e\n\u003c/table\u003e\n\u003c/body\u003e\u003cscript type=\"text/javascript\"\u003e\n\t\t\t\tfunction changeImage(attElement, nameElement) {\n\t\t\t\tdocument.getElementById('imageAttachment').src = attElement;\n\t\t\t\tdocument.getElementById('imageName').innerHTML = nameElement;}\n\t\t\t\u003c/script\u003e\u003c/html\u003e\n","FID_active_grids":261,"GridID":"G51","Shape_Length":3.6089472486989908e-05,"Shape_Area":8.1403122005935244e-11}},{"type":"Feature","id":41903,"geometry":{"type":"Polygon","coordinates":[[[115.34357589300009,-6.8322679139999423],[115.34357564800007,-6.8322408549999523],[115.34355759900006,-6.8322410179999338],[115.34355768100011,-6.8322500379999269],[115.3435396320001,-6.8322502009999653],[115.34353979500008,-6.8322682399999621],[115.34357589300009,-6.8322679139999423]]]},"properties":{"OBJECTID":41903,"FID_mangrove_utm":41723,"OBJECTID_1":41723,"Name":"18102566,9293","FolderPath":"JATIM/JATIM","SymbolID":0,"AltMode":0,"Base":0,"Clamped":-1,"Extruded":0,"Snippet":"","PopupInfo":"\u003chtml xmlns:fo=\"http://www.w3.org/1999/XSL/Format\" xmlns:msxsl=\"urn:schemas-microsoft-com:xslt\"\u003e\n\u003chead\u003e\n\u003cMETA http-equiv=\"Content-Type\" content=\"text/html\"\u003e\n\u003cmeta http-equiv=\"content-type\" content=\"text/html; charset=UTF-8\"\u003e\n\u003c/head\u003e\n\u003cbody style=\"margin:0px 0px 0px 0px;overflow:auto;background:#FFFFFF;\"\u003e\n\u003ctable style=\"font-family:Arial,Verdana,Times;font-size:12px;text-align:left;width:100%;border-collapse:collapse;padding:3px 3px 3px 3px\"\u003e\n\u003ctr style=\"text-align:center;font-weight:bold;background:#9CBCE2\"\u003e\n\u003ctd\u003e18102566,9293\u003c/td\u003e\n\u003c/tr\u003e\n\u003ctr\u003e\n\u003ctd\u003e\n\u003ctable style=\"font-family:Arial,Verdana,Times;font-size:12px;text-align:left;width:100%;border-spacing:0px; padding:3px 3px 3px 3px\"\u003e\n\u003ctr\u003e\n\u003ctd\u003eFID\u003c/td\u003e\n\u003ctd\u003e0\u003c/td\u003e\n\u003c/tr\u003e\n\u003ctr bgcolor=\"#D4E4F3\"\u003e\n\u003ctd\u003eShape_Leng\u003c/td\u003e\n\u003ctd\u003e18102566,9293\u003c/td\u003e\n\u003c/tr\u003e\n\u003c/table\u003e\n\u003c/td\u003e\n\u003c/tr\u003e\n\u003c/table\u003e\n\u003c/body\u003e\u003cscript type=\"text/javascript\"\u003e\n\t\t\t\tfunction changeImage(attElement, nameElement) {\n\t\t\t\tdocument.getElementById('imageAttachment').src = attElement;\n\t\t\t\tdocument.getElementById('imageName').innerHTML = nameElement;}\n\t\t\t\u003c/script\u003e\u003c/html\u003e\n","FID_active_grids":261,"GridID":"G51","Shape_Length":0.0001263191623009342,"Shape_Area":8.1403583702925754e-10}},{"type":"Feature","id":41904,"geometry":{"type":"Polygon","coordinates":[[[115.34362085200007,-6.8322494669999401],[115.34362077000003,-6.8322404469999469],[115.34361174600008,-6.8322405289999324],[115.34361182700002,-6.8322495479999361],[115.34362085200007,-6.8322494669999401]]]},"properties":{"OBJECTID":41904,"FID_mangrove_utm":41724,"OBJECTID_1":41724,"Name":"18102566,9293","FolderPath":"JATIM/JATIM","SymbolID":0,"AltMode":0,"Base":0,"Clamped":-1,"Extruded":0,"Snippet":"","PopupInfo":"\u003chtml xmlns:fo=\"http://www.w3.org/1999/XSL/Format\" xmlns:msxsl=\"urn:schemas-microsoft-com:xslt\"\u003e\n\u003chead\u003e\n\u003cMETA http-equiv=\"Content-Type\" content=\"text/html\"\u003e\n\u003cmeta http-equiv=\"content-type\" content=\"text/html; charset=UTF-8\"\u003e\n\u003c/head\u003e\n\u003cbody style=\"margin:0px 0px 0px 0px;overflow:auto;background:#FFFFFF;\"\u003e\n\u003ctable style=\"font-family:Arial,Verdana,Times;font-size:12px;text-align:left;width:100%;border-collapse:collapse;padding:3px 3px 3px 3px\"\u003e\n\u003ctr style=\"text-align:center;font-weight:bold;background:#9CBCE2\"\u003e\n\u003ctd\u003e18102566,9293\u003c/td\u003e\n\u003c/tr\u003e\n\u003ctr\u003e\n\u003ctd\u003e\n\u003ctable style=\"font-family:Arial,Verdana,Times;font-size:12px;text-align:left;width:100%;border-spacing:0px; padding:3px 3px 3px 3px\"\u003e\n\u003ctr\u003e\n\u003ctd\u003eFID\u003c/td\u003e\n\u003ctd\u003e0\u003c/td\u003e\n\u003c/tr\u003e\n\u003ctr bgcolor=\"#D4E4F3\"\u003e\n\u003ctd\u003eShape_Leng\u003c/td\u003e\n\u003ctd\u003e18102566,9293\u003c/td\u003e\n\u003c/tr\u003e\n\u003c/table\u003e\n\u003c/td\u003e\n\u003c/tr\u003e\n\u003c/table\u003e\n\u003c/body\u003e\u003cscript type=\"text/javascript\"\u003e\n\t\t\t\tfunction changeImage(attElement, nameElement) {\n\t\t\t\tdocument.getElementById('imageAttachment').src = attElement;\n\t\t\t\tdocument.getElementById('imageName').innerHTML = nameElement;}\n\t\t\t\u003c/script\u003e\u003c/html\u003e\n","FID_active_grids":261,"GridID":"G51","Shape_Length":3.6089472483036304e-05,"Shape_Area":8.1403120005949124e-11}},{"type":"Feature","id":41905,"geometry":{"type":"Polygon","coordinates":[[[115.34300710900004,-6.8322459889999436],[115.3430070280001,-6.8322369689999505],[115.34297093000009,-6.8322372949999703],[115.34297101100003,-6.8322463149999635],[115.34300710900004,-6.8322459889999436]]]},"properties":{"OBJECTID":41905,"FID_mangrove_utm":41725,"OBJECTID_1":41725,"Name":"18102566,9293","FolderPath":"JATIM/JATIM","SymbolID":0,"AltMode":0,"Base":0,"Clamped":-1,"Extruded":0,"Snippet":"","PopupInfo":"\u003chtml xmlns:fo=\"http://www.w3.org/1999/XSL/Format\" xmlns:msxsl=\"urn:schemas-microsoft-com:xslt\"\u003e\n\u003chead\u003e\n\u003cMETA http-equiv=\"Content-Type\" content=\"text/html\"\u003e\n\u003cmeta http-equiv=\"content-type\" content=\"text/html; charset=UTF-8\"\u003e\n\u003c/head\u003e\n\u003cbody style=\"margin:0px 0px 0px 0px;overflow:auto;background:#FFFFFF;\"\u003e\n\u003ctable style=\"font-family:Arial,Verdana,Times;font-size:12px;text-align:left;width:100%;border-collapse:collapse;padding:3px 3px 3px 3px\"\u003e\n\u003ctr style=\"text-align:center;font-weight:bold;background:#9CBCE2\"\u003e\n\u003ctd\u003e18102566,9293\u003c/td\u003e\n\u003c/tr\u003e\n\u003ctr\u003e\n\u003ctd\u003e\n\u003ctable style=\"font-family:Arial,Verdana,Times;font-size:12px;text-align:left;width:100%;border-spacing:0px; padding:3px 3px 3px 3px\"\u003e\n\u003ctr\u003e\n\u003ctd\u003eFID\u003c/td\u003e\n\u003ctd\u003e0\u003c/td\u003e\n\u003c/tr\u003e\n\u003ctr bgcolor=\"#D4E4F3\"\u003e\n\u003ctd\u003eShape_Leng\u003c/td\u003e\n\u003ctd\u003e18102566,9293\u003c/td\u003e\n\u003c/tr\u003e\n\u003c/table\u003e\n\u003c/td\u003e\n\u003c/tr\u003e\n\u003c/table\u003e\n\u003c/body\u003e\u003cscript type=\"text/javascript\"\u003e\n\t\t\t\tfunction changeImage(attElement, nameElement) {\n\t\t\t\tdocument.getElementById('imageAttachment').src = attElement;\n\t\t\t\tdocument.getElementById('imageName').innerHTML = nameElement;}\n\t\t\t\u003c/script\u003e\u003c/html\u003e\n","FID_active_grids":261,"GridID":"G51","Shape_Length":9.0239671410255736e-05,"Shape_Area":3.2563036582074149e-10}},{"type":"Feature","id":41906,"geometry":{"type":"Polygon","coordinates":[[[115.34359361500003,-6.8322316719999776],[115.34358459100008,-6.8322317529999737],[115.34358467300001,-6.8322407729999668],[115.34359369700007,-6.8322406919999707],[115.34359361500003,-6.8322316719999776]]]},"properties":{"OBJECTID":41906,"FID_mangrove_utm":41726,"OBJECTID_1":41726,"Name":"18102566,9293","FolderPath":"JATIM/JATIM","SymbolID":0,"AltMode":0,"Base":0,"Clamped":-1,"Extruded":0,"Snippet":"","PopupInfo":"\u003chtml xmlns:fo=\"http://www.w3.org/1999/XSL/Format\" xmlns:msxsl=\"urn:schemas-microsoft-com:xslt\"\u003e\n\u003chead\u003e\n\u003cMETA http-equiv=\"Content-Type\" content=\"text/html\"\u003e\n\u003cmeta http-equiv=\"content-type\" content=\"text/html; charset=UTF-8\"\u003e\n\u003c/head\u003e\n\u003cbody style=\"margin:0px 0px 0px 0px;overflow:auto;background:#FFFFFF;\"\u003e\n\u003ctable style=\"font-family:Arial,Verdana,Times;font-size:12px;text-align:left;width:100%;border-collapse:collapse;padding:3px 3px 3px 3px\"\u003e\n\u003ctr style=\"text-align:center;font-weight:bold;background:#9CBCE2\"\u003e\n\u003ctd\u003e18102566,9293\u003c/td\u003e\n\u003c/tr\u003e\n\u003ctr\u003e\n\u003ctd\u003e\n\u003ctable style=\"font-family:Arial,Verdana,Times;font-size:12px;text-align:left;width:100%;border-spacing:0px; padding:3px 3px 3px 3px\"\u003e\n\u003ctr\u003e\n\u003ctd\u003eFID\u003c/td\u003e\n\u003ctd\u003e0\u003c/td\u003e\n\u003c/tr\u003e\n\u003ctr bgcolor=\"#D4E4F3\"\u003e\n\u003ctd\u003eShape_Leng\u003c/td\u003e\n\u003ctd\u003e18102566,9293\u003c/td\u003e\n\u003c/tr\u003e\n\u003c/table\u003e\n\u003c/td\u003e\n\u003c/tr\u003e\n\u003c/table\u003e\n\u003c/body\u003e\u003cscript type=\"text/javascript\"\u003e\n\t\t\t\tfunction changeImage(attElement, nameElement) {\n\t\t\t\tdocument.getElementById('imageAttachment').src = attElement;\n\t\t\t\tdocument.getElementById('imageName').innerHTML = nameElement;}\n\t\t\t\u003c/script\u003e\u003c/html\u003e\n","FID_active_grids":261,"GridID":"G51","Shape_Length":3.6089472486989908e-05,"Shape_Area":8.1403122005935244e-11}},{"type":"Feature","id":41907,"geometry":{"type":"Polygon","coordinates":[[[115.34366597400003,-6.8322490589999347],[115.3436658920001,-6.832240039999931],[115.34365686800004,-6.8322401209999271],[115.34365678600011,-6.8322311009999339],[115.34364776200005,-6.8322311829999762],[115.34364784400009,-6.8322402029999694],[115.34362979500008,-6.8322403659999509],[115.34362987600002,-6.8322493849999546],[115.34362085200007,-6.8322494669999401],[115.34362093300001,-6.8322584869999332],[115.34365703100002,-6.8322581609999702],[115.34365695000008,-6.832249140999977],[115.34366597400003,-6.8322490589999347]]]},"properties":{"OBJECTID":41907,"FID_mangrove_utm":41727,"OBJECTID_1":41727,"Name":"18102566,9293","FolderPath":"JATIM/JATIM","SymbolID":0,"AltMode":0,"Base":0,"Clamped":-1,"Extruded":0,"Snippet":"","PopupInfo":"\u003chtml xmlns:fo=\"http://www.w3.org/1999/XSL/Format\" xmlns:msxsl=\"urn:schemas-microsoft-com:xslt\"\u003e\n\u003chead\u003e\n\u003cMETA http-equiv=\"Content-Type\" content=\"text/html\"\u003e\n\u003cmeta http-equiv=\"content-type\" content=\"text/html; charset=UTF-8\"\u003e\n\u003c/head\u003e\n\u003cbody style=\"margin:0px 0px 0px 0px;overflow:auto;background:#FFFFFF;\"\u003e\n\u003ctable style=\"font-family:Arial,Verdana,Times;font-size:12px;text-align:left;width:100%;border-collapse:collapse;padding:3px 3px 3px 3px\"\u003e\n\u003ctr style=\"text-align:center;font-weight:bold;background:#9CBCE2\"\u003e\n\u003ctd\u003e18102566,9293\u003c/td\u003e\n\u003c/tr\u003e\n\u003ctr\u003e\n\u003ctd\u003e\n\u003ctable style=\"font-family:Arial,Verdana,Times;font-size:12px;text-align:left;width:100%;border-spacing:0px; padding:3px 3px 3px 3px\"\u003e\n\u003ctr\u003e\n\u003ctd\u003eFID\u003c/td\u003e\n\u003ctd\u003e0\u003c/td\u003e\n\u003c/tr\u003e\n\u003ctr bgcolor=\"#D4E4F3\"\u003e\n\u003ctd\u003eShape_Leng\u003c/td\u003e\n\u003ctd\u003e18102566,9293\u003c/td\u003e\n\u003c/tr\u003e\n\u003c/table\u003e\n\u003c/td\u003e\n\u003c/tr\u003e\n\u003c/table\u003e\n\u003c/body\u003e\u003cscript type=\"text/javascript\"\u003e\n\t\t\t\tfunction changeImage(attElement, nameElement) {\n\t\t\t\tdocument.getElementById('imageAttachment').src = attElement;\n\t\t\t\tdocument.getElementById('imageName').innerHTML = nameElement;}\n\t\t\t\u003c/script\u003e\u003c/html\u003e\n","FID_active_grids":261,"GridID":"G51","Shape_Length":0.00014436689853024391,"Shape_Area":7.3264613437100162e-10}},{"type":"Feature","id":41908,"geometry":{"type":"Polygon","coordinates":[[[115.34274523700003,-6.8322303129999682],[115.34272718800003,-6.8322304759999497],[115.34272719400008,-6.8322310969999762],[115.34274525400008,-6.8322321799999486],[115.34274523700003,-6.8322303129999682]]]},"properties":{"OBJECTID":41908,"FID_mangrove_utm":41728,"OBJECTID_1":41728,"Name":"18102566,9293","FolderPath":"JATIM/JATIM","SymbolID":0,"AltMode":0,"Base":0,"Clamped":-1,"Extruded":0,"Snippet":"","PopupInfo":"\u003chtml xmlns:fo=\"http://www.w3.org/1999/XSL/Format\" xmlns:msxsl=\"urn:schemas-microsoft-com:xslt\"\u003e\n\u003chead\u003e\n\u003cMETA http-equiv=\"Content-Type\" content=\"text/html\"\u003e\n\u003cmeta http-equiv=\"content-type\" content=\"text/html; charset=UTF-8\"\u003e\n\u003c/head\u003e\n\u003cbody style=\"margin:0px 0px 0px 0px;overflow:auto;background:#FFFFFF;\"\u003e\n\u003ctable style=\"font-family:Arial,Verdana,Times;font-size:12px;text-align:left;width:100%;border-collapse:collapse;padding:3px 3px 3px 3px\"\u003e\n\u003ctr style=\"text-align:center;font-weight:bold;background:#9CBCE2\"\u003e\n\u003ctd\u003e18102566,9293\u003c/td\u003e\n\u003c/tr\u003e\n\u003ctr\u003e\n\u003ctd\u003e\n\u003ctable style=\"font-family:Arial,Verdana,Times;font-size:12px;text-align:left;width:100%;border-spacing:0px; padding:3px 3px 3px 3px\"\u003e\n\u003ctr\u003e\n\u003ctd\u003eFID\u003c/td\u003e\n\u003ctd\u003e0\u003c/td\u003e\n\u003c/tr\u003e\n\u003ctr bgcolor=\"#D4E4F3\"\u003e\n\u003ctd\u003eShape_Leng\u003c/td\u003e\n\u003ctd\u003e18102566,9293\u003c/td\u003e\n\u003c/tr\u003e\n\u003c/table\u003e\n\u003c/td\u003e\n\u003c/tr\u003e\n\u003c/table\u003e\n\u003c/body\u003e\u003cscript type=\"text/javascript\"\u003e\n\t\t\t\tfunction changeImage(attElement, nameElement) {\n\t\t\t\tdocument.getElementById('imageAttachment').src = attElement;\n\t\t\t\tdocument.getElementById('imageName').innerHTML = nameElement;}\n\t\t\t\u003c/script\u003e\u003c/html\u003e\n","FID_active_grids":261,"GridID":"G51","Shape_Length":3.8630285272097998e-05,"Shape_Area":2.2454508044215378e-11}},{"type":"Feature","id":41909,"geometry":{"type":"Polygon","coordinates":[[[115.34359361500003,-6.8322316719999776],[115.34360264000009,-6.8322315899999353],[115.34360255800004,-6.8322225699999422],[115.34359353400009,-6.8322226519999276],[115.34359361500003,-6.8322316719999776]]]},"properties":{"OBJECTID":41909,"FID_mangrove_utm":41729,"OBJECTID_1":41729,"Name":"18102566,9293","FolderPath":"JATIM/JATIM","SymbolID":0,"AltMode":0,"Base":0,"Clamped":-1,"Extruded":0,"Snippet":"","PopupInfo":"\u003chtml xmlns:fo=\"http://www.w3.org/1999/XSL/Format\" xmlns:msxsl=\"urn:schemas-microsoft-com:xslt\"\u003e\n\u003chead\u003e\n\u003cMETA http-equiv=\"Content-Type\" content=\"text/html\"\u003e\n\u003cmeta http-equiv=\"content-type\" content=\"text/html; charset=UTF-8\"\u003e\n\u003c/head\u003e\n\u003cbody style=\"margin:0px 0px 0px 0px;overflow:auto;background:#FFFFFF;\"\u003e\n\u003ctable style=\"font-family:Arial,Verdana,Times;font-size:12px;text-align:left;width:100%;border-collapse:collapse;padding:3px 3px 3px 3px\"\u003e\n\u003ctr style=\"text-align:center;font-weight:bold;background:#9CBCE2\"\u003e\n\u003ctd\u003e18102566,9293\u003c/td\u003e\n\u003c/tr\u003e\n\u003ctr\u003e\n\u003ctd\u003e\n\u003ctable style=\"font-family:Arial,Verdana,Times;font-size:12px;text-align:left;width:100%;border-spacing:0px; padding:3px 3px 3px 3px\"\u003e\n\u003ctr\u003e\n\u003ctd\u003eFID\u003c/td\u003e\n\u003ctd\u003e0\u003c/td\u003e\n\u003c/tr\u003e\n\u003ctr bgcolor=\"#D4E4F3\"\u003e\n\u003ctd\u003eShape_Leng\u003c/td\u003e\n\u003ctd\u003e18102566,9293\u003c/td\u003e\n\u003c/tr\u003e\n\u003c/table\u003e\n\u003c/td\u003e\n\u003c/tr\u003e\n\u003c/table\u003e\n\u003c/body\u003e\u003cscript type=\"text/javascript\"\u003e\n\t\t\t\tfunction changeImage(attElement, nameElement) {\n\t\t\t\tdocument.getElementById('imageAttachment').src = attElement;\n\t\t\t\tdocument.getElementById('imageName').innerHTML = nameElement;}\n\t\t\t\u003c/script\u003e\u003c/html\u003e\n","FID_active_grids":261,"GridID":"G51","Shape_Length":3.6090481519502475e-05,"Shape_Area":8.1407673216603991e-11}},{"type":"Feature","id":41911,"geometry":{"type":"MultiPolygon","coordinates":[[[[115.33775666100007,-6.8324918289999346],[115.33777471000008,-6.8324916669999425],[115.33777462900002,-6.8324826469999493],[115.33778365300009,-6.8324825649999639],[115.33778373500002,-6.832491584999957],[115.33779275900008,-6.832491503999961],[115.33779267800003,-6.8324824839999678],[115.33780170200009,-6.8324824019999255],[115.3378015400001,-6.8324643629999287],[115.33781056400005,-6.8324642809999432],[115.33781015700004,-6.8324191809999775],[115.33782820600004,-6.8324190189999285],[115.33782804300006,-6.8324009789999423],[115.33781901900011,-6.8324010599999383],[115.33781885600001,-6.832383019999952],[115.33780983100007,-6.8323831019999375],[115.33780966800009,-6.8323650619999512],[115.33779161900009,-6.8323652249999327],[115.33779153800003,-6.8323562049999396],[115.33777348900003,-6.8323563669999317],[115.3377734070001,-6.8323473469999385],[115.33775535800009,-6.8323475089999306],[115.33775666100007,-6.8324918289999346]]],[[[115.33830049300002,-6.8327485229999638],[115.33829146900007,-6.8327486049999493],[115.33829114300011,-6.8327125249999767],[115.33830016800005,-6.8327124439999807],[115.33830008600012,-6.8327034239999307],[115.33829106200005,-6.8327035049999267],[115.33829032900007,-6.8326223259999779],[115.33828130400002,-6.8326224069999739],[115.3382810600001,-6.8325953469999376],[115.33826301100009,-6.832595509999976],[115.33826292900005,-6.832586489999926],[115.33824488000005,-6.8325866529999644],[115.33824479900011,-6.8325776329999712],[115.33821772500005,-6.8325778769999488],[115.33821764400011,-6.8325688569999556],[115.33819959500011,-6.8325690199999372],[115.33819943200001,-6.8325509799999509],[115.33818138300001,-6.8325511429999324],[115.33818130200007,-6.8325421229999392],[115.33817227700001,-6.8325422039999353],[115.33817219600007,-6.8325331849999316],[115.33814512200001,-6.832533428999966],[115.33814495900003,-6.8325153889999797],[115.33813593500008,-6.8325154699999757],[115.33813585300004,-6.8325064499999257],[115.33810878000008,-6.8325066949999496],[115.33810869800004,-6.8324976749999564],[115.33809967400009,-6.8324977559999525],[115.33809951100011,-6.8324797159999662],[115.3380814620001,-6.8324798789999477],[115.33808138100005,-6.8324708589999545],[115.33809040500012,-6.8324707779999585],[115.33809016100008,-6.8324437179999791],[115.33808113600003,-6.8324437989999751],[115.33808105500009,-6.8324347789999251],[115.33807203000003,-6.8324348609999674],[115.33807186700005,-6.8324168209999812],[115.3380628430001,-6.8324169019999772],[115.33806276100006,-6.8324078819999272],[115.33804471200006,-6.8324080449999656],[115.33804463100012,-6.8323990249999724],[115.33801755700006,-6.83239926899995],[115.33801747600012,-6.8323902489999568],[115.33800845200005,-6.8323903309999423],[115.33800853300011,-6.8323993509999355],[115.3379724350001,-6.8323996759999659],[115.33797284200011,-6.8324447759999316],[115.33796381800005,-6.8324448569999277],[115.3379638990001,-6.8324538769999776],[115.33797292400004,-6.8324537959999248],[115.33797333100006,-6.8324988959999473],[115.33796430600012,-6.8324989769999434],[115.3379644690001,-6.8325170169999296],[115.33795544500003,-6.8325170979999257],[115.33795577100011,-6.8325531779999551],[115.33794674600006,-6.8325532599999406],[115.33794788600005,-6.8326795389999688],[115.3379388620001,-6.8326796199999649],[115.33793910600002,-6.8327066799999443],[115.33793008200007,-6.8327067609999403],[115.33793024500005,-6.8327248009999266],[115.33792122000011,-6.8327248829999689],[115.33792130100005,-6.8327339029999621],[115.33790325200005,-6.8327340649999542],[115.33790349700007,-6.8327611249999336],[115.33789447200002,-6.8327612069999759],[115.33789455400006,-6.8327702269999691],[115.33784040700004,-6.832770714999981],[115.33784032500012,-6.832761694999931],[115.33783130100005,-6.8327617769999733],[115.33783105600003,-6.8327347169999371],[115.33782203200008,-6.8327347979999331],[115.33782186900009,-6.8327167579999468],[115.33780382000009,-6.8327169209999283],[115.33780373900004,-6.8327079009999352],[115.3377947140001,-6.8327079819999312],[115.33779455100012,-6.8326899429999344],[115.33778552700005,-6.8326900239999304],[115.33778544500001,-6.8326810039999373],[115.33777642100006,-6.8326810849999333],[115.33777633900002,-6.8326720649999402],[115.33776731500006,-6.8326721469999256],[115.33776723300002,-6.8326631269999325],[115.33775820900007,-6.8326632079999285],[115.33776262400011,-6.8331521909999537],[115.33781664100002,-6.8331372879999321],[115.33781659100009,-6.8331317569999328],[115.33782561600003,-6.8331316759999368],[115.33782564400008,-6.8331348039999398],[115.33836688500003,-6.8329854769999656],[115.33881517200007,-6.8330049089999534],[115.33882627800006,-6.833005466999964],[115.33882570600008,-6.8329422399999658],[115.33883473100002,-6.8329421579999803],[115.33883456800004,-6.8329241179999372],[115.33884359300009,-6.8329240369999411],[115.33884343000011,-6.8329059969999548],[115.33888855200007,-6.8329055899999389],[115.33888847100002,-6.8328965699999458],[115.33891554400009,-6.8328963259999682],[115.33891546300003,-6.8328873059999751],[115.3389244870001,-6.8328872239999328],[115.33892432400012,-6.8328691849999359],[115.33893334900006,-6.8328691029999504],[115.33893310400003,-6.832842042999971],[115.33894212900009,-6.832841961999975],[115.33894172100008,-6.8327968619999524],[115.33893269700002,-6.8327969439999379],[115.33893253400004,-6.8327789039999516],[115.33892351000009,-6.8327789849999476],[115.33892342800004,-6.8327699649999545],[115.33891440400009,-6.83277004699994],[115.33891432200005,-6.8327610269999468],[115.33889627300005,-6.8327611899999283],[115.33889619200011,-6.8327521699999352],[115.33888716700005,-6.8327522509999312],[115.33888708600011,-6.8327432309999381],[115.33887806100006,-6.8327433129999804],[115.33887798000001,-6.8327342929999304],[115.33886895500007,-6.8327343739999264],[115.33886879200008,-6.8327163339999402],[115.33885976800002,-6.8327164159999256],[115.33885911600009,-6.8326442559999805],[115.33885009200003,-6.832644337999966],[115.33884992900005,-6.8326262979999797],[115.33884090400011,-6.8326263789999757],[115.33884082300006,-6.8326173589999257],[115.33884984700001,-6.8326172779999297],[115.33884976600007,-6.8326082579999365],[115.33884074100001,-6.8326083389999326],[115.33884049700009,-6.8325812799999426],[115.33883147200004,-6.8325813609999386],[115.33883122800012,-6.8325543009999592],[115.33882220400005,-6.8325543829999447],[115.33882204100007,-6.8325363429999584],[115.33881301600002,-6.8325364239999544],[115.33881293500008,-6.8325274039999613],[115.33880391000002,-6.8325274859999467],[115.33880382900008,-6.8325184659999536],[115.33879480400003,-6.8325185469999496],[115.33879472300009,-6.8325095269999565],[115.33878569800004,-6.832509608999942],[115.3387856170001,-6.8325005889999488],[115.33876756800009,-6.8325007509999409],[115.33876748600005,-6.8324917319999372],[115.3387404130001,-6.8324919759999716],[115.33874049400004,-6.8325009959999647],[115.33872244500003,-6.8325011589999463],[115.33872252700007,-6.8325101789999394],[115.33871350200002,-6.8325102599999354],[115.33871358400006,-6.8325192799999286],[115.33870455900001,-6.8325193609999815],[115.3387047220001,-6.8325374009999678],[115.33869569800004,-6.8325374829999532],[115.33869610500005,-6.8325825819999295],[115.3386690320001,-6.8325828259999639],[115.33866911300004,-6.8325918459999571],[115.33866008900009,-6.8325919279999425],[115.33866017000003,-6.8326009479999357],[115.33863309700007,-6.8326011919999701],[115.33863317800001,-6.8326102119999632],[115.33860610500005,-6.8326104559999408],[115.33860602300001,-6.8326014359999476],[115.33856090100005,-6.8326018429999635],[115.3385609820001,-6.8326108629999567],[115.33855195800004,-6.8326109449999421],[115.33855203900009,-6.8326199649999353],[115.33852496600002,-6.8326202089999697],[115.33852504700008,-6.8326292289999628],[115.33848894900007,-6.8326295539999364],[115.33848886800001,-6.8326205349999327],[115.33840764700005,-6.8326212669999791],[115.33840789100009,-6.8326483269999585],[115.33839886700002,-6.832648408999944],[115.33839894800008,-6.8326574279999477],[115.33838992400001,-6.8326575099999332],[115.33839000500006,-6.8326665299999263],[115.33838098100011,-6.8326666109999792],[115.33838106200005,-6.8326756309999723],[115.3383720380001,-6.8326757129999578],[115.33837228200002,-6.8327027719999478],[115.33835423300002,-6.8327029349999293],[115.33835431500006,-6.8327119549999793],[115.33834529000001,-6.8327120369999648],[115.33834561600008,-6.8327481159999479],[115.33833659100003,-6.8327481979999334],[115.33833667300007,-6.8327572179999265],[115.33830057500006,-6.832757542999957],[115.33830049300002,-6.8327485229999638]]]]},"properties":{"OBJECTID":41911,"FID_mangrove_utm":41730,"OBJECTID_1":41730,"Name":"18102566,9293","FolderPath":"JATIM/JATIM","SymbolID":0,"AltMode":0,"Base":0,"Clamped":-1,"Extruded":0,"Snippet":"","PopupInfo":"\u003chtml xmlns:fo=\"http://www.w3.org/1999/XSL/Format\" xmlns:msxsl=\"urn:schemas-microsoft-com:xslt\"\u003e\n\u003chead\u003e\n\u003cMETA http-equiv=\"Content-Type\" content=\"text/html\"\u003e\n\u003cmeta http-equiv=\"content-type\" content=\"text/html; charset=UTF-8\"\u003e\n\u003c/head\u003e\n\u003cbody style=\"margin:0px 0px 0px 0px;overflow:auto;background:#FFFFFF;\"\u003e\n\u003ctable style=\"font-family:Arial,Verdana,Times;font-size:12px;text-align:left;width:100%;border-collapse:collapse;padding:3px 3px 3px 3px\"\u003e\n\u003ctr style=\"text-align:center;font-weight:bold;background:#9CBCE2\"\u003e\n\u003ctd\u003e18102566,9293\u003c/td\u003e\n\u003c/tr\u003e\n\u003ctr\u003e\n\u003ctd\u003e\n\u003ctable style=\"font-family:Arial,Verdana,Times;font-size:12px;text-align:left;width:100%;border-spacing:0px; padding:3px 3px 3px 3px\"\u003e\n\u003ctr\u003e\n\u003ctd\u003eFID\u003c/td\u003e\n\u003ctd\u003e0\u003c/td\u003e\n\u003c/tr\u003e\n\u003ctr bgcolor=\"#D4E4F3\"\u003e\n\u003ctd\u003eShape_Leng\u003c/td\u003e\n\u003ctd\u003e18102566,9293\u003c/td\u003e\n\u003c/tr\u003e\n\u003c/table\u003e\n\u003c/td\u003e\n\u003c/tr\u003e\n\u003c/table\u003e\n\u003c/body\u003e\u003cscript type=\"text/javascript\"\u003e\n\t\t\t\tfunction changeImage(attElement, nameElement) {\n\t\t\t\tdocument.getElementById('imageAttachment').src = attElement;\n\t\t\t\tdocument.getElementById('imageName').innerHTML = nameElement;}\n\t\t\t\u003c/script\u003e\u003c/html\u003e\n","FID_active_grids":261,"GridID":"G51","Shape_Length":0.0050757196207951646,"Shape_Area":5.0006419782820788e-07}},{"type":"Feature","id":41912,"geometry":{"type":"Polygon","coordinates":[[[115.34290759600003,-6.8322198259999709],[115.34288052200009,-6.8322200699999485],[115.34288060400002,-6.8322290899999416],[115.34289865300002,-6.8322289269999601],[115.34289873400007,-6.8322379469999532],[115.34290775900001,-6.8322378659999572],[115.34290759600003,-6.8322198259999709]]]},"properties":{"OBJECTID":41912,"FID_mangrove_utm":41731,"OBJECTID_1":41731,"Name":"18102566,9293","FolderPath":"JATIM/JATIM","SymbolID":0,"AltMode":0,"Base":0,"Clamped":-1,"Extruded":0,"Snippet":"","PopupInfo":"\u003chtml xmlns:fo=\"http://www.w3.org/1999/XSL/Format\" xmlns:msxsl=\"urn:schemas-microsoft-com:xslt\"\u003e\n\u003chead\u003e\n\u003cMETA http-equiv=\"Content-Type\" content=\"text/html\"\u003e\n\u003cmeta http-equiv=\"content-type\" content=\"text/html; charset=UTF-8\"\u003e\n\u003c/head\u003e\n\u003cbody style=\"margin:0px 0px 0px 0px;overflow:auto;background:#FFFFFF;\"\u003e\n\u003ctable style=\"font-family:Arial,Verdana,Times;font-size:12px;text-align:left;width:100%;border-collapse:collapse;padding:3px 3px 3px 3px\"\u003e\n\u003ctr style=\"text-align:center;font-weight:bold;background:#9CBCE2\"\u003e\n\u003ctd\u003e18102566,9293\u003c/td\u003e\n\u003c/tr\u003e\n\u003ctr\u003e\n\u003ctd\u003e\n\u003ctable style=\"font-family:Arial,Verdana,Times;font-size:12px;text-align:left;width:100%;border-spacing:0px; padding:3px 3px 3px 3px\"\u003e\n\u003ctr\u003e\n\u003ctd\u003eFID\u003c/td\u003e\n\u003ctd\u003e0\u003c/td\u003e\n\u003c/tr\u003e\n\u003ctr bgcolor=\"#D4E4F3\"\u003e\n\u003ctd\u003eShape_Leng\u003c/td\u003e\n\u003ctd\u003e18102566,9293\u003c/td\u003e\n\u003c/tr\u003e\n\u003c/table\u003e\n\u003c/td\u003e\n\u003c/tr\u003e\n\u003c/table\u003e\n\u003c/body\u003e\u003cscript type=\"text/javascript\"\u003e\n\t\t\t\tfunction changeImage(attElement, nameElement) {\n\t\t\t\tdocument.getElementById('imageAttachment').src = attElement;\n\t\t\t\tdocument.getElementById('imageName').innerHTML = nameElement;}\n\t\t\t\u003c/script\u003e\u003c/html\u003e\n","FID_active_grids":261,"GridID":"G51","Shape_Length":9.0231671617180406e-05,"Shape_Area":3.2563048531602025e-10}},{"type":"Feature","id":41913,"geometry":{"type":"Polygon","coordinates":[[[115.34279044100003,-6.832238924999956],[115.34279027800005,-6.8322208849999697],[115.34281735100001,-6.8322206409999353],[115.34281727000007,-6.8322116209999422],[115.34277214800011,-6.8322120279999581],[115.3427723640001,-6.8322359159999451],[115.34278976300004,-6.8322389309999494],[115.34279044100003,-6.832238924999956]]]},"properties":{"OBJECTID":41913,"FID_mangrove_utm":41732,"OBJECTID_1":41732,"Name":"18102566,9293","FolderPath":"JATIM/JATIM","SymbolID":0,"AltMode":0,"Base":0,"Clamped":-1,"Extruded":0,"Snippet":"","PopupInfo":"\u003chtml xmlns:fo=\"http://www.w3.org/1999/XSL/Format\" xmlns:msxsl=\"urn:schemas-microsoft-com:xslt\"\u003e\n\u003chead\u003e\n\u003cMETA http-equiv=\"Content-Type\" content=\"text/html\"\u003e\n\u003cmeta http-equiv=\"content-type\" content=\"text/html; charset=UTF-8\"\u003e\n\u003c/head\u003e\n\u003cbody style=\"margin:0px 0px 0px 0px;overflow:auto;background:#FFFFFF;\"\u003e\n\u003ctable style=\"font-family:Arial,Verdana,Times;font-size:12px;text-align:left;width:100%;border-collapse:collapse;padding:3px 3px 3px 3px\"\u003e\n\u003ctr style=\"text-align:center;font-weight:bold;background:#9CBCE2\"\u003e\n\u003ctd\u003e18102566,9293\u003c/td\u003e\n\u003c/tr\u003e\n\u003ctr\u003e\n\u003ctd\u003e\n\u003ctable style=\"font-family:Arial,Verdana,Times;font-size:12px;text-align:left;width:100%;border-spacing:0px; padding:3px 3px 3px 3px\"\u003e\n\u003ctr\u003e\n\u003ctd\u003eFID\u003c/td\u003e\n\u003ctd\u003e0\u003c/td\u003e\n\u003c/tr\u003e\n\u003ctr bgcolor=\"#D4E4F3\"\u003e\n\u003ctd\u003eShape_Leng\u003c/td\u003e\n\u003ctd\u003e18102566,9293\u003c/td\u003e\n\u003c/tr\u003e\n\u003c/table\u003e\n\u003c/td\u003e\n\u003c/tr\u003e\n\u003c/table\u003e\n\u003c/body\u003e\u003cscript type=\"text/javascript\"\u003e\n\t\t\t\tfunction changeImage(attElement, nameElement) {\n\t\t\t\tdocument.getElementById('imageAttachment').src = attElement;\n\t\t\t\tdocument.getElementById('imageName').innerHTML = nameElement;}\n\t\t\t\u003c/script\u003e\u003c/html\u003e\n","FID_active_grids":261,"GridID":"G51","Shape_Length":0.00014148433425713929,"Shape_Area":7.0509309493775934e-10}},{"type":"Feature","id":41914,"geometry":{"type":"Polygon","coordinates":[[[115.34285336800008,-6.8322112949999791],[115.34282629400002,-6.8322115389999567],[115.34282637600006,-6.8322205589999498],[115.34283540000001,-6.8322204779999538],[115.34283556300011,-6.8322385179999401],[115.34285361200011,-6.8322383549999586],[115.34285353100006,-6.8322293349999654],[115.34286255500001,-6.83222925299998],[115.34286247400007,-6.83222023299993],[115.34285344900002,-6.8322203149999723],[115.34285336800008,-6.8322112949999791]]]},"properties":{"OBJECTID":41914,"FID_mangrove_utm":41733,"OBJECTID_1":41733,"Name":"18102566,9293","FolderPath":"JATIM/JATIM","SymbolID":0,"AltMode":0,"Base":0,"Clamped":-1,"Extruded":0,"Snippet":"","PopupInfo":"\u003chtml xmlns:fo=\"http://www.w3.org/1999/XSL/Format\" xmlns:msxsl=\"urn:schemas-microsoft-com:xslt\"\u003e\n\u003chead\u003e\n\u003cMETA http-equiv=\"Content-Type\" content=\"text/html\"\u003e\n\u003cmeta http-equiv=\"content-type\" content=\"text/html; charset=UTF-8\"\u003e\n\u003c/head\u003e\n\u003cbody style=\"margin:0px 0px 0px 0px;overflow:auto;background:#FFFFFF;\"\u003e\n\u003ctable style=\"font-family:Arial,Verdana,Times;font-size:12px;text-align:left;width:100%;border-collapse:collapse;padding:3px 3px 3px 3px\"\u003e\n\u003ctr style=\"text-align:center;font-weight:bold;background:#9CBCE2\"\u003e\n\u003ctd\u003e18102566,9293\u003c/td\u003e\n\u003c/tr\u003e\n\u003ctr\u003e\n\u003ctd\u003e\n\u003ctable style=\"font-family:Arial,Verdana,Times;font-size:12px;text-align:left;width:100%;border-spacing:0px; padding:3px 3px 3px 3px\"\u003e\n\u003ctr\u003e\n\u003ctd\u003eFID\u003c/td\u003e\n\u003ctd\u003e0\u003c/td\u003e\n\u003c/tr\u003e\n\u003ctr bgcolor=\"#D4E4F3\"\u003e\n\u003ctd\u003eShape_Leng\u003c/td\u003e\n\u003ctd\u003e18102566,9293\u003c/td\u003e\n\u003c/tr\u003e\n\u003c/table\u003e\n\u003c/td\u003e\n\u003c/tr\u003e\n\u003c/table\u003e\n\u003c/body\u003e\u003cscript type=\"text/javascript\"\u003e\n\t\t\t\tfunction changeImage(attElement, nameElement) {\n\t\t\t\tdocument.getElementById('imageAttachment').src = attElement;\n\t\t\t\tdocument.getElementById('imageName').innerHTML = nameElement;}\n\t\t\t\u003c/script\u003e\u003c/html\u003e\n","FID_active_grids":261,"GridID":"G51","Shape_Length":0.00012632114426724018,"Shape_Area":6.5127003934357742e-10}},{"type":"Feature","id":41915,"geometry":{"type":"Polygon","coordinates":[[[115.34332255600009,-6.8321980369999551],[115.34332247500004,-6.832189016999962],[115.34331345100009,-6.8321890989999474],[115.34331353200002,-6.8321981189999406],[115.34332255600009,-6.8321980369999551]]]},"properties":{"OBJECTID":41915,"FID_mangrove_utm":41734,"OBJECTID_1":41734,"Name":"18102566,9293","FolderPath":"JATIM/JATIM","SymbolID":0,"AltMode":0,"Base":0,"Clamped":-1,"Extruded":0,"Snippet":"","PopupInfo":"\u003chtml xmlns:fo=\"http://www.w3.org/1999/XSL/Format\" xmlns:msxsl=\"urn:schemas-microsoft-com:xslt\"\u003e\n\u003chead\u003e\n\u003cMETA http-equiv=\"Content-Type\" content=\"text/html\"\u003e\n\u003cmeta http-equiv=\"content-type\" content=\"text/html; charset=UTF-8\"\u003e\n\u003c/head\u003e\n\u003cbody style=\"margin:0px 0px 0px 0px;overflow:auto;background:#FFFFFF;\"\u003e\n\u003ctable style=\"font-family:Arial,Verdana,Times;font-size:12px;text-align:left;width:100%;border-collapse:collapse;padding:3px 3px 3px 3px\"\u003e\n\u003ctr style=\"text-align:center;font-weight:bold;background:#9CBCE2\"\u003e\n\u003ctd\u003e18102566,9293\u003c/td\u003e\n\u003c/tr\u003e\n\u003ctr\u003e\n\u003ctd\u003e\n\u003ctable style=\"font-family:Arial,Verdana,Times;font-size:12px;text-align:left;width:100%;border-spacing:0px; padding:3px 3px 3px 3px\"\u003e\n\u003ctr\u003e\n\u003ctd\u003eFID\u003c/td\u003e\n\u003ctd\u003e0\u003c/td\u003e\n\u003c/tr\u003e\n\u003ctr bgcolor=\"#D4E4F3\"\u003e\n\u003ctd\u003eShape_Leng\u003c/td\u003e\n\u003ctd\u003e18102566,9293\u003c/td\u003e\n\u003c/tr\u003e\n\u003c/table\u003e\n\u003c/td\u003e\n\u003c/tr\u003e\n\u003c/table\u003e\n\u003c/body\u003e\u003cscript type=\"text/javascript\"\u003e\n\t\t\t\tfunction changeImage(attElement, nameElement) {\n\t\t\t\tdocument.getElementById('imageAttachment').src = attElement;\n\t\t\t\tdocument.getElementById('imageName').innerHTML = nameElement;}\n\t\t\t\u003c/script\u003e\u003c/html\u003e\n","FID_active_grids":261,"GridID":"G51","Shape_Length":3.6089472478980771e-05,"Shape_Area":8.1403122005935244e-11}},{"type":"Feature","id":41916,"geometry":{"type":"Polygon","coordinates":[[[115.34332255600009,-6.8321980369999551],[115.34332263800002,-6.8322070569999482],[115.34324141800005,-6.8322077909999734],[115.34324150000009,-6.8322168109999666],[115.34323247500004,-6.8322168919999626],[115.3432323940001,-6.8322078719999695],[115.34319629600009,-6.8322081979999325],[115.34319621400005,-6.8321991779999394],[115.34311499500006,-6.8321999119999646],[115.34311507600012,-6.8322089319999577],[115.34309702700011,-6.8322090949999392],[115.34309710900004,-6.8322181149999324],[115.34307906000004,-6.8322182779999707],[115.34307914100009,-6.8322272969999744],[115.34307011700002,-6.8322273789999599],[115.3430700350001,-6.8322183589999668],[115.34305198700008,-6.8322185219999483],[115.34305206800002,-6.8322275419999414],[115.34303401900002,-6.8322277049999798],[115.34303410100006,-6.8322367249999729],[115.34304312500001,-6.8322366429999306],[115.34304320700005,-6.8322456629999806],[115.34308832900001,-6.8322452559999647],[115.34308841100005,-6.8322542759999578],[115.34309743500012,-6.8322541939999724],[115.34309735300008,-6.8322451739999792],[115.34314247600003,-6.8322447669999633],[115.34314255700008,-6.8322537869999564],[115.34319670400009,-6.8322532979999551],[115.34319662200005,-6.8322442779999619],[115.34322369500001,-6.8322440329999381],[115.34322361400007,-6.832235012999945],[115.34326873600003,-6.832234605999929],[115.34326881800007,-6.832243625999979],[115.34328686600008,-6.8322434629999407],[115.3432867030001,-6.8322254229999544],[115.34329572800004,-6.8322253409999689],[115.3432958090001,-6.8322343609999621],[115.34330483400004,-6.832234279999966],[115.34330491500009,-6.8322432999999592],[115.34332296400009,-6.8322431369999777],[115.34332304600002,-6.8322521569999708],[115.34333207000009,-6.8322520749999285],[115.34333223300007,-6.8322701149999716],[115.34334125800001,-6.8322700329999293],[115.34334109500003,-6.8322519939999324],[115.34335914300004,-6.8322518309999509],[115.34335898000006,-6.8322337909999646],[115.34334093200005,-6.8322339539999462],[115.34334085000012,-6.832224933999953],[115.34336792300007,-6.8322246889999292],[115.34336784200002,-6.8322156699999255],[115.34337686600009,-6.83221558799994],[115.34337694800001,-6.8322246079999331],[115.34338597200008,-6.8322245259999477],[115.34338605400001,-6.8322335459999408],[115.34341312700008,-6.8322333019999633],[115.34341304500003,-6.8322242819999701],[115.34342207000009,-6.8322241999999278],[115.34342198800005,-6.8322151809999809],[115.34341296400009,-6.832215261999977],[115.34341280100011,-6.8321972219999338],[115.3433586540001,-6.8321977109999352],[115.34335857300005,-6.8321886909999421],[115.34334954800011,-6.8321887729999276],[115.34334963000003,-6.8321977929999775],[115.34332255600009,-6.8321980369999551]],[[115.34333166200008,-6.8322069759999522],[115.34334971100009,-6.8322068129999707],[115.34334979300002,-6.8322158329999638],[115.34333174400001,-6.8322159959999453],[115.34333166200008,-6.8322069759999522]]]},"properties":{"OBJECTID":41916,"FID_mangrove_utm":41735,"OBJECTID_1":41735,"Name":"18102566,9293","FolderPath":"JATIM/JATIM","SymbolID":0,"AltMode":0,"Base":0,"Clamped":-1,"Extruded":0,"Snippet":"","PopupInfo":"\u003chtml xmlns:fo=\"http://www.w3.org/1999/XSL/Format\" xmlns:msxsl=\"urn:schemas-microsoft-com:xslt\"\u003e\n\u003chead\u003e\n\u003cMETA http-equiv=\"Content-Type\" content=\"text/html\"\u003e\n\u003cmeta http-equiv=\"content-type\" content=\"text/html; charset=UTF-8\"\u003e\n\u003c/head\u003e\n\u003cbody style=\"margin:0px 0px 0px 0px;overflow:auto;background:#FFFFFF;\"\u003e\n\u003ctable style=\"font-family:Arial,Verdana,Times;font-size:12px;text-align:left;width:100%;border-collapse:collapse;padding:3px 3px 3px 3px\"\u003e\n\u003ctr style=\"text-align:center;font-weight:bold;background:#9CBCE2\"\u003e\n\u003ctd\u003e18102566,9293\u003c/td\u003e\n\u003c/tr\u003e\n\u003ctr\u003e\n\u003ctd\u003e\n\u003ctable style=\"font-family:Arial,Verdana,Times;font-size:12px;text-align:left;width:100%;border-spacing:0px; padding:3px 3px 3px 3px\"\u003e\n\u003ctr\u003e\n\u003ctd\u003eFID\u003c/td\u003e\n\u003ctd\u003e0\u003c/td\u003e\n\u003c/tr\u003e\n\u003ctr bgcolor=\"#D4E4F3\"\u003e\n\u003ctd\u003eShape_Leng\u003c/td\u003e\n\u003ctd\u003e18102566,9293\u003c/td\u003e\n\u003c/tr\u003e\n\u003c/table\u003e\n\u003c/td\u003e\n\u003c/tr\u003e\n\u003c/table\u003e\n\u003c/body\u003e\u003cscript type=\"text/javascript\"\u003e\n\t\t\t\tfunction changeImage(attElement, nameElement) {\n\t\t\t\tdocument.getElementById('imageAttachment').src = attElement;\n\t\t\t\tdocument.getElementById('imageName').innerHTML = nameElement;}\n\t\t\t\u003c/script\u003e\u003c/html\u003e\n","FID_active_grids":261,"GridID":"G51","Shape_Length":0.0012091403933030278,"Shape_Area":1.3676221301902852e-08}},{"type":"Feature","id":41917,"geometry":{"type":"Polygon","coordinates":[[[115.34229360800009,-6.8321892869999488],[115.34227555900009,-6.8321894499999303],[115.34227564000003,-6.8321984699999803],[115.34226661600007,-6.8321985519999657],[115.34226666100005,-6.8322034999999346],[115.34229375100006,-6.8322051229999374],[115.34229360800009,-6.8321892869999488]]]},"properties":{"OBJECTID":41917,"FID_mangrove_utm":41736,"OBJECTID_1":41736,"Name":"18102566,9293","FolderPath":"JATIM/JATIM","SymbolID":0,"AltMode":0,"Base":0,"Clamped":-1,"Extruded":0,"Snippet":"","PopupInfo":"\u003chtml xmlns:fo=\"http://www.w3.org/1999/XSL/Format\" xmlns:msxsl=\"urn:schemas-microsoft-com:xslt\"\u003e\n\u003chead\u003e\n\u003cMETA http-equiv=\"Content-Type\" content=\"text/html\"\u003e\n\u003cmeta http-equiv=\"content-type\" content=\"text/html; charset=UTF-8\"\u003e\n\u003c/head\u003e\n\u003cbody style=\"margin:0px 0px 0px 0px;overflow:auto;background:#FFFFFF;\"\u003e\n\u003ctable style=\"font-family:Arial,Verdana,Times;font-size:12px;text-align:left;width:100%;border-collapse:collapse;padding:3px 3px 3px 3px\"\u003e\n\u003ctr style=\"text-align:center;font-weight:bold;background:#9CBCE2\"\u003e\n\u003ctd\u003e18102566,9293\u003c/td\u003e\n\u003c/tr\u003e\n\u003ctr\u003e\n\u003ctd\u003e\n\u003ctable style=\"font-family:Arial,Verdana,Times;font-size:12px;text-align:left;width:100%;border-spacing:0px; padding:3px 3px 3px 3px\"\u003e\n\u003ctr\u003e\n\u003ctd\u003eFID\u003c/td\u003e\n\u003ctd\u003e0\u003c/td\u003e\n\u003c/tr\u003e\n\u003ctr bgcolor=\"#D4E4F3\"\u003e\n\u003ctd\u003eShape_Leng\u003c/td\u003e\n\u003ctd\u003e18102566,9293\u003c/td\u003e\n\u003c/tr\u003e\n\u003c/table\u003e\n\u003c/td\u003e\n\u003c/tr\u003e\n\u003c/table\u003e\n\u003c/body\u003e\u003cscript type=\"text/javascript\"\u003e\n\t\t\t\tfunction changeImage(attElement, nameElement) {\n\t\t\t\tdocument.getElementById('imageAttachment').src = attElement;\n\t\t\t\tdocument.getElementById('imageName').innerHTML = nameElement;}\n\t\t\t\u003c/script\u003e\u003c/html\u003e\n","FID_active_grids":261,"GridID":"G51","Shape_Length":8.4017897030331368e-05,"Shape_Area":3.2207982934532512e-10}},{"type":"Feature","id":41919,"geometry":{"type":"Polygon","coordinates":[[[115.34052457100006,-6.8321781949999263],[115.34052448900002,-6.8321691749999331],[115.34051546500007,-6.8321692559999292],[115.34051554600001,-6.8321782759999792],[115.34052457100006,-6.8321781949999263]]]},"properties":{"OBJECTID":41919,"FID_mangrove_utm":41738,"OBJECTID_1":41738,"Name":"18102566,9293","FolderPath":"JATIM/JATIM","SymbolID":0,"AltMode":0,"Base":0,"Clamped":-1,"Extruded":0,"Snippet":"","PopupInfo":"\u003chtml xmlns:fo=\"http://www.w3.org/1999/XSL/Format\" xmlns:msxsl=\"urn:schemas-microsoft-com:xslt\"\u003e\n\u003chead\u003e\n\u003cMETA http-equiv=\"Content-Type\" content=\"text/html\"\u003e\n\u003cmeta http-equiv=\"content-type\" content=\"text/html; charset=UTF-8\"\u003e\n\u003c/head\u003e\n\u003cbody style=\"margin:0px 0px 0px 0px;overflow:auto;background:#FFFFFF;\"\u003e\n\u003ctable style=\"font-family:Arial,Verdana,Times;font-size:12px;text-align:left;width:100%;border-collapse:collapse;padding:3px 3px 3px 3px\"\u003e\n\u003ctr style=\"text-align:center;font-weight:bold;background:#9CBCE2\"\u003e\n\u003ctd\u003e18102566,9293\u003c/td\u003e\n\u003c/tr\u003e\n\u003ctr\u003e\n\u003ctd\u003e\n\u003ctable style=\"font-family:Arial,Verdana,Times;font-size:12px;text-align:left;width:100%;border-spacing:0px; padding:3px 3px 3px 3px\"\u003e\n\u003ctr\u003e\n\u003ctd\u003eFID\u003c/td\u003e\n\u003ctd\u003e0\u003c/td\u003e\n\u003c/tr\u003e\n\u003ctr bgcolor=\"#D4E4F3\"\u003e\n\u003ctd\u003eShape_Leng\u003c/td\u003e\n\u003ctd\u003e18102566,9293\u003c/td\u003e\n\u003c/tr\u003e\n\u003c/table\u003e\n\u003c/td\u003e\n\u003c/tr\u003e\n\u003c/table\u003e\n\u003c/body\u003e\u003cscript type=\"text/javascript\"\u003e\n\t\t\t\tfunction changeImage(attElement, nameElement) {\n\t\t\t\tdocument.getElementById('imageAttachment').src = attElement;\n\t\t\t\tdocument.getElementById('imageName').innerHTML = nameElement;}\n\t\t\t\u003c/script\u003e\u003c/html\u003e\n","FID_active_grids":261,"GridID":"G51","Shape_Length":3.6090463458483222e-05,"Shape_Area":8.140759171747513e-11}},{"type":"Feature","id":41920,"geometry":{"type":"Polygon","coordinates":[[[115.34241962400006,-6.8321520669999813],[115.34241954200002,-6.8321430469999314],[115.34241051800007,-6.8321431289999737],[115.34241059900012,-6.8321521489999668],[115.34241962400006,-6.8321520669999813]]]},"properties":{"OBJECTID":41920,"FID_mangrove_utm":41739,"OBJECTID_1":41739,"Name":"18102566,9293","FolderPath":"JATIM/JATIM","SymbolID":0,"AltMode":0,"Base":0,"Clamped":-1,"Extruded":0,"Snippet":"","PopupInfo":"\u003chtml xmlns:fo=\"http://www.w3.org/1999/XSL/Format\" xmlns:msxsl=\"urn:schemas-microsoft-com:xslt\"\u003e\n\u003chead\u003e\n\u003cMETA http-equiv=\"Content-Type\" content=\"text/html\"\u003e\n\u003cmeta http-equiv=\"content-type\" content=\"text/html; charset=UTF-8\"\u003e\n\u003c/head\u003e\n\u003cbody style=\"margin:0px 0px 0px 0px;overflow:auto;background:#FFFFFF;\"\u003e\n\u003ctable style=\"font-family:Arial,Verdana,Times;font-size:12px;text-align:left;width:100%;border-collapse:collapse;padding:3px 3px 3px 3px\"\u003e\n\u003ctr style=\"text-align:center;font-weight:bold;background:#9CBCE2\"\u003e\n\u003ctd\u003e18102566,9293\u003c/td\u003e\n\u003c/tr\u003e\n\u003ctr\u003e\n\u003ctd\u003e\n\u003ctable style=\"font-family:Arial,Verdana,Times;font-size:12px;text-align:left;width:100%;border-spacing:0px; padding:3px 3px 3px 3px\"\u003e\n\u003ctr\u003e\n\u003ctd\u003eFID\u003c/td\u003e\n\u003ctd\u003e0\u003c/td\u003e\n\u003c/tr\u003e\n\u003ctr bgcolor=\"#D4E4F3\"\u003e\n\u003ctd\u003eShape_Leng\u003c/td\u003e\n\u003ctd\u003e18102566,9293\u003c/td\u003e\n\u003c/tr\u003e\n\u003c/table\u003e\n\u003c/td\u003e\n\u003c/tr\u003e\n\u003c/table\u003e\n\u003c/body\u003e\u003cscript type=\"text/javascript\"\u003e\n\t\t\t\tfunction changeImage(attElement, nameElement) {\n\t\t\t\tdocument.getElementById('imageAttachment').src = attElement;\n\t\t\t\tdocument.getElementById('imageName').innerHTML = nameElement;}\n\t\t\t\u003c/script\u003e\u003c/html\u003e\n","FID_active_grids":261,"GridID":"G51","Shape_Length":3.6090481406841198e-05,"Shape_Area":8.1407672708537496e-11}},{"type":"Feature","id":41921,"geometry":{"type":"Polygon","coordinates":[[[115.34247377000008,-6.83215157799998],[115.34247368900003,-6.83214255799993],[115.34245564000003,-6.8321427209999683],[115.34245572200007,-6.8321517409999615],[115.34247377000008,-6.83215157799998]]]},"properties":{"OBJECTID":41921,"FID_mangrove_utm":41740,"OBJECTID_1":41740,"Name":"18102566,9293","FolderPath":"JATIM/JATIM","SymbolID":0,"AltMode":0,"Base":0,"Clamped":-1,"Extruded":0,"Snippet":"","PopupInfo":"\u003chtml xmlns:fo=\"http://www.w3.org/1999/XSL/Format\" xmlns:msxsl=\"urn:schemas-microsoft-com:xslt\"\u003e\n\u003chead\u003e\n\u003cMETA http-equiv=\"Content-Type\" content=\"text/html\"\u003e\n\u003cmeta http-equiv=\"content-type\" content=\"text/html; charset=UTF-8\"\u003e\n\u003c/head\u003e\n\u003cbody style=\"margin:0px 0px 0px 0px;overflow:auto;background:#FFFFFF;\"\u003e\n\u003ctable style=\"font-family:Arial,Verdana,Times;font-size:12px;text-align:left;width:100%;border-collapse:collapse;padding:3px 3px 3px 3px\"\u003e\n\u003ctr style=\"text-align:center;font-weight:bold;background:#9CBCE2\"\u003e\n\u003ctd\u003e18102566,9293\u003c/td\u003e\n\u003c/tr\u003e\n\u003ctr\u003e\n\u003ctd\u003e\n\u003ctable style=\"font-family:Arial,Verdana,Times;font-size:12px;text-align:left;width:100%;border-spacing:0px; padding:3px 3px 3px 3px\"\u003e\n\u003ctr\u003e\n\u003ctd\u003eFID\u003c/td\u003e\n\u003ctd\u003e0\u003c/td\u003e\n\u003c/tr\u003e\n\u003ctr bgcolor=\"#D4E4F3\"\u003e\n\u003ctd\u003eShape_Leng\u003c/td\u003e\n\u003ctd\u003e18102566,9293\u003c/td\u003e\n\u003c/tr\u003e\n\u003c/table\u003e\n\u003c/td\u003e\n\u003c/tr\u003e\n\u003c/table\u003e\n\u003c/body\u003e\u003cscript type=\"text/javascript\"\u003e\n\t\t\t\tfunction changeImage(attElement, nameElement) {\n\t\t\t\tdocument.getElementById('imageAttachment').src = attElement;\n\t\t\t\tdocument.getElementById('imageName').innerHTML = nameElement;}\n\t\t\t\u003c/script\u003e\u003c/html\u003e\n","FID_active_grids":261,"GridID":"G51","Shape_Length":5.4139208527443649e-05,"Shape_Area":1.6281075498871248e-10}},{"type":"Feature","id":41922,"geometry":{"type":"Polygon","coordinates":[[[115.34157124500007,-6.8321507059999362],[115.34157116300003,-6.8321416859999431],[115.34156213900008,-6.8321417669999391],[115.34156222000001,-6.8321507869999323],[115.34157124500007,-6.8321507059999362]]]},"properties":{"OBJECTID":41922,"FID_mangrove_utm":41741,"OBJECTID_1":41741,"Name":"18102566,9293","FolderPath":"JATIM/JATIM","SymbolID":0,"AltMode":0,"Base":0,"Clamped":-1,"Extruded":0,"Snippet":"","PopupInfo":"\u003chtml xmlns:fo=\"http://www.w3.org/1999/XSL/Format\" xmlns:msxsl=\"urn:schemas-microsoft-com:xslt\"\u003e\n\u003chead\u003e\n\u003cMETA http-equiv=\"Content-Type\" content=\"text/html\"\u003e\n\u003cmeta http-equiv=\"content-type\" content=\"text/html; charset=UTF-8\"\u003e\n\u003c/head\u003e\n\u003cbody style=\"margin:0px 0px 0px 0px;overflow:auto;background:#FFFFFF;\"\u003e\n\u003ctable style=\"font-family:Arial,Verdana,Times;font-size:12px;text-align:left;width:100%;border-collapse:collapse;padding:3px 3px 3px 3px\"\u003e\n\u003ctr style=\"text-align:center;font-weight:bold;background:#9CBCE2\"\u003e\n\u003ctd\u003e18102566,9293\u003c/td\u003e\n\u003c/tr\u003e\n\u003ctr\u003e\n\u003ctd\u003e\n\u003ctable style=\"font-family:Arial,Verdana,Times;font-size:12px;text-align:left;width:100%;border-spacing:0px; padding:3px 3px 3px 3px\"\u003e\n\u003ctr\u003e\n\u003ctd\u003eFID\u003c/td\u003e\n\u003ctd\u003e0\u003c/td\u003e\n\u003c/tr\u003e\n\u003ctr bgcolor=\"#D4E4F3\"\u003e\n\u003ctd\u003eShape_Leng\u003c/td\u003e\n\u003ctd\u003e18102566,9293\u003c/td\u003e\n\u003c/tr\u003e\n\u003c/table\u003e\n\u003c/td\u003e\n\u003c/tr\u003e\n\u003c/table\u003e\n\u003c/body\u003e\u003cscript type=\"text/javascript\"\u003e\n\t\t\t\tfunction changeImage(attElement, nameElement) {\n\t\t\t\tdocument.getElementById('imageAttachment').src = attElement;\n\t\t\t\tdocument.getElementById('imageName').innerHTML = nameElement;}\n\t\t\t\u003c/script\u003e\u003c/html\u003e\n","FID_active_grids":261,"GridID":"G51","Shape_Length":3.6090463401131942e-05,"Shape_Area":8.1407591458667041e-11}},{"type":"Feature","id":41924,"geometry":{"type":"Polygon","coordinates":[[[115.3382139790001,-6.8321629599999483],[115.33820495400005,-6.8321630409999443],[115.33820503600009,-6.8321720609999375],[115.33819601100004,-6.8321721429999798],[115.3381959300001,-6.8321631229999298],[115.33815080700003,-6.8321635299999457],[115.33815088900008,-6.8321725499999388],[115.33814186400002,-6.8321726309999349],[115.33814194600006,-6.832181650999928],[115.33813292100001,-6.8321817319999809],[115.33813324700009,-6.8322178119999535],[115.33812422300002,-6.832217893999939],[115.33812454800011,-6.8322539729999789],[115.33813357300005,-6.8322538919999261],[115.33813389900001,-6.8322899719999555],[115.33814292300008,-6.83228988999997],[115.33814300500001,-6.8322989099999631],[115.33815202900007,-6.8322988289999671],[115.33815211000001,-6.8323078489999602],[115.33821528200008,-6.8323072789999628],[115.3382151190001,-6.8322892389999765],[115.33822414400004,-6.8322891579999805],[115.33822406200011,-6.8322801379999305],[115.33824211100011,-6.832279974999949],[115.33824203000006,-6.8322709549999558],[115.33825105400001,-6.8322708739999598],[115.33825089100003,-6.8322528339999735],[115.33825991600008,-6.8322527519999312],[115.33825934600009,-6.8321896129999686],[115.33825032100003,-6.8321896939999647],[115.33825024000009,-6.8321806739999715],[115.33823219100009,-6.832180836999953],[115.33823210900005,-6.8321718169999599],[115.33821406000004,-6.8321719799999414],[115.3382139790001,-6.8321629599999483]]]},"properties":{"OBJECTID":41924,"FID_mangrove_utm":41743,"OBJECTID_1":41743,"Name":"18102566,9293","FolderPath":"JATIM/JATIM","SymbolID":0,"AltMode":0,"Base":0,"Clamped":-1,"Extruded":0,"Snippet":"","PopupInfo":"\u003chtml xmlns:fo=\"http://www.w3.org/1999/XSL/Format\" xmlns:msxsl=\"urn:schemas-microsoft-com:xslt\"\u003e\n\u003chead\u003e\n\u003cMETA http-equiv=\"Content-Type\" content=\"text/html\"\u003e\n\u003cmeta http-equiv=\"content-type\" content=\"text/html; charset=UTF-8\"\u003e\n\u003c/head\u003e\n\u003cbody style=\"margin:0px 0px 0px 0px;overflow:auto;background:#FFFFFF;\"\u003e\n\u003ctable style=\"font-family:Arial,Verdana,Times;font-size:12px;text-align:left;width:100%;border-collapse:collapse;padding:3px 3px 3px 3px\"\u003e\n\u003ctr style=\"text-align:center;font-weight:bold;background:#9CBCE2\"\u003e\n\u003ctd\u003e18102566,9293\u003c/td\u003e\n\u003c/tr\u003e\n\u003ctr\u003e\n\u003ctd\u003e\n\u003ctable style=\"font-family:Arial,Verdana,Times;font-size:12px;text-align:left;width:100%;border-spacing:0px; padding:3px 3px 3px 3px\"\u003e\n\u003ctr\u003e\n\u003ctd\u003eFID\u003c/td\u003e\n\u003ctd\u003e0\u003c/td\u003e\n\u003c/tr\u003e\n\u003ctr bgcolor=\"#D4E4F3\"\u003e\n\u003ctd\u003eShape_Leng\u003c/td\u003e\n\u003ctd\u003e18102566,9293\u003c/td\u003e\n\u003c/tr\u003e\n\u003c/table\u003e\n\u003c/td\u003e\n\u003c/tr\u003e\n\u003c/table\u003e\n\u003c/body\u003e\u003cscript type=\"text/javascript\"\u003e\n\t\t\t\tfunction changeImage(attElement, nameElement) {\n\t\t\t\tdocument.getElementById('imageAttachment').src = attElement;\n\t\t\t\tdocument.getElementById('imageName').innerHTML = nameElement;}\n\t\t\t\u003c/script\u003e\u003c/html\u003e\n","FID_active_grids":261,"GridID":"G51","Shape_Length":0.00057743952321758038,"Shape_Area":1.5792978782527965e-08}},{"type":"Feature","id":41925,"geometry":{"type":"Polygon","coordinates":[[[115.34162522800011,-6.8321321769999486],[115.34160717900011,-6.8321323399999301],[115.34160734200009,-6.8321503799999732],[115.3416434400001,-6.8321500539999533],[115.34164335900005,-6.8321410339999602],[115.34162531000004,-6.8321411969999417],[115.34162522800011,-6.8321321769999486]]]},"properties":{"OBJECTID":41925,"FID_mangrove_utm":41744,"OBJECTID_1":41744,"Name":"18102566,9293","FolderPath":"JATIM/JATIM","SymbolID":0,"AltMode":0,"Base":0,"Clamped":-1,"Extruded":0,"Snippet":"","PopupInfo":"\u003chtml xmlns:fo=\"http://www.w3.org/1999/XSL/Format\" xmlns:msxsl=\"urn:schemas-microsoft-com:xslt\"\u003e\n\u003chead\u003e\n\u003cMETA http-equiv=\"Content-Type\" content=\"text/html\"\u003e\n\u003cmeta http-equiv=\"content-type\" content=\"text/html; charset=UTF-8\"\u003e\n\u003c/head\u003e\n\u003cbody style=\"margin:0px 0px 0px 0px;overflow:auto;background:#FFFFFF;\"\u003e\n\u003ctable style=\"font-family:Arial,Verdana,Times;font-size:12px;text-align:left;width:100%;border-collapse:collapse;padding:3px 3px 3px 3px\"\u003e\n\u003ctr style=\"text-align:center;font-weight:bold;background:#9CBCE2\"\u003e\n\u003ctd\u003e18102566,9293\u003c/td\u003e\n\u003c/tr\u003e\n\u003ctr\u003e\n\u003ctd\u003e\n\u003ctable style=\"font-family:Arial,Verdana,Times;font-size:12px;text-align:left;width:100%;border-spacing:0px; padding:3px 3px 3px 3px\"\u003e\n\u003ctr\u003e\n\u003ctd\u003eFID\u003c/td\u003e\n\u003ctd\u003e0\u003c/td\u003e\n\u003c/tr\u003e\n\u003ctr bgcolor=\"#D4E4F3\"\u003e\n\u003ctd\u003eShape_Leng\u003c/td\u003e\n\u003ctd\u003e18102566,9293\u003c/td\u003e\n\u003c/tr\u003e\n\u003c/table\u003e\n\u003c/td\u003e\n\u003c/tr\u003e\n\u003c/table\u003e\n\u003c/body\u003e\u003cscript type=\"text/javascript\"\u003e\n\t\t\t\tfunction changeImage(attElement, nameElement) {\n\t\t\t\tdocument.getElementById('imageAttachment').src = attElement;\n\t\t\t\tdocument.getElementById('imageName').innerHTML = nameElement;}\n\t\t\t\u003c/script\u003e\u003c/html\u003e\n","FID_active_grids":261,"GridID":"G51","Shape_Length":0.00010828041686505207,"Shape_Area":4.884502222296989e-10}},{"type":"Feature","id":41926,"geometry":{"type":"Polygon","coordinates":[[[115.3419772630001,-6.8321380199999453],[115.34197718200005,-6.8321289999999522],[115.34196815700011,-6.8321290809999482],[115.34196823900004,-6.8321381009999413],[115.3419772630001,-6.8321380199999453]]]},"properties":{"OBJECTID":41926,"FID_mangrove_utm":41745,"OBJECTID_1":41745,"Name":"18102566,9293","FolderPath":"JATIM/JATIM","SymbolID":0,"AltMode":0,"Base":0,"Clamped":-1,"Extruded":0,"Snippet":"","PopupInfo":"\u003chtml xmlns:fo=\"http://www.w3.org/1999/XSL/Format\" xmlns:msxsl=\"urn:schemas-microsoft-com:xslt\"\u003e\n\u003chead\u003e\n\u003cMETA http-equiv=\"Content-Type\" content=\"text/html\"\u003e\n\u003cmeta http-equiv=\"content-type\" content=\"text/html; charset=UTF-8\"\u003e\n\u003c/head\u003e\n\u003cbody style=\"margin:0px 0px 0px 0px;overflow:auto;background:#FFFFFF;\"\u003e\n\u003ctable style=\"font-family:Arial,Verdana,Times;font-size:12px;text-align:left;width:100%;border-collapse:collapse;padding:3px 3px 3px 3px\"\u003e\n\u003ctr style=\"text-align:center;font-weight:bold;background:#9CBCE2\"\u003e\n\u003ctd\u003e18102566,9293\u003c/td\u003e\n\u003c/tr\u003e\n\u003ctr\u003e\n\u003ctd\u003e\n\u003ctable style=\"font-family:Arial,Verdana,Times;font-size:12px;text-align:left;width:100%;border-spacing:0px; padding:3px 3px 3px 3px\"\u003e\n\u003ctr\u003e\n\u003ctd\u003eFID\u003c/td\u003e\n\u003ctd\u003e0\u003c/td\u003e\n\u003c/tr\u003e\n\u003ctr bgcolor=\"#D4E4F3\"\u003e\n\u003ctd\u003eShape_Leng\u003c/td\u003e\n\u003ctd\u003e18102566,9293\u003c/td\u003e\n\u003c/tr\u003e\n\u003c/table\u003e\n\u003c/td\u003e\n\u003c/tr\u003e\n\u003c/table\u003e\n\u003c/body\u003e\u003cscript type=\"text/javascript\"\u003e\n\t\t\t\tfunction changeImage(attElement, nameElement) {\n\t\t\t\tdocument.getElementById('imageAttachment').src = attElement;\n\t\t\t\tdocument.getElementById('imageName').innerHTML = nameElement;}\n\t\t\t\u003c/script\u003e\u003c/html\u003e\n","FID_active_grids":261,"GridID":"G51","Shape_Length":3.6090463401119338e-05,"Shape_Area":8.1407591458667041e-11}},{"type":"Feature","id":41927,"geometry":{"type":"Polygon","coordinates":[[[115.34152595900002,-6.8321330729999659],[115.34152587800008,-6.8321240529999727],[115.34151685300003,-6.8321241349999582],[115.34151693500007,-6.8321331549999513],[115.34152595900002,-6.8321330729999659]]]},"properties":{"OBJECTID":41927,"FID_mangrove_utm":41746,"OBJECTID_1":41746,"Name":"18102566,9293","FolderPath":"JATIM/JATIM","SymbolID":0,"AltMode":0,"Base":0,"Clamped":-1,"Extruded":0,"Snippet":"","PopupInfo":"\u003chtml xmlns:fo=\"http://www.w3.org/1999/XSL/Format\" xmlns:msxsl=\"urn:schemas-microsoft-com:xslt\"\u003e\n\u003chead\u003e\n\u003cMETA http-equiv=\"Content-Type\" content=\"text/html\"\u003e\n\u003cmeta http-equiv=\"content-type\" content=\"text/html; charset=UTF-8\"\u003e\n\u003c/head\u003e\n\u003cbody style=\"margin:0px 0px 0px 0px;overflow:auto;background:#FFFFFF;\"\u003e\n\u003ctable style=\"font-family:Arial,Verdana,Times;font-size:12px;text-align:left;width:100%;border-collapse:collapse;padding:3px 3px 3px 3px\"\u003e\n\u003ctr style=\"text-align:center;font-weight:bold;background:#9CBCE2\"\u003e\n\u003ctd\u003e18102566,9293\u003c/td\u003e\n\u003c/tr\u003e\n\u003ctr\u003e\n\u003ctd\u003e\n\u003ctable style=\"font-family:Arial,Verdana,Times;font-size:12px;text-align:left;width:100%;border-spacing:0px; padding:3px 3px 3px 3px\"\u003e\n\u003ctr\u003e\n\u003ctd\u003eFID\u003c/td\u003e\n\u003ctd\u003e0\u003c/td\u003e\n\u003c/tr\u003e\n\u003ctr bgcolor=\"#D4E4F3\"\u003e\n\u003ctd\u003eShape_Leng\u003c/td\u003e\n\u003ctd\u003e18102566,9293\u003c/td\u003e\n\u003c/tr\u003e\n\u003c/table\u003e\n\u003c/td\u003e\n\u003c/tr\u003e\n\u003c/table\u003e\n\u003c/body\u003e\u003cscript type=\"text/javascript\"\u003e\n\t\t\t\tfunction changeImage(attElement, nameElement) {\n\t\t\t\tdocument.getElementById('imageAttachment').src = attElement;\n\t\t\t\tdocument.getElementById('imageName').innerHTML = nameElement;}\n\t\t\t\u003c/script\u003e\u003c/html\u003e\n","FID_active_grids":261,"GridID":"G51","Shape_Length":3.6090481462144894e-05,"Shape_Area":8.1407672957795902e-11}},{"type":"Feature","id":41928,"geometry":{"type":"Polygon","coordinates":[[[115.34155311400002,-6.8321418489999814],[115.34155303300008,-6.8321328289999315],[115.34154400800003,-6.8321329099999275],[115.34154392700009,-6.8321238909999806],[115.34153490200003,-6.8321239719999767],[115.34153506500002,-6.832142011999963],[115.34155311400002,-6.8321418489999814]]]},"properties":{"OBJECTID":41928,"FID_mangrove_utm":41747,"OBJECTID_1":41747,"Name":"18102566,9293","FolderPath":"JATIM/JATIM","SymbolID":0,"AltMode":0,"Base":0,"Clamped":-1,"Extruded":0,"Snippet":"","PopupInfo":"\u003chtml xmlns:fo=\"http://www.w3.org/1999/XSL/Format\" xmlns:msxsl=\"urn:schemas-microsoft-com:xslt\"\u003e\n\u003chead\u003e\n\u003cMETA http-equiv=\"Content-Type\" content=\"text/html\"\u003e\n\u003cmeta http-equiv=\"content-type\" content=\"text/html; charset=UTF-8\"\u003e\n\u003c/head\u003e\n\u003cbody style=\"margin:0px 0px 0px 0px;overflow:auto;background:#FFFFFF;\"\u003e\n\u003ctable style=\"font-family:Arial,Verdana,Times;font-size:12px;text-align:left;width:100%;border-collapse:collapse;padding:3px 3px 3px 3px\"\u003e\n\u003ctr style=\"text-align:center;font-weight:bold;background:#9CBCE2\"\u003e\n\u003ctd\u003e18102566,9293\u003c/td\u003e\n\u003c/tr\u003e\n\u003ctr\u003e\n\u003ctd\u003e\n\u003ctable style=\"font-family:Arial,Verdana,Times;font-size:12px;text-align:left;width:100%;border-spacing:0px; padding:3px 3px 3px 3px\"\u003e\n\u003ctr\u003e\n\u003ctd\u003eFID\u003c/td\u003e\n\u003ctd\u003e0\u003c/td\u003e\n\u003c/tr\u003e\n\u003ctr bgcolor=\"#D4E4F3\"\u003e\n\u003ctd\u003eShape_Leng\u003c/td\u003e\n\u003ctd\u003e18102566,9293\u003c/td\u003e\n\u003c/tr\u003e\n\u003c/table\u003e\n\u003c/td\u003e\n\u003c/tr\u003e\n\u003c/table\u003e\n\u003c/body\u003e\u003cscript type=\"text/javascript\"\u003e\n\t\t\t\tfunction changeImage(attElement, nameElement) {\n\t\t\t\tdocument.getElementById('imageAttachment').src = attElement;\n\t\t\t\tdocument.getElementById('imageName').innerHTML = nameElement;}\n\t\t\t\u003c/script\u003e\u003c/html\u003e\n","FID_active_grids":261,"GridID":"G51","Shape_Length":7.2180926855039567e-05,"Shape_Area":2.4422736685314259e-10}},{"type":"Feature","id":41929,"geometry":{"type":"Polygon","coordinates":[[[115.34024432300009,-6.832126599999981],[115.34020822500008,-6.832126925999944],[115.34020830700001,-6.8321359459999371],[115.34021733100008,-6.8321358639999517],[115.340217413,-6.8321448839999448],[115.34024448600007,-6.8321446399999672],[115.34024432300009,-6.832126599999981]]]},"properties":{"OBJECTID":41929,"FID_mangrove_utm":41748,"OBJECTID_1":41748,"Name":"18102566,9293","FolderPath":"JATIM/JATIM","SymbolID":0,"AltMode":0,"Base":0,"Clamped":-1,"Extruded":0,"Snippet":"","PopupInfo":"\u003chtml xmlns:fo=\"http://www.w3.org/1999/XSL/Format\" xmlns:msxsl=\"urn:schemas-microsoft-com:xslt\"\u003e\n\u003chead\u003e\n\u003cMETA http-equiv=\"Content-Type\" content=\"text/html\"\u003e\n\u003cmeta http-equiv=\"content-type\" content=\"text/html; charset=UTF-8\"\u003e\n\u003c/head\u003e\n\u003cbody style=\"margin:0px 0px 0px 0px;overflow:auto;background:#FFFFFF;\"\u003e\n\u003ctable style=\"font-family:Arial,Verdana,Times;font-size:12px;text-align:left;width:100%;border-collapse:collapse;padding:3px 3px 3px 3px\"\u003e\n\u003ctr style=\"text-align:center;font-weight:bold;background:#9CBCE2\"\u003e\n\u003ctd\u003e18102566,9293\u003c/td\u003e\n\u003c/tr\u003e\n\u003ctr\u003e\n\u003ctd\u003e\n\u003ctable style=\"font-family:Arial,Verdana,Times;font-size:12px;text-align:left;width:100%;border-spacing:0px; padding:3px 3px 3px 3px\"\u003e\n\u003ctr\u003e\n\u003ctd\u003eFID\u003c/td\u003e\n\u003ctd\u003e0\u003c/td\u003e\n\u003c/tr\u003e\n\u003ctr bgcolor=\"#D4E4F3\"\u003e\n\u003ctd\u003eShape_Leng\u003c/td\u003e\n\u003ctd\u003e18102566,9293\u003c/td\u003e\n\u003c/tr\u003e\n\u003c/table\u003e\n\u003c/td\u003e\n\u003c/tr\u003e\n\u003c/table\u003e\n\u003c/body\u003e\u003cscript type=\"text/javascript\"\u003e\n\t\t\t\tfunction changeImage(attElement, nameElement) {\n\t\t\t\tdocument.getElementById('imageAttachment').src = attElement;\n\t\t\t\tdocument.getElementById('imageName').innerHTML = nameElement;}\n\t\t\t\u003c/script\u003e\u003c/html\u003e\n","FID_active_grids":261,"GridID":"G51","Shape_Length":0.00010827942602535037,"Shape_Area":5.6983993235378066e-10}},{"type":"Feature","id":41930,"geometry":{"type":"Polygon","coordinates":[[[115.34029847000011,-6.8321261109999796],[115.34029855200004,-6.8321351309999727],[115.3403075760001,-6.8321350499999767],[115.34030749500005,-6.8321260299999267],[115.34029847000011,-6.8321261109999796]]]},"properties":{"OBJECTID":41930,"FID_mangrove_utm":41749,"OBJECTID_1":41749,"Name":"18102566,9293","FolderPath":"JATIM/JATIM","SymbolID":0,"AltMode":0,"Base":0,"Clamped":-1,"Extruded":0,"Snippet":"","PopupInfo":"\u003chtml xmlns:fo=\"http://www.w3.org/1999/XSL/Format\" xmlns:msxsl=\"urn:schemas-microsoft-com:xslt\"\u003e\n\u003chead\u003e\n\u003cMETA http-equiv=\"Content-Type\" content=\"text/html\"\u003e\n\u003cmeta http-equiv=\"content-type\" content=\"text/html; charset=UTF-8\"\u003e\n\u003c/head\u003e\n\u003cbody style=\"margin:0px 0px 0px 0px;overflow:auto;background:#FFFFFF;\"\u003e\n\u003ctable style=\"font-family:Arial,Verdana,Times;font-size:12px;text-align:left;width:100%;border-collapse:collapse;padding:3px 3px 3px 3px\"\u003e\n\u003ctr style=\"text-align:center;font-weight:bold;background:#9CBCE2\"\u003e\n\u003ctd\u003e18102566,9293\u003c/td\u003e\n\u003c/tr\u003e\n\u003ctr\u003e\n\u003ctd\u003e\n\u003ctable style=\"font-family:Arial,Verdana,Times;font-size:12px;text-align:left;width:100%;border-spacing:0px; padding:3px 3px 3px 3px\"\u003e\n\u003ctr\u003e\n\u003ctd\u003eFID\u003c/td\u003e\n\u003ctd\u003e0\u003c/td\u003e\n\u003c/tr\u003e\n\u003ctr bgcolor=\"#D4E4F3\"\u003e\n\u003ctd\u003eShape_Leng\u003c/td\u003e\n\u003ctd\u003e18102566,9293\u003c/td\u003e\n\u003c/tr\u003e\n\u003c/table\u003e\n\u003c/td\u003e\n\u003c/tr\u003e\n\u003c/table\u003e\n\u003c/body\u003e\u003cscript type=\"text/javascript\"\u003e\n\t\t\t\tfunction changeImage(attElement, nameElement) {\n\t\t\t\tdocument.getElementById('imageAttachment').src = attElement;\n\t\t\t\tdocument.getElementById('imageName').innerHTML = nameElement;}\n\t\t\t\u003c/script\u003e\u003c/html\u003e\n","FID_active_grids":261,"GridID":"G51","Shape_Length":3.6090463458470618e-05,"Shape_Area":8.140759171747513e-11}},{"type":"Feature","id":41931,"geometry":{"type":"Polygon","coordinates":[[[115.34089408500006,-6.8321207359999789],[115.34089424800004,-6.8321387759999652],[115.34090327200011,-6.8321386939999798],[115.34090310900001,-6.8321206539999366],[115.34089408500006,-6.8321207359999789]]]},"properties":{"OBJECTID":41931,"FID_mangrove_utm":41750,"OBJECTID_1":41750,"Name":"18102566,9293","FolderPath":"JATIM/JATIM","SymbolID":0,"AltMode":0,"Base":0,"Clamped":-1,"Extruded":0,"Snippet":"","PopupInfo":"\u003chtml xmlns:fo=\"http://www.w3.org/1999/XSL/Format\" xmlns:msxsl=\"urn:schemas-microsoft-com:xslt\"\u003e\n\u003chead\u003e\n\u003cMETA http-equiv=\"Content-Type\" content=\"text/html\"\u003e\n\u003cmeta http-equiv=\"content-type\" content=\"text/html; charset=UTF-8\"\u003e\n\u003c/head\u003e\n\u003cbody style=\"margin:0px 0px 0px 0px;overflow:auto;background:#FFFFFF;\"\u003e\n\u003ctable style=\"font-family:Arial,Verdana,Times;font-size:12px;text-align:left;width:100%;border-collapse:collapse;padding:3px 3px 3px 3px\"\u003e\n\u003ctr style=\"text-align:center;font-weight:bold;background:#9CBCE2\"\u003e\n\u003ctd\u003e18102566,9293\u003c/td\u003e\n\u003c/tr\u003e\n\u003ctr\u003e\n\u003ctd\u003e\n\u003ctable style=\"font-family:Arial,Verdana,Times;font-size:12px;text-align:left;width:100%;border-spacing:0px; padding:3px 3px 3px 3px\"\u003e\n\u003ctr\u003e\n\u003ctd\u003eFID\u003c/td\u003e\n\u003ctd\u003e0\u003c/td\u003e\n\u003c/tr\u003e\n\u003ctr bgcolor=\"#D4E4F3\"\u003e\n\u003ctd\u003eShape_Leng\u003c/td\u003e\n\u003ctd\u003e18102566,9293\u003c/td\u003e\n\u003c/tr\u003e\n\u003c/table\u003e\n\u003c/td\u003e\n\u003c/tr\u003e\n\u003c/table\u003e\n\u003c/body\u003e\u003cscript type=\"text/javascript\"\u003e\n\t\t\t\tfunction changeImage(attElement, nameElement) {\n\t\t\t\tdocument.getElementById('imageAttachment').src = attElement;\n\t\t\t\tdocument.getElementById('imageName').innerHTML = nameElement;}\n\t\t\t\u003c/script\u003e\u003c/html\u003e\n","FID_active_grids":261,"GridID":"G51","Shape_Length":5.4130217907107328e-05,"Shape_Area":1.6280632627676017e-10}},{"type":"Feature","id":41932,"geometry":{"type":"Polygon","coordinates":[[[115.34169750500007,-6.8321405449999588],[115.34169726100004,-6.8321134859999688],[115.34167921200003,-6.8321136489999503],[115.34167937500001,-6.8321316879999472],[115.34168839900008,-6.8321316069999511],[115.34168848100001,-6.8321406269999443],[115.34169750500007,-6.8321405449999588]]]},"properties":{"OBJECTID":41932,"FID_mangrove_utm":41751,"OBJECTID_1":41751,"Name":"18102566,9293","FolderPath":"JATIM/JATIM","SymbolID":0,"AltMode":0,"Base":0,"Clamped":-1,"Extruded":0,"Snippet":"","PopupInfo":"\u003chtml xmlns:fo=\"http://www.w3.org/1999/XSL/Format\" xmlns:msxsl=\"urn:schemas-microsoft-com:xslt\"\u003e\n\u003chead\u003e\n\u003cMETA http-equiv=\"Content-Type\" content=\"text/html\"\u003e\n\u003cmeta http-equiv=\"content-type\" content=\"text/html; charset=UTF-8\"\u003e\n\u003c/head\u003e\n\u003cbody style=\"margin:0px 0px 0px 0px;overflow:auto;background:#FFFFFF;\"\u003e\n\u003ctable style=\"font-family:Arial,Verdana,Times;font-size:12px;text-align:left;width:100%;border-collapse:collapse;padding:3px 3px 3px 3px\"\u003e\n\u003ctr style=\"text-align:center;font-weight:bold;background:#9CBCE2\"\u003e\n\u003ctd\u003e18102566,9293\u003c/td\u003e\n\u003c/tr\u003e\n\u003ctr\u003e\n\u003ctd\u003e\n\u003ctable style=\"font-family:Arial,Verdana,Times;font-size:12px;text-align:left;width:100%;border-spacing:0px; padding:3px 3px 3px 3px\"\u003e\n\u003ctr\u003e\n\u003ctd\u003eFID\u003c/td\u003e\n\u003ctd\u003e0\u003c/td\u003e\n\u003c/tr\u003e\n\u003ctr bgcolor=\"#D4E4F3\"\u003e\n\u003ctd\u003eShape_Leng\u003c/td\u003e\n\u003ctd\u003e18102566,9293\u003c/td\u003e\n\u003c/tr\u003e\n\u003c/table\u003e\n\u003c/td\u003e\n\u003c/tr\u003e\n\u003c/table\u003e\n\u003c/body\u003e\u003cscript type=\"text/javascript\"\u003e\n\t\t\t\tfunction changeImage(attElement, nameElement) {\n\t\t\t\tdocument.getElementById('imageAttachment').src = attElement;\n\t\t\t\tdocument.getElementById('imageName').innerHTML = nameElement;}\n\t\t\t\u003c/script\u003e\u003c/html\u003e\n","FID_active_grids":261,"GridID":"G51","Shape_Length":9.0218681428709638e-05,"Shape_Area":4.0702007449977103e-10}},{"type":"Feature","id":41933,"geometry":{"type":"Polygon","coordinates":[[[115.34175157000004,-6.8321310369999537],[115.34175140700006,-6.8321129969999674],[115.34174238300011,-6.8321130779999635],[115.34174254600009,-6.8321311179999498],[115.34175157000004,-6.8321310369999537]]]},"properties":{"OBJECTID":41933,"FID_mangrove_utm":41752,"OBJECTID_1":41752,"Name":"18102566,9293","FolderPath":"JATIM/JATIM","SymbolID":0,"AltMode":0,"Base":0,"Clamped":-1,"Extruded":0,"Snippet":"","PopupInfo":"\u003chtml xmlns:fo=\"http://www.w3.org/1999/XSL/Format\" xmlns:msxsl=\"urn:schemas-microsoft-com:xslt\"\u003e\n\u003chead\u003e\n\u003cMETA http-equiv=\"Content-Type\" content=\"text/html\"\u003e\n\u003cmeta http-equiv=\"content-type\" content=\"text/html; charset=UTF-8\"\u003e\n\u003c/head\u003e\n\u003cbody style=\"margin:0px 0px 0px 0px;overflow:auto;background:#FFFFFF;\"\u003e\n\u003ctable style=\"font-family:Arial,Verdana,Times;font-size:12px;text-align:left;width:100%;border-collapse:collapse;padding:3px 3px 3px 3px\"\u003e\n\u003ctr style=\"text-align:center;font-weight:bold;background:#9CBCE2\"\u003e\n\u003ctd\u003e18102566,9293\u003c/td\u003e\n\u003c/tr\u003e\n\u003ctr\u003e\n\u003ctd\u003e\n\u003ctable style=\"font-family:Arial,Verdana,Times;font-size:12px;text-align:left;width:100%;border-spacing:0px; padding:3px 3px 3px 3px\"\u003e\n\u003ctr\u003e\n\u003ctd\u003eFID\u003c/td\u003e\n\u003ctd\u003e0\u003c/td\u003e\n\u003c/tr\u003e\n\u003ctr bgcolor=\"#D4E4F3\"\u003e\n\u003ctd\u003eShape_Leng\u003c/td\u003e\n\u003ctd\u003e18102566,9293\u003c/td\u003e\n\u003c/tr\u003e\n\u003c/table\u003e\n\u003c/td\u003e\n\u003c/tr\u003e\n\u003c/table\u003e\n\u003c/body\u003e\u003cscript type=\"text/javascript\"\u003e\n\t\t\t\tfunction changeImage(attElement, nameElement) {\n\t\t\t\tdocument.getElementById('imageAttachment').src = attElement;\n\t\t\t\tdocument.getElementById('imageName').innerHTML = nameElement;}\n\t\t\t\u003c/script\u003e\u003c/html\u003e\n","FID_active_grids":261,"GridID":"G51","Shape_Length":5.4130199673026768e-05,"Shape_Area":1.6280616198727576e-10}},{"type":"Feature","id":41934,"geometry":{"type":"Polygon","coordinates":[[[115.34203149100006,-6.8321465509999371],[115.34203141000012,-6.8321375309999439],[115.34202238500006,-6.83213761199994],[115.34202230400001,-6.8321285929999362],[115.34200425500001,-6.8321287549999283],[115.34200417300008,-6.8321197359999815],[115.34199514900001,-6.8321198169999775],[115.34199506700008,-6.8321107969999275],[115.34198604300002,-6.8321108789999698],[115.34198628800004,-6.8321379379999598],[115.34200433600006,-6.8321377749999783],[115.34200466300001,-6.8321738549999509],[115.34204076000003,-6.832173528999931],[115.34204084200007,-6.832182548999981],[115.34206791500003,-6.8321823049999466],[115.34206783400009,-6.8321732849999535],[115.34207685800004,-6.832173202999968],[115.34207694000008,-6.8321822229999611],[115.34208596400003,-6.8321821419999651],[115.3420858830001,-6.832173121999972],[115.34209490700005,-6.8321730399999296],[115.34209482500012,-6.8321640199999365],[115.34206775200005,-6.8321642649999603],[115.34206767100011,-6.8321552449999672],[115.34204059700005,-6.8321554889999447],[115.34204051600011,-6.8321464689999516],[115.34203149100006,-6.8321465509999371],[115.3420315730001,-6.8321555709999302],[115.34202254800005,-6.8321556519999262],[115.34202246700011,-6.8321466319999331],[115.34203149100006,-6.8321465509999371]]]},"properties":{"OBJECTID":41934,"FID_mangrove_utm":41753,"OBJECTID_1":41753,"Name":"18102566,9293","FolderPath":"JATIM/JATIM","SymbolID":0,"AltMode":0,"Base":0,"Clamped":-1,"Extruded":0,"Snippet":"","PopupInfo":"\u003chtml xmlns:fo=\"http://www.w3.org/1999/XSL/Format\" xmlns:msxsl=\"urn:schemas-microsoft-com:xslt\"\u003e\n\u003chead\u003e\n\u003cMETA http-equiv=\"Content-Type\" content=\"text/html\"\u003e\n\u003cmeta http-equiv=\"content-type\" content=\"text/html; charset=UTF-8\"\u003e\n\u003c/head\u003e\n\u003cbody style=\"margin:0px 0px 0px 0px;overflow:auto;background:#FFFFFF;\"\u003e\n\u003ctable style=\"font-family:Arial,Verdana,Times;font-size:12px;text-align:left;width:100%;border-collapse:collapse;padding:3px 3px 3px 3px\"\u003e\n\u003ctr style=\"text-align:center;font-weight:bold;background:#9CBCE2\"\u003e\n\u003ctd\u003e18102566,9293\u003c/td\u003e\n\u003c/tr\u003e\n\u003ctr\u003e\n\u003ctd\u003e\n\u003ctable style=\"font-family:Arial,Verdana,Times;font-size:12px;text-align:left;width:100%;border-spacing:0px; padding:3px 3px 3px 3px\"\u003e\n\u003ctr\u003e\n\u003ctd\u003eFID\u003c/td\u003e\n\u003ctd\u003e0\u003c/td\u003e\n\u003c/tr\u003e\n\u003ctr bgcolor=\"#D4E4F3\"\u003e\n\u003ctd\u003eShape_Leng\u003c/td\u003e\n\u003ctd\u003e18102566,9293\u003c/td\u003e\n\u003c/tr\u003e\n\u003c/table\u003e\n\u003c/td\u003e\n\u003c/tr\u003e\n\u003c/table\u003e\n\u003c/body\u003e\u003cscript type=\"text/javascript\"\u003e\n\t\t\t\tfunction changeImage(attElement, nameElement) {\n\t\t\t\tdocument.getElementById('imageAttachment').src = attElement;\n\t\t\t\tdocument.getElementById('imageName').innerHTML = nameElement;}\n\t\t\t\u003c/script\u003e\u003c/html\u003e\n","FID_active_grids":261,"GridID":"G51","Shape_Length":0.00041504692367348934,"Shape_Area":2.7678054482858721e-09}},{"type":"Feature","id":41935,"geometry":{"type":"Polygon","coordinates":[[[115.34230189900006,-6.832108026999947],[115.34230198000012,-6.8321170469999402],[115.34229295600005,-6.8321171279999362],[115.34229328200001,-6.8321532079999656],[115.34230230600008,-6.8321531259999801],[115.34230222500003,-6.8321441069999764],[115.34231124900009,-6.8321440249999341],[115.34231149400011,-6.8321710849999704],[115.34235661600007,-6.8321706769999651],[115.34235686000011,-6.8321977369999445],[115.34234783600004,-6.8321978179999405],[115.34234793100006,-6.8322083699999325],[115.34235696100006,-6.8322089109999524],[115.34235694200004,-6.8322067569999376],[115.34239304000005,-6.8322064309999746],[115.34239308200006,-6.8322110759999646],[115.34253756300006,-6.8322197339999775],[115.34253751200004,-6.8322141469999451],[115.34254653700009,-6.8322140659999491],[115.34254659300007,-6.8322202749999406],[115.34255562300007,-6.8322208159999605],[115.34255556100004,-6.8322139839999636],[115.34257361000004,-6.8322138209999252],[115.34257352800012,-6.8322048009999321],[115.34258255300006,-6.8322047199999361],[115.34258247100001,-6.8321956999999429],[115.34260052000002,-6.8321955369999614],[115.34260043900008,-6.8321865169999683],[115.34260946300003,-6.8321864359999722],[115.34260954500007,-6.8321954549999759],[115.34261856900002,-6.8321953739999799],[115.34261848800008,-6.8321863539999299],[115.34262751200004,-6.8321862729999339],[115.34262759400008,-6.8321952919999376],[115.34263661800003,-6.8321952109999415],[115.34263670000007,-6.8322042309999347],[115.34265474800009,-6.8322040679999532],[115.34265483000001,-6.8322130879999463],[115.34266385400008,-6.8322130059999608],[115.34266393600001,-6.832222025999954],[115.34267296000007,-6.8322219449999579],[115.34267301400007,-6.8322278509999705],[115.34269107400007,-6.8322289329999535],[115.34269092800002,-6.8322127619999264],[115.34268190300008,-6.8322128429999793],[115.34268182200003,-6.8322038229999293],[115.34267279700009,-6.8322039049999717],[115.34267271600004,-6.8321948849999785],[115.34265466700003,-6.83219504799996],[115.34265450400005,-6.8321770079999737],[115.34263645500005,-6.8321771709999553],[115.34263629200007,-6.832159130999969],[115.34264531600002,-6.8321590499999729],[115.34264523500008,-6.8321500299999798],[115.34263621000002,-6.8321501119999652],[115.34263612900008,-6.8321410919999721],[115.34261808000008,-6.8321412549999536],[115.34261816100002,-6.8321502739999573],[115.34251889300003,-6.8321511709999641],[115.3425188110001,-6.8321421509999709],[115.3425007620001,-6.8321423139999524],[115.34250068100005,-6.8321332939999593],[115.34249165600011,-6.8321333759999447],[115.34249181900009,-6.8321514149999416],[115.34250084400003,-6.8321513339999456],[115.34250092500008,-6.8321603539999387],[115.34250995000002,-6.8321602719999532],[115.34251011300012,-6.8321783119999395],[115.34252816200001,-6.832178148999958],[115.34252824300006,-6.8321871689999512],[115.34245604800003,-6.832187820999934],[115.3424559660001,-6.8321788009999409],[115.34248303900006,-6.8321785559999739],[115.34248295800001,-6.8321695369999702],[115.34247393400005,-6.8321696179999662],[115.34247385200001,-6.8321605979999731],[115.34240165600011,-6.832161249999956],[115.34240157500005,-6.8321522299999629],[115.3423925510001,-6.8321523119999483],[115.34239246900006,-6.8321432919999552],[115.34233832200005,-6.8321437809999566],[115.34233824100011,-6.8321347609999634],[115.34232921600005,-6.8321348419999595],[115.34232913500011,-6.8321258219999663],[115.34232011000006,-6.8321259039999518],[115.34232002900001,-6.8321168839999586],[115.34231100400007,-6.8321169649999547],[115.34231092300001,-6.8321079449999615],[115.34230189900006,-6.832108026999947]],[[115.34238377100007,-6.8321794529999806],[115.34239279500002,-6.8321793709999383],[115.34239287700007,-6.8321883909999315],[115.34238385200001,-6.8321884729999738],[115.34238377100007,-6.8321794529999806]]]},"properties":{"OBJECTID":41935,"FID_mangrove_utm":41754,"OBJECTID_1":41754,"Name":"18102566,9293","FolderPath":"JATIM/JATIM","SymbolID":0,"AltMode":0,"Base":0,"Clamped":-1,"Extruded":0,"Snippet":"","PopupInfo":"\u003chtml xmlns:fo=\"http://www.w3.org/1999/XSL/Format\" xmlns:msxsl=\"urn:schemas-microsoft-com:xslt\"\u003e\n\u003chead\u003e\n\u003cMETA http-equiv=\"Content-Type\" content=\"text/html\"\u003e\n\u003cmeta http-equiv=\"content-type\" content=\"text/html; charset=UTF-8\"\u003e\n\u003c/head\u003e\n\u003cbody style=\"margin:0px 0px 0px 0px;overflow:auto;background:#FFFFFF;\"\u003e\n\u003ctable style=\"font-family:Arial,Verdana,Times;font-size:12px;text-align:left;width:100%;border-collapse:collapse;padding:3px 3px 3px 3px\"\u003e\n\u003ctr style=\"text-align:center;font-weight:bold;background:#9CBCE2\"\u003e\n\u003ctd\u003e18102566,9293\u003c/td\u003e\n\u003c/tr\u003e\n\u003ctr\u003e\n\u003ctd\u003e\n\u003ctable style=\"font-family:Arial,Verdana,Times;font-size:12px;text-align:left;width:100%;border-spacing:0px; padding:3px 3px 3px 3px\"\u003e\n\u003ctr\u003e\n\u003ctd\u003eFID\u003c/td\u003e\n\u003ctd\u003e0\u003c/td\u003e\n\u003c/tr\u003e\n\u003ctr bgcolor=\"#D4E4F3\"\u003e\n\u003ctd\u003eShape_Leng\u003c/td\u003e\n\u003ctd\u003e18102566,9293\u003c/td\u003e\n\u003c/tr\u003e\n\u003c/table\u003e\n\u003c/td\u003e\n\u003c/tr\u003e\n\u003c/table\u003e\n\u003c/body\u003e\u003cscript type=\"text/javascript\"\u003e\n\t\t\t\tfunction changeImage(attElement, nameElement) {\n\t\t\t\tdocument.getElementById('imageAttachment').src = attElement;\n\t\t\t\tdocument.getElementById('imageName').innerHTML = nameElement;}\n\t\t\t\u003c/script\u003e\u003c/html\u003e\n","FID_active_grids":261,"GridID":"G51","Shape_Length":0.0014751577169966131,"Shape_Area":1.8678589248756609e-08}},{"type":"Feature","id":41936,"geometry":{"type":"Polygon","coordinates":[[[115.34029847000011,-6.8321261109999796],[115.34029838900005,-6.8321170909999296],[115.34028936400011,-6.8321171729999719],[115.34028944600004,-6.832126192999965],[115.34029847000011,-6.8321261109999796]]]},"properties":{"OBJECTID":41936,"FID_mangrove_utm":41755,"OBJECTID_1":41755,"Name":"18102566,9293","FolderPath":"JATIM/JATIM","SymbolID":0,"AltMode":0,"Base":0,"Clamped":-1,"Extruded":0,"Snippet":"","PopupInfo":"\u003chtml xmlns:fo=\"http://www.w3.org/1999/XSL/Format\" xmlns:msxsl=\"urn:schemas-microsoft-com:xslt\"\u003e\n\u003chead\u003e\n\u003cMETA http-equiv=\"Content-Type\" content=\"text/html\"\u003e\n\u003cmeta http-equiv=\"content-type\" content=\"text/html; charset=UTF-8\"\u003e\n\u003c/head\u003e\n\u003cbody style=\"margin:0px 0px 0px 0px;overflow:auto;background:#FFFFFF;\"\u003e\n\u003ctable style=\"font-family:Arial,Verdana,Times;font-size:12px;text-align:left;width:100%;border-collapse:collapse;padding:3px 3px 3px 3px\"\u003e\n\u003ctr style=\"text-align:center;font-weight:bold;background:#9CBCE2\"\u003e\n\u003ctd\u003e18102566,9293\u003c/td\u003e\n\u003c/tr\u003e\n\u003ctr\u003e\n\u003ctd\u003e\n\u003ctable style=\"font-family:Arial,Verdana,Times;font-size:12px;text-align:left;width:100%;border-spacing:0px; padding:3px 3px 3px 3px\"\u003e\n\u003ctr\u003e\n\u003ctd\u003eFID\u003c/td\u003e\n\u003ctd\u003e0\u003c/td\u003e\n\u003c/tr\u003e\n\u003ctr bgcolor=\"#D4E4F3\"\u003e\n\u003ctd\u003eShape_Leng\u003c/td\u003e\n\u003ctd\u003e18102566,9293\u003c/td\u003e\n\u003c/tr\u003e\n\u003c/table\u003e\n\u003c/td\u003e\n\u003c/tr\u003e\n\u003c/table\u003e\n\u003c/body\u003e\u003cscript type=\"text/javascript\"\u003e\n\t\t\t\tfunction changeImage(attElement, nameElement) {\n\t\t\t\tdocument.getElementById('imageAttachment').src = attElement;\n\t\t\t\tdocument.getElementById('imageName').innerHTML = nameElement;}\n\t\t\t\u003c/script\u003e\u003c/html\u003e\n","FID_active_grids":261,"GridID":"G51","Shape_Length":3.6090481519489878e-05,"Shape_Area":8.1407673216603978e-11}},{"type":"Feature","id":41937,"geometry":{"type":"Polygon","coordinates":[[[115.34048790200006,-6.8321153809999373],[115.34047887800011,-6.8321154629999796],[115.34047895900005,-6.8321244819999265],[115.34048798400011,-6.8321244009999305],[115.34048790200006,-6.8321153809999373]]]},"properties":{"OBJECTID":41937,"FID_mangrove_utm":41756,"OBJECTID_1":41756,"Name":"18102566,9293","FolderPath":"JATIM/JATIM","SymbolID":0,"AltMode":0,"Base":0,"Clamped":-1,"Extruded":0,"Snippet":"","PopupInfo":"\u003chtml xmlns:fo=\"http://www.w3.org/1999/XSL/Format\" xmlns:msxsl=\"urn:schemas-microsoft-com:xslt\"\u003e\n\u003chead\u003e\n\u003cMETA http-equiv=\"Content-Type\" content=\"text/html\"\u003e\n\u003cmeta http-equiv=\"content-type\" content=\"text/html; charset=UTF-8\"\u003e\n\u003c/head\u003e\n\u003cbody style=\"margin:0px 0px 0px 0px;overflow:auto;background:#FFFFFF;\"\u003e\n\u003ctable style=\"font-family:Arial,Verdana,Times;font-size:12px;text-align:left;width:100%;border-collapse:collapse;padding:3px 3px 3px 3px\"\u003e\n\u003ctr style=\"text-align:center;font-weight:bold;background:#9CBCE2\"\u003e\n\u003ctd\u003e18102566,9293\u003c/td\u003e\n\u003c/tr\u003e\n\u003ctr\u003e\n\u003ctd\u003e\n\u003ctable style=\"font-family:Arial,Verdana,Times;font-size:12px;text-align:left;width:100%;border-spacing:0px; padding:3px 3px 3px 3px\"\u003e\n\u003ctr\u003e\n\u003ctd\u003eFID\u003c/td\u003e\n\u003ctd\u003e0\u003c/td\u003e\n\u003c/tr\u003e\n\u003ctr bgcolor=\"#D4E4F3\"\u003e\n\u003ctd\u003eShape_Leng\u003c/td\u003e\n\u003ctd\u003e18102566,9293\u003c/td\u003e\n\u003c/tr\u003e\n\u003c/table\u003e\n\u003c/td\u003e\n\u003c/tr\u003e\n\u003c/table\u003e\n\u003c/body\u003e\u003cscript type=\"text/javascript\"\u003e\n\t\t\t\tfunction changeImage(attElement, nameElement) {\n\t\t\t\tdocument.getElementById('imageAttachment').src = attElement;\n\t\t\t\tdocument.getElementById('imageName').innerHTML = nameElement;}\n\t\t\t\u003c/script\u003e\u003c/html\u003e\n","FID_active_grids":261,"GridID":"G51","Shape_Length":3.6089472426711683e-05,"Shape_Area":8.1403119751773777e-11}},{"type":"Feature","id":41938,"geometry":{"type":"Polygon","coordinates":[[[115.34187775000009,-6.8321118559999263],[115.34187766800005,-6.8321028359999332],[115.3418686440001,-6.8321029179999755],[115.34186872500004,-6.8321119379999686],[115.34187775000009,-6.8321118559999263]]]},"properties":{"OBJECTID":41938,"FID_mangrove_utm":41757,"OBJECTID_1":41757,"Name":"18102566,9293","FolderPath":"JATIM/JATIM","SymbolID":0,"AltMode":0,"Base":0,"Clamped":-1,"Extruded":0,"Snippet":"","PopupInfo":"\u003chtml xmlns:fo=\"http://www.w3.org/1999/XSL/Format\" xmlns:msxsl=\"urn:schemas-microsoft-com:xslt\"\u003e\n\u003chead\u003e\n\u003cMETA http-equiv=\"Content-Type\" content=\"text/html\"\u003e\n\u003cmeta http-equiv=\"content-type\" content=\"text/html; charset=UTF-8\"\u003e\n\u003c/head\u003e\n\u003cbody style=\"margin:0px 0px 0px 0px;overflow:auto;background:#FFFFFF;\"\u003e\n\u003ctable style=\"font-family:Arial,Verdana,Times;font-size:12px;text-align:left;width:100%;border-collapse:collapse;padding:3px 3px 3px 3px\"\u003e\n\u003ctr style=\"text-align:center;font-weight:bold;background:#9CBCE2\"\u003e\n\u003ctd\u003e18102566,9293\u003c/td\u003e\n\u003c/tr\u003e\n\u003ctr\u003e\n\u003ctd\u003e\n\u003ctable style=\"font-family:Arial,Verdana,Times;font-size:12px;text-align:left;width:100%;border-spacing:0px; padding:3px 3px 3px 3px\"\u003e\n\u003ctr\u003e\n\u003ctd\u003eFID\u003c/td\u003e\n\u003ctd\u003e0\u003c/td\u003e\n\u003c/tr\u003e\n\u003ctr bgcolor=\"#D4E4F3\"\u003e\n\u003ctd\u003eShape_Leng\u003c/td\u003e\n\u003ctd\u003e18102566,9293\u003c/td\u003e\n\u003c/tr\u003e\n\u003c/table\u003e\n\u003c/td\u003e\n\u003c/tr\u003e\n\u003c/table\u003e\n\u003c/body\u003e\u003cscript type=\"text/javascript\"\u003e\n\t\t\t\tfunction changeImage(attElement, nameElement) {\n\t\t\t\tdocument.getElementById('imageAttachment').src = attElement;\n\t\t\t\tdocument.getElementById('imageName').innerHTML = nameElement;}\n\t\t\t\u003c/script\u003e\u003c/html\u003e\n","FID_active_grids":261,"GridID":"G51","Shape_Length":3.6090481463177854e-05,"Shape_Area":8.140767296242863e-11}},{"type":"Feature","id":41939,"geometry":{"type":"Polygon","coordinates":[[[115.34198604300002,-6.8321108789999698],[115.34198596200008,-6.8321018589999767],[115.34196791300008,-6.8321020219999582],[115.34196799400002,-6.8321110419999513],[115.34198604300002,-6.8321108789999698]]]},"properties":{"OBJECTID":41939,"FID_mangrove_utm":41758,"OBJECTID_1":41758,"Name":"18102566,9293","FolderPath":"JATIM/JATIM","SymbolID":0,"AltMode":0,"Base":0,"Clamped":-1,"Extruded":0,"Snippet":"","PopupInfo":"\u003chtml xmlns:fo=\"http://www.w3.org/1999/XSL/Format\" xmlns:msxsl=\"urn:schemas-microsoft-com:xslt\"\u003e\n\u003chead\u003e\n\u003cMETA http-equiv=\"Content-Type\" content=\"text/html\"\u003e\n\u003cmeta http-equiv=\"content-type\" content=\"text/html; charset=UTF-8\"\u003e\n\u003c/head\u003e\n\u003cbody style=\"margin:0px 0px 0px 0px;overflow:auto;background:#FFFFFF;\"\u003e\n\u003ctable style=\"font-family:Arial,Verdana,Times;font-size:12px;text-align:left;width:100%;border-collapse:collapse;padding:3px 3px 3px 3px\"\u003e\n\u003ctr style=\"text-align:center;font-weight:bold;background:#9CBCE2\"\u003e\n\u003ctd\u003e18102566,9293\u003c/td\u003e\n\u003c/tr\u003e\n\u003ctr\u003e\n\u003ctd\u003e\n\u003ctable style=\"font-family:Arial,Verdana,Times;font-size:12px;text-align:left;width:100%;border-spacing:0px; padding:3px 3px 3px 3px\"\u003e\n\u003ctr\u003e\n\u003ctd\u003eFID\u003c/td\u003e\n\u003ctd\u003e0\u003c/td\u003e\n\u003c/tr\u003e\n\u003ctr bgcolor=\"#D4E4F3\"\u003e\n\u003ctd\u003eShape_Leng\u003c/td\u003e\n\u003ctd\u003e18102566,9293\u003c/td\u003e\n\u003c/tr\u003e\n\u003c/table\u003e\n\u003c/td\u003e\n\u003c/tr\u003e\n\u003c/table\u003e\n\u003c/body\u003e\u003cscript type=\"text/javascript\"\u003e\n\t\t\t\tfunction changeImage(attElement, nameElement) {\n\t\t\t\tdocument.getElementById('imageAttachment').src = attElement;\n\t\t\t\tdocument.getElementById('imageName').innerHTML = nameElement;}\n\t\t\t\u003c/script\u003e\u003c/html\u003e\n","FID_active_grids":261,"GridID":"G51","Shape_Length":5.4140199381675863e-05,"Shape_Area":1.628151829080686e-10}},{"type":"Feature","id":41940,"geometry":{"type":"Polygon","coordinates":[[[115.34224767000001,-6.8320994959999553],[115.34222962100012,-6.8320996589999368],[115.34222978500009,-6.8321176989999799],[115.34222076000003,-6.8321177799999759],[115.34222084200007,-6.8321267999999691],[115.34221181700002,-6.8321268819999545],[115.34221198000012,-6.8321449209999514],[115.34223002900001,-6.8321447579999699],[115.34222994800007,-6.8321357379999768],[115.34224799600008,-6.8321355759999278],[115.3422478330001,-6.8321175359999415],[115.34225685800004,-6.8321174539999561],[115.34225693900009,-6.8321264739999492],[115.34226596400003,-6.8321263929999532],[115.34226580100005,-6.8321083529999669],[115.34224775200005,-6.8321085159999484],[115.34224767000001,-6.8320994959999553]]]},"properties":{"OBJECTID":41940,"FID_mangrove_utm":41759,"OBJECTID_1":41759,"Name":"18102566,9293","FolderPath":"JATIM/JATIM","SymbolID":0,"AltMode":0,"Base":0,"Clamped":-1,"Extruded":0,"Snippet":"","PopupInfo":"\u003chtml xmlns:fo=\"http://www.w3.org/1999/XSL/Format\" xmlns:msxsl=\"urn:schemas-microsoft-com:xslt\"\u003e\n\u003chead\u003e\n\u003cMETA http-equiv=\"Content-Type\" content=\"text/html\"\u003e\n\u003cmeta http-equiv=\"content-type\" content=\"text/html; charset=UTF-8\"\u003e\n\u003c/head\u003e\n\u003cbody style=\"margin:0px 0px 0px 0px;overflow:auto;background:#FFFFFF;\"\u003e\n\u003ctable style=\"font-family:Arial,Verdana,Times;font-size:12px;text-align:left;width:100%;border-collapse:collapse;padding:3px 3px 3px 3px\"\u003e\n\u003ctr style=\"text-align:center;font-weight:bold;background:#9CBCE2\"\u003e\n\u003ctd\u003e18102566,9293\u003c/td\u003e\n\u003c/tr\u003e\n\u003ctr\u003e\n\u003ctd\u003e\n\u003ctable style=\"font-family:Arial,Verdana,Times;font-size:12px;text-align:left;width:100%;border-spacing:0px; padding:3px 3px 3px 3px\"\u003e\n\u003ctr\u003e\n\u003ctd\u003eFID\u003c/td\u003e\n\u003ctd\u003e0\u003c/td\u003e\n\u003c/tr\u003e\n\u003ctr bgcolor=\"#D4E4F3\"\u003e\n\u003ctd\u003eShape_Leng\u003c/td\u003e\n\u003ctd\u003e18102566,9293\u003c/td\u003e\n\u003c/tr\u003e\n\u003c/table\u003e\n\u003c/td\u003e\n\u003c/tr\u003e\n\u003c/table\u003e\n\u003c/body\u003e\u003cscript type=\"text/javascript\"\u003e\n\t\t\t\tfunction changeImage(attElement, nameElement) {\n\t\t\t\tdocument.getElementById('imageAttachment').src = attElement;\n\t\t\t\tdocument.getElementById('imageName').innerHTML = nameElement;}\n\t\t\t\u003c/script\u003e\u003c/html\u003e\n","FID_active_grids":261,"GridID":"G51","Shape_Length":0.00021654283425964773,"Shape_Area":1.3024859397215071e-09}},{"type":"Feature","id":41941,"geometry":{"type":"Polygon","coordinates":[[[115.34230189900006,-6.832108026999947],[115.34230181700002,-6.8320990069999539],[115.34229279300007,-6.8320990889999393],[115.34229287400001,-6.8321081079999431],[115.34230189900006,-6.832108026999947]]]},"properties":{"OBJECTID":41941,"FID_mangrove_utm":41760,"OBJECTID_1":41760,"Name":"18102566,9293","FolderPath":"JATIM/JATIM","SymbolID":0,"AltMode":0,"Base":0,"Clamped":-1,"Extruded":0,"Snippet":"","PopupInfo":"\u003chtml xmlns:fo=\"http://www.w3.org/1999/XSL/Format\" xmlns:msxsl=\"urn:schemas-microsoft-com:xslt\"\u003e\n\u003chead\u003e\n\u003cMETA http-equiv=\"Content-Type\" content=\"text/html\"\u003e\n\u003cmeta http-equiv=\"content-type\" content=\"text/html; charset=UTF-8\"\u003e\n\u003c/head\u003e\n\u003cbody style=\"margin:0px 0px 0px 0px;overflow:auto;background:#FFFFFF;\"\u003e\n\u003ctable style=\"font-family:Arial,Verdana,Times;font-size:12px;text-align:left;width:100%;border-collapse:collapse;padding:3px 3px 3px 3px\"\u003e\n\u003ctr style=\"text-align:center;font-weight:bold;background:#9CBCE2\"\u003e\n\u003ctd\u003e18102566,9293\u003c/td\u003e\n\u003c/tr\u003e\n\u003ctr\u003e\n\u003ctd\u003e\n\u003ctable style=\"font-family:Arial,Verdana,Times;font-size:12px;text-align:left;width:100%;border-spacing:0px; padding:3px 3px 3px 3px\"\u003e\n\u003ctr\u003e\n\u003ctd\u003eFID\u003c/td\u003e\n\u003ctd\u003e0\u003c/td\u003e\n\u003c/tr\u003e\n\u003ctr bgcolor=\"#D4E4F3\"\u003e\n\u003ctd\u003eShape_Leng\u003c/td\u003e\n\u003ctd\u003e18102566,9293\u003c/td\u003e\n\u003c/tr\u003e\n\u003c/table\u003e\n\u003c/td\u003e\n\u003c/tr\u003e\n\u003c/table\u003e\n\u003c/body\u003e\u003cscript type=\"text/javascript\"\u003e\n\t\t\t\tfunction changeImage(attElement, nameElement) {\n\t\t\t\tdocument.getElementById('imageAttachment').src = attElement;\n\t\t\t\tdocument.getElementById('imageName').innerHTML = nameElement;}\n\t\t\t\u003c/script\u003e\u003c/html\u003e\n","FID_active_grids":261,"GridID":"G51","Shape_Length":3.6089472483036304e-05,"Shape_Area":8.1403120005949124e-11}},{"type":"Feature","id":41943,"geometry":{"type":"Polygon","coordinates":[[[115.34089408500006,-6.8321207359999789],[115.34089392200008,-6.8321026959999358],[115.34085782400007,-6.8321030219999557],[115.34085774200003,-6.8320940019999625],[115.34084871800007,-6.8320940829999586],[115.34084888100006,-6.8321121229999449],[115.34085790500001,-6.8321120419999488],[115.34085798700005,-6.832121061999942],[115.34084896200011,-6.832121142999938],[115.34084928800007,-6.8321572229999674],[115.34085831300001,-6.8321571409999251],[115.34085847600011,-6.8321751809999682],[115.34086750000006,-6.8321750999999722],[115.34086741900001,-6.832166079999979],[115.34087644300007,-6.8321659979999367],[115.34087652500011,-6.8321750179999299],[115.34089457400012,-6.8321748549999484],[115.34089441100002,-6.8321568149999621],[115.34088538600008,-6.8321568969999475],[115.34088530500003,-6.8321478769999544],[115.34087628000009,-6.8321479579999504],[115.34087603600005,-6.8321208989999604],[115.34089408500006,-6.8321207359999789]]]},"properties":{"OBJECTID":41943,"FID_mangrove_utm":41762,"OBJECTID_1":41762,"Name":"18102566,9293","FolderPath":"JATIM/JATIM","SymbolID":0,"AltMode":0,"Base":0,"Clamped":-1,"Extruded":0,"Snippet":"","PopupInfo":"\u003chtml xmlns:fo=\"http://www.w3.org/1999/XSL/Format\" xmlns:msxsl=\"urn:schemas-microsoft-com:xslt\"\u003e\n\u003chead\u003e\n\u003cMETA http-equiv=\"Content-Type\" content=\"text/html\"\u003e\n\u003cmeta http-equiv=\"content-type\" content=\"text/html; charset=UTF-8\"\u003e\n\u003c/head\u003e\n\u003cbody style=\"margin:0px 0px 0px 0px;overflow:auto;background:#FFFFFF;\"\u003e\n\u003ctable style=\"font-family:Arial,Verdana,Times;font-size:12px;text-align:left;width:100%;border-collapse:collapse;padding:3px 3px 3px 3px\"\u003e\n\u003ctr style=\"text-align:center;font-weight:bold;background:#9CBCE2\"\u003e\n\u003ctd\u003e18102566,9293\u003c/td\u003e\n\u003c/tr\u003e\n\u003ctr\u003e\n\u003ctd\u003e\n\u003ctable style=\"font-family:Arial,Verdana,Times;font-size:12px;text-align:left;width:100%;border-spacing:0px; padding:3px 3px 3px 3px\"\u003e\n\u003ctr\u003e\n\u003ctd\u003eFID\u003c/td\u003e\n\u003ctd\u003e0\u003c/td\u003e\n\u003c/tr\u003e\n\u003ctr bgcolor=\"#D4E4F3\"\u003e\n\u003ctd\u003eShape_Leng\u003c/td\u003e\n\u003ctd\u003e18102566,9293\u003c/td\u003e\n\u003c/tr\u003e\n\u003c/table\u003e\n\u003c/td\u003e\n\u003c/tr\u003e\n\u003c/table\u003e\n\u003c/body\u003e\u003cscript type=\"text/javascript\"\u003e\n\t\t\t\tfunction changeImage(attElement, nameElement) {\n\t\t\t\tdocument.getElementById('imageAttachment').src = attElement;\n\t\t\t\tdocument.getElementById('imageName').innerHTML = nameElement;}\n\t\t\t\u003c/script\u003e\u003c/html\u003e\n","FID_active_grids":261,"GridID":"G51","Shape_Length":0.00032480424277572247,"Shape_Area":2.4422153034422265e-09}},{"type":"Feature","id":41944,"geometry":{"type":"Polygon","coordinates":[[[115.34228368700008,-6.8320901499999422],[115.34228360500003,-6.8320811299999491],[115.34226555600003,-6.8320812929999306],[115.34226563800007,-6.8320903129999806],[115.34228368700008,-6.8320901499999422]]]},"properties":{"OBJECTID":41944,"FID_mangrove_utm":41763,"OBJECTID_1":41763,"Name":"18102566,9293","FolderPath":"JATIM/JATIM","SymbolID":0,"AltMode":0,"Base":0,"Clamped":-1,"Extruded":0,"Snippet":"","PopupInfo":"\u003chtml xmlns:fo=\"http://www.w3.org/1999/XSL/Format\" xmlns:msxsl=\"urn:schemas-microsoft-com:xslt\"\u003e\n\u003chead\u003e\n\u003cMETA http-equiv=\"Content-Type\" content=\"text/html\"\u003e\n\u003cmeta http-equiv=\"content-type\" content=\"text/html; charset=UTF-8\"\u003e\n\u003c/head\u003e\n\u003cbody style=\"margin:0px 0px 0px 0px;overflow:auto;background:#FFFFFF;\"\u003e\n\u003ctable style=\"font-family:Arial,Verdana,Times;font-size:12px;text-align:left;width:100%;border-collapse:collapse;padding:3px 3px 3px 3px\"\u003e\n\u003ctr style=\"text-align:center;font-weight:bold;background:#9CBCE2\"\u003e\n\u003ctd\u003e18102566,9293\u003c/td\u003e\n\u003c/tr\u003e\n\u003ctr\u003e\n\u003ctd\u003e\n\u003ctable style=\"font-family:Arial,Verdana,Times;font-size:12px;text-align:left;width:100%;border-spacing:0px; padding:3px 3px 3px 3px\"\u003e\n\u003ctr\u003e\n\u003ctd\u003eFID\u003c/td\u003e\n\u003ctd\u003e0\u003c/td\u003e\n\u003c/tr\u003e\n\u003ctr bgcolor=\"#D4E4F3\"\u003e\n\u003ctd\u003eShape_Leng\u003c/td\u003e\n\u003ctd\u003e18102566,9293\u003c/td\u003e\n\u003c/tr\u003e\n\u003c/table\u003e\n\u003c/td\u003e\n\u003c/tr\u003e\n\u003c/table\u003e\n\u003c/body\u003e\u003cscript type=\"text/javascript\"\u003e\n\t\t\t\tfunction changeImage(attElement, nameElement) {\n\t\t\t\tdocument.getElementById('imageAttachment').src = attElement;\n\t\t\t\tdocument.getElementById('imageName').innerHTML = nameElement;}\n\t\t\t\u003c/script\u003e\u003c/html\u003e\n","FID_active_grids":261,"GridID":"G51","Shape_Length":5.4140217511107277e-05,"Shape_Area":1.6281534644017129e-10}},{"type":"Feature","id":41945,"geometry":{"type":"Polygon","coordinates":[[[115.34162473900005,-6.8320780579999791],[115.34158864100004,-6.8320783839999422],[115.34158872300009,-6.8320874039999353],[115.34159774700004,-6.8320873219999498],[115.34159782900008,-6.832096341999943],[115.34161587800008,-6.8320961789999615],[115.341616122,-6.8321232389999409],[115.34162514700006,-6.8321231569999554],[115.34162506500002,-6.8321141369999623],[115.34166116300003,-6.8321138119999318],[115.34166100000004,-6.8320957719999456],[115.34165197600009,-6.8320958529999416],[115.34165189400005,-6.8320868329999485],[115.3416428700001,-6.8320869149999339],[115.34164295100004,-6.8320959349999271],[115.34163392700009,-6.83209601599998],[115.34163400800003,-6.8321050359999731],[115.34162498400008,-6.8321051179999586],[115.34162473900005,-6.8320780579999791]]]},"properties":{"OBJECTID":41945,"FID_mangrove_utm":41764,"OBJECTID_1":41764,"Name":"18102566,9293","FolderPath":"JATIM/JATIM","SymbolID":0,"AltMode":0,"Base":0,"Clamped":-1,"Extruded":0,"Snippet":"","PopupInfo":"\u003chtml xmlns:fo=\"http://www.w3.org/1999/XSL/Format\" xmlns:msxsl=\"urn:schemas-microsoft-com:xslt\"\u003e\n\u003chead\u003e\n\u003cMETA http-equiv=\"Content-Type\" content=\"text/html\"\u003e\n\u003cmeta http-equiv=\"content-type\" content=\"text/html; charset=UTF-8\"\u003e\n\u003c/head\u003e\n\u003cbody style=\"margin:0px 0px 0px 0px;overflow:auto;background:#FFFFFF;\"\u003e\n\u003ctable style=\"font-family:Arial,Verdana,Times;font-size:12px;text-align:left;width:100%;border-collapse:collapse;padding:3px 3px 3px 3px\"\u003e\n\u003ctr style=\"text-align:center;font-weight:bold;background:#9CBCE2\"\u003e\n\u003ctd\u003e18102566,9293\u003c/td\u003e\n\u003c/tr\u003e\n\u003ctr\u003e\n\u003ctd\u003e\n\u003ctable style=\"font-family:Arial,Verdana,Times;font-size:12px;text-align:left;width:100%;border-spacing:0px; padding:3px 3px 3px 3px\"\u003e\n\u003ctr\u003e\n\u003ctd\u003eFID\u003c/td\u003e\n\u003ctd\u003e0\u003c/td\u003e\n\u003c/tr\u003e\n\u003ctr bgcolor=\"#D4E4F3\"\u003e\n\u003ctd\u003eShape_Leng\u003c/td\u003e\n\u003ctd\u003e18102566,9293\u003c/td\u003e\n\u003c/tr\u003e\n\u003c/table\u003e\n\u003c/td\u003e\n\u003c/tr\u003e\n\u003c/table\u003e\n\u003c/body\u003e\u003cscript type=\"text/javascript\"\u003e\n\t\t\t\tfunction changeImage(attElement, nameElement) {\n\t\t\t\tdocument.getElementById('imageAttachment').src = attElement;\n\t\t\t\tdocument.getElementById('imageName').innerHTML = nameElement;}\n\t\t\t\u003c/script\u003e\u003c/html\u003e\n","FID_active_grids":261,"GridID":"G51","Shape_Length":0.00027068105174906011,"Shape_Area":1.4653057558402776e-09}},{"type":"Feature","id":41946,"geometry":{"type":"Polygon","coordinates":[[[115.34097506000001,-6.8320929429999637],[115.34097489700002,-6.8320749029999774],[115.34095684800002,-6.832075065999959],[115.34095701100011,-6.8320931059999452],[115.34097506000001,-6.8320929429999637]]]},"properties":{"OBJECTID":41946,"FID_mangrove_utm":41765,"OBJECTID_1":41765,"Name":"18102566,9293","FolderPath":"JATIM/JATIM","SymbolID":0,"AltMode":0,"Base":0,"Clamped":-1,"Extruded":0,"Snippet":"","PopupInfo":"\u003chtml xmlns:fo=\"http://www.w3.org/1999/XSL/Format\" xmlns:msxsl=\"urn:schemas-microsoft-com:xslt\"\u003e\n\u003chead\u003e\n\u003cMETA http-equiv=\"Content-Type\" content=\"text/html\"\u003e\n\u003cmeta http-equiv=\"content-type\" content=\"text/html; charset=UTF-8\"\u003e\n\u003c/head\u003e\n\u003cbody style=\"margin:0px 0px 0px 0px;overflow:auto;background:#FFFFFF;\"\u003e\n\u003ctable style=\"font-family:Arial,Verdana,Times;font-size:12px;text-align:left;width:100%;border-collapse:collapse;padding:3px 3px 3px 3px\"\u003e\n\u003ctr style=\"text-align:center;font-weight:bold;background:#9CBCE2\"\u003e\n\u003ctd\u003e18102566,9293\u003c/td\u003e\n\u003c/tr\u003e\n\u003ctr\u003e\n\u003ctd\u003e\n\u003ctable style=\"font-family:Arial,Verdana,Times;font-size:12px;text-align:left;width:100%;border-spacing:0px; padding:3px 3px 3px 3px\"\u003e\n\u003ctr\u003e\n\u003ctd\u003eFID\u003c/td\u003e\n\u003ctd\u003e0\u003c/td\u003e\n\u003c/tr\u003e\n\u003ctr bgcolor=\"#D4E4F3\"\u003e\n\u003ctd\u003eShape_Leng\u003c/td\u003e\n\u003ctd\u003e18102566,9293\u003c/td\u003e\n\u003c/tr\u003e\n\u003c/table\u003e\n\u003c/td\u003e\n\u003c/tr\u003e\n\u003c/table\u003e\n\u003c/body\u003e\u003cscript type=\"text/javascript\"\u003e\n\t\t\t\tfunction changeImage(attElement, nameElement) {\n\t\t\t\tdocument.getElementById('imageAttachment').src = attElement;\n\t\t\t\tdocument.getElementById('imageName').innerHTML = nameElement;}\n\t\t\t\u003c/script\u003e\u003c/html\u003e\n","FID_active_grids":261,"GridID":"G51","Shape_Length":7.21809446397835e-05,"Shape_Area":3.2563052781673605e-10}},{"type":"Feature","id":41947,"geometry":{"type":"Polygon","coordinates":[[[115.34101107600009,-6.8320835969999507],[115.34101099500003,-6.8320745769999576],[115.34099294600003,-6.8320747399999391],[115.34099302800007,-6.8320837599999322],[115.34101107600009,-6.8320835969999507]]]},"properties":{"OBJECTID":41947,"FID_mangrove_utm":41766,"OBJECTID_1":41766,"Name":"18102566,9293","FolderPath":"JATIM/JATIM","SymbolID":0,"AltMode":0,"Base":0,"Clamped":-1,"Extruded":0,"Snippet":"","PopupInfo":"\u003chtml xmlns:fo=\"http://www.w3.org/1999/XSL/Format\" xmlns:msxsl=\"urn:schemas-microsoft-com:xslt\"\u003e\n\u003chead\u003e\n\u003cMETA http-equiv=\"Content-Type\" content=\"text/html\"\u003e\n\u003cmeta http-equiv=\"content-type\" content=\"text/html; charset=UTF-8\"\u003e\n\u003c/head\u003e\n\u003cbody style=\"margin:0px 0px 0px 0px;overflow:auto;background:#FFFFFF;\"\u003e\n\u003ctable style=\"font-family:Arial,Verdana,Times;font-size:12px;text-align:left;width:100%;border-collapse:collapse;padding:3px 3px 3px 3px\"\u003e\n\u003ctr style=\"text-align:center;font-weight:bold;background:#9CBCE2\"\u003e\n\u003ctd\u003e18102566,9293\u003c/td\u003e\n\u003c/tr\u003e\n\u003ctr\u003e\n\u003ctd\u003e\n\u003ctable style=\"font-family:Arial,Verdana,Times;font-size:12px;text-align:left;width:100%;border-spacing:0px; padding:3px 3px 3px 3px\"\u003e\n\u003ctr\u003e\n\u003ctd\u003eFID\u003c/td\u003e\n\u003ctd\u003e0\u003c/td\u003e\n\u003c/tr\u003e\n\u003ctr bgcolor=\"#D4E4F3\"\u003e\n\u003ctd\u003eShape_Leng\u003c/td\u003e\n\u003ctd\u003e18102566,9293\u003c/td\u003e\n\u003c/tr\u003e\n\u003c/table\u003e\n\u003c/td\u003e\n\u003c/tr\u003e\n\u003c/table\u003e\n\u003c/body\u003e\u003cscript type=\"text/javascript\"\u003e\n\t\t\t\tfunction changeImage(attElement, nameElement) {\n\t\t\t\tdocument.getElementById('imageAttachment').src = attElement;\n\t\t\t\tdocument.getElementById('imageName').innerHTML = nameElement;}\n\t\t\t\u003c/script\u003e\u003c/html\u003e\n","FID_active_grids":261,"GridID":"G51","Shape_Length":5.4139208470089191e-05,"Shape_Area":1.6281075447342688e-10}},{"type":"Feature","id":41948,"geometry":{"type":"Polygon","coordinates":[[[115.34150734000002,-6.832070096999928],[115.34149831500008,-6.8320701779999808],[115.34149839700001,-6.832079197999974],[115.34148937200007,-6.8320792799999595],[115.34148929100002,-6.8320702599999663],[115.34148026600008,-6.8320703409999624],[115.3414805110001,-6.8320974009999418],[115.3414985600001,-6.8320972379999603],[115.34149872300009,-6.8321152779999466],[115.34151677200009,-6.832115114999965],[115.34151669000005,-6.8321060949999719],[115.34154376400011,-6.8321058509999375],[115.34154360100001,-6.8320878109999512],[115.34150750300012,-6.8320881369999711],[115.34150734000002,-6.832070096999928]]]},"properties":{"OBJECTID":41948,"FID_mangrove_utm":41767,"OBJECTID_1":41767,"Name":"18102566,9293","FolderPath":"JATIM/JATIM","SymbolID":0,"AltMode":0,"Base":0,"Clamped":-1,"Extruded":0,"Snippet":"","PopupInfo":"\u003chtml xmlns:fo=\"http://www.w3.org/1999/XSL/Format\" xmlns:msxsl=\"urn:schemas-microsoft-com:xslt\"\u003e\n\u003chead\u003e\n\u003cMETA http-equiv=\"Content-Type\" content=\"text/html\"\u003e\n\u003cmeta http-equiv=\"content-type\" content=\"text/html; charset=UTF-8\"\u003e\n\u003c/head\u003e\n\u003cbody style=\"margin:0px 0px 0px 0px;overflow:auto;background:#FFFFFF;\"\u003e\n\u003ctable style=\"font-family:Arial,Verdana,Times;font-size:12px;text-align:left;width:100%;border-collapse:collapse;padding:3px 3px 3px 3px\"\u003e\n\u003ctr style=\"text-align:center;font-weight:bold;background:#9CBCE2\"\u003e\n\u003ctd\u003e18102566,9293\u003c/td\u003e\n\u003c/tr\u003e\n\u003ctr\u003e\n\u003ctd\u003e\n\u003ctable style=\"font-family:Arial,Verdana,Times;font-size:12px;text-align:left;width:100%;border-spacing:0px; padding:3px 3px 3px 3px\"\u003e\n\u003ctr\u003e\n\u003ctd\u003eFID\u003c/td\u003e\n\u003ctd\u003e0\u003c/td\u003e\n\u003c/tr\u003e\n\u003ctr bgcolor=\"#D4E4F3\"\u003e\n\u003ctd\u003eShape_Leng\u003c/td\u003e\n\u003ctd\u003e18102566,9293\u003c/td\u003e\n\u003c/tr\u003e\n\u003c/table\u003e\n\u003c/td\u003e\n\u003c/tr\u003e\n\u003c/table\u003e\n\u003c/body\u003e\u003cscript type=\"text/javascript\"\u003e\n\t\t\t\tfunction changeImage(attElement, nameElement) {\n\t\t\t\tdocument.getElementById('imageAttachment').src = attElement;\n\t\t\t\tdocument.getElementById('imageName').innerHTML = nameElement;}\n\t\t\t\u003c/script\u003e\u003c/html\u003e\n","FID_active_grids":261,"GridID":"G51","Shape_Length":0.00023459457009967143,"Shape_Area":1.5467312683728474e-09}},{"type":"Feature","id":41949,"geometry":{"type":"Polygon","coordinates":[[[115.34160660900011,-6.8320692009999675],[115.34160652700007,-6.8320601809999744],[115.34157042900006,-6.8320605069999374],[115.3415705110001,-6.8320695269999305],[115.34160660900011,-6.8320692009999675]]]},"properties":{"OBJECTID":41949,"FID_mangrove_utm":41768,"OBJECTID_1":41768,"Name":"18102566,9293","FolderPath":"JATIM/JATIM","SymbolID":0,"AltMode":0,"Base":0,"Clamped":-1,"Extruded":0,"Snippet":"","PopupInfo":"\u003chtml xmlns:fo=\"http://www.w3.org/1999/XSL/Format\" xmlns:msxsl=\"urn:schemas-microsoft-com:xslt\"\u003e\n\u003chead\u003e\n\u003cMETA http-equiv=\"Content-Type\" content=\"text/html\"\u003e\n\u003cmeta http-equiv=\"content-type\" content=\"text/html; charset=UTF-8\"\u003e\n\u003c/head\u003e\n\u003cbody style=\"margin:0px 0px 0px 0px;overflow:auto;background:#FFFFFF;\"\u003e\n\u003ctable style=\"font-family:Arial,Verdana,Times;font-size:12px;text-align:left;width:100%;border-collapse:collapse;padding:3px 3px 3px 3px\"\u003e\n\u003ctr style=\"text-align:center;font-weight:bold;background:#9CBCE2\"\u003e\n\u003ctd\u003e18102566,9293\u003c/td\u003e\n\u003c/tr\u003e\n\u003ctr\u003e\n\u003ctd\u003e\n\u003ctable style=\"font-family:Arial,Verdana,Times;font-size:12px;text-align:left;width:100%;border-spacing:0px; padding:3px 3px 3px 3px\"\u003e\n\u003ctr\u003e\n\u003ctd\u003eFID\u003c/td\u003e\n\u003ctd\u003e0\u003c/td\u003e\n\u003c/tr\u003e\n\u003ctr bgcolor=\"#D4E4F3\"\u003e\n\u003ctd\u003eShape_Leng\u003c/td\u003e\n\u003ctd\u003e18102566,9293\u003c/td\u003e\n\u003c/tr\u003e\n\u003c/table\u003e\n\u003c/td\u003e\n\u003c/tr\u003e\n\u003c/table\u003e\n\u003c/body\u003e\u003cscript type=\"text/javascript\"\u003e\n\t\t\t\tfunction changeImage(attElement, nameElement) {\n\t\t\t\tdocument.getElementById('imageAttachment').src = attElement;\n\t\t\t\tdocument.getElementById('imageName').innerHTML = nameElement;}\n\t\t\t\u003c/script\u003e\u003c/html\u003e\n","FID_active_grids":261,"GridID":"G51","Shape_Length":9.0239689481306075e-05,"Shape_Area":3.2563069184971452e-10}},{"type":"Feature","id":41950,"geometry":{"type":"Polygon","coordinates":[[[115.34099286500009,-6.8320657199999459],[115.34099278300005,-6.8320566999999528],[115.34097473400004,-6.8320568629999343],[115.34097481600008,-6.8320658829999275],[115.34099286500009,-6.8320657199999459]]]},"properties":{"OBJECTID":41950,"FID_mangrove_utm":41769,"OBJECTID_1":41769,"Name":"18102566,9293","FolderPath":"JATIM/JATIM","SymbolID":0,"AltMode":0,"Base":0,"Clamped":-1,"Extruded":0,"Snippet":"","PopupInfo":"\u003chtml xmlns:fo=\"http://www.w3.org/1999/XSL/Format\" xmlns:msxsl=\"urn:schemas-microsoft-com:xslt\"\u003e\n\u003chead\u003e\n\u003cMETA http-equiv=\"Content-Type\" content=\"text/html\"\u003e\n\u003cmeta http-equiv=\"content-type\" content=\"text/html; charset=UTF-8\"\u003e\n\u003c/head\u003e\n\u003cbody style=\"margin:0px 0px 0px 0px;overflow:auto;background:#FFFFFF;\"\u003e\n\u003ctable style=\"font-family:Arial,Verdana,Times;font-size:12px;text-align:left;width:100%;border-collapse:collapse;padding:3px 3px 3px 3px\"\u003e\n\u003ctr style=\"text-align:center;font-weight:bold;background:#9CBCE2\"\u003e\n\u003ctd\u003e18102566,9293\u003c/td\u003e\n\u003c/tr\u003e\n\u003ctr\u003e\n\u003ctd\u003e\n\u003ctable style=\"font-family:Arial,Verdana,Times;font-size:12px;text-align:left;width:100%;border-spacing:0px; padding:3px 3px 3px 3px\"\u003e\n\u003ctr\u003e\n\u003ctd\u003eFID\u003c/td\u003e\n\u003ctd\u003e0\u003c/td\u003e\n\u003c/tr\u003e\n\u003ctr bgcolor=\"#D4E4F3\"\u003e\n\u003ctd\u003eShape_Leng\u003c/td\u003e\n\u003ctd\u003e18102566,9293\u003c/td\u003e\n\u003c/tr\u003e\n\u003c/table\u003e\n\u003c/td\u003e\n\u003c/tr\u003e\n\u003c/table\u003e\n\u003c/body\u003e\u003cscript type=\"text/javascript\"\u003e\n\t\t\t\tfunction changeImage(attElement, nameElement) {\n\t\t\t\tdocument.getElementById('imageAttachment').src = attElement;\n\t\t\t\tdocument.getElementById('imageName').innerHTML = nameElement;}\n\t\t\t\u003c/script\u003e\u003c/html\u003e\n","FID_active_grids":261,"GridID":"G51","Shape_Length":5.4140217453752874e-05,"Shape_Area":1.6281534592485726e-10}},{"type":"Feature","id":41951,"geometry":{"type":"Polygon","coordinates":[[[115.34163351900008,-6.8320509169999468],[115.34162449500002,-6.8320509979999429],[115.34162465800011,-6.8320690379999292],[115.34164270700001,-6.8320688749999476],[115.34164262500008,-6.8320598549999545],[115.34163360100001,-6.83205993699994],[115.34163351900008,-6.8320509169999468]]]},"properties":{"OBJECTID":41951,"FID_mangrove_utm":41770,"OBJECTID_1":41770,"Name":"18102566,9293","FolderPath":"JATIM/JATIM","SymbolID":0,"AltMode":0,"Base":0,"Clamped":-1,"Extruded":0,"Snippet":"","PopupInfo":"\u003chtml xmlns:fo=\"http://www.w3.org/1999/XSL/Format\" xmlns:msxsl=\"urn:schemas-microsoft-com:xslt\"\u003e\n\u003chead\u003e\n\u003cMETA http-equiv=\"Content-Type\" content=\"text/html\"\u003e\n\u003cmeta http-equiv=\"content-type\" content=\"text/html; charset=UTF-8\"\u003e\n\u003c/head\u003e\n\u003cbody style=\"margin:0px 0px 0px 0px;overflow:auto;background:#FFFFFF;\"\u003e\n\u003ctable style=\"font-family:Arial,Verdana,Times;font-size:12px;text-align:left;width:100%;border-collapse:collapse;padding:3px 3px 3px 3px\"\u003e\n\u003ctr style=\"text-align:center;font-weight:bold;background:#9CBCE2\"\u003e\n\u003ctd\u003e18102566,9293\u003c/td\u003e\n\u003c/tr\u003e\n\u003ctr\u003e\n\u003ctd\u003e\n\u003ctable style=\"font-family:Arial,Verdana,Times;font-size:12px;text-align:left;width:100%;border-spacing:0px; padding:3px 3px 3px 3px\"\u003e\n\u003ctr\u003e\n\u003ctd\u003eFID\u003c/td\u003e\n\u003ctd\u003e0\u003c/td\u003e\n\u003c/tr\u003e\n\u003ctr bgcolor=\"#D4E4F3\"\u003e\n\u003ctd\u003eShape_Leng\u003c/td\u003e\n\u003ctd\u003e18102566,9293\u003c/td\u003e\n\u003c/tr\u003e\n\u003c/table\u003e\n\u003c/td\u003e\n\u003c/tr\u003e\n\u003c/table\u003e\n\u003c/body\u003e\u003cscript type=\"text/javascript\"\u003e\n\t\t\t\tfunction changeImage(attElement, nameElement) {\n\t\t\t\tdocument.getElementById('imageAttachment').src = attElement;\n\t\t\t\tdocument.getElementById('imageName').innerHTML = nameElement;}\n\t\t\t\u003c/script\u003e\u003c/html\u003e\n","FID_active_grids":261,"GridID":"G51","Shape_Length":7.2179953894209621e-05,"Shape_Area":2.4421387396201564e-10}},{"type":"Feature","id":41952,"geometry":{"type":"Polygon","coordinates":[[[115.34047838900005,-6.8320613429999639],[115.34051448700006,-6.8320610169999441],[115.34051440500002,-6.8320519969999509],[115.3404061120001,-6.8320529749999537],[115.34040619300004,-6.8320619949999468],[115.34042424200004,-6.8320618319999653],[115.34042432400008,-6.8320708519999584],[115.34039725000002,-6.832071095999936],[115.34039733200007,-6.8320801159999291],[115.34040635600002,-6.8320800339999437],[115.34040643800006,-6.8320890539999368],[115.34041546200001,-6.8320889729999408],[115.34041554400005,-6.8320979929999339],[115.34042456800012,-6.8320979109999485],[115.34042465000005,-6.8321069309999416],[115.34043367400011,-6.8321068499999456],[115.34043375600004,-6.8321158699999387],[115.3404427800001,-6.8321157879999532],[115.34044269900005,-6.8321067679999601],[115.34045172300011,-6.832106686999964],[115.34045164200006,-6.8320976669999709],[115.34046969000008,-6.8320975039999325],[115.3404695270001,-6.8320794639999463],[115.34047855200004,-6.8320793829999502],[115.34047838900005,-6.8320613429999639]]]},"properties":{"OBJECTID":41952,"FID_mangrove_utm":41771,"OBJECTID_1":41771,"Name":"18102566,9293","FolderPath":"JATIM/JATIM","SymbolID":0,"AltMode":0,"Base":0,"Clamped":-1,"Extruded":0,"Snippet":"","PopupInfo":"\u003chtml xmlns:fo=\"http://www.w3.org/1999/XSL/Format\" xmlns:msxsl=\"urn:schemas-microsoft-com:xslt\"\u003e\n\u003chead\u003e\n\u003cMETA http-equiv=\"Content-Type\" content=\"text/html\"\u003e\n\u003cmeta http-equiv=\"content-type\" content=\"text/html; charset=UTF-8\"\u003e\n\u003c/head\u003e\n\u003cbody style=\"margin:0px 0px 0px 0px;overflow:auto;background:#FFFFFF;\"\u003e\n\u003ctable style=\"font-family:Arial,Verdana,Times;font-size:12px;text-align:left;width:100%;border-collapse:collapse;padding:3px 3px 3px 3px\"\u003e\n\u003ctr style=\"text-align:center;font-weight:bold;background:#9CBCE2\"\u003e\n\u003ctd\u003e18102566,9293\u003c/td\u003e\n\u003c/tr\u003e\n\u003ctr\u003e\n\u003ctd\u003e\n\u003ctable style=\"font-family:Arial,Verdana,Times;font-size:12px;text-align:left;width:100%;border-spacing:0px; padding:3px 3px 3px 3px\"\u003e\n\u003ctr\u003e\n\u003ctd\u003eFID\u003c/td\u003e\n\u003ctd\u003e0\u003c/td\u003e\n\u003c/tr\u003e\n\u003ctr bgcolor=\"#D4E4F3\"\u003e\n\u003ctd\u003eShape_Leng\u003c/td\u003e\n\u003ctd\u003e18102566,9293\u003c/td\u003e\n\u003c/tr\u003e\n\u003c/table\u003e\n\u003c/td\u003e\n\u003c/tr\u003e\n\u003c/table\u003e\n\u003c/body\u003e\u003cscript type=\"text/javascript\"\u003e\n\t\t\t\tfunction changeImage(attElement, nameElement) {\n\t\t\t\tdocument.getElementById('imageAttachment').src = attElement;\n\t\t\t\tdocument.getElementById('imageName').innerHTML = nameElement;}\n\t\t\t\u003c/script\u003e\u003c/html\u003e\n","FID_active_grids":261,"GridID":"G51","Shape_Length":0.00039702720423325459,"Shape_Area":3.5818681064823485e-09}},{"type":"Feature","id":41953,"geometry":{"type":"Polygon","coordinates":[[[115.34147099800009,-6.8320433629999684],[115.34147091600005,-6.8320343429999753],[115.3414618920001,-6.8320344249999607],[115.34146197300004,-6.8320434449999539],[115.34147099800009,-6.8320433629999684]]]},"properties":{"OBJECTID":41953,"FID_mangrove_utm":41772,"OBJECTID_1":41772,"Name":"18102566,9293","FolderPath":"JATIM/JATIM","SymbolID":0,"AltMode":0,"Base":0,"Clamped":-1,"Extruded":0,"Snippet":"","PopupInfo":"\u003chtml xmlns:fo=\"http://www.w3.org/1999/XSL/Format\" xmlns:msxsl=\"urn:schemas-microsoft-com:xslt\"\u003e\n\u003chead\u003e\n\u003cMETA http-equiv=\"Content-Type\" content=\"text/html\"\u003e\n\u003cmeta http-equiv=\"content-type\" content=\"text/html; charset=UTF-8\"\u003e\n\u003c/head\u003e\n\u003cbody style=\"margin:0px 0px 0px 0px;overflow:auto;background:#FFFFFF;\"\u003e\n\u003ctable style=\"font-family:Arial,Verdana,Times;font-size:12px;text-align:left;width:100%;border-collapse:collapse;padding:3px 3px 3px 3px\"\u003e\n\u003ctr style=\"text-align:center;font-weight:bold;background:#9CBCE2\"\u003e\n\u003ctd\u003e18102566,9293\u003c/td\u003e\n\u003c/tr\u003e\n\u003ctr\u003e\n\u003ctd\u003e\n\u003ctable style=\"font-family:Arial,Verdana,Times;font-size:12px;text-align:left;width:100%;border-spacing:0px; padding:3px 3px 3px 3px\"\u003e\n\u003ctr\u003e\n\u003ctd\u003eFID\u003c/td\u003e\n\u003ctd\u003e0\u003c/td\u003e\n\u003c/tr\u003e\n\u003ctr bgcolor=\"#D4E4F3\"\u003e\n\u003ctd\u003eShape_Leng\u003c/td\u003e\n\u003ctd\u003e18102566,9293\u003c/td\u003e\n\u003c/tr\u003e\n\u003c/table\u003e\n\u003c/td\u003e\n\u003c/tr\u003e\n\u003c/table\u003e\n\u003c/body\u003e\u003cscript type=\"text/javascript\"\u003e\n\t\t\t\tfunction changeImage(attElement, nameElement) {\n\t\t\t\tdocument.getElementById('imageAttachment').src = attElement;\n\t\t\t\tdocument.getElementById('imageName').innerHTML = nameElement;}\n\t\t\t\u003c/script\u003e\u003c/html\u003e\n","FID_active_grids":261,"GridID":"G51","Shape_Length":3.6090481462144894e-05,"Shape_Area":8.1407672957795902e-11}},{"type":"Feature","id":41954,"geometry":{"type":"Polygon","coordinates":[[[115.34083920400008,-6.8320400449999283],[115.34083912300002,-6.8320310249999352],[115.34083009800008,-6.8320311069999775],[115.34083018000001,-6.8320401269999707],[115.34083920400008,-6.8320400449999283]]]},"properties":{"OBJECTID":41954,"FID_mangrove_utm":41773,"OBJECTID_1":41773,"Name":"18102566,9293","FolderPath":"JATIM/JATIM","SymbolID":0,"AltMode":0,"Base":0,"Clamped":-1,"Extruded":0,"Snippet":"","PopupInfo":"\u003chtml xmlns:fo=\"http://www.w3.org/1999/XSL/Format\" xmlns:msxsl=\"urn:schemas-microsoft-com:xslt\"\u003e\n\u003chead\u003e\n\u003cMETA http-equiv=\"Content-Type\" content=\"text/html\"\u003e\n\u003cmeta http-equiv=\"content-type\" content=\"text/html; charset=UTF-8\"\u003e\n\u003c/head\u003e\n\u003cbody style=\"margin:0px 0px 0px 0px;overflow:auto;background:#FFFFFF;\"\u003e\n\u003ctable style=\"font-family:Arial,Verdana,Times;font-size:12px;text-align:left;width:100%;border-collapse:collapse;padding:3px 3px 3px 3px\"\u003e\n\u003ctr style=\"text-align:center;font-weight:bold;background:#9CBCE2\"\u003e\n\u003ctd\u003e18102566,9293\u003c/td\u003e\n\u003c/tr\u003e\n\u003ctr\u003e\n\u003ctd\u003e\n\u003ctable style=\"font-family:Arial,Verdana,Times;font-size:12px;text-align:left;width:100%;border-spacing:0px; padding:3px 3px 3px 3px\"\u003e\n\u003ctr\u003e\n\u003ctd\u003eFID\u003c/td\u003e\n\u003ctd\u003e0\u003c/td\u003e\n\u003c/tr\u003e\n\u003ctr bgcolor=\"#D4E4F3\"\u003e\n\u003ctd\u003eShape_Leng\u003c/td\u003e\n\u003ctd\u003e18102566,9293\u003c/td\u003e\n\u003c/tr\u003e\n\u003c/table\u003e\n\u003c/td\u003e\n\u003c/tr\u003e\n\u003c/table\u003e\n\u003c/body\u003e\u003cscript type=\"text/javascript\"\u003e\n\t\t\t\tfunction changeImage(attElement, nameElement) {\n\t\t\t\tdocument.getElementById('imageAttachment').src = attElement;\n\t\t\t\tdocument.getElementById('imageName').innerHTML = nameElement;}\n\t\t\t\u003c/script\u003e\u003c/html\u003e\n","FID_active_grids":261,"GridID":"G51","Shape_Length":3.6090481463165257e-05,"Shape_Area":8.140767296242863e-11}},{"type":"Feature","id":41955,"geometry":{"type":"Polygon","coordinates":[[[115.34135359800007,-6.8320354019999741],[115.34135351700002,-6.8320263819999809],[115.34134449200008,-6.8320264639999664],[115.34134457400012,-6.8320354839999595],[115.34135359800007,-6.8320354019999741]]]},"properties":{"OBJECTID":41955,"FID_mangrove_utm":41774,"OBJECTID_1":41774,"Name":"18102566,9293","FolderPath":"JATIM/JATIM","SymbolID":0,"AltMode":0,"Base":0,"Clamped":-1,"Extruded":0,"Snippet":"","PopupInfo":"\u003chtml xmlns:fo=\"http://www.w3.org/1999/XSL/Format\" xmlns:msxsl=\"urn:schemas-microsoft-com:xslt\"\u003e\n\u003chead\u003e\n\u003cMETA http-equiv=\"Content-Type\" content=\"text/html\"\u003e\n\u003cmeta http-equiv=\"content-type\" content=\"text/html; charset=UTF-8\"\u003e\n\u003c/head\u003e\n\u003cbody style=\"margin:0px 0px 0px 0px;overflow:auto;background:#FFFFFF;\"\u003e\n\u003ctable style=\"font-family:Arial,Verdana,Times;font-size:12px;text-align:left;width:100%;border-collapse:collapse;padding:3px 3px 3px 3px\"\u003e\n\u003ctr style=\"text-align:center;font-weight:bold;background:#9CBCE2\"\u003e\n\u003ctd\u003e18102566,9293\u003c/td\u003e\n\u003c/tr\u003e\n\u003ctr\u003e\n\u003ctd\u003e\n\u003ctable style=\"font-family:Arial,Verdana,Times;font-size:12px;text-align:left;width:100%;border-spacing:0px; padding:3px 3px 3px 3px\"\u003e\n\u003ctr\u003e\n\u003ctd\u003eFID\u003c/td\u003e\n\u003ctd\u003e0\u003c/td\u003e\n\u003c/tr\u003e\n\u003ctr bgcolor=\"#D4E4F3\"\u003e\n\u003ctd\u003eShape_Leng\u003c/td\u003e\n\u003ctd\u003e18102566,9293\u003c/td\u003e\n\u003c/tr\u003e\n\u003c/table\u003e\n\u003c/td\u003e\n\u003c/tr\u003e\n\u003c/table\u003e\n\u003c/body\u003e\u003cscript type=\"text/javascript\"\u003e\n\t\t\t\tfunction changeImage(attElement, nameElement) {\n\t\t\t\tdocument.getElementById('imageAttachment').src = attElement;\n\t\t\t\tdocument.getElementById('imageName').innerHTML = nameElement;}\n\t\t\t\u003c/script\u003e\u003c/html\u003e\n","FID_active_grids":261,"GridID":"G51","Shape_Length":3.6090481349483623e-05,"Shape_Area":8.140767244972942e-11}},{"type":"Feature","id":41956,"geometry":{"type":"Polygon","coordinates":[[[115.34145294900009,-6.8320435259999499],[115.3414527860001,-6.8320254859999636],[115.34144376100005,-6.8320255679999491],[115.34144392400003,-6.8320436079999354],[115.34145294900009,-6.8320435259999499]]]},"properties":{"OBJECTID":41956,"FID_mangrove_utm":41775,"OBJECTID_1":41775,"Name":"18102566,9293","FolderPath":"JATIM/JATIM","SymbolID":0,"AltMode":0,"Base":0,"Clamped":-1,"Extruded":0,"Snippet":"","PopupInfo":"\u003chtml xmlns:fo=\"http://www.w3.org/1999/XSL/Format\" xmlns:msxsl=\"urn:schemas-microsoft-com:xslt\"\u003e\n\u003chead\u003e\n\u003cMETA http-equiv=\"Content-Type\" content=\"text/html\"\u003e\n\u003cmeta http-equiv=\"content-type\" content=\"text/html; charset=UTF-8\"\u003e\n\u003c/head\u003e\n\u003cbody style=\"margin:0px 0px 0px 0px;overflow:auto;background:#FFFFFF;\"\u003e\n\u003ctable style=\"font-family:Arial,Verdana,Times;font-size:12px;text-align:left;width:100%;border-collapse:collapse;padding:3px 3px 3px 3px\"\u003e\n\u003ctr style=\"text-align:center;font-weight:bold;background:#9CBCE2\"\u003e\n\u003ctd\u003e18102566,9293\u003c/td\u003e\n\u003c/tr\u003e\n\u003ctr\u003e\n\u003ctd\u003e\n\u003ctable style=\"font-family:Arial,Verdana,Times;font-size:12px;text-align:left;width:100%;border-spacing:0px; padding:3px 3px 3px 3px\"\u003e\n\u003ctr\u003e\n\u003ctd\u003eFID\u003c/td\u003e\n\u003ctd\u003e0\u003c/td\u003e\n\u003c/tr\u003e\n\u003ctr bgcolor=\"#D4E4F3\"\u003e\n\u003ctd\u003eShape_Leng\u003c/td\u003e\n\u003ctd\u003e18102566,9293\u003c/td\u003e\n\u003c/tr\u003e\n\u003c/table\u003e\n\u003c/td\u003e\n\u003c/tr\u003e\n\u003c/table\u003e\n\u003c/body\u003e\u003cscript type=\"text/javascript\"\u003e\n\t\t\t\tfunction changeImage(attElement, nameElement) {\n\t\t\t\tdocument.getElementById('imageAttachment').src = attElement;\n\t\t\t\tdocument.getElementById('imageName').innerHTML = nameElement;}\n\t\t\t\u003c/script\u003e\u003c/html\u003e\n","FID_active_grids":261,"GridID":"G51","Shape_Length":5.4132217858697692e-05,"Shape_Area":1.6282436684565009e-10}},{"type":"Feature","id":41957,"geometry":{"type":"Polygon","coordinates":[[[115.3416062010001,-6.8320241009999449],[115.3415881520001,-6.8320242639999265],[115.34158831500008,-6.8320423039999696],[115.34159734000002,-6.8320422229999735],[115.34159742100007,-6.8320512429999667],[115.34160644600001,-6.8320511609999812],[115.34160636400009,-6.8320421409999312],[115.34161538900003,-6.8320420599999352],[115.3416153070001,-6.832033039999942],[115.34160628300003,-6.8320331209999381],[115.3416062010001,-6.8320241009999449]]]},"properties":{"OBJECTID":41957,"FID_mangrove_utm":41776,"OBJECTID_1":41776,"Name":"18102566,9293","FolderPath":"JATIM/JATIM","SymbolID":0,"AltMode":0,"Base":0,"Clamped":-1,"Extruded":0,"Snippet":"","PopupInfo":"\u003chtml xmlns:fo=\"http://www.w3.org/1999/XSL/Format\" xmlns:msxsl=\"urn:schemas-microsoft-com:xslt\"\u003e\n\u003chead\u003e\n\u003cMETA http-equiv=\"Content-Type\" content=\"text/html\"\u003e\n\u003cmeta http-equiv=\"content-type\" content=\"text/html; charset=UTF-8\"\u003e\n\u003c/head\u003e\n\u003cbody style=\"margin:0px 0px 0px 0px;overflow:auto;background:#FFFFFF;\"\u003e\n\u003ctable style=\"font-family:Arial,Verdana,Times;font-size:12px;text-align:left;width:100%;border-collapse:collapse;padding:3px 3px 3px 3px\"\u003e\n\u003ctr style=\"text-align:center;font-weight:bold;background:#9CBCE2\"\u003e\n\u003ctd\u003e18102566,9293\u003c/td\u003e\n\u003c/tr\u003e\n\u003ctr\u003e\n\u003ctd\u003e\n\u003ctable style=\"font-family:Arial,Verdana,Times;font-size:12px;text-align:left;width:100%;border-spacing:0px; padding:3px 3px 3px 3px\"\u003e\n\u003ctr\u003e\n\u003ctd\u003eFID\u003c/td\u003e\n\u003ctd\u003e0\u003c/td\u003e\n\u003c/tr\u003e\n\u003ctr bgcolor=\"#D4E4F3\"\u003e\n\u003ctd\u003eShape_Leng\u003c/td\u003e\n\u003ctd\u003e18102566,9293\u003c/td\u003e\n\u003c/tr\u003e\n\u003c/table\u003e\n\u003c/td\u003e\n\u003c/tr\u003e\n\u003c/table\u003e\n\u003c/body\u003e\u003cscript type=\"text/javascript\"\u003e\n\t\t\t\tfunction changeImage(attElement, nameElement) {\n\t\t\t\tdocument.getElementById('imageAttachment').src = attElement;\n\t\t\t\tdocument.getElementById('imageName').innerHTML = nameElement;}\n\t\t\t\u003c/script\u003e\u003c/html\u003e\n","FID_active_grids":261,"GridID":"G51","Shape_Length":0.00010827241719159531,"Shape_Area":4.8845485666910688e-10}},{"type":"Feature","id":41958,"geometry":{"type":"Polygon","coordinates":[[[115.34038781800007,-6.8320260779999558],[115.34036977000005,-6.8320262409999373],[115.34036993200004,-6.8320442809999804],[115.3403970060001,-6.8320440359999566],[115.34039692400006,-6.8320350159999634],[115.34038790000011,-6.8320350979999489],[115.34038781800007,-6.8320260779999558]]]},"properties":{"OBJECTID":41958,"FID_mangrove_utm":41777,"OBJECTID_1":41777,"Name":"18102566,9293","FolderPath":"JATIM/JATIM","SymbolID":0,"AltMode":0,"Base":0,"Clamped":-1,"Extruded":0,"Snippet":"","PopupInfo":"\u003chtml xmlns:fo=\"http://www.w3.org/1999/XSL/Format\" xmlns:msxsl=\"urn:schemas-microsoft-com:xslt\"\u003e\n\u003chead\u003e\n\u003cMETA http-equiv=\"Content-Type\" content=\"text/html\"\u003e\n\u003cmeta http-equiv=\"content-type\" content=\"text/html; charset=UTF-8\"\u003e\n\u003c/head\u003e\n\u003cbody style=\"margin:0px 0px 0px 0px;overflow:auto;background:#FFFFFF;\"\u003e\n\u003ctable style=\"font-family:Arial,Verdana,Times;font-size:12px;text-align:left;width:100%;border-collapse:collapse;padding:3px 3px 3px 3px\"\u003e\n\u003ctr style=\"text-align:center;font-weight:bold;background:#9CBCE2\"\u003e\n\u003ctd\u003e18102566,9293\u003c/td\u003e\n\u003c/tr\u003e\n\u003ctr\u003e\n\u003ctd\u003e\n\u003ctable style=\"font-family:Arial,Verdana,Times;font-size:12px;text-align:left;width:100%;border-spacing:0px; padding:3px 3px 3px 3px\"\u003e\n\u003ctr\u003e\n\u003ctd\u003eFID\u003c/td\u003e\n\u003ctd\u003e0\u003c/td\u003e\n\u003c/tr\u003e\n\u003ctr bgcolor=\"#D4E4F3\"\u003e\n\u003ctd\u003eShape_Leng\u003c/td\u003e\n\u003ctd\u003e18102566,9293\u003c/td\u003e\n\u003c/tr\u003e\n\u003c/table\u003e\n\u003c/td\u003e\n\u003c/tr\u003e\n\u003c/table\u003e\n\u003c/body\u003e\u003cscript type=\"text/javascript\"\u003e\n\t\t\t\tfunction changeImage(attElement, nameElement) {\n\t\t\t\tdocument.getElementById('imageAttachment').src = attElement;\n\t\t\t\tdocument.getElementById('imageName').innerHTML = nameElement;}\n\t\t\t\u003c/script\u003e\u003c/html\u003e\n","FID_active_grids":261,"GridID":"G51","Shape_Length":9.0229689980523487e-05,"Shape_Area":4.070291401780275e-10}},{"type":"Feature","id":41959,"geometry":{"type":"Polygon","coordinates":[[[115.3413905110001,-6.832125274999953],[115.34139034800012,-6.8321072359999562],[115.34138132400005,-6.8321073169999522],[115.34138124200001,-6.8320982969999591],[115.34137221800006,-6.8320983789999445],[115.34137213600002,-6.8320893589999514],[115.34136311200007,-6.8320894399999474],[115.34136319300001,-6.8320984599999406],[115.34134514400012,-6.8320986229999789],[115.34134506300006,-6.832089602999929],[115.34133603800001,-6.8320896849999713],[115.34133595700007,-6.8320806649999781],[115.34132693200002,-6.8320807459999742],[115.34132685100008,-6.832071725999981],[115.34126368000011,-6.8320722969999679],[115.34126359800007,-6.8320632769999747],[115.34125457400012,-6.8320633579999708],[115.34125441100002,-6.8320453179999276],[115.34127246000003,-6.8320451549999461],[115.3412723780001,-6.832036134999953],[115.34128140300004,-6.8320360539999569],[115.34128148400009,-6.8320450739999501],[115.34130855700005,-6.8320448289999263],[115.34130847600011,-6.8320358099999794],[115.34131750000006,-6.8320357279999371],[115.34131741900001,-6.8320267079999439],[115.34130839400007,-6.8320267899999294],[115.34130831300001,-6.8320177699999363],[115.34129928800007,-6.8320178509999323],[115.34129912500009,-6.831999810999946],[115.34129010100003,-6.8319998929999315],[115.34129034600005,-6.8320269529999678],[115.34126327200011,-6.8320271969999453],[115.34126319100005,-6.8320181769999522],[115.34127221500012,-6.8320180959999561],[115.34127213400006,-6.832009075999963],[115.34128115800002,-6.8320089939999775],[115.34128107700008,-6.8319999739999275],[115.34125400300002,-6.8320002189999514],[115.34125408500006,-6.8320092389999445],[115.34123603600005,-6.832009401999926],[115.34123595400001,-6.8320003819999329],[115.34120888100006,-6.8320006259999673],[115.34120879900001,-6.8319916059999741],[115.34119977500006,-6.8319916879999596],[115.34119985700011,-6.8320007069999633],[115.34110058800002,-6.83200160399997],[115.34110066900007,-6.8320106229999737],[115.34109164500001,-6.8320107049999592],[115.3410918080001,-6.8320287449999455],[115.34108278300005,-6.8320288259999415],[115.34108286500009,-6.8320378459999347],[115.34107384000004,-6.832037927999977],[115.34107392200008,-6.8320469469999807],[115.34106489700002,-6.8320470289999662],[115.34106497900007,-6.8320560489999593],[115.34105595400001,-6.8320561299999554],[115.34105619900004,-6.8320831899999348],[115.3410652230001,-6.8320831079999493],[115.34106530500003,-6.8320921279999425],[115.34103823100008,-6.8320923729999663],[115.34103831300001,-6.8321013929999594],[115.34102026400001,-6.832101555999941],[115.34102018200008,-6.8320925359999478],[115.34101115800001,-6.8320926169999439],[115.34101156500003,-6.8321377169999664],[115.34100254100008,-6.8321377979999625],[115.34100262300001,-6.8321468179999556],[115.34099359800007,-6.8321468989999516],[115.34099376100005,-6.8321649389999379],[115.3409847370001,-6.8321650209999802],[115.34098481800004,-6.8321740409999734],[115.34097579400009,-6.8321741219999694],[115.34097612000005,-6.832210201999942],[115.34096709500011,-6.832210282999938],[115.34096725800009,-6.8322283229999812],[115.34094920900009,-6.8322284859999627],[115.34094929100002,-6.8322375059999558],[115.34093124200001,-6.8322376689999373],[115.34093140500011,-6.8322557089999805],[115.34092238000005,-6.8322557899999765],[115.34092246200009,-6.8322648099999697],[115.34090441300009,-6.8322649729999512],[115.34090433100005,-6.832255952999958],[115.34085018500002,-6.8322564419999594],[115.34085010300009,-6.8322474219999663],[115.3408681520001,-6.8322472589999279],[115.34086807100005,-6.8322382389999348],[115.3408409970001,-6.8322384829999692],[115.34084083400001,-6.832220442999926],[115.34083181000005,-6.8322205249999683],[115.34083172800001,-6.8322115049999752],[115.34084075300007,-6.8322114239999792],[115.34084059000008,-6.832193383999936],[115.34083156500003,-6.8321934649999321],[115.3408309130001,-6.8321213059999764],[115.34082188900004,-6.8321213869999724],[115.34082180700011,-6.8321123669999793],[115.34080375800011,-6.8321125299999608],[115.34080367700005,-6.8321035099999676],[115.34076757900004,-6.8321038359999307],[115.3407674980001,-6.8320948159999375],[115.34075847300005,-6.8320948979999798],[115.34075839200011,-6.8320858779999298],[115.34073131800005,-6.8320861219999642],[115.3407314000001,-6.8320951419999574],[115.34071335100009,-6.8320953049999389],[115.34071343200003,-6.832104324999932],[115.34067733500001,-6.8321046509999519],[115.34067741600006,-6.832113670999945],[115.34065034300011,-6.8321139149999794],[115.3406509130001,-6.832177053999942],[115.34064188900004,-6.8321771359999275],[115.34064205200002,-6.8321951759999706],[115.34065107600009,-6.8321950939999283],[115.34065115800001,-6.8322041139999783],[115.34066018200008,-6.8322040329999254],[115.34066034500006,-6.8322220729999685],[115.34066936900001,-6.8322219909999262],[115.34066953200011,-6.8322400309999693],[115.34066050800004,-6.8322401119999654],[115.34066058900009,-6.8322491319999585],[115.34066961400003,-6.8322490509999625],[115.34066977700002,-6.8322670909999488],[115.34063367900001,-6.8322674159999792],[115.34063376100005,-6.8322764359999724],[115.34062473600011,-6.8322765179999578],[115.34062465500006,-6.8322674979999647],[115.34060660600005,-6.8322676609999462],[115.34060676900003,-6.8322857009999325],[115.34057067100002,-6.8322860259999629],[115.34057075200008,-6.8322950459999561],[115.34054367900001,-6.8322952909999799],[115.34054359700008,-6.8322862709999299],[115.34056164600008,-6.8322861079999484],[115.34056156500003,-6.8322770879999553],[115.34057058900009,-6.8322770059999698],[115.34057050800004,-6.8322679869999661],[115.34058855700005,-6.8322678239999277],[115.34058847500012,-6.8322588039999346],[115.34059750000006,-6.8322587219999491],[115.34059741800002,-6.832249701999956],[115.34058839400006,-6.8322497839999414],[115.34058823100008,-6.8322317439999551],[115.34057920600003,-6.8322318249999512],[115.34057912500009,-6.8322228059999475],[115.34058814900004,-6.832222723999962],[115.34058798600006,-6.8322046839999757],[115.3405609130001,-6.8322049289999427],[115.34056083100006,-6.8321959089999496],[115.3404976600001,-6.832196478999947],[115.34049757900004,-6.8321874589999538],[115.3404885540001,-6.8321875399999499],[115.34048863600003,-6.832196559999943],[115.34047961100009,-6.8321966419999285],[115.34047969300002,-6.8322056619999785],[115.34050676600009,-6.8322054169999547],[115.34050684800002,-6.8322144369999478],[115.34048879900001,-6.8322145999999293],[115.34048888000007,-6.8322236199999793],[115.34047985600012,-6.8322237009999753],[115.3404800190001,-6.8322417409999616],[115.34048904300005,-6.8322416599999656],[115.34048928800007,-6.832268719999945],[115.34049831200002,-6.8322686379999595],[115.34049847500012,-6.8322866779999458],[115.34050750000006,-6.8322865969999498],[115.34050758100011,-6.8322956159999535],[115.34051660600005,-6.8322955349999575],[115.34051676900003,-6.8323135749999437],[115.3405438420001,-6.8323133299999768],[115.34054392300004,-6.8323223499999699],[115.34053489900009,-6.8323224319999554],[115.34053498000003,-6.8323314519999485],[115.34055302900003,-6.832331288999967],[115.34055311100008,-6.8323403089999601],[115.34054408600002,-6.8323403899999562],[115.34054416800006,-6.8323494099999493],[115.34055319200002,-6.8323493289999533],[115.34055327400006,-6.8323583489999464],[115.34054424900012,-6.8323584299999425],[115.3405444120001,-6.8323764699999288],[115.34053538800003,-6.8323765509999248],[115.34053546900009,-6.8323855709999748],[115.34052644500002,-6.8323856529999603],[115.34052628200004,-6.832367612999974],[115.34049920900009,-6.8323678569999515],[115.34049872000003,-6.8323137379999253],[115.34048969500009,-6.8323138189999781],[115.34048961400003,-6.8323047989999282],[115.34048058900009,-6.8323048809999705],[115.34048034500006,-6.8322778209999342],[115.34047132000001,-6.8322779019999302],[115.34047140200005,-6.8322869219999802],[115.34046237700011,-6.8322870039999657],[115.34046270300007,-6.8323230829999488],[115.34044465400007,-6.8323232459999304],[115.34044441000003,-6.8322961869999403],[115.34043538500009,-6.8322962679999364],[115.34043563000012,-6.8323233279999727],[115.34042660500006,-6.8323234089999687],[115.3404266870001,-6.8323324289999618],[115.34043571100005,-6.8323323479999658],[115.34043595600008,-6.8323594069999558],[115.34042693100002,-6.8323594889999413],[115.34042701300007,-6.8323685089999344],[115.34043603700002,-6.832368426999949],[115.34043611900006,-6.8323774469999421],[115.34045416800006,-6.8323772839999606],[115.34045408600002,-6.8323682639999674],[115.34047213500003,-6.8323681019999754],[115.34047262400009,-6.8324222209999448],[115.34046360000002,-6.8324223019999408],[115.34046376300012,-6.8324403419999271],[115.34043668900006,-6.8324405869999509],[115.3404367710001,-6.8324496069999441],[115.34042774600005,-6.8324496879999401],[115.34042782800009,-6.8324587079999333],[115.34040977900008,-6.8324588709999716],[115.34040994200006,-6.8324769109999579],[115.34040091700001,-6.832476991999954],[115.34040108000011,-6.8324950319999402],[115.34039205600004,-6.8324951129999363],[115.34039213700009,-6.8325041329999294],[115.34038311300003,-6.8325042149999717],[115.34038319400008,-6.8325132349999649],[115.34037417000002,-6.8325133159999609],[115.34037433300011,-6.8325313559999472],[115.34036530800006,-6.8325314369999433],[115.3403653900001,-6.8325404569999364],[115.3403473410001,-6.8325406199999748],[115.34034742200004,-6.8325496399999679],[115.34032937300003,-6.8325498029999494],[115.34032945500007,-6.8325588229999425],[115.34032043000002,-6.8325589039999386],[115.34032051200006,-6.8325679239999317],[115.34030246300006,-6.8325680869999701],[115.34030254400011,-6.8325771069999632],[115.34028449500011,-6.8325772699999447],[115.34028457700003,-6.8325862899999379],[115.34023945500007,-6.8325866969999538],[115.34023953600001,-6.8325957169999469],[115.34023051200006,-6.8325957989999324],[115.34023059300011,-6.8326048179999361],[115.34021254400011,-6.8326049809999745],[115.34021270700009,-6.8326230209999608],[115.34020368300003,-6.8326231029999462],[115.34020392700006,-6.8326501619999362],[115.34019490300011,-6.8326502439999786],[115.34019571800002,-6.8327404429999774],[115.34019618900004,-6.8327404389999629],[115.34028561100001,-6.8326919229999703],[115.34030304700002,-6.8326832569999283],[115.34030327400001,-6.8326831439999296],[115.34096838100004,-6.8323525579999682],[115.34096831800002,-6.8323455819999594],[115.34095929300008,-6.8323456629999555],[115.34095937500001,-6.8323546829999486],[115.34095035000007,-6.8323547649999341],[115.34095026900002,-6.832345744999941],[115.34094124400008,-6.832345825999937],[115.3409410810001,-6.8323277859999507],[115.34093205700003,-6.8323278679999362],[115.34093189400005,-6.8323098279999499],[115.34094091800011,-6.8323097469999539],[115.3409410810001,-6.8323277859999507],[115.34095010600004,-6.8323277049999547],[115.34094994300006,-6.8323096649999684],[115.34099506500002,-6.8323092579999525],[115.34099498400008,-6.8323002379999593],[115.34100400800003,-6.8323001559999739],[115.34100384500005,-6.832282116999977],[115.34103994300006,-6.8322817909999571],[115.34103961700009,-6.8322457109999277],[115.3410576660001,-6.8322455479999462],[115.34105774700004,-6.8322545679999394],[115.34104872300009,-6.8322546499999248],[115.34104880400002,-6.8322636699999748],[115.34107587800008,-6.832263424999951],[115.34107595900002,-6.8322724449999441],[115.34110303300008,-6.8322722009999666],[115.34110295100004,-6.8322631809999734],[115.34113002400011,-6.8322629359999496],[115.34113010600004,-6.8322719559999427],[115.34122035000007,-6.8322711419999678],[115.34122036600002,-6.8322728229999257],[115.34132849000002,-6.8322531579999577],[115.34132815500004,-6.8322160449999387],[115.34135522800011,-6.8322157999999718],[115.34135514700006,-6.8322067799999786],[115.34136417100001,-6.8322066989999257],[115.34136409000007,-6.8321976789999326],[115.34140921200003,-6.8321972719999735],[115.3414091300001,-6.8321882519999804],[115.34145425300005,-6.8321878449999645],[115.3414543340001,-6.8321968639999682],[115.34146335900004,-6.8321967829999721],[115.34146311400002,-6.8321697229999359],[115.34144506500002,-6.8321698859999742],[115.34144514700006,-6.8321789059999674],[115.34142709800005,-6.8321790689999489],[115.34142701600001,-6.8321700489999557],[115.34141799200006,-6.8321701309999412],[115.34141791000002,-6.8321611109999481],[115.34140888600007,-6.8321611919999441],[115.34140864100004,-6.8321341319999647],[115.34139961700009,-6.8321342139999501],[115.34139953500005,-6.832125193999957],[115.3413905110001,-6.832125274999953],[115.34139059300003,-6.8321342949999462],[115.34138156800009,-6.8321343769999316],[115.34138148700004,-6.8321253569999385],[115.3413905110001,-6.832125274999953]],[[115.34099465800011,-6.8322641579999299],[115.34100368200006,-6.8322640769999339],[115.34100376300012,-6.832273096999927],[115.34099473900005,-6.8322731779999799],[115.34099465800011,-6.8322641579999299]],[[115.3405428640001,-6.8322050919999811],[115.34054294600003,-6.8322141109999279],[115.34053392100009,-6.8322141929999702],[115.34053384000003,-6.8322051729999771],[115.3405428640001,-6.8322050919999811]],[[115.34089587700009,-6.8323191739999629],[115.34090490200003,-6.8323190919999774],[115.34090498300009,-6.8323281119999706],[115.34092303200009,-6.8323279489999322],[115.34092335800005,-6.8323640289999616],[115.3409143340001,-6.8323641099999577],[115.34091425200006,-6.8323550899999645],[115.34089620300006,-6.8323552529999461],[115.34089587700009,-6.8323191739999629]],[[115.34061701600001,-6.8324209179999684],[115.34062604000007,-6.8324208359999261],[115.34062587700009,-6.8324027969999293],[115.34063490100004,-6.8324027149999438],[115.3406348200001,-6.8323936949999506],[115.34064384400006,-6.8323936139999546],[115.3406439260001,-6.8324026339999477],[115.34065295000005,-6.8324025519999623],[115.34065311300003,-6.8324205919999486],[115.34064408900008,-6.8324206729999446],[115.34064417000002,-6.8324296929999377],[115.34061709700006,-6.8324299379999616],[115.34061701600001,-6.8324209179999684]],[[115.34066205600004,-6.8324114909999594],[115.3406710810001,-6.8324114089999739],[115.34067116200004,-6.832420428999967],[115.34068018700009,-6.832420347999971],[115.34068026800003,-6.8324293679999641],[115.34068929300008,-6.8324292859999787],[115.34068945600006,-6.832447325999965],[115.34069848000001,-6.8324472439999795],[115.34069864300011,-6.8324652839999658],[115.3406805940001,-6.8324654469999473],[115.34068043100001,-6.832447406999961],[115.34067140700006,-6.8324474889999465],[115.34067132500002,-6.8324384689999533],[115.34066230100007,-6.8324385499999494],[115.34066205600004,-6.8324114909999594]]]},"properties":{"OBJECTID":41959,"FID_mangrove_utm":41778,"OBJECTID_1":41778,"Name":"18102566,9293","FolderPath":"JATIM/JATIM","SymbolID":0,"AltMode":0,"Base":0,"Clamped":-1,"Extruded":0,"Snippet":"","PopupInfo":"\u003chtml xmlns:fo=\"http://www.w3.org/1999/XSL/Format\" xmlns:msxsl=\"urn:schemas-microsoft-com:xslt\"\u003e\n\u003chead\u003e\n\u003cMETA http-equiv=\"Content-Type\" content=\"text/html\"\u003e\n\u003cmeta http-equiv=\"content-type\" content=\"text/html; charset=UTF-8\"\u003e\n\u003c/head\u003e\n\u003cbody style=\"margin:0px 0px 0px 0px;overflow:auto;background:#FFFFFF;\"\u003e\n\u003ctable style=\"font-family:Arial,Verdana,Times;font-size:12px;text-align:left;width:100%;border-collapse:collapse;padding:3px 3px 3px 3px\"\u003e\n\u003ctr style=\"text-align:center;font-weight:bold;background:#9CBCE2\"\u003e\n\u003ctd\u003e18102566,9293\u003c/td\u003e\n\u003c/tr\u003e\n\u003ctr\u003e\n\u003ctd\u003e\n\u003ctable style=\"font-family:Arial,Verdana,Times;font-size:12px;text-align:left;width:100%;border-spacing:0px; padding:3px 3px 3px 3px\"\u003e\n\u003ctr\u003e\n\u003ctd\u003eFID\u003c/td\u003e\n\u003ctd\u003e0\u003c/td\u003e\n\u003c/tr\u003e\n\u003ctr bgcolor=\"#D4E4F3\"\u003e\n\u003ctd\u003eShape_Leng\u003c/td\u003e\n\u003ctd\u003e18102566,9293\u003c/td\u003e\n\u003c/tr\u003e\n\u003c/table\u003e\n\u003c/td\u003e\n\u003c/tr\u003e\n\u003c/table\u003e\n\u003c/body\u003e\u003cscript type=\"text/javascript\"\u003e\n\t\t\t\tfunction changeImage(attElement, nameElement) {\n\t\t\t\tdocument.getElementById('imageAttachment').src = attElement;\n\t\t\t\tdocument.getElementById('imageName').innerHTML = nameElement;}\n\t\t\t\u003c/script\u003e\u003c/html\u003e\n","FID_active_grids":261,"GridID":"G51","Shape_Length":0.0063346776510921432,"Shape_Area":2.6221852977379889e-07}},{"type":"Feature","id":41960,"geometry":{"type":"Polygon","coordinates":[[[115.34119977500006,-6.8319916879999596],[115.34119969400001,-6.8319826679999665],[115.34116359600011,-6.8319829939999295],[115.34116367700005,-6.8319920129999332],[115.34119977500006,-6.8319916879999596]]]},"properties":{"OBJECTID":41960,"FID_mangrove_utm":41779,"OBJECTID_1":41779,"Name":"18102566,9293","FolderPath":"JATIM/JATIM","SymbolID":0,"AltMode":0,"Base":0,"Clamped":-1,"Extruded":0,"Snippet":"","PopupInfo":"\u003chtml xmlns:fo=\"http://www.w3.org/1999/XSL/Format\" xmlns:msxsl=\"urn:schemas-microsoft-com:xslt\"\u003e\n\u003chead\u003e\n\u003cMETA http-equiv=\"Content-Type\" content=\"text/html\"\u003e\n\u003cmeta http-equiv=\"content-type\" content=\"text/html; charset=UTF-8\"\u003e\n\u003c/head\u003e\n\u003cbody style=\"margin:0px 0px 0px 0px;overflow:auto;background:#FFFFFF;\"\u003e\n\u003ctable style=\"font-family:Arial,Verdana,Times;font-size:12px;text-align:left;width:100%;border-collapse:collapse;padding:3px 3px 3px 3px\"\u003e\n\u003ctr style=\"text-align:center;font-weight:bold;background:#9CBCE2\"\u003e\n\u003ctd\u003e18102566,9293\u003c/td\u003e\n\u003c/tr\u003e\n\u003ctr\u003e\n\u003ctd\u003e\n\u003ctable style=\"font-family:Arial,Verdana,Times;font-size:12px;text-align:left;width:100%;border-spacing:0px; padding:3px 3px 3px 3px\"\u003e\n\u003ctr\u003e\n\u003ctd\u003eFID\u003c/td\u003e\n\u003ctd\u003e0\u003c/td\u003e\n\u003c/tr\u003e\n\u003ctr bgcolor=\"#D4E4F3\"\u003e\n\u003ctd\u003eShape_Leng\u003c/td\u003e\n\u003ctd\u003e18102566,9293\u003c/td\u003e\n\u003c/tr\u003e\n\u003c/table\u003e\n\u003c/td\u003e\n\u003c/tr\u003e\n\u003c/table\u003e\n\u003c/body\u003e\u003cscript type=\"text/javascript\"\u003e\n\t\t\t\tfunction changeImage(attElement, nameElement) {\n\t\t\t\tdocument.getElementById('imageAttachment').src = attElement;\n\t\t\t\tdocument.getElementById('imageName').innerHTML = nameElement;}\n\t\t\t\u003c/script\u003e\u003c/html\u003e\n","FID_active_grids":261,"GridID":"G51","Shape_Length":9.0238662330808023e-05,"Shape_Area":3.2561227601326981e-10}},{"type":"Feature","id":41961,"geometry":{"type":"Polygon","coordinates":[[[115.34025180000003,-6.8319551399999341],[115.34025163700005,-6.8319370999999478],[115.34024261200011,-6.8319371819999333],[115.34024269400004,-6.8319462019999264],[115.3402336690001,-6.8319462829999793],[115.34023375100003,-6.8319553029999724],[115.34025180000003,-6.8319551399999341]]]},"properties":{"OBJECTID":41961,"FID_mangrove_utm":41780,"OBJECTID_1":41780,"Name":"18102566,9293","FolderPath":"JATIM/JATIM","SymbolID":0,"AltMode":0,"Base":0,"Clamped":-1,"Extruded":0,"Snippet":"","PopupInfo":"\u003chtml xmlns:fo=\"http://www.w3.org/1999/XSL/Format\" xmlns:msxsl=\"urn:schemas-microsoft-com:xslt\"\u003e\n\u003chead\u003e\n\u003cMETA http-equiv=\"Content-Type\" content=\"text/html\"\u003e\n\u003cmeta http-equiv=\"content-type\" content=\"text/html; charset=UTF-8\"\u003e\n\u003c/head\u003e\n\u003cbody style=\"margin:0px 0px 0px 0px;overflow:auto;background:#FFFFFF;\"\u003e\n\u003ctable style=\"font-family:Arial,Verdana,Times;font-size:12px;text-align:left;width:100%;border-collapse:collapse;padding:3px 3px 3px 3px\"\u003e\n\u003ctr style=\"text-align:center;font-weight:bold;background:#9CBCE2\"\u003e\n\u003ctd\u003e18102566,9293\u003c/td\u003e\n\u003c/tr\u003e\n\u003ctr\u003e\n\u003ctd\u003e\n\u003ctable style=\"font-family:Arial,Verdana,Times;font-size:12px;text-align:left;width:100%;border-spacing:0px; padding:3px 3px 3px 3px\"\u003e\n\u003ctr\u003e\n\u003ctd\u003eFID\u003c/td\u003e\n\u003ctd\u003e0\u003c/td\u003e\n\u003c/tr\u003e\n\u003ctr bgcolor=\"#D4E4F3\"\u003e\n\u003ctd\u003eShape_Leng\u003c/td\u003e\n\u003ctd\u003e18102566,9293\u003c/td\u003e\n\u003c/tr\u003e\n\u003c/table\u003e\n\u003c/td\u003e\n\u003c/tr\u003e\n\u003c/table\u003e\n\u003c/body\u003e\u003cscript type=\"text/javascript\"\u003e\n\t\t\t\tfunction changeImage(attElement, nameElement) {\n\t\t\t\tdocument.getElementById('imageAttachment').src = attElement;\n\t\t\t\tdocument.getElementById('imageName').innerHTML = nameElement;}\n\t\t\t\u003c/script\u003e\u003c/html\u003e\n","FID_active_grids":261,"GridID":"G51","Shape_Length":7.2181953677817305e-05,"Shape_Area":2.4422297561762074e-10}}]}