{
  "type" : "FeatureCollection",
  "features" : [{"type":"Feature","id":0,"geometry":{"type":"MultiPolygon","coordinates":[[[[115.31169005154609,-6.8346567304353085],[115.31168369415144,-6.8346567874495303],[115.3116839295747,-6.8346830116449757],[115.31169005154609,-6.8346567304353085]]],[[[115.31169426305824,-6.8346386506987971],[115.31169255705105,-6.8346386659985505],[115.31169262022676,-6.8346457032630559],[115.31169426305824,-6.8346386506987971]]],[[[115.31170268608278,-6.8346024912262839],[115.31170125799541,-6.8346025040335645],[115.3117013108792,-6.8346083948817169],[115.31170268608278,-6.8346024912262839]]],[[[115.3117669530002,-6.8343710099999297],[115.31175615027614,-6.8343404032494544],[115.3117530587904,-6.834340430973616],[115.31175313976564,-6.8343494512302225],[115.31174411491708,-6.8343495321642296],[115.31174427686754,-6.8343675726776798],[115.31173525201852,-6.8343676536117348],[115.31173533299376,-6.8343766738685616],[115.31174435784294,-6.8343765929343983],[115.31174443881847,-6.83438561319113],[115.31173541396907,-6.8343856941254],[115.31173573787153,-6.8344217751526282],[115.31172671302141,-6.8344218560871628],[115.3117269559489,-6.8344489168578733],[115.31171793109814,-6.8344489977925633],[115.31171801207402,-6.834458018049566],[115.31170898722299,-6.8344580989841948],[115.31170914917475,-6.8344761394983866],[115.31171817402611,-6.834476058563542],[115.31171833597863,-6.834494099077534],[115.31170931112692,-6.8344941800125953],[115.31170947307953,-6.8345122205267685],[115.31170044822741,-6.834512301461876],[115.31170069115664,-6.8345393622334285],[115.3117097160093,-6.8345392812979959],[115.31170987796303,-6.8345573218121283],[115.31170085311004,-6.8345574027477749],[115.31170101506386,-6.8345754432621035],[115.31170900335141,-6.8345753716222841],[115.31173720800028,-6.8344542909998687],[115.3117669530002,-6.8343710099999297]]],[[[115.30495731698429,-6.8344013265961925],[115.30495715528747,-6.834383285920695],[115.30494813035706,-6.8343833667277725],[115.30494829205354,-6.834401407403484],[115.30495731698429,-6.8344013265961925]]],[[[115.31148215135067,-6.8343248183977368],[115.31147312649934,-6.8343248993263765],[115.31147320746913,-6.8343339195863502],[115.31148223232064,-6.834333838657602],[115.31148215135067,-6.8343248183977368]]],[[[115.31164459865623,-6.834323361653456],[115.31164467962923,-6.8343323819113815],[115.31165370447869,-6.8343323009794394],[115.31165378545197,-6.8343413212372699],[115.31166281030146,-6.8343412403050507],[115.31166264835468,-6.8343231997896172],[115.31164459865623,-6.834323361653456]]],[[[115.31136482827461,-6.8343258704569481],[115.31137385312729,-6.8343257895303253],[115.31137377215946,-6.8343167692691615],[115.31136474730694,-6.8343168501956759],[115.31136482827461,-6.8343258704569481]]],[[[115.30495707443922,-6.8343742655829489],[115.30495699359106,-6.8343652452451975],[115.304947968661,-6.83436532605206],[115.30494804950897,-6.834374346389918],[115.30495707443922,-6.8343742655829489]]],[[[115.31148215135067,-6.8343248183977368],[115.31149117620194,-6.8343247374689273],[115.31149125717207,-6.8343337577286851],[115.31150028202335,-6.8343336767996012],[115.31150003911276,-6.8343066160206369],[115.31149101426196,-6.8343066969493975],[115.31149109523189,-6.8343157172091642],[115.3114820703808,-6.8343157981378662],[115.31148215135067,-6.8343248183977368]]],[[[115.31174980241607,-6.8343224182107578],[115.31174345455686,-6.8343044331716856],[115.31173468519498,-6.8343045118138308],[115.31173484714401,-6.8343225523275395],[115.31174980241607,-6.8343224182107578]]],[[[115.3114820703808,-6.8343157981378662],[115.31148190844141,-6.8342977576181116],[115.31147288359058,-6.8342978385464281],[115.31147296456004,-6.8343068588064151],[115.31144589000637,-6.8343071015906816],[115.31144597097544,-6.8343161218509874],[115.3114820703808,-6.8343157981378662]]],[[[115.30493894373086,-6.8343654068587529],[115.30493878203558,-6.8343473661828078],[115.30492975710567,-6.8343474469891179],[115.30492983795308,-6.8343564673272006],[115.30489373823158,-6.8343567905511904],[115.30489381907843,-6.8343658108896994],[115.30493894373086,-6.8343654068587529]]],[[[115.31148174650245,-6.8342797170983403],[115.31148166553314,-6.8342706968384306],[115.31147264068281,-6.8342707777664247],[115.31147272165195,-6.8342797980264418],[115.31148174650245,-6.8342797170983403]]],[[[115.31130100657401,-6.8342542748422686],[115.31130092560838,-6.8342452545802077],[115.31129190075633,-6.8342453355045159],[115.31129198172181,-6.8342543557666842],[115.31130100657401,-6.8342542748422686]]],[[[115.30478479230193,-6.8342855974884449],[115.30478471145808,-6.834276577148624],[115.30477568652766,-6.8342766579512153],[115.30477576737134,-6.8342856782911436],[115.30478479230193,-6.8342855974884449]]],[[[115.31144508032156,-6.8342168989873837],[115.31143605547177,-6.834216979914058],[115.3114361364396,-6.8342260001744979],[115.31142711158955,-6.8342260811011117],[115.3114272735252,-6.8342441216222465],[115.3114182486747,-6.8342442025489083],[115.31141832964252,-6.8342532228095667],[115.31140930479174,-6.8342533037361681],[115.3114096286634,-6.8342893847791943],[115.31138255410842,-6.8342896275592828],[115.31138295894795,-6.8343347288645857],[115.31139198380058,-6.8343346479375189],[115.31139206476898,-6.8343436681984757],[115.31140108962164,-6.8343435872711327],[115.31140117059032,-6.8343526075319438],[115.31141019544303,-6.8343525266043246],[115.31141003350544,-6.8343344860828807],[115.31141905835774,-6.8343344051553094],[115.31141913932666,-6.8343434254159421],[115.31142816417898,-6.8343433444880954],[115.31142800224094,-6.8343253039670557],[115.31140092768462,-6.8343255467494473],[115.31140084671627,-6.8343165264886068],[115.31142792127208,-6.8343162837065403],[115.31142775933471,-6.8342982431854917],[115.31143678418609,-6.8342981622580155],[115.31143662224881,-6.8342801217371667],[115.31146369680135,-6.8342798789543755],[115.31146353486348,-6.8342618384341547],[115.31148158456392,-6.8342616765785511],[115.31148142262583,-6.834243636058746],[115.31149044747559,-6.8342435551309073],[115.31149028553759,-6.8342255146112825],[115.31147223583871,-6.8342256764663603],[115.31147231680731,-6.8342346967263987],[115.31145426710764,-6.83423485858102],[115.31145418613937,-6.8342258383207648],[115.31144516128956,-6.8342259192477171],[115.31144508032156,-6.8342168989873837]]],[[[115.30847573702192,-6.8342254741999104],[115.30845768725098,-6.8342256359420288],[115.30845776816307,-6.8342346562380545],[115.30846679304878,-6.8342345753669713],[115.30846687396115,-6.8342435956628833],[115.30847589884689,-6.8342435147915248],[115.30847573702192,-6.8342254741999104]]],[[[115.31164459865623,-6.834323361653456],[115.31164443671055,-6.8343053211375908],[115.3116534615595,-6.8343052402059721],[115.31165338058668,-6.8342962199481407],[115.31166240543531,-6.8342961390164616],[115.3116623244624,-6.8342871187587324],[115.31168037415905,-6.8342869568950846],[115.31168029318594,-6.8342779366375694],[115.31169834288181,-6.8342777747734633],[115.31169826190848,-6.8342687545161409],[115.31167118736499,-6.8342689973117237],[115.31167110639227,-6.8342599770541081],[115.31168013124002,-6.8342598961225232],[115.31168005026721,-6.8342508758649938],[115.31170712480935,-6.834250633069554],[115.31170704383614,-6.8342416128123427],[115.31169935549121,-6.83423266077547],[115.31169793801615,-6.8342326734868948],[115.31169792289849,-6.8342309894036806],[115.31169556800023,-6.8342282419999396],[115.31164847884416,-6.8341970330808168],[115.31164346504571,-6.8341970780420391],[115.31164395087617,-6.8342511995898931],[115.31163492602813,-6.8342512805206983],[115.3116348450563,-6.8342422602626263],[115.31161679536022,-6.8342424221235145],[115.31161663341754,-6.8342243816069086],[115.3116256582653,-6.8342243006767625],[115.31162549632269,-6.8342062601603892],[115.31161647147528,-6.8342063410903178],[115.31161655244635,-6.8342153613486234],[115.31159850275087,-6.8342155232081936],[115.31159842178013,-6.834206502949673],[115.31158939693238,-6.8342065838790971],[115.31158931596192,-6.8341975636204637],[115.31158029111425,-6.8341976445496133],[115.31158061499609,-6.8342337255845509],[115.31160768954081,-6.8342334827953071],[115.31160777051204,-6.8342425030537068],[115.31159874566376,-6.8342425839837304],[115.31159882663492,-6.8342516042422341],[115.31158980178634,-6.8342516851721982],[115.31158996372868,-6.8342697256893921],[115.3115989885776,-6.8342696447592131],[115.31159915052073,-6.8342876852762071],[115.31160817536986,-6.8342876043456444],[115.31160825634174,-6.8342966246040175],[115.31161728119093,-6.8342965436731786],[115.31161752410776,-6.8343236044479516],[115.31164459865623,-6.834323361653456]]],[[[115.31162541535157,-6.8341972399021866],[115.31162527545027,-6.8341816547410126],[115.3116161958595,-6.8341756371278226],[115.31161639050431,-6.8341973208320086],[115.31162541535157,-6.8341972399021866]]],[[[115.30842126406323,-6.8341898782383819],[115.30842134497422,-6.8341988985348552],[115.30843036985966,-6.834198817664876],[115.30843028894851,-6.8341897973685102],[115.30842126406323,-6.8341898782383819]]],[[[115.31144508032156,-6.8342168989873837],[115.31146313002078,-6.8342167371335298],[115.31146304905256,-6.8342077168733919],[115.31147207390181,-6.8342076359463197],[115.3114719119654,-6.8341895954262473],[115.31146288711645,-6.8341896763531027],[115.31146280614855,-6.8341806560929683],[115.31145378129969,-6.8341807370195484],[115.31145370033208,-6.8341717167592684],[115.31143565063432,-6.8341718786117083],[115.31143556966717,-6.8341628583512257],[115.31141751996932,-6.8341630202027757],[115.31141743900262,-6.8341539999420728],[115.31140841415369,-6.8341540808674894],[115.31140865705366,-6.8341811416499247],[115.31141768190309,-6.8341810607241866],[115.31141776287014,-6.8341900809848584],[115.31142678771963,-6.834190000058844],[115.31142694965439,-6.8342080405799956],[115.31144499935367,-6.8342078787270308],[115.31144508032156,-6.8342168989873837]]],[[[115.30836687201999,-6.8341633025626969],[115.30836679111044,-6.834154282265561],[115.30835776622506,-6.8341543631338242],[115.30835784713442,-6.8341633834310693],[115.30836687201999,-6.8341633025626969]]],[[[115.30839378485597,-6.8341450193629418],[115.3083757350861,-6.8341451811000953],[115.30837589690542,-6.8341632216941575],[115.30838492179072,-6.8341631408254502],[115.30838516452098,-6.8341902017161873],[115.30839418940673,-6.834190120846988],[115.30839378485597,-6.8341450193629418]]],[[[115.31136288508056,-6.834109384185231],[115.3113628041155,-6.8341003639238558],[115.31135377926695,-6.8341004448476159],[115.31135386023183,-6.8341094651090986],[115.31136288508056,-6.834109384185231]]],[[[115.31144394678121,-6.8340906153420402],[115.31141687223865,-6.8340908581170314],[115.31141695320461,-6.8340998783777644],[115.31142597805241,-6.8340997974528275],[115.31142605901864,-6.8341088177134486],[115.31144410871424,-6.8341086558628543],[115.31144394678121,-6.8340906153420402]]],[[[115.31145282845199,-6.8340745834989729],[115.31145289066201,-6.8340815141563995],[115.31146191550906,-6.8340814332310069],[115.31146199647573,-6.8340904534912044],[115.31148004616978,-6.8340902916396962],[115.3114801271369,-6.8340993118996751],[115.31148915198393,-6.8340992309735613],[115.31148923295135,-6.8341082512334284],[115.31147118325683,-6.834108413085703],[115.31147134519132,-6.8341264536058546],[115.31146232034357,-6.8341265345319551],[115.31146240131079,-6.834135554792133],[115.31147142615869,-6.8341354738659241],[115.31147158809381,-6.834153514386049],[115.31146256324558,-6.8341535953124737],[115.31146264421314,-6.8341626155726374],[115.31147166906155,-6.8341625346461043],[115.31147175002938,-6.834171554906157],[115.31148077487788,-6.8341714739793495],[115.31148053197418,-6.8341444131995033],[115.31148955682205,-6.8341443322728512],[115.31148947585422,-6.8341353120130028],[115.31149850070182,-6.8341352310862886],[115.31149858166984,-6.8341442513460304],[115.31150760651751,-6.8341441704190409],[115.31150752554932,-6.8341351501594074],[115.31155264978511,-6.834134745522479],[115.31155289269252,-6.8341618062997505],[115.31159476092738,-6.8341614308546932],[115.31159337000007,-6.834160508999906],[115.31152833651392,-6.8341169215734716],[115.31152541330725,-6.8341169477862911],[115.31152539537757,-6.834114950333638],[115.31148141600009,-6.8340854739999086],[115.31145282845199,-6.8340745834989729]]],[[[115.30430501581714,-6.8341275135793316],[115.30430509665021,-6.8341365339249647],[115.30431412158363,-6.8341364531328379],[115.3043140407504,-6.8341274327873132],[115.30430501581714,-6.8341275135793316]]],[[[115.31136231832748,-6.8340462423555106],[115.31136239929189,-6.8340552626169124],[115.31137142413951,-6.8340551816935236],[115.31137150510419,-6.8340642019547966],[115.31138955479945,-6.8340640401072976],[115.31138963576456,-6.8340730603683841],[115.31139866061216,-6.8340729794442749],[115.31139874157755,-6.8340819997052318],[115.31141679127282,-6.834081837856294],[115.3114167103071,-6.8340728175955521],[115.31142573515436,-6.8340727366709384],[115.31142565882691,-6.8340642331570471],[115.31137131957776,-6.8340435324663442],[115.31137134317495,-6.8340461614322292],[115.31136231832748,-6.8340462423555106]]],[[[115.30430501581714,-6.8341275135793316],[115.30430493498417,-6.8341184932337278],[115.30432298485023,-6.834118331649738],[115.30432282318392,-6.8341002909589141],[115.30429574838567,-6.8341005333339995],[115.30429599088376,-6.8341275943711803],[115.30430501581714,-6.8341275135793316]]],[[[115.30431347492072,-6.8340642903686479],[115.30428640012414,-6.8340645327419383],[115.30428648095612,-6.8340735530877996],[115.30427745602353,-6.8340736338786678],[115.30427753685547,-6.8340826542246162],[115.30429558672083,-6.8340824926424961],[115.30429566755321,-6.8340915129882589],[115.30430469248591,-6.8340914321968391],[115.30430461165338,-6.8340824118511856],[115.30432266151809,-6.8340822502680556],[115.30432258068534,-6.8340732299226463],[115.30431355575318,-6.8340733107141869],[115.30431347492072,-6.8340642903686479]]],[[[115.31027901206399,-6.8340198708312911],[115.31027893112034,-6.8340108505569344],[115.3102699062605,-6.8340109314593329],[115.31026998720399,-6.8340199517337972],[115.31027901206399,-6.8340198708312911]]],[[[115.30438559353971,-6.8340546236877948],[115.30434949381488,-6.8340549468567948],[115.30434965548109,-6.8340729875470165],[115.30434063054928,-6.8340730683390607],[115.30434071138239,-6.8340820886842559],[115.30434973631436,-6.8340820078921034],[115.3043500596485,-6.8341180892724935],[115.30437713444582,-6.8341178468937365],[115.30437705361162,-6.834108826548972],[115.30438607854366,-6.8341087457558247],[115.30438615937804,-6.8341177661004799],[115.30439518431014,-6.8341176853070573],[115.30439502264117,-6.8340996446179547],[115.3043859977094,-6.8340997254111633],[115.30438591687525,-6.8340907050664983],[115.30439494180685,-6.8340906242733972],[115.30439486097261,-6.8340816039288184],[115.30440388590395,-6.8340815231356586],[115.3044038050697,-6.8340725027912166],[115.30441283000073,-6.8340724219979947],[115.30441274916639,-6.8340634016536397],[115.30438567437344,-6.8340636440324776],[115.30438559353971,-6.8340546236877948]]],[[[115.30429485923446,-6.8340013095306098],[115.30429502089736,-6.8340193502221744],[115.30430404582872,-6.8340192694316153],[115.30430388416549,-6.8340012287402656],[115.30429485923446,-6.8340013095306098]]],[[[115.30490855429457,-6.8339958154042595],[115.30490863513739,-6.834004835742725],[115.30491766006115,-6.8340047549408425],[115.30491757921814,-6.8339957346024827],[115.30490855429457,-6.8339958154042595]]],[[[115.30429485923446,-6.8340013095306098],[115.30429469757203,-6.8339832688390283],[115.30428567264126,-6.833983349628987],[115.30428575347226,-6.8339923699748883],[115.30427672854118,-6.8339924507647876],[115.30427680937213,-6.8340014711107919],[115.30429485923446,-6.8340013095306098]]],[[[115.30490855429457,-6.8339958154042595],[115.30490839260926,-6.8339777747273134],[115.30489936768589,-6.8339778555287074],[115.30489952937087,-6.8339958962058684],[115.30490855429457,-6.8339958154042595]]],[[[115.30947507074066,-6.8339458879403407],[115.30947498981295,-6.8339368676563561],[115.30946596494486,-6.8339369485428216],[115.3094660458724,-6.8339459688269146],[115.30947507074066,-6.8339458879403407]]],[[[115.30490839260926,-6.8339777747273134],[115.30491741753251,-6.8339776939257533],[115.30491733668985,-6.8339686735873819],[115.30490831176677,-6.8339687543888354],[115.30490839260926,-6.8339777747273134]]],[[[115.3100797366628,-6.8339404681569036],[115.31007949384619,-6.8339134073265928],[115.3100614441253,-6.8339135691214556],[115.31006152506372,-6.8339225893984459],[115.31005250020294,-6.8339226702957321],[115.31005266207978,-6.8339407108499142],[115.3100797366628,-6.8339404681569036]]],[[[115.30489920600135,-6.8339598148515304],[115.30489912515927,-6.8339507945129343],[115.30489010023629,-6.8339508753138354],[115.30489018107824,-6.8339598956525389],[115.30489920600135,-6.8339598148515304]]],[[[115.30431258577062,-6.8339650665674352],[115.30431242410837,-6.8339470258762489],[115.30432144903816,-6.8339469450862147],[115.30432136820703,-6.8339379247407237],[115.30433039313655,-6.8339378439506291],[115.30433031230538,-6.8339288236052402],[115.30430323751702,-6.8339290659746972],[115.30430356084038,-6.8339651473575156],[115.30431258577062,-6.8339650665674352]]],[[[115.30447471115995,-6.8339275309425869],[115.30448373608745,-6.8339274501497416],[115.30448365525349,-6.833918429806161],[115.3044746303262,-6.833918510598898],[115.30447471115995,-6.8339275309425869]]],[[[115.30520572993221,-6.8339209861773993],[115.30520564908483,-6.8339119658424279],[115.30518759924757,-6.8339121274546359],[115.3051876800946,-6.8339211477898223],[115.30520572993221,-6.8339209861773993]]],[[[115.30485367717938,-6.8339151171591679],[115.30485359633866,-6.83390609682003],[115.30484457141601,-6.8339061776195535],[115.30484465225655,-6.8339151979587989],[115.30485367717938,-6.8339151171591679]]],[[[115.30859892981486,-6.8338725505051263],[115.30858990493755,-6.8338726313744225],[115.30859006675834,-6.8338906719635739],[115.30860811651355,-6.833890510224383],[115.30860803560276,-6.8338814899300075],[115.3085990107254,-6.8338815707995799],[115.30859892981486,-6.8338725505051263]]],[[[115.30429413175695,-6.833920126418338],[115.30430315668646,-6.8339200456289628],[115.304303075856,-6.8339110252832604],[115.30431210078521,-6.8339109444938257],[115.30431201995471,-6.8339019241482086],[115.30429397009648,-6.8339020857266961],[115.30429413175695,-6.833920126418338]]],[[[115.30451967412718,-6.8339090862904097],[115.30451975496169,-6.8339181066335302],[115.30453780481511,-6.8339179450462062],[115.30453764314557,-6.8338999043603739],[115.30452861821921,-6.8338999851539057],[115.30452869905378,-6.8339090054969391],[115.30451967412718,-6.8339090862904097]]],[[[115.30426681447878,-6.8338933077470072],[115.30426673364931,-6.833884287400843],[115.30425770872006,-6.833884368189115],[115.30425778954935,-6.833893388535385],[115.30426681447878,-6.8338933077470072]]],[[[115.30793995168709,-6.8338604129172209],[115.3079398707892,-6.833851392614875],[115.30792182101948,-6.8338515543281053],[115.30792190191707,-6.8338605746306671],[115.30793995168709,-6.8338604129172209]]],[[[115.30429413175695,-6.833920126418338],[115.30427608189761,-6.8339202879965839],[115.30427616272767,-6.8339293083426389],[115.30426713779769,-6.8339293891316162],[115.3042672186277,-6.8339384094777591],[115.30424916876703,-6.8339385710554259],[115.30424900710781,-6.8339205303626898],[115.30423095724738,-6.8339206919392552],[115.30423079558928,-6.8339026512461052],[115.30423982051921,-6.8339025704581227],[115.30423973969015,-6.8338935501116405],[115.3042487646198,-6.8338934693235966],[115.30424868379066,-6.8338844489772184],[115.30423063393161,-6.8338846105529214],[115.30423055310293,-6.833875590206306],[115.3042215281734,-6.8338756709937964],[115.3042216090019,-6.8338846913405211],[115.30421258407212,-6.8338847721279521],[115.30421266490055,-6.8338937924747611],[115.30420363997045,-6.8338938732621317],[115.30420355914218,-6.8338848529152152],[115.30419453421214,-6.8338849337023095],[115.30419445338414,-6.8338759133552651],[115.30418542845416,-6.8338759941420832],[115.30418559010995,-6.8338940348363684],[115.30417656517953,-6.8338941156232353],[115.30417680766351,-6.8339211766649104],[115.30418583259444,-6.8339210958777219],[115.30418591342283,-6.8339301162248525],[115.30422201314607,-6.8339297930739846],[115.30422217480451,-6.8339478337673407],[115.30423119973538,-6.8339477529789878],[115.30423128056493,-6.8339567733255517],[115.3042403054959,-6.8339566925369235],[115.30424038632572,-6.8339657128833737],[115.30424941125669,-6.8339656320944711],[115.3042494920868,-6.8339746524408103],[115.30427656687964,-6.8339744100727673],[115.30427640521853,-6.8339563693807293],[115.30428543014892,-6.8339562885912599],[115.30428534931836,-6.8339472682453417],[115.30427632438814,-6.8339473490347036],[115.30427624355787,-6.8339383286886735],[115.30428526848792,-6.8339382478994199],[115.30428518765758,-6.8339292275534929],[115.30429421258734,-6.833929146764179],[115.30429413175695,-6.833920126418338]],[[115.30421282655779,-6.8339118331683668],[115.30420380162734,-6.8339119139559523],[115.30420372079884,-6.8339028936090438],[115.3042127457291,-6.8339028128215658],[115.30421282655779,-6.8339118331683668]]],[[[115.30459155019464,-6.8338723585687733],[115.3045825252695,-6.8338724393629908],[115.30458260610474,-6.8338814597054087],[115.30457358117928,-6.833881540499565],[115.30457366201446,-6.833890560842069],[115.30458268694007,-6.8338904800478044],[115.30458276777551,-6.8338995003901974],[115.30460081762673,-6.8338993388009506],[115.30460073679096,-6.8338903184587734],[115.30460976171624,-6.8338902376640043],[115.3046096808804,-6.8338812173219301],[115.30459163103005,-6.8338813789110837],[115.30459155019464,-6.8338723585687733]]],[[[115.31013283361459,-6.8338227191764371],[115.31012380875654,-6.8338228000738841],[115.31012397063367,-6.8338408406264541],[115.31014202035034,-6.8338406788309634],[115.31014193941141,-6.8338316585549039],[115.31013291455326,-6.8338317394526253],[115.31013283361459,-6.8338227191764371]]],[[[115.30419445338414,-6.8338759133552651],[115.30420347831401,-6.8338758325682774],[115.30420339748594,-6.8338668122213679],[115.30421242241553,-6.8338667314343207],[115.3042122607594,-6.8338486907406724],[115.30419421090079,-6.8338488523141692],[115.30419445338414,-6.8338759133552651]]],[[[115.31012364687984,-6.8338047595213292],[115.31012356594167,-6.8337957392450379],[115.31011454108399,-6.8337958201419911],[115.31011462202201,-6.8338048404183924],[115.31012364687984,-6.8338047595213292]]],[[[115.3072988610399,-6.8338300720927565],[115.30729878015434,-6.8338210517827473],[115.30730780504614,-6.8338209709382465],[115.30730772416054,-6.8338119506283403],[115.30728967437723,-6.8338121123169575],[115.30728983614785,-6.833830152937197],[115.3072988610399,-6.8338300720927565]]],[[[115.31014161565666,-6.8337955774506236],[115.31014153471826,-6.8337865571745429],[115.31013250986096,-6.8337866380717252],[115.31013259079921,-6.8337956583479142],[115.31014161565666,-6.8337955774506236]]],[[[115.30822818162743,-6.8337946833182448],[115.3082281007249,-6.8337856630192979],[115.30821907584476,-6.8337857438806235],[115.30821915674713,-6.8337947641796779],[115.30822818162743,-6.8337946833182448]]],[[[115.30427503111675,-6.8338030234977065],[115.30425698126139,-6.8338031850724805],[115.30425706208969,-6.8338122054187904],[115.3042390122335,-6.8338123669931079],[115.30423917388977,-6.8338304076861629],[115.30424819881823,-6.8338303268988723],[115.30424827964671,-6.8338393472452603],[115.30426632950366,-6.8338391856699614],[115.30426641033257,-6.8338482060161461],[115.30427543526106,-6.8338481252281378],[115.30427503111675,-6.8338030234977065]]],[[[115.30737968062928,-6.8337842429399878],[115.3073887055194,-6.833784162094406],[115.30738862463272,-6.8337751417854502],[115.30737959974279,-6.8337752226309263],[115.30737968062928,-6.8337842429399878]]],[[[115.3081558207798,-6.8337772896054014],[115.30815573987883,-6.8337682693056001],[115.30814671499819,-6.833768350165367],[115.30814679589898,-6.833777370465274],[115.3081558207798,-6.8337772896054014]]],[[[115.31004201847318,-6.8337603862024858],[115.31004193753705,-6.8337513659252025],[115.31002388782132,-6.8337515277148411],[115.31002396875712,-6.8337605479923402],[115.31004201847318,-6.8337603862024858]]],[[[115.30469912175622,-6.8337902059558617],[115.30468107191143,-6.833790367546225],[115.30468115274752,-6.8337993878874821],[115.30469017767014,-6.833799307092276],[115.30469025850653,-6.8338083274334211],[115.30468123358374,-6.8338084082287329],[115.30468139525649,-6.8338264489112417],[115.30469042017961,-6.8338263681157123],[115.30469050101631,-6.8338353884568273],[115.30471757578553,-6.8338351460689104],[115.30471765662287,-6.8338441664097145],[115.30472668154589,-6.8338440856132996],[115.30472643903373,-6.8338170245911973],[115.30473546395613,-6.8338169437949361],[115.3047353022816,-6.8337989031137276],[115.30471725243734,-6.8337990647056523],[115.30471733327424,-6.8338080850464724],[115.30469928342922,-6.8338082466379397],[115.30469912175622,-6.8337902059558617]]],[[[115.31134143495916,-6.8337306950422461],[115.31134135399903,-6.8337216747804712],[115.31133232915728,-6.8337217556993695],[115.31133241011726,-6.83373077596125],[115.31134143495916,-6.8337306950422461]]],[[[115.30632352513115,-6.83376663974758],[115.30632344426465,-6.8337576194259064],[115.30631441936229,-6.8337577002512191],[115.30631450022864,-6.8337667205730011],[115.30632352513115,-6.83376663974758]]],[[[115.30723512060504,-6.8337674958248682],[115.30723495883795,-6.833749455203276],[115.30722593394664,-6.8337495360455698],[115.30722601482998,-6.8337585563564751],[115.3072169899384,-6.8337586371987094],[115.30721707082165,-6.8337676575097186],[115.30723512060504,-6.8337674958248682]]],[[[115.3047441655291,-6.8337807816365048],[115.30474400385509,-6.8337627409554766],[115.3047259540124,-6.8337629025468756],[115.30472611568574,-6.8337809432283345],[115.3047441655291,-6.8337807816365048]]],[[[115.30558332105744,-6.8337552262127321],[115.30558340191004,-6.8337642465432378],[115.30559242682124,-6.8337641657315427],[115.30559234596845,-6.8337551454011445],[115.30558332105744,-6.8337552262127321]]],[[[115.30741553752787,-6.8337568586307418],[115.3074153757543,-6.8337388180134493],[115.30740635086535,-6.8337388988589973],[115.30740643175193,-6.8337479191677533],[115.30739740686271,-6.8337480000132418],[115.30739748774921,-6.8337570203221025],[115.30741553752787,-6.8337568586307418]]],[[[115.30822785801797,-6.833758602122483],[115.30822761531201,-6.8337315412256299],[115.30821859043289,-6.8337316220863098],[115.30821883313834,-6.8337586829834862],[115.30822785801797,-6.833758602122483]]],[[[115.30504174535395,-6.8337510542633337],[115.3050236955188,-6.8337512158656128],[115.30502377636084,-6.8337602362027976],[115.30503280127864,-6.8337601554016345],[115.30503288212097,-6.8337691757387065],[115.30504190703884,-6.8337690949372663],[115.30504198788144,-6.8337781152742263],[115.30505101279934,-6.8337780344725116],[115.30505109364225,-6.8337870548093589],[115.30506011856019,-6.833786974007368],[115.3050599568742,-6.8337689333338831],[115.30505093195656,-6.8337690141356582],[115.3050508511139,-6.8337599937988029],[115.30504182619634,-6.8337600746003027],[115.30504174535395,-6.8337510542633337]]],[[[115.30507792586596,-6.8337597513932939],[115.30507784502289,-6.8337507310567567],[115.30506882010583,-6.8337508118586525],[115.30506890094871,-6.833759832195299],[115.30507792586596,-6.8337597513932939]]],[[[115.30718975349784,-6.833740839101722],[115.30718967261541,-6.8337318187903771],[115.3071806477239,-6.8337318996316148],[115.30718072860614,-6.8337409199430681],[115.30718975349784,-6.833740839101722]]],[[[115.30728000240863,-6.8337400306790226],[115.30727992152453,-6.8337310103687541],[115.30727089663408,-6.8337310912116722],[115.30727097751803,-6.8337401115220491],[115.30728000240863,-6.8337400306790226]]],[[[115.30787556405048,-6.8337256743643895],[115.30785751428398,-6.8337258360722508],[115.30785759517885,-6.8337348563756262],[115.30784857029525,-6.8337349372294138],[115.30784865119006,-6.8337439575328922],[115.30785767607384,-6.833743876678998],[115.30785783786413,-6.8337619172857282],[115.30786686274809,-6.8337618364314512],[115.30786694364356,-6.8337708567347022],[115.30790304317911,-6.8337705333154783],[115.30790296228295,-6.833761513012659],[115.30788491251575,-6.8337616747223908],[115.30788466982897,-6.8337346138132595],[115.3078756449457,-6.833734694667549],[115.30787556405048,-6.8337256743643895]]],[[[115.30575471349246,-6.8337446704353599],[115.30575463263689,-6.8337356501068909],[115.30573658281935,-6.8337358117355187],[115.30573666367458,-6.8337448320642027],[115.30575471349246,-6.8337446704353599]]],[[[115.30626010821567,-6.8337401445547004],[115.30626002735067,-6.8337311242322603],[115.30624197754538,-6.8337312858797192],[115.30624205841002,-6.8337403062023734],[115.30626010821567,-6.8337401445547004]]],[[[115.30709934281474,-6.8337236068827618],[115.30709942369539,-6.8337326271951868],[115.30711747348028,-6.8337324655155696],[115.3071173925993,-6.8337234452033595],[115.30709934281474,-6.8337236068827618]]],[[[115.30420226590455,-6.8337405273639584],[115.30418421604976,-6.8337406889345376],[115.30418437770227,-6.8337587296289355],[115.30417535277438,-6.8337588104141886],[115.30417559525345,-6.8337858714560751],[115.30421169496637,-6.8337855483127665],[115.30421161413925,-6.833776527965906],[115.30422063906701,-6.8337764471797655],[115.30422055823983,-6.8337674268330089],[115.30421153331221,-6.8337675076190401],[115.30421137165848,-6.8337494669252958],[115.30420234673107,-6.833749547710946],[115.30420226590455,-6.8337405273639584]]],[[[115.30709934281474,-6.8337236068827618],[115.30709926193423,-6.8337145865703297],[115.30709023704195,-6.833714667409672],[115.30709031792229,-6.8337236877222107],[115.30709934281474,-6.8337236068827618]]],[[[115.30728886553065,-6.8337219092155017],[115.3072887846466,-6.8337128889053327],[115.30727975975664,-6.8337129697482046],[115.30727984064053,-6.8337219900584802],[115.30728886553065,-6.8337219092155017]]],[[[115.30737959974279,-6.8337752226309263],[115.30737943797011,-6.8337571820127883],[115.30737041308038,-6.8337572628578798],[115.30737025130846,-6.8337392222395099],[115.30736122641898,-6.8337393030842186],[115.30736114553335,-6.8337302827749191],[115.30735212064393,-6.8337303636193498],[115.30735195887335,-6.8337123230005252],[115.30733390909484,-6.8337124846884523],[115.30733398997972,-6.833721504998084],[115.30732496509013,-6.8337215858419027],[115.30732504597498,-6.8337306061516383],[115.30731602108509,-6.8337306869953975],[115.30731594020043,-6.8337216666855554],[115.30730691531062,-6.8337217475290402],[115.30730699619511,-6.833730767838988],[115.30728894641483,-6.8337309295256672],[115.30728910818348,-6.8337489701459848],[115.30728008329284,-6.8337490509892866],[115.30728016417716,-6.8337580712995463],[115.30727113928623,-6.8337581521427886],[115.30727122017049,-6.8337671724531512],[115.30729829484343,-6.8337669299225974],[115.30729837572832,-6.8337759502326341],[115.30730740061927,-6.8337758693886723],[115.30730748150441,-6.8337848896985962],[115.3073165063954,-6.8337848088543582],[115.30731658728085,-6.8337938291641702],[115.30732561217191,-6.8337937483196551],[115.30732569305761,-6.833802768629373],[115.30734374283969,-6.8338026069396269],[115.30734366195365,-6.8337935866301258],[115.30736171173498,-6.8337934249399215],[115.30736179262138,-6.8338024452492077],[115.30735276773059,-6.8338025260945017],[115.30735292950335,-6.833820566713225],[115.30736195439447,-6.8338204858677152],[115.30736187350787,-6.8338114655584556],[115.30737089839869,-6.8338113847128863],[115.30737073662549,-6.8337933440945688],[115.3073797615159,-6.8337932632490466],[115.30737968062928,-6.8337842429399878],[115.30737065573904,-6.8337843237854026],[115.3073705748527,-6.8337753034762327],[115.30737959974279,-6.8337752226309263]]],[[[115.30989705420075,-6.8336985385493376],[115.30990607905919,-6.8336984576576034],[115.30990599812635,-6.8336894373786734],[115.3098969732681,-6.8336895182702992],[115.30989705420075,-6.8336985385493376]]],[[[115.30430154009807,-6.8337396387137597],[115.30430145926979,-6.8337306183679534],[115.30431048419563,-6.8337305375806698],[115.30431040336731,-6.8337215172349666],[115.30429235351581,-6.833721678809149],[115.30429243434379,-6.833730699155069],[115.30428340941774,-6.8337307799420151],[115.30428349024568,-6.8337398002880363],[115.30430154009807,-6.8337396387137597]]],[[[115.30625084071877,-6.8337131644109652],[115.30625075985427,-6.8337041440884052],[115.30624173495207,-6.8337042249117266],[115.30624181581639,-6.8337132452343949],[115.30625084071877,-6.8337131644109652]]],[[[115.30486092362784,-6.8337165888993443],[115.30486084278937,-6.8337075685601842],[115.30483376803245,-6.8337078109516511],[115.30483384887046,-6.8337168312911327],[115.30486092362784,-6.8337165888993443]]],[[[115.31022194903562,-6.8336956263409796],[115.31022162528141,-6.8336595452403026],[115.31021260042748,-6.8336596261374902],[115.31021292418103,-6.8336957072385998],[115.31022194903562,-6.8336956263409796]]],[[[115.30392225064301,-6.8337159705813386],[115.30392216982214,-6.8337069502310177],[115.30391314489211,-6.8337070310107482],[115.30391322571282,-6.8337160513611783],[115.30392225064301,-6.8337159705813386]]],[[[115.30618750467333,-6.8336956895247933],[115.30618742381024,-6.8336866692014873],[115.30617839890762,-6.8336867500234177],[115.30617847977055,-6.8336957703468295],[115.30618750467333,-6.8336956895247933]]],[[[115.3074960335352,-6.8336749482420718],[115.30747798376152,-6.8336751099345179],[115.30747814553592,-6.8336931505503635],[115.3074510708736,-6.8336933930884189],[115.30745123264742,-6.8337114337048943],[115.30746025753533,-6.8337113528588285],[115.30746033842256,-6.833720373166952],[115.30746936331053,-6.83372029232061],[115.30746952508571,-6.8337383329366279],[115.30749659974991,-6.8337380903959479],[115.30749651886177,-6.8337290700882649],[115.30750554374944,-6.8337289892411421],[115.30750546286124,-6.8337199689335621],[115.30748741308614,-6.8337201306274222],[115.30748733219836,-6.833711110319622],[115.30750538197314,-6.8337109486259777],[115.30750522019729,-6.8336929080107947],[115.30749619531031,-6.8336929888574867],[115.3074960335352,-6.8336749482420718]]],[[[115.30422893655235,-6.833695183273452],[115.30421991162619,-6.8336952640587914],[115.30421999245252,-6.8337042844055835],[115.30421096752606,-6.8337043651908616],[115.30421088669992,-6.8336953448439637],[115.30419283684702,-6.8336955064138003],[115.3041930793248,-6.8337225674551334],[115.30420210425181,-6.8337224866699753],[115.30420218507813,-6.8337315070169691],[115.30423828478571,-6.8337311838742263],[115.30423804230509,-6.8337041228345212],[115.30422901737883,-6.8337042036201368],[115.30422893655235,-6.833695183273452]]],[[[115.30802850166216,-6.833670178012345],[115.30802842076486,-6.8336611577109858],[115.3080103710044,-6.8336613194230553],[115.30801045190137,-6.8336703397246303],[115.30802850166216,-6.833670178012345]]],[[[115.30715308776047,-6.833678020283573],[115.30715292599864,-6.8336599796599549],[115.3071348762173,-6.8336601413391946],[115.30713495709784,-6.8336691616512217],[115.30712593220687,-6.8336692424906946],[115.30712601308736,-6.8336782628028248],[115.30715308776047,-6.833678020283573]]],[[[115.30718008155115,-6.8336687574513224],[115.30718000066977,-6.8336597371398362],[115.3071709757795,-6.8336598179800427],[115.30717105666072,-6.8336688382916391],[115.30718008155115,-6.8336687574513224]]],[[[115.30419275602132,-6.8336864860666813],[115.30419267519572,-6.8336774657195569],[115.30418365026945,-6.8336775465040089],[115.30418373109487,-6.8336865668512408],[115.30419275602132,-6.8336864860666813]]],[[[115.30482450060049,-6.8336808307297412],[115.30482441976311,-6.8336718103901513],[115.3048153948445,-6.8336718911863716],[115.30481547568171,-6.833680911526069],[115.30482450060049,-6.8336808307297412]]],[[[115.30681006095335,-6.8336720717664079],[115.3068098992045,-6.8336540311345981],[115.30680087430993,-6.8336541119678058],[115.30680103605846,-6.8336721525998305],[115.30681006095335,-6.8336720717664079]]],[[[115.30393087146901,-6.8336707880501324],[115.30392184653969,-6.8336708688296008],[115.30392192736016,-6.8336798891799742],[115.30391290243061,-6.8336799699593822],[115.30391306407151,-6.8336980106602958],[115.30394013886081,-6.8336977683209223],[115.30394021968191,-6.8337067886710505],[115.30396729447075,-6.8337065463298421],[115.30396721364914,-6.8336975259800354],[115.30394916379036,-6.8336976875407958],[115.30394908296918,-6.8336886671907706],[115.30394005803981,-6.8336887479707897],[115.30393997721892,-6.8336797276206527],[115.30393095228959,-6.8336798084003991],[115.30393087146901,-6.8336707880501324]]],[[[115.31028447549873,-6.8336228978575857],[115.31028431362081,-6.8336048573087043],[115.31027528876864,-6.833604938206423],[115.31027545064622,-6.8336229787555203],[115.31028447549873,-6.8336228978575857]]],[[[115.30707145934184,-6.8336336462728706],[115.30707137846292,-6.8336246259600735],[115.30706235357199,-6.833624706797834],[115.30706243445076,-6.8336337271107377],[115.30707145934184,-6.8336336462728706]]],[[[115.30906595758972,-6.8336157769799959],[115.30906587667363,-6.8336067566910028],[115.30904782694002,-6.8336069184406636],[115.30904790785577,-6.8336159387298725],[115.30906595758972,-6.8336157769799959]]],[[[115.30673729568123,-6.8336095762116438],[115.3067373765537,-6.8336185965284342],[115.30674640144839,-6.8336185156968341],[115.30674632057575,-6.8336094953801521],[115.30673729568123,-6.8336095762116438]]],[[[115.30995031308537,-6.8335988301338659],[115.30995015122052,-6.8335807895769838],[115.30993210150902,-6.8335809513591643],[115.30993226337317,-6.8335989919164772],[115.30995031308537,-6.8335988301338659]]],[[[115.3073961126934,-6.8336036750708979],[115.30739603180874,-6.8335946547619812],[115.30738700692226,-6.8335947356054705],[115.30738708780675,-6.8336037559144946],[115.3073961126934,-6.8336036750708979]]],[[[115.30997714485426,-6.8335715266243451],[115.30997722578701,-6.8335805469024518],[115.30998625064225,-6.8335804660106048],[115.30998616970933,-6.8335714457326064],[115.30997714485426,-6.8335715266243451]]],[[[115.30736887626493,-6.8335858769826663],[115.30735985137829,-6.8335859578255445],[115.30735993226217,-6.8335949781349301],[115.30736895714898,-6.8335948972919445],[115.30736887626493,-6.8335858769826663]]],[[[115.30997714485426,-6.8335715266243451],[115.30997706392161,-6.8335625063461993],[115.30996803906655,-6.8335625872376626],[115.30996811999903,-6.8335716075159159],[115.30997714485426,-6.8335715266243451]]],[[[115.30736887626493,-6.8335858769826663],[115.30737790115148,-6.8335857961396229],[115.30737782026738,-6.8335767758304646],[115.30736879538101,-6.8335768566734023],[115.30736887626493,-6.8335858769826663]]],[[[115.3074049758104,-6.8335855536094776],[115.3074048949258,-6.8335765333006435],[115.30739587003977,-6.8335766141440848],[115.3073959509242,-6.8335856344530272],[115.3074049758104,-6.8335855536094776]]],[[[115.30753132420568,-6.833584421782132],[115.30753124331872,-6.8335754014748051],[115.30751319354961,-6.8335755631662281],[115.30751327443623,-6.8335845834737698],[115.30753132420568,-6.833584421782132]]],[[[115.30973331186912,-6.8335556700756523],[115.30973323094126,-6.8335466497946058],[115.30972420608362,-6.8335467306813147],[115.30972428701132,-6.8335557509624687],[115.30973331186912,-6.8335556700756523]]],[[[115.30745034289671,-6.8336122103140697],[115.30745026201096,-6.8336031900057863],[115.30743221223887,-6.8336033516948298],[115.30743213135355,-6.8335943313863448],[115.30742310646751,-6.8335944122305055],[115.30742318735267,-6.8336034325390989],[115.30740513757992,-6.8336035942271325],[115.30740521846484,-6.8336126145359541],[115.30739619357816,-6.8336126953798271],[115.30739627446303,-6.8336217156887518],[115.30740529934988,-6.8336216348447705],[115.3074054611203,-6.8336396754623756],[115.30737838645835,-6.833639917994458],[115.30737822468895,-6.8336218773762072],[115.30736919980174,-6.8336219582196831],[115.30736911891738,-6.8336129379104369],[115.30735106914301,-6.8336130995966666],[115.30735098825907,-6.8336040792872002],[115.3073419633719,-6.8336041601299566],[115.30734172072127,-6.8335770992012055],[115.30733269583449,-6.8335771800434699],[115.30733261495135,-6.8335681597337707],[115.30735968961089,-6.8335679172067945],[115.30735960872734,-6.8335588968974124],[115.30731448429506,-6.8335593011076607],[115.30731456517776,-6.8335683214175811],[115.3073055402908,-6.8335684022592336],[115.30730562117346,-6.8335774225692569],[115.30728757139887,-6.8335775842522741],[115.30728773316382,-6.8335956248727552],[115.30729675805149,-6.8335955440311151],[115.30729683893429,-6.8336045643412158],[115.30730586382204,-6.8336044834993013],[115.30730594470512,-6.833613503809306],[115.3072969198172,-6.8336135846513288],[115.30729683893429,-6.8336045643412158],[115.30728781404648,-6.8336046451829642],[115.30728789492919,-6.8336136654931847],[115.30727887004109,-6.8336137463348718],[115.30727895092376,-6.8336227666451963],[115.30726992603536,-6.8336228474868221],[115.30726984515283,-6.8336138271763893],[115.3072608202645,-6.8336139080177407],[115.30726090114688,-6.8336229283282819],[115.30723382648067,-6.8336231708516477],[115.30723390736263,-6.8336321911625069],[115.30719780780551,-6.8336325145250729],[115.30719788868689,-6.8336415348363415],[115.30717081401741,-6.8336417773568225],[115.30717089489841,-6.8336507976684446],[115.3071889446785,-6.8336506359880742],[115.30718902555996,-6.8336596562994592],[115.30720707533993,-6.8336594946182023],[115.30720723710381,-6.8336775352405272],[115.30722528688406,-6.8336773735581682],[115.30722536776652,-6.8336863938690913],[115.30726146732637,-6.8336860705019227],[115.30726138644326,-6.8336770501914303],[115.30727041133277,-6.8336769693493249],[115.30727033044957,-6.8336679490389187],[115.30727935533882,-6.8336678681967538],[115.30727951710563,-6.8336859088173307],[115.30729756688443,-6.8336857471320647],[115.3072973242334,-6.8336586862018329],[115.30730634912217,-6.8336586053592709],[115.30730626823855,-6.8336495850492858],[115.30731529312699,-6.8336495042066643],[115.30731521224332,-6.8336404838967661],[115.30735131179543,-6.8336401605250261],[115.30735123091118,-6.8336311402155898],[115.30736928068622,-6.8336309785289275],[115.30736960422522,-6.8336670597658564],[115.30737862911327,-6.8336669789218432],[115.30737854822819,-6.833657958612724],[115.30738757311596,-6.8336578777686494],[115.3073876540012,-6.8336668980776603],[115.30739667888902,-6.8336668172333095],[115.30739659800361,-6.833657796924407],[115.30740562289114,-6.8336577160799958],[115.30740554200567,-6.8336486957711955],[115.30741456689293,-6.8336486149267248],[115.30741464777856,-6.8336576352354168],[115.30742367266591,-6.833657554390669],[115.30742375355184,-6.8336665746992482],[115.3074418033265,-6.833666413009035],[115.30744172244023,-6.8336573927006699],[115.30745074732722,-6.8336573118554176],[115.30745058555469,-6.8336392712388756],[115.30744156066804,-6.8336393520839112],[115.3074414797821,-6.8336303317755505],[115.3074324548955,-6.8336304126203116],[115.30743229312429,-6.8336123720033282],[115.30745034289671,-6.8336122103140697]],[[115.30729708158337,-6.8336316252715434],[115.307288056695,-6.8336317061136143],[115.30728797581205,-6.8336226858034017],[115.30729700070023,-6.8336226049614393],[115.30729708158337,-6.8336316252715434]],[[115.30725195714052,-6.8336320294802153],[115.30726098202932,-6.8336319486388168],[115.30726106291189,-6.8336409689493314],[115.30725203802292,-6.8336410497908373],[115.30725195714052,-6.8336320294802153]]],[[[115.30909246577592,-6.8335523923331376],[115.30909238486009,-6.8335433720444385],[115.30908335999486,-6.8335434529191028],[115.30908344091051,-6.8335524732079111],[115.30909246577592,-6.8335523923331376]]],[[[115.31003121304953,-6.8335620209938899],[115.31003097024924,-6.8335349601614181],[115.31001292054135,-6.8335351219455474],[115.31001316334064,-6.8335621827786657],[115.31003121304953,-6.8335620209938899]]],[[[115.30916450286109,-6.8335337047532274],[115.30914645313258,-6.8335338665048617],[115.3091465340493,-6.8335428867929213],[115.30912848432003,-6.8335430485440991],[115.30912872706988,-6.8335701094088943],[115.30914677680019,-6.833569947657069],[115.30914685771737,-6.8335789679451278],[115.30916490744754,-6.8335788061924152],[115.30916450286109,-6.8335337047532274]]],[[[115.30966997600876,-6.8335381957162298],[115.30966989508228,-6.8335291754344203],[115.30966087022419,-6.8335292563197365],[115.30966095115051,-6.8335382766016535],[115.30966997600876,-6.8335381957162298]]],[[[115.30436317883705,-6.8335676866417465],[115.30434512899257,-6.8335678482142885],[115.30434520981973,-6.8335768685596339],[115.30435423474221,-6.8335767877733398],[115.30435431556961,-6.8335858081185732],[115.30436334049212,-6.8335857273320046],[115.30436317883705,-6.8335676866417465]]],[[[115.30501305378621,-6.8335708899197698],[115.30501297294661,-6.8335618695823888],[115.30500394803232,-6.8335619503808473],[115.30500402887175,-6.8335709707183376],[115.30501305378621,-6.8335708899197698]]],[[[115.30948037303951,-6.833530873990755],[115.30948029211667,-6.8335218537066789],[115.30947126725646,-6.8335219345883571],[115.30947134817913,-6.8335309548725407],[115.30948037303951,-6.833530873990755]]],[[[115.30439935935283,-6.8335763838393468],[115.3043991976966,-6.8335583431499414],[115.30438114785335,-6.8335585047236123],[115.30438122868107,-6.833567525068533],[115.30437220375912,-6.8335676058552233],[115.30437228458678,-6.8335766262002471],[115.30439935935283,-6.8335763838393468]]],[[[115.30729635363913,-6.8335504424804441],[115.30729619187493,-6.8335324018601522],[115.30728716698844,-6.8335324827010382],[115.30728724787031,-6.8335415030112943],[115.30727822298356,-6.8335415838521198],[115.30727830386536,-6.8335506041624789],[115.30729635363913,-6.8335504424804441]]],[[[115.30945321753569,-6.8335220963512082],[115.30945305569134,-6.8335040557823961],[115.30944403083112,-6.8335041366633549],[115.30944411175308,-6.8335131569478706],[115.30943508689261,-6.8335132378287682],[115.3094351678145,-6.8335222581133879],[115.30945321753569,-6.8335220963512082]]],[[[115.30948021119393,-6.8335128334225983],[115.3094801302713,-6.8335038131385142],[115.30947110541145,-6.8335038940199757],[115.30947118633388,-6.8335129143041691],[115.30948021119393,-6.8335128334225983]]],[[[115.30432699832099,-6.8335589894405908],[115.30435407308767,-6.8335587470828578],[115.30435391143358,-6.8335407063923599],[115.30432683666791,-6.8335409487494463],[115.30432699832099,-6.8335589894405908]]],[[[115.30437212293158,-6.8335585855101959],[115.30437196127681,-6.833540544820127],[115.30436293635525,-6.8335406256063287],[115.30436309800966,-6.8335586662966108],[115.30437212293158,-6.8335585855101959]]],[[[115.3068988541423,-6.8335088977554097],[115.3068898292515,-6.8335089785885756],[115.30688999099989,-6.8335270192185842],[115.30688096610862,-6.8335271000517981],[115.30688088523455,-6.8335180797366881],[115.30687186034336,-6.8335181605696249],[115.3068719412173,-6.8335271808848423],[115.30686291632583,-6.8335272617177187],[115.30686307807365,-6.8335453023483579],[115.3068450282897,-6.833545464014037],[115.30684519003729,-6.8335635046450891],[115.30685421492964,-6.8335634238121186],[115.30685429580375,-6.8335724441275296],[115.30686332069618,-6.8335723632942829],[115.3068634015706,-6.833581383609582],[115.30687242646307,-6.8335813027760599],[115.30687234558849,-6.8335722824608682],[115.30689942026476,-6.8335720399596127],[115.30689958201502,-6.8335900805893468],[115.30690860690724,-6.833589999755044],[115.30690868778269,-6.833599020069812],[115.3069267375671,-6.833598858400487],[115.30692681844302,-6.8336078787150036],[115.30693584333524,-6.8336077978799805],[115.30693592421143,-6.8336168181944004],[115.30699007356344,-6.8336163331800881],[115.30699023531815,-6.8336343738076266],[115.30699926021011,-6.8336342929711034],[115.30699934108779,-6.8336433132847407],[115.30702641576353,-6.8336430707738414],[115.30702649664183,-6.8336520910871847],[115.30703552153368,-6.8336520102497742],[115.3070352788986,-6.8336249493101047],[115.30704430378984,-6.8336248684728487],[115.30704422291151,-6.8336158481597238],[115.30703519802046,-6.8336159289968714],[115.30703511714241,-6.8336069086836355],[115.30702609225141,-6.8336069895205078],[115.30702584961846,-6.8335799285804502],[115.30701682472784,-6.8335800094168304],[115.30701674385058,-6.8335709891033618],[115.30702576874103,-6.8335709082670872],[115.30702560698651,-6.8335528676403525],[115.30701658209637,-6.8335529484764095],[115.30701666297342,-6.8335619687898888],[115.30699861319253,-6.8335621304617149],[115.30699853231582,-6.8335531101480216],[115.30698048253484,-6.8335532718189604],[115.30698040165858,-6.8335442515050477],[115.30697137676806,-6.8335443323401561],[115.30697121501622,-6.8335262917121025],[115.30694414034508,-6.8335265342157765],[115.30694405946984,-6.8335175139014197],[115.30693503457941,-6.8335175947355342],[115.30693511545451,-6.8335266150499985],[115.30690804078208,-6.8335268575516546],[115.30690795990749,-6.8335178372368661],[115.30689893501662,-6.8335179180703092],[115.3068988541423,-6.8335088977554097]],[[115.30691738917311,-6.833562857976613],[115.30692641406456,-6.833562777142296],[115.30692649494004,-6.8335717974568464],[115.3069174700484,-6.8335718782912691],[115.30691738917311,-6.833562857976613]],[[115.30699869406934,-6.8335711507754038],[115.30700771896001,-6.8335710699394667],[115.30700779983711,-6.8335800902530428],[115.30699877494625,-6.8335801710890873],[115.30699869406934,-6.8335711507754038]],[[115.3069990175777,-6.8336072320301149],[115.30700804246906,-6.8336071511937471],[115.30700812334656,-6.8336161715073072],[115.30701714823797,-6.833616090670664],[115.30701722911577,-6.8336251109841113],[115.30699917933251,-6.8336252726574456],[115.3069990175777,-6.8336072320301149]]],[[[115.31025610593778,-6.8334788161541704],[115.31025602500101,-6.8334697958793376],[115.31024700015102,-6.8334698767749353],[115.31024708108764,-6.8334788970498739],[115.31025610593778,-6.8334788161541704]]],[[[115.30917304222406,-6.8334795021506549],[115.3091729613076,-6.8334704818628893],[115.30918198617039,-6.8334704009874052],[115.30918190525387,-6.8334613806997266],[115.30916385552847,-6.8334615424503102],[115.30916401736097,-6.8334795830260777],[115.30917304222406,-6.8334795021506549]]],[[[115.31030106831172,-6.8334603711245343],[115.31030098737433,-6.8334513508502166],[115.31029196252524,-6.8334514317464379],[115.31029204346244,-6.8334604520208639],[115.31030106831172,-6.8334603711245343]]],[[[115.30704300974995,-6.8334805434623238],[115.30704292887337,-6.8334715231491465],[115.30703390398502,-6.833471603984572],[115.30703398486141,-6.8334806242978559],[115.30704300974995,-6.8334805434623238]]],[[[115.30903750743845,-6.8334626746855696],[115.30903742652471,-6.8334536543961963],[115.30901937679616,-6.8334538161411835],[115.30901945770954,-6.8334628364307735],[115.30903750743845,-6.8334626746855696]]],[[[115.3091458867185,-6.8334707244883308],[115.30914572488689,-6.8334526839121406],[115.30913670002397,-6.8334527647867374],[115.30913686185525,-6.8334708053631426],[115.3091458867185,-6.8334707244883308]]],[[[115.30953387481171,-6.8334582264289327],[115.30953379388872,-6.8334492061454855],[115.30952476903052,-6.8334492870273094],[115.30952484995332,-6.833458307310865],[115.30953387481171,-6.8334582264289327]]],[[[115.3092272723179,-6.8334880371816995],[115.30922702956545,-6.8334609763203256],[115.30921800470337,-6.8334610571965406],[115.30921784286926,-6.8334430166220823],[115.30920881800739,-6.8334430974979163],[115.30920889892421,-6.8334521177852627],[115.30919987406206,-6.8334521986610355],[115.30920011681268,-6.8334792595233766],[115.30921816653787,-6.8334790977710167],[115.30921824745531,-6.8334881180582387],[115.3092272723179,-6.8334880371816995]]],[[[115.30424496576919,-6.8334695130391294],[115.30424488494518,-6.8334604926925637],[115.30423586002362,-6.833460573475441],[115.30423594084745,-6.8334695938221151],[115.30424496576919,-6.8334695130391294]]],[[[115.31032773817046,-6.8334150270646026],[115.3103276572331,-6.8334060067906197],[115.31031863238518,-6.8334060876868081],[115.31031871332235,-6.8334151079608985],[115.31032773817046,-6.8334150270646026]]],[[[115.30420886608155,-6.8334698361700612],[115.30420870443503,-6.8334517954760328],[115.30419967951318,-6.8334518762581311],[115.30419984115935,-6.8334699169523754],[115.30420886608155,-6.8334698361700612]]],[[[115.30904604682094,-6.8334084720769717],[115.30904620864777,-6.833426512655576],[115.30905523351129,-6.8334264317829838],[115.30905507168413,-6.8334083912045953],[115.30904604682094,-6.8334084720769717]]],[[[115.30923564984134,-6.8334157940088307],[115.30923556892446,-6.833406773721773],[115.30922654406349,-6.8334068545975102],[115.30922662498021,-6.8334158748846763],[115.30923564984134,-6.8334157940088307]]],[[[115.30926264350678,-6.8334065310935488],[115.3092536186461,-6.8334066119697914],[115.30925369956333,-6.8334156322566342],[115.3092446747024,-6.8334157131328164],[115.30924491745422,-6.8334427739935748],[115.30927199203821,-6.8334425313635547],[115.30927174928486,-6.8334154705037653],[115.30926272442416,-6.8334155513802832],[115.30926264350678,-6.8334065310935488]]],[[[115.3091091399464,-6.8333988856782542],[115.3090910902216,-6.8333990474246402],[115.30909117113569,-6.8334080677134112],[115.30910019599833,-6.8334079868401929],[115.30910027691269,-6.8334170071288689],[115.30910930177534,-6.8334169262553761],[115.3091091399464,-6.8333988856782542]]],[[[115.30493053615579,-6.8334272916866921],[115.30491248633012,-6.8334274532771877],[115.30491256716624,-6.8334364736158193],[115.30493061699225,-6.8334363120251078],[115.30493053615579,-6.8334272916866921]]],[[[115.30426261149182,-6.8334242497407782],[115.30426253066803,-6.8334152293944079],[115.30425350574752,-6.8334153101770836],[115.30425358657112,-6.8334243305235614],[115.30426261149182,-6.8334242497407782]]],[[[115.304262934788,-6.8334603311263047],[115.30426285396381,-6.8334513107799166],[115.30427187888488,-6.8334512299966432],[115.3042717980606,-6.8334422096503751],[115.30428082298143,-6.8334421288670404],[115.30428058050873,-6.8334150678285512],[115.30427155558844,-6.8334151486115635],[115.30427171723645,-6.8334331893041025],[115.3042626923157,-6.8334332700871618],[115.3042627731397,-6.8334422904335419],[115.30425374821867,-6.8334423712165409],[115.30425390986667,-6.8334604119095186],[115.304262934788,-6.8334603311263047]]],[[[115.30675348542543,-6.8334019472660854],[115.30675340455524,-6.8333929269494247],[115.30673535477437,-6.8333930886074086],[115.30673543564426,-6.8334021089242851],[115.30675348542543,-6.8334019472660854]]],[[[115.3092623198383,-6.8333704499466474],[115.3092532949783,-6.8333705308224602],[115.30925345681197,-6.8333885713961262],[115.30927150653251,-6.8333884096439022],[115.30927142561528,-6.8333793893572796],[115.30926240075524,-6.8333794702333668],[115.3092623198383,-6.8333704499466474]]],[[[115.30449709773511,-6.8334041086422141],[115.30447904789997,-6.8334042702159241],[115.30447920955551,-6.8334223109035399],[115.30450628430906,-6.8334220685420757],[115.30450620348073,-6.8334130481986097],[115.30449717856315,-6.8334131289858249],[115.30449709773511,-6.8334041086422141]]],[[[115.3089374248102,-6.833373361369957],[115.30893758663211,-6.8333914019511646],[115.30894661149625,-6.8333913210810211],[115.30894677331892,-6.8334093616620128],[115.30895579818326,-6.8334092807914866],[115.30895571727172,-6.8334002605010999],[115.30897376699978,-6.833400098759757],[115.30897360517632,-6.8333820581794038],[115.30898263003984,-6.8333819773086963],[115.3089827109517,-6.8333909975987677],[115.3089917358153,-6.833390916727784],[115.30899149307956,-6.83336385585788],[115.30895539362656,-6.8333641793395135],[115.30895547453768,-6.8333731996299338],[115.3089374248102,-6.833373361369957]]],[[[115.30909084748001,-6.8333719865583227],[115.30909076656634,-6.8333629662695188],[115.30907271684246,-6.8333631280143701],[115.30907279775577,-6.8333721483033889],[115.30909084748001,-6.8333719865583227]]],[[[115.30913597178862,-6.8333715821927132],[115.30913589087415,-6.8333625619044476],[115.3091268660128,-6.8333626427777983],[115.30912694692714,-6.8333716630661723],[115.30913597178862,-6.8333715821927132]]],[[[115.3045060418244,-6.8333950075116157],[115.30450596099644,-6.8333859871681195],[115.30449693607935,-6.8333860679550122],[115.30449701690716,-6.833395088298615],[115.3045060418244,-6.8333950075116157]]],[[[115.30456921624197,-6.8333944419979087],[115.30456905458374,-6.8333764013124201],[115.30456002966763,-6.8333764821003813],[115.30456011049651,-6.8333855024432362],[115.30455108558009,-6.833385583231137],[115.30455116640891,-6.833394603574094],[115.30456921624197,-6.8333944419979087]]],[[[115.3044788054175,-6.8333772091844693],[115.30447872459025,-6.8333681888406428],[115.30446969967319,-6.8333682696268152],[115.3044697805003,-6.8333772899707501],[115.3044788054175,-6.8333772091844693]]],[[[115.31028188550432,-6.833334249073399],[115.31028172363338,-6.8333162085242405],[115.3102726987866,-6.8333162894185104],[115.31027286065719,-6.8333343299678839],[115.31028188550432,-6.833334249073399]]],[[[115.30455994883883,-6.8333674617575237],[115.30455986801016,-6.8333584414146609],[115.30455084309423,-6.8333585222022384],[115.30455092392275,-6.8333675425452087],[115.30455994883883,-6.8333674617575237]]],[[[115.30837755943995,-6.8333422937879194],[115.30837739764021,-6.833324253193287],[115.30836837277053,-6.8333243340519765],[115.30836853456994,-6.8333423746468247],[115.30837755943995,-6.8333422937879194]]],[[[115.30911759840956,-6.8333356627855633],[115.30911751749584,-6.8333266424970827],[115.30912654235661,-6.8333265616243306],[115.30912638052918,-6.833308521047571],[115.30910833080819,-6.8333086827924747],[115.3091085735485,-6.833335743658254],[115.30911759840956,-6.8333356627855633]]],[[[115.30948721301669,-6.8332872454401299],[115.30948705117669,-6.8332692048719537],[115.30946900146579,-6.8332693666294446],[115.30946916330514,-6.8332874071980507],[115.30948721301669,-6.8332872454401299]]],[[[115.31016488621771,-6.8333713817924604],[115.31016512901968,-6.8333984426203171],[115.31015610416993,-6.8333985235133703],[115.31015634697239,-6.8334255843415113],[115.31014732212208,-6.8334256652347207],[115.31014740305628,-6.8334346855108672],[115.31013837820568,-6.8334347664040154],[115.31013845913982,-6.8334437866802649],[115.3101474839906,-6.8334437057870083],[115.310147564925,-6.833452726063129],[115.31012049037186,-6.8334529687427166],[115.31012057130587,-6.8334619890191908],[115.31011154645441,-6.8334620699121587],[115.31011162738838,-6.8334710901887181],[115.31010260253667,-6.8334711710816256],[115.3101027644046,-6.833489211634947],[115.31008471470015,-6.8334893734206883],[115.31008479563395,-6.8334983936975586],[115.31007577078141,-6.8334984745902849],[115.310076094517,-6.8335345556981535],[115.31008511937019,-6.8335344748049964],[115.31008520030454,-6.8335434950818446],[115.31009422515784,-6.8335434141884113],[115.31009430609245,-6.8335524344651475],[115.31010333094578,-6.8335523535714389],[115.31010341188066,-6.8335613738480623],[115.31012146158736,-6.8335612120599256],[115.31012154252271,-6.8335702323363474],[115.31013056737605,-6.8335701514419176],[115.31013072924738,-6.8335881919944823],[115.31016682866102,-6.8335878684142228],[115.31016674772464,-6.8335788481383668],[115.31015772287154,-6.8335789290335747],[115.31015764193543,-6.8335699087576227],[115.31018471649385,-6.8335696660718144],[115.31018463555733,-6.8335606457961466],[115.3101756107048,-6.8335607266914771],[115.31017528696051,-6.833524645588402],[115.3101933366641,-6.8335244837984366],[115.31019325572797,-6.833515463522871],[115.31020228057943,-6.8335153826277448],[115.31020219964326,-6.8335063623522849],[115.31019317479193,-6.8335064432473054],[115.31019301292022,-6.8334884026961547],[115.31020203777119,-6.83348832180135],[115.3102019568353,-6.8334793015258759],[115.3102380562374,-6.8334789779454113],[115.31023789436465,-6.8334609373953121],[115.31024691921456,-6.8334608564999915],[115.31024683827818,-6.8334518362250272],[115.31025586312781,-6.8334517553296452],[115.31025578219136,-6.8334427350548186],[115.31027383188994,-6.8334425732637651],[115.3102737509533,-6.833433552989133],[115.31028277580226,-6.8334334720934633],[115.31028253299242,-6.8334064112698769],[115.31030058268904,-6.8334062494786787],[115.31030017800646,-6.8333611481069996],[115.31031822770093,-6.8333609863162064],[115.31031814676439,-6.8333519660420574],[115.31032717161133,-6.8333518851465165],[115.31032709067473,-6.8333428648724857],[115.31029099128712,-6.8333431884532096],[115.31029107222302,-6.8333522087276721],[115.31026399768066,-6.8333524514117725],[115.31026383580998,-6.8333344108622009],[115.31025481096266,-6.8333344917563492],[115.31025473002764,-6.8333254714814489],[115.31024570518035,-6.8333255523753218],[115.31024554331098,-6.8333075118252919],[115.31020944392212,-6.8333078353982399],[115.31020968672433,-6.8333348962245717],[115.31019163702823,-6.8333350580106833],[115.31019171796217,-6.8333440782863342],[115.31018269311382,-6.8333441591792452],[115.31018245031278,-6.8333170983519578],[115.3101644006167,-6.8333172601366305],[115.31016431968359,-6.8333082398606431],[115.31015529483554,-6.8333083207526197],[115.31015505203736,-6.83328125992431],[115.31016407688492,-6.8332811790326575],[115.31016399595224,-6.8332721587566532],[115.31014594625739,-6.8332723205395762],[115.31014602718975,-6.8332813408157955],[115.31012797749412,-6.8332815025982612],[115.31012789656212,-6.833272482321826],[115.31007374747369,-6.8332729676645414],[115.31007358561203,-6.8332549271103655],[115.31004651106733,-6.8332551697788064],[115.31004659199762,-6.8332641900562203],[115.3100556168461,-6.8332641091667998],[115.31005577870732,-6.8332821497213985],[115.31002870416046,-6.8332823923898012],[115.31002878509075,-6.8332914126673998],[115.31003780993994,-6.8332913317779926],[115.3100378908705,-6.8333003520555149],[115.3100198411716,-6.8333005138343763],[115.31002000303235,-6.8333185543898027],[115.31004707758154,-6.8333183117206104],[115.31004715851259,-6.8333273319979941],[115.31006520821184,-6.8333271702174772],[115.31006528914331,-6.8333361904946406],[115.31007431399297,-6.8333361096040219],[115.31007439492473,-6.8333451298810735],[115.31010146947345,-6.8333448872078861],[115.31010171227092,-6.8333719480380442],[115.31011073712078,-6.8333718671463224],[115.31011081805366,-6.8333808874229245],[115.3101559423022,-6.8333804829612559],[115.31015586136849,-6.8333714626851911],[115.31016488621771,-6.8333713817924604],[115.31016480528395,-6.8333623615165164],[115.31017383013287,-6.8333622806237253],[115.31017374919901,-6.8333532603478506],[115.31019179889623,-6.8333530985619797],[115.31019196076467,-6.8333711391132601],[115.31016488621771,-6.8333713817924604]],[[115.31021911624556,-6.833379916707857],[115.31021009139684,-6.8333799976017033],[115.31021001046211,-6.8333709773262861],[115.31021903531067,-6.8333708964325464],[115.31021911624556,-6.833379916707857]],[[115.31010106481324,-6.8332997858242024],[115.31009203996459,-6.8332998667148939],[115.31009187810162,-6.8332818261611754],[115.3101009029499,-6.8332817452706989],[115.31010106481324,-6.8332997858242024]]],[[[115.30462247661254,-6.8332947335020044],[115.30462239578358,-6.833285713159877],[115.30461337086975,-6.8332857939477707],[115.30461345169856,-6.8332948142900065],[115.30462247661254,-6.8332947335020044]]],[[[115.30901759672909,-6.8332553697687501],[115.3090175158182,-6.8332463494790616],[115.30899044123613,-6.8332465920878498],[115.30899052214653,-6.8332556123778616],[115.30901759672909,-6.8332553697687501]]],[[[115.30449596615398,-6.8332778238314384],[115.30449588532758,-6.8332688034877798],[115.30450491024246,-6.8332687227022859],[115.30450482941602,-6.8332597023587303],[115.30451385433061,-6.833259621573176],[115.30451377350408,-6.8332506012297412],[115.3044957236751,-6.8332507628004651],[115.3044958045013,-6.8332597831441158],[115.30448677958647,-6.8332598639293325],[115.30448694123882,-6.833277904616871],[115.30449596615398,-6.8332778238314384]]],[[[115.30497412483038,-6.833255501287022],[115.30497404399529,-6.8332464809490752],[115.3049650190864,-6.8332465617430946],[115.30496509992133,-6.8332555820811498],[115.30497412483038,-6.833255501287022]]],[[[115.30948648474005,-6.833206062883221],[115.30948656565924,-6.8332150831673246],[115.30949559051352,-6.8332150022889735],[115.30949550959419,-6.8332059820049782],[115.30948648474005,-6.833206062883221]]],[[[115.30446864893082,-6.8332510051552893],[115.3044776738457,-6.8332509243705157],[115.30447759301997,-6.8332419040266119],[115.30445954319045,-6.8332420655957753],[115.30445962401585,-6.8332510859398949],[115.30445059910078,-6.8332511667243319],[115.30445076075155,-6.833269207412723],[115.30443271092038,-6.833269368981524],[115.30443287257094,-6.8332874096703442],[115.30445092240278,-6.8332872481011124],[115.30445100322856,-6.8332962684452854],[115.30446905306032,-6.8332961068751654],[115.3044689722342,-6.8332870865312092],[115.30447799714973,-6.8332870057460049],[115.30447783549748,-6.8332689650582603],[115.30446881058231,-6.8332690458432497],[115.30446864893082,-6.8332510051552893]]],[[[115.30453182333261,-6.833250439658344],[115.30453174250586,-6.8332414193150859],[115.30452271759181,-6.83324150010076],[115.3045227984184,-6.8332505204441274],[115.30453182333261,-6.833250439658344]]],[[[115.30501916853795,-6.8332460769764536],[115.30501908770212,-6.8332370566390068],[115.30501006279395,-6.8332371374337599],[115.30501014362962,-6.8332461577713151],[115.30501916853795,-6.8332460769764536]]],[[[115.30864717283009,-6.833213583825037],[115.30864709192664,-6.8332045635308765],[115.30863806706243,-6.8332046443932102],[115.30863814796569,-6.8332136646874773],[115.30864717283009,-6.833213583825037]]],[[[115.30948648474005,-6.833206062883221],[115.30948640382096,-6.8331970425990809],[115.30947737896693,-6.8331971234770474],[115.30947745988584,-6.833206143761295],[115.30948648474005,-6.833206062883221]]],[[[115.31053344802594,-6.8332057001573361],[115.31053328614865,-6.833187659614091],[115.31051523646579,-6.8331878214088588],[115.31051531740407,-6.8331968416807145],[115.31050629256232,-6.8331969225779545],[115.31050637350052,-6.8332059428498813],[115.31053344802594,-6.8332057001573361]]],[[[115.30903516098456,-6.8332010862915151],[115.309035080074,-6.8331920660019998],[115.30902605521464,-6.8331921468714532],[115.30902613612504,-6.8332011671610768],[115.30903516098456,-6.8332010862915151]]],[[[115.30504608158968,-6.8332277939166302],[115.30505510649719,-6.8332277131213122],[115.30505502566093,-6.8332186927843042],[115.30504600075356,-6.8332187735795138],[115.30504608158968,-6.8332277939166302]]],[[[115.30843952002198,-6.8332064233220109],[115.30843935822317,-6.8331883827287552],[115.30843033335678,-6.8331884635870059],[115.30843049515526,-6.8332065041804766],[115.30843952002198,-6.8332064233220109]]],[[[115.30892678175462,-6.8331930364243547],[115.30892670084617,-6.8331840161335426],[115.3089176759857,-6.8331840970008715],[115.30891775689398,-6.8331931172917919],[115.30892678175462,-6.8331930364243547]]],[[[115.30505502566093,-6.8332186927843042],[115.30506405056821,-6.8332186119889267],[115.30506396973186,-6.8332095916520208],[115.30505494482475,-6.8332096724472917],[115.30505502566093,-6.8332186927843042]]],[[[115.30863798615928,-6.8331956240989538],[115.30863790525622,-6.8331866038046947],[115.3086469301201,-6.8331865229425768],[115.30864684921697,-6.8331775026484207],[115.30862879948944,-6.8331776643722728],[115.30862888039221,-6.8331866846666438],[115.30861985552812,-6.8331867655284251],[115.30861993643083,-6.8331957858229009],[115.30863798615928,-6.8331956240989538]]],[[[115.30898979395705,-6.8331744297674684],[115.30898971304767,-6.8331654094774175],[115.30898068818826,-6.8331654903457082],[115.3089807690975,-6.8331745106358666],[115.30898979395705,-6.8331744297674684]]],[[[115.30943168827162,-6.8331343858708458],[115.30941363856444,-6.8331345476230867],[115.30941371948141,-6.8331435679081034],[115.3094046946275,-6.8331436487840795],[115.30940461371071,-6.8331346284989545],[115.30938656400286,-6.8331347902501873],[115.30938664491933,-6.8331438105355273],[115.30937762006509,-6.833143891410999],[115.30937778189802,-6.8331619319818975],[115.3093868067526,-6.8331618511062109],[115.30938688766939,-6.8331708713915207],[115.30939591252401,-6.8331707905155579],[115.30939615527555,-6.8331978513711888],[115.30937810556519,-6.8331980131235941],[115.3093783483167,-6.8332250739798317],[115.30941444773904,-6.8332247504730574],[115.30941460957528,-6.8332427910429994],[115.30943265928649,-6.8332426292881738],[115.30943249744959,-6.8332245887186618],[115.30945957201456,-6.8332243460858075],[115.30945949109577,-6.833215325801369],[115.30945046624106,-6.833215406679046],[115.30945030440414,-6.8331973661099408],[115.3094593292585,-6.8331972852324778],[115.30945924834002,-6.833188264948026],[115.30945022348584,-6.8331883458253824],[115.30945014256764,-6.8331793255408178],[115.30946819227563,-6.8331791637861539],[115.30946803043891,-6.8331611232174607],[115.30945900558528,-6.8331612040946617],[115.30945892466727,-6.8331521838101752],[115.30944087496009,-6.8331523455638559],[115.3094407940425,-6.8331433252791669],[115.30943176918892,-6.8331434061556475],[115.30943168827162,-6.8331343858708458]]],[[[115.3105146699011,-6.8331246795058558],[115.3105056450607,-6.8331247604022334],[115.31050596881063,-6.8331608414901197],[115.31052401849267,-6.833160679696336],[115.31052377567903,-6.8331336188810736],[115.31051475083858,-6.8331336997777266],[115.3105146699011,-6.8331246795058558]]],[[[115.30745058555469,-6.8336392712388756],[115.30748668510024,-6.8336389478570485],[115.30748660421347,-6.833629927549226],[115.30751367887099,-6.8336296850114149],[115.30751359798381,-6.8336206647038944],[115.3075316477546,-6.833620503011395],[115.30753156686721,-6.833611482704085],[115.30754961663722,-6.8336113210111282],[115.30754985930074,-6.8336383819323805],[115.30755888418609,-6.8336383010853261],[115.30755872240998,-6.8336202604713829],[115.30761287171775,-6.8336197753868237],[115.30761295260676,-6.8336287956931594],[115.30760392772224,-6.8336288765411135],[115.30760400861121,-6.8336378968475362],[115.3076401081493,-6.8336375734542782],[115.30764018903905,-6.8336465937602977],[115.3076582388078,-6.8336464320624462],[115.30765831969798,-6.8336554523682294],[115.30766734458236,-6.8336553715189421],[115.307667263692,-6.8336463512132672],[115.3077936120594,-6.8336452193071091],[115.30779353116681,-6.8336361990029193],[115.30780255604918,-6.8336361181513272],[115.30780271783485,-6.8336541587594688],[115.3078388173647,-6.8336538353505549],[115.30783906004601,-6.8336808962614031],[115.30787515957608,-6.8336805728485048],[115.30787524047074,-6.8336895931517043],[115.3078842653532,-6.8336895122979522],[115.30788450803833,-6.8337165732071501],[115.30790255780384,-6.8337164114984938],[115.30790263869945,-6.8337254318013363],[115.30791166358222,-6.833725350946648],[115.30791158268646,-6.8337163306439139],[115.30794768221577,-6.8337160072239138],[115.30794760131944,-6.8337069869216061],[115.3079566262013,-6.8337069060662943],[115.30795678799441,-6.8337249466706886],[115.30794776311221,-6.8337250275262171],[115.3079480058022,-6.8337520884331004],[115.30795703068492,-6.8337520075772495],[115.30795711158197,-6.8337610278794267],[115.30796613646473,-6.8337609470233005],[115.30796605556752,-6.8337519267212308],[115.30797508045002,-6.8337518458650433],[115.30797516134744,-6.8337608661670055],[115.30802028575916,-6.8337604618830081],[115.30802044755593,-6.8337785024858428],[115.30803849732054,-6.8337783407706363],[115.30803857821942,-6.8337873610718329],[115.30805662798393,-6.8337871993557382],[115.30805646618558,-6.8337691587537721],[115.30803841642175,-6.833769320469437],[115.30803833552308,-6.8337603001682323],[115.30808345993098,-6.8337598958783499],[115.30808370262984,-6.8337869567803349],[115.30811077727482,-6.8337867142034181],[115.30811085817516,-6.8337957345037657],[115.30812890793824,-6.8337955727847648],[115.30812882703755,-6.8337865524846348],[115.30813785191879,-6.8337864716249896],[115.30813752831648,-6.8337503904249202],[115.30814655319691,-6.833750309565537],[115.30814647229644,-6.8337412892656175],[115.30816452205661,-6.8337411275465643],[115.30816444115592,-6.8337321072468553],[115.30817346603568,-6.8337320263871844],[115.3081731424333,-6.8336959451887349],[115.30818216731231,-6.8336958643293269],[115.30818208641182,-6.8336868440298106],[115.30819111129053,-6.8336867631703431],[115.30819062588888,-6.8336326413737867],[115.30819965076645,-6.8336325605147969],[115.3081995698664,-6.8336235402154841],[115.30820859474372,-6.8336234593564331],[115.30820835204371,-6.833596398458738],[115.30821737692038,-6.8335963175998424],[115.30821729602043,-6.8335872973007277],[115.3082082711439,-6.8335873781595149],[115.30820810934466,-6.8335693375610047],[115.30821713422083,-6.8335692567024324],[115.30821697242169,-6.8335512161041381],[115.30822599729746,-6.8335511352456129],[115.30822567369978,-6.8335150540494007],[115.30823469857474,-6.8335149731911384],[115.30823461767544,-6.8335059528921827],[115.30824364255011,-6.83350587203386],[115.30824323805436,-6.8334607705395545],[115.30825226292809,-6.8334606896816021],[115.30825202023146,-6.833433628785289],[115.30826104510456,-6.8334335479274921],[115.30826096420576,-6.8334245276288392],[115.3082699890786,-6.8334244467709802],[115.30826942278867,-6.8333613046808948],[115.30827844766021,-6.8333612238236228],[115.30827836676191,-6.8333522035251306],[115.3082873916332,-6.8333521226677991],[115.30828722983659,-6.8333340820710209],[115.30830527957815,-6.8333339203562824],[115.3083051986797,-6.8333249000581011],[115.30831422355014,-6.8333248192005884],[115.30831414265162,-6.8333157989025111],[115.30830511778133,-6.8333158797599163],[115.30830495598494,-6.8332978391635342],[115.30831398085489,-6.833297758306343],[115.3083138190586,-6.833279717710159],[115.30832284392808,-6.8332796368530158],[115.30832260123397,-6.8332525759590297],[115.30833162610284,-6.8332524951020419],[115.30833154520485,-6.8332434748041457],[115.30834057007347,-6.8332433939470967],[115.30834048917542,-6.8332343736493035],[115.30834951404375,-6.833234292792195],[115.30834935224763,-6.8332162521968272],[115.30835837711554,-6.8332161713397657],[115.30835813442168,-6.8331891104469662],[115.30836715928895,-6.8331890295900584],[115.30836699749325,-6.8331709889950796],[115.30837602236008,-6.8331709081382206],[115.3083758605645,-6.8331528675434061],[115.30838488543087,-6.8331527866865942],[115.3083847236354,-6.8331347460919947],[115.30837569876935,-6.8331348269485916],[115.30837553697464,-6.8331167863537585],[115.30836651210882,-6.8331168672099718],[115.30836659300596,-6.8331258875074976],[115.30834854327365,-6.8331260492196337],[115.30834870506759,-6.8331440898151046],[115.30833968020093,-6.8331441706711358],[115.30833959930408,-6.8331351503732956],[115.30833057443751,-6.8331352312290523],[115.30833049354091,-6.8331262109310993],[115.30832146867441,-6.833126291786578],[115.30832154957079,-6.8331353120846385],[115.30831252470399,-6.8331353929400596],[115.30831236291164,-6.8331173523437192],[115.30830333804506,-6.8331174331987548],[115.30830349983708,-6.8331354737953109],[115.30829447497004,-6.8331355546503936],[115.30829463676216,-6.8331535952471478],[115.30828561189469,-6.8331536761022775],[115.3082858545832,-6.8331807369976998],[115.30827682971513,-6.8331808178529867],[115.30827715330064,-6.8332168990472688],[115.30826812843176,-6.8332169799028168],[115.30826820932825,-6.8332260002014626],[115.30827723419728,-6.8332259193458071],[115.30827747688789,-6.833252980241447],[115.30826845201837,-6.8332530610974276],[115.30826861381232,-6.8332711016947156],[115.30825958894233,-6.8332711825507415],[115.3082596698393,-6.8332802028494868],[115.30826869470947,-6.8332801219933526],[115.30826893740155,-6.8333071828892216],[115.30825991253087,-6.8333072637456791],[115.30826007432582,-6.8333253043431474],[115.30825104945471,-6.833325385199652],[115.30825113035216,-6.833334405498479],[115.30824210548077,-6.8333344863549232],[115.30824218637818,-6.8333435066538541],[115.30823316150652,-6.833343587510238],[115.30823324240387,-6.8333526078092719],[115.3082422672757,-6.8333525269527806],[115.30824234817331,-6.8333615472517009],[115.30823332330134,-6.8333616281083014],[115.3082334041989,-6.8333706484073264],[115.30824242907104,-6.8333705675506184],[115.30824259086683,-6.8333886081484403],[115.30822454112173,-6.8333887698621174],[115.30822478381523,-6.8334158307594635],[115.30821575894198,-6.8334159116163731],[115.30821600163597,-6.8334429725140042],[115.30820697676214,-6.8334430533710684],[115.30820730035495,-6.8334791345682788],[115.30819827548034,-6.8334792154256068],[115.30819835637864,-6.8334882357250066],[115.30818933150374,-6.8334883165822733],[115.308189412402,-6.8334973368817771],[115.30818038752683,-6.8334974177389824],[115.30818046842502,-6.8335064380385893],[115.30818949330036,-6.8335063571812755],[115.30818965509741,-6.83352439778026],[115.30818063022173,-6.8335244786377904],[115.30818079201889,-6.8335425192369721],[115.30817176714274,-6.8335426000945487],[115.30817209073768,-6.833578681293293],[115.30816306586078,-6.8335787621511335],[115.30816330855764,-6.833605823050469],[115.30814525880247,-6.8336059847662902],[115.30814533970133,-6.8336150050662754],[115.30813631482343,-6.8336150859240403],[115.30813639572219,-6.8336241062241312],[115.30812737084401,-6.8336241870818366],[115.30812761354045,-6.8336512479824005],[115.30811858866166,-6.8336513288402605],[115.3081185077629,-6.8336423085399689],[115.30810948288416,-6.8336423893975544],[115.30810964468147,-6.8336604299983472],[115.30810061980226,-6.8336605108559789],[115.30810070070092,-6.8336695311564775],[115.30804655142249,-6.8336700162993864],[115.30804638962735,-6.8336519756970935],[115.30803736474753,-6.8336520565534409],[115.30803752654238,-6.8336700971559505],[115.30802850166216,-6.833670178012345],[115.30802866345708,-6.8336882186150509],[115.30801963857641,-6.8336882994714934],[115.30801955767907,-6.8336792791700178],[115.30801053279845,-6.833679360026184],[115.30801045190137,-6.8336703397246303],[115.30800142702083,-6.8336704205805203],[115.30800134612403,-6.8336614002788387],[115.3079923212435,-6.8336614811344516],[115.30799240214014,-6.8336705014362433],[115.30798337725938,-6.8336705822917976],[115.30798321546656,-6.8336525416879965],[115.30797419058602,-6.833652622543168],[115.30797410968995,-6.8336436022411533],[115.30795605992886,-6.833643763950775],[115.30795614082459,-6.8336527842530037],[115.30794711594373,-6.8336528651076716],[115.30794719683942,-6.8336618854100051],[115.30793817195823,-6.8336619662646108],[115.30793825285386,-6.8336709865670473],[115.30791117820924,-6.8336712291301795],[115.30791077373476,-6.8336261276163377],[115.3078927239728,-6.833626289323175],[115.30789264307857,-6.8336172690201771],[115.30788361819762,-6.8336173498732364],[115.30788377998584,-6.833635390479424],[115.30787475510444,-6.8336354713325296],[115.30787467421044,-6.833626451029339],[115.30786564932907,-6.8336265318821692],[115.30786548754173,-6.8336084912755242],[115.30782938801657,-6.8336088146843021],[115.30782930712371,-6.833599794380544],[115.30780223247919,-6.8336000369350387],[115.30780231337154,-6.833609057239121],[115.30779328848965,-6.8336091380903907],[115.3077932075975,-6.8336001177862018],[115.3077751578337,-6.8336002794880208],[115.30777507694201,-6.8335912591836276],[115.30774800229601,-6.8335915017347739],[115.30774808318724,-6.8336005220394895],[115.30772100853976,-6.8336007645894465],[115.30772092764904,-6.8335917442844059],[115.30769385300111,-6.8335919868325252],[115.3076939338913,-6.8336010071378883],[115.30767588412512,-6.8336011688360108],[115.30767580323526,-6.8335921485304318],[115.30763067881873,-6.8335925527722559],[115.30763075970775,-6.8336015730783712],[115.30762173482394,-6.8336016539263387],[115.30762165393507,-6.8335926336201158],[115.3076036041675,-6.8335927953153313],[115.3076035232791,-6.8335837750088544],[115.30759449839529,-6.8335838558561015],[115.30759457928353,-6.8335928761626876],[115.30758555439948,-6.8335929570098743],[115.30758539262341,-6.8335749163965023],[115.30754929308738,-6.8335752397827099],[115.3075494548621,-6.8335932803969444],[115.30754042997748,-6.8335933612432909],[115.30754034909025,-6.8335843409360599],[115.30753132420568,-6.833584421782132],[115.30753140509276,-6.8335934420894704],[115.30752238020791,-6.8335935229354812],[115.3075224610949,-6.8336025432428915],[115.3075134362098,-6.833602624088841],[115.30751335532298,-6.833593603781325],[115.30750433043791,-6.8335936846269991],[115.30750441132457,-6.8336027049346226],[115.30748636155381,-6.8336028666256832],[115.30748644244025,-6.8336118869335358],[115.30747741755454,-6.8336119677789213],[115.30747733666826,-6.8336029474709621],[115.30745928689683,-6.8336031091610137],[115.30745936778276,-6.8336121294691878],[115.30745034289671,-6.8336122103140697],[115.30745058555469,-6.8336392712388756]],[[115.30797451417141,-6.8336887037511831],[115.30799256393372,-6.8336885420398108],[115.30799264483066,-6.8336975623415892],[115.30798361994941,-6.8336976431974668],[115.30798370084631,-6.8337066634993464],[115.30797467596477,-6.8337067443551636],[115.30797451417141,-6.8336887037511831]],[[115.30815452637745,-6.8336329648080669],[115.3081455014993,-6.8336330456662164],[115.30814542060025,-6.833624025366257],[115.30815444547824,-6.8336239445082141],[115.30815452637745,-6.8336329648080669]]],[[[115.30868254415347,-6.8331320777300055],[115.30868238234731,-6.8331140371424981],[115.3086733574852,-6.8331141180044268],[115.30867343838806,-6.8331231382982907],[115.30866441352568,-6.8331232191601581],[115.30866449442848,-6.833132239454125],[115.30868254415347,-6.8331320777300055]]],[[[115.30833049354091,-6.8331262109310993],[115.30833951840737,-6.83312613007545],[115.3083393566142,-6.8331080894797473],[115.3083303317481,-6.8331081703351808],[115.30833049354091,-6.8331262109310993]]],[[[115.30837553697464,-6.8331167863537585],[115.30838456184036,-6.8331167054973774],[115.30838448094299,-6.833107685200063],[115.30837545607743,-6.8331077660563357],[115.30837553697464,-6.8331167863537585]]],[[[115.30981943317282,-6.8330948269143086],[115.30981040832467,-6.8330949077973111],[115.30981048924858,-6.8331039280776045],[115.30980146440017,-6.8331040089605457],[115.30980154532404,-6.8331130292409421],[115.30981057017263,-6.8331129483578925],[115.30981081294541,-6.8331400091987318],[115.30980178809631,-6.8331400900821055],[115.30980186902062,-6.8331491103624842],[115.30981089386989,-6.8331490294790038],[115.30981113664397,-6.8331760903197916],[115.30983821119267,-6.8331758476673716],[115.30983813026738,-6.8331668273874371],[115.30984715511653,-6.8331667465030694],[115.309847236042,-6.8331757667828956],[115.30986528574037,-6.8331756050134391],[115.30986512388884,-6.8331575644542282],[115.30985609904005,-6.833157645338825],[115.3098560181146,-6.8331486250590796],[115.30986504296324,-6.8331485441745903],[115.30986496203774,-6.8331395238949666],[115.30985593718928,-6.8331396047793476],[115.30985569441398,-6.833112543940123],[115.30984666956594,-6.8331126248240137],[115.30984658864124,-6.8331036045441564],[115.30981951409692,-6.8331038471944927],[115.30981943317282,-6.8330948269143086]]],[[[115.30685919624661,-6.8331123272082532],[115.30686822113032,-6.8331122463803302],[115.30686814026143,-6.8331032260649298],[115.30685911537788,-6.8331033068927471],[115.30685919624661,-6.8331123272082532]]],[[[115.30836635031487,-6.83309882661489],[115.30836626941807,-6.8330898063173677],[115.30835724455267,-6.833089887173089],[115.30835732544931,-6.8330989074707187],[115.30836635031487,-6.83309882661489]]],[[[115.30897996001016,-6.8330843077339232],[115.30897987910201,-6.8330752874437053],[115.30897085424421,-6.833075368310749],[115.30897093515219,-6.8330843886010744],[115.30897996001016,-6.8330843077339232]]],[[[115.30838448094299,-6.833107685200063],[115.3083935058084,-6.8331076043436223],[115.30839342491099,-6.8330985840463931],[115.30840244977612,-6.8330985031898912],[115.30840220708403,-6.8330714422985706],[115.30839318221938,-6.8330715231547492],[115.30839326311649,-6.833080543451973],[115.30838423825156,-6.8330806243080922],[115.30838448094299,-6.833107685200063]]],[[[115.30871815818094,-6.8330776325197595],[115.30871807727777,-6.8330686122264135],[115.30870905241697,-6.8330686930884763],[115.30870913331995,-6.8330777133819307],[115.30871815818094,-6.8330776325197595]]],[[[115.30687700340711,-6.8330851046063152],[115.30687692253838,-6.8330760842909939],[115.30686789765544,-6.833076165118654],[115.30686797852398,-6.8330851854340846],[115.30687700340711,-6.8330851046063152]]],[[[115.30840220708403,-6.8330714422985706],[115.30841123194857,-6.8330713614422249],[115.30841115105126,-6.8330623411452107],[115.30840212618688,-6.8330624220014498],[115.30840220708403,-6.8330714422985706]]],[[[115.30688570481519,-6.8330489425174958],[115.30687667993284,-6.8330490233450014],[115.30687676080125,-6.8330580436603361],[115.30688578568378,-6.8330579628327222],[115.30688570481519,-6.8330489425174958]]],[[[115.30912395317007,-6.8330379123940999],[115.30912403408045,-6.8330469326825956],[115.30914208379124,-6.833046770943267],[115.30914192196992,-6.8330287303666868],[115.30913289711489,-6.8330288112362201],[115.30913297802535,-6.8330378315246287],[115.30912395317007,-6.8330379123940999]]],[[[115.31044166181937,-6.8330351239445868],[115.31044149994962,-6.8330170833990387],[115.31042345027097,-6.8330172451863493],[115.31042361214008,-6.8330352857323273],[115.31044166181937,-6.8330351239445868]]],[[[115.31047768024106,-6.8330257800947551],[115.31047759930556,-6.8330167598224012],[115.31046857446674,-6.8330168407168124],[115.31046865540209,-6.8330258609892747],[115.31047768024106,-6.8330257800947551]]],[[[115.31184742412279,-6.833004479396334],[115.31184025425718,-6.8329940190461844],[115.31184034871286,-6.8330045428371173],[115.31184742412279,-6.833004479396334]]],[[[115.3084290389847,-6.8330441388386198],[115.30842879629303,-6.833017077948174],[115.30841977142971,-6.8330171588042106],[115.3084199332237,-6.8330351993980614],[115.30841090835995,-6.833035280254145],[115.30841098925696,-6.8330443005511707],[115.3084290389847,-6.8330441388386198]]],[[[115.30885345017698,-6.8330673992753077],[115.30887149989499,-6.8330672375456354],[115.30887133808334,-6.8330491969625751],[115.30888036294182,-6.833049116097702],[115.30888012022463,-6.8330220552234451],[115.30885304565027,-6.833022297816588],[115.30885296474526,-6.8330132775248318],[115.3088439398871,-6.8330133583887696],[115.30884418260196,-6.8330404192643499],[115.30885320746063,-6.8330403384000888],[115.30885345017698,-6.8330673992753077]]],[[[115.30912395317007,-6.8330379123940999],[115.30912371043955,-6.8330108515285382],[115.30911468558465,-6.8330109323975208],[115.30911476649456,-6.8330199526861524],[115.30910574163937,-6.8330200335550719],[115.30910590345916,-6.8330380741325394],[115.30912395317007,-6.8330379123940999]]],[[[115.30850099519559,-6.8330164310938288],[115.30850091429723,-6.833007410797884],[115.30849188943496,-6.8330074916551569],[115.30849197033312,-6.8330165119512101],[115.30850099519559,-6.8330164310938288]]],[[[115.3104683316614,-6.8329897798994201],[115.31046849353153,-6.8330078204443474],[115.31047751837016,-6.8330077395500428],[115.3104773564997,-6.8329896990053314],[115.3104683316614,-6.8329897798994201]]],[[[115.3104683316614,-6.8329897798994201],[115.3104682507265,-6.8329807596269241],[115.31045922588824,-6.8329808405207375],[115.31045930682298,-6.8329898607933401],[115.3104683316614,-6.8329897798994201]]],[[[115.30422303651349,-6.8330366979538031],[115.30422295569508,-6.8330276776067995],[115.30421393078136,-6.8330277583841745],[115.30421401159961,-6.8330367787312865],[115.30422303651349,-6.8330366979538031]]],[[[115.30861807569602,-6.8329883190488747],[115.30860002597488,-6.8329884807671935],[115.30860010687486,-6.8329975010619792],[115.30860913173565,-6.8329974202027968],[115.3086092126359,-6.8330064404974866],[115.3085821380527,-6.8330066830748564],[115.30858221895255,-6.8330157033698313],[115.30857319409112,-6.833015784228726],[115.30857327499092,-6.8330248045238227],[115.30860937443673,-6.833024481086805],[115.30860953623801,-6.8330425216761235],[115.30863661082225,-6.8330422790959489],[115.30863644901994,-6.833024238507277],[115.3086454738808,-6.833024157647098],[115.30864531207864,-6.8330061170586429],[115.30862726235749,-6.8330062787784014],[115.30862734325818,-6.833015299072839],[115.30861831839727,-6.833015379932573],[115.30861807569602,-6.8329883190488747]]],[[[115.31044085247493,-6.8329449212166251],[115.31041377796086,-6.8329451638947516],[115.31041385889429,-6.8329541841678765],[115.31043190857079,-6.8329540223824115],[115.31043207043868,-6.8329720629282518],[115.31045012011541,-6.8329719011416836],[115.31045003918108,-6.8329628808689815],[115.31044101434294,-6.8329629617622416],[115.31044085247493,-6.8329449212166251]]],[[[115.30862685785563,-6.8329611773060659],[115.30862677695558,-6.8329521570115688],[115.30861775209587,-6.8329522378705505],[115.30861783299575,-6.8329612581651542],[115.30862685785563,-6.8329611773060659]]],[[[115.30688570481519,-6.8330489425174958],[115.30689472969742,-6.8330488616898215],[115.30689448709185,-6.8330218007444525],[115.30690351197347,-6.8330217199169345],[115.30690310763222,-6.8329766183417453],[115.30691213251291,-6.8329765375145959],[115.30691197077681,-6.8329584968846895],[115.30692099565704,-6.8329584160575871],[115.30692075305325,-6.8329313551130424],[115.30691172817355,-6.8329314359398206],[115.30691180904118,-6.8329404562547813],[115.3068937592811,-6.8329406179080499],[115.30689432535536,-6.8330037601141589],[115.30687627559249,-6.8330039217682623],[115.30687635646035,-6.8330129420836192],[115.30688538134201,-6.8330128612565435],[115.30688570481519,-6.8330489425174958]]],[[[115.30859043481857,-6.8329254195617253],[115.30859035391963,-6.8329163992667974],[115.30858132906015,-6.8329164801246751],[115.3085814099589,-6.8329255004197105],[115.30859043481857,-6.8329254195617253]]],[[[115.30883410598807,-6.8329232363325803],[115.30883402508458,-6.8329142160405612],[115.30881597537139,-6.8329143777652259],[115.30881605627452,-6.8329233980574609],[115.30883410598807,-6.8329232363325803]]],[[[115.30853628565896,-6.8329259047071167],[115.30853604296551,-6.8328988438203799],[115.30852701810571,-6.8328989246770329],[115.30852726079867,-6.832925985564092],[115.30853628565896,-6.8329259047071167]]],[[[115.3100161184953,-6.8328855810548035],[115.31001603757012,-6.8328765607768673],[115.31000701272843,-6.832876641660981],[115.31000709365343,-6.8328856619390246],[115.3100161184953,-6.8328855810548035]]],[[[115.31031385728525,-6.8328738915067948],[115.31029580760897,-6.8328740532859493],[115.31029596946983,-6.8328920938351168],[115.31032304398516,-6.8328918511654866],[115.31032296305415,-6.8328828308912364],[115.31031393821598,-6.8328829117811738],[115.31031385728525,-6.8328738915067948]]],[[[115.30863507371824,-6.832870893502875],[115.30862604886012,-6.8328709743610547],[115.30862612975919,-6.8328799946555732],[115.3086171049008,-6.8328800755136925],[115.3086172666989,-6.8328981161029327],[115.30859019212211,-6.8328983586769274],[115.30859027302083,-6.8329073789718651],[115.30859929788002,-6.8329072981139261],[115.30859937877901,-6.8329163184087518],[115.30861742849746,-6.8329161566921561],[115.30861759029645,-6.8329341972813618],[115.30862661515583,-6.8329341164225958],[115.30862669605565,-6.832943136717085],[115.30866279549281,-6.832942813279911],[115.30866263369191,-6.8329247726917908],[115.30865360883311,-6.8329248535511224],[115.30865352793302,-6.8329158332569468],[115.30867157765014,-6.8329156715383341],[115.30867149674981,-6.8329066512443717],[115.30864442217447,-6.8329068938217157],[115.30864417947564,-6.8328798329388309],[115.30863515461748,-6.832879913797286],[115.30863507371824,-6.832870893502875]],[[115.30862621065835,-6.8328890149500712],[115.30863523551679,-6.8328889340916756],[115.30863531641623,-6.8328979543860964],[115.30862629155762,-6.8328980352445985],[115.30862621065835,-6.8328890149500712]],[[115.30862637245701,-6.8329070555391045],[115.30863539731581,-6.832906974680494],[115.30863547821545,-6.8329159949748881],[115.30862645335651,-6.8329160758336061],[115.30862637245701,-6.8329070555391045]]],[[[115.30880654600143,-6.832869357165527],[115.30880646509911,-6.832860336873158],[115.30877939053123,-6.8328605794564501],[115.30877947143301,-6.8328695997491424],[115.30880654600143,-6.832869357165527]]],[[[115.30864401767694,-6.8328617923502195],[115.30864393677776,-6.8328527720559071],[115.30863491192011,-6.8328528529140389],[115.30863499281912,-6.8328618732084596],[115.30864401767694,-6.8328617923502195]]],[[[115.30866206739226,-6.8328616306332357],[115.30866198649275,-6.8328526103391392],[115.3086529616353,-6.8328526911976075],[115.30865304253464,-6.8328617114918115],[115.30866206739226,-6.8328616306332357]]],[[[115.30870719167868,-6.8328612263378341],[115.30870711077831,-6.8328522060442767],[115.30868003620731,-6.8328524486216979],[115.30868011710716,-6.8328614689155796],[115.30870719167868,-6.8328612263378341]]],[[[115.30875231596234,-6.8328608220382305],[115.30875223506114,-6.8328518017452105],[115.30874321020478,-6.8328518826053601],[115.30874329110581,-6.8328609028984877],[115.30875231596234,-6.8328608220382305]]],[[[115.31027751514269,-6.8328471542400431],[115.31027743421309,-6.8328381339652324],[115.31026840937521,-6.8328382148537896],[115.31026849030467,-6.8328472351287077],[115.31027751514269,-6.8328471542400431]]],[[[115.30694734248408,-6.8328769907444284],[115.30694718074908,-6.8328589501152877],[115.30693815587102,-6.8328590309417088],[115.3069383176057,-6.8328770715710654],[115.30694734248408,-6.8328769907444284]]],[[[115.30877922872794,-6.8328425388710361],[115.30877930962953,-6.8328515591637542],[115.30878833448541,-6.832851478302933],[115.30878825358366,-6.8328424580103233],[115.30877922872794,-6.8328425388710361]]],[[[115.31031353356346,-6.8328378104093188],[115.31031345263328,-6.8328287901349167],[115.31029540295864,-6.8328289519129957],[115.3102954838885,-6.8328379721876109],[115.31031353356346,-6.8328378104093188]]],[[[115.30365309300714,-6.8328884405920345],[115.30365301220118,-6.8328794202381937],[115.30364398728344,-6.8328795010031493],[115.30364406808923,-6.8328885213570976],[115.30365309300714,-6.8328884405920345]]],[[[115.30375228628914,-6.8328785318125824],[115.30373423645595,-6.832878693346025],[115.30373431726342,-6.8328877136988968],[115.30374334218025,-6.8328876329321515],[115.30374342298799,-6.8328966532849451],[115.30375244790487,-6.8328965725179254],[115.30375228628914,-6.8328785318125824]]],[[[115.3038064357861,-6.8328780472082213],[115.30379741087022,-6.8328781279760342],[115.30379757248764,-6.8328961686803016],[115.30381562231997,-6.8328960071440745],[115.30381554151086,-6.8328869867921425],[115.30380651659492,-6.8328870675602316],[115.3038064357861,-6.8328780472082213]]],[[[115.30877922872794,-6.8328425388710361],[115.30877914782647,-6.8328335185783491],[115.30877012297077,-6.8328335994387874],[115.30876996116848,-6.8328155588531496],[115.30876093631302,-6.8328156397132025],[115.30876101721394,-6.832824660006132],[115.30874296750235,-6.8328248217259535],[115.30874312930386,-6.8328428623122122],[115.3087611790161,-6.8328427005919607],[115.30876125991739,-6.8328517208848947],[115.3087702847735,-6.8328516400244084],[115.3087702038721,-6.8328426197315828],[115.30877922872794,-6.8328425388710361]]],[[[115.31011474433564,-6.8328125291032809],[115.31011466340948,-6.8328035088265118],[115.31010563857031,-6.8328035897116139],[115.31010571949629,-6.8328126099884905],[115.31011474433564,-6.8328125291032809]]],[[[115.30518700412713,-6.8328386267455539],[115.30516895432969,-6.8328387883318076],[115.30516903516356,-6.8328478086675979],[115.30517806006253,-6.8328477278744471],[115.30517814089669,-6.8328567482101263],[115.3051871657957,-6.8328566674167002],[115.30518700412713,-6.8328386267455539]]],[[[115.30849027149439,-6.8328270857328359],[115.30849010970273,-6.8328090451405101],[115.30847205998531,-6.832809206849813],[115.30847222177627,-6.8328272474425704],[115.30849027149439,-6.8328270857328359]]],[[[115.30880614149096,-6.83282425570364],[115.30880606058919,-6.8328152354112497],[115.3088150854441,-6.832815154550353],[115.30881500454228,-6.8328061342580675],[115.30878792997774,-6.8328063768399243],[115.30878809178047,-6.8328244174251411],[115.30880614149096,-6.83282425570364]]],[[[115.30838189228518,-6.8328190356837029],[115.30838173049777,-6.8328009950887996],[115.30836368077803,-6.8328011567938534],[115.30836376167134,-6.8328101770915142],[115.30835473681114,-6.8328102579438976],[115.30835481770438,-6.8328192782416783],[115.30838189228518,-6.8328190356837029]]],[[[115.30844506630321,-6.8328184697092116],[115.30844498540826,-6.8328094494125073],[115.30845401026738,-6.8328093685584452],[115.30845392937239,-6.8328003482618618],[115.3084358796544,-6.8328005099696041],[115.30843596054906,-6.8328095302664034],[115.30842693568974,-6.8328096111201306],[115.30842701658432,-6.8328186314170498],[115.30844506630321,-6.8328184697092116]]],[[[115.30517789839453,-6.8328296872030947],[115.3051778175607,-6.8328206668673861],[115.30516879266224,-6.8328207476602136],[115.30516887349592,-6.8328297679960297],[115.30517789839453,-6.8328296872030947]]],[[[115.30789446879567,-6.8328143811924997],[115.30789438791108,-6.8328053608892381],[115.3079034127767,-6.8328052800455374],[115.30790333189208,-6.8327962597423459],[115.30787625729542,-6.8327965022726227],[115.30787641906375,-6.832814542879615],[115.30789446879567,-6.8328143811924997]]],[[[115.30522294205127,-6.8328202629007269],[115.30522286121672,-6.8328112425655707],[115.30521383631897,-6.8328113233591301],[115.30521391715338,-6.8328203436943955],[115.30522294205127,-6.8328202629007269]]],[[[115.30695563955672,-6.8327957270873982],[115.30694661467999,-6.8327958079132332],[115.30694669554666,-6.8328048282278289],[115.30693767066963,-6.8328049090536043],[115.30693791326983,-6.8328319699976836],[115.30694693814739,-6.8328318891715858],[115.30694685728037,-6.8328228688570043],[115.30696490703477,-6.8328227072045191],[115.3069648261675,-6.832813686890165],[115.30695580129054,-6.8328137677163836],[115.30695563955672,-6.8327957270873982]]],[[[115.30808382917802,-6.8327946428351662],[115.30808374829014,-6.8327856225341401],[115.30807472342705,-6.8327857033809902],[115.30807480431474,-6.832794723682122],[115.30808382917802,-6.8327946428351662]]],[[[115.30838164960426,-6.8327919747913164],[115.30838156871081,-6.8327829544938465],[115.30837254385133,-6.8327830353462415],[115.30837262474458,-6.8327920556438198],[115.30838164960426,-6.8327919747913164]]],[[[115.30871548843487,-6.8327799628370416],[115.30869743872387,-6.8327801245541044],[115.30869751962317,-6.832789144847804],[115.30868849476734,-6.8327892257061906],[115.30868857566661,-6.832798246000011],[115.30867955081051,-6.8327983268583372],[115.30867963170971,-6.8328073471522268],[115.30869768142213,-6.8328071854351906],[115.30869784322152,-6.8328252260225621],[115.30867076865168,-6.8328254685985099],[115.30867068775244,-6.8328164483045031],[115.30866166289579,-6.8328165291627085],[115.30866158199683,-6.8328075088685916],[115.30865255714022,-6.8328075897265208],[115.30865279983695,-6.8328346506091853],[115.30866182469406,-6.8328345697509336],[115.30866190559335,-6.8328435900450213],[115.30869800502133,-6.8328432666098982],[115.30869792412138,-6.8328342463162404],[115.30871597383438,-6.8328340845978861],[115.30871589293417,-6.8328250643044219],[115.30870686807792,-6.8328251451635769],[115.308706787178,-6.8328161248700017],[115.30871581203409,-6.8328160440109551],[115.30871548843487,-6.8327799628370416]]],[[[115.31013238938263,-6.8327672659495544],[115.31011433970598,-6.8327674277193982],[115.31011450155751,-6.8327854682729807],[115.31013255123484,-6.8327853065027053],[115.31013263216111,-6.8327943267792497],[115.31014165699978,-6.8327942458937514],[115.31014149514699,-6.8327762053408412],[115.31013247030869,-6.8327762862261237],[115.31013238938263,-6.8327672659495544]]],[[[115.31117943177119,-6.8327759226762597],[115.31117926987997,-6.832757882148111],[115.3111612202287,-6.8327580439569537],[115.31116138211925,-6.8327760844855332],[115.31117943177119,-6.8327759226762597]]],[[[115.30375180144459,-6.8328244096964514],[115.30375172063756,-6.8328153893437475],[115.30374269572221,-6.8328154701097992],[115.30374277652905,-6.8328244904626105],[115.30375180144459,-6.8328244096964514]]],[[[115.30766852359481,-6.8327803210091922],[115.30766860447484,-6.8327893413151761],[115.30767762934285,-6.8327892604758933],[115.30767754846264,-6.832780240170016],[115.30766852359481,-6.8327803210091922]]],[[[115.30796634417587,-6.8327776532276268],[115.30796642506144,-6.8327866735300562],[115.30797544992583,-6.8327865926852258],[115.30797536904009,-6.8327775723829038],[115.30796634417587,-6.8327776532276268]]],[[[115.30864345138501,-6.8327986502899609],[115.30864337048658,-6.8327896299956024],[115.30865239534296,-6.8327895491380559],[115.30865223354611,-6.832771508549575],[115.30863418383397,-6.8327716702640675],[115.30863442652836,-6.832798731147447],[115.30864345138501,-6.8327986502899609]]],[[[115.30764144899065,-6.8327805635257128],[115.30764136811123,-6.8327715432194012],[115.3076323432431,-6.8327716240577976],[115.30763242412233,-6.8327806443642158],[115.30764144899065,-6.8327805635257128]]],[[[115.30766852359481,-6.8327803210091922],[115.30766844271488,-6.8327713007032047],[115.30765941784711,-6.8327713815421038],[115.30765949872686,-6.8327804018482006],[115.30766852359481,-6.8327803210091922]]],[[[115.30774072253449,-6.8327796742910767],[115.30774064165321,-6.8327706539859507],[115.3077316167863,-6.8327707348261963],[115.30773169766741,-6.8327797551314298],[115.30774072253449,-6.8327796742910767]]],[[[115.30654025253631,-6.8327723839435315],[115.30653122765504,-6.8327724647613106],[115.30653130851366,-6.8327814850808544],[115.30654033339509,-6.8327814042629669],[115.30654025253631,-6.8327723839435315]]],[[[115.3077316167863,-6.8327707348261963],[115.30773153590533,-6.8327617145209745],[115.30772251103848,-6.8327617953609447],[115.30772259191929,-6.8327708156662732],[115.3077316167863,-6.8327707348261963]]],[[[115.30812862993848,-6.8327581573959106],[115.30811960507643,-6.8327582382432759],[115.30811968596466,-6.8327672585438659],[115.30811066110235,-6.8327673393911716],[115.30811074199049,-6.8327763596918816],[115.30811976685297,-6.8327762788444684],[115.30811992862995,-6.8327943194456617],[115.30811090376714,-6.8327944002932899],[115.30811098465564,-6.8328034205940043],[115.30812903438149,-6.8328032588983643],[115.30812911527043,-6.8328122791988246],[115.30816521472153,-6.8328119558050968],[115.30816529561126,-6.8328209761051388],[115.30814724588561,-6.8328211378025552],[115.30814732677507,-6.8328301581028095],[115.30816537650108,-6.8328299964051773],[115.30816545739101,-6.8328390167052113],[115.30817448225403,-6.832838935856036],[115.30817423958405,-6.8328118749562448],[115.30818326444643,-6.8328117941072239],[115.30818350711692,-6.8328388550066936],[115.30821058170496,-6.8328386124576541],[115.30821066259584,-6.8328476327571277],[115.30821968745848,-6.8328475519070038],[115.30821976834963,-6.8328565722064001],[115.3082378180749,-6.8328564105054328],[115.30823773718339,-6.8328473902062523],[115.3082467620457,-6.8328473093556248],[115.30824684293738,-6.8328563296546969],[115.30825586779972,-6.8328562488037941],[115.30825594869168,-6.8328652691027374],[115.3082649735541,-6.8328651882515583],[115.30826505444632,-6.8328742085503897],[115.30829212903342,-6.8328739659955193],[115.30829220992624,-6.8328829862940239],[115.30831025965078,-6.8328828245897197],[115.30831017875762,-6.8328738042914319],[115.30831920361953,-6.8328737234391363],[115.30831928451288,-6.8328827437373167],[115.30834635909852,-6.832882501179097],[115.30834643999246,-6.8328915214769346],[115.30835546485432,-6.8328914406237509],[115.30835554574854,-6.8329004609215103],[115.30838262033387,-6.8329002183606269],[115.30838270122871,-6.8329092386580408],[115.30836465150492,-6.8329094003656801],[115.30836473239955,-6.8329184206633053],[115.30837375726165,-6.8329183398094617],[115.30837383815654,-6.832927360106976],[115.30838286301875,-6.8329272792528561],[115.30838294391391,-6.8329362995502576],[115.30839196877615,-6.8329362186958633],[115.30839213056714,-6.832954259290438],[115.30841018029196,-6.8329540975807133],[115.30841050387666,-6.8329901787689487],[115.30841952873956,-6.8329900979134033],[115.30841944784305,-6.8329810776164583],[115.30842847270571,-6.8329809967608526],[115.30842871539605,-6.8330080576513668],[115.30843774025907,-6.8330079767952698],[115.3084374166715,-6.8329718956083454],[115.30844644153372,-6.8329718147525114],[115.30844636063695,-6.8329627944558977],[115.30845538549893,-6.8329627136000033],[115.30845522370535,-6.8329446730069279],[115.30846424856686,-6.8329445921510814],[115.30846392498034,-6.8329085109653445],[115.30847294984109,-6.8329084301097609],[115.30847246446356,-6.8328543083316724],[115.30845441474396,-6.8328544700413811],[115.30845433384845,-6.8328454497447861],[115.30844530898864,-6.8328455305992799],[115.30844522809339,-6.8328365103026059],[115.30843620323368,-6.8328365911568243],[115.30843628412875,-6.8328456114536058],[115.30842725926875,-6.8328456923077638],[115.30842717837385,-6.8328366720108749],[115.30838205407301,-6.8328370762786044],[115.30838197317904,-6.8328280559811567],[115.30833684887632,-6.8328284602441451],[115.30833676798331,-6.832819439946153],[115.30834579284388,-6.8328193590939996],[115.30834571195081,-6.8328103387961105],[115.3083366870904,-6.8328104196481583],[115.3083366061976,-6.8328013993501742],[115.30827343217271,-6.8328019653090362],[115.30827335128122,-6.8327929450102616],[115.30825530155917,-6.8327931067110645],[115.30825538245035,-6.8328021270100558],[115.30821025814252,-6.832802531259663],[115.30821017725215,-6.8327935109601334],[115.30819212752859,-6.8327936726585827],[115.30819204663869,-6.8327846523588507],[115.30816497205305,-6.8327848949049423],[115.30816489116376,-6.8327758746048834],[115.30814684143978,-6.8327760363012215],[115.30814692232872,-6.8327850566014963],[115.30813789746639,-6.8327851374495214],[115.30813781657761,-6.8327761171491392],[115.30812879171535,-6.8327761979968882],[115.30812862993848,-6.8327581573959106]],[[115.30813797835528,-6.8327941577499001],[115.30815602808016,-6.8327939960534669],[115.30815610896948,-6.8328030163536422],[115.30813805924426,-6.8328031780502911],[115.30813797835528,-6.8327941577499001]],[[115.30832790490842,-6.8328375613943342],[115.30834595463038,-6.8328373996897627],[115.30834611641731,-6.8328554402855106],[115.30832806669466,-6.832855601990512],[115.30832790490842,-6.8328375613943342]],[[115.30841912425815,-6.8329449964286368],[115.30842814912012,-6.8329449155734627],[115.30842839180914,-6.8329719764640107],[115.30841936694665,-6.832972057319509],[115.30841912425815,-6.8329449964286368]]],[[[115.30788503950886,-6.8327693605191691],[115.30788487774129,-6.83275131991235],[115.30786682801153,-6.8327514815976205],[115.30786698977845,-6.8327695222048703],[115.30788503950886,-6.8327693605191691]]],[[[115.30808342473975,-6.8327495413299983],[115.30807439987731,-6.8327496221764159],[115.30807456165195,-6.8327676627787115],[115.30805651192615,-6.832767824471472],[115.30805643103911,-6.8327588041701279],[115.30801130672343,-6.8327592083985511],[115.30801138760964,-6.8327682287004334],[115.30802041247314,-6.8327681478549778],[115.30802049335963,-6.8327771681567651],[115.30810171712791,-6.8327764405391269],[115.30810163623991,-6.8327674202383077],[115.30809261137735,-6.8327675010852769],[115.30809253048965,-6.8327584807843635],[115.30808350562718,-6.8327585616310564],[115.30808342473975,-6.8327495413299983]]],[[[115.31030353757313,-6.8327296480043636],[115.31028548790195,-6.8327298097797335],[115.31028556883044,-6.8327388300545042],[115.31026751915849,-6.8327389918294177],[115.31026760008675,-6.8327480121043678],[115.31024052557754,-6.8327482547658001],[115.31024068743334,-6.8327662953163655],[115.31024971227021,-6.8327662144291743],[115.3102500359838,-6.832802295529822],[115.31025906082122,-6.8328022146420322],[115.31025930360808,-6.8328292754671329],[115.31026832844587,-6.8328291945788511],[115.31026808565851,-6.8328021337540736],[115.31027711049573,-6.8328020528659463],[115.31027670585146,-6.8327569514917412],[115.31028573068771,-6.8327568706039852],[115.3102862971916,-6.8328200125270877],[115.3103043468661,-6.8328198507495612],[115.31030426593631,-6.8328108304750605],[115.31032231561008,-6.8328106686970784],[115.31032223468006,-6.83280164842279],[115.31033125951659,-6.8328015675336538],[115.31033117858651,-6.8327925472594684],[115.31034020342278,-6.8327924663702717],[115.31033996063269,-6.8327654055480123],[115.31033093579693,-6.8327654864368856],[115.31033077393776,-6.8327474458884749],[115.31030369943085,-6.8327476885534368],[115.31030353757313,-6.8327296480043636]]],[[[115.30790292747061,-6.8327511582264062],[115.30790284658664,-6.8327421379232058],[115.30789382172222,-6.8327422187661542],[115.30789390260601,-6.8327512390694629],[115.30790292747061,-6.8327511582264062]]],[[[115.30792097719949,-6.8327509965397919],[115.3079208963152,-6.8327419762368056],[115.30791187145095,-6.8327420570800896],[115.3079119523351,-6.8327510773831834],[115.30792097719949,-6.8327509965397919]]],[[[115.30832701509183,-6.8327383381150497],[115.30830896537313,-6.8327384998165774],[115.30830920804807,-6.8327655607116267],[115.30831823290796,-6.8327654798606225],[115.30831815201606,-6.8327564595624022],[115.30833620173522,-6.8327562978601071],[115.30833628262748,-6.8327653181581116],[115.30834530748704,-6.8327652373066039],[115.30834538837959,-6.8327742576045143],[115.30836343809878,-6.8327740959007794],[115.30836335720591,-6.832765075603084],[115.30835433234654,-6.8327651564549274],[115.30835417056147,-6.83274711585931],[115.3083270959837,-6.8327473584131875],[115.30832701509183,-6.8327383381150497]]],[[[115.31078177276164,-6.8327163404432207],[115.31074567344275,-6.832716664028494],[115.31074575437968,-6.8327256842977562],[115.31073672954953,-6.8327257651937616],[115.31073697236049,-6.8327528260018484],[115.31074599719116,-6.8327527451055197],[115.31074615906603,-6.8327707856440059],[115.31075518389693,-6.8327707047472925],[115.3107552648347,-6.8327797250164393],[115.31076428966563,-6.8327796441194515],[115.31076420872769,-6.8327706238504122],[115.31080030804974,-6.8327703002612079],[115.31079998429641,-6.8327342191868201],[115.31079095946676,-6.8327343000839429],[115.31079087852886,-6.8327252798152056],[115.31078185369925,-6.8327253607120513],[115.31078177276164,-6.8327163404432207]]],[[[115.30773137414367,-6.8327436739104677],[115.307731293263,-6.8327346536052165],[115.3077132435302,-6.8327348152843399],[115.30771332441054,-6.8327438355898078],[115.30773137414367,-6.8327436739104677]]],[[[115.30774072253449,-6.8327796742910767],[115.30774080341584,-6.8327886945962],[115.30774982828298,-6.8327886137555716],[115.3077499900464,-6.8328066543656032],[115.30781316411563,-6.8328060884749888],[115.3078132449987,-6.8328151087792195],[115.30782226986545,-6.8328150279369231],[115.30782218898224,-6.8328060076327999],[115.30784926358139,-6.832805765105225],[115.30784918269777,-6.8327967448013878],[115.30782210809913,-6.8327969873286394],[115.30782202721612,-6.8327879670244904],[115.30781300234987,-6.8327880478664644],[115.30781292146715,-6.8327790275622045],[115.30780389660094,-6.8327791084039013],[115.30780373483618,-6.8327610677951691],[115.30778568510412,-6.8327612294776294],[115.30778576598611,-6.8327702497822047],[115.30777674111974,-6.8327703306232896],[115.30777649847458,-6.8327432697091774],[115.30776747360861,-6.8327433505497721],[115.30776739272729,-6.8327343302449508],[115.30774934299535,-6.8327344919254198],[115.30774958563867,-6.8327615528405312],[115.30775861050522,-6.8327614720000582],[115.30775869138671,-6.8327704923049568],[115.30774966652,-6.8327705731455373],[115.30774974740143,-6.8327795934505557],[115.30774072253449,-6.8327796742910767]]],[[[115.30852556196874,-6.832736559353858],[115.30853458682553,-6.8327364784991431],[115.3085345059299,-6.832727458203478],[115.30852548107329,-6.8327275390580855],[115.30852556196874,-6.832736559353858]]],[[[115.30866987876601,-6.8327262453642037],[115.30866085391106,-6.8327263262213327],[115.30866109660532,-6.8327533871038071],[115.30867012146081,-6.8327533062463557],[115.30867004056243,-6.8327442859522982],[115.30867906541764,-6.8327442050947864],[115.30867898451922,-6.8327351848008488],[115.30866995966416,-6.8327352656582532],[115.30866987876601,-6.8327262453642037]]],[[[115.30376034151838,-6.832770206814482],[115.30376026071183,-6.8327611864618598],[115.30374221088323,-6.8327613479928413],[115.30374229168945,-6.8327703683456784],[115.30376034151838,-6.832770206814482]]],[[[115.30521327048127,-6.8327481810121551],[115.30518619579095,-6.8327484233895666],[115.30518635745732,-6.8327664640607999],[115.30517733256001,-6.8327665448531478],[115.30517757505984,-6.8327936058602878],[115.30516855016189,-6.8327936866527912],[115.3051687118287,-6.8328117273244109],[115.30518676162514,-6.8328115657388038],[115.30518651912413,-6.8327845047320297],[115.30519554402167,-6.8327844239392972],[115.30519538235454,-6.8327663832682815],[115.30520440725165,-6.8327663024755951],[115.30520432641808,-6.8327572821401965],[115.30521335131489,-6.8327572013474507],[115.30521327048127,-6.8327481810121551]]],[[[115.30644073626611,-6.8327462119679128],[115.30644065540962,-6.8327371916472579],[115.3064316305278,-6.8327372724627589],[115.30643171138414,-6.8327462927835203],[115.30644073626611,-6.8327462119679128]]],[[[115.30660318412292,-6.8327447572582223],[115.3066031032634,-6.8327357369395054],[115.30659407838354,-6.8327358177580315],[115.30659415924291,-6.8327448380768576],[115.30660318412292,-6.8327447572582223]]],[[[115.30698239071799,-6.832759403352183],[115.30698230985116,-6.8327503830379976],[115.30699133472665,-6.8327503022120286],[115.30699117299299,-6.8327322615838595],[115.30698214811787,-6.8327323424096145],[115.30698222898447,-6.8327413627238078],[115.30697320410906,-6.8327414435495024],[115.30697336584225,-6.8327594841780925],[115.30698239071799,-6.832759403352183]]],[[[115.30796634417587,-6.8327776532276268],[115.30796626329038,-6.8327686329251929],[115.30798431301841,-6.8327684712357941],[115.30798415124713,-6.8327504306313438],[115.30800220097404,-6.8327502689417026],[115.30800212008822,-6.8327412486396861],[115.30805626926535,-6.8327407635673758],[115.30805635015217,-6.8327497838687457],[115.30806537501478,-6.8327497030226647],[115.30806521324091,-6.8327316624201355],[115.30802911379105,-6.8327319858025906],[115.30802903290494,-6.8327229655008885],[115.30801098317973,-6.8327231271908921],[115.30801106406548,-6.8327321474928091],[115.30799301433944,-6.8327323091823562],[115.30799293345402,-6.8327232888802234],[115.307983908591,-6.8327233697246363],[115.30798398947627,-6.8327323900268766],[115.30797496461298,-6.8327324708712291],[115.3079751263835,-6.8327505114759122],[115.30794805179198,-6.8327507540086074],[115.30794821356193,-6.8327687946139193],[115.30793918869755,-6.8327688754580302],[115.3079392695825,-6.8327778957607874],[115.30793024471781,-6.832777976604838],[115.30793032560273,-6.8327869969077],[115.30792130073777,-6.8327870777516901],[115.30792138162265,-6.8327960980546543],[115.30793943135278,-6.8327959363662885],[115.30793935046758,-6.832786916063541],[115.3079483753323,-6.8327868352192143],[115.30794829444706,-6.832777814916569],[115.30796634417587,-6.8327776532276268]]],[[[115.30869695333028,-6.8327260027918104],[115.30869687243175,-6.8327169824980798],[115.30868784757726,-6.8327170633556049],[115.30868792847566,-6.832726083649443],[115.30869695333028,-6.8327260027918104]]],[[[115.30654025253631,-6.8327723839435315],[115.30654927741746,-6.8327723031255827],[115.30654919655861,-6.8327632828062166],[115.30656724632028,-6.8327631211700304],[115.30656692288464,-6.8327270398934514],[115.30654887312431,-6.8327272015287743],[115.30654895398271,-6.8327362218481413],[115.30653992910224,-6.8327363026656593],[115.30654025253631,-6.8327723839435315]]],[[[115.30783040502088,-6.8327157237498675],[115.30781235529116,-6.8327158854322585],[115.3078125170552,-6.8327339260408362],[115.30782154192042,-6.8327338451995097],[115.30782170368522,-6.8327518858078538],[115.30783975341609,-6.8327517241242646],[115.30783959165061,-6.8327336835163512],[115.30783056678558,-6.8327337643580135],[115.30783040502088,-6.8327157237498675]]],[[[115.30855247474695,-6.8327182761983059],[115.30855239385122,-6.8327092559028477],[115.30854336899515,-6.8327093367575751],[115.30854344989072,-6.8327183570531416],[115.30855247474695,-6.8327182761983059]]],[[[115.30894948740966,-6.832705698128418],[115.30891338800402,-6.8327060215759046],[115.30891346890648,-6.832715041867055],[115.30889541920266,-6.8327152035900047],[115.30889533830052,-6.8327061832986393],[115.30887728859661,-6.8327063450207017],[115.30887736949839,-6.832715365312283],[115.308823220383,-6.8327158504750827],[115.30882330128389,-6.8327248707673043],[115.30883232613689,-6.8327247899071502],[115.30883248793937,-6.8327428304913669],[115.30887761220445,-6.8327424261869982],[115.30887745040029,-6.8327243856038589],[115.30897672377014,-6.8327234961218251],[115.30897664286641,-6.832714475831434],[115.3089495683128,-6.8327147184191368],[115.30894948740966,-6.832705698128418]]],[[[115.30321876566376,-6.8327660320987889],[115.30321860407115,-6.8327479913806215],[115.3032095791507,-6.8327480721358951],[115.30320974074299,-6.8327661128542774],[115.30321876566376,-6.8327660320987889]]],[[[115.30830872269919,-6.8327114389214909],[115.3083086418081,-6.8327024186231196],[115.30829961694926,-6.8327024994732],[115.30829969784018,-6.8327115197716797],[115.30830872269919,-6.8327114389214909]]],[[[115.30839897128328,-6.8327106304103546],[115.30839889039051,-6.8327016101130615],[115.30838986553279,-6.8327016909648242],[115.30838994642538,-6.8327107112622256],[115.30839897128328,-6.8327106304103546]]],[[[115.30752364043275,-6.832727492566816],[115.30752372130942,-6.8327365128745488],[115.30755079591535,-6.8327362703662002],[115.30755087679265,-6.8327452906736061],[115.30755990166124,-6.8327452098370456],[115.30755982078375,-6.832736189529748],[115.30757787052028,-6.8327360278563392],[115.30757811315402,-6.8327630887775905],[115.3075961628911,-6.8327629271028627],[115.3075960011345,-6.8327448864891247],[115.30758697626635,-6.8327449673263576],[115.30758673363275,-6.8327179064054206],[115.30755965902917,-6.8327181489151405],[115.30755957815201,-6.8327091286078296],[115.30754152841608,-6.8327092902799196],[115.30754144753938,-6.8327002699723884],[115.30753242267143,-6.8327003508080741],[115.30753250354795,-6.8327093711157127],[115.30752347867971,-6.8327094519513372],[115.30752355955619,-6.8327184722590797],[115.30753258442459,-6.832718391423346],[115.30753266530132,-6.8327274117309758],[115.30752364043275,-6.832727492566816]]],[[[115.30885013313872,-6.8326975673106274],[115.30885005223764,-6.8326885470187158],[115.30884102738551,-6.832688627878774],[115.30884110828643,-6.8326976481707948],[115.30885013313872,-6.8326975673106274]]],[[[115.3031913677183,-6.8327301929270883],[115.30319144851383,-6.8327392132865228],[115.30320047343433,-6.8327391325316933],[115.30320039263864,-6.8327301121723663],[115.3031913677183,-6.8327301929270883]]],[[[115.30657570518854,-6.8326998981183626],[115.30654863054974,-6.8327001405706325],[115.30654871140781,-6.8327091608900279],[115.30653968652784,-6.8327092417072226],[115.30653976738587,-6.832718262026706],[115.30657586690582,-6.8327179387564883],[115.30657570518854,-6.8326998981183626]]],[[[115.30664790422055,-6.8326992515715812],[115.30664798508047,-6.8327082718897927],[115.30665700995914,-6.8327081910705818],[115.30665692909906,-6.8326991707524778],[115.30664790422055,-6.8326992515715812]]],[[[115.30708150260683,-6.8327404736300803],[115.30708142173837,-6.83273145331707],[115.30709044661234,-6.8327313724894676],[115.30709012313899,-6.8326952912377994],[115.30708109826568,-6.8326953720649719],[115.30708126000184,-6.8327134126910378],[115.30707223512813,-6.8327134935182574],[115.30707247773262,-6.8327405544576232],[115.30708150260683,-6.8327404736300803]]],[[[115.30752355955619,-6.8327184722590797],[115.30751453468764,-6.8327185530946437],[115.30751437293517,-6.8327005124789411],[115.30752339780335,-6.8327004316435911],[115.30752331692712,-6.8326914113358255],[115.30749624232271,-6.8326916538410449],[115.3074964040743,-6.8327096944572032],[115.30748737920564,-6.8327097752921571],[115.30748746008142,-6.8327187956003286],[115.30750550981904,-6.8327186339300399],[115.30750559069524,-6.832727654237992],[115.30752364043275,-6.832727492566816],[115.30752355955619,-6.8327184722590797]]],[[[115.30988790950181,-6.8326792469906987],[115.30988782858151,-6.8326702267111559],[115.30987880374215,-6.8326703075904378],[115.30987888466228,-6.832679327870089],[115.30988790950181,-6.8326792469906987]]],[[[115.30664790422055,-6.8326992515715812],[115.30664782336072,-6.8326902312533981],[115.30662977360373,-6.8326903928908873],[115.3066298544632,-6.8326994132092853],[115.30664790422055,-6.8326992515715812]]],[[[115.30847092746069,-6.8326829227000179],[115.30847084656689,-6.832673902403589],[115.30845279685404,-6.8326740641089883],[115.30845287774751,-6.832683084405633],[115.30847092746069,-6.8326829227000179]]],[[[115.31128659641611,-6.8326486681273035],[115.31127757159383,-6.8326487490325318],[115.31127765253994,-6.832657769295448],[115.31128667736238,-6.8326576883901131],[115.31128659641611,-6.8326486681273035]]],[[[115.30299265785978,-6.832713928764873],[115.30298363293727,-6.832714009515513],[115.30298371372869,-6.8327230298774149],[115.30297468880592,-6.8327231106279944],[115.30297476959727,-6.8327321309899816],[115.30298379452026,-6.8327320502392945],[115.30298387531192,-6.8327410706012017],[115.30299290023494,-6.8327409898502403],[115.3029930618189,-6.8327590305737962],[115.30300208674217,-6.8327589498224492],[115.30300184436585,-6.8327318887374151],[115.30299281944309,-6.8327319694884379],[115.30299265785978,-6.832713928764873]]],[[[115.30521327048127,-6.8327481810121551],[115.30522229537782,-6.832748100219348],[115.30522245704555,-6.8327661408897198],[115.30521343214863,-6.8327662216827409],[115.30521351298248,-6.8327752420180277],[115.3052315627765,-6.8327750804315999],[115.3052314819423,-6.8327660600965281],[115.30524953173556,-6.8327658985096438],[115.30524945090113,-6.8327568781747834],[115.30526750069359,-6.8327567165874417],[115.30526741985895,-6.8327476962527909],[115.30527644475485,-6.8327476154589766],[115.30527620225106,-6.8327205544553253],[115.30528522714637,-6.8327204736616647],[115.30528514631183,-6.832711453327196],[115.30529417120684,-6.8327113725334749],[115.30529400953773,-6.8326933318647898],[115.30528498464307,-6.8326934126582968],[115.30528506547741,-6.8327024329927575],[115.30526701568741,-6.8327025945794801],[115.30526725819001,-6.8327296555834804],[115.30522213371056,-6.8327300595489593],[115.30522221454413,-6.8327390798841554],[115.30521318964774,-6.8327391606768551],[115.30521327048127,-6.8327481810121551]],[[115.30523132027427,-6.832748019426373],[115.30524034517062,-6.8327479386332302],[115.30524042600474,-6.8327569589682016],[115.30523140110822,-6.8327570397614528],[115.30523132027427,-6.832748019426373]]],[[[115.30657570518854,-6.8326998981183626],[115.30658473006794,-6.8326998173006039],[115.30658456835074,-6.8326817766627093],[115.30657554347168,-6.832681857480253],[115.30657570518854,-6.8326998981183626]]],[[[115.30852556196874,-6.832736559353858],[115.30851653711186,-6.8327366402084042],[115.30851661800726,-6.8327456605042807],[115.3085075931501,-6.8327457413587664],[115.30850775494089,-6.8327637819507228],[115.30848970522554,-6.8327639436596215],[115.30848962433042,-6.8327549233634466],[115.308498649188,-6.8327548425091891],[115.30849848739776,-6.832736801916993],[115.30848946254052,-6.8327368827710355],[115.30848938164573,-6.8327278624748313],[115.30849840650279,-6.8327277816208962],[115.30849832560796,-6.8327187613247968],[115.30851637532139,-6.832718599616638],[115.30851629442633,-6.8327095793207491],[115.30853434413898,-6.8327094176121346],[115.30853426324367,-6.8327003973164571],[115.30855231295557,-6.8327002356073852],[115.30855215116462,-6.8326821950164298],[115.30854312630908,-6.8326822758708339],[115.30854304541394,-6.8326732555752674],[115.30853402055843,-6.8326733364293952],[115.30853393966356,-6.8326643161337008],[115.30852491480813,-6.8326643969875525],[115.30852515749254,-6.83269145787495],[115.30850710778033,-6.8326916195827971],[115.30850694599128,-6.8326735789907742],[115.3084888962793,-6.8326737406975173],[115.30848897717343,-6.8326827609937304],[115.30847092746069,-6.8326829227000179],[115.30847117014274,-6.8327099835893446],[115.30843507071388,-6.8327103070011947],[115.30843515160744,-6.8327193272980535],[115.30842612674979,-6.8327194081507026],[115.30842604585641,-6.8327103878537363],[115.30841702099882,-6.8327104687061118],[115.30841710189202,-6.8327194890031855],[115.30839905217618,-6.8327196507076451],[115.30839921396228,-6.8327376913022118],[115.30841726367879,-6.8327375295973205],[115.30841750635977,-6.8327645904884919],[115.30844458093526,-6.8327643479289257],[115.30844466182964,-6.8327733682256513],[115.30845368668808,-6.8327732873720182],[115.30845376758276,-6.8327823076686318],[115.30846279244126,-6.8327822268147234],[115.3084626306517,-6.8327641862217083],[115.30848068036769,-6.8327640245138177],[115.30848084215792,-6.8327820651064028],[115.30849889187417,-6.8327819033974082],[115.30849897276977,-6.8327909236934792],[115.3085170224859,-6.8327907619835981],[115.30851694158997,-6.832781741687743],[115.30852596644769,-6.8327816608326586],[115.30852556196874,-6.832736559353858]]],[[[115.30884997133667,-6.8326795267267819],[115.30884989043581,-6.8326705064348783],[115.30885891528747,-6.8326704255748654],[115.30885883438656,-6.8326614052830488],[115.30884078468347,-6.8326615670026882],[115.30884086558403,-6.8326705872947215],[115.30883184073214,-6.8326706681543969],[115.30883192163265,-6.8326796884465173],[115.30884997133667,-6.8326795267267819]]],[[[115.31128659641611,-6.8326486681273035],[115.31129562123823,-6.8326485872219056],[115.31129554029192,-6.8326395669591822],[115.31128651546994,-6.8326396478644726],[115.31128659641611,-6.8326486681273035]]],[[[115.30666579225723,-6.832681049297249],[115.30666571139729,-6.832672028979256],[115.3066566865194,-6.8326721097982039],[115.30665676737918,-6.8326811301163053],[115.30666579225723,-6.832681049297249]]],[[[115.30699060692875,-6.8326691193851339],[115.30699076866084,-6.8326871600133634],[115.30700881840912,-6.8326869983624272],[115.30700865667633,-6.8326689577346285],[115.30699060692875,-6.8326691193851339]]],[[[115.30745087535584,-6.832664997087206],[115.30745095623043,-6.8326740173958305],[115.30747803083545,-6.8326737748937783],[115.30747794996036,-6.8326647545854762],[115.30745087535584,-6.832664997087206]]],[[[115.3067018109078,-6.8326717057017774],[115.30670173004728,-6.8326626853842116],[115.30669270516999,-6.8326627662037263],[115.30669278603035,-6.8326717865214004],[115.3067018109078,-6.8326717057017774]]],[[[115.30699060692875,-6.8326691193851339],[115.30699052606286,-6.8326600990710133],[115.30698150118906,-6.8326601798959059],[115.30698158205479,-6.8326692002101348],[115.30699060692875,-6.8326691193851339]]],[[[115.30745087535584,-6.832664997087206],[115.30745079448138,-6.8326559767785762],[115.30744176961318,-6.8326560576120432],[115.30744185048745,-6.8326650779207787],[115.30745087535584,-6.832664997087206]]],[[[115.307730565342,-6.8326534708577595],[115.30773064622167,-6.8326624911630498],[115.30773967108655,-6.8326624103240965],[115.30773959020669,-6.8326533900189137],[115.307730565342,-6.8326534708577595]]],[[[115.30778471452868,-6.8326529858221692],[115.3077666648002,-6.8326531475013708],[115.30776674568055,-6.8326621678062303],[115.30775772081599,-6.8326622486456872],[115.30775763993583,-6.8326532283407202],[115.30774861507132,-6.8326533091799009],[115.30774877683145,-6.8326713497900462],[115.30779390115455,-6.8326709455913823],[115.30779382027357,-6.8326619252868506],[115.30778479540936,-6.8326620061268111],[115.30778471452868,-6.8326529858221692]]],[[[115.30864215702356,-6.8326543255799486],[115.30864207612689,-6.8326453052855367],[115.30863305127311,-6.8326453861411904],[115.30863313216959,-6.8326544064357106],[115.30864215702356,-6.8326543255799486]]],[[[115.307730565342,-6.8326534708577595],[115.30773048446243,-6.8326444505524471],[115.30771243473298,-6.8326446122294175],[115.3077125156122,-6.832653632534945],[115.307730565342,-6.8326534708577595]]],[[[115.30662936930793,-6.8326452912987472],[115.30661131955215,-6.8326454529344876],[115.30661140041074,-6.8326544732531209],[115.30660237553255,-6.8326545540708459],[115.30660229467412,-6.8326455337521033],[115.30658424491767,-6.8326456953868346],[115.30658432577577,-6.8326547157057931],[115.30657530089724,-6.8326547965230144],[115.30657538175528,-6.8326638168421088],[115.3066024563911,-6.8326635743896196],[115.30660253724976,-6.8326725947083702],[115.30662961188506,-6.8326723522540442],[115.30662936930793,-6.8326452912987472]]],[[[115.30770340986808,-6.8326446930676505],[115.30770332898912,-6.832635672762045],[115.30769430412433,-6.8326357536000017],[115.3076943850031,-6.8326447739057157],[115.30770340986808,-6.8326446930676505]]],[[[115.30849767845311,-6.8326465989558365],[115.3084975166655,-6.8326285583635542],[115.30848849181029,-6.8326286392163036],[115.30848865359755,-6.8326466798088017],[115.30849767845311,-6.8326465989558365]]],[[[115.30269443143038,-6.8326714916204638],[115.30268540650511,-6.8326715723650189],[115.30268548729045,-6.8326805927304921],[115.30269451221588,-6.8326805119858287],[115.30269443143038,-6.8326714916204638]]],[[[115.30695426483695,-6.8326423817404605],[115.30695418397205,-6.8326333614258958],[115.30694515909832,-6.8326334422497936],[115.30694523996304,-6.8326424625644648],[115.30695426483695,-6.8326423817404605]]],[[[115.3069723145844,-6.8326422200919454],[115.30697223371918,-6.8326331997775958],[115.30696320884566,-6.8326332806018302],[115.30696328971069,-6.8326423009162873],[115.3069723145844,-6.8326422200919454]]],[[[115.30715281203496,-6.8326406035698177],[115.30715273116638,-6.8326315832576219],[115.30714370629504,-6.8326316640852172],[115.30714378716344,-6.8326406843975205],[115.30715281203496,-6.8326406035698177]]],[[[115.30783870194837,-6.8326344601725157],[115.30783862106699,-6.8326254398685062],[115.30782959620397,-6.8326255207088762],[115.30782967708518,-6.8326345410129941],[115.30783870194837,-6.8326344601725157]]],[[[115.30488740421019,-6.832642845370871],[115.30486935441294,-6.8326430069412938],[115.30486943523887,-6.832652027280731],[115.30487846013772,-6.8326519464954956],[115.30487854096393,-6.8326609668348208],[115.30488756586283,-6.8326608860493101],[115.30488740421019,-6.832642845370871]]],[[[115.30254084612079,-6.8326548235206381],[115.30253182119398,-6.832654904262121],[115.30253190197627,-6.8326639246294292],[115.30254092690322,-6.8326638438878406],[115.30254084612079,-6.8326548235206381]]],[[[115.30532954327225,-6.832629866351513],[115.30532962410666,-6.8326388866854648],[115.30533864899975,-6.8326388058917642],[115.3053385681652,-6.8326297855579199],[115.30532954327225,-6.832629866351513]]],[[[115.30254084612079,-6.8326548235206381],[115.30255889597404,-6.8326546620371689],[115.30255881519139,-6.8326456416701946],[115.30254076533846,-6.832645803153448],[115.30254084612079,-6.8326548235206381]]],[[[115.30754063877848,-6.8326100668968479],[115.30754055790297,-6.8326010465892875],[115.30753153303688,-6.8326011274237883],[115.3075316139122,-6.8326101477314571],[115.30754063877848,-6.8326100668968479]]],[[[115.30501916853795,-6.8332460769764536],[115.30501924937388,-6.833255097313863],[115.30500119955681,-6.8332552589036313],[115.30500128039252,-6.8332642792412672],[115.30499225548365,-6.833264360036007],[115.3049923363193,-6.8332733803737469],[115.30498331141015,-6.8332734611684254],[115.30498323057468,-6.833264440830578],[115.30496518075638,-6.8332646024192165],[115.30496526159153,-6.8332736227572788],[115.30495623668205,-6.8332737035514537],[115.30495656002307,-6.8333097849040918],[115.30494753511283,-6.8333098656985287],[115.30494737344243,-6.8332918250219858],[115.30483907451485,-6.8332927945395348],[115.30483891284894,-6.8332747538604242],[115.30482086302682,-6.8332749154438979],[115.30482078219435,-6.8332658951041134],[115.30480273237214,-6.8332660566866998],[115.30480265154011,-6.833257036346696],[115.30479362662903,-6.8332571171376282],[115.3047935457973,-6.8332480967975293],[115.30478452088624,-6.833248177588187],[115.30478435922343,-6.8332301369077078],[115.30477533431261,-6.8332302176979836],[115.30477525348154,-6.8332211973576387],[115.3047572036599,-6.8332213589374682],[115.30475712282929,-6.8332123385969039],[115.30474809791849,-6.8332124193864585],[115.30474801708813,-6.8332033990457983],[115.30473899217741,-6.8332034798350776],[115.30473883051737,-6.8331854391534801],[115.30472078069619,-6.8331856007311043],[115.30472086152582,-6.8331946210721108],[115.30471183661491,-6.8331947018607773],[115.30471167495612,-6.8331766611785429],[115.30467557531271,-6.8331769843306684],[115.30467549448416,-6.8331679639891147],[115.30466646957321,-6.8331680447766177],[115.30466638874493,-6.833159024434952],[115.30465736383402,-6.8331591052221796],[115.30465728300601,-6.8331500848804003],[115.30464825809517,-6.8331501656673534],[115.30464817726744,-6.8331411453254631],[115.30463915235666,-6.8331412261121391],[115.30463907152919,-6.83313220577012],[115.3046300466185,-6.8331322865565207],[115.30462988496424,-6.8331142458723058],[115.30461183514315,-6.8331144074441719],[115.30461175431653,-6.833105387101833],[115.304602729406,-6.8331054678874068],[115.30460264857966,-6.8330964475449569],[115.30461167349,-6.8330963667594915],[115.30461151183732,-6.8330783260747943],[115.30460248692728,-6.8330784068600448],[115.30460224444955,-6.8330513458326427],[115.3045932195399,-6.8330514266174029],[115.30459313871437,-6.8330424062748358],[115.30458411380481,-6.8330424870593189],[115.30458403297956,-6.8330334667166071],[115.30457500807003,-6.8330335475008157],[115.30457492724507,-6.833024527158007],[115.30456590233561,-6.8330246079419412],[115.30456582151091,-6.8330155875990215],[115.30455679660152,-6.8330156683826768],[115.3045567157771,-6.8330066480396461],[115.30451159122929,-6.8330070519548691],[115.30451151040583,-6.8329980316113135],[115.30450248549612,-6.8329981123937458],[115.3045025663194,-6.8330071327374098],[115.3044935414094,-6.8330072135197817],[115.30449346058626,-6.8329981931760093],[115.30448443567632,-6.8329982739581059],[115.30448435485349,-6.8329892536141887],[115.30446630503359,-6.8329894151776616],[115.3044662242112,-6.8329803948335419],[115.30443914948108,-6.832980637177168],[115.30443906865929,-6.8329716168327197],[115.3044119939287,-6.8329718591745099],[115.30441191310751,-6.8329628388297348],[115.30440288819725,-6.8329629196098898],[115.30440280737635,-6.8329538992650027],[115.30437573264545,-6.8329541416041302],[115.30437565182517,-6.8329451212589163],[115.30433955218308,-6.8329454443749684],[115.30433947136358,-6.8329364240293211],[115.30433044645295,-6.8329365048078063],[115.30433028481463,-6.8329184641162799],[115.30432125990423,-6.8329185448943832],[115.30432117908539,-6.8329095245485041],[115.3042850794434,-6.8329098476588017],[115.30428499862533,-6.8329008273124909],[115.30422182424881,-6.8329013927482842],[115.30422166261539,-6.8328833520541243],[115.30419458788197,-6.8328835943805828],[115.30419450706593,-6.8328745740331991],[115.30415840742052,-6.8328748971323598],[115.30415832660523,-6.8328658767845241],[115.30413125187054,-6.8328661191068063],[115.30413117105589,-6.8328570987586437],[115.30411312123255,-6.8328572603057767],[115.30411295960424,-6.8328392196090242],[115.30409490978111,-6.832839381155055],[115.30409482896746,-6.8328303608064322],[115.30406775423249,-6.8328306031238935],[115.30406767341945,-6.8328215827749599],[115.30404962359592,-6.8328217443188795],[115.30404954278332,-6.8328127239697265],[115.30403149295968,-6.832812885512757],[115.30403141214754,-6.8328038651633847],[115.30398628758739,-6.8328042690174815],[115.30398612596511,-6.832786228317647],[115.30397710105309,-6.8327863090877479],[115.30397702024227,-6.8327772887377165],[115.30394994550608,-6.8327775310466841],[115.30394986469587,-6.8327685106963267],[115.30393181487152,-6.8327686722345833],[115.30393173406176,-6.8327596518840057],[115.30392270914962,-6.8327597326527743],[115.30392254753077,-6.8327416919513899],[115.3039135226188,-6.8327417727197775],[115.30391344180971,-6.8327327523689698],[115.30390441689784,-6.8327328331370802],[115.30390433608903,-6.8327238127861456],[115.30388628626527,-6.8327239743216452],[115.30388612464866,-6.8327059336193834],[115.30387709973694,-6.832706014386666],[115.30387701892897,-6.8326969940354116],[115.3038409192817,-6.8326973171024301],[115.30384075766743,-6.8326792763990323],[115.30382270784382,-6.8326794379311027],[115.30382262703716,-6.832670417579207],[115.30383165194885,-6.8326703368133641],[115.30383157114217,-6.8326613164615546],[115.30382254623062,-6.8326613972272909],[115.3038224654242,-6.8326523768753704],[115.30381344051277,-6.8326524576408314],[115.30381352131901,-6.8326614779928594],[115.30380449640727,-6.8326615587582573],[115.30380465801974,-6.8326795994624998],[115.30379563310757,-6.8326796802279466],[115.30379514827239,-6.8326255581144908],[115.30378612336111,-6.8326256388791222],[115.30378628497206,-6.8326436795838461],[115.30377726006031,-6.8326437603485264],[115.30377742167137,-6.8326618010534466],[115.3037683967592,-6.8326618818181748],[115.30376880078791,-6.8327069835809411],[115.30375075096156,-6.832707145110966],[115.30375083176727,-6.8327161654637232],[115.30374180685378,-6.8327162462285909],[115.30374204927114,-6.8327433072871537],[115.30375107418514,-6.8327432265219628],[115.3037511549913,-6.8327522468747013],[115.30376920481935,-6.8327520853435999],[115.30376928562596,-6.8327611056961182],[115.30377831054,-6.8327610249302078],[115.30377839134688,-6.8327700452826141],[115.30376936643269,-6.8327701260486329],[115.30376952804647,-6.8327881667536481],[115.30378757787543,-6.8327880052210119],[115.30378765868281,-6.8327970255733153],[115.30376960885353,-6.8327971871061663],[115.30377001289042,-6.8328422888686084],[115.30377903780597,-6.832842208101729],[115.30377911861383,-6.8328512284540803],[115.30377009369812,-6.8328513092210672],[115.30377025531386,-6.8328693499260051],[115.3037792802299,-6.8328692691588033],[115.3037793610381,-6.8328782895111591],[115.30378838595422,-6.8328782087436801],[115.30378830514587,-6.8328691883914319],[115.3038063549774,-6.8328690268561889],[115.30380627416879,-6.832860006504152],[115.30381529908425,-6.8328599257363836],[115.30381521827559,-6.8328509053844533],[115.30384229302074,-6.8328506630804666],[115.30384245463918,-6.8328687037836824],[115.30382440480849,-6.8328688653202718],[115.30382472804534,-6.8329049467275134],[115.30381570312916,-6.8329050274959862],[115.30381578393849,-6.8329140478478942],[115.30384285868718,-6.8329138055416481],[115.30384302030714,-6.8329318462447874],[115.30386107013973,-6.8329316847060184],[115.3038611509502,-6.8329407050573927],[115.30387017586649,-6.832940624287648],[115.30387025667726,-6.8329496446388918],[115.30387928159364,-6.8329495638688735],[115.30387936240466,-6.8329585842200062],[115.30388838732108,-6.8329585034497091],[115.30388846813239,-6.8329675238007308],[115.30392456779765,-6.8329672007174391],[115.30392448698566,-6.8329581803668482],[115.30393351190153,-6.8329580995957127],[115.30393359271368,-6.8329671199461952],[115.30394261762959,-6.8329670391747834],[115.30394269844204,-6.832976059525155],[115.30399684793633,-6.832975574892509],[115.30399692874988,-6.8329845952422295],[115.3040059536654,-6.8329845144694268],[115.30400603447922,-6.8329935348190363],[115.30405115905594,-6.8329931309519587],[115.3040512398707,-6.8330021513010415],[115.30406026478589,-6.833002070527014],[115.30406034560093,-6.833011090875952],[115.30406937051619,-6.8330110101016484],[115.30406945133153,-6.8330200304504904],[115.30407847624681,-6.8330199496759123],[115.30407855706241,-6.8330289700246425],[115.30414173146767,-6.8330284045971315],[115.30414181228454,-6.8330374249451049],[115.3041959617715,-6.8330369402857496],[115.30419604258951,-6.8330459606330898],[115.3042050675038,-6.8330458798558338],[115.30420482504958,-6.8330188188141587],[115.30421384996323,-6.8330187380370582],[115.30421376914521,-6.8330097176899383],[115.30428596844924,-6.8330090714679432],[115.30428580681082,-6.8329910307754114],[115.30433093137063,-6.8329906268822782],[115.30433117383093,-6.8330176879194564],[115.30432214891867,-6.8330177686987419],[115.30432222973883,-6.833026789044566],[115.30437637921166,-6.8330263043656849],[115.30437646003294,-6.8330353247108606],[115.30438548494483,-6.8330352439303503],[115.3043855657664,-6.8330442642754301],[115.30439459067838,-6.8330441834946454],[115.30439467150021,-6.8330532038395786],[115.30440369641225,-6.8330531230585176],[115.30440385805656,-6.8330711637481931],[115.30436775840639,-6.8330714868722886],[115.30436767758485,-6.8330624665270232],[115.30434962775946,-6.8330626280878475],[115.30434946611739,-6.8330445873968904],[115.3043133664666,-6.8330449105156603],[115.30431328564639,-6.8330358901697199],[115.30428621090768,-6.8330361325067104],[115.30428629172738,-6.8330451528529741],[115.30426824190066,-6.8330453144103425],[115.30426799944293,-6.8330182533709261],[115.30424994961679,-6.8330184149269764],[115.30425027289267,-6.833054496313693],[115.30425929780645,-6.8330544155353214],[115.30425937862587,-6.8330634358818836],[115.30428645336708,-6.8330631935454376],[115.30428653418711,-6.833072213891672],[115.30429555910081,-6.8330721331124131],[115.30429563992109,-6.8330811534585338],[115.30430466483486,-6.8330810726789997],[115.30430458401439,-6.8330720523329855],[115.30434068366759,-6.8330717292135956],[115.30434076448874,-6.833080749559179],[115.30433173957545,-6.8330808303393873],[115.30433182039653,-6.8330898506850577],[115.30434987022338,-6.8330896891242601],[115.30435003186653,-6.8331077298152065],[115.30436808169364,-6.8331075682533067],[115.3043681625157,-6.8331165885985499],[115.30438621234268,-6.8331164270357618],[115.30438613152027,-6.8331074066907336],[115.30439515643344,-6.8331073259091948],[115.30439523725602,-6.8331163462541156],[115.30438621234268,-6.8331164270357618],[115.30438629316522,-6.8331254473807856],[115.30439531807872,-6.8331253665990328],[115.30439539890153,-6.8331343869439269],[115.30440442381509,-6.8331343061618979],[115.30440450463817,-6.8331433265067139],[115.30439547972443,-6.8331434072888513],[115.30439556054748,-6.8331524276337561],[115.30444068511584,-6.8331520237208503],[115.3044405234682,-6.8331339830320976],[115.30445857329414,-6.8331338214661894],[115.30445849247016,-6.8331248011220476],[115.3044494675574,-6.8331248819049772],[115.30444938673371,-6.8331158615607075],[115.30444036182105,-6.8331159423433627],[115.30444044264456,-6.8331249626877408],[115.30443141773159,-6.8331250434703357],[115.30443133690824,-6.8331160231258492],[115.30442231199535,-6.8331161039081678],[115.3044220695264,-6.8330890428743443],[115.30446719408725,-6.8330886389626837],[115.30446727491098,-6.8330976593067687],[115.30447629982297,-6.8330975785238257],[115.30447638064697,-6.833106598867781],[115.30449443047098,-6.8331064373011738],[115.30449459211998,-6.833124477988644],[115.30451264194426,-6.8331243164209328],[115.30451272276925,-6.8331333367644289],[115.30452174768138,-6.833133255980214],[115.3045219901575,-6.8331603170104227],[115.30449491541927,-6.833160559363531],[115.30449467294464,-6.8331334983323559],[115.30445857329414,-6.8331338214661894],[115.30445881576675,-6.8331608824986567],[115.30446784068002,-6.8331608017151284],[115.30446800232932,-6.833178842403191],[115.30448605215626,-6.8331786808351973],[115.30448597133122,-6.8331696604913832],[115.30450402115738,-6.833169498922933],[115.30450418280823,-6.833187539610126],[115.30451320772147,-6.8331874588254342],[115.30451328854723,-6.8331964791689161],[115.30450426363383,-6.8331965599537172],[115.30450434445952,-6.8332055802973199],[115.30451336937311,-6.8332054995124123],[115.30451353102517,-6.8332235401993398],[115.30452255593897,-6.8332234594140475],[115.30452247511273,-6.8332144390706864],[115.3045405249397,-6.8332142774998141],[115.30454060576629,-6.8332232978429621],[115.30454963067977,-6.8332232170571663],[115.30454971150665,-6.8332322374002006],[115.30455873642019,-6.8332321566141303],[115.30455881724735,-6.8332411769570518],[115.30456784216095,-6.8332410961707053],[115.30456824629916,-6.8332861978847195],[115.30455922138471,-6.8332862786716042],[115.3045593022125,-6.8332952990144848],[115.30456832712711,-6.8332952182274918],[115.30456840795519,-6.8333042385702933],[115.30454133321049,-6.8333044809310906],[115.30454125238293,-6.8332954605879648],[115.30453222746802,-6.8332955413744552],[115.30453255077826,-6.8333316227473091],[115.30454157569388,-6.8333315419603897],[115.30454149486599,-6.833322521617295],[115.30455051978132,-6.8333224408303144],[115.30455060060939,-6.8333314611733025],[115.30455962552479,-6.8333313803860465],[115.30455946386844,-6.8333133397002834],[115.30457751369823,-6.8333131781256986],[115.30457759452669,-6.8333221984683679],[115.30459564435638,-6.8333220368928957],[115.30459572518529,-6.8333310572353456],[115.30460475010014,-6.8333309764472494],[115.30460483092934,-6.8333399967895696],[115.30462288075906,-6.8333398352126586],[115.30462296158868,-6.8333488555547932],[115.30460491175863,-6.83334901713192],[115.30460499258805,-6.8333580374742491],[115.30457791784166,-6.8333582798390005],[115.30457807949978,-6.833376320524291],[115.30458710441567,-6.8333762397359932],[115.30458718524507,-6.8333852600785248],[115.304578160329,-6.8333853408669301],[115.30457832198779,-6.833403381552194],[115.30453319740407,-6.8334037854927754],[115.30453343989052,-6.833430846522254],[115.30452441497295,-6.8334309273101885],[115.30452449580181,-6.8334399476534475],[115.30451547088396,-6.8334400284413208],[115.30451539005526,-6.8334310080979552],[115.30449734021956,-6.8334311696729841],[115.30449742104793,-6.8334401900165656],[115.30448839612976,-6.8334402708039352],[115.30448831530155,-6.8334312504602464],[115.30447929038343,-6.8334313312473407],[115.30447945203959,-6.833449371934929],[115.30448847695806,-6.8334492911476206],[115.30448863861501,-6.8334673318349761],[115.30447058877731,-6.8334674934098567],[115.30447066960561,-6.8334765137537445],[115.30446164468643,-6.8334765945410414],[115.30446172551468,-6.8334856148850305],[115.30448880027241,-6.8334853725223166],[115.30448871944364,-6.8334763521786481],[115.30449774436248,-6.8334762713908477],[115.30449782519142,-6.8334852917344078],[115.30448880027241,-6.8334853725223166],[115.30448888110126,-6.8334943928659788],[115.30445278142338,-6.833494716016359],[115.30445302390859,-6.833521777048615],[115.30446204882875,-6.8335216962609486],[115.30446212965754,-6.8335307166049173],[115.30444407981682,-6.8335308781802961],[115.30444416064537,-6.8335398985244744],[115.30442611080387,-6.8335400600993967],[115.30442602997566,-6.8335310397550035],[115.30440798013407,-6.8335312013290359],[115.30440830344629,-6.8335672827074516],[115.3044173283678,-6.8335672019200882],[115.30441757085363,-6.8335942629535298],[115.30442659577552,-6.8335941821656769],[115.30442667660454,-6.8336032025100399],[115.30438155199302,-6.8336036064481691],[115.30438139033683,-6.8335855657583595],[115.30437236541452,-6.8335856465452656],[115.30437244624243,-6.8335946668902805],[115.30436342131983,-6.8335947476771262],[115.30436358297555,-6.8336127883673576],[115.30435455805255,-6.8336128691542504],[115.30435447722479,-6.8336038488090285],[115.30433642737876,-6.8336040103820963],[115.30433650820621,-6.8336130307275313],[115.30431845835938,-6.83361319230014],[115.3043183775323,-6.8336041719544882],[115.30433642737876,-6.8336040103820963],[115.30433626572427,-6.8335859696912085],[115.30432724080144,-6.8335860504772752],[115.30432699832099,-6.8335589894405908],[115.30431797339853,-6.8335590702261655],[115.30431805422508,-6.8335680905718386],[115.30430902930236,-6.8335681713573528],[115.30430894847599,-6.8335591510115714],[115.30429992355334,-6.8335592317968095],[115.30430008520584,-6.8335772724885828],[115.30430911012884,-6.8335771917031289],[115.30430919095544,-6.8335862120489015],[115.30430016603226,-6.833586292834462],[115.30430024685879,-6.8335953131803375],[115.3043092717821,-6.8335952323946687],[115.30430935260893,-6.8336042527404333],[115.30430032768543,-6.8336043335262087],[115.30430024685879,-6.8335953131803375],[115.30429122193533,-6.8335953939658385],[115.30429114110896,-6.8335863736198545],[115.3042821161856,-6.8335864544050811],[115.30428203535951,-6.8335774340589861],[115.30427301043619,-6.8335775148439346],[115.30427341456684,-6.833622616574921],[115.30423731486907,-6.8336229397151893],[115.30423747652077,-6.8336409804083917],[115.30422845159569,-6.8336410611932532],[115.30422869407354,-6.8336681222333544],[115.3042377189991,-6.8336680414481705],[115.30423779982542,-6.8336770617947771],[115.30424682475103,-6.833676981009317],[115.30424690557766,-6.8336860013557956],[115.30425593050334,-6.8336859205700584],[115.30425625381153,-6.8337220019554969],[115.30427430366387,-6.8337218403826583],[115.30427422283633,-6.8337128200365047],[115.3042832477622,-6.8337127392499415],[115.30428316693458,-6.8337037189039238],[115.30429219186014,-6.8337036381173002],[115.30429203020492,-6.8336855974254327],[115.30428300527969,-6.8336856782118414],[115.30428308610708,-6.8336946985578848],[115.30427406118156,-6.8336947793442331],[115.30427398035432,-6.8336857589980822],[115.30428300527969,-6.8336856782118414],[115.30428292445241,-6.8336766578657935],[115.30430999922727,-6.8336764155063863],[115.30431008005506,-6.8336854358521109],[115.30431910497997,-6.8336853550651986],[115.30431926663621,-6.8337033957564195],[115.30433731648635,-6.8337032341816588],[115.304337397315,-6.8337122545270308],[115.30432837238979,-6.833712335314603],[115.30432861487581,-6.833739396351084],[115.30431056502408,-6.8337395579263678],[115.30431064585261,-6.8337485782720631],[115.30430162092644,-6.8337486590595606],[115.30430178258354,-6.8337666997511528],[115.30429275765688,-6.8337667805386983],[115.30429283848544,-6.8337758008845952],[115.30430186341223,-6.8337757200969422],[115.30430202506999,-6.8337937607885078],[115.30431104999703,-6.833793680000471],[115.30431113082621,-6.8338027003461397],[115.30432015575333,-6.8338026195578276],[115.3043202365828,-6.8338116399033844],[115.30432926150996,-6.833811559114797],[115.30432918068031,-6.8338025387693468],[115.30433820560717,-6.8338024579806991],[115.30433828643699,-6.83381147832604],[115.30432926150996,-6.833811559114797],[115.30432966565986,-6.8338566608419766],[115.30433869058774,-6.8338565800526831],[115.30433885224879,-6.833874620743293],[115.30434787717689,-6.8338745399536149],[115.30434795800777,-6.8338835602988306],[115.304366007864,-6.8338833987187559],[115.30436592703279,-6.8338743783737561],[115.3043749519606,-6.8338742975835745],[115.30437487112934,-6.8338652772387096],[115.30439292098423,-6.8338651156580577],[115.30439284015274,-6.8338560953133873],[115.30440186507988,-6.833856014522917],[115.3044020267433,-6.8338740552120205],[115.30441105167064,-6.8338739744211665],[115.30441113250268,-6.833882994765629],[115.3044201574301,-6.8338829139744988],[115.3044202382624,-6.8338919343188325],[115.30440218840715,-6.8338920959011391],[115.30440243090374,-6.8339191569347442],[115.30439340597543,-6.8339192377259694],[115.30439332514329,-6.8339102173813417],[115.30437527528673,-6.8339103789630711],[115.30437543695042,-6.8339284196527847],[115.30436641202164,-6.8339285004436121],[115.30436649285348,-6.8339375207885693],[115.30434844299523,-6.8339376823699363],[115.30434860465857,-6.8339557230602699],[115.30432152986938,-6.8339559654317021],[115.30432177236372,-6.8339830264681396],[115.30431274743329,-6.8339831072586028],[115.3043129090964,-6.8340011479497562],[115.30432193402717,-6.8340010671590754],[115.30432201485905,-6.8340100875045371],[115.30431298992811,-6.8340101682953236],[115.30431307075995,-6.8340191886408883],[115.30432209569105,-6.8340191078499943],[115.30432217652317,-6.8340281281954471],[115.30431315159188,-6.8340282089864495],[115.30431323242392,-6.8340372293320222],[115.30429518256065,-6.8340373909137382],[115.30429526339249,-6.8340464112594885],[115.30436746284423,-6.8340457649277297],[115.30436738201107,-6.8340367445828401],[115.30440348173369,-6.834036421413356],[115.30440332006633,-6.8340183807243742],[115.30442136992632,-6.8340182191390539],[115.30442153159433,-6.8340362598276032],[115.30443055652449,-6.8340361790344772],[115.30443071819327,-6.8340542197227627],[115.30443974312365,-6.8340541389292513],[115.30443966228904,-6.8340451185852107],[115.30444868721915,-6.8340450377916389],[115.30444860638445,-6.8340360174477173],[115.30443958145453,-6.8340360982411816],[115.30443941978584,-6.8340180575530614],[115.30446649457433,-6.8340178151728113],[115.30446633290505,-6.8339997744853358],[115.30445730797601,-6.8339998552787051],[115.30445714630751,-6.8339818145909987],[115.30446617123623,-6.8339817337978443],[115.30446609040197,-6.8339727134540906],[115.3044751153304,-6.8339726326608758],[115.30447503449611,-6.833963612317226],[115.30448405942424,-6.8339635315239518],[115.30448397858987,-6.833954511180405],[115.3044749536619,-6.8339545919735736],[115.30447471115995,-6.8339275309425869],[115.30446568623238,-6.8339276117352634],[115.30446576706608,-6.8339366320790367],[115.3044567421382,-6.8339367128716537],[115.30445658047121,-6.8339186721838701],[115.3044746303262,-6.833918510598898],[115.30447438782555,-6.8338914495678758],[115.30448341275235,-6.8338913687754612],[115.30448349358598,-6.8339003891190382],[115.30451056836627,-6.8339001467404623],[115.30451064920047,-6.8339091670837115],[115.30451967412718,-6.8339090862904097],[115.30451951245851,-6.8338910456041226],[115.30452853738478,-6.833890964810867],[115.30452837571622,-6.8338729241247611],[115.3045193507903,-6.8338730049178018],[115.30451926995636,-6.8338639845746592],[115.30453731980775,-6.8338638229886257],[115.30453740064203,-6.8338728433315525],[115.30454642556775,-6.833872762538177],[115.3045465064023,-6.8338817828810248],[115.30455553132806,-6.833881702087373],[115.30455545049332,-6.8338726817446327],[115.30456447541884,-6.8338726009509205],[115.30456439458405,-6.8338635806083161],[115.30459146935935,-6.8338633382264931],[115.30459155019464,-6.8338723585687733],[115.30460057511971,-6.8338722777743897],[115.30460049428424,-6.8338632574322151],[115.30460951920902,-6.8338631766377693],[115.30460943837352,-6.8338541562956836],[115.30463651314669,-6.8338539139116614],[115.30463675565507,-6.8338809749369398],[115.30464578057975,-6.8338808941416058],[115.30464569974332,-6.833871873799942],[115.30465472466774,-6.8338717930045485],[115.3046545629949,-6.8338537523214722],[115.30464553807084,-6.8338538331166498],[115.30464505305598,-6.8337997110666207],[115.3046360281328,-6.8337997918609856],[115.30463594729756,-6.8337907715191921],[115.30462692237447,-6.83379085231328],[115.30462700320956,-6.8337998726551819],[115.30460895336267,-6.8338000342430716],[115.30460903419754,-6.8338090545851831],[115.3045909843499,-6.8338092161726154],[115.30459090351536,-6.8338001958302872],[115.30458187859156,-6.8338002766236432],[115.30458171692315,-6.8337822359387586],[115.30459074184662,-6.8337821551456175],[115.30459082268094,-6.8337911754879546],[115.30460887252794,-6.8337910139009539],[115.30460879169327,-6.8337819935588326],[115.30464489138522,-6.8337816703832441],[115.30464481055,-6.8337726500415492],[115.30467188531735,-6.8337724076584143],[115.30467180448174,-6.8337633873170374],[115.3046898543257,-6.8337632257276555],[115.30468977348987,-6.8337542053864899],[115.3046807485681,-6.8337542861811578],[115.30468066773255,-6.8337452658398803],[115.30467164281086,-6.8337453466342719],[115.30467172364624,-6.8337543669756569],[115.30466269872424,-6.8337544477699872],[115.30466277955956,-6.8337634681114769],[115.30465375463729,-6.8337635489057469],[115.30465367380214,-6.8337545285641506],[115.30464464887991,-6.8337546093581443],[115.30464456804502,-6.833745589016436],[115.3046535929671,-6.8337455082225498],[115.30465351213215,-6.8337364878809446],[115.30467156197557,-6.8337363262928816],[115.30467140030535,-6.8337182856100886],[115.30466237538401,-6.83371836640399],[115.30466229454922,-6.8337093460624621],[115.30465326962796,-6.8337094268560863],[115.30465318879345,-6.8337004065144811],[115.30462611402953,-6.8337006488940242],[115.30462603319565,-6.8336916285520743],[115.30465310795907,-6.8336913861728554],[115.30465294629062,-6.833673345489589],[115.30464392136989,-6.8336734262826146],[115.30464384053599,-6.8336644059408505],[115.30465286545653,-6.8336643251479323],[115.30465278462259,-6.8336553048063049],[115.30466180954282,-6.8336552240133264],[115.30466189037695,-6.8336642443548463],[115.30467091529727,-6.8336641635615916],[115.30467083446297,-6.8336551432201782],[115.304679859383,-6.8336550624268648],[115.30467977854865,-6.8336460420855394],[115.30468880346841,-6.8336459612921621],[115.30468888430292,-6.8336549816333809],[115.30469790922275,-6.83365490083973],[115.30469847506865,-6.8337180432273783],[115.30471652491032,-6.8337178816380657],[115.30471644407451,-6.8337088612971835],[115.304725468995,-6.8337087805023824],[115.30472538815916,-6.8336997601616378],[115.30471636323884,-6.8336998409563314],[115.30471612073245,-6.8336727799336989],[115.30470709581249,-6.8336728607279023],[115.30470693414246,-6.8336548200459104],[115.30471595906207,-6.833654739251922],[115.3047160398972,-6.8336637595927954],[115.30472506481684,-6.8336636787985325],[115.30472514565226,-6.8336726991393277],[115.30474319549157,-6.8336725375500817],[115.30474295298467,-6.8336454765283792],[115.30475197790365,-6.8336453957338268],[115.30475222041107,-6.8336724567552061],[115.30477027024975,-6.8336722951649511],[115.30477035108612,-6.8336813155051868],[115.30477937600544,-6.8336812347097009],[115.3047794568421,-6.8336902550498237],[115.30480653159994,-6.8336900126620312],[115.30480636992576,-6.833671971982425],[115.30479734500692,-6.8336720527783079],[115.30479726417016,-6.8336630324383734],[115.30478823925138,-6.8336631132339809],[115.30478815841491,-6.8336540928939691],[115.30477010857734,-6.8336542544844665],[115.30477002774131,-6.8336452341442175],[115.30478807757854,-6.8336450725539359],[115.30478791590612,-6.8336270318738555],[115.30481499066012,-6.8336267894878171],[115.30481507149676,-6.8336358098275367],[115.30482409641472,-6.8336357290317462],[115.3048242580887,-6.8336537697109572],[115.3048513328429,-6.8336535273219345],[115.30485157535621,-6.8336805883397478],[115.30486060027457,-6.8336805075427476],[115.30486068111274,-6.8336895278819032],[115.30486970603113,-6.8336894470846277],[115.30486978686957,-6.8336984674236705],[115.30487881178806,-6.8336983866261187],[115.30487889262677,-6.8337074069650336],[115.30488791754529,-6.8337073261672057],[115.30488799838427,-6.8337163465060424],[115.30486994854677,-6.8337165081017464],[115.30487011022439,-6.8337345487798018],[115.30486108530513,-6.8337346295776165],[115.30486124698288,-6.8337526702558709],[115.30485222206318,-6.8337527510537317],[115.30485230290203,-6.8337617713929619],[115.30484327798204,-6.8337618521907624],[115.30484295462793,-6.8337257708333903],[115.30481587986937,-6.8337260132244939],[115.30481563735646,-6.8336989522054523],[115.3048066124372,-6.8336990330018272],[115.30480677411205,-6.8337170736814086],[115.30479774919236,-6.8337171544778306],[115.30479799170493,-6.8337442154974921],[115.30477994186421,-6.8337443770904782],[115.30478002270162,-6.8337533974305718],[115.30477099778095,-6.83375347822692],[115.30477115945577,-6.8337715189073096],[115.30478018437678,-6.8337714381107464],[115.30478034605235,-6.8337894787909041],[115.304771321131,-6.8337895595876823],[115.30477124029333,-6.8337805392474991],[115.30475319045061,-6.8337807008403368],[115.30475343296297,-6.8338077618615225],[115.30479855757143,-6.8338073578765517],[115.30479863840993,-6.833816378216401],[115.30480766333145,-6.833816297418795],[115.30480790584814,-6.8338433584379903],[115.30479888092611,-6.8338434392359195],[115.30479904260412,-6.8338614799155781],[115.30482611737089,-6.8338612375206402],[115.30482603653134,-6.8338522171811373],[115.30485311129665,-6.8338519747850093],[115.3048531921367,-6.8338609951241898],[115.30486221705844,-6.8338609143250366],[115.30486229789878,-6.8338699346640892],[115.30488034774221,-6.8338697730650635],[115.30488026690155,-6.8338607527262258],[115.30488929182293,-6.8338606719265691],[115.3048892109822,-6.8338516515878176],[115.30488018606098,-6.8338517323873678],[115.30488002438018,-6.8338336917096383],[115.30486197453807,-6.8338338533078034],[115.30486181285836,-6.8338158126296262],[115.30487083777915,-6.8338157318308435],[115.30487035274164,-6.8337616097968539],[115.30487937766131,-6.8337615289985489],[115.30487945850081,-6.8337705493374505],[115.30489750834009,-6.8337703877401204],[115.30489742750026,-6.8337613674014337],[115.30491547733881,-6.833761205803647],[115.30491539649879,-6.8337521854651708],[115.30492442141772,-6.8337521046661323],[115.30492434057761,-6.8337430843277609],[115.30493336549628,-6.8337430035286619],[115.30493344633655,-6.8337520238669258],[115.30494247125526,-6.8337519430675515],[115.30494239041482,-6.8337429227293951],[115.30495141533328,-6.8337428419299595],[115.30495133449277,-6.8337338215919061],[115.30496938432897,-6.8337336599927481],[115.30496954601074,-6.8337517006684187],[115.30496052109235,-6.8337517814682984],[115.30496068277422,-6.8337698221441672],[115.30496970769293,-6.8337697413440743],[115.30496978853422,-6.8337787616818932],[115.30499686329026,-6.8337785192802789],[115.30499662076528,-6.8337514582677734],[115.30500564568321,-6.8337513774672214],[115.30500548400012,-6.8337333367924114],[115.30501450891761,-6.8337332559919064],[115.30501458975927,-6.8337422763292057],[115.3050326395943,-6.8337421147274782],[115.3050324779104,-6.833724074053305],[115.30504150282741,-6.833723993252403],[115.30504142198548,-6.8337149729154181],[115.30505947181881,-6.8337148113133264],[115.3050596335035,-6.8337328519868628],[115.30506865842035,-6.8337327711853497],[115.30506873926304,-6.8337417915220033],[115.30509581401346,-6.833741549116132],[115.30509621823101,-6.8337866507977232],[115.30511426806574,-6.8337864891918922],[115.30511434890992,-6.8337955095279828],[115.30510532399242,-6.8337955903310901],[115.30510540483652,-6.8338046106672827],[115.30508735500094,-6.8338047722732078],[115.30508743584481,-6.8338137926096119],[115.30506938600843,-6.8338139542150804],[115.30506970938372,-6.8338500355615146],[115.30508775922146,-6.8338498739551854],[115.30508792091044,-6.8338679146279295],[115.30509694582948,-6.8338678338242973],[115.30509735005469,-6.8339129355055857],[115.3051244248137,-6.8339126930920662],[115.30512434396793,-6.8339036727561568],[115.30513336888724,-6.8339035919514215],[115.3051332880414,-6.8338945716155992],[115.3051423129604,-6.8338944908108044],[115.30514223211452,-6.8338854704750833],[115.30516028195187,-6.8338853088652032],[115.30516036279809,-6.8338943292007075],[115.30517841263531,-6.8338941675899401],[115.30517833178877,-6.8338851472546525],[115.30519638162522,-6.8338849856434249],[115.30519630077845,-6.8338759653083478],[115.30522337553185,-6.8338757228905713],[115.30522345637914,-6.8338847432253269],[115.30523248129688,-6.8338846624189573],[115.30523256214444,-6.833893682753601],[115.30522353722651,-6.833893763560078],[115.30522377976936,-6.8339208245643039],[115.30521475485085,-6.8339209053709347],[115.30521483569851,-6.8339299257057773],[115.30518776094178,-6.8339301681249855],[115.30518784178904,-6.8339391884601461],[115.30517881686974,-6.8339392692663203],[115.30517897856426,-6.8339573099368423],[115.30516995364452,-6.8339573907430635],[115.30517003449178,-6.8339664110784248],[115.30517905941169,-6.8339663302720961],[115.30517914025923,-6.8339753506073464],[115.30518816517922,-6.8339752698007414],[115.30518824602703,-6.8339842901358789],[115.30517922110687,-6.8339843709425923],[115.30517930195464,-6.8339933912778337],[115.30517027703421,-6.8339934720844857],[115.30517035788191,-6.8340024924198302],[115.30518840772299,-6.8340023308061424],[115.30518832687495,-6.8339933104710129],[115.30520637671525,-6.8339931488568677],[115.30520653841208,-6.8340111895266924],[115.30517946365048,-6.8340114319483032],[115.30517954449854,-6.8340204522835313],[115.30518856941937,-6.8340203714763881],[115.30518865026774,-6.834029391811522],[115.30520670010937,-6.8340292301965162],[115.30520678095819,-6.8340382505313952],[115.30523385572033,-6.8340380081073029],[115.30523393656975,-6.8340470284418728],[115.30525198641097,-6.8340468668247549],[115.30525182471158,-6.8340288261560573],[115.30526084963167,-6.8340287453474629],[115.30526076878196,-6.8340197250131904],[115.3052788186215,-6.8340195633957102],[115.30527873777157,-6.8340105430616651],[115.30530581252957,-6.8340103006345068],[115.30530573167924,-6.8340012803007797],[115.30531475659818,-6.8340011994914986],[115.30531467574779,-6.8339921791578764],[115.30532370066648,-6.833992098348534],[115.30532353896568,-6.8339740576814911],[115.30533256388391,-6.8339739768721959],[115.30533248303352,-6.8339649565387761],[115.30534150795148,-6.8339648757294205],[115.30534158880204,-6.8339738960627328],[115.30535061372005,-6.8339738152531018],[115.3053505328693,-6.8339647949198969],[115.30535955778703,-6.8339647141102047],[115.30535947693623,-6.8339556937771038],[115.30536850185369,-6.8339556129673511],[115.30536817845095,-6.8339195316353312],[115.30538622828416,-6.8339193700161838],[115.30538614743342,-6.8339103496833662],[115.30539517234972,-6.8339102688736482],[115.3053950106482,-6.8338922282082661],[115.30537696081619,-6.8338923898271062],[115.30537663741582,-6.8338563084953954],[115.30538566233119,-6.8338562276864909],[115.30538558148122,-6.8338472073536609],[115.30539460639632,-6.8338471265446952],[115.30539452554629,-6.8338381062119682],[115.30541257537583,-6.8338379445937498],[115.30541249452557,-6.8338289242612325],[115.30543054435432,-6.8338287626425576],[115.30543046350381,-6.8338197423102685],[115.30543948841789,-6.8338196615007858],[115.30543940756732,-6.8338106411685677],[115.30543038265343,-6.8338107219779429],[115.30543030180314,-6.8338017016456281],[115.30544835163049,-6.8338015400269247],[115.30544827077998,-6.8337925196948222],[115.30545729569332,-6.8337924388853262],[115.30545721484276,-6.8337834185533266],[115.30547526466873,-6.8337832569340451],[115.30547510296725,-6.8337652162704634],[115.30548412787975,-6.8337651354607862],[115.30548404702901,-6.8337561151290975],[115.30554722141228,-6.8337555494573996],[115.30554730226419,-6.8337645697883369],[115.30556535208733,-6.8337644081661235],[115.30556527123508,-6.8337553878354029],[115.30558332105744,-6.8337552262127321],[115.30558324020494,-6.8337462058822229],[115.30562836475811,-6.8337458018231434],[115.30562828390489,-6.8337367814931662],[115.30564633372508,-6.8337366198685743],[115.30564625287164,-6.8337275995388085],[115.30568235250996,-6.8337272762880348],[115.30568227165595,-6.8337182559586953],[115.3057093463831,-6.8337180135191726],[115.3057094272376,-6.8337270338481888],[115.3057545517814,-6.8337266297784174],[115.30575447092606,-6.8337176094499394],[115.30576349583434,-6.8337175286355878],[115.30576341497894,-6.8337085083072138],[115.30575439007082,-6.833708589121458],[115.3057543092157,-6.8336995687929543],[115.30572723449123,-6.8336998112343537],[115.3057271536367,-6.833690790905556],[115.30579032799109,-6.8336902252073592],[115.30579024713548,-6.8336812048792952],[115.30579927204265,-6.833681124064702],[115.3057993528984,-6.8336901443926585],[115.30580837780563,-6.83369006357779],[115.30580853951781,-6.8337081042334757],[115.30579951461024,-6.8337081850485593],[115.30579959546633,-6.8337172053765034],[115.30580862037408,-6.8337171245613106],[115.30580870123045,-6.8337261448891429],[115.30578162650643,-6.8337263873345364],[115.3057817073624,-6.8337354076626857],[115.3057636575455,-6.8337355692923234],[115.30576373840123,-6.833744589620685],[115.30575471349246,-6.8337446704353599],[115.30575487520392,-6.8337627110922838],[115.30576390011305,-6.8337626302773948],[115.30576381925708,-6.8337536099490412],[115.30578186907465,-6.8337534483189728],[115.30578178821848,-6.8337444279908341],[115.30579983803526,-6.8337442663603083],[115.30579975717883,-6.8337352460323775],[115.30582683190271,-6.8337350035856526],[115.30582675104588,-6.8337259832580406],[115.30583577595345,-6.8337259024422359],[115.30583585681043,-6.8337349227697404],[115.30585390662557,-6.8337347611374142],[115.30585398748299,-6.8337437814646975],[115.30587203729804,-6.8337436198314832],[115.30587211815592,-6.8337526401585489],[115.30591724269244,-6.83375223607203],[115.30591732355126,-6.833761256398553],[115.30594439827236,-6.8337610139443026],[115.30594447913178,-6.8337700342704961],[115.30595350403877,-6.8337699534519691],[115.30595358489846,-6.8337789737780517],[115.30596260980552,-6.8337788929592493],[115.30596269066551,-6.83378791328522],[115.30597171557261,-6.8337878324661405],[115.30597163471246,-6.8337788121402774],[115.3059987094326,-6.8337785696823534],[115.30599854771162,-6.8337605290312595],[115.30600757261776,-6.833760448211831],[115.30600749175727,-6.8337514278863853],[115.30601651666316,-6.8337513470668956],[115.30601659752384,-6.8337603673922329],[115.30602562242977,-6.8337602865724687],[115.30602554156893,-6.8337512662472379],[115.30603456647462,-6.8337511854274133],[115.30603448561372,-6.8337421651022865],[115.3060435105191,-6.8337420842823988],[115.30604334879732,-6.8337240436323468],[115.3060704235118,-6.8337238011723276],[115.30607034265059,-6.8337147808476182],[115.30612449207561,-6.8337142959236825],[115.30612441121347,-6.8337052755996153],[115.30613343611711,-6.8337051947784788],[115.30613335525491,-6.8336961744544977],[115.3061514050615,-6.8336960128119344],[115.30615132419908,-6.8336869924881984],[115.30616034910202,-6.8336869116667724],[115.30616026823954,-6.8336778913431226],[115.30618734294724,-6.833677648878159],[115.30618726208436,-6.8336686285548289],[115.30622336169247,-6.8336683052662881],[115.30622360428346,-6.8336953662349611],[115.30625970389181,-6.8336950429424403],[115.30625962302734,-6.8336860226199949],[115.30626864792902,-6.8336859417965519],[115.30626872879363,-6.8336949621188898],[115.30627775369531,-6.8336948812951706],[115.30627791542523,-6.8337129219396671],[115.30630499013068,-6.8337126794668563],[115.30630490926518,-6.8337036591449412],[115.30631393416665,-6.833703578320443],[115.30631409589807,-6.8337216189640522],[115.30629604609442,-6.8337217806133124],[115.30629612695999,-6.8337308009353261],[115.30628710205782,-6.8337308817598119],[115.30628726378892,-6.833748922404042],[115.30629628869143,-6.8337488415793413],[115.30629620782565,-6.8337398212573355],[115.30630523272785,-6.8337397404325735],[115.30630531359381,-6.8337487607544727],[115.30631433849608,-6.8337486799294354],[115.30631425762998,-6.8337396596076445],[115.30633230743389,-6.8337394979572812],[115.30633222656755,-6.8337304776357017],[115.3063232016658,-6.8337305584608607],[115.30632295906796,-6.8337034974957751],[115.30633198396919,-6.8337034166709394],[115.30633190310328,-6.8336943963493271],[115.30634092800423,-6.833694315524431],[115.30634108973646,-6.8337123561674202],[115.30635011463764,-6.8337122753421422],[115.30635019550408,-6.8337212956635138],[115.30634117060275,-6.8337213764888993],[115.30634133233566,-6.8337394171318468],[115.30635035723732,-6.8337393363062446],[115.30635027637065,-6.8337303159848819],[115.30635930127207,-6.8337302351592184],[115.30635897780579,-6.833694153874136],[115.30636800270639,-6.8336940730487354],[115.30636792183995,-6.8336850527275832],[115.30637694674026,-6.8336849719021222],[115.30637678500733,-6.8336669312599847],[115.30638580990724,-6.8336668504345717],[115.30638572904077,-6.8336578301136051],[115.30642182863856,-6.8336575068107006],[115.30642190950569,-6.8336665271312373],[115.30643995930429,-6.8336663654785603],[115.30644004017188,-6.8336753857988777],[115.30646711486942,-6.8336751433182794],[115.30646703400133,-6.8336661229982862],[115.30647605890015,-6.8336660421711919],[115.30647613976839,-6.8336750624910794],[115.30651223936317,-6.8336747391805881],[115.30651232023222,-6.8336837595000404],[115.3065213451308,-6.8336836786718891],[115.30652126426162,-6.8336746583525461],[115.30661151323982,-6.8336738500628709],[115.30661143236901,-6.833664829744599],[115.30662045726605,-6.8336647489148143],[115.3066203763952,-6.8336557285966473],[115.30665647598167,-6.8336554052762581],[115.30665639511024,-6.8336463849584996],[115.30666542000641,-6.8336463041280915],[115.30666533913495,-6.8336372838104698],[115.30668338892661,-6.8336371221493604],[115.30668346979843,-6.8336461424667654],[115.30670151959001,-6.8336459808047696],[115.30670135784582,-6.8336279401703672],[115.3067103827411,-6.8336278593393329],[115.306710301869,-6.8336188390222237],[115.30671932676401,-6.8336187581911298],[115.30671924589187,-6.8336097378741236],[115.30673729568123,-6.8336095762116438],[115.30673689132044,-6.8335644746276296],[115.30674591621413,-6.8335643937966752],[115.30674583534213,-6.8335553734799674],[115.3067548602355,-6.8335552926489536],[115.30675469849153,-6.8335372520157405],[115.30676372338444,-6.8335371711847728],[115.30676348076878,-6.8335101102352427],[115.30676472085827,-6.8335100991284792],[115.3067725056611,-6.8335100294044304],[115.3067721821744,-6.833473948138761],[115.30678120706594,-6.8334738673082116],[115.30678104532288,-6.8334558266755661],[115.30679007021398,-6.8334557458450638],[115.30678966585745,-6.8334106442639122],[115.30679869074761,-6.8334105634337812],[115.30679836726367,-6.8333744821692122],[115.30680739215305,-6.833374401339344],[115.30680698779975,-6.8333292997590753],[115.30681601268817,-6.8333292189295758],[115.30681568920681,-6.8332931376657138],[115.30682471409446,-6.8332930568364789],[115.30682447148409,-6.8332659958888584],[115.3068334963711,-6.8332659150597781],[115.30683333463107,-6.8332478744282241],[115.30684235951767,-6.8332477935991909],[115.30684219777774,-6.8332297529678527],[115.30685122266385,-6.8332296721388657],[115.30685114179387,-6.8332206518232743],[115.30684211690793,-6.833220732652153],[115.30684187429917,-6.8331936717050761],[115.30685089918462,-6.8331935908765198],[115.30685081831508,-6.8331845705609435],[115.30685984320029,-6.8331844897323268],[115.30685919624661,-6.8331123272082532],[115.30685017136275,-6.8331124080360093],[115.30685025223141,-6.8331214283516521],[115.30684122734731,-6.8331215091793487],[115.30684155082236,-6.8331575904422461],[115.30683252593745,-6.8331576712702056],[115.3068326876753,-6.833175711901843],[115.30682366278997,-6.8331757927298487],[115.30682398626629,-6.8332118739935037],[115.30681496138018,-6.8332119548217714],[115.30681528485761,-6.8332480360857888],[115.30680625997067,-6.8332481169143184],[115.30680690692941,-6.8333202794429919],[115.30679788204105,-6.8333203602722152],[115.30679828639296,-6.8333654618530595],[115.30678926150362,-6.8333655426826541],[115.30678934237417,-6.8333745629989151],[115.30678031748459,-6.8333746438284475],[115.30678023661423,-6.833365623512079],[115.30677121172469,-6.8333657043413361],[115.3067712925949,-6.833374724657812],[115.30676350779423,-6.8333747943804672],[115.30676226770507,-6.8333748054870105],[115.30676267205691,-6.833419907069862],[115.30675364716615,-6.8334199878994291],[115.30675372803668,-6.8334290082160942],[115.3067356782545,-6.8334291698749396],[115.30673575912478,-6.8334381901918331],[115.30671770934183,-6.8334383518502211],[115.30671762847184,-6.8334293315331127],[115.30672665336324,-6.8334292507041106],[115.3067265724932,-6.8334202303871221],[115.30671754760201,-6.8334203112160168],[115.3067173049931,-6.8333932502647192],[115.3067082801023,-6.8333933310931236],[115.3067087653201,-6.8334474529963414],[115.30669974042817,-6.8334475338252227],[115.30669982129803,-6.8334565541425212],[115.30669079640582,-6.8334566349713421],[115.3066908772756,-6.8334656552887436],[115.30668185238314,-6.8334657361175042],[115.30668193325286,-6.8334747564350096],[115.30667290836008,-6.8334748372637097],[115.30667298922975,-6.8334838575813013],[115.30666396433674,-6.8334839384099411],[115.30666404520633,-6.8334929587276694],[115.30665502031304,-6.8334930395562496],[115.30665510118259,-6.8335020598740632],[115.30664607628898,-6.8335021407025822],[115.30664615715848,-6.8335111610205015],[115.30658298289914,-6.8335117268161785],[115.30658290203083,-6.8335027064975069],[115.30654680245235,-6.8335030298051942],[115.30654688332,-6.8335120501242974],[115.30653785842492,-6.8335121309509059],[115.30653777755745,-6.8335031106316952],[115.30649265308134,-6.8335035147616807],[115.30649273394795,-6.8335125350814296],[115.30648370905222,-6.8335126159070301],[115.30648362818577,-6.8335035955871746],[115.30647460329011,-6.8335036764124988],[115.30647452242393,-6.8334946560925296],[115.30646549752831,-6.8334947369175785],[115.30646557839432,-6.8335037572376551],[115.30639337922422,-6.8335044038328547],[115.306393460089,-6.8335134241537876],[115.30625808662367,-6.8335146364924011],[115.30625816748604,-6.833523656814946],[115.30623109278953,-6.8335238992784522],[115.3062311736515,-6.833532919601315],[115.30622214875228,-6.8335330004222543],[115.30622222961419,-6.8335420207452202],[115.30619515491537,-6.833542263207355],[115.30619523577688,-6.8335512835306398],[115.30615913617622,-6.8335516068115645],[115.30615921703716,-6.8335606271352756],[115.30613214233503,-6.8335608695945256],[115.3061322231956,-6.8335698899185555],[115.30608709868899,-6.833570294014482],[115.30608717954883,-6.8335793143390458],[115.30607815464701,-6.8335793951578339],[115.30607823550677,-6.8335884154825006],[115.30590676234831,-6.8335899510095883],[115.30590684320501,-6.8335989713362961],[115.30573537000393,-6.8336005068047374],[115.30573520829708,-6.8335824661472255],[115.30572618339099,-6.8335825469594571],[115.3057262642442,-6.8335915672883241],[115.30571723933785,-6.8335916481004952],[115.30571715848481,-6.8335826277715208],[115.30567203395223,-6.8335830318293187],[115.30567195310014,-6.8335740114998043],[115.30561780365848,-6.8335744963629663],[115.30561772280751,-6.8335654760328008],[115.30560869790033,-6.8335655568426326],[115.30560861704963,-6.8335565365123543],[115.3055905672353,-6.8335566981312974],[115.30559064808567,-6.8335657184617906],[115.30544624955277,-6.8335670113908433],[115.30544633040053,-6.8335760317230543],[115.30541925567199,-6.8335762741427839],[115.30541933651938,-6.8335852944753137],[115.30541031160949,-6.8335853752816611],[115.30541039245684,-6.8335943956142939],[115.30538331772595,-6.8335946380326513],[115.3053834794199,-6.8336126786985671],[115.30535640468707,-6.8336129211160577],[115.30535648553369,-6.833621941449306],[115.30533843571094,-6.8336221030603399],[115.30533835486463,-6.8336130827268766],[115.30528420539466,-6.8336135675553002],[115.30528412454946,-6.8336045472211522],[115.30526607472559,-6.833604708829065],[115.30526599388085,-6.8335956884947153],[115.30525696896893,-6.8335957692983129],[115.30525688812448,-6.8335867489638495],[115.30523883830062,-6.8335869105703253],[115.30523875745661,-6.8335778902356417],[115.3052297325447,-6.8335779710385198],[115.30522965170097,-6.8335689507037261],[115.30522062678909,-6.8335690315063271],[115.30522054594563,-6.8335600111714214],[115.30521152103383,-6.8335600919737471],[115.3052112785046,-6.8335330309686793],[115.30520225359322,-6.8335331117705147],[115.30520217275051,-6.8335240914353763],[115.30519314783915,-6.8335241722369355],[115.30519306699675,-6.8335151519016843],[115.30516599226257,-6.8335153943050306],[115.30516591142079,-6.8335063739694526],[115.30515688650935,-6.8335064547701245],[115.30515680566782,-6.8334974344344168],[115.30514778075643,-6.8334975152348134],[115.30514761907402,-6.8334794745632221],[115.30512956925163,-6.8334796361630792],[115.30512948841094,-6.8334706158270526],[115.3051204634997,-6.8334706966266214],[115.3051203826593,-6.8334616762904838],[115.30512940757035,-6.8334615954910216],[115.30512932672988,-6.8334525751550039],[115.30511127690802,-6.8334527367535429],[115.30511103438829,-6.8334256757447518],[115.30507493474526,-6.8334259989385195],[115.30507485390625,-6.8334169786018215],[115.3050658289954,-6.8334170593997356],[115.30506574815664,-6.8334080390629435],[115.30505672324584,-6.8334081198605805],[115.30505664240738,-6.8333990995236427],[115.30504761749664,-6.8333991803210044],[115.30504745582036,-6.8333811396469342],[115.30503843090986,-6.8333812204439139],[115.30503835007205,-6.8333722001067638],[115.30504737498239,-6.8333721193098915],[115.30504729414453,-6.8333630989728453],[115.30503826923436,-6.8333631797696084],[115.30503810755931,-6.8333451390952877],[115.30502908264936,-6.8333452198916689],[115.30502859762778,-6.8332910978679386],[115.30503762253673,-6.8332910170722041],[115.3050375417,-6.8332819967350273],[115.30502851679124,-6.8332820775306553],[115.3050284359548,-6.8332730571933489],[115.30503746086342,-6.833272976397831],[115.3050375417,-6.8332819967350273],[115.30504656660867,-6.8332819159392324],[115.30504624326224,-6.8332458345908638],[115.30505526817011,-6.8332457537953317],[115.30505518733359,-6.8332367334583157],[115.3050461624259,-6.8332368142537403],[115.30504608158968,-6.8332277939166302],[115.30502803177426,-6.8332279555067608],[115.30502819344615,-6.833245996181426],[115.30501916853795,-6.8332460769764536]],[[115.30501046697336,-6.833282239121405],[115.30501949188238,-6.8332821583261136],[115.30501973439183,-6.8333092193383251],[115.30501070948233,-6.8333093001339398],[115.30501046697336,-6.833282239121405]],[[115.30479411162175,-6.8333112391782365],[115.30480313653385,-6.8333111583866568],[115.30480329819927,-6.8333291990666103],[115.3047762234616,-6.8333294414414878],[115.30477614262934,-6.8333204211011918],[115.30476711771672,-6.8333205018923735],[115.30476703688474,-6.8333114815519647],[115.30475801197218,-6.8333115623428711],[115.30475793114047,-6.8333025420023503],[115.30474890622796,-6.8333026227929814],[115.30474882539653,-6.8332936024523319],[115.30473077557154,-6.8332937640328728],[115.30473069474054,-6.8332847436920385],[115.30472166982808,-6.8332848244819484],[115.30472142733626,-6.8332577634590423],[115.30473947716011,-6.8332576018796978],[115.30473955799096,-6.8332666222204557],[115.30474858290287,-6.8332665414304241],[115.30474866373397,-6.8332755617710701],[115.30476671355784,-6.8332754001902858],[115.30476687522109,-6.8332934408711177],[115.30478492504518,-6.8332932792892294],[115.30478500587731,-6.8333022996294481],[115.30479403078935,-6.8333022188381456],[115.30479411162175,-6.8333112391782365]],[[115.30501192204183,-6.8334446051960303],[115.30501176036582,-6.8334265645211403],[115.30500273545402,-6.833426645317985],[115.30500265461636,-6.8334176249804264],[115.30499362970464,-6.8334177057769958],[115.30499330635568,-6.8333816244262868],[115.3049842814445,-6.8333817052222576],[115.30498420060771,-6.8333726848844627],[115.3049751756966,-6.8333727656801573],[115.30497501402368,-6.8333547250043374],[115.3049930638451,-6.8333545634132111],[115.30499290217193,-6.8333365227377882],[115.30500192708216,-6.8333364419421878],[115.30500184624556,-6.8333274216046025],[115.30501989606533,-6.8333272600131112],[115.30502005773928,-6.8333453006878822],[115.30500200791886,-6.8333454622798016],[115.30500216959258,-6.8333635029549837],[115.30501119450318,-6.8333634221588921],[115.30501143701508,-6.8333904831713106],[115.30502046192608,-6.8333904023747278],[115.30502054276377,-6.833399422712084],[115.3050385925858,-6.8333992611182],[115.30503883510053,-6.833426322129597],[115.30504786001187,-6.8334262413320808],[115.3050479408505,-6.8334352616690968],[115.30503891593898,-6.8334353424667214],[115.30503883510053,-6.833426322129597],[115.30502078527751,-6.8334264837241276],[115.30502094695385,-6.8334445243988027],[115.30501192204183,-6.8334446051960303],[115.30501224539519,-6.8334806865457569],[115.3050032204824,-6.8334807673432465],[115.30500338215938,-6.833498808018283],[115.30501240707252,-6.8334987272205767],[115.30501248791136,-6.8335077475580066],[115.30502151282455,-6.8335076667600241],[115.30502167450288,-6.8335257074346201],[115.30501264958933,-6.8335257882328175],[115.30501281126777,-6.8335438289076116],[115.30502183618165,-6.8335437481092001],[115.3050220787006,-6.833570809121035],[115.30501305378621,-6.8335708899197698],[115.30501313462591,-6.8335799102571482],[115.30503118445489,-6.833579748659294],[115.30503126529506,-6.8335887689964521],[115.30501321546573,-6.8335889305945212],[115.30501329630566,-6.8335979509318898],[115.30500427139069,-6.8335980317307801],[115.30500419055092,-6.8335890113933031],[115.30495906597521,-6.8335894153846937],[115.30495882345913,-6.8335623543706232],[115.3049317487139,-6.8335625967624694],[115.30493182955198,-6.8335716171008203],[115.30492280463652,-6.8335716978978756],[115.3049226429608,-6.8335536572209534],[115.30493166787593,-6.8335535764241149],[115.30493158703807,-6.8335445560857568],[115.30494061195292,-6.833544475288857],[115.30494053111499,-6.8335354549506011],[115.30494955602956,-6.8335353741536418],[115.3049492326783,-6.8334992928009886],[115.30494020776439,-6.8334993735975171],[115.30494004608974,-6.8334813329209743],[115.30494907100332,-6.8334812521246606],[115.30494899016601,-6.833472231786482],[115.30495801507928,-6.833472150990108],[115.3049579342419,-6.8334631306520324],[115.30499403389327,-6.8334628074652857],[115.30499395305532,-6.8334537871276524],[115.30500297796773,-6.8334537063306531],[115.30500289712971,-6.8334446859930909],[115.30501192204183,-6.8334446051960303]],[[115.30493053615579,-6.8334272916866921],[115.30494858598102,-6.833427130095524],[115.30494874765466,-6.8334451707719204],[115.30493972274178,-6.8334452515678041],[115.30493980357861,-6.8334542719061204],[115.30490370392529,-6.8334545950884023],[115.30490362308913,-6.8334455747496552],[115.30489459817569,-6.8334456555446987],[115.3048945173398,-6.8334366352058566],[115.3049035422531,-6.8334365544109223],[115.30490346141717,-6.8334275340721833],[115.30488541159086,-6.8334276956616709],[115.30488533075535,-6.8334186753227133],[115.30491240549414,-6.8334184329385534],[115.30491232465826,-6.8334094125999298],[115.30493939939555,-6.8334091702145807],[115.30493948023194,-6.833418190552881],[115.30493045531946,-6.8334182713482727],[115.30493053615579,-6.8334272916866921]],[[115.30462360822968,-6.833421018291582],[115.30460555839693,-6.8334211798704301],[115.30460531590676,-6.833394118843521],[115.30462336573848,-6.8333939572653186],[115.30462360822968,-6.833421018291582]],[[115.30486703842411,-6.8333917758937659],[115.30488508824953,-6.8333916143058131],[115.30488524991998,-6.8334096549837682],[115.3048672000939,-6.8334098165721509],[115.30486703842411,-6.8333917758937659]],[[115.30464133473926,-6.8333847753445633],[115.30463230982383,-6.8333848561339758],[115.3046322289936,-6.8333758357919834],[115.30464125390885,-6.8333757550026775],[115.30464133473926,-6.8333847753445633]],[[115.30465930373906,-6.8333755934235603],[115.304650278824,-6.8333756742132028],[115.30465003633294,-6.8333486131878436],[115.3046410114183,-6.8333486939769941],[115.30464093058832,-6.8333396736350753],[115.30465898041717,-6.8333395120568188],[115.30465906124749,-6.8333485323985235],[115.30466808616193,-6.8333484516090355],[115.30466816699249,-6.8333574719506105],[115.30467719190698,-6.8333573911608481],[115.30467727273783,-6.8333664115023112],[115.30465922290841,-6.8333665730818858],[115.30465930373906,-6.8333755934235603]],[[115.30508460637367,-6.8334980808328778],[115.30509363128581,-6.833498000033658],[115.30509371212615,-6.833507020370118],[115.30508468721385,-6.8335071011694453],[115.30508460637367,-6.8334980808328778]],[[115.30504939596449,-6.8335976277346493],[115.30505842087894,-6.8335975469349188],[115.3050585017198,-6.8336065672717456],[115.30504947680521,-6.8336066480715836],[115.30504939596449,-6.8335976277346493]],[[115.30485117116791,-6.8336354866433684],[115.30485109033057,-6.8336264663040795],[115.30482401557789,-6.8336267086921341],[115.30482385390457,-6.8336086680128982],[115.30484190373913,-6.8336085064214593],[115.30484174206558,-6.8335904657426356],[115.3048327171487,-6.8335905465382236],[115.30483263631223,-6.8335815261986976],[115.30485068614556,-6.8335813646075687],[115.30485076698233,-6.8335903849468798],[115.30486881681558,-6.8335902233548635],[115.30486914016515,-6.8336263047112027],[115.30486011524793,-6.8336263855077242],[115.30486019608543,-6.8336354058469055],[115.30485117116791,-6.8336354866433684],[115.30485125200535,-6.8336445069826528],[115.30484222708758,-6.8336445877790544],[115.30484214625029,-6.8336355674396625],[115.30485117116791,-6.8336354866433684]],[[115.30462506319746,-6.8335833844483433],[115.30462522486275,-6.8336014251323416],[115.30466132454035,-6.8336011019640184],[115.30466156704111,-6.8336281629886928],[115.30467059196076,-6.8336280821958679],[115.30467067279471,-6.8336371025373097],[115.30466164787489,-6.8336371833302412],[115.30466172870879,-6.833646203671786],[115.30464367886852,-6.8336463652573602],[115.30464343636812,-6.8336193042320836],[115.30463441144833,-6.8336193850242966],[115.30463465394823,-6.8336464460498956],[115.30462562902784,-6.8336465268422621],[115.30462546736146,-6.8336284861583074],[115.30460741752098,-6.8336286477421071],[115.30460749835376,-6.8336376680843003],[115.30458944851252,-6.8336378296676425],[115.30458952934507,-6.8336468500100489],[115.30458050442411,-6.8336469308015744],[115.30458042359174,-6.8336379104590614],[115.30455334882868,-6.8336381528323091],[115.30455326799691,-6.8336291324894685],[115.3045352181547,-6.833629294070577],[115.30453513732334,-6.8336202737275338],[115.30456221208603,-6.8336200313559399],[115.30456205042266,-6.8336019906704362],[115.30458010026324,-6.8336018290889644],[115.30458001943137,-6.8335928087464293],[115.30458904435133,-6.8335927279555486],[115.30458912518336,-6.8336017482979754],[115.30460717502325,-6.8336015867154956],[115.30460701335866,-6.8335835460310657],[115.30462506319746,-6.8335833844483433],[115.30462498236498,-6.8335743641063385],[115.30463400728406,-6.8335742833148325],[115.30463408811669,-6.8335833036567308],[115.30462506319746,-6.8335833844483433]],[[115.30430073182025,-6.8336494352555022],[115.30429170689578,-6.8336495160416462],[115.30429154524185,-6.833631475349728],[115.30430057016598,-6.8336313945637963],[115.30430073182025,-6.8336494352555022]],[[115.30450790089836,-6.8336024754108173],[115.30448082613474,-6.8336027177787386],[115.30448066447482,-6.833584677091296],[115.30449871431668,-6.8335845155132811],[115.30449879514691,-6.8335935358567887],[115.30450782006787,-6.8335934550674216],[115.30450790089836,-6.8336024754108173]],[[115.30457083284827,-6.8335748488518435],[115.30456180792847,-6.8335749296421726],[115.30456172709727,-6.8335659092994092],[115.30457075201691,-6.8335658285091876],[115.30457083284827,-6.8335748488518435]],[[115.30448050281537,-6.8335666364038365],[115.30447147789462,-6.8335667171923777],[115.30447139706523,-6.8335576968485325],[115.30448042198583,-6.8335576160601006],[115.30448050281537,-6.8335666364038365]],[[115.30466108204058,-6.8335740409393066],[115.30467010695922,-6.8335739601471275],[115.30467018779254,-6.8335829804885941],[115.30466116287374,-6.8335830612808817],[115.30466108204058,-6.8335740409393066]],[[115.30494101614416,-6.8335895769800716],[115.30495004105974,-6.8335894961824666],[115.30495012189849,-6.8335985165205901],[115.30494109698272,-6.8335985973183027],[115.30494101614416,-6.8335895769800716]],[[115.30615978306692,-6.8336237694011297],[115.30617783287015,-6.8336236077592813],[115.30617775200811,-6.8336145874358163],[115.3061867769094,-6.8336145066147482],[115.30618685777161,-6.8336235269381049],[115.30621393247532,-6.8336232844735676],[115.30621385161258,-6.8336142641505324],[115.30622287651344,-6.8336141833287911],[115.30622279565065,-6.8336051630058758],[115.30624084545171,-6.8336050013621064],[115.30624108804139,-6.8336320623302234],[115.30625011294224,-6.8336319815077626],[115.30625019380587,-6.8336410018303591],[115.3062321440037,-6.8336411634753276],[115.30623222486709,-6.8336501837981167],[115.30621417506416,-6.8336503454426278],[115.3062140942011,-6.8336413251196237],[115.30615091988857,-6.833641890869365],[115.30615083902681,-6.8336328705455855],[115.30615986392876,-6.8336327897248053],[115.30615978306692,-6.8336237694011297]],[[115.30632206955093,-6.833604273956813],[115.30630401975185,-6.8336044356036103],[115.3063038580236,-6.8335863949596556],[115.30633093272104,-6.833586152489854],[115.30633101358562,-6.8335951728115019],[115.30634003848469,-6.8335950919877915],[115.30634020021455,-6.833613132630858],[115.30632215041557,-6.8336132942785435],[115.30632206955093,-6.833604273956813]],[[115.30639402614553,-6.8335765664001995],[115.30643915063439,-6.8335761622751532],[115.306439069768,-6.8335671419547888],[115.30645711956245,-6.833566980303809],[115.30645720042918,-6.8335760006239576],[115.30644817553187,-6.8335760814496398],[115.30644825639851,-6.8335851017698932],[115.30643923150089,-6.8335851825955141],[115.30643947410103,-6.8336122435565683],[115.30641239940603,-6.8336124860333927],[115.30641231853971,-6.8336034657127387],[115.30640329364132,-6.833603546537903],[115.30640321277529,-6.8335945262171034],[115.30639418787696,-6.8335946070419915],[115.30639402614553,-6.8335765664001995],[115.30637597634922,-6.8335767280490405],[115.30637589548402,-6.833567707727922],[115.30636687058586,-6.8335677885519823],[115.30636678972093,-6.8335587682307528],[115.30640288931222,-6.8335584449339306],[115.30640297017783,-6.8335674652547302],[115.30639394527998,-6.833567546079296],[115.30639402614553,-6.8335765664001995]],[[115.30643004487064,-6.8335672227800259],[115.30641199507552,-6.8335673844299984],[115.30641183334409,-6.8335493437886088],[115.30642085824135,-6.8335492629639232],[115.30642093910718,-6.8335582832845114],[115.30642996400452,-6.8335582024595496],[115.30643004487064,-6.8335672227800259]],[[115.30630377715961,-6.8335773746376809],[115.30628572736111,-6.8335775362831592],[115.3062856464976,-6.8335685159609652],[115.30630369629574,-6.8335683543157018],[115.30630377715961,-6.8335773746376809]],[[115.30639459220741,-6.8336397086463982],[115.3064036171066,-6.833639627820971],[115.30640369797318,-6.8336486481417156],[115.30639467307384,-6.8336487289672503],[115.30639459220741,-6.8336397086463982]],[[115.30636759837518,-6.8336489714428446],[115.30635857347541,-6.8336490522677051],[115.30635849260966,-6.8336400319464232],[115.30636751750926,-6.8336399511216692],[115.30636759837518,-6.8336489714428446]],[[115.30491450726556,-6.8336529617416595],[115.30490548234837,-6.8336530425393462],[115.30490540150981,-6.8336440222007111],[115.30491442642683,-6.8336439414031318],[115.30491450726556,-6.8336529617416595]],[[115.30503175033824,-6.8336428910193092],[115.30501370050692,-6.8336430526186716],[115.30501361966643,-6.8336340322813234],[115.30503166949742,-6.8336338706821778],[115.30503175033824,-6.8336428910193092]],[[115.30467864687915,-6.8335197573065312],[115.30466962196165,-6.8335198380982325],[115.3046695411291,-6.833510817756733],[115.30467856604645,-6.8335107369651409],[115.30467864687915,-6.8335197573065312]],[[115.30451611751755,-6.8335121911880954],[115.30450709259824,-6.8335122719766623],[115.30450701176882,-6.8335032516332062],[115.30451603668797,-6.8335031708447467],[115.30451611751755,-6.8335121911880954]],[[115.30474165963101,-6.8335011510786243],[115.3047506845473,-6.8335010702857932],[115.30475076538126,-6.8335100906263433],[115.3047597902976,-6.8335100098332369],[115.30475970946347,-6.8335009894927943],[115.30476873437956,-6.8335009086996283],[115.30476881521388,-6.8335099290399626],[115.30477784012999,-6.8335098482465204],[115.30477792096455,-6.8335188685867267],[115.30474182129868,-6.8335191917599181],[115.30474165963101,-6.8335011510786243]],[[115.30457018620052,-6.8335026861104602],[115.30456116128202,-6.8335027668999286],[115.30456108045172,-6.8334937465571475],[115.30457010537003,-6.8334936657677874],[115.30457018620052,-6.8335026861104602]],[[115.30462247661254,-6.8332947335020044],[115.30462255744163,-6.8333037538441612],[115.30463158235564,-6.8333036730558838],[115.30463166318501,-6.8333126933979109],[115.30460458844212,-6.833312935762561],[115.30460442678449,-6.8332948950778389],[115.30459540187032,-6.8332949758655044],[115.30459532104183,-6.8332859555230545],[115.30457727121349,-6.8332861170976651],[115.30457719038547,-6.8332770967549799],[115.30458621529952,-6.833277015967866],[115.30458613447145,-6.8332679956252829],[115.30460418429891,-6.8332678340507655],[115.30460426512734,-6.8332768543931337],[115.3046403647816,-6.8332765312416521],[115.30464052644012,-6.8332945719254967],[115.30462247661254,-6.8332947335020044]],[[115.30459507855709,-6.8332588944956285],[115.30458605364346,-6.8332589752826953],[115.30458597281559,-6.8332499549401202],[115.30459499772904,-6.8332498741531609],[115.30459507855709,-6.8332588944956285]],[[115.30470329668191,-6.8332489046965392],[115.30465817212014,-6.8332493086397408],[115.30465809129103,-6.833240288297989],[115.30463101655315,-6.8332405306615689],[115.30463085489629,-6.8332224899774401],[115.30461280507116,-6.8332226515518899],[115.3046128858992,-6.833231671894171],[115.30459483607329,-6.8332318334681643],[115.30459475524559,-6.8332228131256656],[115.30460378015844,-6.8332227323388608],[115.30460361850301,-6.8332046916540863],[115.30458556867789,-6.8332048532270964],[115.30458524536971,-6.8331687718565837],[115.30460329519347,-6.8331686102844351],[115.30460337602071,-6.8331776306268504],[115.30461240093257,-6.8331775498404159],[115.30461248176006,-6.8331865701827192],[115.30463053158385,-6.833186408609131],[115.3046306124118,-6.8331954289512149],[115.30464866223549,-6.8331952673767402],[115.30464882389236,-6.833213308060464],[115.30467589862808,-6.8332130656968424],[115.3046759794572,-6.8332220860383757],[115.30468500436905,-6.8332220052500583],[115.30468508519841,-6.8332310255914797],[115.30469411011033,-6.8332309448028861],[115.30469419094001,-6.8332399651441946],[115.30470321585197,-6.8332398843553257],[115.30470329668191,-6.8332489046965392]],[[115.30457678624698,-6.8332319950414826],[115.30456776133364,-6.8332320758278904],[115.30456768050644,-6.833223055485071],[115.30457670541961,-6.8332229746987707],[115.30457678624698,-6.8332319950414826]],[[115.30456735719872,-6.8331869741137483],[115.30454930737341,-6.833187135684982],[115.30454914572088,-6.8331690949988655],[115.30455817063326,-6.8331690142135466],[115.30455825145962,-6.833178034556501],[115.30456727637205,-6.8331779537709068],[115.30456735719872,-6.8331869741137483]],[[115.30452215180881,-6.8331783576971938],[115.30451312689584,-6.8331784384819469],[115.3045130460703,-6.8331694181384552],[115.30452207098311,-6.8331693373538096],[115.30452215180881,-6.8331783576971938]],[[115.30454906489476,-6.8331600746557992],[115.30453101507005,-6.8331602362257158],[115.30453085341885,-6.8331421955391409],[115.30455792815476,-6.8331419531846613],[115.30455800898082,-6.8331509735276272],[115.30454898406877,-6.8331510543127294],[115.30454906489476,-6.8331600746557992]],[[115.30419555768306,-6.8329918385490709],[115.30420458259633,-6.8329917577724615],[115.30420466341397,-6.8330007781197155],[115.30419563850053,-6.8330008588964315],[115.30419571931812,-6.8330098792437548],[115.30418669440441,-6.8330099600204113],[115.30418661358701,-6.8330009396729814],[115.3041505139317,-6.8330012627774952],[115.30415043311508,-6.8329922424295964],[115.30415945802892,-6.8329921616538263],[115.30415937721222,-6.8329831413060473],[115.30416840212577,-6.8329830605302186],[115.30416848294261,-6.8329920808778901],[115.30418653276969,-6.8329919193255115],[115.3041864519525,-6.832982898978055],[115.3041954768657,-6.8329828182017218],[115.30419555768306,-6.8329918385490709]],[[115.30427662026092,-6.8329730708607697],[115.3042585704367,-6.8329732324160792],[115.30425848961838,-6.8329642120694754],[115.30427653944227,-6.8329640505143798],[115.30427662026092,-6.8329730708607697]],[[115.30428556435403,-6.8329639697365803],[115.30429458926572,-6.8329638889586137],[115.30429467008472,-6.832972909304786],[115.30428564517287,-6.8329729900828626],[115.30428556435403,-6.8329639697365803]],[[115.30458985267641,-6.833682931379629],[115.30460790251936,-6.8336827697952112],[115.3046079833528,-6.8336917901373804],[115.30458993350952,-6.833691951722014],[115.30458985267641,-6.833682931379629]],[[115.30461725077576,-6.8337187703709699],[115.30462627569766,-6.8337186895779096],[115.30462635653186,-6.8337277099198461],[115.30463538145378,-6.8337276291265105],[115.30463546228829,-6.8337366494683343],[115.30461741244399,-6.8337368110550543],[115.30461725077576,-6.8337187703709699]],[[115.30442974818708,-6.8339459755926946],[115.3044477980437,-6.8339458140080866],[115.30444795971098,-6.8339638546960444],[115.30442990985368,-6.8339640162810822],[115.30442974818708,-6.8339459755926946]],[[115.30497784336302,-6.8336704368286814],[115.30498686827967,-6.8336703560294358],[115.30498694912005,-6.8336793763670887],[115.30499597403679,-6.8336792955675651],[115.30499613571826,-6.8336973362426434],[115.30498711080119,-6.833697417042381],[115.30498702996057,-6.833688396704737],[115.30497800504358,-6.8336884775041984],[115.30497784336302,-6.8336704368286814]],[[115.30567284247915,-6.8336732351242366],[115.30568186738756,-6.8336731543119367],[115.3056820290946,-6.8336911949706538],[115.30565495436802,-6.833691437407694],[115.30565487351495,-6.8336824170780153],[115.30567292333244,-6.8336822554537058],[115.30567284247915,-6.8336732351242366]],[[115.30488775586764,-6.8336892854895703],[115.30487873094945,-6.8336893662871834],[115.30487856927257,-6.8336713256092985],[115.30488759419042,-6.8336712448119004],[115.30488775586764,-6.8336892854895703]],[[115.3049601168896,-6.8337066797785306],[115.3049871916419,-6.8337064373800045],[115.3049873533237,-6.8337244780552879],[115.30496930348825,-6.8337246396549052],[115.30496922264764,-6.8337156193170587],[115.30496019772994,-6.8337157001165068],[115.3049601168896,-6.8337066797785306]],[[115.30492417889776,-6.833725043651004],[115.30493320381606,-6.8337249628521208],[115.30493328465613,-6.8337339831903936],[115.30492425973763,-6.8337340639893842],[115.30492417889776,-6.833725043651004]],[[115.30488824090189,-6.8337434075224754],[115.30490629073998,-6.8337432459254543],[115.30490637157973,-6.8337522662640415],[115.30488832174132,-6.8337524278612776],[115.30488824090189,-6.8337434075224754]],[[115.30478912845992,-6.8337623369740372],[115.30481620322148,-6.8337620945831565],[115.30481628405978,-6.8337711149228113],[115.30480725913918,-6.8337711957200469],[115.3048073399774,-6.8337802160598056],[115.3047892901356,-6.8337803776539889],[115.30478912845992,-6.8337623369740372]],[[115.30560112832124,-6.833728003598492],[115.30561917814173,-6.8337278419751222],[115.30561925899465,-6.8337368623052113],[115.30560120917384,-6.8337370239287951],[115.30560112832124,-6.833728003598492]],[[115.30509646076284,-6.8338137118066262],[115.30511451059861,-6.8338135502001487],[115.3051146722877,-6.8338315908722977],[115.30509662245129,-6.833831752479206],[115.30509646076284,-6.8338137118066262]],[[115.30512377805064,-6.8338405304045535],[115.30514182788676,-6.8338403687964213],[115.30514215126874,-6.8338764501393605],[115.3051241014313,-6.8338766117483534],[115.30512402058596,-6.8338675914123925],[115.30511499566727,-6.8338676722165292],[115.3051149148222,-6.8338586518804911],[115.30513296465919,-6.8338584902722657],[115.30513288381393,-6.8338494699364203],[115.30512385889564,-6.8338495507405099],[115.30512377805064,-6.8338405304045535]],[[115.30675388977807,-6.8334470488494112],[115.30674486488668,-6.8334471296791337],[115.30674478401612,-6.8334381093623868],[115.3067538089073,-6.8334380285327718],[115.30675388977807,-6.8334470488494112]],[[115.30564504008309,-6.8335922945918144],[115.30563601517572,-6.833592375402473],[115.30563593432421,-6.8335833550725313],[115.30564495923137,-6.8335832742619793],[115.30564504008309,-6.8335922945918144]]],[[[115.30703508436613,-6.8325965527488286],[115.30702605949408,-6.8325966335738073],[115.30702614035988,-6.832605653887545],[115.30701711548753,-6.8326057347124642],[115.30701719635326,-6.8326147550262712],[115.30702622122577,-6.8326146742012437],[115.30702630209177,-6.8326236945149565],[115.30703532696437,-6.8326236136896537],[115.30703508436613,-6.8325965527488286]]],[[[115.30643936172044,-6.8325928665161975],[115.3064303368413,-6.8325929473299762],[115.30643041769589,-6.8326019676508061],[115.30642139281649,-6.8326020484645236],[115.30642147367102,-6.8326110687854751],[115.30643952343003,-6.8326109071576582],[115.30643968514009,-6.8326289477990665],[115.3064306602603,-6.8326290286132751],[115.30643074111532,-6.832638048934089],[115.30641269135508,-6.8326382105622168],[115.30641277220988,-6.8326472308832429],[115.30640374732944,-6.832647311697162],[115.30640390903902,-6.8326653523394141],[115.30641293391979,-6.8326652715252791],[115.30641285306477,-6.832656251204245],[115.3064218779453,-6.8326561703900506],[115.3064219588005,-6.8326651907109763],[115.30643098368104,-6.8326651098965048],[115.30643114539207,-6.8326831505380934],[115.30642212051119,-6.8326832313527808],[115.30642228222233,-6.8327012719945506],[115.30643130710355,-6.8327011911796491],[115.30643146881545,-6.8327192318212218],[115.30644049369694,-6.8327191510059366],[115.30644000856151,-6.8326650290818662],[115.30644903344187,-6.8326649482670598],[115.30644879087512,-6.8326378873052889],[115.30645781575485,-6.832637806490637],[115.30645773489934,-6.8326287861701465],[115.30646675977879,-6.8326287053554333],[115.30646659806773,-6.8326106647146698],[115.30645757318858,-6.8326107455291671],[115.30645749233339,-6.8326017252086464],[115.30643944257517,-6.8326018868369216],[115.30643936172044,-6.8325928665161975]]],[[[115.30757657649033,-6.8325917029424357],[115.30757649561437,-6.8325826826352802],[115.30756747074901,-6.8325827634702367],[115.30756755162479,-6.8325917837774996],[115.30757657649033,-6.8325917029424357]]],[[[115.3037498621057,-6.8326079212303723],[115.30374994291023,-6.8326169415831748],[115.30375896782178,-6.8326168608193214],[115.30375888701708,-6.8326078404666264],[115.3037498621057,-6.8326079212303723]]],[[[115.30703508436613,-6.8325965527488286],[115.30704410923811,-6.8325964719236811],[115.30704402837209,-6.8325874516101717],[115.30705305324376,-6.8325873707849629],[115.30705297237768,-6.8325783504715565],[115.30704394750619,-6.8325784312966578],[115.30704386664037,-6.8325694109831394],[115.30702581689735,-6.8325695726326208],[115.3070259786284,-6.8325876132600838],[115.3070350035003,-6.8325875324352117],[115.30703508436613,-6.8325965527488286]]],[[[115.30714314021915,-6.8325685218989731],[115.30713411534892,-6.8325686027256465],[115.3071343579517,-6.8325956636629579],[115.30712533308082,-6.8325957444897876],[115.30712541394846,-6.8326047648023396],[115.30711638907732,-6.8326048456291071],[115.30711646994492,-6.832613865941731],[115.3071074450735,-6.8326139467684373],[115.30710760680867,-6.8326319873939187],[115.30709858193678,-6.8326320682206747],[115.30709866280436,-6.8326410885335154],[115.30708963793222,-6.8326411693602118],[115.30708979966737,-6.8326592099860965],[115.30709882453985,-6.8326591291591869],[115.30709890540777,-6.8326681494720161],[115.3070898805351,-6.8326682302990331],[115.30708996140295,-6.8326772506119644],[115.30709898627576,-6.8326771697848399],[115.30709906714388,-6.8326861900976601],[115.30710809201678,-6.8326861092702584],[115.30710784941223,-6.8326590483321077],[115.30711687428447,-6.8326589675048623],[115.30711679341636,-6.8326499471922277],[115.30712581828833,-6.8326498663649202],[115.30712573742014,-6.8326408460524242],[115.30713476229185,-6.8326407652250563],[115.30713460055549,-6.8326227246002293],[115.30715265029791,-6.8326225629454225],[115.30715248856127,-6.8326045223210263],[115.30716151343195,-6.8326044414935847],[115.30716135169543,-6.8325864008693529],[115.30717037656569,-6.832586320041961],[115.30717029569742,-6.8325772997299543],[115.30715224595714,-6.8325774613843571],[115.30715232682509,-6.8325864816965796],[115.30714330195458,-6.8325865625236357],[115.30714314021915,-6.8325685218989731]]],[[[115.30770276283953,-6.8325725306225706],[115.30770268196143,-6.8325635103169136],[115.30769365709796,-6.8325635911540097],[115.30769373797587,-6.8325726114597733],[115.30770276283953,-6.8325725306225706]]],[[[115.31136231832748,-6.8340462423555106],[115.31136226303634,-6.8340400823503256],[115.31135649500015,-6.8340378849998844],[115.31135649500015,-6.8339486549999702],[115.31139218700014,-6.8338534769998143],[115.31142192900008,-6.8336988119999633],[115.31145762300001,-6.8335976849999733],[115.31151710700009,-6.8335263009999476],[115.31160038900009,-6.8334846629999282],[115.31170127100006,-6.8334569199999429],[115.31184114800023,-6.8332011759999256],[115.31188808800006,-6.8330631549998788],[115.31185450300018,-6.833014806999878],[115.31185356962945,-6.8330134452751796],[115.31184042967375,-6.8330135630931954],[115.31184059159587,-6.8330316036053373],[115.31183156677305,-6.833031684525456],[115.31183164773412,-6.8330407047816282],[115.31181359808784,-6.8330408666215767],[115.3118134361665,-6.8330228261087784],[115.31182246098938,-6.8330227451891039],[115.3118223800287,-6.8330137249328322],[115.31180433038321,-6.8330138867717976],[115.31180441134354,-6.8330229070282851],[115.31179538652044,-6.8330229879476239],[115.31179522460023,-6.8330049474344108],[115.31178619977737,-6.8330050283533641],[115.31178595689836,-6.8329779675831821],[115.31179498172071,-6.8329778866645503],[115.31179481980161,-6.8329598461512608],[115.3118038446235,-6.8329597652326779],[115.31180376366393,-6.8329507449761424],[115.31181055108881,-6.8329506841185337],[115.31164996600023,-6.8327164009999706],[115.31164062900008,-6.8327027799999778],[115.31146708100005,-6.8325594949999342],[115.31127647836065,-6.8325269229277064],[115.31127684308392,-6.832567566665948],[115.31125879344209,-6.8325677284739612],[115.31125895533175,-6.8325857690003176],[115.31126798015306,-6.8325856880961791],[115.31126806109823,-6.8325947083592506],[115.31127708591957,-6.8325946274548359],[115.31127724781054,-6.8326126679807357],[115.31128627263213,-6.8326125870759382],[115.31128635357796,-6.8326216073387975],[115.31129537839961,-6.8326215264337229],[115.31129545934571,-6.8326305466964561],[115.31130448416738,-6.8326304657911052],[115.31130472700686,-6.8326575265789344],[115.31129570218468,-6.8326576074846077],[115.31129578313119,-6.8326666277473382],[115.31128675830874,-6.832666708652952],[115.31128683925523,-6.8326757289157696],[115.31126878960957,-6.8326758907267058],[115.31126870866343,-6.8326668704636724],[115.3112506590177,-6.8326670322737222],[115.31125073996351,-6.8326760525369696],[115.3112597647866,-6.8326759716319225],[115.31125984573269,-6.832684991895059],[115.31125082090944,-6.8326850728002153],[115.31125090185544,-6.8326940930634557],[115.31124187703195,-6.8326941739685507],[115.31124211987017,-6.8327212347585684],[115.31123309504601,-6.8327213156638198],[115.31123317599214,-6.8327303359272742],[115.31122415116772,-6.8327304168324661],[115.31122431305997,-6.8327484573595276],[115.31121528823509,-6.8327485382647657],[115.3112153691812,-6.8327575585284075],[115.31120634435607,-6.832757639433586],[115.31120642530213,-6.83276665969733],[115.31119740047671,-6.8327667406024482],[115.31119748142272,-6.832775760866312],[115.31118845659701,-6.8327758417713698],[115.311188618489,-6.832793882299252],[115.31115251918378,-6.8327942059186624],[115.31115243823838,-6.8327851856542843],[115.31114341341195,-6.8327852665586084],[115.31114333246686,-6.8327762462941344],[115.3111343076405,-6.8327763271981832],[115.31113438858544,-6.8327853474627647],[115.31111633893205,-6.8327855092705736],[115.31111625798745,-6.8327764890057772],[115.31110723316077,-6.8327765699093215],[115.31110690938414,-6.8327404888495762],[115.31109788455802,-6.832740569752521],[115.3110978036143,-6.8327315494874865],[115.31107975396208,-6.8327317112926567],[115.3110796730188,-6.8327226910273691],[115.31107064819267,-6.8327227719295944],[115.3110705672497,-6.8327137516642127],[115.31105251759745,-6.8327139134679431],[115.3110524366549,-6.8327048932023402],[115.31101633734983,-6.8327052168073541],[115.31101641829171,-6.8327142370733878],[115.31100739346498,-6.8327143179743288],[115.31100747440679,-6.8327233382404655],[115.31099844957983,-6.8327234191413462],[115.31099853052159,-6.8327324394076037],[115.31098950569432,-6.8327325203084239],[115.31098966757781,-6.8327505608410917],[115.31098064275008,-6.832750641741959],[115.31098072369184,-6.832759662008403],[115.31097169886387,-6.83275974290921],[115.31097177980554,-6.8327687631757579],[115.31096275497728,-6.8327688440765044],[115.31096299780251,-6.8327959048764413],[115.31094494814461,-6.8327960666780783],[115.31094502908624,-6.8328050869449308],[115.31093600425697,-6.8328051678456054],[115.31093608519852,-6.8328141881125628],[115.31091803553933,-6.8328143499136216],[115.31091811648068,-6.8328233701807717],[115.31090006682071,-6.8328235319813739],[115.31089998587971,-6.832814511714008],[115.31089096104969,-6.832814592613949],[115.31089088010899,-6.8328055723464542],[115.31088185527906,-6.832805653246119],[115.31088193621963,-6.8328146735137221],[115.31086388655909,-6.8328148353127647],[115.31086396749942,-6.8328238555805623],[115.31085494266884,-6.8328239364799384],[115.31085486172869,-6.8328149162120324],[115.31083681206752,-6.832815078010066],[115.31083673112779,-6.8328060577419247],[115.31081868146651,-6.8328062195390702],[115.31081876240589,-6.8328152398074282],[115.31080973757493,-6.8328153207058557],[115.31080981851424,-6.8328243409742999],[115.31079176885164,-6.8328245027708672],[115.31079201166925,-6.8328515635768889],[115.3108010365011,-6.8328514826783655],[115.31080136026009,-6.8328875637525455],[115.31079233542758,-6.8328876446514988],[115.31079274012795,-6.8329327459946647],[115.31078371529448,-6.8329328268939902],[115.31078395811552,-6.8329598877001612],[115.31080200778337,-6.8329597259006967],[115.31080192684257,-6.832950705632193],[115.31081997650968,-6.8329505438322711],[115.31082021933338,-6.8329776046371231],[115.31082924416728,-6.8329775237365862],[115.31082964887648,-6.8330226250773807],[115.31080257437196,-6.8330228677801035],[115.3108028981393,-6.833058948853953],[115.31079387330355,-6.8330590297549563],[115.3107939542455,-6.8330680500235141],[115.31078492940949,-6.833068130924457],[115.31078501035138,-6.8330771511931037],[115.31077598551508,-6.8330772320939852],[115.31077622834087,-6.8331042929002876],[115.31076720350399,-6.8331043738013255],[115.31076728444594,-6.8331133940701871],[115.31075825960878,-6.8331134749711628],[115.31075850243487,-6.8331405357780453],[115.31074947759706,-6.8331406166791773],[115.31074963948134,-6.8331586572172913],[115.31075866431948,-6.8331585763159453],[115.31075890714719,-6.8331856371227619],[115.31076793198571,-6.8331855562209229],[115.31076801292869,-6.8331945764897624],[115.31077703776725,-6.833194495587648],[115.31077711871048,-6.8332035158563418],[115.31079516838766,-6.8332033540513928],[115.31079541121905,-6.8332304148568515],[115.31078638638002,-6.8332304957597332],[115.31078662921189,-6.8332575565654761],[115.31077760437222,-6.8332576374685132],[115.31077784720455,-6.8332846982745243],[115.31076882236431,-6.833284779177716],[115.31076890330849,-6.8332937994465075],[115.31074182878653,-6.8332940421553987],[115.31074199067419,-6.833312082693582],[115.31075101551528,-6.8333120017905715],[115.3107511774037,-6.8333300423285213],[115.31076020224501,-6.8333299614251271],[115.31076036413423,-6.833348001962845],[115.31075133929257,-6.8333480828664559],[115.31075125834808,-6.8333390625974921],[115.31073320866477,-6.8333392244039919],[115.31073328960892,-6.8333482446731724],[115.31069719024033,-6.8333485682845874],[115.31069743307141,-6.8333756290933962],[115.31067938338545,-6.8333757908987405],[115.31067946432901,-6.8333848111685507],[115.31065238979875,-6.8333850538756318],[115.31065247074193,-6.8333940741457599],[115.31064344589812,-6.833394155047892],[115.31064368872782,-6.833421215858575],[115.31063466388341,-6.8334212967608616],[115.31063474482666,-6.8334303170311887],[115.31060767029224,-6.8334305597373657],[115.31060742746425,-6.8334034989254189],[115.31058937777507,-6.8334036607280488],[115.31058929683296,-6.8333946404571533],[115.3105802719884,-6.8333947213581085],[115.31057970539784,-6.8333315794610838],[115.31058873024122,-6.8333314985608826],[115.31058881118257,-6.8333405188317915],[115.3106068608694,-6.8333403570306697],[115.31060669898613,-6.8333223164892791],[115.31059767414308,-6.8333223973897086],[115.31059759320179,-6.8333133771188992],[115.31058856835885,-6.8333134580190524],[115.3105886493,-6.8333224782899693],[115.31057962445678,-6.8333225591900622],[115.3105793816342,-6.833295498376974],[115.31057035679136,-6.8332955792765757],[115.31057027585089,-6.8332865590054128],[115.31056125100814,-6.8332866399047383],[115.31056133194842,-6.8332956601760086],[115.31055230710537,-6.8332957410752746],[115.31055246898596,-6.8333137816179841],[115.31056149382934,-6.8333137007185041],[115.31056165571069,-6.83333174126098],[115.31055263086698,-6.8333318221606767],[115.31055271180765,-6.8333408424320172],[115.31053466211952,-6.8333410042311211],[115.31053450023896,-6.8333229636880057],[115.31054352508275,-6.8333228827887531],[115.31054344414244,-6.833313862517298],[115.31053441929886,-6.8333139434164414],[115.31053425741894,-6.8332959028733002],[115.3105432822622,-6.8332958219743718],[115.31054320132223,-6.8332868017028847],[115.31051612679259,-6.8332870443988458],[115.31051636961129,-6.8333141052142263],[115.3104983199233,-6.8333142670113389],[115.31049840086274,-6.8333232872833349],[115.31051645055108,-6.8333231254860065],[115.31051661243097,-6.8333411660295527],[115.31050758758653,-6.8333412469285166],[115.31050766852648,-6.833350267200391],[115.31049864368177,-6.8333503480992945],[115.31049872462164,-6.8333593683712879],[115.31048969977665,-6.8333594492701328],[115.31048945695782,-6.8333323884538446],[115.31048043211321,-6.8333324693521975],[115.31048035117399,-6.8333234490799901],[115.31045327664005,-6.833323691773713],[115.31045335757875,-6.8333327120462428],[115.31044433273372,-6.8333327929439216],[115.31044441367239,-6.8333418132165544],[115.31045343851758,-6.8333417323187682],[115.31045351945652,-6.8333507525912882],[115.3104625443018,-6.8333506716932257],[115.31046262524102,-6.8333596919656516],[115.31047165008633,-6.8333596110673129],[115.31047173102581,-6.8333686313395932],[115.31046270618033,-6.8333687122380402],[115.31046286805929,-6.833386752782836],[115.3104448183673,-6.8333869145796555],[115.31044498024603,-6.833404955124883],[115.31043595539954,-6.8334050360232563],[115.3104360363389,-6.8334140562959451],[115.31042701149214,-6.8334141371942581],[115.31042693055295,-6.8334051169214609],[115.31041790570625,-6.8334051978194967],[115.31041782476731,-6.8333961775465548],[115.31042684961386,-6.8333960966486247],[115.31042660679725,-6.8333690358301444],[115.31044465648901,-6.8333688740344281],[115.31044457555002,-6.8333598537618245],[115.31041750101275,-6.8333600964548227],[115.31041758195123,-6.8333691167277504],[115.31037245771937,-6.8333695212132577],[115.31037237678173,-6.8333605009397926],[115.31036335193521,-6.8333605818362821],[115.3103631900606,-6.8333425412890714],[115.31038123975286,-6.8333423794963561],[115.31038140162816,-6.8333604200431344],[115.31039945132066,-6.8333602582493151],[115.3103992894447,-6.8333422177029677],[115.31039026459887,-6.8333422985997458],[115.31039010272366,-6.8333242580531817],[115.31040815241458,-6.8333240962598891],[115.31040807147681,-6.8333150759868166],[115.31043514601193,-6.8333148332959386],[115.31043506507376,-6.8333058130231841],[115.31044408991841,-6.8333057321259965],[115.31044376616617,-6.8332696510353692],[115.31045279101004,-6.8332695701384445],[115.31045295288628,-6.8332876106835334],[115.31046197773036,-6.8332875297862259],[115.31046189679203,-6.8332785095137991],[115.31047092163584,-6.8332784286164303],[115.31047051694495,-6.8332333272546864],[115.31048856663057,-6.8332331654605225],[115.31048783819082,-6.8331519830110681],[115.31047881334956,-6.8331520639072654],[115.31047865147562,-6.8331340233626578],[115.31048767631653,-6.8331339424666764],[115.31048735256927,-6.8330978613778761],[115.31049637740938,-6.8330977804821593],[115.31049629647266,-6.8330887602100558],[115.31048727163272,-6.8330888411056661],[115.31048710975995,-6.8330708005612308],[115.31049613459955,-6.8330707196658365],[115.31049605366316,-6.8330616993937197],[115.31050507850252,-6.8330616184982649],[115.31050499756607,-6.833052598226252],[115.3104959727269,-6.8330526791215993],[115.31049589179074,-6.8330436588494736],[115.31047784211239,-6.8330438206394488],[115.31047792304821,-6.8330528409117886],[115.31046889820874,-6.8330529218066314],[115.31046897914452,-6.833061942079075],[115.31045995430473,-6.8330620229738583],[115.31046027804825,-6.8330981040640211],[115.31046930288869,-6.833098023168807],[115.31046938382501,-6.8331070434412293],[115.31046035898441,-6.83310712433655],[115.31046052085703,-6.833125164881598],[115.31045149601596,-6.8331252457769667],[115.31045157695226,-6.8331342660495924],[115.31046060179351,-6.8331341851541145],[115.3104607636668,-6.8331522256991519],[115.31046978850823,-6.833152144803293],[115.31047019319419,-6.8331972461652306],[115.31046116835192,-6.8331973270616295],[115.31046124928928,-6.8332063473340954],[115.31043417476118,-6.8332065900226073],[115.31043433663524,-6.8332246305682052],[115.31042531179199,-6.8332247114642541],[115.31042539272899,-6.8332337317371543],[115.31041636788549,-6.8332338126331438],[115.31041620601192,-6.8332157720871241],[115.31039815632522,-6.8332159338781668],[115.31039831819814,-6.8332339744246182],[115.31038929335431,-6.8332340553201032],[115.31038937429074,-6.8332430755934146],[115.3103803494466,-6.8332431564888392],[115.31038075412962,-6.8332882578559495],[115.31036270443936,-6.8332884196473715],[115.31036262350287,-6.8332793993737608],[115.31034457381253,-6.8332795611642947],[115.31034465474869,-6.8332885814381221],[115.31035367959407,-6.8332885005428299],[115.31035392240371,-6.8333155613640324],[115.31037197209518,-6.8333153995722995],[115.31037205303228,-6.8333244198458027],[115.31033595364818,-6.833324743429027],[115.31033603458472,-6.8333337637029583],[115.31035408427732,-6.833333601911467],[115.31035432708858,-6.8333606627326047],[115.31034530224184,-6.8333607436287567],[115.31034522130481,-6.8333517233549292],[115.31033619645811,-6.8333518042508068],[115.31033627739495,-6.8333608245247417],[115.31032725254799,-6.833360905420558],[115.31032733348482,-6.833369925694563],[115.31031830863755,-6.8333700065903189],[115.31031847051115,-6.8333880471385635],[115.31032749535875,-6.8333879662425918],[115.31032741442172,-6.8333789459685788],[115.31033643926901,-6.8333788650725467],[115.31033660114349,-6.8333969056203525],[115.31034562599103,-6.8333968247239358],[115.3103457069286,-6.8334058449977411],[115.3103366820809,-6.8334059258942643],[115.31033684395604,-6.8334239664420267],[115.31032781910791,-6.8334240473385988],[115.31032798098313,-6.833442087886576],[115.31033700583163,-6.833442006989789],[115.31033716770763,-6.8334600475375336],[115.31031911800987,-6.8334602093313697],[115.31031944176186,-6.8334962904276697],[115.31031041691217,-6.8334963713247676],[115.31031082160379,-6.8335414726955808],[115.31031984645432,-6.8335413917979455],[115.31031992739315,-6.8335504120719888],[115.31031090254243,-6.8335504929697324],[115.31031138817663,-6.8336046146145426],[115.31032041302835,-6.8336045337161515],[115.31032017021025,-6.8335774728940883],[115.31034724476328,-6.8335772301988786],[115.31034764946315,-6.8336223315673452],[115.31033862461142,-6.8336224124664557],[115.31033870555157,-6.8336314327402441],[115.31032968069957,-6.8336315136392916],[115.31032984257983,-6.8336495541870725],[115.31033886743216,-6.8336494732878075],[115.31033894837265,-6.8336584935615647],[115.3103208986675,-6.8336586553601437],[115.31032081772737,-6.8336496350861697],[115.31030276802213,-6.8336497968838597],[115.31030260614288,-6.8336317563354338],[115.31027553158518,-6.8336319990300627],[115.31027569346342,-6.8336500395791333],[115.31028471831645,-6.8336499586808772],[115.31028488019548,-6.8336679992297151],[115.31027585534211,-6.8336680801281888],[115.31027593628163,-6.833677100402709],[115.31023081201245,-6.8336775048930871],[115.31023089295122,-6.833686525168142],[115.31026699236747,-6.8336862015757447],[115.31026707330705,-6.8336952218503653],[115.31022194903562,-6.8336956263409796],[115.31022211091339,-6.8337136668912839],[115.31021308605844,-6.833713747789119],[115.31021292418103,-6.8336957072385998],[115.31020389932628,-6.8336957881360494],[115.31020398026477,-6.8337048084114187],[115.31019495540977,-6.8337048893088097],[115.31019503634823,-6.8337139095842829],[115.31018601149295,-6.8337139904816127],[115.31018609243132,-6.8337230107571889],[115.31016804272012,-6.8337231725515597],[115.31016796178207,-6.8337141522757676],[115.31015893692647,-6.8337142331725929],[115.31015934161688,-6.8337593345520498],[115.3101412919037,-6.833759496346274],[115.31014145377996,-6.8337775368984737],[115.31015047863696,-6.833777456001231],[115.31015055957542,-6.8337864762771918],[115.31015958443247,-6.833786395379672],[115.31015974631008,-6.8338044359313983],[115.31015072145269,-6.8338045168291321],[115.31015104520851,-6.8338405979329648],[115.31016007006657,-6.8338405170347993],[115.31016015100596,-6.8338495373106385],[115.31015112614776,-6.8338496182089123],[115.3101512070871,-6.8338586384848545],[115.31013315736995,-6.8338588002811145],[115.31013331924829,-6.8338768408334181],[115.31014234410726,-6.8338767599351575],[115.31014242504676,-6.8338857802111947],[115.31015144990576,-6.833885699312658],[115.31015161178543,-6.8339037398645051],[115.3101335620666,-6.8339039016618406],[115.31013364300627,-6.8339129219379737],[115.31011559328667,-6.8339130837348527],[115.31011518859114,-6.8338679823530528],[115.31012421345017,-6.8338679014552364],[115.31012413251123,-6.8338588811789904],[115.31011510765236,-6.8338589620767003],[115.3101150267137,-6.8338499418003256],[115.31010600185493,-6.8338500226977592],[115.31010608279344,-6.8338590429742414],[115.31009705793437,-6.8338591238716138],[115.31009721981137,-6.8338771644247798],[115.31007014523252,-6.8338774071165354],[115.31007006429445,-6.8338683868396144],[115.31005201457504,-6.8338685486330633],[115.31005185269994,-6.8338505080788279],[115.31003380298075,-6.8338506698711718],[115.3100337220437,-6.8338416495938246],[115.31002469718409,-6.8338417304896373],[115.31002453531066,-6.8338236899346949],[115.31001551045131,-6.8338237708301248],[115.31001542951491,-6.8338147505525635],[115.30998835493665,-6.8338149932375174],[115.30998819306522,-6.8337969526817046],[115.30996111848701,-6.8337971953644994],[115.30996119942215,-6.8338062156427313],[115.30993412484241,-6.8338064583243359],[115.30993404390777,-6.8337974380457807],[115.30994306876762,-6.8337973571521884],[115.30994298783291,-6.833788336873738],[115.30995201269249,-6.8337882559800844],[115.30995193175771,-6.8337792357017531],[115.30993388203882,-6.8337793974886747],[115.30993380110449,-6.8337703772100911],[115.30992477624501,-6.8337704581031913],[115.30992485717918,-6.8337794783818842],[115.30991583231945,-6.8337795592749231],[115.30991575138546,-6.8337705389961236],[115.30990672652577,-6.8337706198888881],[115.30990680745958,-6.8337796401677959],[115.30989778259965,-6.8337797210605],[115.30989802540124,-6.8338067818974553],[115.30988900054069,-6.833806862790313],[115.30988908147461,-6.8338158830694038],[115.30987103175281,-6.8338160448548333],[115.30987078895238,-6.8337889840169055],[115.30987981381283,-6.8337889031245984],[115.3098796519461,-6.8337708625661744],[115.30988867680612,-6.8337707816739135],[115.30988859587276,-6.8337617613948023],[115.30989762073247,-6.8337616805024819],[115.30989770166602,-6.8337707007814847],[115.30990672652577,-6.8337706198888881],[115.30990656465846,-6.8337525793310929],[115.30989753979904,-6.8337526602234737],[115.30989745886572,-6.833743639944462],[115.30987038428724,-6.8337438826202739],[115.30987030335453,-6.8337348623409335],[115.30986127849495,-6.833734943232427],[115.30986119756253,-6.8337259229529748],[115.30987022242194,-6.8337258420615896],[115.30987014148944,-6.8337168217822413],[115.3098972160664,-6.8337165791074002],[115.30989705420075,-6.8336985385493376],[115.3098880293422,-6.833698619440904],[115.30988778654505,-6.833671558603454],[115.30986973682863,-6.8336717203854365],[115.30986949403349,-6.8336446595473008],[115.30987851889124,-6.8336445786567168],[115.30987843795955,-6.8336355583774377],[115.30990551253166,-6.8336353157050018],[115.30990535066763,-6.8336172751470601],[115.30989632581073,-6.8336173560378244],[115.30989624487904,-6.8336083357587638],[115.30988722002219,-6.8336084166492528],[115.30988713909078,-6.8335993963700634],[115.30987811423397,-6.8335994772602771],[115.30987795237183,-6.8335814367016701],[115.30977867894346,-6.8335823264805464],[115.30977859801439,-6.8335733062000692],[115.3097695731568,-6.8335733870879416],[115.30976965408568,-6.8335824073685272],[115.30975160436978,-6.8335825691439833],[115.30975168529845,-6.8335915894247972],[115.30976071015661,-6.8335915085370456],[115.30976087201458,-6.833609549098445],[115.30973379743875,-6.833609791761841],[115.30973371651021,-6.8336007714808211],[115.30972469165154,-6.8336008523681757],[115.30972452979512,-6.8335828118059059],[115.30969745521946,-6.8335830544663159],[115.30969729336449,-6.8335650139033826],[115.30968826850608,-6.833565094789634],[115.30968818757893,-6.8335560745080528],[115.30967013786206,-6.8335562362798363],[115.30967005693536,-6.8335472159980357],[115.30964298235976,-6.8335474586541256],[115.30964290143368,-6.8335384383719973],[115.30962485171641,-6.8335386001416687],[115.3096246898652,-6.8335205595769679],[115.30965176443992,-6.833520316922856],[115.30965168351399,-6.8335112966408218],[115.30963363379796,-6.8335114584101824],[115.30963355287248,-6.8335024381279288],[115.30962452801445,-6.8335025190122494],[115.30962444708923,-6.8334934987298839],[115.30959737251504,-6.8334937413815133],[115.30959729159044,-6.833484721098821],[115.3095792418741,-6.833484882865517],[115.30957948464722,-6.83351194371423],[115.30954338521117,-6.8335122672469],[115.30954354705912,-6.8335303078135485],[115.30953452219951,-6.8335303886965111],[115.30953476497173,-6.8335574495467748],[115.30954378983188,-6.833557368663489],[115.30954387075633,-6.8335663889467932],[115.30953484589604,-6.8335664698301875],[115.30953492682045,-6.8335754901136125],[115.3095168770992,-6.8335756518801114],[115.30951711987208,-6.8336027127309391],[115.30949004528786,-6.8336029553803952],[115.30948996436396,-6.8335939350964612],[115.30948093950252,-6.8335940159791697],[115.30948085857891,-6.8335849956951238],[115.30947183371752,-6.8335850765775552],[115.30947175279418,-6.8335760562934142],[115.3094356533482,-6.8335763798210305],[115.30943581519362,-6.8335944203901882],[115.30945386491751,-6.8335942586262854],[115.30945402676407,-6.8336122991950115],[115.30947207648819,-6.8336121374300047],[115.30947199556452,-6.8336031171458593],[115.30948102042625,-6.8336030362632121],[115.30948110135006,-6.8336120565472482],[115.30949012621186,-6.8336119756643257],[115.30949020713597,-6.8336209959482348],[115.30950825685954,-6.8336208341816675],[115.30950858055844,-6.8336569153164808],[115.3094905308335,-6.8336570770839096],[115.30949044990895,-6.8336480568000013],[115.30947240018395,-6.8336482185665419],[115.30947231925983,-6.8336391982824143],[115.30946329439732,-6.8336392791653253],[115.30946321347351,-6.8336302588810858],[115.30945418861104,-6.8336303397637197],[115.30945426953471,-6.8336393600480667],[115.30944524467198,-6.833639440930642],[115.30944516374849,-6.8336304206461866],[115.30943613888583,-6.8336305015284848],[115.30943605796261,-6.8336214812439007],[115.30942703310001,-6.8336215621259226],[115.30942695217708,-6.8336125418412594],[115.30940890245186,-6.8336127036045857],[115.30940882152936,-6.8336036833196854],[115.30939979666675,-6.8336037642009879],[115.30939971574453,-6.8335947439159765],[115.309390690882,-6.8335948247970038],[115.30939036719494,-6.8335587436564822],[115.30939939205679,-6.8335586627758875],[115.30939931113514,-6.8335496424908548],[115.30941736085822,-6.8335494807293742],[115.30941727993633,-6.833540460444552],[115.30939923021357,-6.8335406222058168],[115.30939906837079,-6.8335225816357283],[115.30941711809287,-6.8335224198748952],[115.30941655164425,-6.8334592778809427],[115.30942557650395,-6.8334591970010266],[115.30942533374137,-6.833432136146758],[115.30943435860044,-6.8334320552669991],[115.30943427767963,-6.8334230349823359],[115.30944330253841,-6.8334229541025149],[115.30944322161757,-6.8334139338179734],[115.30945224647608,-6.8334138529380919],[115.30945208463436,-6.8333958123691589],[115.30947013435041,-6.8333956506093241],[115.30946997250845,-6.8333776100408219],[115.30943387307724,-6.8333779335589568],[115.30943379215711,-6.8333689132742856],[115.30944281701488,-6.8333688323951112],[115.30944265517458,-6.8333507918259198],[115.30943363031713,-6.8333508727048784],[115.30943371123706,-6.8333598929895754],[115.30942468637933,-6.8333599738684736],[115.30942436270095,-6.8333238927292266],[115.30944241241495,-6.8333237309721264],[115.30944233149528,-6.8333147106875183],[115.3094333066385,-6.8333147915660453],[115.30943322571913,-6.8333057712813261],[115.3094242008624,-6.8333058521595778],[115.30942403902429,-6.8332878115899121],[115.30940598931119,-6.8332879733454801],[115.30940582747419,-6.8332699327753659],[115.30938777776133,-6.8332700945298299],[115.30938785867943,-6.8332791148151051],[115.30937883382268,-6.8332791956921923],[115.30937923841401,-6.8333242971190415],[115.30936118869846,-6.8333244588737907],[115.30936110778032,-6.8333154385882136],[115.30935208292254,-6.8333155194652271],[115.30935216384053,-6.8333245397509126],[115.30934313898248,-6.8333246206278666],[115.3093432199004,-6.8333336409136542],[115.30933419504208,-6.8333337217905488],[115.30933451871418,-6.8333698029341035],[115.30931646899586,-6.8333699646882486],[115.30931654991383,-6.8333789849743205],[115.30930752505435,-6.8333790658512488],[115.30930760597224,-6.8333880861374405],[115.30928955625259,-6.8333882478910084],[115.30928971808807,-6.833406288463812],[115.30929874294826,-6.833406207586898],[115.30929882386633,-6.8334152278732017],[115.30928979900595,-6.8334153087502241],[115.30928987992395,-6.833424329036597],[115.30928085506328,-6.8334244099135599],[115.30928134057261,-6.8334785316324611],[115.30927231571084,-6.8334786125099019],[115.30927239662927,-6.8334876327964782],[115.3092272723179,-6.8334880371816995],[115.30922743415343,-6.8335060777559153],[115.30921840929048,-6.8335061586326713],[115.30921849020822,-6.83351517891988],[115.30922751507134,-6.8335150980430175],[115.30922759598936,-6.8335241183301143],[115.30923662085253,-6.8335240374529755],[115.30923678268925,-6.8335420780269427],[115.30922775782575,-6.8335421589042964],[115.30922808149984,-6.833578240052625],[115.30921003177116,-6.8335784018076922],[115.30920986993456,-6.8335603612330971],[115.30921889479865,-6.8335602803558633],[115.30921873296215,-6.8335422397814831],[115.30920068323459,-6.8335424015353512],[115.30920084507042,-6.8335604421101621],[115.30919182020614,-6.8335605229870602],[115.30919190112402,-6.8335695432745664],[115.30920092598849,-6.8335694623975609],[115.30920108782496,-6.833587502972347],[115.30919206296016,-6.8335875838495674],[115.30919222479673,-6.8336056244245507],[115.30918319993152,-6.8336057053018191],[115.3091835236053,-6.8336417864521648],[115.30917449873931,-6.8336418673296953],[115.30917417506619,-6.8336057861789188],[115.30916515020074,-6.8336058670558497],[115.30916523111868,-6.833614887343658],[115.30915620625296,-6.8336149682205294],[115.30915636808885,-6.8336330087963493],[115.3091473432227,-6.8336330896732687],[115.30914742414062,-6.8336421099612785],[115.30912034954096,-6.8336423525913492],[115.3091201877062,-6.8336243120146598],[115.30910213797321,-6.8336244737667684],[115.30910205705634,-6.8336154534782265],[115.30909303218984,-6.8336155343539202],[115.30909295127324,-6.8336065140652513],[115.30908392640681,-6.8336065949406697],[115.3090840882398,-6.8336246355182038],[115.30907506337292,-6.8336247163936701],[115.30907498245652,-6.8336156961048058],[115.30906595758972,-6.8336157769799959],[115.30906603850593,-6.8336247972689685],[115.30905701363884,-6.8336248781440974],[115.309057094555,-6.8336338984332068],[115.30903001995254,-6.8336341410579111],[115.30902977720595,-6.8336070801896511],[115.30902075233875,-6.8336071610638927],[115.30902059050857,-6.8335891204848149],[115.30904766510882,-6.8335888778622325],[115.30904774602436,-6.8335978981514494],[115.30906579575765,-6.8335977364020044],[115.30906571484176,-6.8335887161130024],[115.30905668997535,-6.8335887969877014],[115.30905660905977,-6.8335797766986026],[115.30903855932692,-6.833579938447282],[115.30903847841178,-6.8335709181579301],[115.30902042867882,-6.8335710799057203],[115.30902026684953,-6.8335530393266088],[115.30902929171569,-6.833552958453013],[115.30902921080103,-6.8335439381635599],[115.30902018593501,-6.8335440190370456],[115.30902010502064,-6.8335349987474796],[115.30899303042246,-6.8335352413666115],[115.30899278768148,-6.8335081804969144],[115.30901083741273,-6.8335080187516413],[115.30901091832659,-6.8335170390413298],[115.30902896805772,-6.8335168772951684],[115.30902904897205,-6.8335258975846367],[115.30904709870309,-6.833525735837588],[115.30904693687386,-6.8335076952590796],[115.3090288871435,-6.8335078570056975],[115.30902880622939,-6.8334988367162204],[115.30901978136421,-6.8334989175891687],[115.30901961953664,-6.833480877009988],[115.30901059467172,-6.8334809578825535],[115.30901051375828,-6.833471937592849],[115.30900148889336,-6.8334720184651383],[115.30900156980664,-6.8334810387549512],[115.30898352007621,-6.8334812004992411],[115.30898343916326,-6.8334721802092124],[115.30897441429805,-6.8334722610809981],[115.30897433338538,-6.8334632407908416],[115.30898335825043,-6.8334631599191642],[115.30898319642507,-6.8334451193391033],[115.30893807210045,-6.8334455236947313],[115.3089379911888,-6.8334365034041484],[115.30892896632369,-6.8334365842746623],[115.30892888541229,-6.8334275639839666],[115.30891986054726,-6.8334276448542042],[115.30891977963617,-6.8334186245634134],[115.30890172990608,-6.8334187863031701],[115.30890164899542,-6.8334097660121254],[115.30891067386034,-6.8334096851424393],[115.30891059294963,-6.8334006648515144],[115.30889254322004,-6.8334008265905029],[115.3088923813996,-6.8333827860082099],[115.30891945599282,-6.8333825434001207],[115.30891937508225,-6.8333735231093078],[115.3089374248102,-6.833373361369957],[115.3089373438994,-6.8333643410793217],[115.30892831903564,-6.833364421948974],[115.30892823812513,-6.8333554016582436],[115.30897336244193,-6.8333549973088417],[115.30897328153068,-6.8333459770186451],[115.30898230639355,-6.8333458961483684],[115.30898214457105,-6.8333278555681787],[115.30899116943347,-6.8333277746979491],[115.30899125034485,-6.8333367949879387],[115.30900027520731,-6.8333367141174319],[115.30900035611894,-6.8333457344073096],[115.30900938098149,-6.8333456535365293],[115.30900962371756,-6.8333727144058285],[115.3090186485805,-6.8333726335345553],[115.30901872949289,-6.8333816538241834],[115.3090277543559,-6.8333815729526348],[115.30902791618136,-6.8333996135316948],[115.30900986645462,-6.8333997752750557],[115.30900994736719,-6.833408795564794],[115.30904604682094,-6.8334084720769717],[115.30904588499457,-6.8333904314983505],[115.30905490985741,-6.8333903506261908],[115.30905482894423,-6.8333813303369819],[115.30904580408153,-6.8333814112090341],[115.30904572316864,-6.8333723909197293],[115.30903669830603,-6.8333724717915061],[115.3090366173934,-6.8333634515020565],[115.30902759253084,-6.833363532373558],[115.30902751161848,-6.8333545120840116],[115.30901848675599,-6.833354592955236],[115.3090184058439,-6.8333455726655803],[115.30903645556843,-6.8333454109231768],[115.30903653648086,-6.8333544312126184],[115.30908166079111,-6.8333540268531294],[115.30908157987784,-6.8333450065642261],[115.30909060473938,-6.8333449256919314],[115.30909052382604,-6.8333359054031311],[115.30909954868734,-6.8333358245307778],[115.30909946777398,-6.8333268042420805],[115.30909044291283,-6.8333268851143281],[115.30909036199976,-6.8333178648255188],[115.30906328741628,-6.8333181074409284],[115.30906320650378,-6.8333090871517914],[115.30904515678127,-6.8333092488943414],[115.30904523769343,-6.8333182691836933],[115.30903621283184,-6.8333183500548236],[115.30903605100798,-6.8333003094758844],[115.30902702614659,-6.8333003903466309],[115.30902670250086,-6.8332643091883201],[115.309062801943,-6.8332639857060462],[115.30906255920783,-6.8332369248385465],[115.30905353434797,-6.8332370057090435],[115.30905337252541,-6.8332189651304747],[115.30906239738492,-6.8332188842601926],[115.30906231647364,-6.8332098639710264],[115.30904426675481,-6.8332100257112058],[115.30904418584397,-6.8332010054217855],[115.30903516098456,-6.8332010862915151],[115.30903564645024,-6.8332552080285005],[115.30901759672909,-6.8332553697687501],[115.30901775855118,-6.8332734103481636],[115.30899068396759,-6.8332736529579217],[115.30899060305701,-6.8332646326679019],[115.30897255333441,-6.8332647944066842],[115.30897247242426,-6.833255774116429],[115.30896344756297,-6.8332558549854614],[115.30896352847297,-6.8332648752758249],[115.30895450361137,-6.833264956144796],[115.30895442270156,-6.8332559358543241],[115.30894539784006,-6.8332560167230199],[115.30894531693052,-6.8332469964324689],[115.30895434179186,-6.8332469155638815],[115.30895426088226,-6.8332378952734185],[115.30896328574335,-6.833237814404769],[115.30896336665312,-6.8332468346951254],[115.30899044123613,-6.8332465920878498],[115.30899027941572,-6.8332285515077809],[115.30900832913652,-6.8332283897691868],[115.30900841004703,-6.8332374100590085],[115.30902645976772,-6.8332372483195263],[115.30902637885687,-6.8332282280299204],[115.30901735399677,-6.8332283088996375],[115.3090172730862,-6.8332192886099197],[115.30898117364525,-6.8332196120866771],[115.30898101182584,-6.8332015715063648],[115.3089900366859,-6.8332014906376433],[115.30898987486657,-6.8331834500575308],[115.30898085000682,-6.8331835309260374],[115.30898093091626,-6.8331925512162028],[115.30897190605627,-6.833192632084649],[115.30897206787516,-6.8332106726652011],[115.30896304301471,-6.8332107535336934],[115.3089629621054,-6.8332017332433042],[115.30895393724497,-6.8332018141115203],[115.30895385633593,-6.8331927938210351],[115.30892678175462,-6.8331930364243547],[115.30892726720751,-6.8332471581691401],[115.30891824234585,-6.8332472390372239],[115.30891816143694,-6.8332382187463292],[115.30889108685179,-6.8332384613492456],[115.30889092503526,-6.833220420766799],[115.30888190017365,-6.8332205016338863],[115.30888181926572,-6.8332114813425644],[115.30887279440418,-6.8332115622093754],[115.30887271349654,-6.8332025419179097],[115.3088907632192,-6.8332023801843338],[115.30889084412719,-6.8332114004755846],[115.3088998689885,-6.833211319608437],[115.30889994989676,-6.833220339899543],[115.30891799961942,-6.8332201781645274],[115.30891783780234,-6.8332021375827079],[115.30890881294138,-6.8332022184500847],[115.30890873203316,-6.8331931981590603],[115.30889970717232,-6.8331932790261609],[115.30889938354123,-6.8331571978615919],[115.30890840840145,-6.8331571169949221],[115.30890848930922,-6.8331661372859802],[115.30893556388969,-6.8331658946846385],[115.30893540207325,-6.8331478541031814],[115.30892637721354,-6.8331479349702491],[115.30892629630564,-6.833138914679413],[115.30890824658623,-6.8331390764128281],[115.30890816567879,-6.8331300561217736],[115.30892621539785,-6.8331298943885761],[115.30892605358262,-6.8331118538068853],[115.3089170287235,-6.8331119346733526],[115.30891694781623,-6.833102914382394],[115.30889889809792,-6.8331030761146074],[115.30889905991192,-6.8331211166969537],[115.3088900350523,-6.8331211975630231],[115.3088901968664,-6.8331392381455682],[115.30888117200628,-6.8331393190116856],[115.30888101019254,-6.8331212784289264],[115.30886296047268,-6.8331214401602276],[115.30886279866003,-6.8331033995770216],[115.30888987323863,-6.8331031569804637],[115.30888979233195,-6.8330941366891595],[115.3088807674727,-6.8330942175547396],[115.30888060566002,-6.8330761769719546],[115.30885353108263,-6.8330764195670373],[115.30885345017698,-6.8330673992753077],[115.30883540045851,-6.8330675610043068],[115.30883564317482,-6.8330946218801154],[115.30884466803464,-6.8330945410153765],[115.30884474894046,-6.8331035613072189],[115.30883572408047,-6.8331036421720652],[115.30883564317482,-6.8330946218801154],[115.30881759345489,-6.8330947836090887],[115.30881726983471,-6.8330587024404679],[115.30880824497525,-6.8330587833042715],[115.30880832587998,-6.8330678035965455],[115.30879930102024,-6.8330678844602879],[115.30879954373457,-6.8330949453373897],[115.30878149401377,-6.8330951070650183],[115.30878157491843,-6.8331041273576147],[115.30879059977903,-6.8331040464937765],[115.30879068068394,-6.8331130667862441],[115.30876360610128,-6.8331133093775769],[115.3087638488152,-6.833140370255923],[115.30874579909185,-6.8331405319832843],[115.30874571818744,-6.8331315116902918],[115.30870961874011,-6.8331318351425656],[115.30870969964386,-6.8331408554359889],[115.30871872450601,-6.8331407745730663],[115.30871888631415,-6.8331588151596847],[115.30870986145167,-6.8331588960228249],[115.30870994235575,-6.8331679163162518],[115.3087189672184,-6.833167835453005],[115.30871912902721,-6.8331858760395816],[115.30870107930107,-6.8331860377663389],[115.30870091749293,-6.8331679971793315],[115.30868286776708,-6.8331681589049857],[115.30868294867074,-6.8331771791986977],[115.30867392380748,-6.8331772600613805],[115.30867408561481,-6.8331953006490433],[115.30866506075108,-6.8331953815117732],[115.30866514165474,-6.8332044018057054],[115.30865611679073,-6.8332044826683749],[115.30865619769435,-6.833213502962427],[115.30866522255855,-6.8332134220996501],[115.3086653034624,-6.8332224423935575],[115.30867432832662,-6.8332223615305052],[115.3086744092308,-6.8332313818243158],[115.30868343409509,-6.8332313009609873],[115.30868351499954,-6.8332403212546868],[115.30869253986386,-6.8332402403910821],[115.3086926207686,-6.8332492606846698],[115.30868359590407,-6.8332493415483819],[115.30868367680874,-6.8332583618420566],[115.30866562707904,-6.8332585235691923],[115.30866538436641,-6.8332314626874773],[115.3086473346373,-6.833231624413294],[115.30864725373362,-6.8332226041191593],[115.30863822886909,-6.8332226849817079],[115.30863839067617,-6.8332407255701879],[115.30861131608083,-6.8332409681574733],[115.30861147788735,-6.8332590087465652],[115.30860245302169,-6.8332590896088732],[115.30860253392495,-6.8332681099035462],[115.30859350905901,-6.8332681907657919],[115.30859358996221,-6.833277211060552],[115.308584565096,-6.8332772919227391],[115.30858472690237,-6.8332953325124608],[115.30856667716895,-6.8332954942367596],[115.30856651536324,-6.8332774536466081],[115.30855749049667,-6.833277534508289],[115.30855740959414,-6.8332685142130982],[115.30856643446054,-6.8332684333515239],[115.3085662726555,-6.8332503927613466],[115.30858432238723,-6.8332502310381242],[115.30858440329003,-6.833259251332982],[115.30859342815593,-6.8332591704710115],[115.30859318544731,-6.833232109586711],[115.30858416058193,-6.8332321904483591],[115.30858424148452,-6.8332412107432434],[115.30857521661886,-6.8332412916048302],[115.30857513571645,-6.8332322713098383],[115.30858416058193,-6.8332321904483591],[115.3085839987771,-6.833214149858593],[115.30857497391193,-6.8332142307198573],[115.30857489300985,-6.8332052104248362],[115.30856586814477,-6.8332052912858234],[115.30856578724296,-6.8331962709907064],[115.3085567623779,-6.8331963518514192],[115.30855668147635,-6.8331873315561893],[115.3085476566114,-6.8331874124166267],[115.30854773751278,-6.8331964327119632],[115.30853871264749,-6.8331965135723403],[115.30853879354882,-6.8332055338677806],[115.30852976868329,-6.8332056147280955],[115.30852968778214,-6.8331965944325486],[115.30852066291668,-6.833196675292589],[115.3085205820158,-6.8331876549969284],[115.3085115571504,-6.8331877358566926],[115.30851163805109,-6.8331967561524607],[115.3085026131854,-6.8331968370121636],[115.30850253228489,-6.8331878167162889],[115.30849350741923,-6.8331878975757174],[115.30849358831961,-6.8331969178717005],[115.3084755385877,-6.833197079590267],[115.30847545768768,-6.8331880592940681],[115.30848448255351,-6.8331879784349763],[115.30848440165343,-6.8331789581388804],[115.30852050111507,-6.8331786347012633],[115.3085205820158,-6.8331876549969284],[115.30852960688111,-6.8331875741369954],[115.30852944507937,-6.8331695335458953],[115.30847529588794,-6.8331700187016748],[115.30847537678774,-6.8331790389978657],[115.30845732705606,-6.8331792007153291],[115.30845765065503,-6.8332152819009941],[115.30843057605466,-6.8332155244772235],[115.30843081875352,-6.8332425853673655],[115.30841276901839,-6.8332427470846575],[115.30841268811899,-6.833233726787725],[115.30840366325143,-6.8332338076460113],[115.30840398684899,-6.833269888834141],[115.30839496198064,-6.8332699696926884],[115.30839520467944,-6.833297030584065],[115.3083861798105,-6.8332971114427679],[115.30838626071015,-6.8333061317399757],[115.30839528557927,-6.8333060508811645],[115.30839544737925,-6.8333240914754008],[115.3083864225098,-6.8333241723344278],[115.30838666521009,-6.8333512332260486],[115.30837764034,-6.8333513140852302],[115.30837780214038,-6.8333693546798377],[115.30835975239924,-6.8333695163981272],[115.30835967149935,-6.8333604961006102],[115.30836869636978,-6.8333604152416569],[115.3083686154698,-6.833351394944243],[115.3083505657291,-6.8333515566617669],[115.30835080842834,-6.8333786175546569],[115.30834178355734,-6.8333786984134894],[115.30834186445713,-6.8333877187111964],[115.3083599141994,-6.8333875569931477],[115.30836023780104,-6.8334236381831559],[115.30834218805742,-6.8334237999020644],[115.3083421071572,-6.8334147796043414],[115.30833308228537,-6.8334148604634377],[115.30833381038991,-6.8334960431436089],[115.30832478551649,-6.8334961240035055],[115.30832502821947,-6.8335231848971416],[115.30831600334544,-6.8335232657571936],[115.30831559884186,-6.8334781642672384],[115.30832462371505,-6.8334780834077264],[115.30832454281449,-6.8334690631098143],[115.30830649306833,-6.8334692248284554],[115.30830665486887,-6.833487265424691],[115.30829762999529,-6.8334873462839756],[115.30829819629948,-6.8335504883713583],[115.3082891714246,-6.8335505692312282],[115.30828925232547,-6.833559589529516],[115.30827120257509,-6.8335597512489681],[115.30827128347572,-6.8335687715474664],[115.30828933322644,-6.8335686098277995],[115.30828941412753,-6.8335776301260802],[115.30827136437647,-6.8335777918459604],[115.30827152617827,-6.8335958324429376],[115.30826250130224,-6.833595913302843],[115.3082627440053,-6.8336229741985983],[115.30825371912864,-6.8336230550586574],[115.30825404273357,-6.8336591362533685],[115.30824501785612,-6.8336592171136914],[115.30824590777685,-6.8337584403999747],[115.30823688289745,-6.8337585212613137],[115.30823728741042,-6.8338036227554433],[115.30824631229063,-6.833803541893567],[115.30824639319371,-6.8338125621922723],[115.30823736831333,-6.833812643054257],[115.30823744921635,-6.8338216633530653],[115.30821939945487,-6.8338218250767468],[115.30821988487332,-6.8338759468708021],[115.30822890975514,-6.8338758660083991],[115.30822931427434,-6.8339209675027881],[115.30822028939168,-6.8339210483657284],[115.3082204511998,-6.8339390889636693],[115.3082294760828,-6.8339390081005122],[115.30822955698717,-6.8339480283993685],[115.30823858187021,-6.8339479475359362],[115.30823866277488,-6.8339569678346814],[115.30822963789169,-6.8339570486982195],[115.30822988060585,-6.8339841095947493],[115.30820280595405,-6.8339843521853316],[115.30820288685848,-6.8339933724844899],[115.30819386197416,-6.8339934533477882],[115.30819402378303,-6.8340114939463064],[115.30820304866768,-6.8340114130827923],[115.30820296776301,-6.8340023927836597],[115.3082119926474,-6.8340023119200852],[115.30821191174269,-6.833993291621022],[115.30822996151079,-6.8339931298935843],[115.30823004241583,-6.8340021501924308],[115.30823906729987,-6.8340020693283527],[115.30823922911063,-6.8340201099257678],[115.30824825399489,-6.8340200290613051],[115.30824873943079,-6.8340741508528513],[115.30825776431597,-6.8340740699875733],[115.30825784522251,-6.8340830902860406],[115.30824882033716,-6.8340831711514269],[115.30824890124362,-6.8340921914499813],[115.30825792612916,-6.8340921105844874],[115.3082580070359,-6.8341011308829653],[115.30827605680692,-6.83410096915126],[115.30827621862143,-6.8341190097477345],[115.30828524350713,-6.8341189288814164],[115.30828532441471,-6.8341279491795399],[115.30829434930045,-6.8341278683129438],[115.30829451111629,-6.8341459089089618],[115.30833963554505,-6.8341455045723833],[115.30833971645396,-6.8341545248698488],[115.30834874133957,-6.8341544440019204],[115.30834866043048,-6.8341454237045642],[115.30835768531578,-6.8341453428365755],[115.30835752349762,-6.8341273022420657],[115.30834849861265,-6.8341273831098386],[115.30834833679523,-6.8341093425150952],[115.30833931191046,-6.8341094233824853],[115.30833906918566,-6.8340823624900153],[115.30835711895404,-6.8340822007557147],[115.30835719986254,-6.8340912210529767],[115.30836622474675,-6.8340911401854658],[115.30836630565553,-6.8341001604826506],[115.30838435542391,-6.8340999987469102],[115.30838451724246,-6.8341180393408001],[115.30839354212685,-6.8341179584724632],[115.30839362303645,-6.8341269787692944],[115.30840264792086,-6.8341268979006813],[115.3084031333818,-6.8341810196809281],[115.30841215826713,-6.8341809388114996],[115.30841223917783,-6.8341899591080857],[115.30842126406323,-6.8341898782383819],[115.30842102133096,-6.8341628173489362],[115.30843907110039,-6.8341626556096715],[115.30843915201139,-6.8341716759059414],[115.30844817689611,-6.834171595035949],[115.30844825780738,-6.8341806153321079],[115.3084753324614,-6.834180372720799],[115.30847525154964,-6.8341713524249634],[115.30848427643393,-6.8341712715542977],[115.3084841955221,-6.834162251258566],[115.30849322040611,-6.8341621703878417],[115.30849338223022,-6.8341802109790848],[115.30848435734589,-6.834180291850025],[115.30848443825793,-6.8341893121457495],[115.30847541337329,-6.8341893930166302],[115.30847557519739,-6.8342074336082952],[115.30848460008237,-6.8342073527371996],[115.30848476190722,-6.834225393328599],[115.30850281167749,-6.8342252315854726],[115.30850289259041,-6.8342342518809582],[115.30852996724552,-6.8342340092646836],[115.30852940085377,-6.8341708671984502],[115.3085384257374,-6.8341707863267773],[115.30853834482454,-6.8341617660316913],[115.30854736970788,-6.8341616851599563],[115.30854753153402,-6.8341797257499088],[115.30856558130107,-6.8341795640055052],[115.30856550038763,-6.8341705437107461],[115.30855647550432,-6.8341706245829243],[115.30855639459115,-6.8341616042880551],[115.30857444435732,-6.8341614425437456],[115.30857452527083,-6.8341704628383999],[115.30861062480251,-6.834170139347334],[115.30861070571682,-6.8341791596415531],[115.3086016808339,-6.83417924051468],[115.30860176174814,-6.8341882608090021],[115.30858371198161,-6.8341884225549672],[115.30858379289562,-6.8341974428495007],[115.30857476801204,-6.8341975237223389],[115.30857484892599,-6.8342065440169923],[115.30854777427403,-6.8342067866348204],[115.30854785518757,-6.8342158069297598],[115.30853883030323,-6.8342158878021406],[115.30853891121673,-6.8342249080972],[115.30854793610123,-6.8342248272247126],[115.30854801701504,-6.83423384751966],[115.30857509166849,-6.834233604900863],[115.30857501075421,-6.8342245846062388],[115.30860208540618,-6.8342243419862516],[115.30860216632097,-6.8342333622805524],[115.30862021608871,-6.8342332005328377],[115.30862029700396,-6.83424222082692],[115.30861127211998,-6.8342423017009688],[115.30861135303513,-6.8342513219951364],[115.30857525349737,-6.834251645490081],[115.30857541532671,-6.8342696860793177],[115.30858444021165,-6.834269605205618],[115.30858435929676,-6.8342605849111182],[115.30859338418139,-6.834260504037359],[115.30859346509646,-6.8342695243317504],[115.3086115148658,-6.8342693625835107],[115.3086115957813,-6.8342783828776819],[115.30862964555054,-6.8342782211285558],[115.30862972646648,-6.8342872414225075],[115.3086387513511,-6.8342871605475839],[115.30863883226731,-6.8342961808414078],[115.30866590692101,-6.8342959382153037],[115.30866582600429,-6.8342869179218031],[115.30869290065652,-6.8342866752945097],[115.30869298157374,-6.8342956955876888],[115.30871103134166,-6.8342955338351032],[115.30871111225935,-6.8343045541280931],[115.30872013714334,-6.8343044732514411],[115.3087202180613,-6.8343134935443031],[115.30869314340853,-6.8343137361740789],[115.30869322432609,-6.8343227564672588],[115.30870224921061,-6.8343226755907276],[115.30870233012845,-6.8343316958837974],[115.30872037989751,-6.8343315341300137],[115.30872029897934,-6.8343225138371606],[115.30872932386356,-6.8343224329601249],[115.30872940478189,-6.8343314532528705],[115.3087474545503,-6.8343312914980787],[115.30874753546908,-6.8343403117906041],[115.30875656035327,-6.834340230912848],[115.30875680311081,-6.8343672917900937],[115.30874777822609,-6.8343673726681722],[115.30874769730698,-6.8343583523756433],[115.30873867242234,-6.8343584332534455],[115.3087385915035,-6.8343494129608207],[115.30872956661891,-6.8343494938383484],[115.30872997121335,-6.8343945953019691],[115.30875704586931,-6.8343943526672666],[115.30875696494969,-6.8343853323748744],[115.30876598983465,-6.8343852514964123],[115.30876615167432,-6.8344032920809772],[115.30874810190366,-6.8344034538381644],[115.30874834466299,-6.8344305147156259],[115.30876639443464,-6.8344303529577912],[115.30876647535497,-6.8344393732500537],[115.30880257489767,-6.8344390497319365],[115.30880265581877,-6.8344480700237646],[115.30879363093311,-6.8344481509036541],[115.30879371185415,-6.8344571711955675],[115.30880273673999,-6.8344570903155706],[115.30880281766132,-6.8344661106074067],[115.30881184254724,-6.8344660297271345],[115.30881192346884,-6.8344750500188409],[115.30882094835478,-6.8344749691382924],[115.30882102927667,-6.8344839894298879],[115.30883907904862,-6.8344838276680697],[115.3088394027386,-6.8345199088335447],[115.30884842762507,-6.8345198279519526],[115.30884834670223,-6.8345108076606973],[115.30885737158843,-6.8345107267790466],[115.30885729066556,-6.8345017064878775],[115.3088753404373,-6.8345015447242847],[115.30887525951418,-6.8344925244333616],[115.30888428439972,-6.8344924435514205],[115.30888420347657,-6.8344834232605844],[115.30889322836181,-6.8344833423785829],[115.30889355205582,-6.8345194235414715],[115.30891160182735,-6.8345192617761024],[115.30891152090335,-6.834510241485602],[115.30892054578878,-6.8345101606027727],[115.30892062671293,-6.8345191808931656],[115.30896575113934,-6.8345187764759592],[115.30896567021432,-6.8345097561861055],[115.3089746950991,-6.8345096753022663],[115.30897461417403,-6.8345006550125014],[115.30899266394292,-6.8345004932445335],[115.30899258301761,-6.8344914729550128],[115.30901965766964,-6.8344912303021266],[115.30901973859545,-6.8345002505913266],[115.30903778836323,-6.8345000888216791],[115.3090378692895,-6.8345091091106926],[115.30906494394088,-6.8345088664546383],[115.30906486301414,-6.834499846165949],[115.30909193766402,-6.8344996035087053],[115.30909201859129,-6.8345086237970722],[115.30910104347453,-6.8345085429108803],[115.30910096254709,-6.8344995226226208],[115.30910998743009,-6.8344994417363685],[115.30911006835767,-6.8345084620245196],[115.30911909324071,-6.8345083811379919],[115.30911901231295,-6.8344993608499482],[115.30914608696088,-6.8344991181896777],[115.309146329746,-6.8345261790527916],[115.30912827997982,-6.8345263408271206],[115.30912836090806,-6.8345353611150266],[115.30911933602464,-6.8345354420020454],[115.30911957880956,-6.8345625028660617],[115.30914665346103,-6.834562260203529],[115.30914657253211,-6.8345532399158513],[115.30916462229887,-6.8345530781402042],[115.30916437951176,-6.834526017277792],[115.30917340439446,-6.8345259363900386],[115.30917348532356,-6.8345349566774072],[115.30918251020634,-6.8345348757893785],[115.30918267206519,-6.8345529163638847],[115.30919169694819,-6.8345528354754723],[115.30919177787794,-6.8345618557626118],[115.309200802761,-6.834561774873924],[115.30920088369103,-6.8345707951609675],[115.30920990857415,-6.8345707142720027],[115.30920982764394,-6.8345616939850675],[115.30921885252678,-6.8345616130960432],[115.30921893345716,-6.8345706333828717],[115.30920990857415,-6.8345707142720027],[115.30920998950448,-6.8345797345589014],[115.30921901438765,-6.8345796536696612],[115.30921909531824,-6.834588673956465],[115.30921007043491,-6.8345887548458117],[115.30921015136543,-6.8345977751327176],[115.30921917624896,-6.8345976942432634],[115.30921925717978,-6.8346067145300573],[115.30922828206334,-6.8346066336403259],[115.30922836299442,-6.8346156539270249],[115.30924641276157,-6.8346154921468436],[115.30924625089881,-6.8345974515738881],[115.30925527578191,-6.8345973706837606],[115.3092555995085,-6.8346334518291876],[115.30926462439214,-6.8346333709384606],[115.30926470532422,-6.8346423912246994],[115.30924665555651,-6.8346425530061996],[115.30924689835243,-6.8346696138655352],[115.30923787346791,-6.8346696947563563],[115.30923819719668,-6.8347057759024903],[115.30924722208185,-6.8347056950112375],[115.30924738394722,-6.8347237355840891],[115.30923835906171,-6.8347238164755568],[115.30923852092717,-6.8347418570485878],[115.30926559558446,-6.8347416143730335],[115.30926551465117,-6.8347325940868426],[115.30927453953656,-6.834732513194762],[115.30927470140358,-6.8347505537669235],[115.30926567651787,-6.8347506346592199],[115.30926575745139,-6.8347596549454019],[115.30925673256539,-6.8347597358376362],[115.30925681349885,-6.8347687561239221],[115.30927486327107,-6.8347685943390681],[115.30927478233727,-6.8347595740529989],[115.3093108818797,-6.8347592504817047],[115.30931096281415,-6.8347682707673423],[115.30931998769968,-6.8347681898739907],[115.30931990676505,-6.8347591695884597],[115.30932893165026,-6.8347590886950469],[115.30932901258507,-6.8347681089804713],[115.30934706235553,-6.834767947192927],[115.30934698142039,-6.8347589269077176],[115.30935600630528,-6.834758846013802],[115.30935592537008,-6.8347498257286974],[115.30939202490791,-6.8347495021517801],[115.30939218677976,-6.8347675427211234],[115.30941023654867,-6.8347673809312255],[115.30941015561235,-6.834758360646771],[115.30943723026444,-6.8347581179609849],[115.30943706839112,-6.8347400773927109],[115.3094460932746,-6.834739996497329],[115.30944617421137,-6.8347490167813598],[115.30945519909487,-6.8347489358857016],[115.30945536096907,-6.8347669764535359],[115.30941926143299,-6.834767300036023],[115.30941934236958,-6.8347763203203815],[115.30952764097468,-6.8347753495635564],[115.30952772191338,-6.8347843698465836],[115.30953674679661,-6.8347842889489812],[115.30953682773558,-6.8347933092319133],[115.30955487750205,-6.8347931474359882],[115.30955479656271,-6.834784127153271],[115.30956382144561,-6.834784046255165],[115.30956374050618,-6.8347750259725668],[115.30959984003599,-6.8347747023788878],[115.30960000191622,-6.8347927429432316],[115.30962707656343,-6.8347925002455607],[115.30962691468216,-6.8347744596818627],[115.30964496444575,-6.8347742978830057],[115.30964512632768,-6.8347923384462712],[115.30966317609148,-6.8347921766463111],[115.30966309515013,-6.8347831563648862],[115.30967212003172,-6.8347830754647614],[115.30967220097322,-6.8347920957460779],[115.30969927561779,-6.8347918530443703],[115.30969919467577,-6.8347828327633788],[115.30970821955691,-6.8347827518625808],[115.3097083814414,-6.8348007924243461],[115.30972643120401,-6.8348006306218156],[115.30972626931884,-6.8347825900604802],[115.30973529419967,-6.8347825091591785],[115.30973545608518,-6.834800549720299],[115.30978058048926,-6.8348001452101874],[115.30978049954562,-6.8347911249301694],[115.30978952442594,-6.8347910440277504],[115.30978944348223,-6.8347820237478354],[115.30979846836226,-6.834781942845356],[115.3097982255313,-6.8347548820059076],[115.30982530016925,-6.8347546392984304],[115.3098253811133,-6.834763659577928],[115.30981635623394,-6.834763740480696],[115.30981643717791,-6.8347727607603144],[115.30983448693692,-6.8347725989543946],[115.30983416316025,-6.8347365178368094],[115.30984318803888,-6.8347364369340289],[115.30984294520705,-6.8347093760961313],[115.30986099496303,-6.8347092142907115],[115.30986107590721,-6.8347182345697988],[115.30987010078519,-6.8347181536667296],[115.30987001984083,-6.834709133387749],[115.30987904471856,-6.8347090524846186],[115.30987896377415,-6.8347000322057241],[115.3098879886516,-6.8346999513025342],[115.30988766487438,-6.8346638701874305],[115.30994181413269,-6.8346633847673415],[115.30994197602307,-6.8346814253236179],[115.30996002577562,-6.8346812635151455],[115.30995994483001,-6.8346722432372244],[115.30998701945757,-6.834672000523577],[115.30998710040365,-6.834681020801173],[115.31000515015511,-6.8346808589910202],[115.31000523110164,-6.8346898792683977],[115.31004133060397,-6.8346895556456406],[115.31004141155127,-6.8346985759225651],[115.31005043642672,-6.8346984950163474],[115.31005035547925,-6.8346894747395304],[115.3100954798541,-6.8346890702064602],[115.31009539890587,-6.834680049930161],[115.31011344865473,-6.8346798881159714],[115.31011352960329,-6.8346889083920557],[115.31013157935205,-6.8346887465769779],[115.31013166030102,-6.8346977668528242],[115.31010458567727,-6.8346980095755123],[115.3101047475746,-6.8347160501278923],[115.31011377244963,-6.834715969220281],[115.31011369150075,-6.8347069489442109],[115.31014979099915,-6.8347066253125197],[115.31014995289836,-6.8347246658637948],[115.31021312701868,-6.8347240995003551],[115.31021296511707,-6.8347060589505899],[115.31024003973742,-6.8347058162215255],[115.3102399587863,-6.8346967959469422],[115.31024898365938,-6.8346967150370252],[115.3102487408061,-6.8346696542136405],[115.31025776567857,-6.834669573303878],[115.31025768472752,-6.8346605530295097],[115.3102667095997,-6.8346604721196886],[115.31026662864861,-6.8346514518454065],[115.31027565352049,-6.8346513709355241],[115.31027557256935,-6.8346423506613796],[115.31029362231249,-6.8346421888413262],[115.31029354136108,-6.8346331685673753],[115.31030256623232,-6.8346330876572052],[115.3103027281355,-6.834651128204869],[115.3103388276207,-6.8346508045616412],[115.31033898952569,-6.8346688451084594],[115.31035703926828,-6.8346686832854058],[115.31035695831538,-6.8346596630122223],[115.31037500805722,-6.8346595011887121],[115.31037508901042,-6.8346685214616789],[115.31038411388136,-6.8346684405495637],[115.31038419483484,-6.8346774608224186],[115.31041126944746,-6.8346772180847397],[115.31041135040155,-6.8346862383572677],[115.31042940014308,-6.8346860765310922],[115.31042923823431,-6.8346680359864651],[115.31043826310454,-6.83466795507334],[115.31043834405905,-6.8346769753455483],[115.31047444353969,-6.8346766516909403],[115.3104743625845,-6.8346676314191619],[115.31048338745421,-6.8346675505051966],[115.31048314458883,-6.8346404896901607],[115.31050119432693,-6.834640327862374],[115.31050111337169,-6.8346313075909011],[115.31057331231831,-6.8346306602738869],[115.31057323136181,-6.8346216400032729],[115.31058225622949,-6.8346215590879975],[115.31058233718613,-6.834630579358504],[115.31060038692148,-6.8346304175272321],[115.31060054883578,-6.8346484580677824],[115.31060957370363,-6.8346483771516802],[115.31060965466112,-6.8346573974218661],[115.31061867952904,-6.8346573165054867],[115.3106187604868,-6.8346663367755465],[115.31062778535477,-6.8346662558588891],[115.31062802822919,-6.8346933166686972],[115.31065510283395,-6.8346930739167515],[115.3106553457109,-6.8347201347255835],[115.3106824203162,-6.8347198919711545],[115.31068258223573,-6.8347379325096966],[115.31069160710423,-6.8347378515910018],[115.31069168806434,-6.8347468718601592],[115.31071876266982,-6.8347466291027432],[115.31071884363051,-6.834755649371572],[115.31073689336732,-6.8347554875322389],[115.31073713625108,-6.834782548338052],[115.31072811138226,-6.8347826292581271],[115.31072819234356,-6.8347916495268297],[115.31074624208145,-6.8347914876862985],[115.31074632304322,-6.8348005079547827],[115.31075534791218,-6.834800427034156],[115.31075542887422,-6.8348094473025451],[115.31076445374325,-6.8348093663816432],[115.31076453470554,-6.8348183866498866],[115.31077355957463,-6.8348183057287084],[115.31077339764977,-6.8348002651924],[115.31076437278102,-6.8348003461133624],[115.31076429181894,-6.8347913258450941],[115.31078234155596,-6.8347911640032173],[115.31078242251839,-6.8348001842712707],[115.31080047225534,-6.8348000224285048],[115.31080039129256,-6.8347910021606681],[115.3107913664243,-6.8347910830820267],[115.31079112353717,-6.8347640222781818],[115.31080917327255,-6.8347638604359426],[115.31080925423514,-6.8347728807036683],[115.31081827910282,-6.834772799782189],[115.31081819814004,-6.8347637795145717],[115.31082722300745,-6.8347636985930311],[115.31082730397041,-6.8347727188605409],[115.31083632883785,-6.834772637938725],[115.31083640980108,-6.8347816582061398],[115.31084543466864,-6.8347815772840486],[115.31084559659574,-6.8347996178186499],[115.31085462146348,-6.8347995368961731],[115.31085478339135,-6.8348175774305426],[115.31086380825933,-6.8348174965076831],[115.3108638892236,-6.8348265167747533],[115.31087291409166,-6.8348264358516175],[115.31087283312721,-6.8348174155846557],[115.31088185799499,-6.8348173346614596],[115.31088193895958,-6.8348263549283148],[115.31089096382742,-6.8348262740048433],[115.3108910447923,-6.8348352942715849],[115.31091811939559,-6.8348350514998373],[115.31091795746494,-6.8348170109669963],[115.31089088286262,-6.8348172537380965],[115.31089080189797,-6.834808233471362],[115.31086372729517,-6.8348084762406263],[115.31086356536716,-6.8347904357064468],[115.31087259023455,-6.8347903547837427],[115.31087250927052,-6.8347813345167641],[115.31088153413762,-6.8347812535940005],[115.31088145317355,-6.834772233327123],[115.31089047804038,-6.834772152404299],[115.31089039707625,-6.8347631321375433],[115.31089942194278,-6.834763051214658],[115.31089950290709,-6.8347720714813054],[115.31090852777366,-6.8347719905581457],[115.31090860873822,-6.8347810108246971],[115.31092665847143,-6.8347808489776547],[115.31092673943644,-6.8347898692439886],[115.31093576430305,-6.8347897883201076],[115.31093584526835,-6.8347988085863269],[115.310944870135,-6.8347987276621707],[115.31094495110055,-6.8348077479282958],[115.31095397596728,-6.8348076670038633],[115.31095405693311,-6.8348166872698428],[115.31094503206623,-6.8348167681943828],[115.31094511303202,-6.8348257884604839],[115.31096316276603,-6.8348256266110186],[115.31096332469859,-6.8348436671427732],[115.31099039929978,-6.8348434243666683],[115.31099031833294,-6.8348344041011151],[115.31097226859924,-6.8348345659518053],[115.31097210666657,-6.8348165254202566],[115.31098113153313,-6.8348164444952113],[115.31098105056678,-6.834807424229556],[115.31097202570038,-6.8348075051544921],[115.31097170183673,-6.8347714240913087],[115.31098072670248,-6.8347713431668025],[115.31098056477097,-6.8347533026354101],[115.31098958963624,-6.834753221710951],[115.31098991350034,-6.8347893027732889],[115.3110440626937,-6.834788817220419],[115.31104422462843,-6.8348068577502845],[115.31105324949395,-6.8348067768240028],[115.31105333046166,-6.8348157970887975],[115.31104430559594,-6.8348158780151866],[115.31104438656361,-6.8348248982801021],[115.31102633683156,-6.8348250601325935],[115.31102625586426,-6.8348160398674631],[115.31101723099825,-6.8348161207933495],[115.31101747389998,-6.8348431815890489],[115.31100844903337,-6.8348432625150908],[115.31100861096806,-6.8348613030457512],[115.31099958610098,-6.8348613839718393],[115.31099974803578,-6.8348794245026978],[115.31101779777049,-6.8348792626499222],[115.31101763583501,-6.8348612221194935],[115.31103568556861,-6.8348610602664763],[115.31103576653662,-6.8348700805314762],[115.31104479140343,-6.8348699996046083],[115.31104511527725,-6.834906080664136],[115.31102706554219,-6.8349062425185672],[115.31102714651058,-6.834915262783654],[115.31101812164273,-6.8349153437107244],[115.31101836454806,-6.8349424045062825],[115.31104543915284,-6.8349421617235935],[115.31104552012199,-6.8349511819884476],[115.31108161959419,-6.8349508582754099],[115.31108170056415,-6.834959878539828],[115.31109975029989,-6.8349597166820848],[115.3110998312703,-6.8349687369463004],[115.31110885613818,-6.834968656017069],[115.31110893710884,-6.8349776762811389],[115.31113601171235,-6.8349774334921118],[115.31113593074117,-6.8349684132283652],[115.31114495560864,-6.8349683322984625],[115.31114487463739,-6.8349593120347851],[115.3111358497701,-6.8349593929645813],[115.31113560685755,-6.8349323321732536],[115.31111755712365,-6.8349324940316949],[115.31111747615337,-6.8349234737676952],[115.31112650102021,-6.8349233928386663],[115.31112642004985,-6.8349143725747705],[115.3111354449164,-6.8349142916456804],[115.31113536394597,-6.8349052713818876],[115.31115341367841,-6.8349051095234206],[115.31115333270778,-6.8348960892598383],[115.31116235757365,-6.8348960083304595],[115.31116227660296,-6.8348869880669811],[115.31117130146858,-6.8348869071375429],[115.31117113952716,-6.8348688666107886],[115.31119821412233,-6.8348686238221106],[115.31119756635702,-6.8347964617175077],[115.31118854149345,-6.8347965426463722],[115.31118870343379,-6.8348145831727649],[115.31116162884129,-6.8348148259589987],[115.31116146690198,-6.8347967854319585],[115.31117049176591,-6.8347967045035984],[115.31117041079624,-6.8347876842401796],[115.31116138593248,-6.834787765168433],[115.31116130496309,-6.8347787449049022],[115.31115228009939,-6.8347788258328794],[115.31115219913028,-6.8347698055692359],[115.3111341494029,-6.83476996742447],[115.31113439230954,-6.8347970282160322],[115.31114341717381,-6.8347969472881758],[115.31114357911247,-6.8348149878156459],[115.31115260397692,-6.8348149068874058],[115.31115268494661,-6.8348239271510272],[115.31116170981112,-6.8348238462225108],[115.3111618717511,-6.8348418867495244],[115.31117089661586,-6.8348418058206253],[115.3111709775862,-6.8348508260840006],[115.31116195272125,-6.8348509070130081],[115.3111618717511,-6.8348418867495244],[115.31114382202125,-6.8348420486068182],[115.31114374105155,-6.8348330283430982],[115.31110764159119,-6.8348333520552398],[115.31110756062225,-6.8348243317910846],[115.31111658548733,-6.8348242508634085],[115.31111626161206,-6.8347881698071742],[115.31110723674765,-6.8347882507344186],[115.31110707481101,-6.8347702102060595],[115.31108902508252,-6.8347703720596131],[115.31108910605046,-6.8347793923240099],[115.31108008118589,-6.8347794732506415],[115.31108000021813,-6.8347704529861373],[115.31105292562427,-6.8347706957646999],[115.31105284465713,-6.8347616754998839],[115.31102577006276,-6.8347619182766106],[115.3110256081298,-6.834743877746269],[115.31101658326513,-6.8347439586712921],[115.31101650229897,-6.834734938406017],[115.31098942770483,-6.834735181179755],[115.31098934673931,-6.8347261609141512],[115.31098032187454,-6.8347262418382861],[115.31098024090929,-6.8347172215725696],[115.31097121604456,-6.8347173024964292],[115.31097137797485,-6.8347353430280728],[115.31095332824444,-6.8347355048757183],[115.3109534092094,-6.8347445251417502],[115.31094438434387,-6.8347446060654287],[115.31094446530878,-6.8347536263315627],[115.31093544044296,-6.8347537072551825],[115.3109352785136,-6.8347356667226924],[115.31095332824444,-6.8347355048757183],[115.31095308535019,-6.8347084440776005],[115.31096211021496,-6.834708363154185],[115.31096194828565,-6.8346903226222828],[115.31098902287826,-6.8346900798516739],[115.31098894191327,-6.8346810595860648],[115.31099796677708,-6.8346809786623002],[115.31099788581203,-6.8346719583967781],[115.31098886094838,-6.8346720393204352],[115.31098877998362,-6.8346630190548012],[115.31097073025634,-6.8346631809013951],[115.31097056832779,-6.8346451403696653],[115.31098861805441,-6.8346449785235013],[115.31098877998362,-6.8346630190548012],[115.31101585457374,-6.8346627762836487],[115.3110162594012,-6.8347078776101604],[115.31103430912907,-6.8347077157608069],[115.31103439009523,-6.8347167360258823],[115.31104341495916,-6.8347166551008449],[115.3110434959256,-6.8347256753658074],[115.3110525207896,-6.8347255944404939],[115.31105227789014,-6.8346985336459198],[115.31104325302661,-6.8346986145709083],[115.31104309109452,-6.8346805740409549],[115.31107919054651,-6.8346802503408517],[115.31107927151318,-6.8346892706053834],[115.31109732123886,-6.8346891087541071],[115.31109756414052,-6.8347161695470948],[115.31110658900369,-6.8347160886208815],[115.31110650803618,-6.8347070683566695],[115.31115163234958,-6.834706663723618],[115.31115155138136,-6.8346976434599407],[115.31116057624354,-6.8346975625329351],[115.31116065721194,-6.8347065827965041],[115.31115163234958,-6.834706663723618],[115.31115171331793,-6.8347156839872927],[115.31113366359256,-6.8347158458412327],[115.31113374456068,-6.8347248661051152],[115.31111569483454,-6.8347250279585996],[115.31111577580243,-6.8347340482226953],[115.31110675093903,-6.8347341291492922],[115.31110683190684,-6.83474314941349],[115.31111585677043,-6.8347430684867856],[115.31111593773853,-6.8347520887508724],[115.31115203719241,-6.8347517650419389],[115.3111521181613,-6.8347607853056065],[115.31117919275104,-6.8347605425218187],[115.31117943565989,-6.8347876033117592],[115.31119748538687,-6.834787441454413],[115.31119740441679,-6.834778421191313],[115.31120642927993,-6.8347783402624955],[115.31120651025016,-6.8347873605254863],[115.31121553511339,-6.8347872795963935],[115.3112156160839,-6.8347962998592733],[115.31122464094715,-6.8347962189299043],[115.31122447900592,-6.8347781784043553],[115.31126960331893,-6.8347777737560635],[115.31126952234764,-6.8347687534938224],[115.31127854720974,-6.8347686725637677],[115.3112786281812,-6.8347776928259005],[115.31128765304337,-6.8347776118955705],[115.31128781498695,-6.8347956524196087],[115.31129683984935,-6.8347955714888942],[115.31129692082148,-6.8348045917508156],[115.31130594568394,-6.8348045108198239],[115.31130610762888,-6.8348225513433896],[115.31129708276606,-6.8348226322745962],[115.31129732568378,-6.8348496930602414],[115.31130635054707,-6.8348496121287114],[115.31130651249308,-6.8348676526522674],[115.31131553735661,-6.8348675717203538],[115.31131545638337,-6.8348585514586944],[115.31132448124659,-6.8348584705267204],[115.31132423832707,-6.8348314097420415],[115.31131521346434,-6.8348314906736913],[115.31131505151886,-6.8348134501503344],[115.31132407638124,-6.8348133692188995],[115.31132383346335,-6.8347863084341549],[115.31134188318681,-6.8347861465714281],[115.31134220707891,-6.8348222276168835],[115.31136025680328,-6.8348220657526211],[115.31136049972451,-6.8348491265360032],[115.31136952458705,-6.8348490456032964],[115.31136960556117,-6.8348580658643305],[115.31137863042377,-6.8348579849313476],[115.31137879237271,-6.8348760254531529],[115.3113878172355,-6.8348759445197853],[115.31138789821031,-6.8348849647805743],[115.31139692307318,-6.8348848838469323],[115.31139700404826,-6.8348939041076076],[115.31140602891118,-6.8348938231736902],[115.31140610988652,-6.8349028434342536],[115.31141513474951,-6.8349027625000609],[115.31141529670089,-6.8349208030209594],[115.31142432156412,-6.8349207220863821],[115.31142440254011,-6.8349297423467164],[115.31143342740339,-6.8349296614118629],[115.31143350837968,-6.8349386816720861],[115.31144253324302,-6.8349386007369555],[115.31144245226656,-6.8349295804768406],[115.31146050199257,-6.8349294186062926],[115.31146042101588,-6.8349203983463891],[115.3114423712902,-6.8349205602167213],[115.31144220933783,-6.8349025196964686],[115.31146025906281,-6.8349023578265671],[115.31146034003928,-6.8349113780864803],[115.31147838976419,-6.8349112162156906],[115.31147855171811,-6.8349292567350721],[115.31148757658073,-6.8349291757992079],[115.31148765755803,-6.8349381960587854],[115.31147863269527,-6.8349382769947562],[115.31147903758257,-6.8349833782931118],[115.3114880624462,-6.8349832973566036],[115.31148814342414,-6.8349923176161536],[115.3115152180149,-6.8349920748052924],[115.31151529899347,-6.8350010950645155],[115.311524323857,-6.8350010141271182],[115.31152440483584,-6.8350100343862454],[115.31153342969944,-6.8350099534485711],[115.31153351067854,-6.8350189737075544],[115.31155156040572,-6.8350188118314872],[115.31155139844691,-6.8350007713139158],[115.3115333487204,-6.8350009331895514],[115.31153318676269,-6.8349828926715332],[115.31152416189961,-6.8349829736088834],[115.31152408092109,-6.8349739533497607],[115.31150603119494,-6.8349741152237407],[115.3115057072833,-6.8349380341863402],[115.31149668242074,-6.8349381151226467],[115.31149643948865,-6.8349110543442286],[115.31148741462646,-6.8349111352800431],[115.31148733364948,-6.8349021150204541],[115.3115053833734,-6.8349019531488704],[115.3115053023962,-6.8348929328894918],[115.31149627753447,-6.8348930138252602],[115.31149619655756,-6.8348839935657706],[115.31145107224812,-6.8348843982415479],[115.31145099127214,-6.8348753779815139],[115.31143294154793,-6.8348755398504331],[115.3114328605724,-6.8348665195901788],[115.31142383571031,-6.8348666005242782],[115.31142343083516,-6.8348214992224072],[115.31141440597378,-6.8348215801557988],[115.31141432499925,-6.8348125598953047],[115.31142334986046,-6.8348124789620206],[115.31142294498856,-6.8347673776600191],[115.31140489526776,-6.834767539525342],[115.31140481429404,-6.8347585192647298],[115.31138676457311,-6.8347586811291645],[115.31138652165365,-6.834731620346588],[115.31139554651367,-6.8347315394147792],[115.3113956274869,-6.8347405596755282],[115.31140465234697,-6.8347404787434423],[115.31140457137357,-6.8347314584828007],[115.31141359623336,-6.8347313775506553],[115.31141351525993,-6.8347223572901168],[115.31140449040029,-6.8347224382221548],[115.3114041665083,-6.8346863571795105],[115.31141319136725,-6.8346862762479033],[115.3114129484489,-6.8346592154662273],[115.31140392359046,-6.8346592963975112],[115.31140376164578,-6.8346412558761287],[115.31141278650385,-6.8346411749450606],[115.31141270553151,-6.8346321546844964],[115.31139465581553,-6.8346323165462488],[115.31139441290016,-6.8346052557638313],[115.3114034377577,-6.8346051748333627],[115.31140335678597,-6.8345961545726732],[115.31141238164324,-6.8345960736421434],[115.31141221969973,-6.8345780331209163],[115.31142124455658,-6.8345779521904344],[115.31142108261319,-6.8345599116694222],[115.3114120577567,-6.8345599925996892],[115.31141181484293,-6.8345329318178143],[115.31140278998686,-6.8345330127475892],[115.31140262804523,-6.8345149722261027],[115.31141165290096,-6.8345148912965445],[115.31141140998885,-6.8344878305146048],[115.31142043484401,-6.8344877495852003],[115.31142019193237,-6.8344606888035448],[115.31140214222297,-6.8344608506615385],[115.31140206125301,-6.8344518304007629],[115.31142011096203,-6.8344516685429859],[115.31142002999184,-6.8344426482824208],[115.311429054846,-6.8344425673533884],[115.31142889290557,-6.8344245268324624],[115.31141084319775,-6.8344246886899285],[115.31141092416757,-6.8344337089505931],[115.31140189931332,-6.8344337898791805],[115.31140181834368,-6.8344247696184093],[115.31138376863518,-6.8344249314748673],[115.31138384960452,-6.8344339517358543],[115.31137482474995,-6.834434032663939],[115.31137490571922,-6.8344430529250637],[115.31136588086437,-6.834443133853088],[115.31136579989526,-6.8344341135918558],[115.31137482474995,-6.834434032663939],[115.311374500874,-6.8343979516194819],[115.31138352572788,-6.834397870691828],[115.31138344475899,-6.8343888504308232],[115.31137441990526,-6.8343889313583688],[115.31137433893666,-6.8343799110972183],[115.31138336379021,-6.8343798301697811],[115.31138328282154,-6.8343708099087497],[115.31139230767484,-6.8343707289812521],[115.3113922267061,-6.8343617087203254],[115.31137417699976,-6.8343618705749378],[115.31137409603147,-6.8343528503137918],[115.31135604632503,-6.8343530121675151],[115.31135588438947,-6.8343349716447781],[115.31136490924239,-6.8343348907182158],[115.31136482827461,-6.8343258704569481],[115.31135580342185,-6.8343259513834029],[115.31135556051964,-6.8342988905992508],[115.31134653566727,-6.8342989715252136],[115.3113466166344,-6.8343079917867104],[115.31133759178174,-6.8343080727126138],[115.31133775371599,-6.8343261132358082],[115.31132872886289,-6.8343261941617586],[115.31132880982999,-6.834335214423457],[115.31131978497662,-6.8343352953493479],[115.31131986594367,-6.8343443156111663],[115.31130181623627,-6.8343444774626576],[115.31130165430292,-6.8343264369386008],[115.31132872886289,-6.8343261941617586],[115.31132832402896,-6.8342810928531996],[115.3113102743241,-6.8342812547035185],[115.31131035529035,-6.8342902749654542],[115.31125620617219,-6.8342907605130216],[115.31125612520697,-6.8342817402504386],[115.3112471003537,-6.8342818211743372],[115.31124701938876,-6.8342728009116254],[115.31125604424186,-6.834272719987835],[115.31125596327684,-6.8342636997252608],[115.31126498812962,-6.8342636188014101],[115.31126490716458,-6.8342545985389229],[115.31127393201709,-6.83425451761501],[115.31127360815726,-6.8342184365654477],[115.31125555845347,-6.8342185984122406],[115.31125547748911,-6.8342095781496228],[115.31127352719258,-6.8342094163030467],[115.311273446228,-6.8342003960406412],[115.3112914959307,-6.8342002341936077],[115.31129141496589,-6.8341912139314118],[115.31128239011478,-6.8341912948549055],[115.31128230915027,-6.8341822745926155],[115.31126425944804,-6.8341824364388808],[115.31126417848394,-6.8341734161763377],[115.31125515363286,-6.834173497099111],[115.31125499170534,-6.8341554565738285],[115.31126401655612,-6.8341553756512718],[115.31126393559238,-6.8341463553887323],[115.31129101014355,-6.8341461126203749],[115.31129117207217,-6.834164153144803],[115.31130922177307,-6.8341639912979595],[115.31130914080838,-6.8341549710359635],[115.31131816565848,-6.8341548901123961],[115.31131808469374,-6.834145869850504],[115.31130905984378,-6.8341459507739621],[115.31130889791494,-6.8341279102499479],[115.31129084821538,-6.8341280720959281],[115.31129092917939,-6.8341370923581533],[115.31128190432931,-6.8341371732810012],[115.31128182336543,-6.8341281530186677],[115.31129084821538,-6.8341280720959281],[115.31129068628763,-6.8341100315714662],[115.31129971113714,-6.8341099506487746],[115.31129954920951,-6.8340919101245108],[115.31132662375634,-6.8340916673560761],[115.31132654279217,-6.8340826470942613],[115.31131751794351,-6.8340827280171323],[115.31131727505218,-6.8340556672313371],[115.31135337444417,-6.8340553435401343],[115.31135329347994,-6.8340463232786242],[115.31136231832748,-6.8340462423555106]],[[115.31124459049133,-6.8340021930287911],[115.31125361533937,-6.8340021121082337],[115.31125369630119,-6.83401113237095],[115.31126272114928,-6.8340110514501191],[115.31126280211139,-6.8340200717127058],[115.31123572756631,-6.8340203144750227],[115.3112356466047,-6.8340112942121127],[115.31124467145298,-6.8340112132916158],[115.31124459049133,-6.8340021930287911],[115.3112355656432,-6.8340022739491797],[115.31123548468183,-6.833993253686244],[115.31124450952979,-6.8339931727659611],[115.31124459049133,-6.8340021930287911]],[[115.31033324216654,-6.834028405686408],[115.31032421730701,-6.8340284865900305],[115.31032429825174,-6.834037506863857],[115.31031527339195,-6.8340375877674191],[115.31031551622627,-6.834064648589143],[115.31029746650535,-6.834064810396411],[115.31029738556079,-6.8340557901222931],[115.31028836070034,-6.8340558710255674],[115.31028827975607,-6.834046850751335],[115.31027925489565,-6.834046931654334],[115.31027909300778,-6.8340288911056266],[115.31025201842692,-6.8340291338129653],[115.31025185654048,-6.8340110932636264],[115.31026088140057,-6.8340110123615636],[115.31026063857122,-6.8339839515378396],[115.31026966343067,-6.8339838706359313],[115.31026958248759,-6.8339748503614342],[115.31031470678235,-6.8339744458499121],[115.31031478772624,-6.833983466123871],[115.31034186230229,-6.8339832234146174],[115.31034202419143,-6.8340012639618273],[115.31033299933253,-6.8340013448652952],[115.31033291838808,-6.8339923245915752],[115.31027876923334,-6.8339928100082092],[115.31027885017677,-6.8340018302825731],[115.31029689989579,-6.8340016684774865],[115.31029698083968,-6.8340106887516319],[115.31032405541789,-6.8340104460424156],[115.3103241363624,-6.8340194663162341],[115.31033316122175,-6.8340193854127183],[115.31033324216654,-6.834028405686408]],[[115.31019811208969,-6.834056680049061],[115.31018908722803,-6.8340567609504861],[115.31018916817054,-6.8340657812258989],[115.3101801433086,-6.8340658621272627],[115.31017998142399,-6.8340478215762186],[115.3101980311471,-6.8340476597737521],[115.31019811208969,-6.834056680049061]],[[115.31008086982001,-6.834066752031176],[115.31007184495674,-6.8340668329305219],[115.31007192589718,-6.834075853207314],[115.31006290103367,-6.8340759341066013],[115.31006282009336,-6.8340669138297008],[115.31002672063882,-6.8340672374247351],[115.31002663969932,-6.8340582171473816],[115.31001761483559,-6.8340582980456128],[115.31001753389634,-6.8340492777681492],[115.31007168307616,-6.8340487923768913],[115.31007176401639,-6.8340578126537093],[115.3100807888795,-6.83405773175447],[115.31008086982001,-6.834066752031176]],[[115.31008095076062,-6.8340757723078598],[115.31008997562392,-6.8340756914082368],[115.31009005656485,-6.8340847116848424],[115.31008103170137,-6.8340847925845729],[115.31008095076062,-6.8340757723078598]],[[115.31009900048714,-6.834075610508445],[115.31013509993886,-6.8340752869076011],[115.31013501899724,-6.834066266631563],[115.31015306872212,-6.834066104830347],[115.31015323060616,-6.8340841453820218],[115.31014420574346,-6.8340842262829291],[115.31014428668547,-6.8340932465588677],[115.31013526182245,-6.8340933274597138],[115.31013518088061,-6.8340843071836685],[115.31012615601767,-6.8340843880842392],[115.31012623695935,-6.8340934083603928],[115.31009916236938,-6.834093651061421],[115.31009900048714,-6.834075610508445]],[[115.31129036243345,-6.8340739505224883],[115.3112993872823,-6.8340738696002283],[115.31129930631886,-6.8340648493380645],[115.3113083311674,-6.8340647684157441],[115.31130849309473,-6.8340828089398356],[115.31129044339684,-6.8340829707847393],[115.31129036243345,-6.8340739505224883]],[[115.31127239369852,-6.8340831326289697],[115.31126336884921,-6.8340832135508336],[115.31126328788633,-6.8340741932882594],[115.31127231273548,-6.834074112366503],[115.31127239369852,-6.8340831326289697]],[[115.31030681514582,-6.8341008105888639],[115.31031584000691,-6.8341007296847147],[115.31031592095233,-6.8341097499585963],[115.31030689609109,-6.8341098308628538],[115.31030697703646,-6.8341188511368403],[115.31027990245151,-6.8341190938489254],[115.31027957867269,-6.8340830127516643],[115.31030665325562,-6.8340827700408715],[115.31030681514582,-6.8341008105888639]],[[115.3086192451145,-6.8341249570035227],[115.30858314558661,-6.8341252804931072],[115.30858306467347,-6.834116260198539],[115.30861916420068,-6.8341159367093844],[115.3086192451145,-6.8341249570035227]],[[115.31024364111516,-6.8341013769132015],[115.3102346162532,-6.834101457816006],[115.31023445436568,-6.8340834172662888],[115.31024347922732,-6.834083336363701],[115.31024364111516,-6.8341013769132015]],[[115.31016193170045,-6.8340479833780119],[115.31015290683852,-6.8340480642786563],[115.31015274495533,-6.8340300237269309],[115.31016176981693,-6.8340299428265023],[115.31016193170045,-6.8340479833780119]],[[115.31006257727319,-6.8340398529989246],[115.31005355241022,-6.8340399338976114],[115.31005347147055,-6.8340309136205537],[115.31003542174462,-6.834031075417208],[115.31003534080537,-6.8340220551399637],[115.31006241539362,-6.8340218124450525],[115.31006257727319,-6.8340398529989246]],[[115.30989996784946,-6.834023268591821],[115.30989094298486,-6.8340233494872669],[115.30989086204843,-6.8340143292082765],[115.30987281231924,-6.8340144909984479],[115.30987265044737,-6.8339964504400239],[115.30989070017591,-6.8339962886502841],[115.30989078111212,-6.8340053089292834],[115.30989980597639,-6.8340052280340524],[115.30989996784946,-6.834023268591821]],[[115.3088620267862,-6.8340235501747015],[115.30885300190921,-6.8340236310507034],[115.30885292099222,-6.8340146107593203],[115.30886194586905,-6.8340145298834241],[115.3088620267862,-6.8340235501747015]],[[115.30986370651864,-6.8340055516139637],[115.30984565678915,-6.8340057134029113],[115.30984549491851,-6.8339876728438487],[115.30986354464734,-6.8339875110553328],[115.30986370651864,-6.8340055516139637]],[[115.30980939545951,-6.8339879964188635],[115.30980037059449,-6.8339880773121955],[115.30980028966019,-6.833979057032094],[115.30979126479521,-6.8339791379251524],[115.30979110292724,-6.833961097364754],[115.30978207806253,-6.8339611782574279],[115.30978199712888,-6.8339521579771132],[115.30980004685789,-6.8339519961918134],[115.30980012779189,-6.8339610164719113],[115.3098091526564,-6.8339609355789017],[115.30980923359066,-6.8339699558588887],[115.30981825845522,-6.833969874965601],[115.30981833938976,-6.8339788952454761],[115.30980931452504,-6.8339789761388685],[115.30980939545951,-6.8339879964188635]],[[115.30947507074066,-6.8339458879403407],[115.3094752325964,-6.8339639285082985],[115.30948425746486,-6.8339638476213409],[115.30948433839305,-6.8339728679052056],[115.3094662886557,-6.8339730296791679],[115.30946620772782,-6.8339640093950873],[115.30944815799037,-6.8339641711681622],[115.30944799613563,-6.8339461305995579],[115.30945702100409,-6.8339460497133206],[115.30945694007671,-6.8339370294291193],[115.30946596494486,-6.8339369485428216],[115.30946588401744,-6.8339279282587242],[115.30952003322317,-6.8339274429380525],[115.3095201141516,-6.8339364632215034],[115.30952913901899,-6.833936382334028],[115.30952930087655,-6.8339544229007023],[115.309502226273,-6.8339546655632688],[115.30950214534468,-6.8339456452796101],[115.30947507074066,-6.8339458879403407]],[[115.30962857441446,-6.8339535331250119],[115.30964662414722,-6.8339533713454284],[115.30964678600957,-6.8339714119092836],[115.30962873627615,-6.8339715736892979],[115.30962857441446,-6.8339535331250119]],[[115.30875316185129,-6.8339613786275635],[115.30873511209691,-6.8339615403738581],[115.30873503118286,-6.8339525200810431],[115.30870795655093,-6.8339527626989005],[115.30870787563752,-6.8339437424057587],[115.30867177612747,-6.8339440658934505],[115.30867169521484,-6.8339350455998726],[115.30864462058165,-6.8339352882135529],[115.30864453966963,-6.8339262679196482],[115.30860844015784,-6.8339265914017711],[115.30860835924659,-6.8339175711074303],[115.30861738412455,-6.8339174902372601],[115.30861730321325,-6.8339084699430224],[115.30862632809092,-6.833908389072791],[115.30862624717957,-6.833899368778658],[115.30857209791294,-6.8338998539968756],[115.3085719360926,-6.8338818134072863],[115.30856291121478,-6.8338818942761854],[115.30856274939518,-6.8338638536863971],[115.30853567476208,-6.8338640962914399],[115.30853559385298,-6.8338550759962082],[115.30857169336288,-6.8338547525229103],[115.30857177427268,-6.833863772817713],[115.30859884890445,-6.8338635302106523],[115.30859876799414,-6.8338545099161729],[115.30858974311715,-6.8338545907852541],[115.30858966220713,-6.8338455704906638],[115.30859868708396,-6.8338454896216909],[115.30859860617387,-6.8338364693271867],[115.30861665592684,-6.8338363075889523],[115.30861689865843,-6.8338633684717713],[115.30863494841196,-6.833863206732218],[115.30863478659012,-6.8338451661441182],[115.3086438114664,-6.8338450852743051],[115.30864397328857,-6.8338631258621891],[115.30867104791771,-6.8338628832510935],[115.30867112882947,-6.8338719035447069],[115.30868917858204,-6.8338717418029198],[115.30868925949424,-6.8338807620962951],[115.30869828437054,-6.8338806812250432],[115.30869836528301,-6.8338897015183404],[115.30870739015933,-6.8338896206468114],[115.30870771381103,-6.8339257018194601],[115.30871673868796,-6.8339256209473316],[115.30871681960132,-6.8339346412403756],[115.30873486935513,-6.8339344794954],[115.30873495026896,-6.8339434997882238],[115.30874397514587,-6.8339434189153758],[115.30874405605995,-6.8339524392080868],[115.30875308093691,-6.8339523583349653],[115.30875316185129,-6.8339613786275635]],[[115.30862665173743,-6.8339444702492829],[115.30861762685909,-6.833944551119945],[115.30861754594746,-6.8339355308257215],[115.30862657082564,-6.8339354499551659],[115.30862665173743,-6.8339444702492829]],[[115.30830997187648,-6.833857097643361],[115.30830094699598,-6.8338571785070625],[115.30830086609134,-6.8338481582090251],[115.30830989097167,-6.8338480773454311],[115.30830997187648,-6.833857097643361]],[[115.30856250666662,-6.8338367928016384],[115.30855348178956,-6.8338368736698314],[115.30855340088043,-6.8338278533748174],[115.30856242575733,-6.8338277725067327],[115.30856250666662,-6.8338367928016384]],[[115.30995233643263,-6.8338243370934171],[115.30996136129279,-6.8338242561991649],[115.30996144222827,-6.8338332764774004],[115.30995241736795,-6.83383335737176],[115.30995233643263,-6.8338243370934171]],[[115.30943800014984,-6.8338379680723458],[115.30946507474911,-6.8338377254175127],[115.30946515567545,-6.8338467457016536],[115.3094832054081,-6.8338465839307085],[115.3094832863349,-6.8338556042146275],[115.30949231120123,-6.8338555233287961],[115.30949239212828,-6.833864543612604],[115.30952849159317,-6.8338642200671629],[115.30952857252103,-6.8338732403505187],[115.30953759738712,-6.8338731594636295],[115.30953767831525,-6.833882179746908],[115.30954670318144,-6.8338820988597435],[115.30954678410984,-6.8338911191428924],[115.30955580897607,-6.8338910382554525],[115.30955588990474,-6.8339000585384895],[115.30951076557164,-6.8339004629745492],[115.30951084649959,-6.8339094832581209],[115.30948377189792,-6.8339097259180628],[115.30948385282545,-6.8339187462019533],[115.30946580309011,-6.8339189079746223],[115.3094657221629,-6.8339098876905169],[115.30945669729526,-6.8339099685764912],[115.30945653544148,-6.8338919280080521],[115.30944751057403,-6.833892008893641],[115.30944734872104,-6.8338739683249523],[115.30943832385384,-6.8338740492101593],[115.30943824292768,-6.8338650289257252],[115.30942921806054,-6.8338651098106569],[115.30942913713463,-6.8338560895260931],[115.30942011226755,-6.8338561704107486],[115.30941986949105,-6.8338291095566941],[115.30943791922411,-6.833828947787862],[115.30943800014984,-6.8338379680723458]],[[115.30991639886038,-6.8338427012262706],[115.3099254237213,-6.8338426203324749],[115.30992558559147,-6.8338606608897532],[115.3099346104526,-6.8338605799955756],[115.30993477232356,-6.8338786205526203],[115.30994379718491,-6.8338785396580581],[115.30994387812069,-6.8338875599364668],[115.3099529029821,-6.8338874790416284],[115.30995298391819,-6.8338964993199252],[115.30996200877968,-6.8338964184248105],[115.30996208971605,-6.8339054387029945],[115.30997111457759,-6.8339053578076046],[115.30997119551421,-6.8339143780856766],[115.30993509606674,-6.833914701666659],[115.30993501513076,-6.8339056813881562],[115.30992599026879,-6.8339057622828729],[115.30992590933312,-6.8338967420042573],[115.30989883474702,-6.833896984687077],[115.30989875381195,-6.8338879644081345],[115.30985362950045,-6.8338883688755994],[115.30985354856635,-6.8338793485961133],[115.30983549884131,-6.8338795103817072],[115.30983541790765,-6.8338704901019849],[115.30984444277004,-6.8338704092093785],[115.30984436183631,-6.8338613889297939],[115.30986241156043,-6.8338612271442951],[115.30986233062649,-6.8338522068649041],[115.30988940521136,-6.8338519641857181],[115.30988948614585,-6.8338609844647848],[115.30991656073022,-6.8338607417837638],[115.30991639886038,-6.8338427012262706]],[[115.31000705214838,-6.8338869936690694],[115.31001607700902,-6.8338869127730542],[115.31001615794628,-6.8338959330505968],[115.31000713308545,-6.8338960139467186],[115.31000705214838,-6.8338869936690694]],[[115.3100797366628,-6.8339404681569036],[115.31007981760189,-6.8339494884336665],[115.31003469329546,-6.8339498929217157],[115.31003428860529,-6.8339047915351685],[115.31007941290756,-6.8339043870498148],[115.31007949384619,-6.8339134073265928],[115.31009754356667,-6.8339132455310594],[115.31009762450576,-6.833922265807618],[115.31010664936601,-6.8339221849094907],[115.31010705406395,-6.833967286291684],[115.31009802920289,-6.8339673671903496],[115.31009819108252,-6.8339854077434286],[115.31007111649758,-6.8339856504390637],[115.31007127837663,-6.8340036909927386],[115.31006225351445,-6.8340037718911635],[115.31006233445396,-6.8340127921681102],[115.31005330959151,-6.8340128730664738],[115.31005298583479,-6.8339767919582295],[115.31006201069656,-6.8339767110602958],[115.31006209163574,-6.8339857313372727],[115.31007111649758,-6.8339856504390637],[115.31007087367985,-6.8339585896084776],[115.31008892340222,-6.8339584278122016],[115.31008876152359,-6.8339403872588989],[115.3100797366628,-6.8339404681569036]],[[115.30985419604235,-6.8339515108318789],[115.30984517117855,-6.8339515917256213],[115.30984525211338,-6.833960612005181],[115.30983622724929,-6.8339606928988639],[115.30983614631464,-6.8339516726191958],[115.30982712145062,-6.8339517535126033],[115.30982704051625,-6.8339427332328242],[115.30981801565227,-6.8339428141259555],[115.30981777285028,-6.83391575328627],[115.30982679771375,-6.833915672393462],[115.3098268786478,-6.8339246926732535],[115.30983590351133,-6.8339246117801702],[115.30983598444566,-6.8339336320598507],[115.3098540341727,-6.8339334702729628],[115.30985419604235,-6.8339515108318789]],[[115.3096465432162,-6.8339443510634954],[115.30960141888434,-6.8339447555106538],[115.30960133795429,-6.8339357352281773],[115.30959231308776,-6.8339358161169965],[115.30959223215797,-6.8339267958344081],[115.30962833162275,-6.8339264722785513],[115.30962841255321,-6.833935492560709],[115.3096464622853,-6.8339353307815571],[115.3096465432162,-6.8339443510634954]],[[115.30943880941312,-6.8339281709167903],[115.30944783428133,-6.8339280900309358],[115.30944791520842,-6.8339371103152491],[115.30942986547156,-6.8339372720870042],[115.30942970361814,-6.8339192315179433],[115.3094387284863,-6.8339191506323651],[115.30943880941312,-6.8339281709167903]],[[115.30941181573422,-6.8339374338580869],[115.30940279086538,-6.8339375147433765],[115.30940270993915,-6.833928494458525],[115.30941173480781,-6.8339284135733438],[115.30941181573422,-6.8339374338580869]],[[115.30894244149269,-6.8339326193798415],[115.30893341661832,-6.8339327002562813],[115.30893325478362,-6.8339146596753606],[115.30894227965764,-6.8339145787991367],[115.30894244149269,-6.8339326193798415]],[[115.31127061253687,-6.8338846868537093],[115.31130671191829,-6.83388436317406],[115.31130679287969,-6.8338933834361857],[115.3112797183433,-6.833893626196498],[115.31127979930433,-6.8339026464589425],[115.31128882415007,-6.8339025655389003],[115.31128890511137,-6.833911585801232],[115.31127085541942,-6.833911747641368],[115.31127061253687,-6.8338846868537093]],[[115.31017876730334,-6.8339125174428323],[115.31016974244415,-6.8339125983421969],[115.31016966150381,-6.8339035780664945],[115.31017868636283,-6.8339034971672392],[115.31017876730334,-6.8339125174428323]],[[115.31052154997798,-6.8338914025994058],[115.31053057483255,-6.8338913216937005],[115.31053073672658,-6.8339093622364855],[115.31052171187164,-6.8339094431424074],[115.31052154997798,-6.8338914025994058]],[[115.31014274880586,-6.8339218613153019],[115.3101698233846,-6.8339216186178939],[115.31016990432514,-6.8339306388935865],[115.31014282974591,-6.8339308815913178],[115.31014274880586,-6.8339218613153019]],[[115.3112709363805,-6.8339207679039129],[115.3112799612267,-6.8339206869838209],[115.31128012314953,-6.8339387275086807],[115.31127109830297,-6.8339388084289876],[115.3112709363805,-6.8339207679039129]],[[115.3101430725667,-6.8339579424193406],[115.3101340477062,-6.8339580233185702],[115.31013388582592,-6.8339399827663447],[115.31014291068607,-6.8339399018673301],[115.3101430725667,-6.8339579424193406]],[[115.31125312957067,-6.8339479905318434],[115.31126215441759,-6.8339479096117657],[115.31126223537893,-6.8339569298744003],[115.31125321053185,-6.8339570107945864],[115.31125312957067,-6.8339479905318434]],[[115.31017933388992,-6.833975659371867],[115.31020640847036,-6.8339754166705022],[115.31020681318087,-6.8340205180466373],[115.31019778831998,-6.8340205989477996],[115.31019786926225,-6.8340296192231049],[115.31017981953981,-6.8340297810251398],[115.31017965765606,-6.834011740474077],[115.31019770737784,-6.8340115786724738],[115.31019762643581,-6.8340025583971435],[115.31018860157516,-6.8340026392979212],[115.31018843969171,-6.8339845987470484],[115.3101794148313,-6.8339846796474433],[115.31017933388992,-6.833975659371867]],[[115.31002623500345,-6.8340131157605564],[115.31001721014056,-6.8340131966582494],[115.3100170482633,-6.8339951561032724],[115.31002607312587,-6.833995075205797],[115.31002623500345,-6.8340131157605564]],[[115.30998102974986,-6.8340044999694172],[115.30997200488657,-6.8340045808661598],[115.30997184301123,-6.8339865403101152],[115.30998086787416,-6.8339864594135866],[115.30998102974986,-6.8340044999694172]],[[115.3101705518535,-6.8340028010989737],[115.31015250213142,-6.8340029628993531],[115.31015234024935,-6.8339849223476188],[115.31016136511009,-6.8339848414477276],[115.31016144605124,-6.8339938617234806],[115.31017047091207,-6.8339937808233149],[115.3101705518535,-6.8340028010989737]],[[115.31012526566643,-6.83398516504628],[115.31011624080521,-6.8339852459454971],[115.310116159865,-6.8339762256691676],[115.31012518472605,-6.8339761447700571],[115.31012526566643,-6.83398516504628]],[[115.30984541398337,-6.8339786525642854],[115.3098273642544,-6.833978814351914],[115.30982728331969,-6.8339697940721473],[115.30984533304832,-6.8339696322847354],[115.30984541398337,-6.8339786525642854]],[[115.30974541207395,-6.8338983598611405],[115.30973638720984,-6.8338984407522183],[115.3097363062778,-6.833889420471337],[115.30974533114173,-6.8338893395803657],[115.30974541207395,-6.8338983598611405]],[[115.3096639455013,-6.8338720270295346],[115.3096549206367,-6.8338721079187774],[115.3096548397065,-6.8338630876369288],[115.30966386457094,-6.8338630067477943],[115.3096639455013,-6.8338720270295346]],[[115.31125337245454,-6.8339750513200741],[115.31126239730195,-6.8339749703996739],[115.31126247826363,-6.8339839906622784],[115.31125345341603,-6.8339840715827878],[115.31125337245454,-6.8339750513200741]],[[115.3112895528057,-6.8339837478997421],[115.31130760249988,-6.8339835860572098],[115.31130776442522,-6.8340016265813635],[115.31127166503509,-6.8340019502666172],[115.31127150311107,-6.8339839097416011],[115.31128052795846,-6.8339838288207551],[115.31128060892058,-6.833992849083157],[115.311289633768,-6.8339927681620365],[115.3112895528057,-6.8339837478997421]],[[115.31018746840041,-6.8338763554413307],[115.31017844354199,-6.8338764363404323],[115.31017836260193,-6.8338674160648045],[115.31018738746016,-6.8338673351658104],[115.31018746840041,-6.8338763554413307]],[[115.3113063880737,-6.8338482821255129],[115.31132443776241,-6.8338481202855421],[115.31132451872374,-6.833857140547452],[115.31131549387926,-6.8338572214676301],[115.31131557484051,-6.8338662417296785],[115.31130654999576,-6.8338663226497953],[115.3113063880737,-6.8338482821255129]],[[115.31053033199237,-6.833864260879472],[115.31050325742977,-6.8338645035951142],[115.31050317648376,-6.8338554833233953],[115.31049415162953,-6.8338555642281653],[115.31049398973818,-6.8338375236844664],[115.31048496488414,-6.8338376045888527],[115.31048480299356,-6.8338195640449033],[115.31050285270081,-6.8338194022363927],[115.31050293364638,-6.8338284225081614],[115.31051195850003,-6.8338283416035477],[115.31051212039185,-6.8338463821468256],[115.3105211452457,-6.8338463012418265],[115.31052122619194,-6.8338553215133508],[115.31053025104585,-6.8338552406080764],[115.31053033199237,-6.833864260879472]],[[115.31025048052349,-6.8338577485934113],[115.3102414556662,-6.833857829493474],[115.31024137472518,-6.8338488092186092],[115.31025039958232,-6.833848728318654],[115.31025048052349,-6.8338577485934113]],[[115.31045772843186,-6.8338198067564075],[115.31044870357775,-6.8338198876599057],[115.31044862263329,-6.833810867387518],[115.31045764748723,-6.8338107864841282],[115.31045772843186,-6.8338198067564075]],[[115.31018690182107,-6.8338132135127179],[115.31017787696382,-6.8338132944110654],[115.31017779602453,-6.8338042741354244],[115.31018682088163,-6.8338041932371842],[115.31018690182107,-6.8338132135127179]],[[115.31027706944624,-6.8338033842455443],[115.31029511915784,-6.8338032224451997],[115.31029520009933,-6.8338122427194401],[115.31027715038739,-6.8338124045199997],[115.31027706944624,-6.8338033842455443]],[[115.31135110748717,-6.8338027762162374],[115.31138720685858,-6.8338024525344165],[115.31138712589674,-6.8337934322732181],[115.31139615073913,-6.8337933513524503],[115.31139631266326,-6.8338113918746117],[115.31137826297766,-6.8338115537164104],[115.31137834393954,-6.833820573977726],[115.31135126940983,-6.833820816739486],[115.31135110748717,-6.8338027762162374]],[[115.31051171566314,-6.8338012807885997],[115.31050269080998,-6.833801361692891],[115.31050252891963,-6.8337833211493546],[115.31049350406671,-6.8337834020532622],[115.31049342312188,-6.8337743817813958],[115.31051147282723,-6.8337742199736287],[115.31051171566314,-6.8338012807885997]],[[115.3113237091155,-6.8337669379280133],[115.31133273395815,-6.8337668570087455],[115.31133265299778,-6.8337578367468659],[115.31132362815526,-6.8337579176660261],[115.31132354719516,-6.8337488974040506],[115.3113145223527,-6.8337489783229337],[115.31131460331265,-6.8337579985850176],[115.3112965536271,-6.8337581604224953],[115.31129639170798,-6.8337401198978931],[115.31128736686539,-6.8337402008161652],[115.31128728590616,-6.8337311805537491],[115.3112963107486,-6.8337310996355853],[115.31129622978933,-6.8337220793732749],[115.31131427947351,-6.8337219175366579],[115.31131419851403,-6.833712897274558],[115.31132322335579,-6.8337128163561056],[115.31132281855906,-6.8336677150460767],[115.31135891792167,-6.8336673913727415],[115.3113590798414,-6.8336854318959031],[115.31135005500056,-6.8336855128147045],[115.31135029788044,-6.8337125735997386],[115.31138639724513,-6.8337122499222298],[115.31138664012801,-6.8337393107059308],[115.3113776152865,-6.8337393916258842],[115.3113775343256,-6.8337303713645472],[115.31135948464257,-6.8337305332037328],[115.31135956560315,-6.8337395534652847],[115.31136859044487,-6.8337394725456679],[115.31136875236669,-6.8337575130685462],[115.31135070268243,-6.8337576749080418],[115.31135078364318,-6.8337666951697065],[115.31137785816986,-6.833766452409888],[115.31137793913121,-6.8337754726711903],[115.31136891428893,-6.8337755535914058],[115.31136899525021,-6.8337845738528298],[115.31135997040762,-6.8337846547729848],[115.31135988944649,-6.8337756345114542],[115.31135086460401,-6.8337757154313339],[115.31135094556495,-6.833784735692972],[115.31132387103627,-6.8337849784519262],[115.3113237091155,-6.8337669379280133]],[[115.31053822360273,-6.8337378961752799],[115.31052919875111,-6.8337379770793216],[115.31052911780613,-6.8337289568078479],[115.31053814265759,-6.8337288759039136],[115.31053822360273,-6.8337378961752799]],[[115.31056602667279,-6.8338188359013117],[115.31055700181997,-6.8338189168068277],[115.31055692087351,-6.8338098965357332],[115.31056594572615,-6.8338098156303246],[115.31056602667279,-6.8338188359013117]],[[115.31055708276658,-6.8338279370779498],[115.31056610761954,-6.8338278561723254],[115.31056618856638,-6.8338368764433204],[115.31055716371324,-6.8338369573490523],[115.31055708276658,-6.8338279370779498]],[[115.31134973116227,-6.8336494317679159],[115.31133168148162,-6.8336495936041528],[115.31133160052264,-6.8336405733422492],[115.31134965020294,-6.833640411506229],[115.31134973116227,-6.8336494317679159]],[[115.31145746250996,-6.8335853189134257],[115.31144843767215,-6.8335853998328924],[115.31144851863267,-6.8335944200934362],[115.31143046895643,-6.8335945819320774],[115.31143038799628,-6.8335855616713177],[115.31141233831998,-6.8335857235090716],[115.31141209544116,-6.8335586627261362],[115.31142112027885,-6.8335585818076661],[115.31142103931931,-6.8335495615467661],[115.31143908899408,-6.833549399709538],[115.31143916995394,-6.833558419970224],[115.31143014511645,-6.8335585008890298],[115.31143030703623,-6.8335765414105536],[115.3114573815494,-6.8335762986529858],[115.31145746250996,-6.8335853189134257]],[[115.31056384115188,-6.8335752885827308],[115.31054579145523,-6.8335754503877748],[115.31054562956864,-6.8335574098451],[115.31055465441669,-6.8335573289428773],[115.3105547353601,-6.8335663492141254],[115.31056376020818,-6.8335662683116274],[115.31056384115188,-6.8335752885827308]],[[115.31036513258485,-6.8335590278542471],[115.31035610773453,-6.8335591087529393],[115.31035594585542,-6.8335410682057205],[115.31032887130476,-6.8335413109001415],[115.31032854754991,-6.8335052298043601],[115.31034659724914,-6.8335050680091092],[115.31034667818801,-6.833514088282846],[115.31036472788711,-6.8335139264867069],[115.31036480882642,-6.8335229467602243],[115.310373833676,-6.8335228658617941],[115.31037399555532,-6.8335409064085999],[115.31036497070544,-6.8335409873072432],[115.31036513258485,-6.8335590278542471]],[[115.31058132424222,-6.8335119848805927],[115.3105993739356,-6.833511823075713],[115.31059945487932,-6.8335208433464292],[115.31059043003251,-6.8335209242490595],[115.31059051097616,-6.8335299445198778],[115.31058148612907,-6.8335300254224496],[115.31058132424222,-6.8335119848805927]],[[115.31145705770825,-6.833540217611179],[115.31144803287131,-6.8335402985301057],[115.31144795191146,-6.8335312782695361],[115.3114389270746,-6.8335313591881865],[115.31143884611504,-6.8335223389275042],[115.31145689578835,-6.8335221770902503],[115.31145705770825,-6.833540217611179],[115.31146608254508,-6.8335401366920854],[115.31146616350537,-6.8335491569524356],[115.31145713866837,-6.8335492378716376],[115.31145705770825,-6.833540217611179]],[[115.31048229374547,-6.8335399356117508],[115.31046424404823,-6.8335400974129055],[115.31046408216554,-6.8335220568682562],[115.3104821318621,-6.8335218950675314],[115.31048229374547,-6.8335399356117508]],[[115.31050050532677,-6.8335578143536901],[115.31048245562928,-6.8335579761559506],[115.31048237468733,-6.8335489558838525],[115.31050042438451,-6.8335487940818087],[115.31050050532677,-6.8335578143536901]],[[115.31061693796666,-6.8334575396470756],[115.31060791312123,-6.8334576205492885],[115.31060783217812,-6.8334486002786354],[115.31061685702338,-6.8334485193765291],[115.31061693796666,-6.8334575396470756]],[[115.31054465825827,-6.8334491665886707],[115.31053563341214,-6.8334492474894324],[115.31053547152894,-6.8334312069464378],[115.31054449637473,-6.8334311260458929],[115.31054465825827,-6.8334491665886707]],[[115.31095061432232,-6.8334274853473405],[115.31094158948144,-6.8334275662554509],[115.31094150853245,-6.8334185459887884],[115.31093248369163,-6.8334186268966235],[115.31093240274292,-6.8334096066298491],[115.31095045242409,-6.833409444814226],[115.31095053337316,-6.8334184650807854],[115.31095955821375,-6.8334183841726137],[115.31095947726452,-6.8334093639061626],[115.31097752694507,-6.8334092020895332],[115.3109776888443,-6.8334272426219993],[115.31096866400375,-6.8334273235306142],[115.31096874495337,-6.833436343796949],[115.31095069527161,-6.833436505613891],[115.31095061432232,-6.8334274853473405]],[[115.31099557662515,-6.8334090402722287],[115.31100460146503,-6.8334089593633252],[115.31100468241507,-6.8334179796292389],[115.31099565757503,-6.8334180605382491],[115.31099557662515,-6.8334090402722287]],[[115.31084150675802,-6.8333382535548992],[115.31085053159842,-6.8333381726497162],[115.31085061254475,-6.8333471929174951],[115.3108415877042,-6.8333472738227865],[115.31084150675802,-6.8333382535548992],[115.31083248191753,-6.8333383344599152],[115.31083240097165,-6.833329314191916],[115.31084142581197,-6.8333292332870093],[115.31084150675802,-6.8333382535548992]],[[115.31096761166872,-6.8333100600678698],[115.31094956199166,-6.8333102218817947],[115.31094948104392,-6.8333012016151828],[115.31096753072062,-6.8333010398014746],[115.31096761166872,-6.8333100600678698]],[[115.31179562940162,-6.8330500487174515],[115.31177757975411,-6.8330502105562703],[115.31177749879396,-6.8330411902994559],[115.31175944914634,-6.8330413521373856],[115.31175928722702,-6.833023311623295],[115.31177733687394,-6.8330231497857961],[115.31177741783389,-6.8330321700426353],[115.31179546748072,-6.8330320082042482],[115.31179562940162,-6.8330500487174515]],[[115.3108470510095,-6.8329503011311266],[115.31083802617633,-6.8329503820316759],[115.31083794523498,-6.8329413617636172],[115.31084697006797,-6.8329412808631744],[115.3108470510095,-6.8329503011311266]],[[115.3108739636244,-6.8329320178931745],[115.31085591395927,-6.8329321796946827],[115.3108558330178,-6.8329231594268123],[115.31087388268259,-6.832922997625519],[115.3108739636244,-6.8329320178931745]],[[115.31103584397911,-6.8328674197892347],[115.31102681914976,-6.8328675006923429],[115.3110270619821,-6.8328945614898924],[115.31099998749188,-6.8328948041991824],[115.31099990654816,-6.8328857839330199],[115.31099088171804,-6.8328858648356716],[115.31099071983125,-6.8328678243031007],[115.31099974466103,-6.8328677434006631],[115.31099966371765,-6.8328587231345042],[115.31100868854716,-6.832858642232007],[115.3110086076037,-6.8328496219659343],[115.31103568209109,-6.8328493792577571],[115.31103584397911,-6.8328674197892347]],[[115.31094575756578,-6.832886269346413],[115.31093673273497,-6.8328863502480566],[115.31093657085022,-6.8328683097141925],[115.31094559568066,-6.8328682288127638],[115.31094575756578,-6.832886269346413]],[[115.31134236431352,-6.8328285879351673],[115.31135138913837,-6.8328285070266057],[115.31135147008798,-6.8328375272885911],[115.31134244526299,-6.8328376081972602],[115.31134236431352,-6.8328285879351673],[115.31133333948857,-6.8328286688435602],[115.31133309664136,-6.8328016080569327],[115.3113421214658,-6.8328015271488614],[115.31134204051679,-6.8327925068867517],[115.31135106534096,-6.8327924259786217],[115.31135082249403,-6.8327653651925875],[115.3113598473176,-6.8327652842846121],[115.31136009016504,-6.8327923450703221],[115.31136911498898,-6.8327922641618564],[115.31136927688814,-6.8328103046854256],[115.31137830171235,-6.8328102237765744],[115.31137846361229,-6.8328282642999119],[115.31136943878774,-6.832828345208978],[115.31136935783789,-6.8328193249471871],[115.31136033301345,-6.832819405855977],[115.31136025206385,-6.832810385594108],[115.31134220241495,-6.8328105474109684],[115.31134236431352,-6.8328285879351673]],[[115.31037294334753,-6.8334236428540605],[115.3103639184998,-6.8334237237513049],[115.31036359474794,-6.8333876426570219],[115.310372619595,-6.8333875617602091],[115.31037294334753,-6.8334236428540605]],[[115.31049921026326,-6.8334134900030499],[115.31051725995493,-6.833413328203565],[115.31051734089593,-6.8334223484752972],[115.3104992912039,-6.8334225102749953],[115.31049921026326,-6.8334134900030499]],[[115.31041677257133,-6.8332789139981207],[115.31040774772686,-6.8332789948944805],[115.31040766678963,-6.8332699746213859],[115.31041669163395,-6.8332698937251335],[115.31041677257133,-6.8332789139981207]],[[115.30992509998229,-6.8338065392178677],[115.30991607512206,-6.8338066201112309],[115.30991599418775,-6.8337975998324607],[115.30990696932756,-6.8337976807255494],[115.30990688839351,-6.8337886604466664],[115.30992493811344,-6.8337884986605388],[115.30992509998229,-6.8338065392178677]],[[115.30939263304118,-6.8338113116386738],[115.30937458330769,-6.8338114734053947],[115.30937450238346,-6.8338024531201587],[115.30939255211662,-6.8338022913536536],[115.30939263304118,-6.8338113116386738]],[[115.30933840291588,-6.8338027766511527],[115.30932937804869,-6.8338028575334802],[115.30932929712543,-6.8337938372477023],[115.30932027225832,-6.8337939181297545],[115.3093201913353,-6.8337848978438815],[115.30931116646828,-6.8337849787256575],[115.30931108554554,-6.833775958439638],[115.3093381601459,-6.8337757157941281],[115.30933840291588,-6.8338027766511527]],[[115.30830046156977,-6.8338030567187706],[115.30828241181051,-6.833803218444376],[115.30828233090685,-6.833794198146113],[115.30829135578638,-6.8337941172835039],[115.30829062765693,-6.8337129345997507],[115.30829965253483,-6.8337128537379419],[115.30829973343783,-6.8337218740360441],[115.30830875831579,-6.8337217931739582],[115.30830892012246,-6.8337398337699362],[115.30831794500064,-6.8337397529074675],[115.3083181068081,-6.833757793503211],[115.30830005705093,-6.8337579552284096],[115.30830046156977,-6.8338030567187706]],[[115.3093194630333,-6.833703715270655],[115.30932848789874,-6.8337036343896811],[115.30932864974319,-6.8337216749613203],[115.3093647492052,-6.8337213514348774],[115.30936483012826,-6.8337303717202591],[115.30939190472411,-6.8337301290733388],[115.30939174287708,-6.8337120885032174],[115.30940979260644,-6.8337119267381938],[115.30941003537816,-6.8337389875927244],[115.30940101051303,-6.8337390684756425],[115.30940109143698,-6.8337480887605855],[115.30936499197473,-6.8337484122910102],[115.30936491105145,-6.8337393920056364],[115.30934686131999,-6.8337395537696253],[115.30934678039714,-6.8337305334840321],[115.30931970579967,-6.8337307761284301],[115.3093194630333,-6.833703715270655]],[[115.30943719089751,-6.8337477652274705],[115.30944621576236,-6.8337476843437708],[115.30944629668726,-6.8337567046281702],[115.30943727182225,-6.8337567855119774],[115.30943719089751,-6.8337477652274705]],[[115.30880553099891,-6.8337624469606721],[115.30879650612609,-6.8337625278325422],[115.30879642521329,-6.8337535075403864],[115.30880545008593,-6.8337534266686228],[115.30880553099891,-6.8337624469606721]],[[115.30858893402183,-6.8337643878391532],[115.30857990914642,-6.8337644687069892],[115.30857982823767,-6.833755448412246],[115.30857080336233,-6.8337555292798058],[115.30857072245384,-6.8337465089849534],[115.30858877220409,-6.8337463472498809],[115.30858893402183,-6.8337643878391532]],[[115.308345181443,-6.833757550914151],[115.3083271316865,-6.8337577126403595],[115.30832705078254,-6.8337486923425974],[115.30834510053873,-6.8337485306166039],[115.308345181443,-6.833757550914151]],[[115.30836298848554,-6.8337303282952631],[115.30837201336288,-6.8337302474318946],[115.30837225607692,-6.8337573083235776],[115.30836323119907,-6.8337573891872694],[115.30836298848554,-6.8337303282952631]],[[115.30834477692268,-6.8337124494263746],[115.30832672716787,-6.8337126111515039],[115.30832664626449,-6.8337035908537231],[115.30833567114175,-6.8337035099913486],[115.30833559023831,-6.8336944896936682],[115.30834461511532,-6.8336944088312332],[115.30834477692268,-6.8337124494263746]],[[115.30836266486904,-6.8336942471058615],[115.30837168974573,-6.8336941662429229],[115.3083718515541,-6.8337122068374176],[115.30836282667708,-6.833712287700572],[115.30836266486904,-6.8336942471058615]],[[115.30928328264922,-6.833695018506508],[115.30930133238054,-6.8336948567459519],[115.30930141330209,-6.8337038770321001],[115.30928336357047,-6.8337040387928738],[115.30928328264922,-6.833695018506508]],[[115.30832721259057,-6.8337667329381162],[115.30834526234739,-6.8337665712116928],[115.3083453432519,-6.8337755915092302],[115.30833631837336,-6.8337756723726351],[115.30833639927779,-6.8337846926702772],[115.308327374399,-6.833784773533619],[115.30832721259057,-6.8337667329381162]],[[115.30858901493086,-6.8337734081337826],[115.30859803980636,-6.8337733272656722],[115.30859820162509,-6.8337913678547197],[115.30858917674927,-6.833791448723046],[115.30858901493086,-6.8337734081337826]],[[115.30856218303008,-6.8338007116219401],[115.30855315815367,-6.8338007924897006],[115.30855299633639,-6.8337827518996024],[115.30856202121245,-6.8337826710320559],[115.30856218303008,-6.8338007116219401]],[[115.30852608352379,-6.8338010350919784],[115.30851705864693,-6.8338011159590675],[115.30851689683099,-6.8337830753681068],[115.30852592170751,-6.8337829945012318],[115.30852608352379,-6.8338010350919784]],[[115.30944548744307,-6.8336665017839664],[115.30944564929105,-6.8336845423528549],[115.30941857469968,-6.8336847850011848],[115.30941849377616,-6.8336757647164275],[115.30940946891234,-6.8336758455987594],[115.30940922614289,-6.8336487847441401],[115.30941825100624,-6.8336487038621305],[115.30941841285274,-6.8336667444316497],[115.30944548744307,-6.8336665017839664],[115.30944532559556,-6.833648461215093],[115.30946337532124,-6.8336482994495613],[115.30946353716944,-6.8336663400180022],[115.30944548744307,-6.8336665017839664]],[[115.30937336945587,-6.8336761691264103],[115.309355319727,-6.8336763308892268],[115.30935515788262,-6.8336582903181906],[115.30933710815397,-6.8336584520799049],[115.30933702723229,-6.8336494317941643],[115.3093460520965,-6.8336493509134995],[115.30934589025311,-6.8336313103422217],[115.3093549151169,-6.8336312294616057],[115.30935483419519,-6.8336222091760508],[115.30936385905866,-6.8336221282953726],[115.30936393998051,-6.8336311485808201],[115.30937296484407,-6.8336310676998675],[115.30937336945587,-6.8336761691264103]],[[115.30843462116422,-6.8336665393081333],[115.30841657141326,-6.8336667010355505],[115.30841665231792,-6.8336757213322574],[115.30840762744211,-6.8336758021958204],[115.30840746563327,-6.8336577616021703],[115.30838941588202,-6.8336579233283619],[115.30838925407427,-6.8336398827342464],[115.30840730382486,-6.8336397210084847],[115.30840722292082,-6.8336307007116206],[115.30841624779579,-6.833630619848595],[115.30841632869999,-6.8336396401453534],[115.30843437844995,-6.8336394784185819],[115.30843429754542,-6.8336304581220402],[115.30844332242003,-6.833630377258511],[115.3084435651345,-6.8336574381477684],[115.30843454025937,-6.8336575190116209],[115.30843462116422,-6.8336665393081333]],[[115.30921962306826,-6.8336414629403599],[115.30922864793369,-6.8336413820619883],[115.30922872885327,-6.8336504023490257],[115.30923775371878,-6.8336503214703797],[115.30923783463862,-6.8336593417573042],[115.30921978490714,-6.833659503514645],[115.30921962306826,-6.8336414629403599]],[[115.30970712750374,-6.8336551358303801],[115.30969810264372,-6.8336552167178768],[115.30969802171533,-6.8336461964364474],[115.30970704657517,-6.8336461155490582],[115.30970712750374,-6.8336551358303801]],[[115.30957167366617,-6.8336473288422459],[115.3095626488047,-6.8336474097271127],[115.30956256787893,-6.8336383894440633],[115.30957159274021,-6.8336383085593031],[115.30957167366617,-6.8336473288422459]],[[115.30978786565989,-6.8336002861531604],[115.30977884080188,-6.8336003670415248],[115.30977875987261,-6.833591346761037],[115.30978778473045,-6.8335912658727818],[115.30978786565989,-6.8336002861531604]],[[115.30985095873227,-6.8335906996502835],[115.30985998358923,-6.8335906187606827],[115.30986006452002,-6.833599639040199],[115.30985103966292,-6.8335997199299072],[115.30985095873227,-6.8335906996502835]],[[115.3095617586271,-6.833548186613319],[115.30954370890753,-6.8335483483801802],[115.30954362798327,-6.8335393280968662],[115.3095616777025,-6.8335391663302207],[115.3095617586271,-6.833548186613319]],[[115.30934572841015,-6.8336132697709289],[115.30933670354663,-6.8336133506511629],[115.30933662262548,-6.8336043303654002],[115.30934564748885,-6.8336042494852745],[115.30934572841015,-6.8336132697709289]],[[115.30930954803475,-6.8336045730047683],[115.30930052317092,-6.8336046538842217],[115.3093003613303,-6.8335866133118248],[115.3093093861938,-6.8335865324325864],[115.30930954803475,-6.8336045730047683]],[[115.30925515609204,-6.8335779974187663],[115.30924613122808,-6.8335780782968873],[115.30924596939016,-6.8335600377231538],[115.30925499425376,-6.8335599568452476],[115.30925515609204,-6.8335779974187663]],[[115.30929109370715,-6.8335596333319426],[115.30930011857022,-6.8335595524531954],[115.30930019949015,-6.8335685727394102],[115.30929117462691,-6.8335686536182649],[115.30929109370715,-6.8335596333319426]],[[115.3092999567307,-6.833541511880755],[115.30929093186796,-6.8335415927592864],[115.30929085094854,-6.8335325724729516],[115.30929987581111,-6.8335324915945286],[115.3092999567307,-6.833541511880755]],[[115.30847039704328,-6.8336301346669144],[115.30845234729455,-6.833630296394813],[115.30845226638979,-6.8336212760985156],[115.30844324151542,-6.833621356962106],[115.30844307970656,-6.8336033163692482],[115.30845210458057,-6.8336032355058736],[115.30845194277181,-6.8335851949132307],[115.30843389302433,-6.8335853566393814],[115.30843381212046,-6.833576336342813],[115.30842478724669,-6.8335764172055278],[115.30842470634309,-6.8335673969088644],[115.30844275609013,-6.8335672351834811],[115.30844283699406,-6.8335762554799286],[115.308460886741,-6.833576093753658],[115.30846096764539,-6.833585114049904],[115.30846999251887,-6.8335850331864094],[115.30847007342352,-6.8335940534825079],[115.30846104854989,-6.8335941343461117],[115.30846121035921,-6.8336121749385468],[115.30847023523317,-6.8336120940747289],[115.30847039704328,-6.8336301346669144]],[[115.30828981863461,-6.8336227316174112],[115.30828079375827,-6.8336228124779756],[115.3082807128568,-6.8336137921796105],[115.30828973773296,-6.8336137113191535],[115.30828981863461,-6.8336227316174112]],[[115.30842511086223,-6.8336124983921387],[115.30841608598772,-6.8336125792551154],[115.30841600508384,-6.8336035589583624],[115.30843405483242,-6.8336033972324532],[115.30843421664098,-6.8336214378255278],[115.30842519176639,-6.8336215186887808],[115.30842511086223,-6.8336124983921387]],[[115.30840698020936,-6.8336036398210647],[115.30839795533481,-6.8336037206835991],[115.30839803623836,-6.833612740980568],[115.30837998648853,-6.8336129027053474],[115.30837982468223,-6.8335948621109734],[115.30840689930577,-6.8335946195241988],[115.30840698020936,-6.8336036398210647]],[[115.30898424829762,-6.8335623831092978],[115.30897522343071,-6.8335624639821608],[115.30897514251696,-6.8335534436920637],[115.30896611765013,-6.8335535245646506],[115.30896603673663,-6.8335445042744416],[115.30897506160329,-6.8335444234019622],[115.30897498068975,-6.8335354031118571],[115.30898400555616,-6.8335353222393183],[115.30898408646988,-6.8335443425293159],[115.30900213620268,-6.8335441807835178],[115.30900245985994,-6.8335802619426191],[115.30899343499293,-6.8335803428160347],[115.30899335407862,-6.8335713225261445],[115.30898432921164,-6.8335714033992829],[115.30898424829762,-6.8335623831092978]],[[115.30889383779932,-6.833545151248221],[115.30888481293165,-6.833545232119187],[115.30888473201979,-6.8335362118280036],[115.30889375688731,-6.8335361309571461],[115.30889383779932,-6.833545151248221]],[[115.30874911626699,-6.8335103639922812],[115.30876716600415,-6.8335102022560852],[115.30876724691349,-6.8335192225486825],[115.30874919717601,-6.8335193842850934],[115.30874911626699,-6.8335103639922812],[115.30874009139828,-6.8335104448601252],[115.30874001048956,-6.8335014245672028],[115.30874903535812,-6.8335013436994645],[115.30874911626699,-6.8335103639922812]],[[115.30871285497508,-6.8334926468761559],[115.30869480523729,-6.8334928086099014],[115.30869464342207,-6.8334747680229544],[115.30870366829068,-6.8334746871563814],[115.3087037491984,-6.8334837074497488],[115.30871277406709,-6.8334836265828987],[115.30871285497508,-6.8334926468761559]],[[115.30858594046417,-6.8334306369348212],[115.30856789072573,-6.8334307986623521],[115.30856780982116,-6.8334217783673603],[115.30855878495191,-6.8334218592307661],[115.30855870404763,-6.8334128389356268],[115.30854065430918,-6.8334130006617189],[115.30854057340534,-6.833403980366378],[115.30851349879732,-6.8334042229539307],[115.30851341789412,-6.8333952026582629],[115.30849536815523,-6.833395364382242],[115.30849520634982,-6.8333773237904776],[115.30852228095698,-6.8333770812049019],[115.30852236186014,-6.8333861015004551],[115.30853138672913,-6.8333860206381525],[115.30853146763258,-6.8333950409336106],[115.30855854223944,-6.8333947983453713],[115.30855862314348,-6.8334038186405008],[115.30857667288117,-6.8334036569139531],[115.30857683469029,-6.8334216975037858],[115.3085858595593,-6.8334216166400434],[115.30858594046417,-6.8334306369348212]],[[115.30877497724299,-6.8333748169999087],[115.30878400210877,-6.8333747361330071],[115.30878416392495,-6.8333927767178775],[115.30877513905885,-6.833392857584994],[115.30877497724299,-6.8333748169999087]],[[115.30884717616614,-6.8333741700599884],[115.3088381513011,-6.8333742509280668],[115.30883798948334,-6.8333562103444381],[115.30885603921259,-6.8333560486085441],[115.30885628194041,-6.8333831094833091],[115.30886530680536,-6.8333830286147856],[115.30886538771503,-6.8333920489062585],[115.30884733798467,-6.8333922106433498],[115.30884717616614,-6.8333741700599884]],[[115.30854919375615,-6.8333587980272918],[115.30851309428235,-6.8333591214755449],[115.3085130133797,-6.833350101179855],[115.30852203824814,-6.8333500203181519],[115.30852195734541,-6.8333410000225649],[115.30854000708162,-6.8333408382988692],[115.30853992617867,-6.8333318180034937],[115.30854895104645,-6.8333317371415019],[115.30854919375615,-6.8333587980272918]],[[115.30841357801835,-6.8333329500537321],[115.30840455314892,-6.8333330309132023],[115.3084043913484,-6.8333149903192059],[115.30841341621749,-6.8333149094599515],[115.30841357801835,-6.8333329500537321]],[[115.30901816310832,-6.8333185117965796],[115.30902718797012,-6.8333184309257868],[115.30902726888205,-6.8333274512153483],[115.30901824402008,-6.8333275320862512],[115.30901816310832,-6.8333185117965796]],[[115.30904531860567,-6.8333272894730408],[115.30905434346734,-6.8333272086016343],[115.30905450529254,-6.8333452491800992],[115.30904548043054,-6.8333453300517224],[115.30904531860567,-6.8333272894730408]],[[115.30879270334268,-6.8333385740965271],[115.308819777937,-6.8333383314956011],[115.30881985884527,-6.8333473517876326],[115.30882888371002,-6.8333472709202132],[115.30882896461857,-6.8333562912121337],[115.30879286515834,-6.8333566146812323],[115.30879270334268,-6.8333385740965271]],[[115.30887408894137,-6.8333558868719768],[115.30888311380561,-6.8333558060034427],[115.30888319471528,-6.8333648262947113],[115.30887416985088,-6.8333649071633547],[115.30887408894137,-6.8333558868719768]],[[115.30849464003427,-6.8333141817190919],[115.30848561516616,-6.8333142625798589],[115.30848553426455,-6.8333052422838074],[115.30847650939653,-6.8333053231442991],[115.3084764284952,-6.8332963028481695],[115.3084944782308,-6.8332961411272315],[115.30849464003427,-6.8333141817190919]],[[115.30851244706407,-6.8332869591099019],[115.30852147193137,-6.8332868782489538],[115.3085213910294,-6.8332778579533366],[115.3085304158964,-6.8332777770923281],[115.30853033499436,-6.8332687567968131],[115.30852131012755,-6.8332688376577151],[115.30852114832417,-6.8332507970664587],[115.30853017319066,-6.8332507162057725],[115.30852993048592,-6.8332236553191805],[115.30853895535175,-6.833223574458648],[115.30853887445022,-6.8332145541632343],[115.30855692418129,-6.8332143924418816],[115.30855700508319,-6.8332234127370803],[115.30856602994872,-6.8332233318760469],[115.30856611085086,-6.8332323521711498],[115.30855708598514,-6.8332324330322933],[115.30855724778942,-6.8332504736227042],[115.30854822292328,-6.8332505544838966],[115.30854846563004,-6.833277615369802],[115.30853944076325,-6.833277696231149],[115.30853952166555,-6.8332867165265512],[115.30853049679851,-6.833286797387836],[115.30853057770075,-6.8332958176833412],[115.30851252796599,-6.8332959794056238],[115.30851244706407,-6.8332869591099019],[115.30850342219674,-6.8332870399706831],[115.30850326039359,-6.8332689993790137],[115.3085122852606,-6.8332689185184492],[115.30851244706407,-6.8332869591099019]],[[115.30847626669285,-6.8332782622558623],[115.3084672418252,-6.8332783431158637],[115.30846732272614,-6.8332873634121283],[115.30845829785824,-6.8332874442720684],[115.30845813605679,-6.8332694036793198],[115.30846716092435,-6.8332693228195955],[115.30846675642179,-6.8332242213381926],[115.30847578128842,-6.8332241404788379],[115.30847570038806,-6.8332151201826683],[115.30848472525442,-6.833215039323254],[115.30848512975813,-6.8332601408035671],[115.30847610489093,-6.8332602216635214],[115.30847626669285,-6.8332782622558623]],[[115.30843106145339,-6.833269646257488],[115.30841301171722,-6.8332698079754248],[115.3084128499179,-6.8332517673815838],[115.30842187478568,-6.8332516865229147],[115.30842195568546,-6.8332607068197131],[115.30843098055333,-6.8332606259607678],[115.30843106145339,-6.833269646257488]],[[115.3084578933554,-6.833242342790169],[115.30844886848821,-6.8332424236494038],[115.30844878758816,-6.8332334033529021],[115.30845781245517,-6.8332333224937765],[115.3084578933554,-6.833242342790169]],[[115.30880937765124,-6.8331850673957089],[115.30880035278935,-6.8331851482608528],[115.30880027188337,-6.8331761279685272],[115.30880929674511,-6.8331760471034917],[115.30880937765124,-6.8331850673957089]],[[115.30874604180575,-6.8331675928622539],[115.30873701694343,-6.8331676737260061],[115.30873693603884,-6.8331586534329016],[115.30872791117656,-6.8331587342963775],[115.30872783027225,-6.8331497140031772],[115.30874587999638,-6.8331495522762733],[115.30874604180575,-6.8331675928622539]],[[115.30880011007176,-6.8331580873838647],[115.30880913493317,-6.833158006519044],[115.30880905402735,-6.8331489862268127],[115.30881807888848,-6.8331489053619325],[115.30881824070055,-6.8331669459461901],[115.30880019097751,-6.833167107676215],[115.30880011007176,-6.8331580873838647]],[[115.30883620951673,-6.8331577639235741],[115.30884523437771,-6.8331576830580811],[115.3088453152843,-6.8331667033498924],[115.30883629042317,-6.8331667842154937],[115.30883620951673,-6.8331577639235741]],[[115.3100634676187,-6.834139076044913],[115.31006330573672,-6.8341210354911359],[115.31008135546537,-6.834120873691317],[115.31008151734802,-6.8341389142446625],[115.3100634676187,-6.834139076044913],[115.31006362950113,-6.8341571165986732],[115.31008167923113,-6.8341569547979919],[115.31008184111467,-6.8341749953513045],[115.31006379138401,-6.8341751571524147],[115.31006395326729,-6.8341931977061572],[115.31009102786413,-6.8341929550035907],[115.31009086597983,-6.8341749144504957],[115.31009989084488,-6.8341748335495192],[115.31009997178717,-6.8341838538259534],[115.31014509611164,-6.8341834493180116],[115.31014493422553,-6.8341654087662169],[115.31010883476752,-6.8341657323720453],[115.31010867288319,-6.8341476918193713],[115.3101176977475,-6.8341476109183814],[115.31011761680533,-6.8341385906421461],[115.31015371626091,-6.8341382670369395],[115.31015379720374,-6.834147287312744],[115.31016282206751,-6.8341472064109139],[115.31016290301065,-6.8341562266866065],[115.31018997760187,-6.8341559839797839],[115.3101900585456,-6.8341650042551496],[115.31021713313631,-6.8341647615464911],[115.31021705219209,-6.8341557412714495],[115.31022607705525,-6.8341556603683351],[115.31022615799965,-6.8341646806432692],[115.3102351828629,-6.8341645997398786],[115.31023510191832,-6.8341555794650528],[115.31025315164418,-6.8341554176579837],[115.31025323258906,-6.8341644379325928],[115.310262257452,-6.8341643570286985],[115.31026241934249,-6.834182397577691],[115.31025339447922,-6.834182478481801],[115.31025363731526,-6.8342095393055811],[115.31028071190622,-6.8342092965917756],[115.31028063096026,-6.8342002763175103],[115.31027160609689,-6.8342003572221719],[115.31027144420564,-6.8341823166734121],[115.31028046906864,-6.8341822357689654],[115.31028038812302,-6.8341732154946877],[115.31028941298578,-6.8341731345901797],[115.31028949393159,-6.8341821548643509],[115.31029851879441,-6.8341820739595676],[115.31029859974049,-6.8341910942336437],[115.31032567432878,-6.8341908515179632],[115.31032583622226,-6.8342088920654041],[115.31035291081062,-6.8342086493475636],[115.31035282986332,-6.8341996290741607],[115.3103618547257,-6.8341995481679847],[115.31036177377833,-6.8341905278947017],[115.31037982350244,-6.834190366082062],[115.31037990445013,-6.8341993863551291],[115.31038892931218,-6.8341993054484496],[115.31038909120826,-6.8342173459943902],[115.31035299175804,-6.8342176696209629],[115.31035307270557,-6.8342266898943569],[115.31038014729391,-6.8342264471743572],[115.31038022824205,-6.8342354674474075],[115.31039827796739,-6.8342353056330172],[115.310398358916,-6.8342443259058827],[115.31038933405318,-6.8342444068132693],[115.31038941500171,-6.8342534270862192],[115.31037136527547,-6.8342535889007037],[115.31037144622377,-6.8342626091738659],[115.31034437163306,-6.8342628518946551],[115.31034429068528,-6.8342538316211696],[115.31033526582165,-6.8342539125276556],[115.31033558961283,-6.8342899936220007],[115.31032656474842,-6.8342900745287505],[115.31032672664432,-6.8343081150761122],[115.31031770177947,-6.8343081959829091],[115.31031778272741,-6.8343172162566912],[115.31030875786232,-6.8343172971634267],[115.3103088388102,-6.8343263174373137],[115.31029981394479,-6.8343263983439879],[115.31029957110196,-6.834299337521994],[115.31029054623696,-6.834299418428178],[115.31029046528974,-6.8342903981540628],[115.31028144042479,-6.8342904790599706],[115.31028127853099,-6.8342724385115137],[115.3102722536663,-6.8342725194170368],[115.31027241555974,-6.8342905599657104],[115.31026339069457,-6.8342906408712825],[115.31026347164129,-6.8342996611457201],[115.31027249650663,-6.8342995802400406],[115.31027257745363,-6.8343086005143663],[115.31028160231901,-6.8343085196084115],[115.31028168326627,-6.8343175398826244],[115.31027265840073,-6.8343176207886875],[115.31027273934794,-6.8343266410630052],[115.31028176421364,-6.8343265601568346],[115.31028184516116,-6.8343355804310395],[115.31029087002695,-6.8343354995245917],[115.3102909509747,-6.8343445197986856],[115.31029997584055,-6.8343444388919625],[115.31029989489261,-6.8343354186179779],[115.3103089197582,-6.8343353377111944],[115.31030908165451,-6.8343533782589621],[115.31027298219023,-6.8343537018859468],[115.31027314408566,-6.8343717424345245],[115.3102821689522,-6.8343716615278165],[115.31028249274502,-6.8344077426245242],[115.31029151761217,-6.8344076617172149],[115.31029159856081,-6.8344166819912733],[115.31026452395858,-6.8344169247130182],[115.31026460490682,-6.8344259449873963],[115.31025558003903,-6.8344260258944152],[115.31025566098721,-6.8344350461688972],[115.31023761125095,-6.834435207982648],[115.31023769219892,-6.8344442282573228],[115.31022866733046,-6.8344443091640548],[115.31022882922639,-6.8344623497136574],[115.31021980435747,-6.8344624306204356],[115.31021972340963,-6.834453410345537],[115.31021069854076,-6.8344534912520389],[115.3102106175932,-6.8344444709770116],[115.31021964246189,-6.8344443900706162],[115.31021948056676,-6.8344263495208146],[115.31020143082995,-6.8344265113330041],[115.31020151177714,-6.8344355316081327],[115.31019248690842,-6.834435612514083],[115.31019256785554,-6.834444632789296],[115.31018354298652,-6.8344447136951869],[115.31018338109273,-6.834426673144522],[115.31017435622394,-6.8344267540500292],[115.31017427527736,-6.8344177337745746],[115.31016525040864,-6.8344178146798056],[115.31016516946237,-6.8344087944042382],[115.31017419433093,-6.8344087134991156],[115.31017403243833,-6.8343906729481834],[115.31015598270179,-6.8343908347578308],[115.31015590175598,-6.8343818144821427],[115.31014687688773,-6.8343818953866062],[115.3101467959422,-6.8343728751108062],[115.31015582081031,-6.8343727942064509],[115.31015573986473,-6.8343637739307548],[115.31017378960028,-6.8343636121217539],[115.31017387054618,-6.8343726323972351],[115.31018289541393,-6.8343725514923745],[115.31018281446785,-6.8343635312170017],[115.31019183933537,-6.8343634503120807],[115.31019175838924,-6.8343544300368277],[115.3101827335219,-6.8343545109416413],[115.31018257163029,-6.8343364703908565],[115.3101735467632,-6.8343365512952854],[115.31017346581773,-6.8343275310197882],[115.31016444095066,-6.8343276119239418],[115.31016427906037,-6.8343095713727156],[115.31015525419357,-6.8343096522764855],[115.31015517324876,-6.8343006320007591],[115.31014614838203,-6.8343007129042519],[115.31014598649307,-6.8342826723525532],[115.31013696162651,-6.834282753255664],[115.31013679973834,-6.8342647127037663],[115.31015484947063,-6.8342645508978093],[115.31015468758221,-6.8342465103463077],[115.31014566271647,-6.8342465912491548],[115.3101455817726,-6.834237570973273],[115.31015460663816,-6.8342374900705334],[115.31015452569424,-6.8342284697947884],[115.31012745109769,-6.8342287125021794],[115.31012753204112,-6.8342377327782478],[115.3101185071752,-6.8342378136804829],[115.31011858811857,-6.8342468339566871],[115.3101095632524,-6.8342469148588618],[115.31010964419571,-6.8342559351351531],[115.31011866906205,-6.8342558542328709],[115.31011883094934,-6.8342738947852251],[115.31010980608265,-6.8342739756877231],[115.31010972513911,-6.8342649554114399],[115.31009167540576,-6.8342651172157156],[115.31009159446268,-6.8342560969392139],[115.31008256959599,-6.8342561778409916],[115.31008273148196,-6.8342742183942082],[115.31007370661482,-6.834274299296033],[115.31007354472918,-6.8342562587426015],[115.31008256959599,-6.8342561778409916],[115.3100824077105,-6.8342381372877412],[115.31007338284404,-6.8342382181891352],[115.3100733019016,-6.8342291979124212],[115.31006427703522,-6.834229278813539],[115.31006419609308,-6.8342202585366962],[115.31004614636031,-6.8342204203382133],[115.31004606541859,-6.8342114000611502],[115.31003704055222,-6.8342114809615486],[115.3100369596108,-6.8342024606843736],[115.31002793474447,-6.8342025415844967],[115.3100277728623,-6.8341845010299176],[115.31001874799621,-6.8341845819296561],[115.31001882893707,-6.8341936022070717],[115.3100098040707,-6.8341936831067507],[115.31000972313001,-6.8341846628292267],[115.31000069826366,-6.8341847437286294],[115.31000061732325,-6.8341757234510112],[115.309991592457,-6.8341758043501377],[115.30999151151687,-6.8341667840724059],[115.30998248665067,-6.834166864971257],[115.3099824057108,-6.8341578446934141],[115.31000045544273,-6.8341576828957598],[115.31000053638294,-6.8341667031733877],[115.31000956124893,-6.8341666222741999],[115.31000948030858,-6.8341576019966794],[115.31003655490534,-6.8341573592984322],[115.31003647396457,-6.8341483390212314],[115.31004549882978,-6.834148258121588],[115.31004541788896,-6.8341392378444903],[115.3100634676187,-6.834139076044913]],[[115.31119181774685,-6.8341560230270231],[115.31120084259838,-6.8341559421056415],[115.31120092356106,-6.8341649623689316],[115.31119189870934,-6.8341650432904206],[115.31119181774685,-6.8341560230270231]],[[115.31119278930419,-6.8342642661875086],[115.31121083901122,-6.8342641043419929],[115.31121091997539,-6.8342731246051063],[115.31120189512174,-6.8342732055280555],[115.31120197608587,-6.8342822257913065],[115.31119295123196,-6.8342823067141962],[115.31119278930419,-6.8342642661875086]],[[115.31037168906933,-6.8342896699933258],[115.31038071393318,-6.8342895890857358],[115.31038111867879,-6.8343346904508779],[115.31035404408439,-6.834334933174758],[115.31035372028971,-6.8342988520813597],[115.31034469542534,-6.8342989329885535],[115.31034453352898,-6.8342808924415959],[115.3103716081207,-6.83428064972016],[115.31037168906933,-6.8342896699933258]],[[115.31104855355473,-6.8342836014575603],[115.31106660326587,-6.8342834396169936],[115.31106676518937,-6.8343014801466824],[115.31104871547753,-6.834301641987679],[115.31104855355473,-6.8342836014575603]],[[115.31110278364932,-6.8342921361982576],[115.31112083335952,-6.8342919743554571],[115.31112091432234,-6.8343009946196531],[115.31110286461178,-6.8343011564626677],[115.31110278364932,-6.8342921361982576]],[[115.31112993917745,-6.8343009136978932],[115.31115701374213,-6.8343006709316034],[115.31115709470569,-6.8343096911953634],[115.31118416926991,-6.8343094484272386],[115.31118433119843,-6.8343274889540986],[115.31115725663321,-6.8343277317228708],[115.31115741856117,-6.8343457722503755],[115.31113936884982,-6.8343459340958139],[115.31113953077752,-6.8343639746236988],[115.31109440649556,-6.8343643792354314],[115.31109432553247,-6.8343553589709432],[115.3111304249576,-6.834355035282325],[115.31113010110371,-6.8343189542260543],[115.31113912595907,-6.8343188733039124],[115.31113904499571,-6.8343098530399402],[115.31113002014054,-6.8343099339619755],[115.31112993917745,-6.8343009136978932]],[[115.31127595618064,-6.8344800241731969],[115.31127603714859,-6.8344890444354851],[115.31126701229172,-6.8344891253621993],[115.31126709325962,-6.8344981456245737],[115.31123099383026,-6.8344984693301782],[115.31123083189591,-6.834480428804544],[115.31122180703865,-6.8344805097303096],[115.31122164510508,-6.8344624692044755],[115.31123969481882,-6.834462307353208],[115.31123953288503,-6.8344442668277727],[115.31123050802853,-6.8344443477532755],[115.31123042706193,-6.834435327490425],[115.31123945191828,-6.8344352465650307],[115.31123937095164,-6.8344262263023197],[115.31124839580767,-6.834426145376864],[115.31124815290791,-6.8343990845889744],[115.31125717776337,-6.834399003663675],[115.31125709679684,-6.8343899834011603],[115.31124807194155,-6.8343900643263531],[115.31124791000916,-6.8343720238010466],[115.31122986029898,-6.8343721856504942],[115.31122977933327,-6.8343631653876269],[115.31121172962301,-6.8343633272361863],[115.31121164865775,-6.8343543069730996],[115.31119359894736,-6.8343544688207709],[115.31119351798255,-6.8343454485574808],[115.31120254283763,-6.8343453676338379],[115.31120229994335,-6.8343183068441968],[115.31123839936056,-6.8343179831492344],[115.31123856129132,-6.8343360236747914],[115.31125661099993,-6.8343358618258696],[115.31125653003416,-6.8343268415633078],[115.31126555488814,-6.834326760638703],[115.31126563585407,-6.8343357809011556],[115.31125661099993,-6.8343358618258696],[115.31125677293178,-6.8343539023509781],[115.31126579778626,-6.8343538214260491],[115.31126587875252,-6.8343628416884901],[115.31128392846151,-6.8343626798379127],[115.31128409039502,-6.8343807203623497],[115.31127506554024,-6.8343808012879377],[115.31127514650701,-6.8343898215502739],[115.31126612165197,-6.8343899024758024],[115.31126620261868,-6.8343989227382069],[115.31128425232899,-6.834398760886768],[115.31128433329614,-6.834407781148971],[115.31127530844086,-6.8344078620748832],[115.31127555134245,-6.8344349228617727],[115.31128457619823,-6.8344348419355372],[115.31128465716581,-6.8344438621977401],[115.31129368202166,-6.8344437812712284],[115.31129360105389,-6.8344347610091338],[115.31130262590946,-6.8344346800825635],[115.31130278784541,-6.8344527206065155],[115.31127571327741,-6.8344529633863713],[115.31127579424503,-6.8344619836486569],[115.31126676938864,-6.8344620645750469],[115.31126685035622,-6.8344710848374346],[115.31125782549957,-6.8344711657637651],[115.31125790646711,-6.834480186026239],[115.31127595618064,-6.8344800241731969],[115.31127587521277,-6.8344710039109371],[115.31128490006923,-6.8344709229842708],[115.31128498103725,-6.8344799432464223],[115.31127595618064,-6.8344800241731969]],[[115.31085186875643,-6.8344928478092664],[115.31084284389441,-6.8344929287280776],[115.31084292485438,-6.8345019489955199],[115.31083389999208,-6.8345020299142698],[115.31083414287221,-6.8345290907168907],[115.31081609314626,-6.8345292525545354],[115.31081593122671,-6.8345112120190272],[115.31082495608942,-6.8345111311005056],[115.31082471321044,-6.8344840702975178],[115.31085178779635,-6.8344838275419129],[115.31085186875643,-6.8344928478092664]],[[115.31124026159064,-6.8345254491920997],[115.31125831130632,-6.8345252873386499],[115.31125823033825,-6.8345162670761805],[115.31126725519574,-6.8345161861493118],[115.31126733616399,-6.8345252064116737],[115.31127636102154,-6.8345251254845296],[115.31127644199006,-6.8345341457467796],[115.31128546684769,-6.8345340648193593],[115.31128562878537,-6.8345521053436471],[115.3112766039274,-6.8345521862712841],[115.31127668489626,-6.8345612065335049],[115.31128570975439,-6.8345611256057612],[115.31128579072349,-6.8345701458678851],[115.31127676586519,-6.8345702267957371],[115.31127717071158,-6.8346153281068371],[115.31130424528867,-6.8346150853211602],[115.31130432625879,-6.8346241055830435],[115.3112953013997,-6.8346241865118786],[115.31129570625103,-6.8346692878217716],[115.3112686316706,-6.8346695306088838],[115.3112685507006,-6.8346605103465903],[115.31125952584041,-6.8346605912751839],[115.31125944487071,-6.8346515710127784],[115.31125042001057,-6.8346516519410958],[115.31125050098012,-6.8346606722036087],[115.31119635181597,-6.83466115777063],[115.31119602794251,-6.8346250767179653],[115.311168953361,-6.8346253194979116],[115.31116871045856,-6.8345982587074134],[115.31121383475804,-6.8345978540749455],[115.31121391572623,-6.8346068743378989],[115.31119586600643,-6.8346070361916071],[115.31119594697442,-6.8346160564547871],[115.31121399669456,-6.8346158946008639],[115.31121415863153,-6.8346339351267833],[115.31125025807182,-6.8346336114160575],[115.31125017710261,-6.8346245911535304],[115.31123212738301,-6.8346247530090158],[115.31123204641425,-6.8346157327462684],[115.31122302155447,-6.8346158136736506],[115.3112228596176,-6.8345977731479461],[115.31123188447705,-6.8345976922207807],[115.31123172254028,-6.8345796516952424],[115.3112407473993,-6.8345795707681232],[115.31124066643093,-6.8345705505054637],[115.31123164157206,-6.8345706314324737],[115.31123147963595,-6.8345525909069442],[115.31124050449449,-6.8345525099801474],[115.31124026159064,-6.8345254491920997]],[[115.31104292916284,-6.8346625335109836],[115.31102487943689,-6.8346626953595946],[115.31102471750633,-6.8346446548291588],[115.31104276723161,-6.8346444929809778],[115.31104292916284,-6.8346625335109836]],[[115.31112382905624,-6.8346257241277941],[115.31111480419496,-6.8346258050532658],[115.3111147232284,-6.8346167847891195],[115.31110569836719,-6.8346168657143158],[115.31110561740087,-6.8346078454500558],[115.31112366712289,-6.8346076835997103],[115.31112382905624,-6.8346257241277941]],[[115.30941796646236,-6.834622975485968],[115.30940894158074,-6.8346230563794457],[115.30940886064619,-6.8346140360949397],[115.30941788552762,-6.8346139552015686],[115.30941796646236,-6.834622975485968]],[[115.31055485780264,-6.8345857207499598],[115.31057290753698,-6.8345855589207751],[115.31057298849304,-6.8345945791914051],[115.31059103822726,-6.8345944173613313],[115.31059120014035,-6.8346124579021517],[115.31057315040546,-6.8346126197326544],[115.31057306944919,-6.8346035994620493],[115.31056404458175,-6.834603680376941],[115.31056396362577,-6.8345946601061893],[115.31055493875837,-6.8345947410208057],[115.31055485780264,-6.8345857207499598],[115.31051875833272,-6.8345860444063113],[115.31051867737779,-6.8345770241350285],[115.31052770224525,-6.8345769432213022],[115.31052762129026,-6.8345679229501233],[115.31054567102458,-6.8345677611223783],[115.31054575197992,-6.8345767813933405],[115.31055477684706,-6.8345767004791087],[115.31055485780264,-6.8345857207499598]],[[115.31106943699008,-6.8345991488840498],[115.31107846185141,-6.8345990679597417],[115.31107854281709,-6.8346080882243117],[115.3110695179556,-6.8346081691487273],[115.31106943699008,-6.8345991488840498]],[[115.30950813433603,-6.834613146258623],[115.30949008457522,-6.8346133080485583],[115.30949000363925,-6.8346042877649831],[115.30950805339972,-6.8346041259752646],[115.30950813433603,-6.834613146258623]],[[115.30927340647955,-6.8346062291891494],[115.30926438159651,-6.834606310079721],[115.30926430066485,-6.8345972897934653],[115.30927332554771,-6.8345972089030003],[115.30927340647955,-6.8346062291891494]],[[115.31005840899104,-6.8345811505122027],[115.31004938411785,-6.8345812314171877],[115.31004930317178,-6.8345722111402969],[115.31004027829867,-6.8345722920450056],[115.31004011640719,-6.8345542514909976],[115.31004914127998,-6.8345541705865056],[115.31004906033422,-6.8345451503096015],[115.31005808520673,-6.8345450694050474],[115.31005800426092,-6.8345360491282481],[115.3100489793886,-6.8345361300326948],[115.31004857466208,-6.8344910286480758],[115.31005759953356,-6.8344909477441682],[115.31005768047881,-6.8344999680210075],[115.31006670535035,-6.8344998871168237],[115.31006678629589,-6.8345089073935323],[115.31007581116749,-6.8345088264890741],[115.31007589211329,-6.83451784676567],[115.31008491698499,-6.8345177658609364],[115.31008499793107,-6.8345267861374204],[115.31009402280279,-6.8345267052324106],[115.31009410374915,-6.8345357255087835],[115.31007605400525,-6.834535887318852],[115.31007621589762,-6.8345539278720153],[115.31008524076998,-6.8345538469668501],[115.31008548360988,-6.8345809077962398],[115.31009450848262,-6.8345808268905834],[115.31009475132403,-6.8346078877196277],[115.31007670157743,-6.8346080495314201],[115.31007662063051,-6.83459902925485],[115.31005857088384,-6.8345991910657542],[115.31005840899104,-6.8345811505122027]],[[115.30920047904193,-6.8345256937257721],[115.30919145415956,-6.8345257746140291],[115.30919137323021,-6.8345167543268737],[115.30920039811244,-6.834516673438725],[115.30920047904193,-6.8345256937257721]],[[115.3092364976402,-6.8345163498844466],[115.30920942299454,-6.8345165925504068],[115.30920926113555,-6.8344985519764965],[115.3092182860172,-6.8344984710882253],[115.30921836694681,-6.8345074913750832],[115.30923641671015,-6.834507329597824],[115.3092364976402,-6.8345163498844466]],[[115.31027427736578,-6.8344980262742085],[115.31028330223471,-6.8344979453659906],[115.3102831403359,-6.8344799048177318],[115.31029216520439,-6.834479823909561],[115.31029240805327,-6.8345068847316197],[115.31030143292213,-6.8345068038229568],[115.31030159482226,-6.8345248443707582],[115.31029256995306,-6.8345249252796361],[115.31029265090315,-6.8345339455536385],[115.31028362603364,-6.8345340264624568],[115.31028354508373,-6.834525006188346],[115.31027452021431,-6.8345250870968872],[115.31027460116405,-6.8345341073711046],[115.31026557629436,-6.8345341882795863],[115.31026541439535,-6.8345161477309313],[115.31027443926469,-6.8345160668226663],[115.31027427736578,-6.8344980262742085]],[[115.31022907207108,-6.8344894105379881],[115.31021102233214,-6.8344895723520231],[115.31021094138413,-6.8344805520770455],[115.31022899112273,-6.8344803902632263],[115.31022907207108,-6.8344894105379881]],[[115.31052689270032,-6.8344867405093046],[115.31053591756601,-6.8344866595964842],[115.31053599852017,-6.8344956798676133],[115.31052697365432,-6.8344957607805394],[115.31052689270032,-6.8344867405093046]],[[115.3103284265777,-6.8344975408223769],[115.31031940170931,-6.834497621731435],[115.31031932075918,-6.8344886014577231],[115.3103283456274,-6.8344885205487707],[115.3103284265777,-6.8344975408223769]],[[115.31075267622636,-6.8345027581754607],[115.31076170108965,-6.8345026772582225],[115.31076178204825,-6.8345116975266293],[115.31075275718477,-6.8345117784439751],[115.31075267622636,-6.8345027581754607]],[[115.31013922810698,-6.8345353209806694],[115.31015727784936,-6.8345351591682473],[115.31015743974477,-6.83455319971947],[115.31013939000172,-6.8345533615323237],[115.31013922810698,-6.8345353209806694]],[[115.31028378793377,-6.8345520670106623],[115.31029281280361,-6.83455198610163],[115.31029273185332,-6.8345429658276355],[115.31031078159231,-6.8345428040092813],[115.31031086254292,-6.834551824283059],[115.3103198874124,-6.8345517433735221],[115.31031996836332,-6.8345607636472048],[115.31032899323286,-6.8345606827373908],[115.31032907418403,-6.8345697030109278],[115.31032004931431,-6.8345697839208492],[115.31032013026544,-6.834578804194507],[115.31030208052533,-6.8345789660140595],[115.31030216147623,-6.8345879862879277],[115.31028411173533,-6.8345881481070236],[115.31028394983434,-6.8345701075588527],[115.31029297470451,-6.8345700266496037],[115.310292893754,-6.8345610063756359],[115.310283868884,-6.8345610872847766],[115.31028378793377,-6.8345520670106623]],[[115.3112135108863,-6.8345617730230046],[115.31122253574517,-6.8345616920964369],[115.31122261671311,-6.8345707123593176],[115.31121359185407,-6.8345707932859918],[115.3112135108863,-6.8345617730230046]],[[115.31004962695673,-6.8346082922478484],[115.31004060208295,-6.8346083731529879],[115.31004052113671,-6.834599352875987],[115.31004954601032,-6.834599271970955],[115.31004962695673,-6.8346082922478484]],[[115.31088780628211,-6.8344744835985232],[115.31087878142085,-6.8344745645177918],[115.31087870046049,-6.8344655442507687],[115.31088772532159,-6.8344654633316075],[115.31088780628211,-6.8344744835985232]],[[115.30914592510466,-6.8344810776142744],[115.30913690022248,-6.8344811585009833],[115.30913681929469,-6.834472138213159],[115.30914584417673,-6.8344720573265585],[115.30914592510466,-6.8344810776142744]],[[115.31024687896388,-6.8344621878995957],[115.31025590383244,-6.8344621069923139],[115.31025598478107,-6.8344711272667764],[115.31024695991232,-6.8344712081741674],[115.31024687896388,-6.8344621878995957]],[[115.31088756340091,-6.8344474227977647],[115.31086048881829,-6.8344476655540953],[115.3108605697781,-6.8344566858213422],[115.3108425200555,-6.8344568476582701],[115.31084243909605,-6.8344478273908074],[115.31083341423472,-6.8344479083089116],[115.31083333327555,-6.83443888804132],[115.31086943271943,-6.8344385643683259],[115.31086935175971,-6.8344295441011944],[115.31088740148066,-6.8344293822639042],[115.31088732052068,-6.8344203619969681],[115.31089634538081,-6.8344202810781782],[115.31089650730119,-6.834438321611815],[115.31088748244073,-6.8344384025308207],[115.31088756340091,-6.8344474227977647]],[[115.31115782338293,-6.8343908735690224],[115.31115766145389,-6.8343728330415594],[115.3112027857329,-6.8343724284234053],[115.31120294766362,-6.8343904689497901],[115.3111939228077,-6.8343905498739721],[115.31119416570409,-6.8344176106637979],[115.31117611599093,-6.8344177725123059],[115.31117587309554,-6.8343907117218343],[115.31115782338293,-6.8343908735690224],[115.31115798531241,-6.8344089140964339],[115.31114896045563,-6.8344089950199907],[115.31114879852647,-6.8343909544923633],[115.31115782338293,-6.8343908735690224]],[[115.31086894696264,-6.8343844427653897],[115.31085992210284,-6.8343845236832443],[115.31085984114394,-6.8343755034159619],[115.31086886600356,-6.8343754224982156],[115.31086894696264,-6.8343844427653897]],[[115.31083292848132,-6.8343937867034148],[115.31082390362093,-6.8343938676207037],[115.31082406553796,-6.834411908156091],[115.3107879660939,-6.8344122318244294],[115.31078788513601,-6.8344032115562978],[115.31077886027491,-6.8344032924728548],[115.31077877931726,-6.8343942722046283],[115.31080585389981,-6.8343940294547778],[115.31080593485792,-6.8344030497226811],[115.3108149597187,-6.8344029688056205],[115.31081463588617,-6.8343668877343458],[115.31082366074621,-6.834366806817548],[115.31082357978818,-6.834357786549826],[115.31084162950754,-6.8343576247159428],[115.3108413866331,-6.8343305639133982],[115.3108504114921,-6.8343304829965268],[115.31085049245033,-6.8343395032639389],[115.31085951730937,-6.8343394223467921],[115.31085976018512,-6.834366483148675],[115.3108326856061,-6.8343667259005816],[115.31083292848132,-6.8343937867034148]],[[115.310616250847,-6.8343867084017464],[115.31060722598414,-6.8343867893148937],[115.31060714502995,-6.8343777690445942],[115.31061616989265,-6.8343776881315552],[115.310616250847,-6.8343867084017464]],[[115.31035428693156,-6.8343619939947606],[115.31035436788085,-6.8343710142680862],[115.31034534301513,-6.8343710951761407],[115.31034526206602,-6.8343620749027076],[115.31035428693156,-6.8343619939947606],[115.31035420598239,-6.8343529737214466],[115.31036323084764,-6.8343528928134401],[115.31036331179696,-6.8343619130866458],[115.31035428693156,-6.8343619939947606]],[[115.3107873993909,-6.8343490899474384],[115.31081447397059,-6.8343488471986999],[115.31081455492833,-6.8343578674665171],[115.31078748034817,-6.8343581102155779],[115.3107873993909,-6.8343490899474384]],[[115.31098578436408,-6.8343292692232849],[115.31102188379242,-6.8343289455440308],[115.31102204571533,-6.8343469860747694],[115.31101302085807,-6.8343470669950515],[115.31101318278107,-6.8343651075259544],[115.31100415792336,-6.8343651884462835],[115.31100407696196,-6.8343561681807179],[115.31096797753072,-6.8343564918599196],[115.31096789657011,-6.8343474715939356],[115.31098594628563,-6.8343473097548868],[115.31098578436408,-6.8343292692232849]],[[115.31121181058839,-6.8343723474992686],[115.31122083544372,-6.8343722665749658],[115.31122091640937,-6.8343812868379361],[115.31121189155385,-6.8343813677623482],[115.31121181058839,-6.8343723474992686]],[[115.31095927651546,-6.834392653843711],[115.3109773262329,-6.8343924920039196],[115.3109774071942,-6.8344015122697757],[115.31095935747646,-6.8344016741097819],[115.31095927651546,-6.834392653843711]],[[115.31130197817004,-6.8343625179866629],[115.3113200278781,-6.8343623561347409],[115.31132018981299,-6.8343803966583154],[115.31131116495865,-6.8343804775845758],[115.31131108399134,-6.8343714573226828],[115.31130205913708,-6.8343715382486678],[115.31130197817004,-6.8343625179866629]],[[115.31129327718396,-6.8343986799607954],[115.31131132689364,-6.8343985181083475],[115.31131140786127,-6.8344075383702272],[115.31129335815129,-6.8344077002228909],[115.31129327718396,-6.8343986799607954]],[[115.31136596183359,-6.8344521541143006],[115.31137498668861,-6.834452073186168],[115.3113750676581,-6.834461093447266],[115.31136604280289,-6.834461174375507],[115.31136596183359,-6.8344521541143006]],[[115.31082309404233,-6.8343036649434072],[115.3108232559572,-6.8343217054788976],[115.31079618137937,-6.8343219482271707],[115.31079610042239,-6.8343129279591031],[115.31078707556307,-6.8343130088747506],[115.31078699460637,-6.834303988606572],[115.31082309404233,-6.8343036649434072],[115.31082301308508,-6.8342946446756541],[115.31083203794364,-6.8342945637595518],[115.31083211890105,-6.8343035840271957],[115.31082309404233,-6.8343036649434072]],[[115.31005727575364,-6.8344548666368574],[115.3100482508828,-6.8344549475403342],[115.31004808899384,-6.8344369069864284],[115.31003906412325,-6.8344369878895188],[115.3100389831791,-6.8344279676124531],[115.31004800804951,-6.8344278867094683],[115.31004784616118,-6.8344098461555376],[115.31005687103118,-6.8344097652526008],[115.31005711386433,-6.8344368260831674],[115.31006613873468,-6.8344367451797385],[115.31006621967947,-6.8344457654564614],[115.31005719480892,-6.8344458463599977],[115.31005727575364,-6.8344548666368574]],[[115.30895615978267,-6.8344557153298977],[115.30894713489869,-6.8344557962127537],[115.30894705397479,-6.8344467759226699],[115.30895607885859,-6.8344466950399223],[115.30895615978267,-6.8344557153298977]],[[115.30893794816721,-6.834437836515038],[115.30889282374676,-6.8344382409248734],[115.30889258097905,-6.8344111800526139],[115.30890160586284,-6.8344110991713061],[115.30890144401793,-6.8343930585899653],[115.30891949378453,-6.8343928968272758],[115.30891965563013,-6.8344109374081858],[115.30891063074655,-6.8344110182898303],[115.30891079259226,-6.8344290588709038],[115.30891981747617,-6.8344289779890453],[115.30891973655308,-6.8344199576986089],[115.30892876143673,-6.8344198768166882],[115.3089286805136,-6.8344108565263726],[115.30893770539697,-6.8344107756443933],[115.30893794816721,-6.834437836515038]],[[115.30885648144276,-6.8344115035761641],[115.3088474565584,-6.8344115844566309],[115.30884737563686,-6.8344025641653081],[115.30883835075259,-6.8344026450454987],[115.30883826983136,-6.83439362475408],[115.3088563195995,-6.8343934629937459],[115.30885648144276,-6.8344115035761641]],[[115.30889241913444,-6.8343931394710582],[115.30887436936717,-6.8343933012327387],[115.30887428844537,-6.8343842809417463],[115.30886526356177,-6.8343843618222255],[115.30886518264023,-6.8343753415311221],[115.30885615775669,-6.8343754224113269],[115.30885607683544,-6.8343664021201276],[115.30890120125133,-6.8343659977179625],[115.30890128217342,-6.8343750180086236],[115.30889225729028,-6.8343750988894998],[115.30889241913444,-6.8343931394710582]],[[115.30906356820097,-6.8343555215466063],[115.30908161796229,-6.8343553597787263],[115.30908169888761,-6.83436438006727],[115.3091087735293,-6.8343641374138651],[115.30910917816016,-6.8344092388548203],[115.30910015327888,-6.8344093197399944],[115.30910007235263,-6.8344002994516879],[115.30909104747143,-6.8344003803365867],[115.30909096654547,-6.8343913600481843],[115.30908194166429,-6.8343914409328086],[115.30908186073863,-6.8343824206442942],[115.30906381097631,-6.8343825824128199],[115.30906356820097,-6.8343555215466063]],[[115.31004736049888,-6.8343557244936557],[115.31003833562981,-6.8343558053957789],[115.31003825468663,-6.8343467851186555],[115.31004727955555,-6.8343467042166415],[115.31004736049888,-6.8343557244936557],[115.31005638536786,-6.8343556435913655],[115.31005646631147,-6.8343646638682349],[115.3100654911805,-6.8343645829656685],[115.31006573401248,-6.8343916437959766],[115.31005670914298,-6.8343917246988672],[115.31005679008703,-6.8344007449757527],[115.31004776521719,-6.8344008258785811],[115.31004768427331,-6.8343918056015882],[115.31003865940359,-6.8343918865041422],[115.31003857845997,-6.8343828662270543],[115.31005662819904,-6.8343827044219934],[115.31005654725519,-6.8343736841451168],[115.31004752238589,-6.834373765047622],[115.31004736049888,-6.8343557244936557]],[[115.30891006429002,-6.8343478762558565],[115.30887396475927,-6.8343481997777351],[115.30887372199587,-6.8343211389046825],[115.30889177176041,-6.8343209771447251],[115.3088918526818,-6.8343299974355327],[115.3089008775641,-6.8343299165551947],[115.30890079664256,-6.8343208962644955],[115.30890982152457,-6.8343208153840962],[115.30891006429002,-6.8343478762558565]],[[115.30984848959608,-6.8343214231839964],[115.30985751446676,-6.8343213422858353],[115.30985759540624,-6.8343303625651091],[115.30984857053537,-6.8343304434633776],[115.30984848959608,-6.8343214231839964]],[[115.30901836287168,-6.8343469056740798],[115.30900933799047,-6.8343469865568194],[115.30900917614304,-6.8343289459780205],[115.30901820102392,-6.8343288650954959],[115.30901836287168,-6.8343469056740798]],[[115.30983011609955,-6.8342855038613628],[115.3098120663587,-6.8342856656556457],[115.3098121472969,-6.8342946859354932],[115.30979409755533,-6.8342948477293177],[115.30979401661746,-6.8342858274492562],[115.30978499174668,-6.8342859083458087],[115.3097849108091,-6.8342768880656681],[115.30979393567969,-6.8342768071692221],[115.30979385474205,-6.8342677868891686],[115.30981190448264,-6.8342676250959897],[115.30981198542061,-6.8342766453758284],[115.30983003516113,-6.8342764835817613],[115.30983011609955,-6.8342855038613628]],[[115.30874688812183,-6.8342681494502759],[115.3087559130047,-6.8342680685733814],[115.3087560748412,-6.8342861091582749],[115.308747049958,-6.8342861900353844],[115.30874688812183,-6.8342681494502759],[115.30871981347261,-6.8342683920799496],[115.30871989439012,-6.8342774123728303],[115.30871086950664,-6.8342774932491581],[115.30871070767206,-6.8342594526631792],[115.3087197325552,-6.8342593717870654],[115.3087196516379,-6.8342503514941617],[115.30874672628613,-6.8342501088651346],[115.30874688812183,-6.8342681494502759]],[[115.30863858951898,-6.8342691199598917],[115.30862956463469,-6.8342692008345987],[115.30862948371896,-6.834260180540638],[115.30863850860307,-6.8342600996660376],[115.30863858951898,-6.8342691199598917]],[[115.30974848757893,-6.8342411305273529],[115.30973043783783,-6.8342412923175306],[115.30973035690182,-6.8342322720367203],[115.30973938177225,-6.8342321911418242],[115.30973930083616,-6.8342231708611019],[115.30975735057636,-6.8342230090710183],[115.30975759338597,-6.8342500699125255],[115.30974856851542,-6.8342501508079749],[115.30974848757893,-6.8342411305273529]],[[115.3087555084154,-6.8342229671110744],[115.30874648353337,-6.8342230479874315],[115.30874640261601,-6.8342140276948493],[115.30875542749786,-6.8342139468186005],[115.3087555084154,-6.8342229671110744]],[[115.30879152702417,-6.8342136233119293],[115.30880055190549,-6.8342135424348402],[115.30880063282386,-6.8342225627267768],[115.3087916079424,-6.8342226436039724],[115.30879152702417,-6.8342136233119293]],[[115.30901714902403,-6.8342116013342809],[115.30902617390259,-6.8342115204529881],[115.30902625482517,-6.8342205407422307],[115.30901722994642,-6.834220621623631],[115.30901714902403,-6.8342116013342809]],[[115.308800309151,-6.8341864815590068],[115.30879128427021,-6.8341865624357725],[115.30879120335243,-6.8341775421437116],[115.30880022823305,-6.8341774612670552],[115.308800309151,-6.8341864815590068]],[[115.30992833745115,-6.8341673503608318],[115.30991931258421,-6.8341674312585061],[115.30991923164551,-6.8341584109799083],[115.3099102067786,-6.8341584918773055],[115.3099101258402,-6.8341494715985966],[115.30992817557356,-6.8341493098038475],[115.30992833745115,-6.8341673503608318]],[[115.30880014731524,-6.8341684409750982],[115.30879112243477,-6.8341685218516464],[115.30879104151724,-6.8341595015595775],[115.30880006639752,-6.8341594206831351],[115.30880014731524,-6.8341684409750982]],[[115.30993728137899,-6.8341582491846076],[115.30994630624558,-6.834158168286705],[115.30994638718477,-6.8341671885649786],[115.30993736231804,-6.8341672694629887],[115.30993728137899,-6.8341582491846076]],[[115.31002744909927,-6.834148419920707],[115.31000939936831,-6.8341485817191554],[115.31000931842816,-6.834139561441626],[115.31002736815877,-6.8341393996433943],[115.31002744909927,-6.834148419920707]],[[115.30860143809183,-6.8341521796316851],[115.30858338832667,-6.834152341376786],[115.3085833074132,-6.8341433210822311],[115.30860135717803,-6.8341431593373443],[115.30860143809183,-6.8341521796316851]],[[115.30891135905566,-6.8344922009045881],[115.30892038394076,-6.8344921200219755],[115.30892046486471,-6.8345011403123586],[115.30891143997945,-6.8345012211950795],[115.30891135905566,-6.8344922009045881]],[[115.30980660286492,-6.8346826388657247],[115.30981562774291,-6.8346825579640935],[115.3098157086859,-6.8346915782437341],[115.30980668380778,-6.8346916591454709],[115.30980660286492,-6.8346826388657247]],[[115.31068185360131,-6.8346567500861237],[115.31069087846835,-6.8346566691683988],[115.31069095942746,-6.8346656894375943],[115.31068193456026,-6.8346657703554259],[115.31068185360131,-6.8346567500861237]],[[115.31089869326911,-6.8346818688144646],[115.310907718134,-6.8346817878923813],[115.31090779909746,-6.8346908081589604],[115.31089877423238,-6.8346908890811511],[115.31089869326911,-6.8346818688144646]],[[115.31092592979121,-6.834699666580466],[115.31094397952096,-6.834699504734691],[115.3109441414498,-6.834717545266999],[115.31093511658466,-6.8347176261901863],[115.31093503562033,-6.834708605923927],[115.31092601075527,-6.8347086868468381],[115.31092592979121,-6.834699666580466]],[[115.31089901712298,-6.8347179498812523],[115.31088999225729,-6.8347180308035984],[115.31088991129383,-6.8347090105368009],[115.31089893615933,-6.8347089296145622],[115.31089901712298,-6.8347179498812523]],[[115.31085389279342,-6.8347183544913026],[115.31086291765953,-6.8347182735696297],[115.3108630795858,-6.8347363141038597],[115.31084502985277,-6.8347364759474694],[115.31084494888992,-6.8347274556801407],[115.31085397375632,-6.8347273747585273],[115.31085389279342,-6.8347183544913026]],[[115.31079990551825,-6.8347368805535531],[115.31080893038536,-6.8347367996326724],[115.31080909231002,-6.8347548401681797],[115.310791042575,-6.834755002010203],[115.31079096161294,-6.8347459817422358],[115.31078193674544,-6.8347460626628873],[115.31078185578366,-6.8347370423948099],[115.31077283091622,-6.8347371233151861],[115.31077274995474,-6.8347281030469942],[115.31079982455624,-6.8347278602856854],[115.31079990551825,-6.8347368805535531]],[[115.31089023514834,-6.8347450916039687],[115.31089926001454,-6.8347450106812992],[115.31089934097861,-6.8347540309479724],[115.31089031611224,-6.8347541118707493],[115.31089023514834,-6.8347450916039687]],[[115.31076372508733,-6.8347281839670941],[115.31075470021983,-6.8347282648870262],[115.31075461925879,-6.8347192446186158],[115.3107636441261,-6.8347191636987912],[115.31076372508733,-6.8347281839670941]],[[115.31074591823553,-6.8347554066123193],[115.31075494310365,-6.8347553256922327],[115.31075502406513,-6.8347643459606422],[115.31074599919684,-6.8347644268808381],[115.31074591823553,-6.8347554066123193]],[[115.31106227435936,-6.8348066958975524],[115.31108032408984,-6.8348065340441462],[115.31108040505804,-6.8348155543086175],[115.31106235532722,-6.8348157161622396],[115.31106227435936,-6.8348066958975524]],[[115.31107146116082,-6.8348246555001033],[115.31108951089175,-6.8348244936459297],[115.31108959186034,-6.8348335139103007],[115.31108056699479,-6.8348335948375789],[115.31108064796331,-6.8348426151020538],[115.31107162309742,-6.8348426960292707],[115.31107146116082,-6.8348246555001033]],[[115.31136822901583,-6.8347047214264585],[115.31139530359471,-6.8347044786325046],[115.31139538456758,-6.834713498893267],[115.3113683099882,-6.834713741687545],[115.31136822901583,-6.8347047214264585]]],[[[115.30380401157237,-6.832607436645378],[115.30380384996161,-6.8325893959410511],[115.30379482505111,-6.8325894767054214],[115.30379498666154,-6.832607517409965],[115.30380401157237,-6.832607436645378]]],[[[115.30763942703801,-6.8325550558666368],[115.30762137730977,-6.8325552175380926],[115.30762153906278,-6.8325732581513483],[115.3076305639273,-6.8325731773154894],[115.30763080655815,-6.8326002382350355],[115.30763983142307,-6.8326001573986854],[115.30763991230042,-6.8326091777050619],[115.30765796203023,-6.8326090160316415],[115.30765788115256,-6.8325999957254817],[115.30764885628787,-6.8326000765621675],[115.307648613656,-6.832573015643268],[115.30763958879172,-6.8325730964794618],[115.30763942703801,-6.8325550558666368]]],[[[115.30864126716628,-6.8325551023411837],[115.3086411862708,-6.8325460820467248],[115.30863216141888,-6.8325461629011937],[115.30863224231419,-6.8325551831957618],[115.30864126716628,-6.8325551023411837]]],[[[115.30643936172044,-6.8325928665161975],[115.30645741147829,-6.832592704888139],[115.30645708805903,-6.8325566236060622],[115.3064390383025,-6.83255678523326],[115.30643911915681,-6.8325658055540011],[115.30641204452066,-6.8325660479938604],[115.30641212537458,-6.8325750683149202],[115.30643920001124,-6.8325748258747376],[115.30643936172044,-6.8325928665161975]]],[[[115.30689028208519,-6.8325527443515872],[115.30689036294793,-6.832561764666945],[115.30689938782096,-6.8325616838449177],[115.30689930695809,-6.8325526635296683],[115.30689028208519,-6.8325527443515872]]],[[[115.30690833183083,-6.8325525827075806],[115.30690849355706,-6.83257062333786],[115.30692654330292,-6.8325704616927485],[115.30692646243943,-6.8325614413778277],[115.3069174375667,-6.8325615222003586],[115.30691735670348,-6.832552501885325],[115.30690833183083,-6.8325525827075806]]],[[[115.3057351782972,-6.8325721084986775],[115.30572615341008,-6.8325721892990199],[115.30572607256903,-6.8325631689697746],[115.30571704768197,-6.8325632497698416],[115.3057169668412,-6.8325542294404844],[115.3057079419542,-6.8325543102402753],[115.30570810363548,-6.832572350899202],[115.30571712852282,-6.8325722700991962],[115.3057172902049,-6.8325903107578894],[115.30572631509246,-6.8325902299574999],[115.30572639593385,-6.8325992502867328],[115.30573542082146,-6.8325991694860662],[115.30573533997993,-6.8325901491569407],[115.30574436486727,-6.8325900683562137],[115.30574428402569,-6.8325810480271922],[115.3057352591385,-6.8325811288278109],[115.3057351782972,-6.8325721084986775]]],[[[115.30690833183083,-6.8325525827075806],[115.30690825096787,-6.8325435623924333],[115.30689922609528,-6.8325436432144135],[115.30689930695809,-6.8325526635296683],[115.30690833183083,-6.8325525827075806]]],[[[115.30698044994466,-6.8325429158105413],[115.30697142507294,-6.8325429966338653],[115.30697150593707,-6.8325520169482594],[115.30696248106507,-6.8325520977715231],[115.30696272365761,-6.8325791587149975],[115.30697174853012,-6.8325790778914097],[115.30697166766566,-6.8325700575770298],[115.30698069253789,-6.8325699767533816],[115.30698061167338,-6.8325609564391065],[115.30700768628887,-6.8325607139674771],[115.30700760542395,-6.83255169365352],[115.30698053080894,-6.8325519361248253],[115.30698044994466,-6.8325429158105413]]],[[[115.30607788138479,-6.8325419769859197],[115.30607780053751,-6.8325329566608586],[115.3060597507728,-6.8325331182732914],[115.30605983161972,-6.8325421385985665],[115.30607788138479,-6.8325419769859197]]],[[[115.30689028208519,-6.8325527443515872],[115.30689003949767,-6.8325256834054899],[115.30688101462522,-6.8325257642269195],[115.30688125721223,-6.8325528251733392],[115.30689028208519,-6.8325527443515872]]],[[[115.30235953977936,-6.8325662346245686],[115.30235945900148,-6.8325572142551687],[115.30235043407434,-6.832557294992105],[115.30235051485204,-6.8325663153616141],[115.30235953977936,-6.8325662346245686]]],[[[115.30714314021915,-6.8325685218989731],[115.30717021482927,-6.8325682794179432],[115.30717013396124,-6.8325592591059285],[115.30717915883089,-6.8325591782786903],[115.30717883535911,-6.8325230970310189],[115.30718786022796,-6.8325230162040427],[115.30718777936012,-6.8325139958922216],[115.3071697296226,-6.8325141575457895],[115.30716997222544,-6.8325412184818868],[115.30716094735604,-6.8325412993087413],[115.3071610282237,-6.8325503196208723],[115.30715200335399,-6.8325504004476665],[115.30715208422161,-6.8325594207599014],[115.30714305935162,-6.8325595015866352],[115.30714314021915,-6.8325685218989731]]],[[[115.30253995752125,-6.832555599481128],[115.30253987674011,-6.8325465791138749],[115.30253085181532,-6.8325466598540654],[115.30253093259627,-6.8325556802214269],[115.30253995752125,-6.832555599481128]]],[[[115.30657408803971,-6.8325194917363365],[115.30657400718341,-6.8325104714171898],[115.30656498230748,-6.8325105522325194],[115.30656506316359,-6.8325195725517736],[115.30657408803971,-6.8325194917363365]]],[[[115.30736827671113,-6.8325123793195601],[115.30736819584006,-6.8325033590098885],[115.30735014610725,-6.832503520669964],[115.307350226978,-6.8325125409798515],[115.30736827671113,-6.8325123793195601]]],[[[115.30670035543541,-6.8325093399849184],[115.30670027457685,-6.8325003196672744],[115.30670929945101,-6.8325002388495291],[115.30670921859242,-6.8324912185319722],[115.30668214397014,-6.8324914609843761],[115.30668230568642,-6.8325095016201161],[115.30670035543541,-6.8325093399849184]]],[[[115.30708842493254,-6.8325058646655163],[115.30708818233559,-6.8324788037264597],[115.30707915746633,-6.8324788845510493],[115.30707940006282,-6.8325059454904276],[115.30708842493254,-6.8325058646655163]]],[[[115.30737705896408,-6.8324852375604408],[115.30737697809315,-6.8324762172508811],[115.30736795322743,-6.8324762980808478],[115.30736803409819,-6.8324853183905159],[115.30737705896408,-6.8324852375604408]]],[[[115.30753040079387,-6.832474843115719],[115.30740405268968,-6.8324759747599693],[115.30740413356112,-6.8324849950692075],[115.30739510869556,-6.832485075899787],[115.30739518956695,-6.8324940962091594],[115.30740421443265,-6.8324940153784723],[115.30740429530431,-6.8325030356877186],[115.30742234503582,-6.8325028740256259],[115.30742242590792,-6.832511894334651],[115.30746755023556,-6.8325114901759365],[115.30746746936261,-6.8325024698674497],[115.30744941963222,-6.8325026315312236],[115.30744933875972,-6.8324936112225165],[115.3074583636248,-6.8324935303908223],[115.30745828275225,-6.8324845100822023],[115.30746730761705,-6.8324844292504459],[115.30746738848978,-6.8324934495589575],[115.30750348794859,-6.8324931262298234],[115.3075034070752,-6.8324841059217416],[115.30751243193944,-6.832484025089145],[115.30751251281301,-6.8324930453971193],[115.30753056254153,-6.8324928837312058],[115.30753040079387,-6.832474843115719]]],[[[115.30656498230748,-6.8325105522325194],[115.30656482059553,-6.832492511593979],[115.30655579571982,-6.8324925924089248],[115.30655571486419,-6.8324835720895658],[115.30650156560849,-6.8324840569750709],[115.30650148475397,-6.832475036655044],[115.30647441012515,-6.8324752790952044],[115.30647449097917,-6.8324842994155537],[115.30646546610252,-6.8324843802287099],[115.30646554695647,-6.8324934005491471],[115.30650164646309,-6.8324930772950747],[115.30650172731782,-6.8325020976151096],[115.30649270244118,-6.8325021784289879],[115.30649278329584,-6.8325111987491081],[115.30643863403255,-6.8325116836294901],[115.30643871488631,-6.8325207039502525],[115.30642969000854,-6.8325207847631688],[115.30642977086224,-6.8325298050840351],[115.30643879574019,-6.8325297242710112],[115.30643887659419,-6.8325387445917656],[115.30644790147217,-6.8325386637784655],[115.30644798232645,-6.832547684099108],[115.30645700720447,-6.8325476032855317],[115.30645708805903,-6.8325566236060622],[115.30647513781514,-6.8325564619781911],[115.30647521867014,-6.8325654822985014],[115.30648424354821,-6.8325654014842065],[115.30648432440348,-6.832574421804404],[115.3064933492816,-6.8325743409898338],[115.30649343013715,-6.8325833613099203],[115.30654757940458,-6.8325828764183187],[115.30654766026126,-6.8325918967377541],[115.30656571001653,-6.8325917351056589],[115.30656562915952,-6.8325827147864402],[115.30658367891402,-6.8325825531538884],[115.30658375977136,-6.8325915734728939],[115.30660180952576,-6.8325914118394548],[115.30660189038356,-6.832600432158241],[115.30662896501484,-6.8326001897064987],[115.30662904587325,-6.832609210024974],[115.30663807075028,-6.8326091292072828],[115.30663815160894,-6.8326181495256115],[115.30664717648608,-6.8326180687076459],[115.30664709562721,-6.8326090483894228],[115.30666514538076,-6.8326088867532002],[115.30666522623993,-6.8326179070712074],[115.30668327599338,-6.8326177454340975],[115.30668335685301,-6.8326267657519004],[115.30671043148284,-6.8326265232946506],[115.30671059320345,-6.8326445639295992],[115.3067286429568,-6.8326444022901613],[115.30672856209611,-6.8326353819729055],[115.30674661184871,-6.8326352203330103],[115.30674653098781,-6.832626200015965],[115.306756795951,-6.832626108090559],[115.30678263049097,-6.83262587673459],[115.30678254962952,-6.8326168564179701],[115.30685474862932,-6.8326162098480125],[115.30685482949212,-6.83262523016377],[115.30700825234631,-6.8326238561650579],[115.30700800974959,-6.8325967952232638],[115.30699898487721,-6.832596876047738],[115.30699906574252,-6.832605896361799],[115.30693589163148,-6.8326064621291742],[115.30693581076737,-6.8325974418143591],[115.3069177610207,-6.832597603460453],[115.30691768015704,-6.8325885831454363],[115.30690865528373,-6.8325886639681217],[115.30690857442035,-6.8325796436529931],[115.3068905246737,-6.8325798052976472],[115.30689044381076,-6.8325707849822983],[115.306872394064,-6.8325709466260651],[115.30687247492664,-6.8325799669416289],[115.30684540030519,-6.8325802094063404],[115.3068453194431,-6.8325711890904532],[115.30685434431686,-6.8325711082691578],[115.30685418259264,-6.832553067637587],[115.30686320746594,-6.8325529868163395],[115.30686296487993,-6.8325259258692732],[115.30684491513422,-6.8325260875109528],[115.30684499599577,-6.8325351078268612],[115.30682694624929,-6.8325352694680852],[115.30682686538806,-6.8325262491519609],[115.30677271614701,-6.8325267340709521],[115.30677279700721,-6.832535754387723],[115.30675598734599,-6.8325359049210901],[115.30675474725898,-6.8325359160262567],[115.30675466639912,-6.8325268957092709],[115.30674564152501,-6.832526976528178],[115.3067457223847,-6.8325359968452721],[115.30673669751035,-6.8325360776641189],[115.3067366166508,-6.8325270573469181],[115.30671856690202,-6.8325272189838921],[115.30671848604293,-6.832518198666472],[115.30670946116854,-6.8325182794845993],[115.30670954202745,-6.8325272998021269],[115.30665539277787,-6.8325277847080059],[115.30665523106217,-6.832509744071654],[115.30664620618718,-6.832509824888497],[115.30664628704483,-6.8325188452067822],[115.30663726216955,-6.8325189260235648],[115.30663718131208,-6.8325099057051721],[115.30659205693502,-6.8325103097860245],[115.30659213779164,-6.8325193301049563],[115.30657408803971,-6.8325194917363365],[115.30657416889612,-6.8325285120554797],[115.30656514401983,-6.8325285928710251],[115.30656506316359,-6.8325195725517736],[115.30655603828735,-6.8325196533670454],[115.30655611914342,-6.8325286736864026],[115.30652904451355,-6.8325289161315261],[115.30652896365798,-6.8325198958118438],[115.30651091390452,-6.8325200574408704],[115.3065106713395,-6.8324929964811369],[115.306537745968,-6.8324927540383147],[115.3065378268234,-6.8325017743579179],[115.30655587657554,-6.832501612728314],[115.3065559574314,-6.8325106330476801],[115.30656498230748,-6.8325105522325194]],[[115.30651107561509,-6.8325380980806596],[115.30652912536921,-6.8325379364512022],[115.30652928708091,-6.8325559770905446],[115.30652026220353,-6.8325560579055731],[115.30652034305936,-6.8325650782253451],[115.30651131818175,-6.8325651590403123],[115.30651123732609,-6.8325561387204328],[115.30649318757085,-6.8325563003496477],[115.30649310671562,-6.8325472800295488],[115.30651115647053,-6.832547118400548],[115.30651107561509,-6.8325380980806596]],[[115.30677287786756,-6.8325447747044885],[115.30680897736339,-6.8325444514249716],[115.30680905822449,-6.8325534717413028],[115.30682710797207,-6.8325533101003204],[115.30682726969526,-6.8325713507325379],[115.30680921994701,-6.832571512373951],[115.30680913908569,-6.8325624920576287],[115.30680011421155,-6.8325625728779755],[115.3068001950727,-6.8325715931944053],[115.30678214532379,-6.8325717548348095],[115.30678206446298,-6.8325627345181648],[115.30676401471396,-6.8325628961576808],[115.30676393385357,-6.8325538758408166],[115.30677295872796,-6.8325537950212496],[115.30677287786756,-6.8325447747044885]],[[115.30664661047648,-6.8325549264798839],[115.30663758560053,-6.8325550072970982],[115.30663750474261,-6.8325459869787206],[115.3066465296184,-6.8325459061616165],[115.30664661047648,-6.8325549264798839]]],[[[115.30668206311213,-6.8324824406665243],[115.30668198225428,-6.8324734203486512],[115.3066639325062,-6.8324735819823177],[115.30666401336374,-6.8324826023004048],[115.30668206311213,-6.8324824406665243]]],[[[115.30731380403076,-6.832476783057122],[115.3073137231611,-6.8324677627467869],[115.30729567342836,-6.8324679244039839],[115.30729575429764,-6.8324769447145357],[115.30731380403076,-6.832476783057122]]],[[[115.30734087862957,-6.8324765405697407],[115.30734079775944,-6.8324675202597289],[115.30733177289342,-6.8324676010889167],[115.3073318537634,-6.832476621399036],[115.30734087862957,-6.8324765405697407]]],[[[115.30633009293952,-6.8324855924059111],[115.30633001208821,-6.8324765720838387],[115.30637513647777,-6.8324761680295127],[115.30637505562571,-6.8324671477079759],[115.30631188148075,-6.8324677133821003],[115.30631204318259,-6.8324857540266803],[115.30633009293952,-6.8324855924059111]]],[[[115.30644725464197,-6.8324665012131751],[115.30638408050312,-6.8324670668967133],[115.30638416135534,-6.8324760872181436],[115.30642026086458,-6.8324757639709848],[115.3064203417176,-6.8324847842919807],[115.30644741634886,-6.832484541854523],[115.30644725464197,-6.8324665012131751]]],[[[115.30678117500119,-6.8324635110347831],[115.30677215012858,-6.8324635918534407],[115.3067723118476,-6.8324816324870365],[115.30679938646608,-6.8324813900299128],[115.30679930560603,-6.8324723697134413],[115.30678125586081,-6.8324725313514758],[115.30678117500119,-6.8324635110347831]]],[[[115.30736827671113,-6.8325123793195601],[115.30736843845366,-6.832530419938891],[115.30735941358681,-6.8325305007693355],[115.30735933271565,-6.8325214804595644],[115.30734128298198,-6.8325216421197359],[115.30734136385279,-6.8325306624297211],[115.30733233898559,-6.8325307432596629],[115.30733225811495,-6.8325217229495694],[115.30729615864584,-6.8325220462672211],[115.30729607777599,-6.8325130259566924],[115.30728705290859,-6.8325131067855773],[115.30728697203902,-6.8325040864749376],[115.30727794717167,-6.8325041673035471],[115.3072780280411,-6.8325131876142953],[115.3072690031735,-6.8325132684428445],[115.30726908404284,-6.8325222887536956],[115.30725103430699,-6.8325224504105062],[115.30725071083157,-6.8324863691661948],[115.30724168596413,-6.8324864499939162],[115.30724144335923,-6.8324593890603431],[115.30721436875781,-6.8324596315415311],[115.3072145304933,-6.8324776721645737],[115.30722355536089,-6.8324775913374642],[115.30722363622895,-6.8324866116488545],[115.30720558649334,-6.8324867733031214],[115.30720582909719,-6.8325138342379814],[115.30719680422871,-6.832513915065185],[115.30719688509673,-6.8325229353768986],[115.30720590996536,-6.8325228545495866],[115.30720599083367,-6.8325318748611874],[115.30719696596482,-6.8325319556886077],[115.30719704683304,-6.8325409760003124],[115.30718802196397,-6.8325410568276723],[115.3071884263059,-6.8325861583866683],[115.30721550091536,-6.832585915902472],[115.30721558178458,-6.8325949362139351],[115.30720655691471,-6.8325950170422773],[115.30720663778385,-6.8326040373538603],[115.30726078700253,-6.8326035523806432],[115.3072608678728,-6.8326125726915432],[115.30731501708856,-6.8326120877116283],[115.30731509795996,-6.8326211080218942],[115.30733314769797,-6.8326209463603629],[115.30733298595463,-6.8326029057402744],[115.30734201082318,-6.8326028249094719],[115.30734209169496,-6.832611845219402],[115.30735111656352,-6.8326117643883233],[115.30735127830778,-6.8326298050079899],[115.30736030317658,-6.8326297241765284],[115.30736038404902,-6.8326387444862462],[115.30738745865533,-6.8326385019905285],[115.30738753952838,-6.8326475222999052],[115.30740558926568,-6.8326473606350371],[115.3074056701392,-6.8326563809442256],[115.30742371987641,-6.832656219278471],[115.30742355812882,-6.8326381786605532],[115.30740550839226,-6.832638340325877],[115.30740542751899,-6.8326293200166974],[115.30737835291387,-6.8326295625131008],[115.3073781911686,-6.8326115218940799],[115.30736916630038,-6.8326116027256623],[115.30736908542808,-6.8326025824160546],[115.30736006055987,-6.8326026632473615],[115.30735981794416,-6.8325756023181246],[115.30732371847232,-6.8325759256403789],[115.3073236376013,-6.8325669053301983],[115.30731461273324,-6.8325669861602343],[115.3073145318625,-6.8325579658499418],[115.30730550699447,-6.8325580466797025],[115.307305426124,-6.832549026369299],[115.30731445099185,-6.8325489455396458],[115.30731437012135,-6.8325399252293453],[115.30735046959092,-6.8325396019094873],[115.30735063133342,-6.8325576425292223],[115.30735965620089,-6.8325575616986223],[115.30735981794416,-6.8325756023181246],[115.30736884281185,-6.8325755214871409],[115.30736892368381,-6.832584541796777],[115.30738697341921,-6.8325843801340911],[115.30738705429161,-6.8325934004435087],[115.30740510402688,-6.8325932387799329],[115.30740518489974,-6.8326022590891471],[115.30742323463492,-6.8326020974246839],[115.30742307288865,-6.8325840568066987],[115.30745014748959,-6.8325838143093902],[115.30745022836318,-6.8325928346180529],[115.30745925323015,-6.8325927537851729],[115.30745917235637,-6.8325837334766177],[115.30746819722303,-6.8325836526436774],[115.30746811634921,-6.8325746323352243],[115.30748616608186,-6.8325744706690541],[115.30748608520781,-6.8325654503608133],[115.30751315980545,-6.8325652078606209],[115.30751307893102,-6.8325561875526981],[115.30750405406542,-6.8325562683861563],[115.30750381144327,-6.8325292074620396],[115.30748576171275,-6.832529369127804],[115.30748568083924,-6.832520348819541],[115.30747665597399,-6.8325204296520647],[115.30747681772075,-6.8325384702688012],[115.30743169339114,-6.8325388744299715],[115.30743161251854,-6.8325298541210664],[115.30742258765245,-6.8325299349526896],[115.30742250678013,-6.8325209146436725],[115.30741348191411,-6.8325209954750186],[115.30741356278625,-6.8325300157841413],[115.30740453791995,-6.8325300966154288],[115.30740445704797,-6.8325210763061968],[115.30739543218172,-6.8325211571372062],[115.30739535131003,-6.8325121368278623],[115.30736827671113,-6.8325123793195601]],[[115.30727818978023,-6.83253122823578],[115.30728721464807,-6.8325311474068462],[115.30728729551797,-6.8325401677174753],[115.30727827064999,-6.8325402485465156],[115.30727818978023,-6.83253122823578]],[[115.30724225204607,-6.8325495921721577],[115.30726030178317,-6.832549430515038],[115.30726054439235,-6.8325764914478517],[115.30723346978503,-6.8325767339342471],[115.30723338891568,-6.8325677136229901],[115.30720631430788,-6.8325679561075505],[115.30720615257054,-6.8325499154843774],[115.30722420230853,-6.8325497538286033],[115.30722428317748,-6.8325587741399767],[115.30724233291534,-6.8325586124833144],[115.30724225204607,-6.8325495921721577]],[[115.30728745725813,-6.8325582083387175],[115.30729648212636,-6.8325581275092944],[115.30729664386726,-6.8325761681303048],[115.3072876189987,-6.8325762489599429],[115.30728745725813,-6.8325582083387175]],[[115.30724257552384,-6.8325856734167614],[115.3072606252623,-6.832585511758781],[115.30726070613235,-6.8325945320697059],[115.30724265639357,-6.8325946937279012],[115.30724257552384,-6.8325856734167614]],[[115.30738664993065,-6.8325482988963779],[115.3073956747975,-6.8325482180652122],[115.30739575566965,-6.8325572383745392],[115.30738673080263,-6.8325573192058124],[115.30738664993065,-6.8325482988963779]]],[[[115.30727754282628,-6.8324590657497399],[115.30726851795968,-6.8324591465776425],[115.30726867969719,-6.8324771871993937],[115.30728672943094,-6.832477025542989],[115.30728664856177,-6.8324680052323314],[115.30727762369514,-6.8324680860605103],[115.30727754282628,-6.8324590657497399]]],[[[115.30448893466547,-6.8324930539169211],[115.30448877303176,-6.832475013228847],[115.30446169833088,-6.8324752555559058],[115.30446185996357,-6.8324932962446256],[115.30448893466547,-6.8324930539169211]]],[[[115.30503026684313,-6.8324701663699621],[115.30501221705576,-6.8324703279416736],[115.3050122978823,-6.8324793482794712],[115.30503034767001,-6.832479186707543],[115.30503026684313,-6.8324701663699621]]],[[[115.30671800089065,-6.8324640767618581],[115.30671792003233,-6.8324550564444078],[115.30669987028581,-6.8324552180789873],[115.30669995114381,-6.8324642383966534],[115.30671800089065,-6.8324640767618581]]],[[[115.30386613546781,-6.8324896067199239],[115.30386597385754,-6.8324715660169737],[115.30383889913458,-6.8324718083089149],[115.30383914154862,-6.8324988693642936],[115.30383011664023,-6.8324989501282616],[115.30383019744497,-6.8325079704801466],[115.3038211725363,-6.8325080512440541],[115.30382173817132,-6.8325711937078912],[115.30381271326138,-6.8325712744723823],[115.30381279406666,-6.8325802948244494],[115.30383084388679,-6.8325801332950826],[115.30383076308118,-6.8325711129432314],[115.30384881290051,-6.8325709514134081],[115.30384857048334,-6.8325438903584716],[115.30383954557422,-6.8325439711231448],[115.30383946476887,-6.8325349507713833],[115.30384848967782,-6.8325348700068176],[115.30384824726197,-6.8325078089518296],[115.3038572721703,-6.8325077281874194],[115.3038574337811,-6.8325257688905339],[115.30386645868967,-6.8325256881257399],[115.30386621627311,-6.8324986270713843],[115.30385719136508,-6.832498707835855],[115.30385711055993,-6.832489687484288],[115.30386613546781,-6.8324896067199239]]],[[[115.30445267343036,-6.8324753363312558],[115.30445259261435,-6.8324663159867649],[115.30444356771389,-6.8324663967618395],[115.30444364852974,-6.8324754171064379],[115.30445267343036,-6.8324753363312558]]],[[[115.30665466506055,-6.8324466018442669],[115.30662759043884,-6.832446844292031],[115.30662799472262,-6.8324919458846454],[115.30664604447225,-6.8324917842518946],[115.30664596361494,-6.8324827639336121],[115.30665498848937,-6.8324826831170924],[115.30665466506055,-6.8324466018442669]]],[[[115.30600479302284,-6.8324433998470999],[115.30600495471259,-6.8324614404990252],[115.30601397959431,-6.8324613596947623],[115.30601381790423,-6.832443319043052],[115.30600479302284,-6.8324433998470999]]],[[[115.30665466506055,-6.8324466018442669],[115.30666368993425,-6.8324465210280092],[115.30666385164876,-6.8324645616642243],[115.3066819013965,-6.8324644000307746],[115.30668173968131,-6.8324463593949902],[115.30667271480783,-6.8324464402115845],[115.30667263395057,-6.8324374198936013],[115.30665458420363,-6.8324375815260705],[115.30665466506055,-6.8324466018442669]]],[[[115.30506596228044,-6.8324247415386985],[115.30505693738809,-6.8324248223247732],[115.30505709904189,-6.8324428629993301],[115.30507514882716,-6.8324427014265829],[115.30507506799987,-6.8324336810895216],[115.30506604310744,-6.8324337618758717],[115.30506596228044,-6.8324247415386985]]],[[[115.30511116756843,-6.8324333579424401],[115.30511108674058,-6.8324243376058051],[115.30510206184879,-6.8324244183927201],[115.30510214267645,-6.8324334387294616],[115.30511116756843,-6.8324333579424401]]],[[[115.30378410326104,-6.8324001300686206],[115.30378426486655,-6.8324181707735603],[115.30379328977394,-6.8324180900114015],[115.30379312816812,-6.8324000493066777],[115.30378410326104,-6.8324001300686206]]],[[[115.30623887396214,-6.8323781566249657],[115.30621179932938,-6.8323783990469487],[115.3062118801773,-6.8323874193704679],[115.30620285529932,-6.8323875001775667],[115.30620277445155,-6.83237847985394],[115.30616667493923,-6.8323788030802248],[115.30616683663352,-6.8323968437283344],[115.3061578117548,-6.8323969245347005],[115.30615789260196,-6.8324059448588743],[115.30614886772298,-6.8324060256651808],[115.30614902941724,-6.8324240663136777],[115.30617610405484,-6.8324238238936106],[115.30617626575055,-6.8324418645414626],[115.30619431550907,-6.8324417029268121],[115.30619439635743,-6.8324507232505001],[115.30623049587385,-6.8324504000187529],[115.30623041502481,-6.8324413796954966],[115.30625748966045,-6.8324411372702434],[115.30625740881102,-6.832432116947289],[115.30626643368919,-6.832432036138643],[115.30626619114105,-6.8324049751700935],[115.30623911650775,-6.832405217594558],[115.30623935905436,-6.8324322785640765],[115.30623033417589,-6.832432359372218],[115.30623025332709,-6.8324233390489368],[115.30622122844862,-6.8324234198568021],[115.30622098590337,-6.8323963588866068],[115.30623903565909,-6.8323961972713532],[115.30623887396214,-6.8323781566249657]]],[[[115.30625692371677,-6.8323779950094705],[115.3062478988395,-6.8323780758173021],[115.30624806053682,-6.8323961164634737],[115.3062751351693,-6.832395874038828],[115.30627505432008,-6.8323868537160672],[115.30625700456552,-6.8323870153324506],[115.30625692371677,-6.8323779950094705]]],[[[115.30609455675508,-6.8323884698496435],[115.3060943950637,-6.8323704291998029],[115.30608537018462,-6.8323705100045009],[115.30608553187565,-6.8323885506545583],[115.30609455675508,-6.8323884698496435]]],[[[115.30630196725195,-6.8323685706453432],[115.30628391749875,-6.8323687322623039],[115.30628399834791,-6.832377752584966],[115.30629302322471,-6.8323776717764613],[115.30629310407416,-6.8323866920990124],[115.30630212895107,-6.8323866112902314],[115.30630196725195,-6.8323685706453432]]],[[[115.30382004128229,-6.832381766315744],[115.30382012208545,-6.8323907866677942],[115.30382914699193,-6.8323907059052873],[115.30382922779538,-6.8323997262572256],[115.3038202028887,-6.83239980701984],[115.30382028369206,-6.8324088273718813],[115.30382930859889,-6.8324087466091585],[115.30382938940254,-6.8324177669610879],[115.3038384143094,-6.8324176861980908],[115.30383809109482,-6.8323816047907764],[115.30382004128229,-6.832381766315744]]],[[[115.30604016494316,-6.8323618936998995],[115.30604008409874,-6.8323528733743224],[115.30601300946027,-6.8323531157842421],[115.30601309030418,-6.8323621361101434],[115.30604016494316,-6.8323618936998995]]],[[[115.30605829554679,-6.8323707524175887],[115.30605821470193,-6.832361732092231],[115.30606723958115,-6.832361651288144],[115.30606707789146,-6.832343610637631],[115.30605805301255,-6.8323436914415012],[115.30605813385719,-6.8323527117668688],[115.30604910897804,-6.8323527925706786],[115.30604927066729,-6.8323708332216162],[115.30605829554679,-6.8323707524175887]]],[[[115.30363938153394,-6.8323653408200276],[115.30363930073449,-6.832356320465812],[115.30363027582638,-6.8323564012243585],[115.30363035662567,-6.8323654215786824],[115.30363938153394,-6.8323653408200276]]],[[[115.30517361435192,-6.8323516094054879],[115.30517353352387,-6.8323425890695679],[115.30515548374468,-6.8323427506436456],[115.3051555645724,-6.8323517709797805],[115.30517361435192,-6.8323516094054879]]],[[[115.30603097837526,-6.8323439338521075],[115.30603089753124,-6.8323349135264149],[115.30602187265208,-6.8323349943295053],[115.30602195349594,-6.8323440146553063],[115.30603097837526,-6.8323439338521075]]],[[[115.30523670774753,-6.8323420235550021],[115.30523662691841,-6.8323330032198317],[115.3052185771411,-6.8323331647960464],[115.30521865796989,-6.8323421851314325],[115.30523670774753,-6.8323420235550021]]],[[[115.30365718895109,-6.8323381182402008],[115.30365710815164,-6.8323290978861877],[115.30364808324425,-6.8323291786447484],[115.30364816404357,-6.832338198998869],[115.30365718895109,-6.8323381182402008]]],[[[115.3036934501808,-6.8323558359109988],[115.30369320778004,-6.8323287748502635],[115.3036841828731,-6.8323288556094965],[115.30368426367306,-6.8323378759631863],[115.30367523876588,-6.832337956722359],[115.30367540036579,-6.8323559974299428],[115.3036934501808,-6.8323558359109988]]],[[[115.30505604830005,-6.8323255986144016],[115.30505596747452,-6.8323165782770685],[115.30504694258406,-6.8323166590616831],[115.30504702340943,-6.8323256793991236],[115.30505604830005,-6.8323255986144016]]],[[[115.30307089288887,-6.8323794486479867],[115.30307073131105,-6.8323614079260047],[115.30310683096985,-6.8323610849324936],[115.30310675018043,-6.8323520645719267],[115.3031157750947,-6.8323519838232363],[115.30311569430522,-6.8323429634627724],[115.30307056973363,-6.8323433672040057],[115.3030704081567,-6.8323253264819881],[115.30305235832796,-6.832325487976874],[115.30305227753996,-6.8323164676156267],[115.30291690381318,-6.8323176788042277],[115.30291698459864,-6.8323266991670879],[115.30286283510004,-6.8323271836325841],[115.3028629158846,-6.8323362039960696],[115.30282681621601,-6.8323365269701348],[115.30282697778412,-6.8323545676979531],[115.30279990303052,-6.8323548099273825],[115.30279998381421,-6.8323638302916079],[115.30279095889598,-6.8323639110345216],[115.30279103967963,-6.8323729313988499],[115.30280006459803,-6.8323728506558279],[115.30280014538197,-6.8323818710200444],[115.30278209554466,-6.8323820325061364],[115.3027819339776,-6.8323639917772683],[115.30277290905914,-6.8323640725198471],[115.30277298984245,-6.8323730928843904],[115.30275494000485,-6.8323732543692586],[115.30275502078793,-6.8323822747340115],[115.30276404570695,-6.8323821939915552],[115.30276412649029,-6.832391214356198],[115.30274607665181,-6.8323913758411594],[115.30274615743495,-6.8324003962060136],[115.30276420727378,-6.8324002347208355],[115.30276453040875,-6.8324363161793613],[115.30277355532868,-6.8324362354360906],[115.30277379768158,-6.8324632965295891],[115.30276477276114,-6.8324633772731813],[115.30276485354547,-6.832472397637785],[115.3027738784661,-6.8324723168940835],[115.30277395925071,-6.8324813372585593],[115.30270175988153,-6.8324819832043238],[115.30270184066492,-6.8324910035696877],[115.30263866620994,-6.8324915687641603],[115.30263874699227,-6.8325005891302553],[115.30262972206954,-6.8325006698717576],[115.3026296412874,-6.8324916495055543],[115.30260256651901,-6.8324918917287309],[115.30260264730065,-6.8325009120952584],[115.30259362237749,-6.8325009928360885],[115.30259378394075,-6.8325190335693451],[115.30260280886428,-6.8325189528282992],[115.30260297042831,-6.8325369935613223],[115.30259394550448,-6.8325370743025831],[115.3025940262865,-6.8325460946691967],[115.30257597643813,-6.8325462561514287],[115.30257605721994,-6.832555276518252],[115.30254898244607,-6.8325555187406621],[115.30254906322747,-6.8325645391078043],[115.30254003830247,-6.8325646198483785],[115.30254019986526,-6.8325826605828652],[115.3025311749398,-6.8325827413234874],[115.30253125572119,-6.8325917616908303],[115.30252223079545,-6.8325918424313921],[115.30252215001424,-6.83258282206394],[115.30251312508858,-6.8325829028042246],[115.30251320586963,-6.8325919231717842],[115.30249515601763,-6.8325920846520667],[115.30249507523691,-6.8325830642842913],[115.30246800045857,-6.8325833065031318],[115.30246824279953,-6.8326103676074101],[115.30247726772627,-6.8326102868676424],[115.30247734850697,-6.8326193072356194],[115.30248637343374,-6.8326192264955754],[115.30248645421472,-6.8326282468634396],[115.30250450406831,-6.8326280853826349],[115.30250466563128,-6.8326461261179379],[115.30253174041182,-6.8326458838948234],[115.30253157884783,-6.8326278431601644],[115.30254962870032,-6.8326276816776774],[115.30254954791815,-6.8326186613105664],[115.30257662269557,-6.8326184190858967],[115.30257646113054,-6.8326003783523062],[115.30259451098095,-6.8326002168687836],[115.30259443019827,-6.8325911965021957],[115.30260345512312,-6.832591115760291],[115.30260337434036,-6.8325820953938061],[115.30262142418941,-6.8325819339097054],[115.30262150497251,-6.8325909542759735],[115.30264857974576,-6.8325907120482396],[115.30264866052944,-6.8325997324141809],[115.30265768545384,-6.832599651671158],[115.30265760466997,-6.8325906313053251],[115.30266662959407,-6.8325905505622417],[115.30266671037809,-6.8325995709279681],[115.30267573530226,-6.8325994901846103],[115.30267589687097,-6.8326175309158348],[115.30266687194649,-6.8326176116594084],[115.30266695273082,-6.8326266320251223],[115.30268500258002,-6.8326264705375923],[115.30268516414974,-6.8326445112685921],[115.3026941890745,-6.8326444305243603],[115.30269443143038,-6.8326714916204638],[115.30271248128061,-6.8326713301308502],[115.30271256206646,-6.8326803504959983],[115.30273061191659,-6.8326801890054973],[115.30273053113042,-6.8326711686405623],[115.3027485809798,-6.8326710071496031],[115.30274866176632,-6.8326800275143231],[115.30275768669098,-6.8326799467684829],[115.30275776747779,-6.8326889671330742],[115.30277581732717,-6.832688805640676],[115.3027758981144,-6.8326978260050808],[115.30279394796369,-6.8326976645117954],[115.30279378638863,-6.8326796237834451],[115.30280281131277,-6.8326795430367655],[115.302803053676,-6.832706604128961],[115.30282110352495,-6.8327064426344508],[115.30282102273678,-6.8326974222706047],[115.30283004766092,-6.8326973415232066],[115.30282988608451,-6.8326793007957169],[115.30285696085528,-6.8326790585531558],[115.30285688006676,-6.8326700381897281],[115.30286590498997,-6.8326699574419791],[115.30286606656749,-6.8326879981685993],[115.30287509149092,-6.8326879174204675],[115.30287517228001,-6.8326969377836884],[115.3028932221269,-6.8326967762867046],[115.30289330291643,-6.8327057966496891],[115.30287525306923,-6.8327059581468887],[115.30287541464794,-6.8327239988732771],[115.30289346449582,-6.8327238373756476],[115.30289338370608,-6.8327148170126701],[115.30292045847658,-6.8327145747652889],[115.30292053926684,-6.832723595127943],[115.30292956419028,-6.8327235143783707],[115.30292932181932,-6.83269645329072],[115.30293834674218,-6.832696372541303],[115.30293818516174,-6.8326783318163953],[115.30292916023923,-6.8326784125655973],[115.30292907944934,-6.8326693922030293],[115.30293810437171,-6.8326693114539356],[115.30293802358175,-6.8326602910914707],[115.30301022295512,-6.8326596450935302],[115.30301030374643,-6.8326686654551336],[115.30302835358903,-6.8326685039537525],[115.30302843438076,-6.8326775243151365],[115.30303745930205,-6.8326774435640862],[115.30303737851015,-6.8326684232028096],[115.30304640343118,-6.8326683424516981],[115.30304648422326,-6.8326773628128681],[115.30308258390691,-6.8326770398063124],[115.30308266469974,-6.8326860601670294],[115.30309168962057,-6.8326859794148627],[115.30309177041372,-6.8326949997755033],[115.30311884517599,-6.8326947575176709],[115.30311900676358,-6.8327127982382585],[115.30310998184258,-6.8327128789912521],[115.30311006263638,-6.8327218993516468],[115.30310103771512,-6.8327219801045791],[115.30310111850886,-6.8327310004650608],[115.30311014343027,-6.8327309197120192],[115.3031102242243,-6.8327399400724227],[115.30311924914579,-6.8327398593191067],[115.30311916835161,-6.8327308389588106],[115.30313721819392,-6.8327306774518899],[115.30313713739952,-6.832721657091839],[115.30314616232037,-6.8327215763382325],[115.30314608152591,-6.8327125559782678],[115.3031641313669,-6.8327123944707688],[115.30316405057221,-6.8327033741110137],[115.30318210041241,-6.8327032126030574],[115.30318234279783,-6.8327302736816424],[115.3031913677183,-6.8327301929270883],[115.30319120612758,-6.8327121522082575],[115.30320023104758,-6.8327120714537504],[115.30320031184304,-6.8327210918130694],[115.30320933676313,-6.832721011058287],[115.30320941755889,-6.8327300314174764],[115.30321844247899,-6.8327299506624195],[115.30321836168309,-6.8327209303033367],[115.30324543644228,-6.8327206880374769],[115.30324511325767,-6.832684606602311],[115.30330828768733,-6.832684041312433],[115.30330836848449,-6.8326930616704908],[115.30331739340275,-6.8326929809140138],[115.30331755499772,-6.8327110216298665],[115.30330853007916,-6.8327111023865594],[115.30330869167423,-6.8327291431025925],[115.30329064183607,-6.8327293046159037],[115.30329080343091,-6.8327473453323835],[115.30329982835042,-6.8327472645755982],[115.30329974755276,-6.8327382442174747],[115.30331779739105,-6.8327380827036146],[115.30331771659316,-6.8327290623456864],[115.30333576643069,-6.8327289008313672],[115.30333584722891,-6.8327379211890804],[115.30334487214765,-6.8327378404315624],[115.30334495294616,-6.8327468607891468],[115.30336300278368,-6.8327466992733887],[115.30336292198488,-6.8327376789160184],[115.30338097182164,-6.8327375173998046],[115.30338089102258,-6.8327284970426305],[115.30339894085859,-6.8327283355259567],[115.30339886005929,-6.8327193151690269],[115.30340788497696,-6.832719234410547],[115.30340796577642,-6.8327282547673693],[115.30342601561175,-6.8327280932496892],[115.30342593481195,-6.8327190728930809],[115.30345300956364,-6.8327188306156224],[115.30345309036393,-6.8327278509719074],[115.30347114019817,-6.8327276894525451],[115.30347122099892,-6.8327367098086444],[115.30348024591603,-6.832736629048604],[115.30348016511513,-6.832727608692613],[115.303489190032,-6.8327275279325113],[115.30348927083307,-6.8327365482883957],[115.30349829574998,-6.8327364675280196],[115.30349853815434,-6.8327635285952724],[115.30350756307166,-6.8327634478344041],[115.3035076438735,-6.8327724681900381],[115.30351666879086,-6.8327723874288955],[115.30351658798885,-6.8327633670733681],[115.30356171257318,-6.8327629632656679],[115.30356179337605,-6.8327719836206571],[115.30357081829274,-6.8327719028585046],[115.30357073748971,-6.8327628825036237],[115.30358878732248,-6.83276272097903],[115.30358886812583,-6.8327717413336968],[115.30359789304219,-6.8327716605710407],[115.30359797384584,-6.8327806809255955],[115.30358894892932,-6.8327807616883591],[115.30358902973289,-6.832789782043017],[115.3035980546496,-6.8327897012801451],[115.30359813545344,-6.8327987216347079],[115.30360716037025,-6.8327986408715597],[115.3036073219786,-6.8328166815804074],[115.30361634689562,-6.8328166008168774],[115.30361650850476,-6.8328346415255075],[115.30360748358743,-6.8328347222892534],[115.30360756439198,-6.8328437426436865],[115.30361658930951,-6.8328436618798332],[115.30361683172436,-6.8328707229427179],[115.30362585664228,-6.8328706421783734],[115.30362577583703,-6.8328616218241853],[115.30367992534116,-6.8328611372352359],[115.30367968292308,-6.8328340761745814],[115.30367065800652,-6.8328341569395041],[115.30367057720086,-6.8328251365858357],[115.30367960211727,-6.8328250558210213],[115.30367944050597,-6.8328070151138887],[115.30366139067374,-6.8328071766429188],[115.30366122906355,-6.8327891359353385],[115.30367025397942,-6.8327890551711219],[115.30367033478461,-6.8327980755248241],[115.30368838461629,-6.8327979139956723],[115.30368830381076,-6.832788893642185],[115.30370635364167,-6.8327887321125758],[115.30370627283592,-6.8327797117593168],[115.3036972479207,-6.8327797925240983],[115.30369708630981,-6.832761751817352],[115.30368806139478,-6.8327618325817499],[115.30368789978469,-6.8327437918747718],[115.30369692469939,-6.832743711110588],[115.30369676308941,-6.8327256704037911],[115.30370578800361,-6.8327255896396561],[115.30370570719862,-6.8327165692863838],[115.30371473211258,-6.8327164885221876],[115.30371465130753,-6.8327074681690023],[115.30372367622118,-6.8327073874047448],[115.30372343380614,-6.832680326345467],[115.30374148363218,-6.8326801648170958],[115.30374091799857,-6.8326170223468594],[115.30373189308678,-6.8326171031103771],[115.30373173147849,-6.8325990624043351],[115.30374075638996,-6.8325989816410342],[115.30374083719421,-6.8326080019939486],[115.3037498621057,-6.8326079212303723],[115.30374970049695,-6.8325898805247531],[115.30375872540802,-6.8325897997612222],[115.30375864460363,-6.8325807794085138],[115.3037676695144,-6.8325806986449242],[115.30376758871,-6.8325716782923189],[115.30375856379938,-6.8325717590558011],[115.30375848299522,-6.8325627387030847],[115.30374945808467,-6.8325628194662924],[115.30374913486983,-6.8325267380549501],[115.30375815977969,-6.8325266572921741],[115.30375824058342,-6.8325356776449082],[115.30376726549335,-6.8325355968818551],[115.30376718468948,-6.8325265765292293],[115.30377620959911,-6.8325264957661158],[115.30377612879518,-6.8325174754135753],[115.3037671038857,-6.8325175561765805],[115.30376686147503,-6.8324904951186785],[115.30377588638399,-6.8324904143559966],[115.30377564397379,-6.832463353298361],[115.30380271869859,-6.8324631110102727],[115.30380263789489,-6.8324540906580422],[115.30382068771054,-6.8324539291320256],[115.30382076851454,-6.8324629494840394],[115.30383881833009,-6.8324627879571356],[115.30383873752574,-6.832453767605335],[115.30382971261821,-6.8324538483687638],[115.30382963181414,-6.8324448280168522],[115.30382060690661,-6.8324449087800048],[115.30382052610283,-6.8324358884279812],[115.30378442647246,-6.8324362114784813],[115.30378434566946,-6.8324271911260404],[115.30377532076173,-6.8324272718881378],[115.30377507835385,-6.8324002108303947],[115.30378410326104,-6.8324001300686206],[115.30378402245846,-6.8323911097161432],[115.30377499755143,-6.8323911904778107],[115.30377491674912,-6.8323821701252232],[115.30382004128229,-6.832381766315744],[115.30381996047926,-6.8323727459636894],[115.30381093557301,-6.8323728267258144],[115.30381085477026,-6.8323638063736478],[115.30380182986406,-6.8323638871354966],[115.30380191066666,-6.8323729074877706],[115.30378386085361,-6.8323730690111786],[115.30378378005136,-6.8323640486586887],[115.30374768042462,-6.8323643717030578],[115.3037479228297,-6.8323914327618036],[115.30372987301466,-6.8323915942836253],[115.30372971141183,-6.8323735535773684],[115.30371166159708,-6.832373715098087],[115.30371174239809,-6.832382735451433],[115.30370271749035,-6.8323828162116476],[115.3037027982913,-6.8323918365650975],[115.30368474847516,-6.832391998085237],[115.30368466767455,-6.8323829777315739],[115.30366661785834,-6.8323831392508261],[115.30366669865862,-6.832392159604705],[115.30365767375017,-6.8323922403641868],[115.30365783535073,-6.8324102810721481],[115.30363978553285,-6.8324104425910379],[115.30363994713319,-6.83242848329943],[115.30361287240453,-6.8324287255771496],[115.30361279160481,-6.832419705222625],[115.30359474178549,-6.8324198667400484],[115.30359482258486,-6.832428887094788],[115.30357677276481,-6.8324290486117558],[115.30357661116683,-6.8324110079018583],[115.30356758625695,-6.8324110886598746],[115.3035676670557,-6.8324201090149241],[115.30355864214556,-6.83242018977288],[115.30355856134696,-6.8324111694177221],[115.30354051152668,-6.8324113309329144],[115.30354043072853,-6.8324023105775371],[115.30345920653333,-6.8324030373866114],[115.30345928732997,-6.8324120577429577],[115.30338708803657,-6.8324127037848985],[115.30338716883197,-6.8324217241421001],[115.30337814391964,-6.8324218048966943],[115.30337806312441,-6.8324127845393852],[115.30336903821214,-6.8324128652937022],[115.30336895741719,-6.8324038449362812],[115.30331480794223,-6.8324043294580141],[115.30331488873618,-6.8324133498160817],[115.30319756485818,-6.8324143995938096],[115.30319748406643,-6.832405379234344],[115.30317943423772,-6.8324055407358726],[115.30317951502916,-6.8324145610955531],[115.30317049011448,-6.8324146418461735],[115.30317040932323,-6.8324056214863864],[115.30315235949386,-6.8324057829869069],[115.30315219791235,-6.8323877422668851],[115.30314317299786,-6.8323878230166786],[115.30314309220745,-6.832378802656554],[115.30313406729299,-6.8323788834060721],[115.30313398650284,-6.8323698630458365],[115.30309788684468,-6.8323701860417945],[115.30309796763416,-6.8323792064024609],[115.30307089288887,-6.8323794486479867],[115.30307097367795,-6.832388469008972],[115.30306194876246,-6.832388549757253],[115.30306186797354,-6.8323795293961593],[115.30307089288887,-6.8323794486479867]],[[115.30364067434007,-6.8325096664868825],[115.30364969925093,-6.8325095857263376],[115.30364978005241,-6.8325186060803542],[115.30365880496332,-6.8325185253195357],[115.30365888576507,-6.8325275456734742],[115.30364986085402,-6.832527626434401],[115.30364994165571,-6.8325366467884274],[115.30364091674434,-6.8325367275492948],[115.30364083594282,-6.8325277071951609],[115.30363181103152,-6.8325277879557529],[115.30363173023028,-6.8325187676014911],[115.30364075514139,-6.8325186868410075],[115.30364067434007,-6.8325096664868825]],[[115.30359587298673,-6.8325461517057766],[115.30362294772263,-6.8325459094248684],[115.30362302852406,-6.8325549297792083],[115.30359595378766,-6.8325551720604381],[115.30359587298673,-6.8325461517057766]],[[115.3025492247906,-6.8325825798420743],[115.30256727464098,-6.8325824183599915],[115.30256743620521,-6.8326004590938156],[115.30255841127973,-6.8326005398351564],[115.30255849206185,-6.8326095602021688],[115.30254946713612,-6.83260964094345],[115.3025492247906,-6.8325825798420743]],[[115.30358765608689,-6.8326364360132645],[115.30359668100074,-6.8326363552522231],[115.30359684260486,-6.8326543959614412],[115.30357879277636,-6.8326545574837869],[115.30357871197459,-6.8326455371289567],[115.30358773688873,-6.8326454563679757],[115.30358765608689,-6.8326364360132645]],[[115.30290224705017,-6.8326966955379609],[115.30291127197334,-6.8326966147890484],[115.30291135276322,-6.8327056351518181],[115.30290232783987,-6.832705715900838],[115.30290224705017,-6.8326966955379609]],[[115.30347089779663,-6.8327006283842886],[115.30347992271308,-6.8327005476246789],[115.30348000351364,-6.8327095679806673],[115.30347097859705,-6.8327096487403844],[115.30347089779663,-6.8327006283842886]],[[115.30346195368031,-6.8327097294999346],[115.30345292876345,-6.832709810259316],[115.30345284796337,-6.8327007899030052],[115.30346187288008,-6.8327007091437313],[115.30346195368031,-6.8327097294999346]],[[115.30362521020348,-6.8327984793447625],[115.3036342351199,-6.8327983985811116],[115.30363447753415,-6.8328254596434146],[115.30362545261721,-6.8328255404073879],[115.30362521020348,-6.8327984793447625]],[[115.30368491007675,-6.8324100387925526],[115.30369393498522,-6.8324099580323514],[115.30369401578635,-6.8324189783858946],[115.30370304069483,-6.8324188976254172],[115.30370312149624,-6.8324279179788663],[115.30368507167876,-6.8324280794998673],[115.30368491007675,-6.8324100387925526],[115.30367588516819,-6.8324101195525868],[115.30367580436753,-6.8324010991988224],[115.30368482927591,-6.8324010184388975],[115.30368491007675,-6.8324100387925526]]],[[[115.30309740211011,-6.8323160638776885],[115.3030973213214,-6.8323070435170097],[115.30308829640776,-6.8323071242648261],[115.30308837719633,-6.8323161446256124],[115.30309740211011,-6.8323160638776885]]],[[[115.30542582622429,-6.8322952252972726],[115.30542574539217,-6.8322862049643565],[115.30541672050671,-6.8322862857555409],[115.30541680133864,-6.8322953060885645],[115.30542582622429,-6.8322952252972726]]],[[[115.30546184493295,-6.8322858817979419],[115.30546176410029,-6.8322768614654361],[115.30545273921541,-6.8322769422571845],[115.30545282004792,-6.8322859625897996],[115.30546184493295,-6.8322858817979419]]],[[[115.30304309105034,-6.8322985076400382],[115.30304301026285,-6.832289487278687],[115.30303398534888,-6.8322895680252804],[115.30303406613619,-6.8322985883867391],[115.30304309105034,-6.8322985076400382]]],[[[115.30479416478666,-6.8323099006221923],[115.30479408396621,-6.8323008802817133],[115.30482115864541,-6.8323006379421303],[115.30482091618323,-6.8322735769217031],[115.30478481661279,-6.8322739000395183],[115.30478497825278,-6.8322919407206815],[115.30477595335957,-6.8322920214999296],[115.30477611499965,-6.8323100621812891],[115.30479416478666,-6.8323099006221923]]],[[[115.30571421832053,-6.8322475382397263],[115.30570519343924,-6.832247619035857],[115.3057054359502,-6.8322746800246987],[115.30572348571368,-6.8322745184316211],[115.30572340487625,-6.8322654981022328],[115.30574145463895,-6.8322653365086987],[115.30574137380131,-6.8322563161795209],[115.30571429915759,-6.8322565585692479],[115.30571421832053,-6.8322475382397263]]],[[[115.30316017255538,-6.8322703968377549],[115.30316009176603,-6.8322613764778071],[115.30313301702958,-6.8322616187226677],[115.30313309781842,-6.8322706390829389],[115.30316017255538,-6.8322703968377549]]],[[[115.30399948891308,-6.8322628864867223],[115.30399940810808,-6.8322538661367807],[115.30399038320621,-6.8322539469008667],[115.30399046401102,-6.8322629672509159],[115.30399948891308,-6.8322628864867223]]],[[[115.30471269828527,-6.8322835666085275],[115.30471237501155,-6.8322474852427257],[115.30468530033146,-6.8322477275743196],[115.30468538114923,-6.832256747916083],[115.3047034309364,-6.8322565863616402],[115.30470367339133,-6.8322836473863244],[115.30471269828527,-6.8322835666085275]]],[[[115.30471269828527,-6.8322835666085275],[115.30471277910398,-6.8322925869499667],[115.30473985378559,-6.8322923446152455],[115.30473993460491,-6.8323013649563409],[115.30475798439244,-6.8323012033988038],[115.30475790357279,-6.8322921830579233],[115.30474887867925,-6.8322922638366688],[115.30474871704061,-6.8322742231546467],[115.30475774193383,-6.8322741423761162],[115.30475766111448,-6.8322651220352064],[115.30476668600743,-6.8322650412566155],[115.30476660518802,-6.8322560209157919],[115.30475758029526,-6.8322561016942744],[115.30475749947617,-6.8322470813533709],[115.30474847458346,-6.8322471621315799],[115.3047485554024,-6.8322561824725891],[115.30473953050941,-6.832256263250736],[115.30473969214728,-6.8322743039330076],[115.30472164236031,-6.8322744654892258],[115.30472172317907,-6.8322834858305619],[115.30471269828527,-6.8322835666085275]]],[[[115.30555168960659,-6.8322399722129488],[115.30554266472349,-6.8322400530059468],[115.30554274555723,-6.8322490733374845],[115.30553372067386,-6.8322491541304222],[115.30553380150756,-6.8322581744620976],[115.30552477662388,-6.8322582552549749],[115.3055246957904,-6.832249234923192],[115.30551567090679,-6.832249315715794],[115.30551575174013,-6.8322583360476843],[115.30550672685628,-6.8322584168402258],[115.30550680768954,-6.8322674371722023],[115.3054977828054,-6.8322675179646826],[115.30549786363864,-6.832276538296763],[115.30548883875423,-6.8322766190891837],[115.30548891958739,-6.8322856394213662],[115.30549794447195,-6.832285558628838],[115.30549802530543,-6.8322945789608927],[115.30551607507461,-6.8322944173751168],[115.30551615590848,-6.8323034377069849],[115.30554323056195,-6.8323031953267375],[115.30554314972755,-6.8322941749951926],[115.30555217461166,-6.8322940942015489],[115.30555201294287,-6.8322760535387097],[115.30556103782652,-6.8322759727451121],[115.30556095699214,-6.8322669524137858],[115.30556998187551,-6.8322668716201296],[115.3055698202067,-6.8322488309576617],[115.30555177044049,-6.8322489925443781],[115.30555168960659,-6.8322399722129488]]],[[[115.30605829554679,-6.8323707524175887],[115.30605837639173,-6.8323797727429429],[115.30604935151209,-6.8323798535470761],[115.306049432357,-6.8323888738725334],[115.306031382597,-6.832389035480511],[115.30603122090798,-6.8323709948291631],[115.30601317114821,-6.8323711564360394],[115.30601333283653,-6.832389197087819],[115.30597723331437,-6.8323895203004135],[115.30597715247083,-6.8323804999740956],[115.30595910270939,-6.8323806615791707],[115.30595902186629,-6.8323716412526316],[115.30593194722388,-6.8323718836586584],[115.30593186638139,-6.8323628633317952],[115.30594089126214,-6.8323627825300601],[115.30594081041956,-6.832353762203299],[115.30597690994081,-6.8323534389951153],[115.30597699078405,-6.8323624593214465],[115.30598601566423,-6.8323623785188738],[115.30598577313438,-6.8323353175401893],[115.30599479801396,-6.8323352367377694],[115.30599471717072,-6.8323262164116416],[115.30598569229132,-6.8323262972139531],[115.30598561144834,-6.8323172768877125],[115.30600366120676,-6.8323171152831366],[115.30600374205005,-6.8323261356091631],[115.30602179180835,-6.832325974003699],[115.30602163012118,-6.8323079333520749],[115.30600358036357,-6.8323080949571073],[115.30600349952049,-6.8322990746310728],[115.30597642488372,-6.8322993170370374],[115.30597650572631,-6.8323083373633953],[115.305967480847,-6.8323084181651552],[115.30596740000458,-6.8322993978386917],[115.30595837512536,-6.8322994786401745],[115.30595853680992,-6.8323175192933148],[115.3059675616895,-6.8323174384916152],[115.30596772337486,-6.8323354791445237],[115.3059496736149,-6.8323356407481839],[115.30594959277251,-6.8323266204215169],[115.30590446837159,-6.8323270244271903],[115.30590454921315,-6.8323360447543955],[115.30589552433246,-6.832336125555134],[115.30589576685729,-6.8323631865370462],[115.30585966733145,-6.8323635097396105],[115.30585974817261,-6.8323725300673361],[115.30584169840868,-6.8323726916678247],[115.30584161756786,-6.8323636713398832],[115.30583259268589,-6.8323637521397682],[115.30583251184535,-6.8323547318117139],[115.30585056160884,-6.8323545702119928],[115.30585048076807,-6.8323455498841508],[115.30582340612322,-6.8323457922831565],[115.30582324444303,-6.8323277516268135],[115.30584129420571,-6.8323275900280747],[115.30584137504607,-6.8323366103560321],[115.30586844968977,-6.8323363679563398],[115.30586836884888,-6.8323273476287039],[115.3058773937297,-6.8323272668285773],[115.30587731288878,-6.8323182465010452],[115.3058682880081,-6.8323183273010644],[115.30586812632687,-6.8323002866457703],[115.30585910144646,-6.8323003674454048],[115.30585902060616,-6.8322913471176285],[115.30584097084527,-6.8322915087161782],[115.30584089000544,-6.8322824883882145],[115.30581381536381,-6.8322827307844562],[115.30581397704256,-6.8323007714410604],[115.30579592728024,-6.8323009330381446],[115.30579576560214,-6.8322828923811105],[115.30580479048302,-6.8322828115828687],[115.30580470964398,-6.8322737912544538],[115.30581373452459,-6.8322737104561488],[115.30581365368548,-6.832264690127837],[115.30580462880502,-6.8322647709260327],[115.30580454796622,-6.8322557505976089],[115.30578649820535,-6.8322559121932818],[115.30578665988243,-6.8322739528505565],[115.30577763500153,-6.8322740336483552],[115.30577771584008,-6.8322830539770933],[115.30578674072116,-6.8322829731791863],[115.30578682155998,-6.8322919935077966],[115.30576877179735,-6.8322921551036568],[115.3057686101205,-6.832274114445986],[115.30574153547671,-6.8322743568378721],[115.30574169715258,-6.8322923974961878],[115.3057507220343,-6.8322923166988456],[115.30575080287255,-6.832301337027916],[115.30574177799068,-6.8323014178253656],[115.30574185882888,-6.8323104381545221],[115.30573283394672,-6.8323105189519113],[115.3057327531087,-6.8323014986226474],[115.30572372822662,-6.8323015794197612],[115.30572380906447,-6.8323105997491327],[115.30571478418211,-6.8323106805461853],[115.30571470334441,-6.8323016602167064],[115.30570567846212,-6.8323017410134845],[115.30570575929964,-6.8323107613430718],[115.30569673441708,-6.8323108421397887],[115.30569657274246,-6.8322928014803788],[115.30568754786007,-6.8322928822767128],[115.30568738618625,-6.832274841617104],[115.30569641106828,-6.8322747608209848],[115.30569633023137,-6.8322657404912723],[115.30568730534951,-6.8322658212872849],[115.30568722451285,-6.8322568009574614],[115.30565112498505,-6.8322571241393932],[115.30565096331343,-6.8322390834788713],[115.30564193843153,-6.8322391642737195],[115.30564201926711,-6.8322481846040732],[115.30563299438495,-6.8322482653988592],[115.30563315605612,-6.8322663060598199],[115.30561510629077,-6.8322664676493199],[115.30561518712616,-6.8322754879799996],[115.3055790875935,-6.8322758111574142],[115.3055792492633,-6.8322938518196068],[115.30558827414698,-6.8322937710252907],[115.30558835498223,-6.8323027913562964],[115.30559737986593,-6.832302710561704],[115.30559754153707,-6.8323207512234569],[115.30560656642102,-6.8323206704284818],[115.30560672809294,-6.8323387110900011],[115.30559770320862,-6.8323387918851921],[115.30559778404458,-6.8323478122160539],[115.30560680892906,-6.8323477314207546],[115.30560688976527,-6.8323567517515036],[115.30559786488062,-6.8323568325469104],[115.30559778404458,-6.8323478122160539],[115.30558875916002,-6.8323478930111836],[115.30558867832424,-6.8323388726802152],[115.30557965343972,-6.8323389534750705],[115.30557973427533,-6.8323479738061463],[115.30557070939055,-6.8323480546009403],[115.30557062855513,-6.832339034269757],[115.30550745435974,-6.8323395998278587],[115.30550729269153,-6.8323215591639705],[115.30549826780639,-6.8323216399570974],[115.30549834864028,-6.8323306602891503],[115.30548029886928,-6.8323308218751162],[115.30548021803574,-6.8323218015428466],[115.30543509360726,-6.832322205504278],[115.30543501277465,-6.8323131851714667],[115.30538988834428,-6.832313589128157],[115.30538964584966,-6.8322865281280816],[115.30538062096376,-6.8322866089185936],[115.30538054013263,-6.8322775885851179],[115.30537151524678,-6.8322776693753546],[115.3053714344159,-6.832268649041767],[115.30535338464425,-6.8322688106215193],[115.3053532229835,-6.832250769953883],[115.30533517321207,-6.832250931532533],[115.30533549653262,-6.8322870128686279],[115.30532647164607,-6.8322870936581301],[115.30532663330668,-6.8323051343263579],[115.30530858353258,-6.8323052959052903],[115.30530866436268,-6.8323143162396125],[115.30526353992465,-6.8323147201845371],[115.30526362075405,-6.8323237405193957],[115.30524557097773,-6.8323239020964035],[115.3052456518069,-6.8323329224314708],[115.30525467669528,-6.8323328416429439],[115.30525475752474,-6.8323418619778984],[115.30523670774753,-6.8323420235550021],[115.30523686940609,-6.8323600642253313],[115.30531809340309,-6.8323593371211357],[115.30531801257223,-6.8323503167869415],[115.30536313701037,-6.8323499128348208],[115.30536305617879,-6.8323408925011613],[115.30538110595296,-6.8323407309193511],[115.30538102512115,-6.8323317105859029],[115.30541712466743,-6.8323313874206972],[115.30541720549991,-6.8323404077537155],[115.30542623038642,-6.8323403269618854],[115.30542631121916,-6.8323493472947918],[115.30545338587842,-6.8323491049179728],[115.30545346671178,-6.8323581252505523],[115.30546249159815,-6.8323580444578349],[115.30546257243181,-6.8323670647903016],[115.30548964709077,-6.8323668224108198],[115.30548972792502,-6.8323758427429588],[115.3054987528113,-6.832375761949355],[115.30549883364583,-6.832384782281383],[115.30548078387284,-6.8323849438686386],[115.30548070303865,-6.8323759235363957],[115.30546265326555,-6.8323760851227657],[115.30546273409942,-6.8323851054552236],[115.30544468432555,-6.8323852670411354],[115.30544460349203,-6.8323762467084617],[115.3054175288309,-6.8323764890857452],[115.30541728633251,-6.8323494280867294],[115.30540826144575,-6.8323495088784973],[115.30540834227828,-6.832358529211616],[115.30539931739126,-6.8323586100033245],[115.30539939822374,-6.8323676303365435],[115.30539037333642,-6.8323677111281915],[115.30539045416883,-6.8323767314615163],[115.30537240439355,-6.8323768930445228],[115.30537232356146,-6.832367872710984],[115.30531817423406,-6.8323683574553247],[115.3053182550651,-6.8323773777895092],[115.30530923017666,-6.832377458579753],[115.30530931100766,-6.8323864789140414],[115.30529126123008,-6.8323866404942368],[115.30529134206085,-6.8323956608287357],[115.30528231717173,-6.8323957416186909],[115.30528239800245,-6.8324047619532928],[115.30527337311304,-6.8324048427431867],[115.30527329228251,-6.8323958224084764],[115.30526426739318,-6.8323959031980941],[115.30526418656289,-6.8323868828632719],[115.30527321145206,-6.8323868020737617],[115.30527313062173,-6.8323777817390425],[115.30525508084361,-6.8323779433176792],[115.30525500001373,-6.8323689229827407],[115.30524597512469,-6.8323690037716993],[115.30524613678422,-6.8323870444417878],[115.30525516167359,-6.8323869636526133],[115.30525532333391,-6.8324050043224691],[115.30526434822355,-6.8324049235329118],[115.30526442905403,-6.832413943867742],[115.30527345394371,-6.8324138630779103],[115.30527353477449,-6.832422883412594],[115.30526450988465,-6.8324229642025349],[115.30526483320813,-6.8324590455417118],[115.30531898254958,-6.8324585607969643],[115.30531890171754,-6.8324495404628349],[115.30534597638629,-6.8324492980885143],[115.30534605721884,-6.8324583184223213],[115.30535508210836,-6.832458237630437],[115.30535483961056,-6.832431176629294],[115.30537288938827,-6.8324310150456675],[115.30537321272026,-6.8324670963796779],[115.30533711316168,-6.8324674195479798],[115.30533703232921,-6.8324583992140369],[115.30532800743944,-6.8324584800055845],[115.30532808827176,-6.8324675003396349],[115.30531003849161,-6.8324676619224425],[115.30531011932371,-6.8324766822566874],[115.305228895306,-6.8324774093719638],[115.30522913779841,-6.8325044703775637],[115.30521108801449,-6.8325046319575327],[115.30521100718393,-6.8324956116221331],[115.30520198229198,-6.8324956924117588],[115.30520190146167,-6.8324866720762305],[115.30519287656981,-6.832486752865579],[115.30519295739992,-6.8324957732012148],[115.30517490761545,-6.832495934779625],[115.30517498844536,-6.8325049551154544],[115.30513888887447,-6.8325052782706868],[115.30513905053326,-6.8325233189432462],[115.30513002563994,-6.8325233997318486],[115.30512986398148,-6.8325053590590752],[115.30513888887447,-6.8325052782706868],[115.3051387272161,-6.8324872375981451],[115.30511165253782,-6.8324874799621584],[115.30511157170932,-6.8324784596255492],[115.3051025468165,-6.8324785404131099],[115.30510246598828,-6.8324695200763896],[115.30504831663006,-6.8324700047975773],[115.30504823580296,-6.8324609844601891],[115.30503018601637,-6.832461146032359],[115.30503026684313,-6.8324701663699621],[115.30503929173666,-6.8324700855838536],[115.30503937256371,-6.8324791059213288],[115.30508449703052,-6.8324787019877276],[115.30508465868664,-6.8324967426615855],[115.30509368358001,-6.8324966618741465],[115.30509392606551,-6.8325237228845799],[115.30511197585294,-6.83252356130855],[115.30511205668198,-6.8325325816451388],[115.30512108157571,-6.8325325008567637],[115.30512124323447,-6.8325505415297094],[115.30516636770308,-6.8325501375842386],[115.30516628687282,-6.8325411172483062],[115.30517531176606,-6.8325410364588155],[115.30517539259651,-6.8325500567946413],[115.30520246727603,-6.8325498144248371],[115.3052025481071,-6.8325588347603343],[115.30522059789327,-6.8325586731794106],[115.30522051706187,-6.8325496528441274],[115.3052295419546,-6.8325495720535203],[115.30522962278616,-6.8325585923886951],[115.3052747472491,-6.8325581884326017],[115.30527490891423,-6.8325762291018615],[115.30528393380683,-6.832576148309923],[115.30528417630586,-6.8326032093134588],[115.30529320119885,-6.8326031285210282],[115.30529295869931,-6.8325760675178158],[115.30530198359168,-6.8325759867255416],[115.30530190275856,-6.8325669663912363],[115.30531092765067,-6.8325668855989008],[115.30531100848395,-6.8325759059330986],[115.30532003337611,-6.8325758251404887],[115.30531995254263,-6.8325668048063974],[115.30532897743453,-6.8325667240137262],[115.30532905826817,-6.8325757443477082],[115.30533808316009,-6.8325756635547616],[115.30533816399399,-6.8325846838886326],[115.30531108931736,-6.832584926267292],[115.3053112509845,-6.8326029669356654],[115.30532027587716,-6.8326028861427321],[115.30532043754506,-6.8326209268108906],[115.30531141265207,-6.8326210076040388],[115.30531165515427,-6.832648068606523],[115.30530263026066,-6.8326481493998283],[115.30530271109475,-6.8326571697340945],[115.30531173598855,-6.8326570889406835],[115.30531181682294,-6.8326661092748209],[115.30532084171676,-6.8326660284811336],[115.30532051837919,-6.8326299471449374],[115.30532954327225,-6.832629866351513],[115.30532930076971,-6.832602805349631],[115.30536540033883,-6.8326024821755418],[115.30536515783525,-6.832575421174913],[115.30537418272674,-6.8325753403812923],[115.30537377855546,-6.8325302387140283],[115.30536475366482,-6.8325303195071099],[115.3053645919974,-6.8325122788399586],[115.30537361688772,-6.8325121980470929],[115.3053733743869,-6.8324851370466577],[115.30538239927664,-6.8324850562539456],[115.30538256094405,-6.8325030969206759],[115.305391585834,-6.832503016127581],[115.30539142416622,-6.8324849754610666],[115.3054094739451,-6.8324848138748031],[115.30540939311105,-6.8324757935417466],[115.30541841800014,-6.8324757127484723],[115.30541825633202,-6.8324576720825423],[115.30543630610924,-6.8324575104959182],[115.30543622527502,-6.8324484901631877],[115.3054452501633,-6.8324484093697304],[115.30544516932899,-6.8324393890370878],[115.30547224399267,-6.8324391466560304],[115.30547216315799,-6.8324301263237057],[115.30549923782014,-6.8324298839414572],[115.30549931865534,-6.8324389042734595],[115.30551736842992,-6.8324387426842392],[115.30551744926555,-6.8324477630160212],[115.30552647415284,-6.8324476822210514],[115.30552639331702,-6.8324386618893778],[115.30554444309095,-6.8324385002991477],[115.30554452392708,-6.8324475206306081],[115.30558964836079,-6.8324471166515544],[115.30558956752381,-6.8324380963206339],[115.30558054263744,-6.8324381771166731],[115.30558046180074,-6.832429156785639],[115.3056255862306,-6.8324287528043017],[115.30562566706814,-6.8324377731347967],[115.30563469195395,-6.8324376923379164],[115.30563461111625,-6.8324286720075298],[115.30565266088722,-6.8324285104134814],[115.3056528225634,-6.8324465510738213],[115.3056708723346,-6.8324463894786707],[115.30567095317319,-6.8324554098086017],[115.30569802782969,-6.8324551674142908],[115.30569810866891,-6.8324641877439287],[115.30571615843967,-6.8324640261466669],[115.3057163201191,-6.8324820668054649],[115.30572534500466,-6.8324819860063659],[115.30572558752513,-6.8325090469942076],[115.30571656263906,-6.8325091277936298],[115.3057169668412,-6.8325542294404844],[115.30572599172811,-6.8325541486405239],[115.30572591088732,-6.8325451283112697],[115.30574396066042,-6.8325449667110609],[115.30574404150157,-6.8325539870401002],[115.30573501661492,-6.8325540678403964],[115.3057351782972,-6.8325721084986775],[115.30575322807114,-6.8325719468974864],[115.30575314722961,-6.8325629265685635],[115.30576217211623,-6.8325628457678231],[115.30576233379976,-6.8325808864254505],[115.30577135868661,-6.8325808056243273],[115.30577152037091,-6.8325988462817202],[115.30580761991861,-6.8325985230746848],[115.30580745823296,-6.8325804824181526],[115.3058164831193,-6.8325804016161884],[115.30581640227648,-6.8325713812880222],[115.30585250181997,-6.8325710580789183],[115.30585258266346,-6.8325800784066528],[115.30586160754925,-6.8325799976038493],[115.30586152670557,-6.8325709772762222],[115.30587055159106,-6.8325708964733565],[115.30587038990372,-6.8325528558183057],[115.30587941478878,-6.8325527750154889],[115.30587949563254,-6.8325617953429081],[115.30588852051767,-6.832561714539815],[115.30588843967369,-6.8325526942125023],[115.30589746455853,-6.8325526134093488],[115.30589730287062,-6.8325345727549252],[115.30590632775501,-6.8325344919518196],[115.30590616606722,-6.832516451297594],[115.30591519095114,-6.8325163704945346],[115.30591535263927,-6.8325344111485435],[115.30592437752344,-6.8325343303451014],[115.30592445836784,-6.8325433506719939],[115.30594250813618,-6.8325431890643884],[115.30594258898103,-6.8325522093910589],[115.30595161386519,-6.8325521285868964],[115.30595169471033,-6.832561148913455],[115.30596071959458,-6.8325610681090181],[115.30596063874927,-6.8325520477825661],[115.30599673828442,-6.8325517245635634],[115.30599681913039,-6.8325607448895846],[115.30600584401408,-6.8325606640843066],[115.30600568232194,-6.8325426234324746],[115.30601470720515,-6.8325425426272437],[115.30601478805134,-6.8325515629530535],[115.30602381293467,-6.8325514821475473],[115.30602389378113,-6.8325605024732452],[115.30603291866449,-6.8325604216674618],[115.30603283781784,-6.8325514013418731],[115.30604186270092,-6.8325513205360293],[115.30604178185423,-6.8325423002105419],[115.30603275697131,-6.8325423810162773],[115.3060326761249,-6.8325333606906788],[115.30602365124206,-6.8325334414961389],[115.30602348954986,-6.8325154008447129],[115.30603251443236,-6.8325153200394686],[115.30603243358628,-6.8325062997138568],[115.3060053589389,-6.8325065421287636],[115.30600527809344,-6.8324975218028072],[115.30596917856272,-6.8324978450198985],[115.30596909771803,-6.8324888246935416],[115.30596007283526,-6.8324889054972857],[115.30595991114653,-6.8324708648443089],[115.30599601067561,-6.8324705416291831],[115.30599576814133,-6.8324434806509791],[115.30600479302284,-6.8324433998470999],[115.30600463133352,-6.832425359195156],[115.30604073085706,-6.8324250359788206],[115.30604081170233,-6.832434056304364],[115.30605886146381,-6.8324338946949723],[115.30605861892728,-6.8324068337189932],[115.30606764380737,-6.8324067529143688],[115.30606756296189,-6.8323977325891185],[115.30607658784167,-6.8323976517844329],[115.30607650699618,-6.8323886314593034],[115.30606748211655,-6.8323887122638816],[115.30606732042618,-6.8323706716133943],[115.30605829554679,-6.8323707524175887]],[[115.30566982144269,-6.8323291251889513],[115.30566079655935,-6.8323292059852125],[115.30566071572245,-6.8323201856550968],[115.30566974060562,-6.8323201048589439],[115.30566982144269,-6.8323291251889513]],[[115.3056514483296,-6.8322932054603669],[115.30566047321238,-6.8322931246647052],[115.30566055404896,-6.8323021449948511],[115.30565152916601,-6.8323022257906194],[115.3056514483296,-6.8322932054603669],[115.30563339856366,-6.832293367051185],[115.3056333177277,-6.832284346720745],[115.30565136749328,-6.8322841851301419],[115.3056514483296,-6.8322932054603669]],[[115.3053627328536,-6.8323048111664795],[115.30534468308034,-6.832304972746754],[115.30534444058858,-6.8322779117450514],[115.30536249036084,-6.8322777501654208],[115.3053627328536,-6.8323048111664795]],[[115.30516604438263,-6.8325140562404822],[115.30518409416797,-6.8325138946619779],[115.30518401333781,-6.8325048743262258],[115.30520206312237,-6.8325047127472649],[115.30520214395288,-6.8325137330828012],[115.30521116884519,-6.8325136522929615],[115.30521141133788,-6.8325407132991707],[115.30520238644509,-6.8325407940893337],[115.30520230561424,-6.8325317737538276],[115.30518425582866,-6.8325319353334351],[115.30518417499829,-6.8325229149977087],[115.30516612521258,-6.832523076576428],[115.30516604438263,-6.8325140562404822]],[[115.30530166025981,-6.8325399053882947],[115.30531068515143,-6.8325398245962816],[115.30531076598439,-6.8325488449304936],[115.30530174109262,-6.8325489257226124],[115.30530166025981,-6.8325399053882947]],[[115.30534686555032,-6.8325485217603328],[115.30535589044156,-6.832548440967372],[115.30535597127547,-6.8325574613010405],[115.30534694638409,-6.8325575420941087],[115.30534686555032,-6.8325485217603328]],[[115.30590560016331,-6.8324533090076542],[115.30591462504607,-6.8324532282053489],[115.30591470588934,-6.8324622485324031],[115.30590568100639,-6.8324623293348159],[115.30590560016331,-6.8324533090076542]],[[115.30598747086405,-6.8325247443901551],[115.30598739001869,-6.8325157240640095],[115.30599641490164,-6.8325156432594376],[115.30599649574718,-6.8325246635854748],[115.30598747086405,-6.8325247443901551],[115.30598755170953,-6.8325337647162971],[115.30597852682614,-6.832533845520917],[115.30597844598084,-6.8325248251946675],[115.30598747086405,-6.8325247443901551]],[[115.30595137133047,-6.8325250676071931],[115.30594234644681,-6.8325251484110323],[115.30594242729146,-6.8325341687377126],[115.30593340240749,-6.8325342495414914],[115.30593324071867,-6.8325162088879123],[115.30595129048578,-6.8325160472806186],[115.30595137133047,-6.8325250676071931]],[[115.30573469325164,-6.8325179865237819],[115.30574371813763,-6.8325179057239165],[115.30574379897845,-6.8325269260529691],[115.30573477409229,-6.832527006852942],[115.30573469325164,-6.8325179865237819]],[[115.30575282386455,-6.8325268452528283],[115.30577087363636,-6.8325266836520413],[115.30577095447781,-6.832535703980767],[115.30575290470564,-6.832535865581769],[115.30575282386455,-6.8325268452528283]],[[115.30578014104725,-6.8325536638372357],[115.30579819081942,-6.8325535022347941],[115.30579827166169,-6.8325625225631823],[115.30578022188917,-6.8325626841658389],[115.30578014104725,-6.8325536638372357]],[[115.30578038357338,-6.8325807248230355],[115.30578940846,-6.8325806440215757],[115.30578948930243,-6.8325896643500599],[115.30578046441562,-6.8325897451516262],[115.30578038357338,-6.8325807248230355]]],[[[115.30577747332477,-6.8322559929908664],[115.30577731164843,-6.832237952333359],[115.30575926188759,-6.8322381139275912],[115.30575942356325,-6.8322561545855285],[115.30577747332477,-6.8322559929908664]]],[[[115.30392720888999,-6.8322545122447718],[115.30392712808644,-6.8322454918939473],[115.30391810318389,-6.8322455726565821],[115.30391818398722,-6.832254593007514],[115.30392720888999,-6.8322545122447718]]],[[[115.30471237501155,-6.8322474852427257],[115.30472139990466,-6.8322474044651917],[115.30472131908634,-6.8322383841238379],[115.30471229419338,-6.8322384649012644],[115.30471237501155,-6.8322474852427257]]],[[[115.30483880432622,-6.8322553746818819],[115.30483864268508,-6.8322373340019933],[115.30482059290188,-6.8322374955610501],[115.30482067372206,-6.8322465159012191],[115.30481164883012,-6.8322465966806032],[115.30481172965023,-6.8322556170208593],[115.30483880432622,-6.8322553746818819]]],[[[115.30556973937246,-6.8322398106264473],[115.30556965853832,-6.8322307902952106],[115.30556063365563,-6.8322308710884387],[115.30556071448957,-6.8322398914197819],[115.30556973937246,-6.8322398106264473]]],[[[115.3057141374836,-6.8322385179102332],[115.30571405664678,-6.8322294975807196],[115.30570503176581,-6.8322295783766362],[115.3057051126025,-6.8322385987062573],[115.3057141374836,-6.8322385179102332]]],[[[115.30575918104995,-6.8322290935986167],[115.30575901937495,-6.8322110529406528],[115.30574999449486,-6.8322111337371947],[115.30575007533214,-6.8322201540662855],[115.30574105045177,-6.832220234862767],[115.305741131289,-6.8322292551919617],[115.30575918104995,-6.8322290935986167]]],[[[115.30474823212728,-6.832220101108474],[115.30474815130879,-6.8322110807674479],[115.30473912641665,-6.8322111615450556],[115.30473920723499,-6.8322201818861901],[115.30474823212728,-6.832220101108474]]],[[[115.30477522598457,-6.8322108384336149],[115.30475717620082,-6.8322109999896714],[115.30475725701952,-6.8322200203305909],[115.30476628191158,-6.8322199395525391],[115.30476636273052,-6.8322289598933628],[115.30478441251472,-6.8322287983365388],[115.30478433169546,-6.8322197779959302],[115.30477530680358,-6.8322198587743186],[115.30477522598457,-6.8322108384336149]]],[[[115.30532582500804,-6.8322149309850442],[115.30532574417877,-6.832205910650905],[115.30531671929361,-6.8322059914392721],[115.30531680012271,-6.832215011773517],[115.30532582500804,-6.8322149309850442]]],[[[115.30514532728087,-6.8322165467225746],[115.30514516562918,-6.8321985060499539],[115.30512711585473,-6.8321986676195792],[115.30512727750573,-6.8322167082926297],[115.30514532728087,-6.8322165467225746]]],[[[115.30537086860288,-6.8322055067065559],[115.30537078777287,-6.8321964863729177],[115.30536176288847,-6.8321965671620157],[115.30536184371829,-6.8322055874957615],[115.30537086860288,-6.8322055067065559]]],[[[115.30532582500804,-6.8322149309850442],[115.30532590583741,-6.8322239513191949],[115.30530785606631,-6.8322241128961885],[115.30530777523727,-6.8322150925618228],[115.3052626508085,-6.8322154965008286],[115.30526248915244,-6.8321974558310057],[115.30523541449486,-6.832197698191746],[115.30523557614991,-6.8322157388622138],[115.30521752637698,-6.8322159004356307],[115.30521760720431,-6.8322249207710728],[115.3052085823175,-6.8322250015576378],[115.30520842066325,-6.8322069608865492],[115.3051993957767,-6.8322070416727296],[115.3051994766036,-6.8322160620083752],[115.30516337705554,-6.8322163851518471],[115.30516345788187,-6.8322254054879359],[115.30517248276924,-6.832225324702212],[115.30517256359586,-6.8322343450381888],[115.30518158848325,-6.8322342642521887],[115.30518166931016,-6.8322432845880536],[115.30517264442258,-6.8322433653741603],[115.30517272524943,-6.8322523857101105],[115.30516370036159,-6.8322524664961577],[115.30516378118836,-6.8322614868322464],[115.30515475630023,-6.8322615676182314],[115.30515467547363,-6.8322525472820361],[115.30514565058556,-6.8322526280677458],[115.30514556975923,-6.8322436077314723],[115.3051365448712,-6.8322436885169076],[115.30513662569737,-6.8322527088532885],[115.30512760080909,-6.8322527896386624],[115.3051276816352,-6.8322618099751811],[115.30511865674664,-6.8322618907604946],[115.30511881839887,-6.8322799314337006],[115.30510979350984,-6.8322800122190612],[115.30510963185797,-6.8322619715456412],[115.30510060696918,-6.8322620523306172],[115.30510052614358,-6.8322530319937762],[115.30508247636602,-6.8322531935630115],[115.30508271884214,-6.832280254574135],[115.30506466906314,-6.8322804161433419],[115.30506491153926,-6.8323074771550569],[115.30508296131926,-6.8323073155852025],[115.30508288049346,-6.8322982952481679],[115.30510093027269,-6.8322981336778552],[115.30510101109886,-6.8323071540146758],[115.30511003598846,-6.8323070732291598],[115.3051101168149,-6.8323160935658507],[115.3050830421452,-6.8323163359222159],[115.30508312297124,-6.8323253562592257],[115.3050921478614,-6.8323252754738313],[115.30509222868771,-6.8323342958107283],[115.30508320379737,-6.832334376596231],[115.30508328462363,-6.8323433969332319],[115.30509230951414,-6.8323433161476226],[115.3050924711673,-6.8323613568213961],[115.30503832182056,-6.8323618415338254],[115.30503840264632,-6.8323708618713521],[115.30502937775465,-6.8323709426562758],[115.30502929692906,-6.8323619223186425],[115.30502027203745,-6.8323620031032908],[115.30502035286285,-6.8323710234410324],[115.30501132797096,-6.8323711042256203],[115.30501124714573,-6.8323620838877703],[115.30496612268546,-6.8323624878076519],[115.304965961037,-6.8323444471308639],[115.30502913527826,-6.8323438816433617],[115.30502905445302,-6.8323348613057151],[115.30502002956189,-6.832334942090041],[115.30501978708732,-6.8323078810767521],[115.30500173730576,-6.8323080426442537],[115.30500181813019,-6.8323170629822361],[115.30499279323908,-6.8323171437658416],[115.30499287406344,-6.832326164103927],[115.30497482428056,-6.8323263256708504],[115.3049749051047,-6.8323353460091472],[115.30494783042906,-6.8323355883585943],[115.30494766878195,-6.8323175476813516],[115.30488449453732,-6.8323181131560045],[115.30488457535967,-6.8323271334953821],[115.30489360025226,-6.8323270527136852],[115.30489368107489,-6.832336073052951],[115.30487563128926,-6.8323362346163918],[115.30487571211162,-6.8323452549558672],[115.30486668721851,-6.8323453357374433],[115.3048665255742,-6.8323272950582705],[115.30483945089513,-6.8323275374013432],[115.30483953171671,-6.8323365577412565],[115.30482148192981,-6.8323367193026794],[115.30482140110855,-6.8323276989625521],[115.30480335132151,-6.8323278605230886],[115.30480343214246,-6.8323368808634299],[115.30479440724861,-6.8323369616435548],[115.3047942456072,-6.83231892096265],[115.30476717092601,-6.8323191633013662],[115.30476725174617,-6.8323281836421428],[115.30474017706351,-6.8323284259796697],[115.30474009624386,-6.8323194056385699],[115.3046859468766,-6.8323198903084368],[115.30468586605809,-6.8323108699666877],[115.30467684116333,-6.8323109507443034],[115.30467676034507,-6.8323019304024255],[115.30466773545038,-6.832302011179765],[115.3046674929968,-6.832274950153848],[115.30464041831355,-6.8322751924838903],[115.30464033749642,-6.8322661721415807],[115.30465838728502,-6.8322660105886026],[115.3046582256504,-6.8322479699044019],[115.30464017586246,-6.8322481314569501],[115.30464025667939,-6.8322571517992507],[115.30463123178508,-6.8322572325753796],[115.30463115096833,-6.8322482122329706],[115.30462212607409,-6.8322482930088233],[115.30462204525762,-6.8322392726662873],[115.30461302036346,-6.8322393534418655],[115.30461285873116,-6.8322213127565616],[115.30463993341237,-6.83222107042997],[115.30463977177951,-6.832203029745294],[115.30460367220569,-6.8322033528462205],[115.30460391465314,-6.8322304138745169],[115.3045948897589,-6.8322304946496502],[115.30459497057475,-6.8322395149925157],[115.30460399546915,-6.8322394342172741],[115.30460407628529,-6.8322484545600277],[115.30461310117975,-6.8322483737845099],[115.30461318199617,-6.8322573941271338],[115.30459513220683,-6.8322575556782157],[115.30459521302299,-6.8322665760210848],[115.30456813833766,-6.8322668183467679],[115.30456805752198,-6.8322577980035772],[115.3045590326268,-6.8322578787783623],[115.30455895181137,-6.8322488584350918],[115.30454992691628,-6.8322489392096006],[115.30455000773152,-6.8322579595529787],[115.30454098283612,-6.8322580403274262],[115.30454106365131,-6.832267060670941],[115.30452301385989,-6.8322672222195484],[115.30452293304505,-6.8322582018758196],[115.3045139081493,-6.8322582826497635],[115.30451382733474,-6.8322492623059548],[115.30452285223031,-6.8322491815321182],[115.30452277141568,-6.8322401611883974],[115.30451374652029,-6.8322402419621264],[115.30451366570593,-6.8322312216182937],[115.30449561591522,-6.8322313831650305],[115.30449545428752,-6.8322133424769387],[115.30447740449698,-6.8322135040225724],[115.30447756612402,-6.8322315447110968],[115.30448659101965,-6.8322314639381485],[115.30448675264746,-6.8322495046264562],[115.30450480243908,-6.8322493430796234],[115.304504964068,-6.8322673837674834],[115.30449593917191,-6.8322674645411992],[115.30449601998637,-6.8322764848852309],[115.30447797019349,-6.8322766464323719],[115.30447788937937,-6.8322676260881261],[115.30445081468976,-6.8322678684072553],[115.30445049143643,-6.8322317870289346],[115.30444146654033,-6.8322318678012115],[115.30444154735333,-6.8322408881459058],[115.30443252245699,-6.8322409689181223],[115.30443276489615,-6.8322680299525009],[115.30442373999917,-6.8322681107248719],[115.30442382081225,-6.8322771310697643],[115.30441479591501,-6.832277211842074],[115.30441447266394,-6.8322411304620481],[115.30439642287043,-6.8322412920053051],[115.30439634205828,-6.8322322716600716],[115.30438731716154,-6.8322323524313404],[115.30438723634965,-6.8322233320859951],[115.30439626124621,-6.8322232513148355],[115.30439618043427,-6.8322142309696119],[115.30438715553787,-6.8322143117406648],[115.30438707472621,-6.8322052913952946],[115.30436902493341,-6.8322054529366802],[115.30436894412219,-6.8321964325911084],[115.3043599192258,-6.8321965133614411],[115.30436008084801,-6.832214554052813],[115.30432398126,-6.8322148771333273],[115.3043241428813,-6.8322329178255083],[115.30428804329021,-6.8322332409041939],[115.30428796248017,-6.8322242205576647],[115.30427893758228,-6.8322243013268089],[115.30427909920213,-6.8322423420200753],[115.3042700743038,-6.8322424227892666],[115.30427023592374,-6.8322604634827142],[115.30428828572097,-6.8322603019437347],[115.30428836653144,-6.8322693222902622],[115.30430641632853,-6.8322691607503954],[115.30430625470704,-6.8322511200578004],[115.30433332940088,-6.8322508777473852],[115.30433341021208,-6.8322598980933451],[115.30434243511,-6.8322598173227629],[115.30434251592149,-6.8322688376686447],[115.30436056571729,-6.8322686761267599],[115.3043606465292,-6.8322776964724055],[115.3043696714271,-6.8322776157011038],[115.30436983305162,-6.8322956563921666],[115.30436080815339,-6.8322957371636841],[115.30436105059049,-6.8323227982005683],[115.30434300079264,-6.8323229597437436],[115.30434308160488,-6.8323319800895783],[115.30428893220778,-6.8323324647157166],[115.30428901301914,-6.8323414850621917],[115.30427096321888,-6.8323416466031093],[115.30427088240789,-6.8323326262564184],[115.30426185750775,-6.8323327070265165],[115.30426177669703,-6.8323236866797128],[115.30427982649682,-6.8323235251395626],[115.30427974568586,-6.8323145047929703],[115.30428877058543,-6.8323144240227514],[115.30428852815271,-6.8322873629832701],[115.30427950325364,-6.8322874437531675],[115.30427942244313,-6.8322784234065574],[115.30427039754413,-6.8322785041761787],[115.30427031673388,-6.8322694838294575],[115.30426129183493,-6.8322695645988025],[115.30426121102498,-6.8322605442519517],[115.30425218612608,-6.8322606250210214],[115.30425210531641,-6.8322516046740924],[115.30424308041759,-6.8322516854428867],[115.30424299960816,-6.832242665095829],[115.3042339747094,-6.8322427458643471],[115.30423405551865,-6.8322517662115132],[115.30422503061959,-6.83225184697997],[115.30422519223808,-6.8322698876745021],[115.30418909263948,-6.8322702107475131],[115.30418917344822,-6.8322792310952023],[115.3041981983482,-6.8322791503270945],[115.30419860239435,-6.8323242520649412],[115.30418957749349,-6.832324332833589],[115.30418973911239,-6.8323423735289124],[115.30422583871638,-6.8323420504524588],[115.30422632357968,-6.8323961725357449],[115.3042353484814,-6.8323960917655651],[115.30423518685953,-6.8323780510713696],[115.30424421176083,-6.8323779703012368],[115.30424413094988,-6.8323689499542395],[115.30425315585089,-6.8323688691840463],[115.3042530750399,-6.8323598488371529],[115.30429819954246,-6.8323594449842062],[115.30429828035429,-6.8323684653305623],[115.30432535505501,-6.832368223016454],[115.30432527424267,-6.8323592026704212],[115.30433429914252,-6.8323591218988229],[115.30433437995504,-6.8323681422447482],[115.30434340485496,-6.8323680614728746],[115.30434348566774,-6.832377081818688],[115.30435251056774,-6.832377001046539],[115.30435242975477,-6.8323679807008331],[115.30436145465448,-6.8323678999286237],[115.30436137384145,-6.8323588795830208],[115.30439747343847,-6.832358556492931],[115.30439755425218,-6.8323675768381023],[115.30440657915135,-6.8323674960650527],[115.3044066599653,-6.8323765164101129],[115.30441568486449,-6.8323764356367862],[115.30441576567875,-6.8323854559817345],[115.30439771587987,-6.832385617528435],[115.30439779669389,-6.8323946378735929],[115.3044158464931,-6.8323944763266784],[115.30441600812215,-6.8324125170165537],[115.30440698322226,-6.8324125977903085],[115.30440714485141,-6.8324306384803801],[115.3044161697516,-6.8324305577064086],[115.30441657382721,-6.8324756594309761],[115.30442559872816,-6.8324755786562985],[115.30442567954377,-6.8324845990010914],[115.3044347044448,-6.8324845182261367],[115.3044343811823,-6.8324484368473719],[115.30445243098266,-6.8324482752978213],[115.30445235016698,-6.8324392549533322],[115.30447942486619,-6.8324390126280692],[115.30447950568237,-6.8324480329722341],[115.30449755548163,-6.8324478714210022],[115.30449763629825,-6.8324568917649469],[115.30454276079531,-6.8324564878833893],[115.3045428416129,-6.8324655082267745],[115.30455186651216,-6.8324654274498515],[115.30455194733003,-6.8324744477931576],[115.30451584773168,-6.8324747709002729],[115.30451592854897,-6.8324837912439911],[115.3044978787488,-6.832483952796756],[115.30449795956589,-6.8324929731406829],[115.30451600936637,-6.8324928115877031],[115.30451609018388,-6.8325018319314115],[115.3045341399843,-6.8325016703775443],[115.30453422080227,-6.8325106907210147],[115.30455227060254,-6.8325105291662593],[115.30455210896606,-6.8324924884797253],[115.30457015876526,-6.8324923269247293],[115.30457023958378,-6.8325013472677911],[115.30458828938286,-6.832501185711906],[115.30458820856401,-6.83249216536906],[115.30460625836233,-6.8324920038127175],[115.30460633918152,-6.8325010241553503],[115.30462438897975,-6.8325008625981205],[115.30462446979939,-6.8325098829405153],[115.30468764409088,-6.8325093174841633],[115.30468756327006,-6.8325002971425217],[115.30469658816824,-6.8325002163624768],[115.30469650734737,-6.8324911960209223],[115.30471455714307,-6.8324910344605465],[115.30471447632195,-6.8324820141192015],[115.30473252611688,-6.8324818525583684],[115.30473244529556,-6.8324728322172339],[115.30474147019267,-6.832472751436673],[115.30474138937129,-6.8324637310956255],[115.30473236447432,-6.8324638118760799],[115.30473228365319,-6.8324547915349534],[115.30474130855001,-6.8324547107546083],[115.30474122772883,-6.8324456904135697],[115.30471415303862,-6.8324459327537799],[115.30471423385929,-6.8324549530951417],[115.30470520896216,-6.8324550338749832],[115.30470504732129,-6.8324369931920392],[115.30469602242438,-6.8324370739714988],[115.30469610324462,-6.8324460943130791],[115.30468707834746,-6.8324461750924783],[115.30468691670744,-6.8324281344090956],[115.30474106608681,-6.8324276497314784],[115.30474090444521,-6.8324096090493693],[115.30471382975703,-6.8324098513882889],[115.30471374893693,-6.8324008310469058],[115.30479497299699,-6.8324001040265783],[115.30479505381862,-6.8324091243669924],[115.30477700402794,-6.832409285928458],[115.30477716567088,-6.8324273266097055],[115.30484033993876,-6.8324267611401304],[115.30484042076156,-6.8324357814799948],[115.3048313958663,-6.8324358622619741],[115.30483147668906,-6.8324448826019397],[115.3047863522103,-6.8324452865098557],[115.30478651385445,-6.8324633271908377],[115.30475041426811,-6.8324636503150042],[115.30475049508968,-6.8324726706559442],[115.30479561957316,-6.8324722667497761],[115.30479553875075,-6.8324632464093744],[115.30481358854301,-6.832463084845946],[115.3048135077204,-6.8324540645057894],[115.30484058240751,-6.8324538221597093],[115.30484066323064,-6.8324628424995426],[115.3048496881263,-6.8324627617170721],[115.30484976894969,-6.8324717820568273],[115.30489489342716,-6.832471378141415],[115.30489481260291,-6.8324623578021972],[115.30488578770778,-6.8324624385855088],[115.30488570688382,-6.832453418246212],[115.30491278156832,-6.8324531758960978],[115.30491294321739,-6.8324712165740733],[115.30500319216191,-6.8324704087272785],[115.30500303050947,-6.8324523680514551],[115.30499400561584,-6.8324524488366762],[115.30499384396418,-6.832434408160621],[115.30498481907081,-6.8324344889454585],[115.30498489989641,-6.8324435092835953],[115.30497587500271,-6.8324435900683724],[115.30497579417728,-6.8324345697301272],[115.30496676928368,-6.8324346505146289],[115.30496660763346,-6.8324166098379271],[115.30499368231297,-6.8324163674845648],[115.30499360148752,-6.8324073471465061],[115.3050026263803,-6.832407266361824],[115.30500278803164,-6.8324253070376901],[115.30501181292466,-6.8324252262526235],[115.30501189375067,-6.8324342465904415],[115.30502091864373,-6.8324341658051013],[115.30502083781757,-6.832425145467389],[115.30502986271036,-6.8324250646819875],[115.30502978188414,-6.8324160443443969],[115.30502075699151,-6.8324161251296909],[115.30502067616555,-6.8324071047919555],[115.30502970105803,-6.832407024006768],[115.30502962023202,-6.8323980036691507],[115.30505669490822,-6.8323977613129054],[115.30505677573474,-6.8324067816501985],[115.30507482551866,-6.8324066200783129],[115.30507474469181,-6.8323975997412338],[115.30510181936637,-6.832397357382467],[115.30510173853914,-6.8323883370457077],[115.30511978832131,-6.8323881754725697],[115.30512011163229,-6.8324242568187223],[115.30513816141536,-6.8324240952440523],[115.3051380805871,-6.832415074907753],[115.30515613036941,-6.8324149133326264],[115.30515621119797,-6.8324239336687107],[115.30517426098018,-6.832423772092695],[115.30517418015127,-6.8324147517568257],[115.30516515526037,-6.83241483254481],[115.30516491277479,-6.832387771536788],[115.30521003722556,-6.8323873675968017],[115.30521011805483,-6.8323963879322696],[115.3051830433842,-6.8323966302970875],[115.30518312421306,-6.8324056506328752],[115.30522824866443,-6.8324052466901319],[115.30522857198434,-6.8324413280310834],[115.30523759687497,-6.832441247241599],[115.30523703106509,-6.8323781048956436],[115.30522800617562,-6.8323781856843739],[115.30522784451696,-6.8323601450138467],[115.30521881962777,-6.8323602258021934],[115.30521873879879,-6.8323512054668152],[115.30519166413097,-6.832351447830523],[115.30519174495949,-6.8323604681662236],[115.30517369518007,-6.8323606297414043],[115.30517377600832,-6.8323696500773154],[115.30515572622814,-6.8323698116520397],[115.30515564540022,-6.8323607913159128],[115.30514662051013,-6.8323608721029139],[115.30514629720018,-6.8323247907579328],[115.30522752120099,-6.8323240636727389],[115.30522735954365,-6.8323060230021611],[115.30525443420758,-6.8323057806380501],[115.30525435337857,-6.83229676030306],[115.30527240315367,-6.8322965987263613],[115.30527248398303,-6.8323056190611355],[115.30529955864533,-6.8323053766945039],[115.30529947781548,-6.8322963563600521],[115.30530850270254,-6.8322962755709451],[115.30530834104283,-6.8322782349022946],[115.30531736592944,-6.8322781541132356],[115.30531720426981,-6.8322601134447671],[115.30532622915601,-6.8322600326557552],[115.30532614832617,-6.8322510123216054],[115.30531712344019,-6.8322510931105089],[115.30531704261064,-6.8322420727762809],[115.30529899283867,-6.8322422343533686],[115.30529891200959,-6.8322332140189026],[115.30533501155244,-6.8322328908644847],[115.30533509238219,-6.8322419111985191],[115.30534411726778,-6.8322418304093873],[115.30534403643787,-6.8322328100754595],[115.3053620862084,-6.8322326484969063],[115.30536192454822,-6.8322146078294699],[115.30535289966335,-6.832214688618615],[115.30535281883357,-6.8322056682847991],[115.30534379394875,-6.8322057490736707],[115.30534387477834,-6.8322147694075932],[115.30532582500804,-6.8322149309850442]],[[115.305119060878,-6.8323069924434767],[115.30513711065667,-6.8323068308716044],[115.30513719148362,-6.832315851207972],[115.30511914170459,-6.8323160127800602],[115.305119060878,-6.8323069924434767]],[[115.30510117275149,-6.8323251946882682],[115.30512824742105,-6.8323249523305725],[115.30512840907511,-6.8323429930035005],[115.30511938418503,-6.8323430737897839],[115.30511946501207,-6.8323520941263496],[115.30511044012169,-6.8323521749125717],[115.30511035929484,-6.8323431545758977],[115.30510133440455,-6.8323432353618436],[115.30510117275149,-6.8323251946882682]],[[115.3048848986501,-6.8323632148528484],[115.30486684886328,-6.8323633764165983],[115.30486676804084,-6.8323543560770226],[115.30488481782733,-6.8323541945134894],[115.3048848986501,-6.8323632148528484]],[[115.30461382853144,-6.8323295568681228],[115.30458675384318,-6.8323297991970753],[115.30458659220973,-6.8323117585112119],[115.30460464200134,-6.8323115969591761],[115.30460472281834,-6.8323206173018942],[115.30461374771416,-6.8323205365255149],[115.30461382853144,-6.8323295568681228]],[[115.30463147423599,-6.8322842936026467],[115.30462244934108,-6.8322843743789328],[115.30462253015811,-6.8322933947214475],[115.30461350526294,-6.8322934754976705],[115.30461326281269,-6.8322664144697862],[115.30463131260193,-6.832266252917818],[115.30463147423599,-6.8322842936026467]],[[115.30455927507367,-6.8322849398082131],[115.30455025017791,-6.8322850205831518],[115.30455016936233,-6.8322760002397702],[115.30455919425793,-6.8322759194649381],[115.30455927507367,-6.8322849398082131]],[[115.30439658449509,-6.832259332695739],[115.30438755959786,-6.8322594134673293],[115.30438747878563,-6.832250393122016],[115.3043965036827,-6.8322503123505332],[115.30439658449509,-6.832259332695739]],[[115.30437829226469,-6.8322324332024404],[115.30436926736773,-6.8322325139733717],[115.30436918655617,-6.8322234936278123],[115.30437821145296,-6.8322234128569885],[115.30437829226469,-6.8322324332024404]],[[115.30480399789202,-6.8324000232457021],[115.304840097471,-6.8323997001205141],[115.30484025911605,-6.8324177408002793],[115.30483123422115,-6.8324178215820437],[115.30483115339874,-6.832408801242047],[115.30480407871383,-6.8324090435860088],[115.30480399789202,-6.8324000232457021]],[[115.30488530276558,-6.8324083165495839],[115.30491237744755,-6.8324080742010844],[115.30491253909553,-6.8324261148791026],[115.30487643951803,-6.8324264380109616],[115.30487635869466,-6.8324174176715413],[115.30488538358902,-6.8324173368889358],[115.30488530276558,-6.8324083165495839]],[[115.30485830890557,-6.832417579236246],[115.30484928401087,-6.8324176600183462],[115.30484920318813,-6.8324086396785653],[115.30485822808267,-6.8324085588965717],[115.30485830890557,-6.832417579236246]],[[115.30463300978127,-6.8324556801076657],[115.3046691093726,-6.8324553569926687],[115.30466919019253,-6.8324643773345484],[115.30467821509025,-6.8324642965552709],[115.30467829591046,-6.8324733168970724],[115.30463317141991,-6.8324737207923123],[115.30463300978127,-6.8324556801076657]],[[115.30459707182551,-6.8324740439054805],[115.30457902202765,-6.8324742054610557],[115.30457894120927,-6.832465185118072],[115.3045969910068,-6.8324650235627118],[115.30459707182551,-6.8324740439054805]],[[115.3048945701308,-6.8324352967845874],[115.30490359502529,-6.8324352160014303],[115.3049036758494,-6.8324442363405362],[115.30489465095472,-6.8324443171237998],[115.3048945701308,-6.8324352967845874]],[[115.30486765709362,-6.8324535798121158],[115.30487668198877,-6.8324534990292483],[115.30487676281257,-6.8324625193686517],[115.30486773791726,-6.8324626001516267],[115.30486765709362,-6.8324535798121158]]],[[[115.30444138572744,-6.8322228474565128],[115.30444122410199,-6.8322048067671037],[115.30445927389303,-6.8322046452230278],[115.30445919308012,-6.8321956248785316],[115.3044321183939,-6.8321958671940699],[115.30443236083143,-6.8322229282285134],[115.30444138572744,-6.8322228474565128]]],[[[115.30510898525482,-6.8321898088517852],[115.3050999603674,-6.8321898896359006],[115.30510012201718,-6.8322079303096226],[115.30511817179263,-6.8322077687407905],[115.30511809096734,-6.8321987484041387],[115.30510906607984,-6.8321988291885312],[115.30510898525482,-6.8321898088517852]]],[[[115.30424299960816,-6.832242665095829],[115.30425202450684,-6.832242584327143],[115.30425186288798,-6.832224543633231],[115.30424283798968,-6.8322246244017011],[115.30424275718059,-6.8322156040546478],[115.30425178207875,-6.8322155232862842],[115.30425170126958,-6.8322065029393011],[115.30428780086045,-6.8322061798645963],[115.30428763924111,-6.8321881391715102],[115.30424251475398,-6.8321885430133937],[115.30424243394535,-6.8321795226663058],[115.30422438415005,-6.8321796842016678],[115.30422430334185,-6.8321706638543604],[115.30420625354645,-6.8321708253888342],[115.30420633435433,-6.8321798457363565],[115.30409803557083,-6.8321808149303713],[115.30409811637679,-6.8321898352791814],[115.30406201677815,-6.8321901583389044],[115.30406209758355,-6.83219917868814],[115.3040169730819,-6.8321995825095492],[115.30401705388657,-6.8322086028593194],[115.30399900408482,-6.8322087643869223],[115.30399916569378,-6.8322268050868784],[115.30404429019904,-6.8322264012655349],[115.30404437100454,-6.8322354216149686],[115.30407144570687,-6.8322351793198219],[115.30407152651298,-6.8322441996689278],[115.30408957631433,-6.8322440381377758],[115.30408965712088,-6.8322530584866623],[115.30408063222011,-6.8322531392524315],[115.30408071302659,-6.8322621596014042],[115.30406266322436,-6.8322623211326512],[115.30406250161214,-6.8322442804342529],[115.30405347671118,-6.8322443611994093],[115.30405363832304,-6.8322624018980225],[115.30403558852016,-6.8322625634282614],[115.30403550771452,-6.8322535430787497],[115.30401745791151,-6.8322537046081004],[115.30401770032779,-6.8322807656573179],[115.30402672522985,-6.8322806848924049],[115.30402664442414,-6.8322716645427768],[115.3040446942276,-6.8322715030126586],[115.30404485583979,-6.8322895437114779],[115.30407193054515,-6.8322893014143951],[115.30407201135191,-6.8322983217634761],[115.30406298645009,-6.832298402529446],[115.30406306725678,-6.8323074228786131],[115.30405404235464,-6.8323075036445227],[115.30405412316128,-6.8323165239938257],[115.30399997374525,-6.832317008586398],[115.30400005455098,-6.8323260289363281],[115.30397297984099,-6.8323262712306683],[115.30397289903574,-6.8323172508804166],[115.30395484922884,-6.832317412408921],[115.30395493003377,-6.8323264327593876],[115.30391883041804,-6.8323267558148091],[115.30391891122237,-6.832335776165702],[115.30390988631798,-6.8323358569292436],[115.30391012873116,-6.8323629179822181],[115.30390110382619,-6.8323629987459169],[115.30390102302185,-6.8323539783948233],[115.30389199811691,-6.8323540591582441],[115.30389207892105,-6.8323630795094461],[115.30388305401586,-6.8323631602728065],[115.30388329642849,-6.8323902213267118],[115.3038923213342,-6.8323901405630272],[115.30389264455327,-6.8324262219677578],[115.30386556983379,-6.8324264642595978],[115.30386597385754,-6.8324715660169737],[115.30389304857957,-6.8324713237235208],[115.30389312938514,-6.8324803440746829],[115.30388410447775,-6.8324804248394431],[115.30388418528328,-6.832489445190693],[115.30386613546781,-6.8324896067199239],[115.30386621627311,-6.8324986270713843],[115.30388426608891,-6.8324984655419385],[115.30388434689466,-6.8325074858931787],[115.30387532198667,-6.8325075666580934],[115.30387540279234,-6.8325165870094207],[115.30391150242438,-6.8325162639483228],[115.30391126000563,-6.8324892028955855],[115.30395638454074,-6.8324887990670433],[115.30395630373386,-6.8324797787166531],[115.30393825392048,-6.8324799402483611],[115.30393809230773,-6.8324618995471393],[115.30396516702663,-6.832461657249973],[115.30396524783343,-6.8324706776002477],[115.30397427273971,-6.8324705968340815],[115.30397435354678,-6.8324796171842763],[115.3039924033593,-6.8324794556512263],[115.30399232255186,-6.8324704353012455],[115.30400134745776,-6.8324703545345766],[115.30400126665027,-6.8324613341847344],[115.30401029155591,-6.8324612534180034],[115.30400996832637,-6.8324251720189704],[115.30402801813595,-6.8324250104858679],[115.30402785652116,-6.8324069697867298],[115.30405493123374,-6.8324067274864584],[115.304054850426,-6.8323977071372148],[115.30406387532983,-6.8323976263702306],[115.30406379452204,-6.8323886060210883],[115.30407281942556,-6.8323885252540428],[115.30407265780995,-6.8323704845559643],[115.30408168271305,-6.8323704037889659],[115.30408160190525,-6.8323613834400261],[115.30409965171074,-6.8323612219057397],[115.30409932847927,-6.8323251405108039],[115.30413542808627,-6.8323248174419353],[115.30413526646984,-6.832306776745285],[115.30411721666722,-6.8323069382796255],[115.30411713585953,-6.8322979179311041],[115.30409908605681,-6.8322980794645574],[115.30409900524953,-6.8322890591157996],[115.30410803015077,-6.8322889783492649],[115.30410794934348,-6.8322799580006111],[115.30409892444236,-6.8322800387670384],[115.30409868202155,-6.8322529777207262],[115.3041167318226,-6.8322528161883502],[115.30411665101555,-6.8322437958397852],[115.30409860121483,-6.8322439573719471],[115.30409843960172,-6.8322259166743757],[115.30411648940174,-6.8322257551426446],[115.30411665101555,-6.8322437958397852],[115.30413470081579,-6.832243634306951],[115.30413462000851,-6.8322346139585983],[115.30416169470756,-6.8322343716584104],[115.30416185632325,-6.8322524123544657],[115.30417088122306,-6.8322523315871848],[115.30417096203124,-6.8322613519350828],[115.30417998693112,-6.8322612711675248],[115.30417982531453,-6.8322432304719261],[115.30418885021395,-6.832243149704416],[115.30418868859746,-6.8322251090089976],[115.30419771349644,-6.8322250282415338],[115.30419755188007,-6.8322069875463134],[115.30423365147352,-6.8322066644756436],[115.30423389390026,-6.8322337255171774],[115.30424291879888,-6.8322336447487677],[115.30424299960816,-6.832242665095829]],[[115.30418852698142,-6.8322070683135605],[115.30417950208268,-6.8322071490806398],[115.30417942127499,-6.8321981287328075],[115.30418844617355,-6.8321980479658357],[115.30418852698142,-6.8322070683135605]],[[115.30408103625368,-6.8322982409973374],[115.30409006115529,-6.8322981602310318],[115.30409014196249,-6.8323071805798756],[115.3040811170607,-6.8323072613462896],[115.30408103625368,-6.8322982409973374]]],[[[115.30506337587383,-6.8321360907468831],[115.30506329505043,-6.832127070409566],[115.30505427016362,-6.8321271511920889],[115.30505435098686,-6.8321361715295126],[115.30506337587383,-6.8321360907468831]]],[[[115.30546030913108,-6.8321144954795896],[115.30546022830049,-6.8321054751470012],[115.30545120341884,-6.832105555936705],[115.30545128424926,-6.8321145762693991],[115.30546030913108,-6.8321144954795896]]]]},"properties":{"FID":0,"Shape_Leng":18102566.929299999,"Shape_Area":236516885.403}}]
}