{
  "type" : "FeatureCollection",
  "features" : [{"type":"Feature","id":0,"geometry":{"type":"MultiPolygon","coordinates":[[[[115.45568521844,-6.8563249608866847],[115.45568513449533,-6.8563159423866162],[115.45567611098343,-6.8563160262844969],[115.45567619492792,-6.8563250447846782],[115.45568521844,-6.8563249608866847]]],[[[115.45640340498804,-6.8559214348859916],[115.45639438149243,-6.8559215187925675],[115.4563946333521,-6.8559485742669484],[115.4564036568482,-6.8559484903600394],[115.4564035728947,-6.8559394718686999],[115.45641259639055,-6.8559393879617323],[115.45641251243698,-6.8559303694705012],[115.45640348894132,-6.8559304533773568],[115.45640340498804,-6.8559214348859916]]],[[[115.45571711535959,-6.8558737003064447],[115.45569906835308,-6.8558738680924733],[115.45569932017176,-6.8559009235926469],[115.45573541418628,-6.8559005880185788],[115.45573533024594,-6.8558915695189722],[115.45572630674266,-6.8558916534126304],[115.4557262228026,-6.8558826349128896],[115.45571719929936,-6.8558827188062681],[115.45571711535959,-6.8558737003064447]]],[[[115.45563514838757,-6.8557932888304878],[115.45563506445042,-6.8557842703296012],[115.45562604094791,-6.8557843542200692],[115.45562612488489,-6.8557933727210658],[115.45563514838757,-6.8557932888304878]]],[[[115.4558604001532,-6.8557551175188021],[115.45586031621231,-6.855746099020684],[115.45585129271329,-6.8557461829149196],[115.45585137665402,-6.8557552014131495],[115.4558604001532,-6.8557551175188021]]],[[[115.45558961119269,-6.8557486157744396],[115.45558952725696,-6.8557395972729749],[115.45555343324733,-6.8557399328282358],[115.45555351718241,-6.8557489513301464],[115.45558961119269,-6.8557486157744396]]],[[[115.45524655016327,-6.8557337664333833],[115.45524663409248,-6.8557427849390846],[115.4552556575989,-6.8557427010562524],[115.45525557366953,-6.855733682550663],[115.45524655016327,-6.8557337664333833]]],[[[115.4555622888798,-6.8557218119360464],[115.4555623728148,-6.8557308304378708],[115.4555713963171,-6.8557307465492512],[115.45557131238193,-6.8557217280475387],[115.4555622888798,-6.8557218119360464]]],[[[115.45530946291417,-6.855706123736006],[115.4553004394091,-6.855706207619404],[115.45530052333898,-6.8557152261244507],[115.45529149983363,-6.8557153100077919],[115.45529166769339,-6.8557333470180932],[115.4553006911991,-6.85573326313453],[115.45530085905963,-6.8557513001445916],[115.45531890607133,-6.855751132376513],[115.45531882214067,-6.8557421138717078],[115.4553278456462,-6.8557420299875274],[115.45532776171545,-6.8557330114828279],[115.4553187382101,-6.8557330953668982],[115.45531857034933,-6.855715058357263],[115.45530954684423,-6.8557151422409417],[115.45530946291417,-6.855706123736006]]],[[[115.45524655016327,-6.8557337664333833],[115.45524638230519,-6.8557157294219682],[115.45523735879918,-6.8557158133042977],[115.45523727487047,-6.855706794798472],[115.4552282513645,-6.8557068786805235],[115.4552281674361,-6.8556978601745815],[115.45520109691799,-6.8556981118193852],[115.4552011808459,-6.8557071303256603],[115.45519215733948,-6.8557072142070359],[115.45519232519531,-6.8557252512197797],[115.45520134870208,-6.8557251673381812],[115.45520143263032,-6.8557341858444616],[115.45522850315045,-6.8557339341983194],[115.4552285870793,-6.8557429527042437],[115.45523761058593,-6.855742868821749],[115.45523752665692,-6.8557338503159357],[115.45524655016327,-6.8557337664333833]]],[[[115.45596809453652,-6.8556909812959219],[115.45597711803305,-6.855690897400164],[115.45597695014855,-6.855672860406739],[115.45595890315604,-6.8556730281976419],[115.4559589870979,-6.8556820466945876],[115.4559680105944,-6.8556819627991086],[115.45596809453652,-6.8556909812959219]]],[[[115.45527303317685,-6.8556703852470227],[115.45527311710579,-6.8556794037524034],[115.45528214061071,-6.8556793198698456],[115.45528205668163,-6.8556703013645759],[115.45527303317685,-6.8556703852470227]]],[[[115.45527303317685,-6.8556703852470227],[115.45527294924807,-6.8556613667416197],[115.45526392574338,-6.8556614506237894],[115.45526400967204,-6.8556704691293016],[115.45527303317685,-6.8556703852470227]]],[[[115.45557072483895,-6.8556585985355571],[115.45557080877333,-6.8556676170372848],[115.45559787927601,-6.855667365372752],[115.45559771140638,-6.855649328369962],[115.45558868790592,-6.8556494122580842],[115.45558877184052,-6.8556584307595951],[115.45557072483895,-6.8556585985355571]]],[[[115.45538131522619,-6.8556693786465353],[115.45539033872959,-6.8556692947620652],[115.45539025479859,-6.8556602762581109],[115.45539927830166,-6.855660192373584],[115.45539911043966,-6.8556421553658842],[115.45540813394231,-6.8556420714814124],[115.45540796608043,-6.8556240344739177],[115.45538089557317,-6.8556242861261616],[115.45538114736463,-6.8556513416383993],[115.45537212386149,-6.8556514255224767],[115.45537220779207,-6.8556604440266584],[115.45534513728143,-6.8556606956782158],[115.45534522121159,-6.855669714182727],[115.45533619770762,-6.855669798066355],[115.45533628163771,-6.8556788165709559],[115.45534530514183,-6.8556787326872177],[115.45534538907222,-6.8556877511917369],[115.45538148308819,-6.8556874156546534],[115.45538131522619,-6.8556693786465353]]],[[[115.45492044502947,-6.8556015084529145],[115.45492036110815,-6.8555924899431337],[115.45491133760044,-6.8555925738178374],[115.45491142152159,-6.8556015923277291],[115.45492044502947,-6.8556015084529145]]],[[[115.45580474825579,-6.8555932879035106],[115.45580466431792,-6.8555842694046438],[115.45579564082126,-6.8555843532958631],[115.45579572475893,-6.8555933717948419],[115.45580474825579,-6.8555932879035106]]],[[[115.45556996943472,-6.8555774320198148],[115.45556988550149,-6.8555684135180437],[115.45556086200222,-6.8555684974046587],[115.4555609459353,-6.8555775159065409],[115.45556996943472,-6.8555774320198148]]],[[[115.45561491906211,-6.8555589755812214],[115.45560589556358,-6.8555590594685683],[115.45560614736533,-6.855586114972545],[115.45562419436328,-6.8555859471970155],[115.45562402649468,-6.8555679101948135],[115.45561500299608,-6.8555679940824401],[115.45561491906211,-6.8555589755812214]]],[[[115.45575027152643,-6.855557717250802],[115.45575929502319,-6.8555576333607595],[115.45575921108662,-6.8555486148613181],[115.45573214059661,-6.8555488665306079],[115.45573222453267,-6.8555578850303833],[115.45574124802963,-6.8555578011406775],[115.45574133196594,-6.8555668196403374],[115.45575035546294,-6.8555667357503509],[115.45575027152643,-6.855557717250802]]],[[[115.45561483512824,-6.8555499570799983],[115.4556147511945,-6.8555409385787707],[115.45560572769632,-6.8555410224658946],[115.45560581162991,-6.8555500409672341],[115.45561483512824,-6.8555499570799983]]],[[[115.45435972867449,-6.8554714306220133],[115.45435070516211,-6.8554715144847078],[115.45435095688981,-6.8554985700352651],[115.45436900391549,-6.8554984023090375],[115.45436892000578,-6.8554893837924125],[115.45437794351828,-6.8554892999291566],[115.45437785960856,-6.855480281412655],[115.45435981258379,-6.8554804491387742],[115.45435972867449,-6.8554714306220133]]],[[[115.45443191676948,-6.8554707597143807],[115.4544138697464,-6.8554709274422985],[115.45441412147767,-6.8554979829905189],[115.45442314498976,-6.8554978991263082],[115.45442322890058,-6.8555069176422627],[115.45445932294849,-6.8555065821832946],[115.45445940686008,-6.8555156006987978],[115.45446843037197,-6.8555155168335231],[115.45446826254856,-6.8554974798027342],[115.45445021552536,-6.8554976475326699],[115.45445013161415,-6.8554886290170476],[115.4544411081026,-6.85548871288165],[115.45444102419168,-6.8554796943659273],[115.45443200068011,-6.8554797782302517],[115.45443191676948,-6.8554707597143807]]],[[[115.45548758290197,-6.8554519279550563],[115.45548749897183,-6.8554429094522211],[115.4554784754739,-6.8554429933357603],[115.45547855940387,-6.8554520118387066],[115.45548758290197,-6.8554519279550563]]],[[[115.4542140938775,-6.8553374946264842],[115.4542140099727,-6.8553284761078856],[115.45419596294961,-6.8553286438241514],[115.45419604685407,-6.855337662342972],[115.4542140938775,-6.8553374946264842]]],[[[115.4542945503247,-6.8552555732354206],[115.45429446641944,-6.8552465547177848],[115.45428544291048,-6.8552466385765163],[115.4542855268156,-6.8552556570942622],[115.4542945503247,-6.8552555732354206]]],[[[115.45427650330635,-6.8552557409529378],[115.45427633549656,-6.8552377039172185],[115.45426731198755,-6.8552377877755015],[115.454267479797,-6.8552558248114455],[115.45427650330635,-6.8552557409529378]]],[[[115.45430340602296,-6.8552374523413544],[115.4543031543076,-6.8552103967887446],[115.45428510729114,-6.8552105645054855],[115.45428535900548,-6.855237620058765],[115.45430340602296,-6.8552374523413544]]],[[[115.45426706027423,-6.855210732221555],[115.45426697637002,-6.8552017137035639],[115.45425795286157,-6.8552017975612349],[115.45425803676562,-6.8552108160793361],[115.45426706027423,-6.855210732221555]]],[[[115.45430281868872,-6.8551743227185344],[115.45429379518121,-6.8551744065765456],[115.4542940468947,-6.8552014621295418],[115.4543120939106,-6.8552012944126854],[115.45431217781565,-6.8552103129301205],[115.45433022483144,-6.8552101452123662],[115.45433014092605,-6.855201126695154],[115.45433916443358,-6.8552010428361356],[115.45433899662278,-6.8551830058019219],[115.45432997311561,-6.8551830896607182],[115.45433005702074,-6.8551921081779383],[115.45432103351325,-6.855192192036677],[115.45432094960826,-6.8551831735193449],[115.45430290259328,-6.855183341236093],[115.45430281868872,-6.8551743227185344]]],[[[115.45416738216251,-6.8551665620517586],[115.45416721435903,-6.855148525013278],[115.45415819085032,-6.8551486088684266],[115.45415835865346,-6.8551666459071319],[115.45416738216251,-6.8551665620517586]]],[[[115.45421241580328,-6.8551571242536768],[115.45421233190076,-6.8551481057350081],[115.45420330839264,-6.8551481895910005],[115.45420339229499,-6.8551572081097802],[115.45421241580328,-6.8551571242536768]]],[[[115.45427516084075,-6.8551114446666679],[115.45427507693759,-6.8551024261487568],[115.45426605343113,-6.85510251000537],[115.4542661373341,-6.8551115285233939],[115.45427516084075,-6.8551114446666679]]],[[[115.45419352976981,-6.8550671067764686],[115.45417548275603,-6.8550672744856023],[115.45417556665687,-6.855076293004756],[115.45413044911963,-6.8550767122752019],[115.45413036521963,-6.8550676937554913],[115.45411231820425,-6.8550678614622669],[115.45411273770367,-6.8551129540619389],[115.45412176121225,-6.8551128702080781],[115.45412184511264,-6.8551218887279113],[115.45415793914647,-6.8551215533103402],[115.45415785524543,-6.8551125347909521],[115.45418492576914,-6.8551122832263367],[115.45418484186769,-6.8551032647073127],[115.45419386537517,-6.8551031808522147],[115.45419394927679,-6.8551121993711277],[115.45420297278434,-6.8551121155157526],[115.45420305668624,-6.855121134034583],[115.45421208019387,-6.8551210501789264],[115.45421182848798,-6.8550939946228029],[115.45420280498088,-6.8550940784781265],[115.45420263717786,-6.8550760414404666],[115.45419361367098,-6.8550761252953984],[115.45419352976981,-6.8550671067764686]]],[[[115.45432896626239,-6.8550748674537276],[115.45432888235869,-6.8550658489364666],[115.45431985885355,-6.8550659327936465],[115.45431994275707,-6.8550749513110194],[115.45432896626239,-6.8550748674537276]]],[[[115.45277675393932,-6.8550712513566561],[115.45274968336575,-6.8550715028403983],[115.45274976723984,-6.8550805213771788],[115.45275879076465,-6.8550804375493213],[115.45275895851348,-6.8550984746225954],[115.45274993498835,-6.855098558450675],[115.45275001886274,-6.8551075769874252],[115.45275904238808,-6.8551074931592346],[115.45275921013759,-6.8551255302324821],[115.45276823366311,-6.8551254464039006],[115.45276814978811,-6.8551164278673991],[115.45277717331336,-6.855116344038759],[115.45277708943834,-6.855107325502348],[115.4527861129633,-6.8551072416736503],[115.4527860290882,-6.8550982231373458],[115.45277700556341,-6.8550983069659308],[115.45277675393932,-6.8550712513566561]]],[[[115.45425652651009,-6.8550484827528191],[115.45423847949857,-6.8550486504638677],[115.45423864730228,-6.8550666875006803],[115.45424767080841,-6.8550666036450165],[115.45424775471058,-6.8550756221632794],[115.45426580172288,-6.8550754544512245],[115.45426571782036,-6.8550664359331845],[115.45425669431445,-6.8550665197891858],[115.45425652651009,-6.8550484827528191]]],[[[115.45418215708084,-6.8548146720956575],[115.45418198928552,-6.8547966350572791],[115.4541729657836,-6.854796718908422],[115.45417313357859,-6.8548147559470234],[115.45418215708084,-6.8548146720956575]]],[[[115.4543261975,-6.8547772563812375],[115.45432611360002,-6.854768237863814],[115.45431709010045,-6.8547683217173194],[115.45431717400025,-6.854777340234854],[115.4543261975,-6.8547772563812375]]],[[[115.45426269740499,-6.8547417692801638],[115.45426261350663,-6.8547327507619604],[115.45425359000696,-6.8547328346138405],[115.45425367390513,-6.8547418531321549],[115.45426269740499,-6.8547417692801638]]],[[[115.45436178809565,-6.8547228098631523],[115.45436170419568,-6.8547137913461489],[115.45435268069758,-6.8547138751996597],[115.45435276459737,-6.854722893716775],[115.45436178809565,-6.8547228098631523]]],[[[115.45433463370102,-6.8547140429061777],[115.45433446590243,-6.8546960058714719],[115.4543164189061,-6.8546961735768699],[115.45431650280501,-6.8547051920944559],[115.45430747930651,-6.8547052759470155],[115.45430756320535,-6.8547142944646904],[115.45433463370102,-6.8547140429061777]]],[[[115.45359420314175,-6.854666807134139],[115.45359411925689,-6.8546577886076578],[115.45358509575037,-6.8546578724460669],[115.45358517963506,-6.8546668909726591],[115.45359420314175,-6.854666807134139]]],[[[115.45386474051054,-6.8546462548538605],[115.45385571700756,-6.8546463386972132],[115.45385580089717,-6.854655357220504],[115.45386482440031,-6.8546552733770412],[115.45386474051054,-6.8546462548538605]]],[[[115.45386474051054,-6.8546462548538605],[115.45387376401337,-6.854646171010339],[115.45387368012354,-6.8546371524872844],[115.45386465662087,-6.8546372363306931],[115.45386474051054,-6.8546462548538605]]],[[[115.45363012939652,-6.854648434726264],[115.45362987774095,-6.8546213791480675],[115.45362085423554,-6.8546214629867039],[115.45362093812044,-6.8546304815128849],[115.45361191461475,-6.8546305653514663],[115.45361208238455,-6.8546486024040387],[115.45363012939652,-6.854648434726264]]],[[[115.45376497864639,-6.854593065975056],[115.45372888463287,-6.8545934013373691],[115.45372896851946,-6.8546024198622293],[115.45369287450347,-6.8546027552222908],[115.45369279061757,-6.8545937366969873],[115.45368376711346,-6.8545938205364703],[115.45368385099918,-6.8546028390618856],[115.45367482749482,-6.8546029229013108],[115.4536749113805,-6.8546119414268336],[115.45366588787581,-6.8546120252662028],[115.45366597176144,-6.8546210437918322],[115.45365694825649,-6.8546211276311437],[115.45365711602776,-6.8546391646826113],[115.45366613953303,-6.8546390808430777],[115.45366639119126,-6.8546661364199126],[115.45367541469697,-6.8546660525798764],[115.45367533081061,-6.8546570340543989],[115.45371142483154,-6.8546566986930104],[115.45371134094461,-6.8546476801679388],[115.4537654819716,-6.8546471771214721],[115.45376539808379,-6.8546381585970799],[115.45377442158772,-6.854638074755524],[115.45377450547571,-6.8546470932798051],[115.45380157598734,-6.85464684175379],[115.45380140821047,-6.854628804705893],[115.45379238470704,-6.8546288885478441],[115.45379230081895,-6.8546198700237779],[115.45376523030849,-6.854620121548284],[115.45376497864639,-6.854593065975056]]],[[[115.45299814821654,-6.8546182289118667],[115.45299789659776,-6.8545911733102409],[115.45298887308513,-6.8545912571366365],[115.45298912470342,-6.854618312738598],[115.45299814821654,-6.8546182289118667]]],[[[115.45301602749585,-6.8546000241905993],[115.45301594362272,-6.8545910056569417],[115.45300692011031,-6.8545910894836757],[115.4530070039833,-6.8546001080174435],[115.45301602749585,-6.8546000241905993]]],[[[115.45353855220814,-6.8545049766730708],[115.45353846832636,-6.854495958145808],[115.45352944482215,-6.8544960419812027],[115.45352952870378,-6.8545050605085756],[115.45353855220814,-6.8545049766730708]]],[[[115.45347521991422,-6.8544875264620142],[115.45347505215356,-6.854469489405945],[115.45346602864912,-6.8544695732398244],[115.45346619640944,-6.8544876102961183],[115.45347521991422,-6.8544875264620142]]],[[[115.45382705262624,-6.8544752382768728],[115.45382696873938,-6.8544662197531769],[115.45381794523932,-6.8544663035936289],[115.45381802912601,-6.8544753221174357],[115.45382705262624,-6.8544752382768728]]],[[[115.4534477300012,-6.8544426853219385],[115.45344781388064,-6.8544517038503407],[115.45345683738498,-6.85445162001702],[115.45345675350538,-6.8544426014887287],[115.4534477300012,-6.8544426853219385]]],[[[115.4534477300012,-6.8544426853219385],[115.45344764612189,-6.8544336667935495],[115.45343862261775,-6.8544337506264794],[115.4534387064969,-6.8544427691549794],[115.4534477300012,-6.8544426853219385]]],[[[115.45381760969373,-6.8544302294983561],[115.45381752580759,-6.8544212109745262],[115.45380850230829,-6.8544212948142533],[115.45380858619423,-6.8544303133381934],[115.45381760969373,-6.8544302294983561]]],[[[115.45343862261775,-6.8544337506264794],[115.45343845485978,-6.8544157135694652],[115.45342943135587,-6.8544157974020035],[115.45342959911352,-6.8544338344592397],[115.45343862261775,-6.8544337506264794]]],[[[115.45376330092496,-6.8544126954858582],[115.45373623042511,-6.8544129470011663],[115.45373614654073,-6.8544039284763265],[115.45371809954064,-6.854404096152134],[115.45371835119309,-6.854431151727308],[115.45372737469371,-6.8544310678891547],[115.45372754246291,-6.8544491049390439],[115.45371851896196,-6.8544491887774193],[115.45371843507748,-6.8544401702523574],[115.45370038807555,-6.8544403379283807],[115.45370063972837,-6.8544673935041702],[115.45368259272496,-6.8544675611801891],[115.45368276049339,-6.8544855982311388],[115.45369178399547,-6.8544855143929917],[115.45369186788002,-6.8544945329183324],[115.45370089138217,-6.8544944490799056],[115.45370097526701,-6.8545034676051628],[115.45370999876921,-6.8545033837664562],[115.45370983099933,-6.8544853467161921],[115.4537278780027,-6.8544851790387185],[115.45372779411758,-6.8544761605138023],[115.45373681761892,-6.8544760766749233],[115.45373690150421,-6.8544850951997276],[115.45374592500562,-6.8544850113605698],[115.4537460088912,-6.8544940298852417],[115.45376405589401,-6.8544938622061977],[115.4537639720081,-6.8544848436817487],[115.45375494850693,-6.8544849275212441],[115.45375461296513,-6.8544488534229053],[115.4537455894645,-6.8544489372617869],[115.45374550557952,-6.8544399187370582],[115.45375452907996,-6.8544398348982893],[115.45375444519489,-6.854430816373684],[115.45376346869507,-6.8544307325348566],[115.45376330092496,-6.8544126954858582]]],[[[115.45376330092496,-6.8544126954858582],[115.45378134792429,-6.8544125278081438],[115.45378126403907,-6.8544035092838609],[115.45376321704009,-6.8544036769613523],[115.45376330092496,-6.8544126954858582]]],[[[115.45169641343779,-6.8543777788272697],[115.45169607805606,-6.8543417046271609],[115.45167803100793,-6.8543418722248006],[115.45167836638831,-6.8543779464257986],[115.45169641343779,-6.8543777788272697]]],[[[115.45349142157355,-6.8542889511804379],[115.45346435107062,-6.8542892026759041],[115.45346443494846,-6.854298221204159],[115.45348248195084,-6.8542980535404601],[115.45348256582915,-6.8543070720684707],[115.45349158933035,-6.8543069882362557],[115.45349142157355,-6.8542889511804379]]],[[[115.45594110798797,-6.8557002514793295],[115.45593208449081,-6.8557003353745243],[115.45593200054925,-6.8556913168772704],[115.45592297705215,-6.8556914007721863],[115.45592306099356,-6.8557004192695521],[115.45591403749616,-6.8557005031644103],[115.45591428932052,-6.8557275586568158],[115.45590526582255,-6.8557276425518401],[115.45590534976405,-6.855736661049411],[115.45589632626577,-6.8557367449443776],[115.45589641020723,-6.855745763442056],[115.45590543370568,-6.8557456795469776],[115.45590560158928,-6.8557637165420973],[115.45592364858652,-6.85576354875099],[115.45592381647124,-6.8557815857456461],[115.45591479297232,-6.855781669641507],[115.45591487691469,-6.8557906881389412],[115.45594194741155,-6.8557904364505191],[115.45594203135452,-6.8557994549476131],[115.45593300785553,-6.8557995388440345],[115.45593309179843,-6.8558085573412351],[115.45592406829917,-6.8558086412375987],[115.455924236185,-6.8558266782322113],[115.45594228318413,-6.8558265104388703],[115.45594236712756,-6.8558355289359652],[115.45587920262741,-6.8558361162104893],[115.45587953839755,-6.8558721902018549],[115.4558705148964,-6.8558722740979867],[115.45587093461077,-6.8559173665876738],[115.45588898161463,-6.8559171987941276],[115.4558888976712,-6.8559081802964217],[115.45591596817565,-6.8559079286051725],[115.45591588423183,-6.855898910107797],[115.45592490773294,-6.8558988262104874],[115.45592482378903,-6.8558898077132193],[115.45593384728984,-6.855889723815852],[115.45593376334591,-6.8558807053186737],[115.45597888084741,-6.8558802858298726],[115.45597879690273,-6.8558712673332796],[115.45598782040253,-6.8558711834351254],[115.45598790434737,-6.8558802019316065],[115.45601497484658,-6.8558799502357974],[115.45601489090123,-6.8558709317396502],[115.45602391440056,-6.8558708478408219],[115.45602383045517,-6.8558618293447644],[115.45603285395423,-6.8558617454458783],[115.45603277000875,-6.8558527269499283],[115.45604179350754,-6.8558526430509854],[115.45604187745317,-6.8558616615468235],[115.45605992445071,-6.8558614937482103],[115.45605984050476,-6.8558524752525951],[115.45606886400319,-6.8558523913531468],[115.45606869611127,-6.8558343543621403],[115.4561228370975,-6.855833850963247],[115.45612275315069,-6.8558248324683797],[115.45613177664785,-6.8558247485680859],[115.45613186059482,-6.8558337670628404],[115.45614088409201,-6.8558336831622677],[115.45614080014487,-6.8558246646676233],[115.45621298811702,-6.8558239934578538],[115.4562131560141,-6.8558420304453218],[115.45622217951048,-6.8558419465431175],[115.45622226345935,-6.8558509650367334],[115.45623128695576,-6.8558508811342529],[115.45623153880356,-6.8558779366147213],[115.45624056230038,-6.8558778527117363],[115.45624064625005,-6.8558868712051266],[115.4562496697469,-6.8558867873018619],[115.45624975369685,-6.8558958057951207],[115.45625877719375,-6.8558957218915761],[115.4562593648478,-6.8559588513434884],[115.45626838834579,-6.8559587674389952],[115.456268472297,-6.8559677859319956],[115.45631358978598,-6.8559673664064462],[115.45631375769041,-6.8559854033913208],[115.45632278118822,-6.855985319485483],[115.45632236142717,-6.8559402270238179],[115.456331384924,-6.8559401431183682],[115.45633130097195,-6.8559311246261334],[115.45634032446853,-6.8559310407206269],[115.45634015656445,-6.8559130037363669],[115.45633113306823,-6.8559130876416514],[115.45633104911653,-6.8559040691494033],[115.45631300212406,-6.8559042369592431],[115.45631283422169,-6.8558861999742895],[115.45638502218613,-6.8558855287326645],[115.4563851061386,-6.8558945472242518],[115.45642120011875,-6.8558942115989501],[115.4564211161656,-6.8558851931078069],[115.45643916315466,-6.8558850252943673],[115.45643907920126,-6.8558760068034248],[115.45642103221255,-6.8558761746166432],[115.45642086430679,-6.8558581376343515],[115.45645695828244,-6.8558578020081349],[115.45645704223597,-6.8558668204988455],[115.45648411271701,-6.8558665687770786],[115.45648419667113,-6.855875587267434],[115.45649322016476,-6.8558755033597301],[115.45649330411914,-6.855884521850002],[115.45650232761284,-6.8558844379420192],[115.45650241156751,-6.8558934564321588],[115.45652948204838,-6.8558932047068613],[115.45652956600368,-6.8559022231966624],[115.45653858949726,-6.8559021392877817],[115.45653867345283,-6.8559111577774683],[115.45654769694647,-6.8559110738683078],[115.45654778090233,-6.8559200923578603],[115.45656582788955,-6.8559199245388101],[115.45656599580231,-6.8559379615175082],[115.45659306628335,-6.8559377097870007],[115.45659315024041,-6.8559467282760007],[115.456602173734,-6.8559466443653827],[115.45660225769133,-6.8559556628542664],[115.456611281185,-6.8559555789433695],[115.45661119722752,-6.8559465604545968],[115.45664729120043,-6.8559462248097658],[115.45664737515858,-6.8559552432980935],[115.45665639865169,-6.8559551593863537],[115.45665648261014,-6.855964177874565],[115.45666550610333,-6.8559640939625446],[115.4566652542278,-6.855937038498233],[115.45667427772035,-6.8559369545863778],[115.45667436167891,-6.8559459730743741],[115.45668338517152,-6.85594588916224],[115.45668346913034,-6.8559549076501218],[115.45671956310031,-6.8559545719994519],[115.45671947914082,-6.8559455535120151],[115.45672850263283,-6.8559454695990389],[115.4567285865925,-6.855954488086363],[115.45676468056023,-6.8559541524323233],[115.45676476452068,-6.8559631709191979],[115.45680085848727,-6.855962835262015],[115.45680077452612,-6.8559538167755871],[115.45681288592853,-6.8559537041446896],[115.45697956600009,-6.8557129469999811],[115.45727539100017,-6.8552856449999764],[115.45727637601681,-6.8552819682976454],[115.45711038340272,-6.8552835119447018],[115.45711029944417,-6.8552744934618426],[115.45700201774034,-6.8552755003944803],[115.4570019337839,-6.8552664819102782],[115.45692072249683,-6.8552672370928311],[115.45692080645175,-6.8552762555780342],[115.45689373602016,-6.8552765073028521],[115.4568938199747,-6.8552855257883865],[115.45683065562923,-6.8552861131411769],[115.4568307395827,-6.8552951316274671],[115.45682171610417,-6.8552952155344462],[115.45682180005755,-6.8553042340208794],[115.45680375309981,-6.8553044018345535],[115.45680383705299,-6.8553134203211883],[115.45678579009441,-6.8553135881344138],[115.45678587404737,-6.8553226066212645],[115.45676782708802,-6.855322774434037],[115.45676791104074,-6.8553317929211088],[115.45675888756075,-6.8553318768273526],[115.45675897151342,-6.8553408953145141],[115.45674994803313,-6.8553409792207036],[115.45675003198576,-6.8553499977080037],[115.45673198502449,-6.8553501655200959],[115.45673206897689,-6.8553591840076002],[115.45672304549591,-6.8553592679135047],[115.45672312944824,-6.8553682864011156],[115.456714105967,-6.8553683703069632],[115.45671418991927,-6.8553773887946807],[115.45670516643776,-6.8553774727004715],[115.45670525038997,-6.8553864911882956],[115.45668720342624,-6.8553866589995938],[115.45668728737823,-6.8553956774876363],[115.45664216996606,-6.8553960970134913],[115.45664225391734,-6.8554051155020863],[115.45659713650151,-6.8554055350242828],[115.45659722045205,-6.855414553513449],[115.4565701500007,-6.8554148052250783],[115.45657006605067,-6.8554057867355782],[115.45656104256679,-6.8554058706390082],[115.45656095861705,-6.8553968521494095],[115.45654291164936,-6.8553970199555367],[115.45654282770008,-6.8553880014657125],[115.45653380421622,-6.8553880853684115],[115.45653372026719,-6.8553790668784709],[115.45652469678342,-6.855379150780891],[115.45652461283468,-6.8553701322908331],[115.45650656586709,-6.8553703000949451],[115.45650648191881,-6.8553612816046616],[115.4564884349511,-6.8553614494078765],[115.45648835100326,-6.8553524309173639],[115.4564522570672,-6.8553527665213263],[115.45645217312014,-6.8553437480303474],[115.45644314963599,-6.8553438319308055],[115.45644306568921,-6.8553348134397458],[115.45643404220516,-6.8553348973399233],[115.45643395825867,-6.8553258788487303],[115.45641591129051,-6.855326046648357],[115.45641582734447,-6.8553170281569376],[115.45640680386039,-6.8553171120563867],[115.45640671991464,-6.8553080935648509],[115.45637964946222,-6.8553083452618537],[115.4563795655171,-6.8552993267699627],[115.45636151854858,-6.855299494566899],[115.45636143460389,-6.8552904760748143],[115.45634338763527,-6.8552906438708536],[115.45634330369104,-6.8552816253785247],[115.45631623323776,-6.8552818770709862],[115.4563163171815,-6.85529089556365],[115.45629827021175,-6.8552910633580035],[115.45629818626836,-6.8552820448651177],[115.45626209232819,-6.8552823804513592],[115.45626200838559,-6.8552733619580231],[115.45620786747291,-6.8552738653316601],[115.45620795141451,-6.855282883825665],[115.45618990444238,-6.8552830516157517],[115.45618998838374,-6.8552920701099742],[115.45618096489734,-6.8552921540048759],[115.45618104883867,-6.855301172499189],[115.45617202535199,-6.8553012563940339],[115.45617210929325,-6.8553102748884882],[115.45612699185729,-6.8553106943607416],[115.45612707579782,-6.8553197128557297],[115.45608195835818,-6.8553201323243282],[115.45608187441852,-6.8553111138287823],[115.45607285093041,-6.8553111977218846],[115.4560726830517,-6.8552931607305565],[115.45606365956385,-6.8552932446232688],[115.45606349168594,-6.8552752076317018],[115.45604544471053,-6.8552753754161726],[115.45604536077209,-6.8552663569201586],[115.45603633728437,-6.8552664408120298],[115.45603625334624,-6.8552574223159182],[115.45599113590684,-6.8552578417721906],[115.45599121984418,-6.85526686026886],[115.45597317286729,-6.8552670280504122],[115.4559732568044,-6.8552760465473179],[115.45596423331561,-6.8552761304379519],[115.45596440118982,-6.8552941674319703],[115.45593733072177,-6.8552944191035312],[115.45593741465854,-6.8553034376008517],[115.45592839116881,-6.8553035214911464],[115.45592855904233,-6.8553215584860467],[115.45591953555217,-6.8553216423763947],[115.45591970342579,-6.8553396793714834],[115.45591067993514,-6.8553397632618873],[115.45591042812536,-6.8553127077689133],[115.45588335765429,-6.8553129594381099],[115.45588327371843,-6.8553039409400931],[115.45587425022804,-6.8553040248293762],[115.45587408235698,-6.8552859878331551],[115.45588310584705,-6.8552859039440959],[115.45588302191153,-6.8552768854460817],[115.45587399842162,-6.8552769693350299],[115.45587374661623,-6.8552499138406295],[115.45586472312671,-6.855249997729076],[115.45586455525734,-6.8552319607325627],[115.45585553176807,-6.8552320446206183],[115.45585544783374,-6.8552230261222435],[115.4558464243445,-6.8552231100100194],[115.45584634041045,-6.855214091511546],[115.45582829343198,-6.8552142592863685],[115.45582820949836,-6.8552052407876349],[115.45580113903031,-6.8552054924482722],[115.45580105509731,-6.8551964739492162],[115.45575593764914,-6.8551968933796834],[115.45575585371711,-6.8551878748800652],[115.45570171277659,-6.8551883781903955],[115.45570162884567,-6.8551793596901067],[115.45568358186495,-6.8551795274586453],[115.45568349793449,-6.8551705089581292],[115.45564740397234,-6.8551708444927408],[115.45564732004266,-6.8551618259917726],[115.45563829655201,-6.8551619098748935],[115.45563821262262,-6.8551528913738098],[115.455629189132,-6.85515297525665],[115.45562910520289,-6.8551439567554349],[115.45561105822169,-6.855144124520387],[115.45561097429304,-6.8551351060189791],[115.45560195080245,-6.8551351899010893],[115.45560186687408,-6.8551261713995491],[115.45559284338353,-6.8551262552813803],[115.45559275945543,-6.8551172367797237],[115.45557471247432,-6.8551174045426588],[115.45557462854669,-6.8551083860407749],[115.45556560505614,-6.8551084699218778],[115.45556552112876,-6.8550994514198615],[115.45549333320166,-6.8551001224617334],[115.45549341712767,-6.8551091409646405],[115.45548439363613,-6.8551092248442282],[115.45548447756209,-6.8551182433472251],[115.45546643057826,-6.8551184111061163],[115.45546651450401,-6.8551274296093325],[115.4554484675194,-6.8551275973677726],[115.4554485514449,-6.8551366158712081],[115.45543050445954,-6.8551367836291952],[115.45543058838481,-6.8551458021328333],[115.45540351790538,-6.8551460537688849],[115.45540360183027,-6.8551550722728845],[115.45539457833674,-6.8551551561513424],[115.45539474618653,-6.8551731931595183],[115.45538572269254,-6.8551732770380296],[115.45538580661743,-6.8551822955422228],[115.45537678312314,-6.855182379420679],[115.45537703489802,-6.8552094349335624],[115.4553589879081,-6.8552096026906373],[115.4553589039834,-6.8552005841861234],[115.45534988048844,-6.8552006680642972],[115.45535004833766,-6.8552187050735576],[115.45534102484228,-6.8552187889517864],[115.4553411087669,-6.8552278074564956],[115.45532306177543,-6.8552279752126664],[115.45532289392698,-6.855209938202762],[115.45533191742243,-6.8552098543249835],[115.45533183349819,-6.8552008358201366],[115.45532281000293,-6.8552009196978041],[115.45532255823146,-6.8551738641829019],[115.45533158172623,-6.8551737803055683],[115.45533149780246,-6.8551647618007028],[115.45534954479133,-6.8551645940457551],[115.45534929301969,-6.8551375385318014],[115.45535831651347,-6.8551374546544084],[115.45535823258962,-6.8551284361498608],[115.45538530306978,-6.8551281845170031],[115.45538513522145,-6.8551101475085616],[115.45537611172851,-6.855110231386127],[115.45537585995739,-6.8550831758730979],[115.45538488344981,-6.8550830919958665],[115.45538429598662,-6.8550199624660895],[115.45537527249539,-6.8550200463425428],[115.45537502072764,-6.8549929908293805],[115.45536599723683,-6.8549930747053294],[115.45536591331464,-6.8549840562008209],[115.4553749368053,-6.854983972324983],[115.45537485288305,-6.8549749538205829],[115.45536582939256,-6.8549750376963079],[115.45536557762703,-6.8549479821827477],[115.4553565541369,-6.8549480660579718],[115.4553562184518,-6.8549119920393808],[115.45534719496224,-6.8549120759139894],[115.45534711104142,-6.8549030574092207],[115.45533808755192,-6.8549031412835504],[115.45533800363138,-6.8548941227786475],[115.45532898014193,-6.8548942066526966],[115.45532889622164,-6.854885188147712],[115.45531084924278,-6.8548853558950826],[115.45531076532295,-6.8548763373898538],[115.45530174183352,-6.8548764212631754],[115.45530182575317,-6.8548854397685153],[115.45528377877362,-6.8548856075148743],[115.45528386269304,-6.8548946260204158],[115.45526581571265,-6.8548947937663245],[115.45526589963187,-6.8549038122721173],[115.45525687614135,-6.85490389614493],[115.45525704397976,-6.8549219331566915],[115.45524802048881,-6.8549220170295575],[115.45524818832732,-6.8549400540415091],[115.45523916483587,-6.854940137914431],[115.45523933267451,-6.8549581749266197],[115.45523030918267,-6.8549582587995941],[115.45523039310198,-6.8549672773057857],[115.45522136960984,-6.8549673611787041],[115.45522170528757,-6.8550034352038693],[115.45521268179461,-6.855003519077064],[115.45521293355358,-6.8550305745962268],[115.45520391006004,-6.8550306584695866],[115.45520432965975,-6.8550757510019924],[115.45519530616521,-6.8550758348757412],[115.45519564184634,-6.8551119089020318],[115.45518661835104,-6.8551119927760578],[115.45518670227145,-6.8551210112827308],[115.45517767877587,-6.8551210951566999],[115.45517776269621,-6.8551301136634795],[115.45513264521577,-6.8551305330313514],[115.4551327291354,-6.8551395515386835],[115.45509663514834,-6.8551398870303935],[115.45509671906737,-6.8551489055381509],[115.45506964857542,-6.8551491571554974],[115.45506956465685,-6.855140138647406],[115.45506054115947,-6.8551402225194069],[115.45506045724122,-6.855131204011184],[115.45505143374389,-6.8551312878829052],[115.45505126590805,-6.8551132508662214],[115.45506028940503,-6.8551131669947232],[115.45506020548711,-6.855104148486471],[115.45505118199029,-6.8551042323578573],[115.45505109807264,-6.8550952138495225],[115.4550420745759,-6.8550952977206281],[115.45504199065854,-6.8550862792121601],[115.45503296716181,-6.8550863630829877],[115.45503288324473,-6.8550773445744042],[115.45502385974808,-6.8550774284449503],[115.45502377583131,-6.8550684099362513],[115.45501475233471,-6.8550684938065176],[115.45501466841819,-6.8550594752977192],[115.45502369191462,-6.8550593914275639],[115.45502360799804,-6.8550503729188392],[115.45503263149419,-6.8550502890486262],[115.45503246366106,-6.8550322520314184],[115.45504148715678,-6.8550321681612605],[115.45504140324022,-6.8550231496527623],[115.45503237974467,-6.8550232335228092],[115.45503221191221,-6.8550051965055756],[115.45504123540741,-6.8550051126357507],[115.4550411514912,-6.8549960941272383],[115.45505919848088,-6.8549959263873061],[115.4550590306481,-6.8549778893707147],[115.45506805414246,-6.8549778055007193],[115.45506788630978,-6.8549597684843322],[115.45507690980368,-6.8549596846143901],[115.45507674197111,-6.8549416475981921],[115.45508576546457,-6.8549415637283042],[115.45508568154828,-6.8549325452203353],[115.45509470504145,-6.8549324613503897],[115.45509453720889,-6.8549144243346278],[115.4551035607016,-6.8549143404647381],[115.45510339286918,-6.8548963034491619],[115.45511241636146,-6.8548962195793264],[115.45511224852913,-6.8548781825639908],[115.45512127202092,-6.8548780986942086],[115.45512102027278,-6.8548510431714984],[115.45513906725508,-6.8548508754320956],[115.45513898333891,-6.8548418569247191],[115.45515703032041,-6.8548416891848643],[115.45515694640402,-6.8548326706777205],[115.45517499338472,-6.8548325029374162],[115.45517490946813,-6.8548234844304909],[115.45519295644802,-6.8548233166897354],[115.45519278861447,-6.8548052796763166],[115.45520181210392,-6.8548051958059091],[115.4552016442705,-6.8547871587926963],[115.4552106677595,-6.8547870749223412],[115.45521041600966,-6.8547600194028249],[115.45520139252118,-6.8547601032728434],[115.4552011407729,-6.8547330477529345],[115.45519211728477,-6.8547331316224511],[115.45519186553801,-6.8547060761022021],[115.45518284205032,-6.8547061599712169],[115.45518275813512,-6.8546971414643414],[115.45517373464749,-6.8546972253330756],[115.45517348290308,-6.8546701698120893],[115.45516445941581,-6.8546702536803217],[115.45516420767292,-6.8546431981589775],[115.45515518418607,-6.8546432820267063],[115.45515510027217,-6.8546342635194497],[115.45514607678534,-6.8546343473868996],[115.45514599287172,-6.8546253288795436],[115.45511892241113,-6.8546255804805467],[115.45511883849812,-6.8546165619728523],[115.4550646975749,-6.8546170651696414],[115.45506478148685,-6.8546260836780037],[115.45502868753509,-6.8546264191396062],[115.45502877144652,-6.85463543764841],[115.45500170098099,-6.8546356892431755],[115.45500178489202,-6.8546447077523256],[115.45493862046732,-6.854645294801661],[115.4549387043773,-6.8546543133115518],[115.45492065739745,-6.8546544810386401],[115.45492074130721,-6.8546634995487672],[115.45490269432658,-6.8546636672754033],[115.45490302996532,-6.8546997413167583],[115.45489400647413,-6.8546998251802691],[115.45489459384511,-6.854762954753248],[115.45488557035269,-6.854763038617369],[115.45488582208428,-6.8547900941489157],[115.45487679859121,-6.8547901780132019],[115.45487671468075,-6.85478115950258],[115.45486769118772,-6.8547812433665882],[115.45486743945747,-6.8547541878343612],[115.45485841596484,-6.8547542716978658],[115.45485849987465,-6.8547632902087248],[115.45484947638172,-6.8547633740721725],[115.45484956029148,-6.8547723925831363],[115.45484053679832,-6.8547724764465272],[115.45484036897925,-6.8547544394243705],[115.45483134548631,-6.8547545232873688],[115.4548310937591,-6.8547274677537668],[115.45484011725155,-6.8547273838911034],[115.45484003334251,-6.8547183653800028],[115.45484905683469,-6.8547182815172816],[115.45484880510783,-6.8546912259842774],[115.45485782859939,-6.8546911421217205],[115.45485740905603,-6.8546460495672452],[115.4548754560371,-6.8546458818427389],[115.45487503649488,-6.8546007892892158],[115.45486601300523,-6.8546008731509964],[115.45486584518947,-6.8545828361293406],[115.45485682170005,-6.8545829199907287],[115.45485665388507,-6.854564882968833],[115.45484763039589,-6.8545649668298312],[115.45484754648874,-6.8545559483187652],[115.45477535857248,-6.8545566191997915],[115.45477527466679,-6.8545476006878294],[115.45474820419682,-6.8545478522651004],[115.45474828810201,-6.8545568707773956],[115.45473926461165,-6.8545569546362604],[115.45473934851677,-6.854565973148663],[115.45468520757109,-6.8545664762989791],[115.45468512366696,-6.8545574577859094],[115.4546761001758,-6.8545575416435938],[115.45467601627196,-6.8545485231304069],[115.45468503976295,-6.8545484392728344],[115.45468487195529,-6.8545304022466542],[115.45467584846465,-6.8545304861040046],[115.45467551285134,-6.8544944120511975],[115.45466648936126,-6.854494495907935],[115.45466632155562,-6.8544764588812734],[115.45465729806571,-6.8544765427376193],[115.45465704635863,-6.854449487197261],[115.45464802286915,-6.8544495710531033],[115.45464785506533,-6.854431534025955],[115.45463883157606,-6.8544316178814064],[115.45463874767449,-6.8544225993677133],[115.45462972418528,-6.8544226832228858],[115.45462964028398,-6.8544136647090754],[115.45462061679483,-6.8544137485639691],[115.45462053289381,-6.8544047300500424],[115.45461150940471,-6.8544048139046563],[115.45461134160335,-6.8543867768765709],[115.4546023181145,-6.8543868607307914],[115.45460215031393,-6.8543688237024663],[115.45459312682529,-6.8543689075562959],[115.45459304292537,-6.8543598890420157],[115.45458401943675,-6.8543599728955655],[115.45458393553707,-6.8543509543811689],[115.45457491204857,-6.8543510382344408],[115.45457482814918,-6.8543420197199278],[115.45456580466069,-6.8543421035729182],[115.4545656368626,-6.8543240665436409],[115.45455661337436,-6.8543241503962404],[115.45455644557705,-6.8543061133667562],[115.45454742208902,-6.8543061972189649],[115.45454733819072,-6.8542971787040967],[115.45453831470273,-6.8542972625560248],[115.4545382308047,-6.8542882440410411],[115.45454725429254,-6.854288160189224],[115.45454700259862,-6.8542611046445803],[115.45453797911131,-6.8542611884960634],[115.45453789521375,-6.854252169981061],[115.45452887172651,-6.8542522538322643],[115.4545287878292,-6.8542432353171474],[115.454519764342,-6.8542433191680701],[115.45451968044499,-6.8542343006528546],[115.45451065695785,-6.8542343845034965],[115.45451057306113,-6.8542253659881309],[115.45449252608684,-6.8542255336886901],[115.45449244219057,-6.8542165151731158],[115.4544202542903,-6.8542171859677179],[115.45442033818524,-6.854226204484184],[115.45437522074303,-6.8542266237258929],[115.45437513684895,-6.854217605208869],[115.45425783148822,-6.8542186952161472],[115.45425791538011,-6.8542277137346179],[115.4542398683995,-6.8542278814257402],[115.45423995229119,-6.8542368999444463],[115.45422190530979,-6.8542370676351174],[115.45422198920124,-6.8542460861540082],[115.4542129657102,-6.8542461699992021],[115.45421304960161,-6.8542551885182164],[115.45420402611029,-6.8542552723633543],[115.45420411000163,-6.8542642908824742],[115.4541860630183,-6.8542644585724659],[115.45418614690942,-6.8542734770918052],[115.45412298246309,-6.8542740640022464],[115.45412306635312,-6.8542830825223442],[115.45410501936711,-6.8542832502097477],[115.4541049354774,-6.854274231689427],[115.45405079451766,-6.8542747347469266],[115.45405087840633,-6.8542837532679153],[115.45404185491248,-6.8542838371103532],[115.45404193880114,-6.8542928556314822],[115.45402389181275,-6.8542930233160755],[115.45402397570115,-6.8543020418374052],[115.45401495220663,-6.8543021256795607],[115.45401511998347,-6.8543201627224315],[115.45399707299337,-6.854320330406682],[115.45399724076999,-6.8543383674499792],[115.45398821727444,-6.8543384512920742],[115.45398830116274,-6.8543474698138276],[115.45397927766693,-6.8543475536558658],[115.45397944544352,-6.8543655906995822],[115.45397042194726,-6.8543656745416746],[115.45397067361255,-6.8543927301075502],[115.45396165011563,-6.8543928139498078],[115.45396173400411,-6.8544018324718694],[115.45395271050693,-6.8544019163140693],[115.45395279439536,-6.8544109348362383],[115.45386255941567,-6.8544117732500878],[115.45386264330253,-6.8544207917733644],[115.45385361980377,-6.8544208756139335],[115.45385370369053,-6.8544298941373167],[115.45381760969373,-6.8544302294983561],[115.45381777746631,-6.8544482665460178],[115.45384484796512,-6.8544480150248237],[115.45384476407827,-6.8544389965013197],[115.45385378757746,-6.8544389126606973],[115.45385387146449,-6.8544479311840893],[115.45386289496376,-6.8544478473431845],[115.45386297885106,-6.8544568658664282],[115.45389004934867,-6.8544566143423724],[115.4538901332366,-6.8544656328652946],[115.45392622723253,-6.8544652974970823],[115.45392614334393,-6.854456278974606],[115.45394419034086,-6.8544561112897133],[115.45394427422978,-6.854465129811965],[115.45393525073122,-6.854465213654608],[115.45393533462008,-6.8544742321769689],[115.45394435811885,-6.8544741483342149],[115.45394444200801,-6.8544831668564585],[115.4539715125041,-6.8544829153268516],[115.45397176417377,-6.8545099708925559],[115.45398078767275,-6.8545098870486827],[115.45398087156303,-6.8545189055704645],[115.45398989506205,-6.8545188217263107],[115.4539900628433,-6.8545368587696212],[115.45398103934396,-6.854536942613997],[115.45398112323457,-6.8545459611357824],[115.45396307623514,-6.85454612882425],[115.45396316012555,-6.8545551473462369],[115.45395413662551,-6.8545552311903313],[115.45395422051585,-6.854564249712424],[115.45394519701551,-6.8545643335564597],[115.45394528090581,-6.8545733520786598],[115.4539362574052,-6.8545734359226387],[115.45393650907626,-6.8546004914895464],[115.45394553257736,-6.8546004076452336],[115.45394570035894,-6.8546184446895957],[115.45392765335595,-6.8546186123784976],[115.45392773724659,-6.8546276309008931],[115.45390066674069,-6.8546278824333173],[115.45390075063092,-6.8546369009560433],[115.45389172712858,-6.8546369847999582],[115.45389197879948,-6.854664040368446],[115.45391002580507,-6.8546638726797777],[115.45391019358691,-6.8546819097249685],[115.45392824059273,-6.8546817420351802],[115.45392832448417,-6.8546907605575464],[115.45393734798706,-6.8546906767122895],[115.45393776744672,-6.8547357693234954],[115.45394679095034,-6.8547356854775137],[115.45394687484279,-6.8547447039996134],[115.45395589834648,-6.8547446201533493],[115.45395598223921,-6.8547536386753674],[115.45394695873533,-6.8547537225217408],[115.45394712652076,-6.8547717595659527],[115.45393810301645,-6.8547718434123812],[115.45393818690918,-6.8547808619345911],[115.4539291634046,-6.8547809457809628],[115.45392933119003,-6.8547989828255931],[115.45393835469497,-6.8547988989789985],[115.45393852248118,-6.8548169360233899],[115.45394754598634,-6.8548168521764046],[115.45394762987979,-6.8548258706984813],[115.45393860637446,-6.8548259545455776],[115.45393869026786,-6.8548349730677618],[115.45394771377336,-6.8548348892205553],[115.45394779766704,-6.8548439077426231],[115.4539568211726,-6.854843823895135],[115.45395673727874,-6.8548348053731782],[115.45396576078402,-6.8548347215256342],[115.45396592857217,-6.8548527585693213],[115.45397495207767,-6.8548526747213856],[115.45397503597208,-6.8548616932431283],[115.45398405947762,-6.8548616093949128],[115.45398439505708,-6.8548976834813091],[115.45400244206918,-6.8548975157834819],[115.45400269375598,-6.8549245713475777],[115.45401171726236,-6.854924487498077],[115.45401180115834,-6.8549335060193224],[115.45402082466481,-6.8549334221695428],[115.45402107635397,-6.8549604777329165],[115.45403912336752,-6.8549603100321841],[115.45403920726447,-6.8549693285530768],[115.45405725427793,-6.8549691608514465],[115.4540573381753,-6.8549781793721127],[115.45406636168202,-6.8549780955209343],[115.45406644557973,-6.8549871140414842],[115.4540754690865,-6.8549870301900251],[115.4540752173933,-6.8549599746286933],[115.45409326440551,-6.8549598069259385],[115.45409334830347,-6.8549688254461634],[115.45410237180957,-6.8549687415944218],[115.45410245570781,-6.8549777601145312],[115.45411147921396,-6.854977676262509],[115.45411181480874,-6.8550137503424597],[115.45412986182207,-6.8550135826370191],[115.4541296101248,-6.854986527077731],[115.45413863363081,-6.8549864432250924],[115.45413838193407,-6.8549593876661001],[115.45415642894469,-6.8549592199609846],[115.45415651284382,-6.8549682384804305],[115.45417455985435,-6.8549680707744187],[115.45417464375392,-6.8549770892936381],[115.45419269076432,-6.8549769215867302],[115.45419260686441,-6.8549679030677337],[115.45420163036925,-6.8549678192141377],[115.45420179816955,-6.8549858562519042],[115.45421984517962,-6.8549856885437599],[115.45421967737865,-6.8549676515064402],[115.4542377243876,-6.8549674837980703],[115.45423797609023,-6.8549945393533758],[115.45424699959501,-6.854994455498602],[115.45424725129921,-6.8550215110535513],[115.45425627480441,-6.8550214271982757],[115.45425619090273,-6.8550124086800652],[115.45426521440764,-6.8550123248247337],[115.45426529830948,-6.8550213433428331],[115.45427432181445,-6.8550212594872217],[115.45427415401055,-6.8550032224512565],[115.4542651305059,-6.8550033063066449],[115.45426487880141,-6.8549762507523546],[115.45427390230552,-6.8549761668972993],[115.45427381840409,-6.8549671483793055],[115.45426479490014,-6.854967232234249],[115.45426471099896,-6.854958213716138],[115.45428275800643,-6.8549580460063062],[115.45428284190794,-6.8549670645241925],[115.45430088891528,-6.8549668968134618],[115.45430097281725,-6.8549759153311225],[115.4543099963209,-6.8549758314753939],[115.45431008022314,-6.8549848499929382],[115.45431910372686,-6.854984766136929],[115.45431901982447,-6.8549757476194966],[115.45433706683126,-6.8549755799071947],[115.45433740244287,-6.8550116539760095],[115.45434642594678,-6.8550115701191618],[115.45434650985014,-6.8550205886362603],[115.45436455685793,-6.8550204209218339],[115.45436438905064,-6.8550023838880945],[115.45437341255403,-6.8550023000308533],[115.45437366426562,-6.8550293555810944],[115.4543826877694,-6.8550292717233487],[115.45438277167368,-6.8550382902399765],[115.45437374816971,-6.855038374097834],[115.45437416769185,-6.8550834666814611],[115.4544012382059,-6.8550832151057151],[115.45440140601654,-6.8551012521384669],[115.45439238251166,-6.85510133599744],[115.45439280203944,-6.8551464285797996],[115.45438377853357,-6.8551465124391617],[115.4543834429118,-6.8551104383728205],[115.45437441940651,-6.855110522231568],[115.45437433550151,-6.8551015037148808],[115.45436531199626,-6.8551015875733485],[115.45436539590106,-6.8551106060901459],[115.45433832538417,-6.8551108576648723],[115.45433849319313,-6.855128894699174],[115.45432946968695,-6.8551289785573015],[115.45432955359145,-6.8551379970745483],[115.4543385770978,-6.8551379132163106],[115.45433866100259,-6.855146931733441],[115.454347684509,-6.8551468478749218],[115.45434776841408,-6.8551558663919208],[115.45435679192055,-6.8551557825331217],[115.45435687582587,-6.8551648010500381],[115.45437492283884,-6.8551646333317127],[115.45437483893316,-6.8551556148150192],[115.4543838624393,-6.8551555309557157],[115.45438394634513,-6.8551645494722973],[115.45439296985136,-6.8551644656127131],[115.4543931376637,-6.8551825026456088],[115.45435704363688,-6.8551828380838247],[115.45435721144833,-6.8552008751175935],[115.45439330547651,-6.8552005396784876],[115.45439355719657,-6.8552275952277881],[115.45441160421097,-6.8552274275065557],[115.45441168811823,-6.8552364460227366],[115.45442071162546,-6.8552363621617545],[115.45442079553297,-6.8552453806778351],[115.45437567799496,-6.855245799981609],[115.45437576190179,-6.855254818498242],[115.45434869137711,-6.855255070078818],[115.45434860747082,-6.8552460515618518],[115.45433958396251,-6.855246135421595],[115.45433966786865,-6.8552551539386721],[115.45433064436008,-6.8552552377983593],[115.45433089607864,-6.8552822933499025],[115.45432187256945,-6.855282377209754],[115.4543219564757,-6.8552913957270372],[115.45431293296625,-6.8552914795868318],[115.45431284906016,-6.8552824610694358],[115.45430382555077,-6.8552825449289516],[115.45430390945667,-6.8552915634464577],[115.45429488594696,-6.8552916473059149],[115.45429496985282,-6.8553006658235285],[115.45426789932259,-6.855300917401224],[115.45426798322804,-6.8553099359191672],[115.45427700673841,-6.8553098520599933],[115.45427709064414,-6.8553188705778032],[115.45426806713363,-6.8553189544370898],[115.45426798322804,-6.8553099359191672],[115.45423188918546,-6.8553102713541811],[115.45423205699537,-6.8553283083909431],[115.4542681510393,-6.8553279729550392],[115.45426823494508,-6.8553369914729689],[115.45427725845595,-6.8553369076134603],[115.45427742626822,-6.8553549446490836],[115.45426840275702,-6.8553550285088152],[115.4542685705694,-6.8553730655446428],[115.45428661759239,-6.8553728978245667],[115.45428670149909,-6.8553819163422514],[115.45429572501055,-6.8553818324818492],[115.45429589282463,-6.8553998695169831],[115.45432296335942,-6.8553996179340952],[115.45432287945182,-6.8553905994168653],[115.45433190296303,-6.8553905155556762],[115.45433198687083,-6.8553995340727969],[115.45434101038205,-6.855399450211328],[115.45434134601491,-6.8554355242793337],[115.45435939303847,-6.8554353565550015],[115.4543594769473,-6.8554443750717482],[115.45436850045907,-6.8554442912092179],[115.45436858436818,-6.8554533097258652],[115.45435956085625,-6.8554533935885074],[115.4543596447653,-6.8554624121052621],[115.45437769178942,-6.855462244379587],[115.45437752397071,-6.8554442073465189],[115.45438654748224,-6.8554441234836521],[115.45438637966369,-6.8554260864507892],[115.45439540317479,-6.8554260025879756],[115.4543953192655,-6.8554169840716499],[115.45440434277629,-6.8554169002087795],[115.45440442668574,-6.8554259187249942],[115.45442247370735,-6.8554257509985259],[115.45442280934766,-6.8554618250624522],[115.45444085637017,-6.8554616573344189],[115.45444094028086,-6.8554706758501665],[115.45448605783596,-6.8554702565265782],[115.45448614174762,-6.8554792750417812],[115.45454028281107,-6.8554787718472436],[115.45454036672383,-6.8554877903617406],[115.45455841374444,-6.8554876226286581],[115.45455849765764,-6.8554966411429454],[115.4545765446781,-6.855496473408965],[115.45457662859177,-6.8555054919230249],[115.45458565210203,-6.8555054080556719],[115.45458556818818,-6.855496389541722],[115.45460361520797,-6.8554962218067308],[115.45460386695086,-6.8555232773478796],[115.45461289046108,-6.8555231934797964],[115.45461297437576,-6.855532211993415],[115.45463102139624,-6.8555320442565222],[115.45463110531135,-6.8555410627698974],[115.45464012882159,-6.8555409789010868],[115.45464021273702,-6.8555499974143448],[115.45464923624731,-6.8555499135452544],[115.4546491523317,-6.8555408950321066],[115.45465817584171,-6.8555408111629585],[115.45465800801054,-6.8555227741368565],[115.45467605502951,-6.8555226063985],[115.45467613894539,-6.8555316249113387],[115.45468516245487,-6.8555315410417972],[115.45468533028729,-6.8555495780672064],[115.454694353797,-6.8555494941972732],[115.4546945216302,-6.8555675312224409],[115.4546674510997,-6.855567782832404],[115.45466753501596,-6.8555768013453156],[115.45465851150541,-6.8555768852150765],[115.45465859542163,-6.8555859037280955],[115.45466761893235,-6.8555858198582227],[115.45466770284884,-6.8555948383711254],[115.45469477338085,-6.8555945867601604],[115.45469485729798,-6.8556036052727247],[115.45472192782948,-6.8556033536599088],[115.45472201174722,-6.8556123721721347],[115.45473103525767,-6.8556122883007475],[115.45473111917569,-6.855621306812858],[115.45474014268618,-6.855621222941191],[115.45474022660446,-6.8556302414531851],[115.45474925011501,-6.8556301575812384],[115.4547494179523,-6.8556481946049912],[115.45474039444139,-6.8556482784771609],[115.45474064619762,-6.8556753340130916],[115.45474966970903,-6.8556752501405871],[115.45474975362818,-6.8556842686524275],[115.45475877713963,-6.8556841847796441],[115.45475886105905,-6.855693203291402],[115.45476788457056,-6.8556931194183379],[115.45476796849029,-6.8557021379299634],[115.45477699200183,-6.8557020540566205],[115.45477715984191,-6.8557200910796343],[115.45479520686538,-6.855719923331999],[115.45479529078595,-6.8557289418432585],[115.45482236132081,-6.8557286902202046],[115.45482219347879,-6.8557106531983294],[115.45481316996764,-6.8557107370726262],[115.45481300212643,-6.8556927000504944],[115.45479495510443,-6.8556928677981377],[115.45479453550507,-6.8556477752416161],[115.45480355901529,-6.8556476913684357],[115.45480347509559,-6.8556386728572463],[115.45479445158556,-6.8556387567303156],[115.45479436766614,-6.855629738218977],[115.45483046170494,-6.8556294027261346],[115.45483054562506,-6.8556384212370274],[115.45483956913465,-6.8556383373632839],[115.45483982089611,-6.8556653928955358],[115.4548488444061,-6.8556653090212896],[115.45484876048533,-6.8556562905106491],[115.45485778399504,-6.855656206636346],[115.4548576161535,-6.8556381696152924],[115.45484859264413,-6.8556382534893725],[115.45484850872369,-6.8556292349787009],[115.45485753223289,-6.8556291511047327],[115.45485728047178,-6.8556020955730794],[115.45486630398037,-6.8556020116992746],[115.45486605221977,-6.8555749561679162],[115.45488409923558,-6.855574788420471],[115.45488401531527,-6.8555657699102319],[115.45489303882285,-6.8555656860363685],[115.4548931227433,-6.8555747045464965],[115.45491116975846,-6.8555745367980396],[115.45491108583765,-6.8555655182881363],[115.45492010934485,-6.8555654344137658],[115.45492002542399,-6.8555564159039672],[115.45492904893094,-6.8555563320295416],[115.45492896501003,-6.8555473135198506],[115.45488384747499,-6.8555477328897405],[115.45488376355502,-6.855538714379489],[115.45489278706206,-6.8555386305059596],[115.45489270314204,-6.8555296119958138],[115.45491075015549,-6.8555294442484707],[115.45491083407585,-6.8555384627583935],[115.4549288810892,-6.8555382950101551],[115.45492879716849,-6.8555292765004543],[115.45494684418102,-6.8555291087517638],[115.45494692810207,-6.8555381272612408],[115.45496497511451,-6.8555379595116541],[115.45496489119313,-6.8555289410024001],[115.45497391469901,-6.8555288571274637],[115.45497399862057,-6.8555378756366077],[115.45498302212648,-6.8555377917613916],[115.45498318997026,-6.8555558287794423],[115.45500123698247,-6.8555556610280624],[115.45500148874999,-6.8555827165544363],[115.45501051225641,-6.8555826326781588],[115.45501068010232,-6.8556006696954972],[115.45501970360898,-6.855600585818828],[115.4550199553792,-6.8556276413444683],[115.45502897888626,-6.8556275574672974],[115.455029230658,-6.8556546129925637],[115.45503825416544,-6.8556545291148909],[115.45503833808975,-6.8556635476231929],[115.45504736159727,-6.8556634637452385],[115.45504727767278,-6.8556544452370476],[115.45505630117999,-6.8556543613590364],[115.45505638510465,-6.8556633798671163],[115.45506540861192,-6.8556632959888253],[115.45506566038704,-6.8556903515127035],[115.45509273090971,-6.855690099875817],[115.45509264698406,-6.8556810813681786],[115.45510167049122,-6.8556809974889923],[115.45510175441704,-6.8556900159965179],[115.45511077792426,-6.8556899321170501],[115.45511086185037,-6.8556989506244426],[115.45510183834298,-6.8556990345040232],[115.45510209012149,-6.8557260900264936],[115.45512013713716,-6.8557259222665001],[115.45511988535765,-6.8556988667446959],[115.45512890886478,-6.8556987828647795],[115.45512899279136,-6.8557078013719472],[115.45513801629859,-6.8557077174917511],[115.45513810022541,-6.8557167359988016],[115.45514712373267,-6.8557166521183257],[115.45514703980567,-6.8557076336113862],[115.45515606331266,-6.8557075497308535],[115.45515555975194,-6.855653438689794],[115.45520067728013,-6.8556530192879412],[115.45520076120749,-6.8556620377942386],[115.45520978471296,-6.8556619539132511],[115.45520986864058,-6.855670972419432],[115.45522791565153,-6.8556708046567296],[115.4552277477957,-6.8556527676448065],[115.45521872429063,-6.8556528515260204],[115.45521847250825,-6.8556257960077689],[115.45523651951729,-6.8556256282458437],[115.45523660344497,-6.8556346467517244],[115.45526367395816,-6.8556343951072369],[115.45526384181488,-6.8556524321182692],[115.45527286531936,-6.8556523482362133],[115.45527278139079,-6.8556433297308024],[115.45528180489502,-6.8556432458486896],[115.45528146918116,-6.8556071718274474],[115.45529951618792,-6.8556070040636055],[115.45529943225939,-6.8555979855585081],[115.45531747926536,-6.8555978177942158],[115.45531764712318,-6.855615854803963],[115.45532667062635,-6.8556157709213412],[115.45532658669721,-6.8556067524165814],[115.45534463370285,-6.8556065846510563],[115.45534454977349,-6.8555975661465132],[115.4553265027682,-6.855597733911817],[115.45532641883929,-6.8555887154070474],[115.4553805598528,-6.855588212109784],[115.45538064378273,-6.8555972306138839],[115.45538966728475,-6.8555971467303056],[115.4553898351453,-6.8556151837382719],[115.45540788214966,-6.8556150159701641],[115.455407798219,-6.855605997466407],[115.45541682172086,-6.8556059135822105],[115.4554170735137,-6.855632969093155],[115.45544414402009,-6.8556327174385556],[115.45544406008854,-6.8556236989352346],[115.45545308359027,-6.855623615050142],[115.45545316752201,-6.8556326335533511],[115.4554621910238,-6.8556325496679795],[115.45546227495581,-6.8556415681710385],[115.45547129845765,-6.8556414842853872],[115.45547138238994,-6.8556505027883476],[115.45546235888793,-6.8556505866741109],[115.45546252675251,-6.8556686236802431],[115.45545350325004,-6.8556687075660596],[115.45545333538578,-6.8556506705597062],[115.45543528838121,-6.8556508383303907],[115.45543537231292,-6.8556598568337916],[115.45542634881026,-6.8556599407189935],[115.45542685240201,-6.8557140517399811],[115.45543587590566,-6.8557139678541112],[115.45543595983818,-6.8557229863574669],[115.45544498334188,-6.8557229024713173],[115.45544506727468,-6.8557319209745904],[115.45545409077843,-6.8557318370881619],[115.45545375504724,-6.8556957630755591],[115.45546277855023,-6.8556956791894068],[115.45546261068499,-6.8556776421832843],[115.45548065768989,-6.8556774744109212],[115.45548057375711,-6.8556684559081011],[115.45549862076125,-6.8556682881352859],[115.45549887256101,-6.8556953436431147],[115.45550789606344,-6.8556952597561196],[115.45550823179866,-6.8557313337660499],[115.45551725530163,-6.8557312498784411],[115.4555173392359,-6.8557402683808011],[115.45553538624185,-6.8557401006048551],[115.45553530230724,-6.855731082102718],[115.45554432580987,-6.8557309982146037],[115.45554424187522,-6.8557219797125573],[115.4555622888798,-6.8557218119360464],[115.45556220494493,-6.8557127934342512],[115.45555318144288,-6.85571287732248],[115.45555309750827,-6.8557038588205508],[115.45554407400624,-6.8557039427085007],[115.45554382220364,-6.8556768872023381],[115.45556186920653,-6.8556767194269419],[115.45556170133803,-6.8556586824232859],[115.45557072483895,-6.8556585985355571],[115.4555703891026,-6.855622524528604],[115.45555234210198,-6.8556226923030019],[115.45555242603557,-6.8556317108049871],[115.45554340253487,-6.8556317946920444],[115.4555436543358,-6.8556588501982381],[115.45553463083452,-6.8556589340854615],[115.45553471476821,-6.8556679525876332],[115.45552569126662,-6.8556680364748006],[115.4555256073331,-6.8556590179725161],[115.45548951332638,-6.8556593535190489],[115.45548942939365,-6.855650335016314],[115.45548040589183,-6.8556504189024157],[115.45548032195939,-6.8556414003995663],[115.45548934546103,-6.8556413165135766],[115.45548917759611,-6.8556232795080865],[115.45549820109729,-6.8556231956221518],[115.45549811716482,-6.855614177119512],[115.45550714066572,-6.8556140932335188],[115.45550722459834,-6.8556231117360484],[115.45552527160011,-6.8556229439633354],[115.45552518766716,-6.8556139254610304],[115.45553421116773,-6.8556138415745318],[115.4555340433018,-6.8555958045701288],[115.45551599630124,-6.8555959723425106],[115.4555159123688,-6.8555869538400804],[115.45552493586895,-6.8555868699540845],[115.45552485193643,-6.8555778514517618],[115.45555192243577,-6.855577599793099],[115.45555175457007,-6.8555595627891073],[115.45556077806926,-6.8555594789027712],[115.45556069413641,-6.855550460400881],[115.45556971763533,-6.8555503765144872],[115.45556963370244,-6.8555413580127045],[115.45558768069961,-6.8555411902396362],[115.45558759676648,-6.8555321717380702],[115.45559662026473,-6.8555320878513948],[115.4555964523985,-6.8555140508484564],[115.45563254638898,-6.8555137153009609],[115.45563263032273,-6.8555227338019957],[115.45565067731764,-6.8555225660270152],[115.4556510130551,-6.8555586400301509],[115.45566906005089,-6.8555584722536045],[115.45566897611603,-6.8555494537530492],[115.4556779996136,-6.8555493698646348],[115.45567783174386,-6.8555313328637348],[115.45570490223487,-6.8555310811981478],[115.45570481829965,-6.8555220626980251],[115.45574091228541,-6.8555217271419941],[115.45574099622129,-6.8555307456416719],[115.45576806670992,-6.8555304939725463],[115.45576815064643,-6.8555395124718839],[115.45577717414258,-6.8555394285817268],[115.45577734201625,-6.8555574655801683],[115.45584050648853,-6.8555568783427905],[115.4558405904267,-6.8555658968412247],[115.45591277838957,-6.8555652257017892],[115.45591286232924,-6.8555742441993281],[115.45592188582427,-6.8555741603060287],[115.45592196976419,-6.8555831788034531],[115.45593099325927,-6.8555830949098731],[115.45593116113979,-6.8556011319044829],[115.45598530210989,-6.8556006285381335],[115.45598538605134,-6.8556096470347629],[115.45599440954614,-6.8556095631396703],[115.45599449348786,-6.8556185816361852],[115.45606668144347,-6.8556179104684825],[115.45606676538665,-6.855626928964119],[115.45609383586864,-6.8556266772731158],[115.45609400375638,-6.8556447142636552],[115.45608498026218,-6.8556447981610473],[115.45608506420604,-6.8556538166564307],[115.45607604071151,-6.855653900553766],[115.4560759567678,-6.8556448820582716],[115.45606693327338,-6.8556449659553262],[115.45606710116056,-6.8556630029465335],[115.45605807766566,-6.8556630868436423],[115.4560579937222,-6.8556540683479303],[115.45604897022733,-6.8556541522447603],[115.45604888628415,-6.8556451337489328],[115.45603083929446,-6.8556453015418626],[115.45603092323731,-6.8556543200379139],[115.45603994673239,-6.8556542361414206],[115.45604003067551,-6.8556632546373564],[115.45603100718029,-6.8556633385339616],[115.45603109112338,-6.8556723570299862],[115.45602206762784,-6.8556724409265328],[115.45602215157088,-6.8556814594227005],[115.45601312807509,-6.8556815433191884],[115.45601321201806,-6.8556905618154458],[115.45602223551403,-6.8556904779188441],[115.45602231945726,-6.8556994964149851],[115.45601329596116,-6.8556995803116969],[115.45601337990433,-6.8557085988079445],[115.45599533291139,-6.8557087666010874],[115.45599508108313,-6.8556817111116626],[115.455986057587,-6.8556817950076478],[115.45598622547203,-6.8556998320008233],[115.45596817847876,-6.8556999997927317],[115.45596809453652,-6.8556909812959219],[115.45594102404624,-6.8556912329821866],[115.45594110798797,-6.8557002514793295],[115.455950131485,-6.8557001675839651],[115.45595029936916,-6.8557182045779985],[115.45593225237428,-6.8557183723690027],[115.4559321684325,-6.8557093538717746],[115.45594119192981,-6.8557092699764679],[115.45594110798797,-6.8557002514793295]],[[115.45608565181627,-6.8557169461239722],[115.45609467531182,-6.8557168622256874],[115.45609475925679,-6.855725880720942],[115.45608573576105,-6.855725964619336],[115.45608565181627,-6.8557169461239722]],[[115.45630439838479,-6.8559494133267771],[115.45631342188202,-6.8559493294215521],[115.45631350583393,-6.8559583479140018],[115.45630448233655,-6.8559584318193378],[115.45630439838479,-6.8559494133267771]],[[115.4566923247051,-6.855936786762161],[115.4567013481973,-6.8559367028498013],[115.45670143215636,-6.8559457213374646],[115.45669240866401,-6.8559458052499362],[115.4566923247051,-6.855936786762161]],[[115.45608556787161,-6.8557079276286368],[115.45605849738473,-6.855708179322141],[115.45605841344069,-6.8556991608264504],[115.45608548392708,-6.8556989091332801],[115.45608556787161,-6.8557079276286368]],[[115.45610344697263,-6.8556897228418512],[115.45611247046749,-6.8556896389435655],[115.45611255441243,-6.8556986574385919],[115.45613060140211,-6.8556984896412914],[115.45613068534749,-6.8557075081360912],[115.45610361486229,-6.8557077598321241],[115.45610344697263,-6.8556897228418512]],[[115.45613912122579,-6.8556442947741649],[115.45613009773214,-6.8556443786724],[115.45613034956661,-6.8556714341568483],[115.45612132607232,-6.8556715180552503],[115.45612124212757,-6.8556624995603386],[115.45611221863335,-6.8556625834584581],[115.45611213468885,-6.855653564963414],[115.4561211581829,-6.8556534810654046],[115.45612107423837,-6.8556444625704671],[115.45611205074449,-6.8556445464683655],[115.45611188285606,-6.855626509478272],[115.45612992984306,-6.8556263416827514],[115.45613001378753,-6.8556353601775708],[115.45613903728101,-6.8556352762794459],[115.45613912122579,-6.8556442947741649]],[[115.45555133490781,-6.8555144702790329],[115.45554231140933,-6.8555145541646416],[115.45554205961385,-6.8554874986582384],[115.45555108311181,-6.8554874147729619],[115.45555133490781,-6.8555144702790329]],[[115.45547897905541,-6.8554971043533737],[115.45547881119447,-6.8554790673475194],[115.45546076419697,-6.8554792351149834],[115.455460680267,-6.8554702166118444],[115.4554516567682,-6.8554703004952113],[115.45545140497948,-6.8554432449853664],[115.45544238148111,-6.8554433288682315],[115.45544212969389,-6.8554162733580286],[115.45545115319176,-6.8554161894754975],[115.45545106926275,-6.8554071709722013],[115.45546009276035,-6.8554070870896116],[115.45546000883125,-6.8553980685864211],[115.45549610281977,-6.8553977330548292],[115.45549601889014,-6.8553887145520775],[115.45550504238685,-6.8553886306688705],[115.45550613348306,-6.8555058712028316],[115.45549710998417,-6.8555059550874873],[115.45549719391526,-6.8555149735901635],[115.45548817041612,-6.8555150574747605],[115.45548800255436,-6.8554970204691656],[115.45547897905541,-6.8554971043533737],[115.45547914691684,-6.8555151413591915],[115.45541598241881,-6.855515728545484],[115.45541581455977,-6.8554976915381056],[115.45542483805949,-6.855497607655078],[115.45542492198913,-6.8555066261586664],[115.45546101598757,-6.8555062906244242],[115.45546084812705,-6.8554882536181347],[115.45546987162601,-6.8554881697343761],[115.4554699555564,-6.8554971882374121],[115.45547897905541,-6.8554971043533737]],[[115.45505571371062,-6.8555912318023582],[115.45505562978688,-6.8555822132942437],[115.45504660628102,-6.855582297171364],[115.45504643843422,-6.8555642601548996],[115.45505546193975,-6.8555641762780013],[115.4550551262468,-6.8555281022454633],[115.45506414975155,-6.8555280183688447],[115.45506398190544,-6.8555099813527711],[115.45507300540974,-6.855509897476205],[115.45507292148666,-6.8555008789682734],[115.45506389798253,-6.8555009628447285],[115.45506373013707,-6.8554829258286292],[115.45505470663318,-6.8554830097046935],[115.4550546227108,-6.8554739911965425],[115.45507266971815,-6.855473823444469],[115.45507275364088,-6.8554828419523979],[115.45508177714454,-6.8554827580759969],[115.45508202891389,-6.8555098135994701],[115.45509105241798,-6.8555097297225682],[115.45509113634149,-6.8555187482302546],[115.45510918334963,-6.855518580475719],[115.45510951904616,-6.8555546545056192],[115.45510049554147,-6.8555547383834154],[115.45510074731456,-6.855581793906115],[115.45508270030383,-6.8555819616618727],[115.45508278422808,-6.8555909801696533],[115.45505571371062,-6.8555912318023582],[115.4550557976345,-6.8556002503104683],[115.45506482114058,-6.8556001664329571],[115.45506498898897,-6.855618203448941],[115.45504694197599,-6.8556183712042404],[115.45504669020461,-6.8555913156795896],[115.45505571371062,-6.8555912318023582]],[[115.45475735052675,-6.8555308700793933],[115.45474832701818,-6.8555309539502831],[115.45474824310095,-6.8555219354383352],[115.45475726660936,-6.8555218515675556],[115.45475735052675,-6.8555308700793933]],[[115.45534354262996,-6.855489344091664],[115.45536158963074,-6.8554891763283594],[115.45536175748754,-6.8555072133370993],[115.45535273398687,-6.8555072972190585],[115.45535265005857,-6.8554982787145802],[115.45534362655795,-6.8554983625962587],[115.45534354262996,-6.855489344091664]],[[115.45547956657234,-6.8555602338737209],[115.45549761357246,-6.8555600661035792],[115.45549752964079,-6.8555510476009074],[115.45550655314052,-6.8555509637156948],[115.45550663707236,-6.8555599822182547],[115.45551566057212,-6.8555598983327624],[115.45551582843645,-6.8555779353376458],[115.45548875793581,-6.8555781869942853],[115.45548867400407,-6.8555691684915123],[115.45547965050379,-6.8555692523766103],[115.45547956657234,-6.8555602338737209]],[[115.4554707109348,-6.8555783547645355],[115.45546168743412,-6.8555784386494096],[115.45546193922847,-6.8556054941587048],[115.45547096272962,-6.8556054102734985],[115.45547104666146,-6.8556144287764775],[115.45544397615708,-6.8556146804319251],[115.45544380829453,-6.8555966434252955],[115.45545283179575,-6.8555965595405377],[115.45545274786448,-6.8555875410373277],[115.45544372436343,-6.8555876249219745],[115.45544355650156,-6.8555695879153173],[115.45547062700339,-6.8555693362615404],[115.4554707109348,-6.8555783547645355]],[[115.455479818367,-6.8555872893823757],[115.45549786536814,-6.8555871216115651],[115.45549794930025,-6.8555961401142183],[115.45547990229879,-6.8555963078852526],[115.455479818367,-6.8555872893823757]],[[115.45507384464658,-6.8556000825552772],[115.45508286815243,-6.8555999986774285],[115.45508311992619,-6.855627054200732],[115.45507409641982,-6.8556271380789129],[115.45507384464658,-6.8556000825552772]],[[115.45450368529899,-6.8554249962210747],[115.45451270880862,-6.8554249123560718],[115.45451287663191,-6.8554429493858162],[115.45452190014174,-6.8554428655204207],[115.45452198405373,-6.8554518840351752],[115.45451296054374,-6.8554519679006827],[115.45451304445565,-6.8554609864155438],[115.45450402094536,-6.8554610702809935],[115.45450393703361,-6.8554520517660213],[115.45449491352338,-6.8554521356311895],[115.45449474570052,-6.855434098601024],[115.45450376921042,-6.8554340147360771],[115.45450368529899,-6.8554249962210747],[115.45446759125939,-6.8554253316794052],[115.45446750734877,-6.8554163131639694],[115.45445848383874,-6.8554163970280202],[115.4544585677492,-6.8554254155435661],[115.45444954423891,-6.8554254994075592],[115.45444937641844,-6.8554074623762373],[115.45451254098579,-6.8554068753263078],[115.45451262489713,-6.8554158938411902],[115.45450360138769,-6.8554159777060839],[115.45450368529899,-6.8554249962210747]],[[115.45469317897724,-6.8554232350206021],[115.45470220248447,-6.8554231511520598],[115.45470203465457,-6.855405114126973],[115.45471105816135,-6.855405030258483],[115.45471122599162,-6.8554230672833469],[115.45472024949864,-6.8554229834144671],[115.45472033341412,-6.8554320019267978],[115.45469326289218,-6.8554322535332659],[115.45469317897724,-6.8554232350206021]],[[115.45444043681839,-6.8554165647556129],[115.45443141330803,-6.8554166486191574],[115.45443124548845,-6.8553986115873817],[115.45444026899845,-6.8553985277240592],[115.45444043681839,-6.8554165647556129]],[[115.45479218580094,-6.8553952569230638],[115.45478316229531,-6.8553953407929589],[115.45478307837912,-6.8553863222814071],[115.45477405487357,-6.8553864061510206],[115.45477388704185,-6.8553683691276799],[115.45476486353652,-6.8553684529969043],[115.45476477962103,-6.8553594344850985],[115.45477380312617,-6.8553593506159869],[115.45477346746453,-6.8553232765692531],[115.45476444396007,-6.8553233604379198],[115.4547643600451,-6.8553143419260936],[115.45474631303613,-6.8553145096626968],[115.45474622912161,-6.8553054911506779],[115.45473720561714,-6.8553055750186154],[115.45473670213347,-6.855251463945633],[115.45476377264357,-6.8552512123433162],[115.45476385655775,-6.8552602308551576],[115.45477288006104,-6.8552601469872707],[115.4547729639755,-6.8552691654990126],[115.45478198747884,-6.8552690816308459],[115.45478207139358,-6.8552781001424385],[115.45479109489699,-6.8552780162739921],[115.45479117881202,-6.8552870347854853],[115.45480020231548,-6.8552869509167582],[115.45480053797731,-6.8553230249622432],[115.45480956148135,-6.8553229410929024],[115.45480964539726,-6.8553319596041513],[115.45482769240532,-6.8553317918647423],[115.45482777632169,-6.8553408103757647],[115.45483679982571,-6.8553407265056956],[115.45483688374236,-6.8553497450166008],[115.45484590724645,-6.8553496611462528],[115.45484607508043,-6.8553676981678286],[115.45485509858473,-6.855367614297089],[115.45485518250204,-6.8553766328077579],[115.45486420600642,-6.8553765489367384],[115.454864289924,-6.8553855674472928],[115.45487331342845,-6.8553854835759935],[115.45487339734632,-6.8553945020864324],[115.45488242085079,-6.8553944182148525],[115.45488250476897,-6.8554034367251742],[115.45489152827351,-6.8554033528533163],[115.45489169611052,-6.855421389873726],[115.45490974311993,-6.8554212221290554],[115.45490991095805,-6.8554392591490023],[115.45487381693742,-6.8554395946385585],[115.45487373301897,-6.8554305761281586],[115.45484666250285,-6.8554308277432225],[115.45484657858502,-6.8554218092324497],[115.45482853157404,-6.8554219769747622],[115.45482844765665,-6.8554129584637797],[115.45480137713984,-6.8554132100756462],[115.45480129322307,-6.8554041915643262],[115.4547922697174,-6.8554042754345001],[115.45479218580094,-6.8553952569230638]],[[115.45443074203239,-6.855344500491948],[115.45442171852329,-6.8553445843544321],[115.45442155070586,-6.8553265473223632],[115.45443057421463,-6.8553264634601012],[115.45443074203239,-6.855344500491948]],[[115.45443049030591,-6.8553174449441547],[115.4544214667973,-6.8553175288063057],[115.45442138288888,-6.8553085102902784],[115.45443040639731,-6.8553084264282376],[115.45443049030591,-6.8553174449441547]],[[115.45455673550364,-6.8553072523419871],[115.45456575901039,-6.8553071684774203],[115.45456584292153,-6.8553161869916668],[115.45455681941462,-6.8553162708563455],[115.45455673550364,-6.8553072523419871]],[[115.45438503713135,-6.8552817901872523],[115.4543579666055,-6.8552820417693345],[115.454357798792,-6.8552640047356457],[115.45436682230041,-6.8552639208753421],[115.45436690620726,-6.8552729393920959],[115.45438495322405,-6.8552727716707613],[115.45438503713135,-6.8552817901872523]],[[115.45442096334837,-6.8552634177099829],[115.45443901036349,-6.8552632499868498],[115.45443909427168,-6.855272268502711],[115.45442104725626,-6.8552724362260671],[115.45442096334837,-6.8552634177099829]],[[115.45500908558441,-6.8554293180300894],[115.45501810908787,-6.8554292341555367],[115.45501819300902,-6.855438252664154],[115.45502721651252,-6.8554381687893216],[115.4550273843555,-6.8554562058063544],[115.45500933734768,-6.8554563735562981],[115.45500908558441,-6.8554293180300894]],[[115.45471789991137,-6.8551704650678911],[115.45469985290667,-6.855170632799247],[115.45469976899481,-6.8551616142865823],[115.45469074549247,-6.8551616981518979],[115.45469066158088,-6.8551526796391],[115.45468163807858,-6.8551527635041341],[115.45468147025611,-6.8551347264783553],[115.45469049375808,-6.8551346426135433],[115.45469040984685,-6.8551256241007508],[115.45469943334854,-6.8551255402358819],[115.45469951725994,-6.8551345587485644],[115.45470854076166,-6.8551344748834149],[115.45470870858514,-6.8551525119085266],[115.45471773208712,-6.8551524280429872],[115.45471789991137,-6.8551704650678911]],[[115.45446440273471,-6.8550826280897441],[115.45444635572704,-6.8550827958094347],[115.45444585229272,-6.8550286847144131],[115.45447292280102,-6.855028433136626],[115.45447275498945,-6.8550103961055857],[115.45448177849165,-6.8550103122462085],[115.45448161068022,-6.8549922752153734],[115.45449063418198,-6.8549921913560512],[115.45449055027625,-6.854983172840738],[115.45449957377774,-6.8549830889813581],[115.45449948987195,-6.8549740704661524],[115.45452656037516,-6.8549738188873368],[115.45452664428146,-6.8549828374022086],[115.45453566778248,-6.8549827535421555],[115.45453583559572,-6.8550007905716646],[115.45451778859288,-6.8550009582920479],[115.45451787249934,-6.8550099768070174],[115.45450884899758,-6.8550100606670687],[115.45450901681049,-6.8550280976972191],[115.45449096980596,-6.8550282654172596],[115.45449105371226,-6.8550372839325515],[115.45448203020965,-6.8550373677924297],[115.45448211411586,-6.8550463863078281],[115.45447309061301,-6.8550464701676521],[115.45447317451917,-6.8550554886831554],[115.45446415101603,-6.855055572542919],[115.45446440273471,-6.8550826280897441]],[[115.45412033492299,-6.8549595553705407],[115.45411131141725,-6.8549596392225078],[115.45411122751908,-6.8549506207024846],[115.45412025102463,-6.8549505368506276],[115.45412033492299,-6.8549595553705407]],[[115.45403878778086,-6.854924235948566],[115.45402074076866,-6.8549244036484085],[115.45402057297669,-6.8549063666061105],[115.4540386199882,-6.8549061989067139],[115.45403878778086,-6.854924235948566]],[[115.4542821706991,-6.8548949163809718],[115.4542731471966,-6.8548950002351932],[115.45427297939585,-6.8548769631991213],[115.45428200289803,-6.8548768793451229],[115.4542821706991,-6.8548949163809718]],[[115.45403719376891,-6.8547528840504208],[115.45404621727167,-6.8547528002023626],[115.45404630116617,-6.8547618187232455],[115.45407337167421,-6.8547615671777233],[115.45407345556933,-6.8547705856982679],[115.45408247907197,-6.8547705018493144],[115.45408256296736,-6.8547795203697426],[115.45413670398175,-6.8547790172718024],[115.45413678787828,-6.8547880357915583],[115.45414581138046,-6.8547879519412005],[115.45414572748373,-6.8547789334215548],[115.45415475098564,-6.8547788495711401],[115.45415466708886,-6.8547698310516019],[115.45418173759333,-6.8547695794996795],[115.45418165369618,-6.8547605609804707],[115.45419970069827,-6.8547603932785695],[115.45420020408493,-6.8548145043924205],[115.45419118058294,-6.8548145882441229],[115.45419126448095,-6.854823606763194],[115.45417321747628,-6.8548237744663165],[115.45417330137404,-6.8548327929856088],[115.45418232487663,-6.8548327091340182],[115.45418249267287,-6.854850746172362],[115.45417346916996,-6.8548508300241719],[115.45417355306809,-6.8548598485434651],[115.45416452956492,-6.8548599323952191],[115.45416444566695,-6.8548509138758149],[115.45411932815021,-6.8548513331315011],[115.45411924425321,-6.8548423146115525],[115.45411022074968,-6.8548423984620728],[115.45411005295637,-6.8548243614219393],[115.45408298244617,-6.8548246129718216],[115.45408289855018,-6.8548155944514155],[115.45407387504672,-6.8548156783009269],[115.454073791151,-6.8548066597804045],[115.45406476764759,-6.8548067436296369],[115.45406468375216,-6.8547977251089982],[115.45405566024883,-6.8547978089579509],[115.45405557635371,-6.8547887904371958],[115.45404655285041,-6.8547888742858687],[115.45404646895555,-6.8547798557649982],[115.45403744545229,-6.8547799396133922],[115.45403719376891,-6.8547528840504208],[115.45402817026607,-6.8547529678983121],[115.45402808637201,-6.8547439493771849],[115.45403710987468,-6.8547438655294055],[115.45403719376891,-6.8547528840504208]],[[115.45421741210968,-6.8547241515008954],[115.4542083886096,-6.8547242353518225],[115.4542080530219,-6.8546881612762087],[115.45419902952234,-6.8546882451265221],[115.45419886172951,-6.8546702080884669],[115.45421690872777,-6.8546700403881173],[115.45421674093471,-6.8546520033505063],[115.45425283492851,-6.8546516679486764],[115.45425275103149,-6.8546426494302848],[115.4542888450228,-6.8546423140262061],[115.45428876112521,-6.8546332955082709],[115.4542977846226,-6.8546332116569415],[115.45429786852036,-6.8546422301747647],[115.45433396250941,-6.8546418947673153],[115.45433404640796,-6.8546509132847051],[115.45434306990515,-6.8546508294323099],[115.45434315380398,-6.8546598479495513],[115.45436120079827,-6.8546596802440325],[115.45436111689908,-6.854650661727014],[115.45437916389261,-6.854650494021044],[115.45437907999322,-6.8546414755042111],[115.45438810348963,-6.854641391651084],[115.45438835518868,-6.8546684472011865],[115.45437933169173,-6.8546685310546476],[115.45437958339129,-6.8546955866050281],[115.45439763038604,-6.8546954188972702],[115.45439771428646,-6.8547044374138535],[115.4544157612811,-6.8547042697052003],[115.45441592908294,-6.8547223067378775],[115.45440690558533,-6.854722390592511],[115.45440698948624,-6.854731409108954],[115.45436187199574,-6.8547318283801522],[115.45436203979624,-6.8547498654141386],[115.45435301629745,-6.8547499492680952],[115.45435318409807,-6.8547679863022859],[115.45434416059885,-6.8547680701562985],[115.45434424449915,-6.8547770886734973],[115.45433522099962,-6.8547771725274522],[115.45433530489986,-6.8547861910447585],[115.45434432839957,-6.8547861071906935],[115.4543444123001,-6.8547951257078852],[115.45435343579983,-6.8547950418535413],[115.4543536875026,-6.854822097404754],[115.45433564050199,-6.8548222651139437],[115.45433547270071,-6.8548042280793604],[115.45431742570034,-6.8548043957874309],[115.45431759350096,-6.8548224328224601],[115.45430857000026,-6.8548225166764638],[115.45430831830002,-6.8547954611235795],[115.45429929479971,-6.8547955449770823],[115.45429954649946,-6.8548226005303015],[115.45428149949751,-6.8548227682374678],[115.45428133169824,-6.8548047312015488],[115.45426328469649,-6.8548048989075969],[115.4542634524951,-6.8548229359439619],[115.45424540549223,-6.8548231036497809],[115.45424532159322,-6.8548140851313777],[115.45425434509453,-6.8548140012786636],[115.45425426119546,-6.854804982760367],[115.45424523769431,-6.854805066612971],[115.45424515379553,-6.8547960480945589],[115.45423613029442,-6.8547961319468822],[115.45423604639592,-6.8547871134283538],[115.4542270228949,-6.8547871972803955],[115.45422693899667,-6.8547781787617543],[115.45421791549568,-6.8547782626135172],[115.45421783159773,-6.854769244094757],[115.45422685509855,-6.854769160243106],[115.45422677120055,-6.8547601417244532],[115.45421774769989,-6.854760225575995],[115.45421741210968,-6.8547241515008954]],[[115.45400076418328,-6.8547171453551679],[115.45399174068065,-6.8547172292019392],[115.45399165678769,-6.8547082106803652],[115.45397360978247,-6.8547083783731795],[115.45397344199759,-6.854690341329575],[115.45400051250428,-6.8546900897907692],[115.45400076418328,-6.8547171453551679]],[[115.45394611981493,-6.8546635373004214],[115.45393709631263,-6.8546636211455123],[115.45393692853025,-6.8546455841009726],[115.4539459520322,-6.8546455002561038],[115.45394611981493,-6.8546635373004214]],[[115.45455052640587,-6.8546398822659969],[115.45455954990013,-6.8546397984096687],[115.45455938209493,-6.8546217613804759],[115.454550358601,-6.854621845236581],[115.45455027469873,-6.8546128267218673],[115.45455929819248,-6.8546127428658732],[115.45455913038796,-6.8545947058366536],[115.454541083401,-6.8545948735480282],[115.45454099949924,-6.8545858550331893],[115.45455904648587,-6.8545856873220377],[115.45455896258389,-6.8545766688074181],[115.45457700956975,-6.8545765010958153],[115.45457692566754,-6.8545674825814125],[115.45458594916012,-6.8545673987254707],[115.45458586525784,-6.8545583802111754],[115.45459488875017,-6.854558296355175],[115.45459497265259,-6.8545673148693593],[115.45461301963719,-6.8545671471566312],[115.45461310354007,-6.854576165670589],[115.45462212703237,-6.8545760818138595],[115.45462221093553,-6.854585100327701],[115.45463123442788,-6.8545850164706943],[115.45463131833132,-6.8545940349844185],[115.45464034182375,-6.8545939511271303],[115.45464042572746,-6.8546029696407391],[115.45464944921991,-6.8546028857831729],[115.45465003655033,-6.8546660153775365],[115.45464101305669,-6.8546660992358834],[115.45464109696132,-6.8546751177494585],[115.45463207346739,-6.8546752016077486],[115.45463215737195,-6.8546842201214293],[115.45462313387775,-6.8546843039796617],[115.45462321778227,-6.8546933224934339],[115.45461419428776,-6.8546934063516094],[115.45461427819222,-6.8547024248655219],[115.45460525469746,-6.8547025087236397],[115.45460533860187,-6.8547115272376411],[115.45457826811636,-6.8547117788113194],[115.45457843592449,-6.8547298158399794],[115.45456038893292,-6.8547299835553677],[115.4545599694151,-6.8546848909825728],[115.45455094591998,-6.8546849748394587],[115.45455052640587,-6.8546398822659969]],[[115.45455136543696,-6.8547300674128087],[115.45453331844469,-6.8547302351271862],[115.45453323454143,-6.8547212166123019],[115.45455128153334,-6.8547210488981483],[115.45455136543696,-6.8547300674128087]],[[115.45439804988925,-6.8547405114800632],[115.45440707338729,-6.8547404276253756],[115.45440715728844,-6.8547494461418266],[115.45439813379024,-6.8547495299966261],[115.45439804988925,-6.8547405114800632]],[[115.45446797255033,-6.8544963407135171],[115.4544499255648,-6.8544965084190705],[115.45445000946373,-6.8545055269350668],[115.45440489199711,-6.8545059461965598],[115.45440480809903,-6.8544969276800076],[115.4543777376182,-6.8544971792345484],[115.45437765372073,-6.85448816071764],[115.45434155974539,-6.8544884961208883],[115.45434130805566,-6.8544614405688691],[115.45433228456204,-6.8544615244189249],[115.45433220066585,-6.8544525059014596],[115.4543231771723,-6.8544525897512365],[115.4543230932764,-6.8544435712336726],[115.4543140697829,-6.8544436550831689],[115.45431398588727,-6.8544346365654549],[115.45429593890027,-6.8544348042637218],[115.45429568721509,-6.8544077487099351],[115.45428666372193,-6.8544078325584819],[115.45428616035568,-6.8543537214501233],[115.45430420733986,-6.8543535537541986],[115.45430437512883,-6.8543715907898903],[115.45431339862111,-6.8543715069414519],[115.45431323083179,-6.8543534699059823],[115.4543222543236,-6.8543533860575989],[115.45432217042897,-6.8543443675399685],[115.45434021741191,-6.8543441998429184],[115.4543403013069,-6.854353218360326],[115.45435834828972,-6.8543530506623789],[115.45435843218517,-6.854362069179559],[115.45437647916791,-6.8543619014807149],[115.45437656306379,-6.8543709199976677],[115.45441265702858,-6.854370584597512],[115.45441257313202,-6.854361566081006],[115.45446671407474,-6.8543610629763849],[115.45446679797233,-6.8543700814922248],[115.45445777448199,-6.8543701653435276],[115.45445794227717,-6.854388202375417],[115.45446696576784,-6.8543881185238904],[115.45446738525858,-6.854433211102978],[115.45445836176704,-6.8544332949550606],[115.45445844566537,-6.8544423134709929],[115.45444942217355,-6.8544423973230169],[115.45444958997017,-6.854460434355043],[115.45445861346235,-6.8544603505027943],[115.45445869736101,-6.8544693690186973],[115.45446772085317,-6.8544692851661697],[115.45446797255033,-6.8544963407135171]],[[115.45481216292718,-6.8556025149395694],[115.4548031394179,-6.8556025988123617],[115.45480322333715,-6.8556116173235857],[115.45479419982763,-6.8556117011963194],[115.45479428374682,-6.8556207197076509],[115.45478526023699,-6.8556208035803285],[115.45478534415612,-6.8556298220917657],[115.45477632064602,-6.8556299059643866],[115.4547764045651,-6.855638924475949],[115.45476738105474,-6.8556390083485121],[115.45476712929833,-6.8556119528135149],[115.45478517631797,-6.855611785068886],[115.45478492456158,-6.8555847295345336],[115.45479394807074,-6.8555846456623017],[115.45479386415198,-6.8555756271509525],[115.45482093467825,-6.8555753755335793],[115.45482101859749,-6.8555843940445929],[115.4548119950887,-6.8555844779173309],[115.45481216292718,-6.8556025149395694],[115.45482118643632,-6.8556024310666075],[115.45482110251686,-6.8555934125556028],[115.45484817304312,-6.855593160936043],[115.45484825696309,-6.8556021794467137],[115.45483923345428,-6.8556022633201801],[115.45483931737421,-6.8556112818309591],[115.4548122468466,-6.8556115334506815],[115.45481216292718,-6.8556025149395694]],[[115.4547669614613,-6.8555939157901715],[115.45475793795163,-6.8555939996620099],[115.45475810578833,-6.8556120366855762],[115.45474908227821,-6.8556121205574678],[115.45474899835999,-6.8556031020455768],[115.45473997484994,-6.8556031859171886],[115.45473989093196,-6.8555941674051821],[115.45472184391187,-6.8555943351476785],[115.45472175999438,-6.8555853166354437],[115.45473078350432,-6.8555852327643922],[115.45473069958676,-6.8555762142522632],[115.45475777011539,-6.8555759626384276],[115.45475785403346,-6.855584981150221],[115.45476687754295,-6.8555848972784945],[115.4547669614613,-6.8555939157901715]]],[[[115.45172214248706,-6.8542332306326994],[115.45170409544362,-6.8542333982286792],[115.45170417928767,-6.8542424167786535],[115.45168613224348,-6.8542425843741812],[115.45168621608734,-6.854251602924375],[115.45167719256489,-6.854251686721998],[115.45167727640869,-6.8542607052723143],[115.45168629993131,-6.8542606214745811],[115.45168646761957,-6.8542786585749287],[115.45170451466511,-6.8542784909785102],[115.4517044308206,-6.8542694724285527],[115.45172247786537,-6.854269304831683],[115.45172239402061,-6.8542602862819608],[115.45173141754267,-6.854260202483383],[115.45173133369786,-6.8542511839337346],[115.45172231017597,-6.8542512677321996],[115.45172214248706,-6.8542332306326994]]],[[[115.45365317352268,-6.8542152939684513],[115.45365308964229,-6.8542062754425128],[115.45364406614497,-6.8542063592765352],[115.45364415002518,-6.8542153778025856],[115.45365317352268,-6.8542152939684513]]],[[[115.4514964705717,-6.854226306981464],[115.45149638673172,-6.854217288428921],[115.45148736320758,-6.8542173722225597],[115.45148744704738,-6.8542263907752137],[115.4514964705717,-6.854226306981464]]],[[[115.45349927078676,-6.8541626079587497],[115.45349910303321,-6.8541445709030304],[115.45349007953519,-6.8541446547334095],[115.45349024728839,-6.8541626917893508],[115.45349927078676,-6.8541626079587497]]],[[[115.4514147558198,-6.8541729497978165],[115.45142377934401,-6.8541728660060821],[115.45142361166822,-6.8541548288991585],[115.45141458814436,-6.8541549126906709],[115.45141467198204,-6.8541639312442459],[115.45139662493362,-6.8541640988269865],[115.45139670877106,-6.8541731173807809],[115.45140573229548,-6.8541730335893822],[115.4514058161332,-6.8541820521430594],[115.45141483965769,-6.8541819683513836],[115.4514147558198,-6.8541729497978165]]],[[[115.45160399828072,-6.8541441344822704],[115.45159497475929,-6.8541442182770416],[115.4515950586002,-6.8541532368284122],[115.45157701155665,-6.8541534044176711],[115.45157717923817,-6.854171441520811],[115.45154108514834,-6.8541717766981973],[115.4515410013082,-6.8541627581461846],[115.45150490721728,-6.8541630933204285],[115.45150507489633,-6.8541811304253413],[115.45153214546572,-6.8541808790442413],[115.4515322293059,-6.854189897596358],[115.45154125282896,-6.8541898138022104],[115.4515411689886,-6.8541807952502056],[115.45158628660141,-6.8541803762774967],[115.45158653812538,-6.8542074319318269],[115.45159556164811,-6.8542073481364456],[115.45159531012366,-6.8541802924824484],[115.45160433364576,-6.8541802086872332],[115.45160399828072,-6.8541441344822704]]],[[[115.45145962192417,-6.8541454751783837],[115.4514595380859,-6.8541364566253744],[115.45145051456281,-6.8541365404173371],[115.45145059840091,-6.8541455589704592],[115.45145962192417,-6.8541454751783837]]],[[[115.45132410139223,-6.8541286949324345],[115.45130605434292,-6.8541288625109154],[115.45130613817823,-6.8541378810658387],[115.45131516170312,-6.8541377972765716],[115.45131524553869,-6.8541468158313625],[115.45132426906363,-6.8541467320418157],[115.45132410139223,-6.8541286949324345]]],[[[115.45164894820267,-6.8541256784045173],[115.45162187764075,-6.854125929790186],[115.45162196148195,-6.8541349483412146],[115.4516129379609,-6.8541350321362113],[115.45161302180205,-6.8541440506873306],[115.45162204532325,-6.8541439668922228],[115.45162212916469,-6.8541529854432603],[115.45163115268593,-6.8541529016478719],[115.45163123652765,-6.8541619201987771],[115.45167635413314,-6.8541615012187549],[115.45167618644817,-6.854143464118037],[115.45166716292762,-6.8541435479141546],[115.45166707908548,-6.8541345293637033],[115.45164903204439,-6.8541346969552137],[115.45164894820267,-6.8541256784045173]]],[[[115.45382369724017,-6.8541144973256012],[115.45382361335786,-6.8541054788017286],[115.45381458986454,-6.8541055626377272],[115.45381467374671,-6.8541145811617108],[115.45382369724017,-6.8541144973256012]]],[[[115.45127906760291,-6.8541381324326318],[115.45128809112811,-6.8541380486438683],[115.4512879234583,-6.8541200115335723],[115.45126987640843,-6.8541201791104829],[115.45127021174716,-6.8541562533319489],[115.45128825879837,-6.8541560857541484],[115.45128817496317,-6.8541470671989941],[115.4512791514378,-6.8541471509878686],[115.45127906760291,-6.8541381324326318]]],[[[115.45174820692112,-6.8541247566440981],[115.45174812307768,-6.854115738094622],[115.45173909955857,-6.8541158218917548],[115.45173918340186,-6.854124840441342],[115.45174820692112,-6.8541247566440981]]],[[[115.45156756883377,-6.8541083954535624],[115.45156790419429,-6.8541444696603415],[115.45157692771606,-6.8541443858660775],[115.45157659235487,-6.8541083116597417],[115.45156756883377,-6.8541083954535624]]],[[[115.45185632145302,-6.8541057139677379],[115.45184729793543,-6.8541057977667812],[115.45184738178062,-6.8541148163150369],[115.45182933474473,-6.8541149839128419],[115.45182958627996,-6.8541420395582353],[115.45183860979847,-6.8541419557590819],[115.45183852595309,-6.8541329372107462],[115.45186559650742,-6.8541326858126128],[115.45186542881603,-6.8541146487165587],[115.45185640529837,-6.8541147325158827],[115.45185632145302,-6.8541057139677379]]],[[[115.45156756883377,-6.8541083954535624],[115.4515674849939,-6.8540993769018694],[115.45155846147286,-6.8540994606954113],[115.45155854531254,-6.8541084792472153],[115.45156756883377,-6.8541083954535624]]],[[[115.45168462307349,-6.8540802504699512],[115.45168453923178,-6.8540712319196748],[115.45166649219352,-6.8540713995103006],[115.45166657603491,-6.8540804180607999],[115.45168462307349,-6.8540802504699512]]],[[[115.45412088524867,-6.8540486009979551],[115.45408479129374,-6.8540489363605088],[115.45408487518029,-6.8540579548811786],[115.45407585169107,-6.8540580387215071],[115.45407593557756,-6.8540670572422853],[115.45406691208811,-6.854067141082556],[115.45406716374775,-6.8540941966451943],[115.4540761872377,-6.8540941128045896],[115.45407643889889,-6.8541211683668362],[115.4540674154084,-6.8541212522077766],[115.45406758318273,-6.8541392892495026],[115.45407660667355,-6.854139205408341],[115.45407677444868,-6.8541572424498103],[115.45409482143066,-6.854157074766535],[115.45409490531873,-6.8541660932870405],[115.45413099928203,-6.8541657579180244],[115.45413108317088,-6.8541747764380787],[115.45414010666158,-6.8541746925952918],[115.45414002277255,-6.8541656740753476],[115.45414904626296,-6.854165590232502],[115.45414896237386,-6.8541565717126653],[115.45415798586403,-6.8541564878697656],[115.4541579019749,-6.8541474693500337],[115.45416692546475,-6.8541473855070754],[115.45416642213128,-6.8540932743892666],[115.45415739864245,-6.8540933582315571],[115.4541573147541,-6.8540843397117959],[115.45414829126528,-6.8540844235538056],[115.45414812348926,-6.8540663865140488],[115.45413007651204,-6.8540665541971171],[115.45412999262453,-6.8540575356770086],[115.4541209691359,-6.8540576195181799],[115.45412088524867,-6.8540486009979551]]],[[[115.45179273760822,-6.8540612078128191],[115.45176566705524,-6.8540614592042379],[115.45176575089835,-6.8540704777535186],[115.4517567273803,-6.854070561550432],[115.45175689506652,-6.8540885986492004],[115.4517659185849,-6.8540885148520641],[115.45176600242837,-6.8540975334013465],[115.45180209650148,-6.8540971982106713],[115.45180192881335,-6.8540791611130079],[115.45179290529556,-6.8540792449107082],[115.45179273760822,-6.8540612078128191]]],[[[115.45186526112508,-6.8540966116205038],[115.45186517727979,-6.8540875930724443],[115.45187420079684,-6.8540875092732856],[115.4518739492611,-6.854060453629466],[115.45185590222792,-6.8540606212269477],[115.45185598607272,-6.8540696397751137],[115.45184696255578,-6.854069723573712],[115.45184721409035,-6.854096779218537],[115.45186526112508,-6.8540966116205038]]],[[[115.45172940529849,-6.8540437572909738],[115.45171135826237,-6.8540439248826175],[115.45171144210424,-6.8540529434325901],[115.45172046562251,-6.8540528596367416],[115.45172063330693,-6.8540708967364017],[115.45172965682546,-6.8540708129401615],[115.45172940529849,-6.8540437572909738]]],[[[115.45183777134993,-6.8540517702753752],[115.4518376875057,-6.8540427517269604],[115.45181964047229,-6.854042919322648],[115.45181972431618,-6.8540519378712847],[115.45183777134993,-6.8540517702753752]]],[[[115.45193661079816,-6.8540057557498919],[115.45190954025361,-6.8540060071473965],[115.45190962409875,-6.8540150256949204],[115.4519006005835,-6.8540151094938633],[115.45190076827377,-6.8540331465891242],[115.45191881530481,-6.8540329789906265],[115.45191889915046,-6.8540419975380278],[115.45192792266596,-6.8540419137384152],[115.45192783882015,-6.8540328951911249],[115.4519368623354,-6.8540328113914555],[115.45193677848955,-6.8540237928442718],[115.45194580200449,-6.8540237090445455],[115.45194571815858,-6.8540146904974693],[115.45193669464379,-6.8540147742970845],[115.45193661079816,-6.8540057557498919]]],[[[115.45227958812623,-6.8540115897932248],[115.45227950427419,-6.8540025712502626],[115.45227048076377,-6.8540026550560009],[115.45227056461565,-6.8540116735990759],[115.45227958812623,-6.8540115897932248]]],[[[115.45287505571335,-6.8539970396989407],[115.45286603221039,-6.8539971235157999],[115.45286628379972,-6.8540241791229732],[115.45288433080658,-6.8540240114884172],[115.45288416307957,-6.8540059744174195],[115.45287513957652,-6.8540060582345586],[115.45287505571335,-6.8539970396989407]]],[[[115.45290204235806,-6.8539877697120621],[115.45290195849462,-6.8539787511767702],[115.45291098199681,-6.8539786673594598],[115.45291089813333,-6.8539696488242745],[115.45289285112916,-6.8539698164585054],[115.4528930188556,-6.8539878535293166],[115.45290204235806,-6.8539877697120621]]],[[[115.4511513969325,-6.8539950085480363],[115.45115122927136,-6.8539769714342613],[115.45113318222349,-6.8539771390025566],[115.45113334988396,-6.8539951761167774],[115.4511513969325,-6.8539950085480363]]],[[[115.45174669775632,-6.8539624227528586],[115.45173767424005,-6.8539625065481005],[115.45173775808144,-6.8539715250977622],[115.45172873456488,-6.8539716088929463],[115.4517288184062,-6.8539806274427155],[115.45173784192289,-6.8539805436474195],[115.451738093448,-6.8540075992963665],[115.45174711696508,-6.8540075155005686],[115.45174669775632,-6.8539624227528586]]],[[[115.45166548610594,-6.8539631769039655],[115.45167450962307,-6.8539630931100728],[115.45167434194306,-6.8539450560091781],[115.45163824787508,-6.8539453911828501],[115.45163849939327,-6.8539724468355212],[115.45164752291095,-6.8539723630420211],[115.45164769059062,-6.8539904001435579],[115.45165671410852,-6.8539903163496678],[115.45165663026843,-6.8539812977990131],[115.45166565378605,-6.8539812140050662],[115.45166548610594,-6.8539631769039655]]],[[[115.45083515439512,-6.8539528480997456],[115.45083507057097,-6.8539438295389266],[115.45081702351654,-6.8539439970945368],[115.45081710734036,-6.8539530156555788],[115.45083515439512,-6.8539528480997456]]],[[[115.45171035216873,-6.8539357022827829],[115.45170132865249,-6.8539357860770167],[115.45170166401458,-6.8539718602774879],[115.45171971104824,-6.8539716926879626],[115.45171945952549,-6.8539446370382962],[115.45171043600925,-6.8539447208328088],[115.45171035216873,-6.8539357022827829]]],[[[115.45211641028106,-6.8539319313678808],[115.45208031623591,-6.8539322665741329],[115.45208040008332,-6.8539412851195953],[115.45209844710647,-6.8539411175165839],[115.45209853095436,-6.8539501360618038],[115.45212560148875,-6.8539498846556892],[115.45212568533722,-6.8539589032005699],[115.45213470884863,-6.8539588193980832],[115.45213454115141,-6.8539407823085394],[115.45211649412916,-6.8539409499128991],[115.45211641028106,-6.8539319313678808]]],[[[115.45217965870505,-6.8539403632946909],[115.45217063519455,-6.8539404470977967],[115.45217071904376,-6.8539494656421267],[115.45216169553298,-6.8539495494451765],[115.45216177938214,-6.8539585679896122],[115.45217080289312,-6.8539584841864514],[115.45217097059214,-6.8539765212750874],[115.45218901761437,-6.8539763536678153],[115.4521891014644,-6.8539853722119055],[115.4521981249755,-6.8539852884079053],[115.45219820882579,-6.8539943069518783],[115.45218918531451,-6.8539943907559895],[115.45218926916476,-6.8540034093000699],[115.4521982926762,-6.8540033254958477],[115.45219837652671,-6.8540123440398117],[115.45220740003822,-6.8540122602353097],[115.45220748388903,-6.8540212787791583],[115.45221650740061,-6.8540211949743757],[115.45221659125171,-6.8540302135181097],[115.45224366178621,-6.8540299621024179],[115.45224374563793,-6.8540389806458126],[115.45225276914935,-6.8540388968401356],[115.45225268529749,-6.8540298782968501],[115.45226170880868,-6.8540297944911153],[115.45226162495676,-6.8540207759479381],[115.45225260144574,-6.8540208597535628],[115.45225251759409,-6.8540118412102702],[115.45224349408315,-6.8540119250156142],[115.45224341023179,-6.854002906472207],[115.45220731618753,-6.8540032416914567],[115.4522069807859,-6.8539671675159992],[115.45219795727523,-6.8539672513199452],[115.45219787342528,-6.8539582327759581],[115.45220689693578,-6.853958148972124],[115.45220672923585,-6.8539401118843601],[115.45219770572569,-6.8539401956879722],[115.4521976218761,-6.8539311771439566],[115.45218859836599,-6.853931260947288],[115.45218851451665,-6.8539222424031898],[115.45217046749643,-6.8539224100091252],[115.45217055134543,-6.8539314285534463],[115.45217957485575,-6.8539313447504515],[115.45217965870505,-6.8539403632946909],[115.45218868221544,-6.8539402794914155],[115.45218876606501,-6.8539492980355226],[115.45217974255443,-6.8539493818389081],[115.45217965870505,-6.8539403632946909]]],[[[115.45110560867515,-6.8539232790089661],[115.4510965851517,-6.8539233627916882],[115.45109666898053,-6.8539323813492716],[115.45108764545682,-6.853932465131936],[115.4510877292856,-6.85394148368961],[115.45107870576157,-6.8539415674722175],[115.45107878959028,-6.8539505860300336],[115.45108781311447,-6.8539505022473133],[115.45108806460182,-6.8539775579203477],[115.45109708812636,-6.8539774741371255],[115.45109700429695,-6.8539684555795652],[115.45111505134543,-6.8539682880128385],[115.45111479985691,-6.8539412323407767],[115.45110577633325,-6.8539413161238896],[115.45110560867515,-6.8539232790089661]]],[[[115.45217046749643,-6.8539224100091252],[115.45217038364754,-6.8539133914647836],[115.45216136013742,-6.8539134752673876],[115.45216144398613,-6.853922493811841],[115.45217046749643,-6.8539224100091252]]],[[[115.45210679983757,-6.8538688853538012],[115.45208875281735,-6.8538690529553703],[115.45208883666415,-6.8538780715007368],[115.45209786017449,-6.8538779876999243],[115.45209794402159,-6.8538870062451913],[115.45210696753196,-6.8538869224441008],[115.45210679983757,-6.8538688853538012]]],[[[115.45075310442371,-6.8538634164774601],[115.45073505737028,-6.8538635840280335],[115.45073514119159,-6.8538726025900996],[115.45074416471851,-6.8538725188147849],[115.4507442485401,-6.8538815373767337],[115.45075327206709,-6.8538814536011401],[115.45075335588895,-6.8538904721629734],[115.45076237941601,-6.8538903883871001],[115.45076229559399,-6.8538813698253769],[115.45078034264741,-6.853881202273346],[115.45078025882516,-6.8538721837118413],[115.45075318824534,-6.8538724350393014],[115.45075310442371,-6.8538634164774601]]],[[[115.4510869748307,-6.8538603166702519],[115.45106892778563,-6.8538604842332944],[115.45106909544081,-6.8538785213491877],[115.45106007191777,-6.8538786051306788],[115.45106015574537,-6.8538876236887303],[115.45106917926857,-6.8538875399071273],[115.45106934692441,-6.853905577022994],[115.45107837044786,-6.8539054932410002],[115.4510782866197,-6.8538964746831974],[115.45109633366592,-6.8538963071189265],[115.45109624983753,-6.8538872885613076],[115.45108722631466,-6.8538873723434159],[115.4510869748307,-6.8538603166702519]]],[[[115.45195331630708,-6.8538612913986094],[115.45196233981879,-6.8538612076005476],[115.45196225597456,-6.8538521890536144],[115.45195323246303,-6.8538522728515643],[115.45195331630708,-6.8538612913986094]]],[[[115.45203452790828,-6.8538605372099912],[115.4520344440627,-6.8538515186639497],[115.45202542055209,-6.8538516024632479],[115.45202550439748,-6.8538606210094013],[115.45203452790828,-6.8538605372099912]]],[[[115.45104219252596,-6.8538968098097168],[115.4510421086986,-6.85388779125143],[115.45105113222202,-6.8538877074701645],[115.45105079691304,-6.8538516332375066],[115.45104177339027,-6.853851717018328],[115.45104185721718,-6.8538607355765979],[115.45103283369411,-6.8538608193573598],[115.45103291752098,-6.8538698379157541],[115.45102389399766,-6.8538699216964609],[115.45102414547841,-6.8538969773719653],[115.45104219252596,-6.8538968098097168]]],[[[115.45105965278152,-6.8538335123403584],[115.4510506292592,-6.8538335961211256],[115.45105071308606,-6.8538426146793094],[115.45105973660856,-6.8538425308984312],[115.45105965278152,-6.8538335123403584]]],[[[115.45077081618993,-6.8538271746796866],[115.45077073236855,-6.8538181561180442],[115.45076170884298,-6.8538182398931964],[115.4507617926642,-6.8538272584549507],[115.45077081618993,-6.8538271746796866]]],[[[115.4506531750701,-6.8537921894925944],[115.45065309125134,-6.8537831709294705],[115.45064406772497,-6.8537832547019892],[115.45064415154356,-6.8537922732652223],[115.4506531750701,-6.8537921894925944]]],[[[115.45062602067185,-6.8537834222465177],[115.4506259368537,-6.8537744036830901],[115.45061691332715,-6.8537744874549906],[115.45061699714512,-6.8537835060185284],[115.45062602067185,-6.8537834222465177]]],[[[115.4505805677686,-6.8537477668488798],[115.45057154424197,-6.8537478506196043],[115.45057171187568,-6.8537658877478487],[115.45058975892945,-6.8537657202057876],[115.4505896751122,-6.8537567016418892],[115.45058065158555,-6.8537567854128936],[115.4505805677686,-6.8537477668488798]]],[[[115.45062518249551,-6.853693236611913],[115.45060713544532,-6.8536934041535433],[115.45060721926212,-6.8537024227172321],[115.45059819573669,-6.853702506487906],[115.45059836337028,-6.8537205436155269],[115.45060738689602,-6.8537204598446309],[115.450607303079,-6.8537114412809332],[115.45061632660448,-6.8537113575099804],[115.45061641042166,-6.853720376073567],[115.45063445747265,-6.853720208530933],[115.45063437365513,-6.8537111899675685],[115.45062535012988,-6.8537112737388597],[115.45062518249551,-6.853693236611913]]],[[[115.4502461105368,-6.8536877362764317],[115.45024602672696,-6.8536787177082665],[115.4502550502563,-6.8536786339444982],[115.45025496644642,-6.8536696153764396],[115.45023691938799,-6.8536697829035873],[115.45023700319754,-6.8536788014718679],[115.45020993260853,-6.853679052761656],[115.45021001641767,-6.8536880713302661],[115.4502461105368,-6.8536877362764317]]],[[[115.45043526937978,-6.8536499029362483],[115.45043518556687,-6.8536408843703853],[115.45042616204049,-6.8536409681370785],[115.45042624585321,-6.8536499867030534],[115.45043526937978,-6.8536499029362483]]],[[[115.45033626201518,-6.8536778800629987],[115.4503363458267,-6.8536868986300501],[115.45035439288333,-6.8536867310987528],[115.45035430907149,-6.8536777125319235],[115.45036333259947,-6.8536776287661327],[115.45036308116411,-6.8536505730659671],[115.45037210469145,-6.8536504893003416],[115.45037193706811,-6.853632452167072],[115.4503448664867,-6.8536327034627744],[115.45034495029783,-6.853641722029737],[115.45031787971492,-6.8536419733242582],[115.45031796352563,-6.8536509918915662],[115.45030893999758,-6.8536510756561801],[115.45030902380825,-6.8536600942235637],[115.45030000027995,-6.8536601779881199],[115.45029991646946,-6.8536511594206271],[115.45029089294118,-6.8536512431849044],[115.45029080913096,-6.8536422246172615],[115.45028178560277,-6.853642308381259],[115.45028186941282,-6.8536513269490138],[115.45027284588434,-6.8536514107129527],[115.45027259445506,-6.8536243550093774],[115.450236500342,-6.8536246900621203],[115.45023666796006,-6.8536427271987197],[115.45024569148882,-6.8536426434355642],[115.45024560767958,-6.8536336248673777],[115.45026365473643,-6.8536334573407842],[115.45026398997547,-6.8536695316126135],[115.45027301350443,-6.8536694478486204],[115.45027318112496,-6.8536874849842864],[115.45028220465413,-6.8536874012199016],[115.45028228846472,-6.8536964197876324],[115.45030033552305,-6.8536962522581346],[115.45030025171211,-6.8536872336906249],[115.45032732229821,-6.8536869823954483],[115.45032723848688,-6.8536779638282841],[115.45033626201518,-6.8536778800629987],[115.4503361782038,-6.8536688614959429],[115.45034520173182,-6.8536687777306007],[115.45034528554339,-6.8536777962975446],[115.45033626201518,-6.8536778800629987]]],[[[115.45033575914853,-6.8536237686605945],[115.45033567533781,-6.8536147500935112],[115.45032665181067,-6.8536148338580176],[115.45032673562125,-6.8536238524252111],[115.45033575914853,-6.8536237686605945]]],[[[115.45028145036373,-6.8536062341102664],[115.45028136655425,-6.8535972155425071],[115.4502723430268,-6.8535972993057799],[115.45027242683608,-6.853606317873651],[115.45028145036373,-6.8536062341102664]]],[[[115.44966776642885,-6.85360291106125],[115.44966768263095,-6.8535938924859217],[115.44965865909597,-6.8535939762376268],[115.44965874289372,-6.8536029948130643],[115.44966776642885,-6.85360291106125]]],[[[115.45050687089082,-6.8535861028409446],[115.45050678707734,-6.8535770842759396],[115.4504887400286,-6.8535772518102958],[115.45048882384174,-6.8535862703755228],[115.45050687089082,-6.8535861028409446]]],[[[115.44963150469324,-6.8535852089159359],[115.44963142089624,-6.8535761903401715],[115.44961337382593,-6.8535763578416198],[115.4496134576226,-6.8535853764176062],[115.44963150469324,-6.8535852089159359]]],[[[115.44992919749109,-6.8535734264689818],[115.44992911368864,-6.8535644078968669],[115.44992009015743,-6.8535644916531258],[115.44992017395971,-6.8535735102253508],[115.44992919749109,-6.8535734264689818]]],[[[115.45029907837073,-6.8535609737452656],[115.4502991621801,-6.8535699923128197],[115.45030818570672,-6.8535699085493738],[115.45030810189718,-6.8535608899819316],[115.45029907837073,-6.8535609737452656]]],[[[115.44991098282411,-6.8535555568368709],[115.44991089902221,-6.8535465382645251],[115.44990187549114,-6.8535466220202226],[115.44990195929286,-6.8535556405926794],[115.44991098282411,-6.8535555568368709]]],[[[115.45053377383576,-6.8535678144084997],[115.45053369002201,-6.8535587958438375],[115.45054271354553,-6.8535587120761239],[115.45054254591804,-6.8535406749470091],[115.45053352239485,-6.8535407587145016],[115.45053360620837,-6.8535497772791718],[115.45052458268492,-6.8535498610466066],[115.45052475031196,-6.8535678981761574],[115.45053377383576,-6.8535678144084997]]],[[[115.44961303864039,-6.8535402835375434],[115.44960401510576,-6.8535403672875699],[115.4496040989018,-6.8535493858637198],[115.44959507536684,-6.8535494696136885],[115.44959515916287,-6.8535584881899272],[115.44961320623293,-6.8535583206895989],[115.44961329002938,-6.8535673392656111],[115.44962231356442,-6.8535672555150828],[115.4496221459713,-6.853549218363276],[115.44961312243662,-6.8535493021135823],[115.44961303864039,-6.8535402835375434]]],[[[115.44956750199087,-6.8534956094030717],[115.44956741819615,-6.8534865908264511],[115.44955839466198,-6.8534866745749667],[115.44955847845651,-6.8534956931516984],[115.44956750199087,-6.8534956094030717]]],[[[115.45029907837073,-6.8535609737452656],[115.45029891075234,-6.8535429366101441],[115.45030793427846,-6.8535428528470321],[115.45030734761647,-6.8534797228747459],[115.4502802770413,-6.8534799741612371],[115.45028019323341,-6.8534709555934166],[115.45026214618306,-6.8534711231166794],[115.45026239760608,-6.8534981788207974],[115.45027142113182,-6.8534980950589155],[115.45027150493989,-6.8535071136268337],[115.45025345788797,-6.8535072811506499],[115.45025329027264,-6.8534892440143791],[115.45024426674682,-6.8534893277758124],[115.45024460197732,-6.8535254020487955],[115.45025362550379,-6.8535253182869189],[115.45025370931187,-6.8535343368550299],[115.45026273283835,-6.8535342530928727],[115.45026281664671,-6.8535432716609019],[115.45028988722611,-6.8535430203730856],[115.45029005484416,-6.85356105750843],[115.45029907837073,-6.8535609737452656]]],[[[115.45024426674682,-6.8534893277758124],[115.45024409913228,-6.8534712906392681],[115.45023507560673,-6.8534713744003097],[115.45023499179977,-6.8534623558319279],[115.45021694474863,-6.8534625233532829],[115.45021711236195,-6.8534805604904872],[115.45023515941375,-6.8534803929686863],[115.45023524322094,-6.8534894115370752],[115.45024426674682,-6.8534893277758124]]],[[[115.45040509781604,-6.8533164672845581],[115.45040518162438,-6.8533254858508785],[115.45041420514512,-6.8533254020884158],[115.45041412133661,-6.8533163835222055],[115.45040509781604,-6.8533164672845581]]],[[[115.44884377572407,-6.8533038998788225],[115.44883475218435,-6.853303983611525],[115.44883483596304,-6.8533130021972291],[115.44884385950292,-6.8533129184644164],[115.44884377572407,-6.8533038998788225]]],[[[115.45046725675213,-6.8532076581575021],[115.45046717294409,-6.8531986395918842],[115.45045814942642,-6.8531987233538016],[115.4504582332343,-6.8532077419195288],[115.45046725675213,-6.8532076581575021]]],[[[115.44875253500504,-6.8531965141574611],[115.44874351146625,-6.853196597887143],[115.44874376279348,-6.8532236536477376],[115.44875278633278,-6.8532235699177209],[115.44875295388516,-6.8532416070912054],[115.4487710009641,-6.8532414396302217],[115.4487709171875,-6.8532324210437041],[115.44876189364827,-6.8532325047741685],[115.44876180987194,-6.8532234861875354],[115.44877083341103,-6.8532234024571821],[115.44877074963469,-6.8532143838706556],[115.44876172609575,-6.8532144676008979],[115.44876164231968,-6.853205449014256],[115.44875261878083,-6.8532055327442185],[115.44875253500504,-6.8531965141574611]]],[[[115.44867073673498,-6.8531341376040933],[115.44867056918832,-6.853116100428517],[115.44866154565005,-6.8531161841556836],[115.44866171319634,-6.8531342213314801],[115.44867073673498,-6.8531341376040933]]],[[[115.44894761796745,-6.8528249101012584],[115.44894753419268,-6.8528158915167623],[115.44893851066344,-6.8528159752454822],[115.44893859443803,-6.8528249938300885],[115.44894761796745,-6.8528249101012584]]],[[[115.44944349299176,-6.8527752118642189],[115.44944340920829,-6.8527661932858166],[115.44943438568612,-6.852766277023246],[115.44943446946944,-6.8527752956017585],[115.44944349299176,-6.8527752118642189]]],[[[115.44856795949694,-6.852756277853616],[115.44856787573016,-6.8527472592644143],[115.44855885219755,-6.8527473429851682],[115.44855893596416,-6.8527563615744818],[115.44856795949694,-6.852756277853616]]],[[[115.44887459199994,-6.8527353940731279],[115.44888361552844,-6.8527353103465893],[115.448883531756,-6.8527262917612717],[115.44887450822765,-6.8527263754876993],[115.44887459199994,-6.8527353940731279]]],[[[115.44844137873461,-6.8527303941581037],[115.44844129497054,-6.8527213755673149],[115.4484322714368,-6.8527214592853767],[115.44843235520074,-6.8527304778762774],[115.44844137873461,-6.8527303941581037]]],[[[115.44887450822765,-6.8527263754876993],[115.44887442445547,-6.8527173569022475],[115.44886540092719,-6.8527174406283953],[115.44886548469918,-6.8527264592139572],[115.44887450822765,-6.8527263754876993]]],[[[115.44884727009872,-6.8527085894944317],[115.44881117598423,-6.8527089243955448],[115.4488112597551,-6.8527179429817453],[115.44882930681291,-6.8527177755313025],[115.44882939058425,-6.8527267941173093],[115.44884743764194,-6.8527266266659703],[115.44884727009872,-6.8527085894944317]]],[[[115.44839617730086,-6.8527217941559382],[115.44839600977474,-6.8527037569732876],[115.44837796270677,-6.8527039244071126],[115.44837813023223,-6.8527219615902073],[115.44839617730086,-6.8527217941559382]]],[[[115.4493884302551,-6.8526765099169351],[115.44938851403643,-6.852685528496048],[115.44939753755766,-6.8526854447604624],[115.44939745377614,-6.8526764261814606],[115.4493884302551,-6.8526765099169351]]],[[[115.4487477599711,-6.8526824547049978],[115.44874767620183,-6.8526734361180015],[115.44873865267282,-6.8526735198412361],[115.44873873644191,-6.8526825384283416],[115.4487477599711,-6.8526824547049978]]],[[[115.4487838540867,-6.852682119809935],[115.44878377031679,-6.8526731012233837],[115.44877474678822,-6.8526731849472897],[115.44877483055797,-6.852682203533953],[115.4487838540867,-6.852682119809935]]],[[[115.4493884302551,-6.8526765099169351],[115.4493883464739,-6.8526674913378338],[115.44937932295286,-6.8526675750730286],[115.44937923917192,-6.8526585564937808],[115.44937021565099,-6.852658640228694],[115.44937029943176,-6.8526676588080546],[115.44936127591053,-6.8526677425429119],[115.44936144347207,-6.8526857797017922],[115.44937046699364,-6.8526856959667128],[115.44937055077474,-6.8526947145460433],[115.44937957429636,-6.8526946308106833],[115.44937940673391,-6.85267659365224],[115.4493884302551,-6.8526765099169351]]],[[[115.44882838533569,-6.8526185710851397],[115.44880131475436,-6.8526188222568809],[115.44880139852397,-6.8526278408432537],[115.44881042205135,-6.8526277571193956],[115.44881067336131,-6.8526548128781517],[115.44882872041674,-6.8526546454292658],[115.44882838533569,-6.8526185710851397]]],[[[115.44885528837516,-6.8526002827404584],[115.44885512083476,-6.8525822455690184],[115.44882805025647,-6.8525824967409417],[115.44882821779585,-6.8526005339130496],[115.44885528837516,-6.8526002827404584]]],[[[115.44887274903564,-6.8525369851926614],[115.44887266526584,-6.852527966607135],[115.4488636417411,-6.8525280503309487],[115.44886372551073,-6.8525370689165852],[115.44887274903564,-6.8525369851926614]]],[[[115.44874633590916,-6.8525291387251821],[115.44874625214183,-6.8525201201380934],[115.44873722861566,-6.8525202038594379],[115.44873731238285,-6.8525292224466368],[115.44874633590916,-6.8525291387251821]]],[[[115.44871918156302,-6.8525203713016172],[115.4487190977963,-6.8525113527142079],[115.44871007426995,-6.8525114364349351],[115.4487101580365,-6.8525204550224545],[115.44871918156302,-6.8525203713016172]]],[[[115.44873706108167,-6.852502166685027],[115.44873697731484,-6.852493148097814],[115.44872795378909,-6.8524932318186549],[115.44872803755574,-6.852502250405978],[115.44873706108167,-6.852502166685027]]],[[[115.44869979426142,-6.8523762413402292],[115.44869962673238,-6.8523582041647888],[115.44869060320869,-6.8523582878832858],[115.44869068697299,-6.8523673064711206],[115.44868166344899,-6.8523673901895625],[115.44868174721323,-6.8523764087775039],[115.44869979426142,-6.8523762413402292]]],[[[115.44866311381971,-6.8523134460968702],[115.44866303005659,-6.8523044275086926],[115.44865400653349,-6.8523045112258512],[115.44865409029642,-6.8523135298141389],[115.44866311381971,-6.8523134460968702]]],[[[115.44888836679684,-6.85227527876871],[115.44888828302994,-6.8522662601832796],[115.44887925951032,-6.8522663439042031],[115.44887934327703,-6.8522753624897463],[115.44888836679684,-6.85227527876871]]],[[[115.44835589517857,-6.8522711994296008],[115.4483559789355,-6.8522802180215932],[115.44834695540905,-6.8522803017326899],[115.44834703916591,-6.8522893203247888],[115.44836508621906,-6.8522891529022036],[115.44836525373383,-6.85230719008596],[115.44837427726056,-6.8523071063741945],[115.44837436101827,-6.8523161249659283],[115.44839240807175,-6.8523159575416663],[115.44839249182991,-6.8523249761331932],[115.44840151535662,-6.8523248924206959],[115.44840159911509,-6.8523339110121064],[115.44841964616856,-6.8523337435863887],[115.44841956240977,-6.8523247249952002],[115.44842858593617,-6.852324641282201],[115.44842850217734,-6.8523156226911199],[115.44843752570347,-6.8523155389780639],[115.44843760946246,-6.8523245575690312],[115.44846468004066,-6.852324306428514],[115.44846476380029,-6.8523333250191447],[115.44847378732626,-6.8523332413051916],[115.44847387108618,-6.8523422598957069],[115.44850996518974,-6.852341925037762],[115.44851004895044,-6.8523509436278118],[115.4485190724762,-6.8523508599127929],[115.44851898871535,-6.852341841322855],[115.44852801224086,-6.8523417576077783],[115.44852817976302,-6.8523597947874633],[115.44851013271125,-6.8523599622178901],[115.44851021647217,-6.8523689808079489],[115.44853728705016,-6.8523687296617206],[115.44853720328872,-6.8523597110719976],[115.44855525033984,-6.8523595436405573],[115.44855541786346,-6.8523775808195566],[115.44857346491477,-6.852377413386999],[115.44857371620209,-6.8524044691547985],[115.448564692676,-6.8524045528714943],[115.4485647764385,-6.8524135714608638],[115.44857379996476,-6.8524134877440561],[115.44857388372755,-6.8524225063333084],[115.44859193078011,-6.8524223388989656],[115.44859201454332,-6.8524313574879923],[115.44860103806961,-6.8524312737704554],[115.44860154065235,-6.8524853853038534],[115.44861958770659,-6.8524852178669438],[115.44861967147109,-6.8524942364556054],[115.44862869499823,-6.8524941527367869],[115.44862877876302,-6.852503171325333],[115.44863780229021,-6.8525030876062338],[115.44863788605528,-6.8525121061946814],[115.44865593310965,-6.8525119387557556],[115.44865601687518,-6.852520957343943],[115.44866504040233,-6.8525208736241154],[115.44866512416814,-6.8525298922122042],[115.44867414769539,-6.8525298084920978],[115.44867406392942,-6.8525207899041209],[115.44868308745635,-6.8525207061839568],[115.44868283615855,-6.8524936504203318],[115.44867381263214,-6.8524937341401619],[115.44867372886661,-6.8524847155521673],[115.44865568181372,-6.8524848829911003],[115.44865576557889,-6.8524939015793169],[115.44863771852523,-6.8524940690177978],[115.44863763476037,-6.8524850504293591],[115.44862861123354,-6.8524851341482345],[115.44862844370449,-6.8524670969711377],[115.44863746723098,-6.8524670132524825],[115.44863729970206,-6.8524489760755563],[115.4486282761759,-6.8524490597939884],[115.44862819241179,-6.8524400412054156],[115.44861916888564,-6.852440124923568],[115.44861908512182,-6.8524311063348797],[115.44861006159576,-6.8524311900527524],[115.44860989406874,-6.8524131528751395],[115.44860087054293,-6.8524132365926214],[115.44860070301671,-6.8523951994147527],[115.4485916794911,-6.8523952831318429],[115.44859151196566,-6.8523772459537682],[115.44858248844028,-6.8523773296704675],[115.44858240467791,-6.8523683110813041],[115.44856435762713,-6.8523684785139762],[115.4485641901034,-6.8523504413351732],[115.44854614305284,-6.8523506087667272],[115.44854597553024,-6.8523325715874952],[115.44852792847993,-6.8523327390179309],[115.44852784471914,-6.8523237204280765],[115.44851882119396,-6.8523238041429302],[115.44851865367303,-6.8523057669630054],[115.44850963014808,-6.8523058506774683],[115.44850946262794,-6.8522878134972709],[115.44848239205348,-6.852288064638981],[115.44848214077562,-6.8522610088676901],[115.44847311725108,-6.8522610925809238],[115.44847345228776,-6.8522971669430834],[115.44846442876246,-6.8522972506565933],[115.44846451252172,-6.8523062692472543],[115.44843744194456,-6.8523065203871045],[115.4484373581858,-6.8522975017961096],[115.44842833465998,-6.8522975855089454],[115.4484284184186,-6.8523066041000513],[115.44841939489255,-6.8523066878128294],[115.4484193111341,-6.8522976692216124],[115.4483832170294,-6.8522980040705956],[115.44838313327173,-6.8522889854789453],[115.44837410974544,-6.8522890691906593],[115.44837394223082,-6.8522710320071241],[115.44835589517857,-6.8522711994296008]]],[[[115.44847311725108,-6.8522610925809238],[115.44847303349219,-6.8522520739903507],[115.44846400996771,-6.8522521577033038],[115.44846409372641,-6.8522611762939869],[115.44847311725108,-6.8522610925809238]]],[[[115.44889722278258,-6.8522571578768776],[115.44889713901574,-6.8522481392915315],[115.44890616253481,-6.8522480555704925],[115.44890607876793,-6.8522390369852708],[115.44888803173002,-6.852239204426958],[115.44888819926319,-6.8522572415978598],[115.44889722278258,-6.8522571578768776]]],[[[115.44812972072162,-6.8522101619901807],[115.44812980447355,-6.8522191805849824],[115.44815687505718,-6.852218929465649],[115.44815679130475,-6.8522099108711796],[115.44812972072162,-6.8522101619901807]]],[[[115.4481930529203,-6.852227613231535],[115.4481929691671,-6.8522185946375149],[115.44820199269428,-6.8522185109300615],[115.448201908941,-6.8522094923361472],[115.44818386188685,-6.8522096597506659],[115.44818402939283,-6.8522276969389324],[115.4481930529203,-6.852227613231535]]],[[[115.44835589517857,-6.8522711994296008],[115.44835581142176,-6.8522621808376218],[115.44834678789564,-6.8522622645484956],[115.44834662038271,-6.8522442273642499],[115.44833759685679,-6.8522443110747329],[115.4483374293446,-6.8522262738902651],[115.44831938229316,-6.8522264413102816],[115.44831921478213,-6.852208404125351],[115.44831019125658,-6.8522084878348855],[115.44831035876726,-6.8522265250200372],[115.44829231171512,-6.8522266924390447],[115.4482923954703,-6.8522357110318364],[115.44831044252278,-6.8522355436126086],[115.44831052627842,-6.8522445622051738],[115.44832857333078,-6.8522443947850489],[115.44832882459936,-6.8522714505620526],[115.44835589517857,-6.8522711994296008]]],[[[115.44886062610932,-6.8522033812450687],[115.44886054234387,-6.8521943626592678],[115.44885151882526,-6.8521944463787978],[115.44885160259054,-6.8522034649647088],[115.44886062610932,-6.8522033812450687]]],[[[115.44843635308922,-6.8521892787040128],[115.44841830604157,-6.8521894461268467],[115.44841838979868,-6.8521984647181151],[115.4484274133227,-6.852198381006672],[115.44842749708006,-6.8522073995978099],[115.44843652060418,-6.8522073158860852],[115.44843635308922,-6.8521892787040128]]],[[[115.44812972072162,-6.8522101619901807],[115.4481295532181,-6.8521921248005437],[115.44812052969053,-6.8521922085063176],[115.4481204459391,-6.8521831899114067],[115.44810239888392,-6.8521833573222271],[115.44810265013749,-6.8522104131076622],[115.44812972072162,-6.8522101619901807]]],[[[115.44831019125658,-6.8522084878348855],[115.44831002374633,-6.8521904506496965],[115.44830100022098,-6.8521905343588392],[115.44830091646621,-6.8521815157661532],[115.44828286941551,-6.8521816831837103],[115.44828312067919,-6.8522087389624744],[115.44831019125658,-6.8522084878348855]]],[[[115.44888719407092,-6.8521490185722698],[115.44888711030562,-6.8521399999867603],[115.44886906327098,-6.8521401674253273],[115.44886914703592,-6.8521491860110597],[115.44888719407092,-6.8521490185722698]]],[[[115.44890524110548,-6.8521488511328066],[115.44890515733984,-6.85213983254752],[115.44889613382281,-6.8521399162672241],[115.44889621758826,-6.8521489348526234],[115.44890524110548,-6.8521488511328066]]],[[[115.44828286941551,-6.8521816831837103],[115.44828278566116,-6.852172664590781],[115.44827376213584,-6.8521727482991954],[115.44827367838178,-6.8521637297061506],[115.44826465485649,-6.8521638134142862],[115.44826457110271,-6.852154794821125],[115.44825554757752,-6.8521548785289799],[115.44825538007062,-6.8521368413424222],[115.44822830949528,-6.8521370924643108],[115.44822839324817,-6.8521461110579081],[115.44821034619703,-6.8521462784718814],[115.44821042994965,-6.8521552970657309],[115.44820140642375,-6.8521553807725768],[115.44820157392905,-6.8521734179604517],[115.4482105974553,-6.8521733342533828],[115.44821068120829,-6.852182352847203],[115.44820165768186,-6.852182436554382],[115.4482017414348,-6.8521914551482919],[115.4482107649614,-6.852191371441001],[115.44821093246793,-6.852209408628636],[115.44822897952143,-6.8522092412131057],[115.44822889576777,-6.8522002226195218],[115.4482740133987,-6.8521998040783059],[115.44827384589003,-6.8521817668922367],[115.44828286941551,-6.8521816831837103]]],[[[115.44885101623586,-6.8521403348632202],[115.44885084870697,-6.8521222976913485],[115.4488328016721,-6.8521224651281232],[115.44883296920031,-6.8521405023004398],[115.44885101623586,-6.8521403348632202]]],[[[115.44805661124612,-6.8521116270805269],[115.44803856419205,-6.8521117944872092],[115.44803881543939,-6.8521388502750833],[115.448047838967,-6.8521387665714943],[115.4480479227165,-6.8521477851673156],[115.44806596977168,-6.8521476177594067],[115.44806571852251,-6.8521205619725611],[115.44805669499546,-6.8521206456762673],[115.44805661124612,-6.8521116270805269]]],[[[115.44792994687135,-6.8520767245239194],[115.44792977937867,-6.8520586873292935],[115.4479207558511,-6.8520587710296939],[115.44792092334346,-6.8520768082245418],[115.44792994687135,-6.8520767245239194]]],[[[115.44829088789427,-6.8520733763609005],[115.4482907203881,-6.8520553391751697],[115.44828169686507,-6.852055422882307],[115.44828186437094,-6.8520734600682607],[115.44829088789427,-6.8520733763609005]]],[[[115.44690126396546,-6.8520862653098478],[115.44690101278418,-6.852059209479858],[115.44688296570358,-6.8520593768418596],[115.44688304943023,-6.8520683954521004],[115.44687402588958,-6.85206847913296],[115.44687419334286,-6.852086516353598],[115.44690126396546,-6.8520862653098478]]],[[[115.44699149936673,-6.8520854284863972],[115.44699124818044,-6.8520583726597417],[115.44697320110208,-6.8520585400251131],[115.44697328483041,-6.8520675586342419],[115.44696426129092,-6.8520676423167846],[115.44696442874755,-6.8520856795352012],[115.44699149936673,-6.8520854284863972]]],[[[115.44796595723469,-6.852067371122871],[115.4479658734877,-6.8520583525260097],[115.4479748970147,-6.8520582688247673],[115.44797472952077,-6.8520402316312028],[115.44795668246736,-6.8520403990330738],[115.44795693370743,-6.8520674548240557],[115.44796595723469,-6.852067371122871]]],[[[115.44820934117401,-6.8520380553455622],[115.44820031765029,-6.852038139050963],[115.44820040140142,-6.8520471576449582],[115.44820942492532,-6.8520470739394481],[115.44820934117401,-6.8520380553455622]]],[[[115.44703619841565,-6.852039917026687],[115.44704522195374,-6.8520398333431283],[115.44704505449521,-6.8520217961266532],[115.44701798388157,-6.8520220471761544],[115.44701806761027,-6.8520310657847281],[115.44700904407203,-6.8520311494676696],[115.44700912780068,-6.8520401680763507],[115.44701815133912,-6.8520400843932974],[115.44701823506806,-6.8520491030018622],[115.44703628214495,-6.8520489356350289],[115.44703619841565,-6.852039917026687]]],[[[115.44800154885846,-6.8520129247377772],[115.44800146511149,-6.8520039061413174],[115.4479834180601,-6.8520040735433101],[115.44798350180673,-6.8520130921399929],[115.44800154885846,-6.8520129247377772]]],[[[115.44681929856759,-6.8520058509374593],[115.44680125148696,-6.8520060182950955],[115.44680133521139,-6.8520150369063453],[115.44681035875193,-6.8520149532275001],[115.44681044247666,-6.8520239718386344],[115.44681946601725,-6.8520238881595104],[115.44681929856759,-6.8520058509374593]]],[[[115.44690953396388,-6.8520050141391726],[115.44690051042473,-6.8520050978197595],[115.44690067787745,-6.8520231350398104],[115.44692774849545,-6.8520228839968782],[115.44692766476855,-6.8520138653871889],[115.44690961769032,-6.8520140327490884],[115.44690953396388,-6.8520050141391726]]],[[[115.44780286377828,-6.8519967289272632],[115.44780278003523,-6.8519877103283315],[115.44779375650747,-6.8519877940254821],[115.44779384025033,-6.8519968126245265],[115.44780286377828,-6.8519967289272632]]],[[[115.44798333431358,-6.8519950549466229],[115.44798316682089,-6.851977017753236],[115.44797414329554,-6.8519771014536452],[115.4479743107879,-6.8519951386472551],[115.44798333431358,-6.8519950549466229]]],[[[115.44809963516161,-6.8518857436798308],[115.44809061163942,-6.8518858273813192],[115.44809077913391,-6.851903864572126],[115.44808175561123,-6.8519039482736686],[115.44808167186412,-6.8518949296781724],[115.44807264834152,-6.8518950133794352],[115.44807256459467,-6.8518859947837889],[115.4480454940267,-6.8518862458862317],[115.44804582901277,-6.8519223202700514],[115.4480368054892,-6.8519224039709732],[115.44803697298255,-6.8519404411630633],[115.44801892593445,-6.8519406085648455],[115.44801900968096,-6.8519496271611322],[115.44806412730127,-6.8519492086548546],[115.44806421104876,-6.8519582272505613],[115.44807323457263,-6.8519581435486909],[115.44807340206825,-6.8519761807398716],[115.44809144911636,-6.8519760133351779],[115.4480916166131,-6.8519940505258967],[115.44812771070931,-6.8519937157135979],[115.44812754321123,-6.8519756785237673],[115.44811851968768,-6.8519757622268731],[115.44811843593899,-6.8519667436318406],[115.44810038889187,-6.8519669110373229],[115.44810022139546,-6.8519488738468004],[115.44810924491877,-6.8519487901443652],[115.44810916117056,-6.8519397715491923],[115.44811818469354,-6.8519396878467003],[115.44811801719713,-6.8519216506566121],[115.44812704071967,-6.8519215669541742],[115.44812695697146,-6.851912548359226],[115.44810890992663,-6.8519127157637119],[115.44810874243124,-6.851894678573375],[115.44809971890898,-6.8518947622751423],[115.44809963516161,-6.8518857436798308]]],[[[115.44815377629247,-6.8518852414673672],[115.44815369254422,-6.8518762228727352],[115.44814466902287,-6.8518763065751225],[115.44814475277094,-6.8518853251698655],[115.44815377629247,-6.8518852414673672]]],[[[115.44803630301182,-6.8518682923945509],[115.4480092324435,-6.8518685434943043],[115.44800939993451,-6.8518865806871307],[115.44801842345774,-6.8518864969871585],[115.44801850720359,-6.8518955155834691],[115.44803655424998,-6.8518953481827989],[115.44803630301182,-6.8518682923945509]]],[[[115.44806345732556,-6.851877059889028],[115.44806337357912,-6.8518680412932804],[115.44804532653437,-6.8518682086942961],[115.44804541028049,-6.8518772272902675],[115.44806345732556,-6.851877059889028]]],[[[115.44799101790753,-6.8518506737000271],[115.44799093416276,-6.8518416551033594],[115.44798191064005,-6.8518417388022703],[115.44798199438465,-6.851850757399049],[115.44799101790753,-6.8518506737000271]]],[[[115.44801800473024,-6.8518414040056168],[115.44800898120783,-6.8518414877050331],[115.44800906495297,-6.8518505063014796],[115.44801808847552,-6.8518504226019505],[115.44801800473024,-6.8518414040056168]]],[[[115.44801800473024,-6.8518414040056168],[115.44802702825248,-6.8518413203060327],[115.44802686076193,-6.8518232831136086],[115.44801783724002,-6.8518233668129698],[115.44801800473024,-6.8518414040056168]]],[[[115.4464115648245,-6.8518292439997763],[115.44640254128257,-6.8518293276688746],[115.44640262499733,-6.8518383462851036],[115.44638457791274,-6.8518385136230187],[115.44638474534194,-6.8518565508559064],[115.44640279242719,-6.851856383517549],[115.44640287614233,-6.8518654021337788],[115.44642994676985,-6.8518651511246436],[115.44642986305425,-6.851856132508745],[115.44643888659637,-6.8518560488388074],[115.44643871916512,-6.8518380116072519],[115.44641164853945,-6.8518382626158933],[115.4464115648245,-6.8518292439997763]]],[[[115.44932604189346,-6.85180221119011],[115.44931713946629,-6.8518022937902048],[115.44931747454379,-6.8518383681114665],[115.44932649804996,-6.8518382843875152],[115.44932658181978,-6.8518473029676858],[115.44933560532603,-6.8518472192434539],[115.44933568909613,-6.8518562378235277],[115.44934451170249,-6.8518561559630653],[115.44932604189346,-6.85180221119011]]],[[[115.44642952819292,-6.851820058045174],[115.44642944447789,-6.8518110394292702],[115.44642042093648,-6.8518111230984831],[115.44642050465134,-6.8518201417144988],[115.44642952819292,-6.851820058045174]]],[[[115.44612205804518,-6.851750753750113],[115.44610401095697,-6.8517509210753609],[115.44610417837347,-6.8517689583152448],[115.44613124900663,-6.8517687073264533],[115.44613116529781,-6.8517596887068555],[115.4461221417537,-6.8517597723698422],[115.44612205804518,-6.851750753750113]]],[[[115.44632943210269,-6.851730792227019],[115.44632040856153,-6.851730875893379],[115.44632032484964,-6.8517218572760976],[115.44631130130858,-6.8517219409421788],[115.44631138502032,-6.8517309595595695],[115.44630236147897,-6.8517310432255938],[115.44630244519064,-6.8517400618430937],[115.44632951581485,-6.851739810844184],[115.44632943210269,-6.851730792227019]]],[[[115.44592236819439,-6.8516263335801249],[115.44590432110593,-6.8516265008948505],[115.44590465591824,-6.8516625753845926],[115.4459136794632,-6.8516624917268691],[115.44591376316673,-6.851671510349183],[115.44594083380143,-6.8516712593746707],[115.44594049898598,-6.8516351848867227],[115.44592245189763,-6.8516353522023454],[115.44592236819439,-6.8516263335801249]]],[[[115.44639159233579,-6.8516219831607801],[115.44639150862389,-6.8516129645443353],[115.44638248508576,-6.8516130482104307],[115.44638256879749,-6.8516220668269856],[115.44639159233579,-6.8516219831607801]]],[[[115.4458227743979,-6.8515911793089446],[115.44581375085313,-6.851591262964094],[115.44581383455392,-6.8516002815876824],[115.44580481100891,-6.851600365242775],[115.44580506211139,-6.8516274211137951],[115.44582310920232,-6.8516272538027749],[115.44582302550104,-6.8516182351793287],[115.44583204904616,-6.8516181515236774],[115.44583188164363,-6.8516001142769927],[115.44582285809884,-6.8516001979324219],[115.4458227743979,-6.8515911793089446]]],[[[115.44613868209943,-6.8515972698921859],[115.44613859839259,-6.8515882512725996],[115.44612957485182,-6.8515883349336439],[115.44612965855848,-6.8515973535533421],[115.44613868209943,-6.8515972698921859]]],[[[115.4459311406289,-6.851599194056158],[115.44593097322307,-6.8515811568119007],[115.44592194967986,-6.8515812404689598],[115.44592211708535,-6.8515992777134391],[115.4459311406289,-6.851599194056158]]],[[[115.44588568810219,-6.8515635378501276],[115.44585861747154,-6.8515637888176082],[115.44585870117282,-6.8515728074406361],[115.44584967762887,-6.8515728910962377],[115.44584984503143,-6.8515909283424863],[115.44586789211991,-6.8515907610306712],[115.44586797582167,-6.8515997796535926],[115.44589504645401,-6.8515995286842735],[115.44589479534748,-6.8515724728165468],[115.44588577180399,-6.8515725564728225],[115.44588568810219,-6.8515635378501276]]],[[[115.44497372385487,-6.8515088558174648],[115.44497364017101,-6.8514998371834954],[115.44496461661753,-6.8514999208215892],[115.44496470030123,-6.8515089394556705],[115.44497372385487,-6.8515088558174648]]],[[[115.44526247751223,-6.8515061793059786],[115.44526239382299,-6.8514971606755637],[115.44525337027311,-6.8514972443190469],[115.4452534539622,-6.8515062629495738],[115.44526247751223,-6.8515061793059786]]],[[[115.44530726050105,-6.851469686566066],[115.44527116630518,-6.8514700211410249],[115.44527124999424,-6.8514790397713252],[115.44528929709278,-6.8514788724839599],[115.4452895481617,-6.8515059283741833],[115.44529857171129,-6.8515058447299158],[115.4452986554013,-6.8515148633598475],[115.44530767895095,-6.8515147797152993],[115.44530759526074,-6.8515057610854777],[115.44531661881014,-6.8515056774408736],[115.44531645142973,-6.8514876401813893],[115.44530742788069,-6.8514877238257723],[115.44530726050105,-6.851469686566066]]],[[[115.44638991811937,-6.8514416108310439],[115.44638983440973,-6.8514325922145103],[115.44638081087497,-6.8514326758783817],[115.44638089458444,-6.8514416944950254],[115.44638991811937,-6.8514416108310439]]],[[[115.44491022424691,-6.8514733667423933],[115.4449098058369,-6.8514282735686063],[115.44490078228397,-6.8514283572046315],[115.44490120069314,-6.8514734503789745],[115.44491022424691,-6.8514733667423933]]],[[[115.44518953592166,-6.8514256807682647],[115.44517148882268,-6.8514258480505923],[115.44517157250934,-6.8514348666821361],[115.44518059605907,-6.8514347830409452],[115.445180679746,-6.8514438016723744],[115.44518970329578,-6.8514437180309047],[115.44518953592166,-6.8514256807682647]]],[[[115.44524367721587,-6.8514251789172445],[115.44524359352798,-6.8514161602865844],[115.44523456997939,-6.8514162439287318],[115.44523465366711,-6.851425262559502],[115.44524367721587,-6.8514251789172445]]],[[[115.44526130587299,-6.8513799184799939],[115.44523423522961,-6.8513801694056058],[115.44523448629178,-6.8514072252979581],[115.44524350984021,-6.8514071416559217],[115.44524342615253,-6.8513981230252528],[115.44525244970066,-6.8513980393831595],[115.44525253338851,-6.8514070580137174],[115.44527058048479,-6.8514068907288044],[115.44527041310853,-6.8513888534681131],[115.44526138956078,-6.8513889371104311],[115.44526130587299,-6.8513799184799939]]],[[[115.44457534857791,-6.8513682375171117],[115.44457526490328,-6.8513592188781995],[115.44456624134752,-6.8513593025071042],[115.44456632502198,-6.8513683211461291],[115.44457534857791,-6.8513682375171117]]],[[[115.44453933802765,-6.8513775906715164],[115.44454836158407,-6.8513775070428951],[115.44454811056167,-6.8513504511251417],[115.44455713411747,-6.8513503674966847],[115.44455705044342,-6.8513413488575585],[115.444539003332,-6.8513415161140818],[115.44453908700575,-6.85135053475343],[115.44452103989357,-6.8513507020095012],[115.4445212072407,-6.85136873928868],[115.44451218368413,-6.8513688229166849],[115.44451226735771,-6.8513778415563698],[115.44452129091445,-6.8513777579282538],[115.44452137458831,-6.851386776567824],[115.44453942170183,-6.8513866093108637],[115.44453933802765,-6.8513775906715164]]],[[[115.44519763891958,-6.8513263921832417],[115.44517056827684,-6.8513266431033166],[115.44517065196226,-6.8513356617349093],[115.4451616284143,-6.8513357453747092],[115.44516171209968,-6.8513447640063907],[115.44517073564779,-6.8513446803664806],[115.44517098670508,-6.8513717362612345],[115.44519805735035,-6.8513714853394934],[115.44519763891958,-6.8513263921832417]]],[[[115.44552248655316,-6.8513233810241001],[115.44550443946622,-6.8513235483164454],[115.44550452315789,-6.8513325669439258],[115.44551354670156,-6.8513324832977274],[115.44551363039351,-6.8513415019250763],[115.44552265393726,-6.8513414182785963],[115.44552248655316,-6.8513233810241001]]],[[[115.44460216821992,-6.8513409307133051],[115.4446020008704,-6.8513228934361159],[115.44459297731566,-6.851322977065081],[115.44459314466482,-6.8513410143424922],[115.44460216821992,-6.8513409307133051]]],[[[115.44461996430462,-6.8513137075393011],[115.44462004797956,-6.8513227261776786],[115.44461102442504,-6.8513228098069821],[115.44461127544996,-6.8513498657224083],[115.44462029900498,-6.8513497820927727],[115.44462038268034,-6.8513588007311501],[115.44462940623541,-6.8513587171012347],[115.44462957358682,-6.8513767543777222],[115.4446385971421,-6.8513766707474169],[115.44463801141296,-6.8513135402804135],[115.44461996430462,-6.8513137075393011]]],[[[115.44461996430462,-6.8513137075393011],[115.44461988062983,-6.8513046889009352],[115.44461085707565,-6.8513047725300149],[115.44461094075027,-6.8513137911684918],[115.44461996430462,-6.8513137075393011]]],[[[115.44509796147258,-6.8512822190536324],[115.44507089082867,-6.8512824699664829],[115.4450710581948,-6.8513005072321684],[115.44508008174324,-6.8513004235944974],[115.44508024911015,-6.8513184608599103],[115.44509829620732,-6.8513182935836197],[115.44509846357536,-6.8513363308485866],[115.44510748712412,-6.8513362472099653],[115.44510757080849,-6.8513452658423164],[115.44514366500304,-6.8513449312857064],[115.4451434976331,-6.8513268940218763],[115.44513447408497,-6.8513269776610581],[115.44513430671581,-6.8513089403969705],[115.44512528316791,-6.8513090240357633],[115.44512519948366,-6.8513000054036199],[115.44511617593578,-6.8513000890421329],[115.44511609225182,-6.8512910704098386],[115.44509804515612,-6.8512912376861355],[115.44509796147258,-6.8512822190536324]]],[[[115.44496059993311,-6.8510670263813269],[115.44496051625492,-6.8510580077470493],[115.44495149270961,-6.851058091379528],[115.44495157638761,-6.8510671100139193],[115.44496059993311,-6.8510670263813269]]],[[[115.44513187991373,-6.8510474000657364],[115.4451317962326,-6.8510383814335585],[115.44511374914676,-6.8510385487043086],[115.44511383282756,-6.8510475673367077],[115.44513187991373,-6.8510474000657364]]],[[[115.44510472560367,-6.8510386323394306],[115.44510464192315,-6.8510296137069151],[115.44509561838012,-6.8510296973417573],[115.44509570206046,-6.8510387159743846],[115.44510472560367,-6.8510386323394306]]],[[[115.44439161434222,-6.8510181830579375],[115.44439144700861,-6.8510001457753233],[115.44437339990596,-6.8510003130173391],[115.44437356723891,-6.8510183503003983],[115.44439161434222,-6.8510181830579375]]],[[[115.44459898865658,-6.8509982224437183],[115.44459890498605,-6.850989203804958],[115.44458988143755,-6.8509892874298135],[115.44458996510789,-6.850998306068683],[115.44459898865658,-6.8509982224437183]]],[[[115.44310107803301,-6.8510121018814383],[115.44310091074806,-6.8509940645670184],[115.443091887181,-6.8509941481638039],[115.44309205446565,-6.851012185478444],[115.44310107803301,-6.8510121018814383]]],[[[115.44431867294064,-6.8509376842438474],[115.44431858927612,-6.8509286656015975],[115.44430956572529,-6.8509287492204534],[115.44430964938964,-6.8509377678628152],[115.44431867294064,-6.8509376842438474]]],[[[115.44665568514107,-6.850907002646994],[115.44657447344254,-6.8509077556032336],[115.44657455714918,-6.8509167742177048],[115.44656553362638,-6.8509168578787785],[115.44656570103967,-6.8509348951078772],[115.44655667751643,-6.8509349787690059],[115.44655676122305,-6.850943997383669],[115.4465477376995,-6.85094408104474],[115.44654882589386,-6.8510613230364026],[115.44653980236802,-6.851061406698749],[115.44653988607591,-6.8510704253135737],[115.44653086254981,-6.8510705089758615],[115.44653102996554,-6.8510885462057187],[115.446540053492,-6.851088462543208],[115.44654013720023,-6.8510974811580176],[115.44654916072669,-6.8510973974952263],[115.4465492444352,-6.8511064161099213],[115.44655826796178,-6.8511063324468511],[115.44655835167055,-6.8511153510614298],[115.44658542225004,-6.8511151000708743],[115.44658533854076,-6.8511060814566287],[115.44659436206685,-6.8511059977928843],[115.44659419464828,-6.8510879605646009],[115.44660321817396,-6.8510878769009098],[115.44660313446467,-6.8510788582868898],[115.44662118151528,-6.8510786909592261],[115.44662109780579,-6.8510696723453899],[115.44663012133078,-6.8510695886814164],[115.4466300376212,-6.8510605700677045],[115.44664808467051,-6.8510604027394741],[115.44664800096071,-6.851051384125979],[115.44665702448501,-6.8510513004617231],[115.44665694077517,-6.8510422818483354],[115.4466749878231,-6.8510421145195393],[115.44667490411304,-6.8510330959063692],[115.44668392763667,-6.8510330122418299],[115.44668384392652,-6.8510239936287674],[115.44670189097313,-6.8510238262994045],[115.44670163984242,-6.8509967704608563],[115.44671066336504,-6.8509966867962575],[115.44671024481526,-6.8509515937324759],[115.44669219777164,-6.8509517610603972],[115.44669211406237,-6.8509427424474056],[115.44668309054053,-6.8509428261110026],[115.44668300683153,-6.8509338074978956],[115.44667398330976,-6.8509338911612128],[115.44667389960105,-6.8509248725479894],[115.44666487607931,-6.8509249562110277],[115.44666479237088,-6.8509159375977058],[115.44665576884923,-6.8509160212604643],[115.44665568514107,-6.850907002646994]]],[[[115.44310049253755,-6.8509489712809737],[115.44310951610365,-6.8509488876845754],[115.4431093488199,-6.850930850370319],[115.44307325455621,-6.8509311847540104],[115.4430734218386,-6.8509492220691559],[115.44308244540503,-6.8509491384732639],[115.44308269632997,-6.8509761944455736],[115.4430917198968,-6.8509761108491798],[115.44309180353885,-6.8509851295065021],[115.44310082710572,-6.8509850459098294],[115.44310049253755,-6.8509489712809737]]],[[[115.44437281424416,-6.8509371825265069],[115.44437264691325,-6.8509191452433527],[115.44435459981318,-6.850919312482695],[115.44435476714344,-6.8509373497662951],[115.44437281424416,-6.8509371825265069]]],[[[115.44461619905007,-6.8509078688077141],[115.44459815195646,-6.8509080360559294],[115.44459831929558,-6.8509260733335227],[115.44460734284277,-6.8509259897092774],[115.44460742651268,-6.8509350083479719],[115.44461645005997,-6.8509349247234468],[115.44461619905007,-6.8509078688077141]]],[[[115.44270303734721,-6.850907556045108],[115.44268499020643,-6.8509077232214661],[115.44268524110744,-6.8509347792085018],[115.44269426467839,-6.850934695620075],[115.44269434831244,-6.8509437142823053],[115.44271239545435,-6.8509435471047215],[115.44271231181993,-6.8509345284427132],[115.44272133539054,-6.8509344448537792],[115.44272116812174,-6.8509164075299704],[115.44270312098109,-6.8509165747072247],[115.44270303734721,-6.850907556045108]]],[[[115.44435434881866,-6.8508922565573043],[115.44435426515405,-6.8508832379154763],[115.44434524160452,-6.8508833215344511],[115.44434532526897,-6.8508923401763901],[115.44435434881866,-6.8508922565573043]]],[[[115.44435434881866,-6.8508922565573043],[115.44435443248338,-6.850901275199095],[115.4443724795828,-6.8509011079601967],[115.44437231225277,-6.850883070677023],[115.44436328870347,-6.8508831542963335],[115.44436337236824,-6.8508921729380505],[115.44435434881866,-6.8508922565573043]]],[[[115.44459790094861,-6.8508809801395074],[115.44458887740211,-6.8508810637630297],[115.44458904474023,-6.8508991010408709],[115.44460709183375,-6.8508989337932151],[115.4446070081643,-6.8508899151545357],[115.44459798461777,-6.850889998778336],[115.44459790094861,-6.8508809801395074]]],[[[115.44436328870347,-6.8508831542963335],[115.4443632050388,-6.850874135654629],[115.44435418148953,-6.8508742192736607],[115.44435426515405,-6.8508832379154763],[115.44436328870347,-6.8508831542963335]]],[[[115.44435418148953,-6.8508742192736607],[115.44435409782514,-6.8508652006318407],[115.44434507427597,-6.8508652842505926],[115.44434515794019,-6.8508743028925236],[115.44435418148953,-6.8508742192736607]]],[[[115.44303657481056,-6.8508683885288093],[115.44301852767948,-6.8508685557167421],[115.44301844404026,-6.8508595370584739],[115.44300942047474,-6.8508596206520762],[115.4430095041138,-6.8508686393104563],[115.44299145698203,-6.8508688064973784],[115.44299187517734,-6.850913899790319],[115.44300089874415,-6.8509138161963863],[115.44300106602338,-6.8509318535133099],[115.44301008959036,-6.8509317699189873],[115.44301000595053,-6.8509227512606383],[115.44302805308385,-6.8509225840717107],[115.44302813672404,-6.8509316027298359],[115.44303716029069,-6.850931519135008],[115.44303724393116,-6.8509405377930186],[115.44305529106448,-6.8509403706026344],[115.44305487286158,-6.8508952773136471],[115.44304584929583,-6.8508953609083685],[115.44304568201581,-6.8508773235925196],[115.44303665845025,-6.850877407186851],[115.44303657481056,-6.8508683885288093]]],[[[115.44394795434334,-6.850859944662119],[115.44394787068677,-6.8508509260152906],[115.44392982357881,-6.850851093237023],[115.44392990723506,-6.8508601118840735],[115.44394795434334,-6.850859944662119]]],[[[115.44281081836917,-6.8508524410079001],[115.44281073473404,-6.8508434223470696],[115.44279268759836,-6.8508435895259145],[115.44279277123316,-6.8508526081869681],[115.44281081836917,-6.8508524410079001]]],[[[115.44303657481056,-6.8508683885288093],[115.44304559837595,-6.8508683049345889],[115.44304551473621,-6.8508592862766546],[115.44305453830131,-6.8508592026823782],[115.44305428738225,-6.8508321467088642],[115.44303624025298,-6.8508323138965812],[115.4430363238922,-6.8508413325546584],[115.44302730032723,-6.8508414161483753],[115.44302738396641,-6.8508504348065413],[115.44303640753155,-6.8508503512127126],[115.44303657481056,-6.8508683885288093]]],[[[115.44472364488998,-6.8508166789315839],[115.44472372856069,-6.8508256975688884],[115.4447327521045,-6.8508256139435062],[115.4447328357755,-6.8508346325806793],[115.44474185931935,-6.8508345489550173],[115.44474169197709,-6.8508165116808755],[115.44472364488998,-6.8508166789315839]]],[[[115.44308119079554,-6.8508138586110183],[115.44309021435933,-6.8508137750166238],[115.44309013071943,-6.8508047563592172],[115.44307208359206,-6.8508049235476172],[115.4430723345111,-6.8508319795204713],[115.44306331094671,-6.8508320631147512],[115.44306347822631,-6.8508501004302156],[115.44307250179099,-6.8508500168357136],[115.44307258543114,-6.8508590354933201],[115.44308160899588,-6.8508589518985374],[115.44308119079554,-6.8508138586110183]]],[[[115.44225026983044,-6.8507403805650684],[115.44225018620722,-6.8507313618972958],[115.44224116263463,-6.8507314454749162],[115.44224124625768,-6.8507404641428016],[115.44225026983044,-6.8507403805650684]]],[[[115.44345842381846,-6.8506209557905775],[115.44345834017402,-6.8506119371376517],[115.44344931661854,-6.8506120207365075],[115.44344940026279,-6.8506210393895461],[115.44345842381846,-6.8506209557905775]]],[[[115.44337670995785,-6.850567596251512],[115.4433766263156,-6.8505585775975417],[115.44336760276012,-6.8505586611942171],[115.44336768640223,-6.8505676798482984],[115.44337670995785,-6.850567596251512]]],[[[115.45367990849159,-6.8541789683625955],[115.45372502597222,-6.8541785491890996],[115.45372510985362,-6.8541875677141615],[115.45373413334956,-6.8541874838788441],[115.453734301113,-6.8542055209287325],[115.45374332460921,-6.8542054370930243],[115.45374357625573,-6.8542324926674878],[115.45375259975228,-6.8542324088312787],[115.45375268363486,-6.8542414273559968],[115.45376170713151,-6.854241343519508],[115.45376187489731,-6.8542593805686565],[115.45377089839417,-6.8542592967317759],[115.45377115004423,-6.8542863523051425],[115.45378017354147,-6.8542862684677583],[115.45378025742522,-6.8542952869921159],[115.45378928092254,-6.8542952031544528],[115.45378936480658,-6.8543042216786771],[115.45380741180118,-6.8543040540026237],[115.45380749568567,-6.8543130725266224],[115.45382554268014,-6.8543129048496718],[115.45382562656508,-6.8543219233734423],[115.4538346500623,-6.8543218395346024],[115.45383456617722,-6.854312821010943],[115.45384358967418,-6.8543127371720463],[115.45384350578902,-6.8543037186484943],[115.45385252928568,-6.8543036348095407],[115.45385236151539,-6.8542855977626296],[115.45386138501161,-6.8542855139237293],[115.45386130112647,-6.854276495400403],[115.45389739510958,-6.8542761600435647],[115.45389731122384,-6.854267141520662],[115.45390633471921,-6.8542670576811435],[115.45390625083341,-6.8542580391583474],[115.45394234481292,-6.8542577037990302],[115.45394226092658,-6.8542486852766764],[115.45395128442102,-6.8542486014365371],[115.45395120053463,-6.8542395829143068],[115.45397827101671,-6.8542393313932122],[115.45397818712995,-6.8542303128712776],[115.45399623411708,-6.8542301451899279],[115.45399606634321,-6.8542121081465242],[115.45401411332924,-6.8542119404649462],[115.45401377778146,-6.8541758663789762],[115.45403182476566,-6.8541756986976159],[115.45403090201485,-6.8540764949633042],[115.45404894899492,-6.8540763272837175],[115.45404869733696,-6.8540492717203687],[115.45406674431558,-6.8540491040407758],[115.45406649265763,-6.8540220484780727],[115.45405746916886,-6.8540221323176187],[115.45405730139781,-6.8540040952755712],[115.45404827790931,-6.8540041791147264],[115.45404819402411,-6.8539951605935858],[115.45403917053565,-6.8539952444324603],[115.45403908665074,-6.8539862259112025],[115.45403006316234,-6.8539863097497991],[115.45402997927769,-6.8539772912284258],[115.45402095578933,-6.8539773750667417],[115.454020871905,-6.8539683565452529],[115.4540118484167,-6.853968440383289],[115.45401176453265,-6.8539594218616839],[115.45400274104439,-6.8539595056994402],[115.4540026571606,-6.8539504871777206],[115.45399363367243,-6.8539505710151962],[115.45399354978893,-6.8539415524933602],[115.45397550281255,-6.8539417201675841],[115.45397533504656,-6.8539236831234547],[115.45396631155853,-6.853923766960091],[115.45396622767589,-6.8539147484378908],[115.45395720418792,-6.8539148322742482],[115.45395712030555,-6.8539058137519664],[115.45394809681764,-6.8539058975880431],[115.45394801293553,-6.8538968790656289],[115.45393898944768,-6.8538969629014259],[115.45393873780257,-6.8538699073338387],[115.45392971431511,-6.8538699911691348],[115.45392946267152,-6.8538429356011399],[115.45392043918447,-6.8538430194359314],[115.45392027142299,-6.8538249823903845],[115.45391124793613,-6.8538250662247862],[115.45391116405574,-6.853816047701871],[115.45390214056897,-6.8538161315359911],[115.45390205668883,-6.8538071130129756],[115.45389303320208,-6.8538071968468177],[115.4538927815629,-6.8537801412774115],[115.45388375807659,-6.8537802251107509],[115.45388363512687,-6.8537670058216467],[115.45386807044821,-6.8537533129491628],[115.45386545946691,-6.8537533372064594],[115.45386543769959,-6.8537509968143562],[115.45384778025445,-6.8537354628486975],[115.45384724473791,-6.8537354678238742],[115.45384724027343,-6.8537349878056135],[115.45382749006207,-6.8537176127463662],[115.45380195955211,-6.853717849933326],[115.45380187567508,-6.85370883140902],[115.45376578172993,-6.8537091667310648],[115.45376569785368,-6.8537001482063431],[115.4537566743673,-6.8537002320363216],[115.45375659049134,-6.8536912135114676],[115.45374756700497,-6.8536912973411663],[115.45374748312931,-6.8536822788161968],[115.45372943615659,-6.853682446474866],[115.45372935228137,-6.8536734279496692],[115.45372032879503,-6.8536735117786405],[115.45372024492008,-6.8536644932533441],[115.45370219794739,-6.8536646609105567],[115.45370211407288,-6.853655642385001],[115.45368406710007,-6.8536558100413174],[115.45368398322601,-6.8536467915155503],[115.45363886579287,-6.8536472106528361],[115.45363894966604,-6.8536562291791583],[115.45361187920429,-6.8536564806598417],[115.45361196307709,-6.853665499186512],[115.45356684563774,-6.8536659183181694],[115.45356676176577,-6.8536568997909439],[115.45354871478956,-6.8536570674422048],[115.45354863091806,-6.8536480489147689],[115.45353058394173,-6.8536482165651345],[115.45353050007066,-6.8536391980374711],[115.45352147658251,-6.8536392818622884],[115.45352130884105,-6.8536212448067442],[115.45350326186507,-6.8536214124554302],[115.45350309412476,-6.8536033753993877],[115.45349407063691,-6.8536034592232555],[115.45349398676707,-6.853594440695125],[115.45345789281534,-6.8535947759884657],[115.4534578089463,-6.8535857574598857],[115.45344878545822,-6.8535858412826878],[115.45344870158947,-6.8535768227539924],[115.45345772507736,-6.8535767389313005],[115.45345755733985,-6.8535587018741193],[115.45346658082728,-6.8535586180514816],[115.45346649695853,-6.8535495995229789],[115.45347552044568,-6.8535495157002844],[115.45347493336638,-6.8534863860015527],[115.45346590988039,-6.8534864698234674],[115.45346557440968,-6.8534503957093564],[115.45345655092427,-6.8534504795306566],[115.45345629932291,-6.8534234239446912],[115.45344727583789,-6.8534235077654904],[115.45344710810454,-6.8534054707079353],[115.45343808461975,-6.8534055545283437],[115.45343783302111,-6.8533784989416455],[115.45342880953669,-6.8533785827615512],[115.45342864180519,-6.8533605457035067],[115.45341059483671,-6.8533607133423669],[115.45341051097147,-6.8533516948131155],[115.45339246400287,-6.8533518624510794],[115.45339238013806,-6.8533428439215855],[115.45338335665377,-6.8533429277402016],[115.45338318892483,-6.8533248906810265],[115.45337416544075,-6.8533249744992535],[115.45337408157663,-6.8533159559695385],[115.45335603460849,-6.8533161236052651],[115.45335595074479,-6.8533071050753236],[115.45334692726074,-6.8533071888928223],[115.45334684339734,-6.8532981703627485],[115.45332879642919,-6.8532983379970176],[115.45332871256625,-6.8532893194667501],[115.45331968908216,-6.8532894032835205],[115.45331960521952,-6.8532803847531207],[115.45330155825135,-6.8532805523859341],[115.45330147438914,-6.853271533855307],[115.45324733348299,-6.8532720367490345],[115.4532474173442,-6.8532810552803287],[115.45322937037426,-6.8532812229104447],[115.45322945423523,-6.8532902414419583],[115.45321140726448,-6.8532904090716249],[115.45321149112524,-6.8532994276033374],[115.45320246763953,-6.8532995114180295],[115.45320255150025,-6.8533085299498842],[115.45318450452814,-6.8533086975789841],[115.45318458838864,-6.8533177161110403],[115.45315751792914,-6.8533179675537603],[115.45315760178921,-6.8533269860861461],[115.45313955481531,-6.853327153714007],[115.45313963867518,-6.8533361722466104],[115.4531306151879,-6.8533362560603992],[115.45313103448805,-6.8533813487239081],[115.45311298751145,-6.8533815163520941],[115.45311307137148,-6.8533905348850048],[115.45310404788285,-6.853390618698957],[115.45310421560291,-6.8534086557649889],[115.45311323909191,-6.8534085719508147],[115.45311357453409,-6.853444646082381],[115.4531045510444,-6.8534447298969994],[115.45310463490507,-6.8534537484299909],[115.45303244698245,-6.8534544189417703],[115.45303236312316,-6.853445400407888],[115.45302333963249,-6.8534454842209911],[115.45302325577347,-6.8534364656869924],[115.45301423228285,-6.8534365494998166],[115.45301414842412,-6.8534275309657042],[115.45300512493355,-6.853427614778246],[115.45300504107507,-6.8534185962440324],[115.45299601758458,-6.8534186800562962],[115.45299584986833,-6.8534006429875856],[115.45298682637805,-6.8534007267994586],[115.45298640709025,-6.8533556341270883],[115.4529773836007,-6.8533557179382347],[115.45297688046008,-6.8533016067305628],[115.45296785697144,-6.8533016905408726],[115.45296768925914,-6.8532836534714132],[115.45299475972372,-6.8532834020406419],[115.45299484358033,-6.8532924205750483],[115.4530219140444,-6.8532921691424278],[115.4530219979016,-6.8533011876764789],[115.45303102138958,-6.8533011038651575],[115.45303110524709,-6.8533101223991268],[115.45304012873511,-6.8533100385875256],[115.45304021259291,-6.8533190571213618],[115.45306728305681,-6.8533188056852117],[115.45306736691521,-6.8533278242187103],[115.45311248435362,-6.8533274051545341],[115.45311223277623,-6.8533003495556786],[115.45310320928927,-6.853300433368517],[115.45310312543054,-6.8532914148354669],[115.45309410194363,-6.8532914986480256],[115.45309368265248,-6.8532464059820697],[115.45308465916634,-6.8532464897939036],[115.45308457530861,-6.8532374712605879],[115.45307555182248,-6.8532375550721421],[115.45307546796505,-6.85322853653871],[115.45305742099282,-6.8532287041610891],[115.45305733713583,-6.8532196856274314],[115.45300319621747,-6.8532201884898578],[115.4530031123616,-6.8532111699555269],[115.45298506538822,-6.8532113375747654],[115.45298489767752,-6.8531933005056471],[115.452975874191,-6.8531933843147899],[115.45297579033598,-6.8531843657801126],[115.45296676684953,-6.8531844495889773],[115.4529666829948,-6.8531754310541837],[115.4529576595084,-6.8531755148627687],[115.45295757565394,-6.8531664963278587],[115.45293952868113,-6.8531666639442994],[115.45293944482712,-6.8531576454091638],[115.45293042134072,-6.8531577292170196],[115.452930337487,-6.8531487106817686],[115.45292131400066,-6.8531487944893437],[115.45292123014721,-6.8531397759539603],[115.4529122066609,-6.8531398597612574],[115.45291212280773,-6.8531308412257914],[115.45290309932152,-6.853130925032807],[115.45290293161585,-6.853112887961605],[115.45289390812984,-6.8531129717682306],[115.45289382427737,-6.8531039532325115],[115.45288480079141,-6.8531040370388583],[115.45288471693921,-6.8530950185030068],[115.45286666996728,-6.8530951861149703],[115.45286658611552,-6.8530861675789261],[115.45283049217103,-6.8530865028003873],[115.45283040832005,-6.8530774842638769],[115.45280333786101,-6.8530777356778696],[115.45280325401066,-6.853068717141019],[115.45278520703771,-6.8530688847492831],[115.45278512318781,-6.853059866212206],[115.45275805272809,-6.8530601176230048],[115.45275813657747,-6.853069136160415],[115.45273106611617,-6.8530693875700317],[115.45273114996519,-6.8530784061077714],[115.45271310299013,-6.8530785737135629],[115.4527133545368,-6.8531056293274242],[115.45270433104857,-6.8531057131304003],[115.45270458259573,-6.8531327687445565],[115.45271360608447,-6.8531326849412473],[115.45271368993394,-6.853141703479162],[115.45278587784099,-6.8531410330457216],[115.45278596169189,-6.8531500515827757],[115.45280400866787,-6.8531498839725078],[115.45280417637072,-6.8531679210461229],[115.4528222233469,-6.8531677534347368],[115.45282230719882,-6.8531767719713157],[115.45283133068692,-6.8531766881652585],[115.45283166609646,-6.8532127623110837],[115.45282264260767,-6.8532128461175859],[115.45282272646017,-6.8532218646541434],[115.45281370297113,-6.853221948460587],[115.4528138706761,-6.8532399855339108],[115.45280484718663,-6.8532400693404094],[115.45280501489172,-6.8532581064139535],[115.45279599140177,-6.8532581902205072],[115.45279607525433,-6.8532672087573596],[115.45278705176408,-6.8532672925638556],[115.45278713561657,-6.8532763111008315],[115.45277811212607,-6.8532763949072706],[115.45277819597851,-6.8532854134443522],[115.45276917248772,-6.8532854972507344],[115.45276925634012,-6.8532945157879244],[115.45276023284903,-6.8532945995942498],[115.45276031670136,-6.8533036181315277],[115.45275129321,-6.8533037019377954],[115.45275137706227,-6.8533127204752153],[115.45266114214077,-6.8533135585297389],[115.45266105829019,-6.8533045399912051],[115.45265203479761,-6.8533046237956192],[115.45265178324702,-6.8532775681797284],[115.45264275975481,-6.8532776519836398],[115.45264234050691,-6.8532325592898156],[115.45265136399829,-6.8532324754864593],[115.45265086090357,-6.8531783642543909],[115.45265988439378,-6.8531782804515355],[115.45265954899889,-6.8531422062971652],[115.45265052550933,-6.8531422900995755],[115.45265044166105,-6.853133271560881],[115.45264141817152,-6.8531333553630125],[115.45264133432354,-6.8531243368241856],[115.45261426385484,-6.8531245882292353],[115.45261418000746,-6.8531155696900701],[115.45259613302809,-6.8531157372923692],[115.45259604918117,-6.8531067187529784],[115.45257800220169,-6.8531068863543831],[115.45257791835522,-6.8530978678147481],[115.45256889486546,-6.8530979516150872],[115.45256881101928,-6.8530889330753686],[115.45255978752959,-6.8530890168754262],[115.45255970368369,-6.853079998335577],[115.45255068019407,-6.8530800821353548],[115.45255059634843,-6.8530710635953884],[115.45254157285885,-6.8530711473948873],[115.45254123747814,-6.8530350732345351],[115.45253221398912,-6.8530351570334203],[115.45253196245528,-6.8530081014127751],[115.45251391547791,-6.8530082690093721],[115.45251374778994,-6.8529902319284757],[115.45249570081279,-6.8529903995239545],[115.4524956169693,-6.8529813809832758],[115.45248659348074,-6.8529814647806502],[115.45248650963752,-6.8529724462398578],[115.45247748614902,-6.8529725300369524],[115.45247740230609,-6.8529635114960445],[115.45245033184038,-6.8529637628859854],[115.45245024799806,-6.8529547443447374],[115.45244122450946,-6.8529548281409367],[115.45244114066743,-6.8529458095995741],[115.45242309369017,-6.8529459771912435],[115.4524230098486,-6.8529369586496367],[115.45240496287123,-6.85293712624041],[115.45240487903011,-6.8529281076986104],[115.45239585554143,-6.8529281914936329],[115.45239577170058,-6.8529191729516992],[115.45228748982957,-6.8529201784774951],[115.45228757366839,-6.8529291970207638],[115.45227855017825,-6.8529292808135969],[115.45227863401701,-6.8529382993569543],[115.45223351656369,-6.8529387183191472],[115.45223360040173,-6.8529477368630918],[115.45222457691054,-6.8529478206551362],[115.45222449307268,-6.8529388021110806],[115.452197422599,-6.8529390534858683],[115.45219733876178,-6.852930034941509],[115.4521792917791,-6.8529302025236358],[115.45217920794231,-6.8529211839790314],[115.45217018445095,-6.852921267769732],[115.45216993294174,-6.8528942121355438],[115.4521609094508,-6.8528942959257408],[115.45216065794308,-6.8528672402912125],[115.45215163445252,-6.8528673240809077],[115.45215138294637,-6.8528402684459895],[115.4521423594562,-6.852840352235182],[115.45214202411688,-6.8528042780547844],[115.45213300062731,-6.8528043618433641],[115.45213283295867,-6.8527863247529153],[115.45212380946927,-6.852786408541105],[115.4521237256353,-6.8527773899957616],[115.45211470214598,-6.8527774737836706],[115.45211461831228,-6.8527684552382135],[115.45210559482301,-6.8527685390258419],[115.45210551098958,-6.8527595204802685],[115.45207844052162,-6.852759771841809],[115.45207835668882,-6.8527507532958971],[115.45205128622034,-6.8527510046555893],[115.45205120238818,-6.852741986109339],[115.45199706144918,-6.8527424888235045],[115.45199714528033,-6.8527515073704226],[115.45197909829942,-6.8527516749406852],[115.45197918213037,-6.8527606934878209],[115.45195211165768,-6.8527609448422862],[115.45195219548822,-6.8527699633897514],[115.4519431719969,-6.8527700471743476],[115.4519432558274,-6.8527790657219194],[115.45186204439912,-6.8527798197767043],[115.45186196057016,-6.8527708012281323],[115.45183489009251,-6.8527710525763617],[115.45183480626416,-6.8527620340274495],[115.45180773578599,-6.8527622853738288],[115.45180765195825,-6.8527532668245783],[115.45178960497263,-6.8527534343877656],[115.45178952114533,-6.8527444158382895],[115.45178049765249,-6.8527444996195195],[115.45178041382549,-6.8527354810699102],[115.45166310841066,-6.8527365702091227],[115.45166302458594,-6.852727551658095],[115.45164497759768,-6.8527277192152258],[115.45164489377342,-6.8527187006639538],[115.45162684678509,-6.8527188682201867],[115.45162676296127,-6.85270984966869],[115.45161773946708,-6.8527099334464427],[115.45161765564356,-6.8527009148948306],[115.45159960865517,-6.8527010824496069],[115.4515995248321,-6.8526920638977495],[115.45158147784362,-6.8526922314516305],[115.45158139402099,-6.8526832128995796],[115.45155432353793,-6.8526834642288046],[115.45155423971592,-6.8526744456763975],[115.45150009874772,-6.8526749483296294],[115.45150018256872,-6.8526839668827026],[115.45148213557809,-6.8526841344326543],[115.45148221939886,-6.8526931529859283],[115.45146417240747,-6.8526933205354288],[115.45146425622801,-6.8527023390889541],[115.45145523273194,-6.8527024228635636],[115.45145531655244,-6.8527114414171804],[115.45144629305611,-6.8527115251917303],[115.45144637687656,-6.8527205437454537],[115.4514283298832,-6.8527207112942747],[115.45142841370341,-6.8527297298482148],[115.45141036670927,-6.8527298973965838],[115.45141045052928,-6.8527389159507264],[115.45140142703187,-6.8527389997247692],[115.45140151085182,-6.8527480182790521],[115.45139248735413,-6.8527481020530372],[115.45139257117401,-6.8527571206074098],[115.45135647718148,-6.8527574557021138],[115.45135630954317,-6.8527394185924582],[115.4513382625469,-6.8527395861383535],[115.45133817872826,-6.8527305675833219],[115.45132915523013,-6.8527306513559063],[115.45132873613946,-6.8526855585800384],[115.45131971264205,-6.8526856423518971],[115.45131937737222,-6.8526495681306958],[115.45131035387539,-6.8526496519019418],[115.45131018624149,-6.8526316147910658],[115.45130116274488,-6.85263169856192],[115.45130107892825,-6.8526226800063741],[115.45128303193501,-6.8526228475473552],[115.45128294811887,-6.852613828991581],[115.45127392462221,-6.8526139127617078],[115.45127384080634,-6.8526048942058191],[115.45126481730979,-6.8526049779756653],[115.45126473349418,-6.8525959594196602],[115.45124668650105,-6.8525961269586277],[115.45124660268591,-6.8525871084023953],[115.45123757918934,-6.852587192171514],[115.45123749537447,-6.852578173615167],[115.45121944838132,-6.8525783411526771],[115.45121936456691,-6.8525693225961035],[115.45120131757366,-6.8525694901327165],[115.45120123375969,-6.8525604715759147],[115.45119221026306,-6.8525605553438584],[115.45119212644939,-6.8525515367869403],[115.45097556250049,-6.8525535471643684],[115.45097547869096,-6.8525445286047759],[115.4509574316926,-6.8525446961316252],[115.45095734788353,-6.8525356775717903],[115.45093930088507,-6.8525358450977443],[115.45093921707647,-6.8525268265377148],[115.45093019357722,-6.8525269103003268],[115.45093010976889,-6.8525178917401659],[115.45092108626969,-6.8525179755024981],[115.45092100246164,-6.8525089569422208],[115.45091197896252,-6.852509040704275],[115.45091189515473,-6.8525000221438814],[115.45090287165566,-6.8525001059056567],[115.45090270404079,-6.8524820687846351],[115.45088465704301,-6.8524822363072317],[115.45088448942926,-6.8524641991857482],[115.45087546593049,-6.8524642829465705],[115.45087538212397,-6.8524552643857106],[115.45079417063188,-6.8524560182245375],[115.4507942544369,-6.8524650367863993],[115.45074913693649,-6.8524654555804076],[115.45074922074078,-6.8524744741428201],[115.45073117373948,-6.8524746416594677],[115.45073125754357,-6.8524836602220978],[115.45072223404259,-6.8524837439802795],[115.4507223178466,-6.8524927625430356],[115.45071329434533,-6.8524928463011587],[115.45071337814929,-6.8525018648639877],[115.45069533114609,-6.8525020323799541],[115.45069541494981,-6.8525110509430167],[115.45068639144789,-6.8525111347008583],[115.45068655905537,-6.852529171827193],[115.45067753555298,-6.8525292555850896],[115.45067770316057,-6.8525472927116287],[115.45068672666329,-6.8525472089535109],[115.45068681046743,-6.8525562275166632],[115.4506958339702,-6.8525561437582647],[115.45069591777462,-6.8525651623213006],[115.45070494127748,-6.8525650785626224],[115.45070502508217,-6.8525740971255447],[115.45071404858506,-6.8525740133665867],[115.45071413239002,-6.8525830319293926],[115.45072315589299,-6.8525829481701557],[115.45072323969825,-6.8525919667328434],[115.45074128670413,-6.8525917992136414],[115.4507415381216,-6.8526188549010163],[115.4507505616249,-6.8526187711408291],[115.45075131588492,-6.8526999382016971],[115.4507422923801,-6.8527000219628853],[115.45074237618718,-6.8527090405253128],[115.45073335268208,-6.8527091242864451],[115.45073343648912,-6.8527181428489605],[115.45071538947825,-6.8527183103709417],[115.45071547328503,-6.8527273289336756],[115.45068840276743,-6.8527275802157162],[115.45068848657381,-6.8527365987787796],[115.45067946306754,-6.8527366825392351],[115.45067954687389,-6.85274570110239],[115.45063442934003,-6.8527461199026929],[115.45063434553452,-6.8527371013389811],[115.45060727501333,-6.8527373526168081],[115.45060702359905,-6.8527102969245979],[115.45059800009227,-6.8527103806832024],[115.4505977486795,-6.8526833249906209],[115.45058872517313,-6.8526834087487227],[115.45058855756554,-6.8526653716200903],[115.45055246354021,-6.8526657066499244],[115.45055254734326,-6.8526747252146887],[115.45054352383649,-6.8526748089718366],[115.45054385904925,-6.8527108832312935],[115.45052581203399,-6.8527110507459748],[115.45052597964039,-6.8527290878761224],[115.45055305016407,-6.8527288366031778],[115.45055313396796,-6.852737855167911],[115.45054411046002,-6.8527379389258387],[115.45054419426381,-6.8527469574906617],[115.45055321777194,-6.852746873732622],[115.45055330157601,-6.8527558922973633],[115.45058939560808,-6.8527555572630785],[115.45058947941298,-6.8527645758273525],[115.45060752642864,-6.8527644083089774],[115.45060769403939,-6.852782445437068],[115.45059867053129,-6.8527825291965625],[115.45059917336529,-6.8528366405813976],[115.45059014985604,-6.8528367243413921],[115.45059031746794,-6.8528547614698576],[115.45058129395824,-6.8528548452299063],[115.45058146157024,-6.8528728823585761],[115.45057243806011,-6.8528729661186771],[115.45057252186611,-6.8528819846831173],[115.45055447484513,-6.8528821522030388],[115.45055455865091,-6.8528911707676956],[115.45051846460693,-6.8528915058059603],[115.45051854841216,-6.8529005243710595],[115.45050050138916,-6.8529006918894027],[115.45050058519416,-6.8529097104547034],[115.4504735146583,-6.8529099617312887],[115.45047343085382,-6.8529009431656549],[115.45045538382968,-6.8529011106823141],[115.45045530002562,-6.8528920921164369],[115.45044627651356,-6.8528921758744028],[115.45044619270978,-6.8528831573084101],[115.45043716919778,-6.8528832410660963],[115.4504370853943,-6.8528742224999872],[115.45042806188235,-6.8528743062573936],[115.45042789427607,-6.8528562691249402],[115.45041887076434,-6.8528563528819557],[115.45041861935624,-6.8528292971829092],[115.45040959584492,-6.8528293809394221],[115.45040942824045,-6.8528113438064802],[115.45040040472932,-6.8528114275626022],[115.4504003209274,-6.8528024089960136],[115.45038227390519,-6.8528025765075302],[115.45038219010374,-6.8527935579407142],[115.45037316659261,-6.8527936416961097],[115.45037308279143,-6.8527846231291774],[115.45034601225792,-6.8527848743940156],[115.45034592845738,-6.8527758558267458],[115.45026471685223,-6.852776609611162],[115.45026463305332,-6.8527675910428867],[115.45021951549178,-6.8527680098055539],[115.45022010208072,-6.8528311397872796],[115.45021107856689,-6.852831223540087],[115.45021158136078,-6.8528853349534904],[115.45020255784583,-6.8528854187067978],[115.45020272544437,-6.8529034558447846],[115.45019370192897,-6.8529035395981444],[115.45019403712671,-6.8529396138745158],[115.45018501361052,-6.8529396976281509],[115.45018509741007,-6.8529487161973437],[115.45017607389363,-6.852948799950922],[115.45017615769312,-6.8529578185202045],[115.45015811065949,-6.8529579860270795],[115.45015819445879,-6.8529670045966142],[115.45014014742436,-6.8529671721030381],[115.45014023122341,-6.8529761906727726],[115.45013120770589,-6.8529762744258438],[115.45013129150489,-6.8529852929956858],[115.45005007984045,-6.8529860467667385],[115.45004999604296,-6.8529770281958946],[115.45002292548664,-6.8529772794495463],[115.45002300928361,-6.8529862980207241],[115.45000496224515,-6.8529864655225374],[115.45000487844852,-6.8529774469511375],[115.44995073733145,-6.8529779494518692],[115.44995065353595,-6.8529689308797987],[115.44993260649633,-6.8529690983784723],[115.44993252270129,-6.8529600798061567],[115.44992349918151,-6.8529601635551298],[115.44992341538672,-6.8529511449827325],[115.44991439186697,-6.8529512287314258],[115.44991422427809,-6.852933191586362],[115.44990520075859,-6.8529332753346646],[115.44990453040896,-6.8528611267533446],[115.44989550689068,-6.8528612105005884],[115.44989542309764,-6.8528521919277923],[115.44990444661575,-6.8528521081806595],[115.44990394385896,-6.8527979967444592],[115.44991296737594,-6.8527979129978247],[115.44991271599854,-6.8527708572799986],[115.44992173951492,-6.8527707735335293],[115.44992165572253,-6.8527617549610236],[115.44993067923859,-6.8527616712144965],[115.44993059544613,-6.8527526526420806],[115.44993961896195,-6.8527525688954976],[115.44993953516945,-6.852743550323221],[115.44994855868495,-6.8527434665765812],[115.44994830730758,-6.85271641086001],[115.4499573308225,-6.8527163271135363],[115.44995674427804,-6.852653197108828],[115.44994772076434,-6.8526532808545246],[115.44994746939034,-6.852626225137822],[115.449938445877,-6.8526263088830177],[115.44993836208607,-6.8526172903106612],[115.44992933857279,-6.8526173740555771],[115.44992908720116,-6.8525903183381534],[115.44992006368827,-6.8525904020825665],[115.4499198961081,-6.852572364937374],[115.44991087259542,-6.8525724486813955],[115.44991062122652,-6.852545392963223],[115.44990159771424,-6.8525454767067409],[115.449901513925,-6.8525364581339199],[115.44989249041281,-6.8525365418771598],[115.44989232283497,-6.852518504731246],[115.44988329932298,-6.8525185884740951],[115.44988325322402,-6.8525136266199453],[115.44974770100009,-6.8525882539999516],[115.44963787200004,-6.8526100089999291],[115.44954606100009,-6.8525523539999522],[115.44939803900002,-6.8520124929999682],[115.44937254603234,-6.851938035783486],[115.44937262083458,-6.8519460887205135],[115.44936359732696,-6.8519461724466417],[115.4493636810988,-6.8519551910263328],[115.44932758706645,-6.8519555259296085],[115.44932767083773,-6.8519645445097392],[115.44931864732921,-6.8519646282352484],[115.44931873110043,-6.8519736468154706],[115.44922849600717,-6.8519744840624046],[115.44922841223762,-6.8519654654810722],[115.44921036521792,-6.8519656329282164],[115.44921044898715,-6.8519746515097708],[115.44919240196667,-6.8519748189564638],[115.44919248573567,-6.8519838375382713],[115.44916541520359,-6.8519840887073791],[115.44916549897221,-6.8519931072894993],[115.44915647546114,-6.8519931910123102],[115.44915655922966,-6.852002209594537],[115.44914753571834,-6.8520022933172902],[115.44914770325541,-6.8520203304819525],[115.44913867974358,-6.8520204142047607],[115.44913909858742,-6.8520655071168974],[115.44913007507466,-6.8520655908400929],[115.4491301588436,-6.852074609422619],[115.44905797073608,-6.8520752792030013],[115.44905788696849,-6.8520662606195861],[115.44904886345472,-6.8520663443412646],[115.449048109553,-6.8519851770893299],[115.44905713306528,-6.8519850933686515],[115.44905688176624,-6.8519580376182594],[115.44906590527788,-6.851957953897748],[115.44906582151158,-6.851948935314387],[115.44907484502295,-6.8519488515938169],[115.4490747612566,-6.8519398330105634],[115.44909280827865,-6.8519396655691409],[115.44909255697928,-6.8519126098200189],[115.44912865102,-6.8519122749364856],[115.4491285672531,-6.8519032563538813],[115.44914661427246,-6.8519030889113273],[115.44914653050533,-6.8518940703289406],[115.44915555401465,-6.8518939866075215],[115.44915530271345,-6.8518669308606688],[115.44916432622216,-6.8518668471394175],[115.44916365608918,-6.8517946984818385],[115.44917267959647,-6.8517946147613067],[115.44917217700046,-6.851740503268605],[115.44916315349423,-6.8517405869884715],[115.4491630697288,-6.8517315684062279],[115.44917209323488,-6.8517314846864741],[115.44917200946938,-6.8517224661043201],[115.44915396245744,-6.8517226335434369],[115.4491538786924,-6.8517136149610902],[115.44909973765492,-6.8517141172737297],[115.44909982141895,-6.8517231358567434],[115.44909079791215,-6.8517232195750388],[115.4490908816761,-6.851732238158192],[115.44907283466181,-6.8517324055944995],[115.44907291842556,-6.8517414241778551],[115.44903682439494,-6.8517417590488927],[115.44903674063187,-6.8517327404650921],[115.44898259958354,-6.8517332427659277],[115.44898251582158,-6.8517242241814387],[115.44896446880495,-6.8517243916134811],[115.44896455256657,-6.8517334101981922],[115.44889236449403,-6.8517340799205115],[115.44889244825438,-6.8517430985060912],[115.4488653777248,-6.8517433496495146],[115.44886529396494,-6.8517343310636027],[115.44884724694499,-6.8517344984914867],[115.44884733070455,-6.8517435170776224],[115.44882928368382,-6.8517436845050552],[115.44882936744311,-6.8517527030914085],[115.4488203439324,-6.8517527868049841],[115.44882051145103,-6.8517708239778834],[115.44880246442862,-6.8517709914049734],[115.44880254818777,-6.8517800099916641],[115.4487935246762,-6.8517800937050684],[115.44879360843531,-6.8517891122918497],[115.44877556141152,-6.8517892797183739],[115.44877564517039,-6.8517982983053729],[115.44874857463338,-6.8517985494442293],[115.44874865839186,-6.8518075680315578],[115.4487306113663,-6.8518077354568421],[115.44873069512455,-6.8518167540443882],[115.4486855775578,-6.8518171726052071],[115.44868549380038,-6.8518081540171059],[115.44866744677324,-6.8518083214400312],[115.4486675305303,-6.8518173400283562],[115.44864948350236,-6.8518175074508312],[115.44864939974565,-6.8518084888622832],[115.44864037623167,-6.851808572573157],[115.44864029247522,-6.8517995539844954],[115.44863126896129,-6.8517996376950885],[115.44863118520512,-6.8517906191063105],[115.44862216169128,-6.8517907028166265],[115.4486219941796,-6.8517726656388165],[115.44860394715222,-6.8517728330584946],[115.4486038633969,-6.8517638144693871],[115.4485948398832,-6.8517638981788629],[115.44859475612816,-6.8517548795896213],[115.44856768558691,-6.8517551307167031],[115.44856760183247,-6.8517461121271248],[115.44853150777658,-6.8517464469604317],[115.44853142402293,-6.851737428370404],[115.44851337699465,-6.8517375957858233],[115.44851329324146,-6.8517285771955523],[115.44848622269869,-6.8517288283170856],[115.44848605519365,-6.8517107911359139],[115.44852214924913,-6.8517104563077549],[115.44852206549612,-6.8517014377175993],[115.44853108900951,-6.8517013540102498],[115.4485301677319,-6.8516021495194623],[115.44852114422036,-6.8516022332255879],[115.44852106046871,-6.8515932146353791],[115.44853008398009,-6.8515931309293636],[115.44853000022837,-6.8515841123392622],[115.44852097671713,-6.8515841960451649],[115.4485208929657,-6.8515751774549472],[115.44849382243184,-6.8515754285713157],[115.44849373868101,-6.8515664099807427],[115.44848471516968,-6.8515664936857501],[115.44848463141913,-6.8515574750950954],[115.44843951386159,-6.8515578936170511],[115.448439430112,-6.8515488750258218],[115.44842138308853,-6.8515490424332004],[115.44842071309863,-6.8514768937014257],[115.44841168958808,-6.8514769774039737],[115.44841160584001,-6.8514679588123517],[115.44840258232952,-6.8514680425146208],[115.44840241483406,-6.8514500053311744],[115.44839339132379,-6.8514500890330519],[115.44839330757641,-6.8514410704412114],[115.44838428406619,-6.8514411541428109],[115.44838420031908,-6.8514321355508532],[115.44837517680892,-6.8514322192521719],[115.4483750930621,-6.8514232006600997],[115.44835704604176,-6.8514233680620107],[115.44835696229539,-6.851414349469712],[115.44834793878522,-6.8514144331703024],[115.44834785503912,-6.8514054145778882],[115.44833883152901,-6.8514054982781998],[115.4483387477832,-6.8513964796856701],[115.44832070076298,-6.851396647085565],[115.44832061701763,-6.8513876284928088],[115.44828452297646,-6.8513879632901329],[115.44828460672116,-6.8513969818833331],[115.44827558321045,-6.8513970655823542],[115.44827549946592,-6.851388046989042],[115.44824842893354,-6.8513882980847614],[115.44824868016593,-6.8514153538656855],[115.44829379772185,-6.8514149353703111],[115.44829388146702,-6.851423953963387],[115.4482848579559,-6.8514240376629107],[115.44828502544627,-6.8514420748492739],[115.44829404895776,-6.8514419911495281],[115.44829438394058,-6.851478065521774],[115.4483214544763,-6.8514778144201918],[115.4483216219694,-6.8514958516055957],[115.44824943386915,-6.8514965212082233],[115.4482493501239,-6.8514875026146251],[115.44824032661101,-6.8514875863140849],[115.44824041035609,-6.8514966049077932],[115.44823138684295,-6.8514966886071944],[115.44823130309803,-6.8514876700133742],[115.44820423255841,-6.8514879211102366],[115.44820431630282,-6.8514969397043908],[115.44819529278919,-6.8514970234031187],[115.44819520904497,-6.8514880048088536],[115.448168138504,-6.8514882559036954],[115.44816822224772,-6.8514972744982927],[115.44805091655621,-6.8514983625598616],[115.44805100029788,-6.8515073811559022],[115.44803295326638,-6.8515075485476853],[115.44803303700782,-6.8515165671439426],[115.44801498997553,-6.8515167345352754],[115.44801473875258,-6.8514896787458222],[115.44802376226826,-6.8514895950505732],[115.44802367852733,-6.8514805764542084],[115.44803270204274,-6.8514804927589035],[115.44803245082014,-6.8514534369700488],[115.44802342730524,-6.8514535206650207],[115.448023092344,-6.8514174462793971],[115.44801406882968,-6.8514175299737561],[115.44801398508982,-6.8514085113772278],[115.44802300860397,-6.8514084276829799],[115.44802292486406,-6.8513994090865591],[115.44801390135007,-6.851399492780696],[115.44801323143619,-6.8513273440082774],[115.44800420792338,-6.8513274277013556],[115.44800404044639,-6.8513093905079847],[115.44799501693383,-6.851309474200673],[115.44799493319569,-6.8513004556038704],[115.44796786265788,-6.8513007066805889],[115.44796777892033,-6.8512916880834478],[115.44795875540765,-6.8512917717752391],[115.44795867167039,-6.8512827531779834],[115.44794062464507,-6.8512829205608377],[115.44794054090825,-6.8512739019633706],[115.44793151739559,-6.8512739856544354],[115.44793160113224,-6.8512830042520134],[115.44792257761928,-6.8512830879430195],[115.44792274509258,-6.851301125138419],[115.4479046980657,-6.85130129252037],[115.44790494927547,-6.8513283483141025],[115.44789592576134,-6.8513284320051602],[115.44789617697162,-6.8513554877991867],[115.44788715345689,-6.8513555714904095],[115.44788732093065,-6.8513736086866253],[115.44789634444572,-6.8513735249951813],[115.44789659565771,-6.8514005807891412],[115.44788757214211,-6.8514006644809191],[115.4478876558795,-6.8514096830790088],[115.44787863236363,-6.8514097667707299],[115.44787871610097,-6.8514187853689261],[115.4478696925848,-6.8514188690605886],[115.44786977632209,-6.8514278876588914],[115.44786075280567,-6.8514279713504997],[115.44786100401765,-6.8514550271457129],[115.44787002753459,-6.8514549434537724],[115.44787011127231,-6.8514639620520583],[115.4478610877552,-6.8514640457441089],[115.44786117149287,-6.8514730643425006],[115.44785214797551,-6.8514731480344953],[115.4478522317131,-6.8514821666330112],[115.4478702787481,-6.8514819992486311],[115.44787036248616,-6.8514910178468869],[115.44787938600366,-6.8514909341543344],[115.44787946974201,-6.8514999527524898],[115.44790654029431,-6.851499701673486],[115.44790662403328,-6.8515087202713039],[115.44791564755067,-6.8515086365778552],[115.44791573128992,-6.8515176551755568],[115.44792475480736,-6.8515175714818284],[115.44792483854688,-6.8515265900793993],[115.44797897965014,-6.8515260879128208],[115.44797906339082,-6.8515351065097541],[115.4479880869078,-6.8515350228146232],[115.44798825438974,-6.8515530600082197],[115.44797923087243,-6.8515531437035717],[115.44797939835455,-6.8515711808973556],[115.44796135131888,-6.8515713482880001],[115.44796143505975,-6.8515803668851323],[115.44791631746777,-6.8515807853593538],[115.44791640120793,-6.8515898039570216],[115.44789835417004,-6.851589971345752],[115.44789843790997,-6.8515989899436383],[115.44788941439064,-6.8515990736378622],[115.44788949813052,-6.8516080922358551],[115.44788047461095,-6.8516081759300222],[115.44788055835076,-6.8516171945281208],[115.44784446427064,-6.8516175293035495],[115.4478445480099,-6.8516265479020895],[115.44783552448942,-6.8516266315956358],[115.44783544075035,-6.8516176129969866],[115.44782641722992,-6.8516176966902531],[115.44782650096883,-6.8516267152890151],[115.44776333632154,-6.8516273011379498],[115.44776325258383,-6.8516182825384098],[115.4477542290625,-6.8516183662303307],[115.44775414532504,-6.8516093476306743],[115.44774512180378,-6.8516094313223146],[115.44774503806661,-6.8516004127225427],[115.44773601454541,-6.851600496413905],[115.44773567959852,-6.8515644220143308],[115.44772665607786,-6.8515645057050785],[115.44772648860541,-6.8515464685050427],[115.44771746508501,-6.8515465521954013],[115.44771738134914,-6.8515375335952635],[115.44770835782874,-6.8515376172853415],[115.44770827409317,-6.8515285986850749],[115.44769022705243,-6.8515287660645008],[115.44769014331729,-6.8515197474640388],[115.44767209627643,-6.8515199148425703],[115.44767192880715,-6.8515018776411569],[115.4476538817665,-6.8515020450185693],[115.44765379803236,-6.8514930264176339],[115.44759965690878,-6.851493528545161],[115.44759957317576,-6.8514845099435711],[115.44758152613399,-6.8514846773178428],[115.44758144240144,-6.8514756587159926],[115.44757241888054,-6.8514757424027657],[115.44757225141612,-6.8514577051988619],[115.4475542043747,-6.8514578725714559],[115.44755403691137,-6.8514398353670911],[115.44754501339081,-6.8514399190529147],[115.44754484592829,-6.8514218818483084],[115.4475538694485,-6.8514217981627077],[115.44755361825506,-6.8513947423561001],[115.44756264177464,-6.8513946586706655],[115.44756255804356,-6.8513856400685658],[115.44755353452413,-6.8513857237538893],[115.44755336706264,-6.8513676865494366],[115.44756239058171,-6.8513676028643351],[115.44756230685095,-6.851358584262238],[115.44757133036974,-6.8513585005770805],[115.44757124663894,-6.851349481975074],[115.44758027015747,-6.851349398289857],[115.44758010269585,-6.8513313610860536],[115.44758912621393,-6.8513312774008917],[115.44758904248313,-6.851322258799077],[115.44759806600092,-6.8513221751138573],[115.44759798227005,-6.8513131565121839],[115.44761602930495,-6.8513129891414613],[115.44761594557387,-6.8513039705399894],[115.44762496909101,-6.8513038868544873],[115.44762488535984,-6.8512948682531212],[115.44763390887668,-6.8512947845675622],[115.44763382514547,-6.8512857659663027],[115.44766991921102,-6.8512854312228244],[115.44767008667489,-6.8513034684244483],[115.44767911019133,-6.8513033847379363],[115.44767919392359,-6.8513124033386301],[115.44770626447274,-6.8513121522777469],[115.44770618073996,-6.8513031336773862],[115.44771520425597,-6.8513030499902001],[115.44771453439651,-6.8512309011880435],[115.44770551088183,-6.8512309848743405],[115.4477054271501,-6.8512219662739398],[115.44768738012083,-6.8512221336458081],[115.44768729638952,-6.85121311504518],[115.44767827287484,-6.8512131987307496],[115.44767818914382,-6.8512041801300079],[115.44766916562925,-6.8512042638152959],[115.44766891443734,-6.8511772080127091],[115.44767793795143,-6.8511771243277524],[115.4476776030298,-6.851141049924685],[115.44768662654312,-6.8511409662400036],[115.44768654281283,-6.8511319476393382],[115.44769556632582,-6.8511318639545999],[115.44769548259548,-6.8511228453540403],[115.44768645908263,-6.8511229290386666],[115.44768637535257,-6.8511139104379737],[115.44767735183977,-6.8511139941223202],[115.44767718438031,-6.8510959569207506],[115.44766816086775,-6.8510960406047063],[115.44766807713836,-6.8510870220037949],[115.44765003011322,-6.8510871893709799],[115.44764994638429,-6.8510781707698412],[115.44755971125353,-6.8510790075945458],[115.4475596275264,-6.8510699889923083],[115.44750548644355,-6.8510704910783788],[115.44750557016967,-6.8510795096812824],[115.44747849962623,-6.8510797607223779],[115.44747866707783,-6.8510977979288752],[115.44746964356275,-6.8510978816091246],[115.44746981101446,-6.8511159188158084],[115.44746078749898,-6.8511160024961129],[115.44746112240307,-6.8511520769099237],[115.44745209888677,-6.8511521605905052],[115.44745226633916,-6.8511701977975958],[115.44744324282243,-6.8511702814782307],[115.44744366145451,-6.8512153744964408],[115.44743463793685,-6.8512154581774638],[115.44743472166343,-6.8512244767812023],[115.44742569814545,-6.8512245604621684],[115.44742578187198,-6.8512335790660144],[115.44740773483537,-6.8512337464276607],[115.44740781856167,-6.851242765031726],[115.4473897715243,-6.8512429323929203],[115.44738960407244,-6.851224895184342],[115.4473625335165,-6.8512251462242038],[115.44736244979124,-6.8512161276195753],[115.44732635571576,-6.8512164623365885],[115.44732627199132,-6.8512074437315107],[115.44731724847233,-6.8512075274102324],[115.4473170810241,-6.8511894901998396],[115.44730805750532,-6.8511895738781705],[115.44730789005787,-6.8511715366675379],[115.44729886653934,-6.851171620345478],[115.44729861536952,-6.8511445645291627],[115.44728959185136,-6.851144648206601],[115.44728942440572,-6.8511266109954798],[115.44729844792354,-6.8511265273182644],[115.44729811303294,-6.8510904528964147],[115.44728908951578,-6.8510905365731851],[115.44728892207151,-6.8510724993620284],[115.44724380448582,-6.8510729177422443],[115.44724388820705,-6.8510819363483719],[115.44722584117166,-6.8510821036995013],[115.44722592489269,-6.8510911223058644],[115.44715373674522,-6.851091791704536],[115.44715365302554,-6.8510827730972839],[115.4471356059879,-6.8510829404450444],[115.44713552226867,-6.8510739218375827],[115.44710845171184,-6.8510741728576274],[115.44710836799324,-6.8510651542497945],[115.44708129743589,-6.85106540526799],[115.44708121371791,-6.8510563866598355],[115.44707219019874,-6.851056470332118],[115.44707210648102,-6.851047451723848],[115.44706308296193,-6.8510475353958524],[115.44706299924448,-6.8510385167874679],[115.44704495220627,-6.8510386841307485],[115.44704486848929,-6.8510296655221357],[115.44703584497015,-6.8510297491934127],[115.4470356775369,-6.8510117119759517],[115.447026654018,-6.8510117956468379],[115.44702657030172,-6.8510027770379907],[115.44701754678287,-6.8510028607085962],[115.44701746306686,-6.8509938420996335],[115.44700843954807,-6.8509939257699601],[115.44700835583234,-6.850984907160881],[115.44699030879477,-6.850985074500807],[115.44699022507949,-6.8509760558915014],[115.4469721780418,-6.8509762232305302],[115.44697201061227,-6.8509581860114457],[115.44694494005589,-6.8509584370180603],[115.44694485634177,-6.8509494184082023],[115.44693583282296,-6.8509495020766256],[115.44693574910913,-6.8509404834666352],[115.44692672559034,-6.8509405671347787],[115.44692647445005,-6.8509135113044666],[115.44689038037581,-6.8509138459740235],[115.44689029666327,-6.8509048273634434],[115.44687224962583,-6.8509049946969895],[115.44687208220175,-6.8508869574754048],[115.44682696460782,-6.8508873758052102],[115.44682704831895,-6.8508963944165613],[115.44680900128026,-6.8508965617475273],[115.44680908499116,-6.850905580359095],[115.44679103795166,-6.8509057476896098],[115.44679112166234,-6.8509147663014129],[115.44678209814224,-6.8509148499665278],[115.44678218185285,-6.8509238685784046],[115.44677315833249,-6.8509239522434635],[115.44677324204307,-6.8509329708554629],[115.44675519500166,-6.8509331381852974],[115.44675527871199,-6.8509421567975144],[115.44674625519096,-6.8509422404622899],[115.44674650632217,-6.850969296299251],[115.4467374828005,-6.85096937996419],[115.44673756651098,-6.8509783985766122],[115.44672854298901,-6.850978482241497],[115.44672862669943,-6.8509875008540257],[115.4467196031772,-6.8509875845188501],[115.44671968688755,-6.8509966031314873],[115.44673773393222,-6.8509964358014441],[115.44673781764303,-6.8510054544138539],[115.44674684116535,-6.851005370748469],[115.44674700858761,-6.8510234079730523],[115.44675603211016,-6.8510233243072758],[115.44675619953321,-6.8510413615316184],[115.44677424657867,-6.8510411941991176],[115.44677441400283,-6.8510592314229983],[115.44678343752572,-6.8510591477562732],[115.44678352123815,-6.8510681663680959],[115.44679254476111,-6.8510680827010892],[115.44679279589957,-6.8510951385361976],[115.4468018194229,-6.8510950548686909],[115.44680223799011,-6.8511401479265608],[115.44679321446593,-6.8511402315946244],[115.44679338189326,-6.8511582688179642],[115.44678435836862,-6.8511583524860802],[115.44678444208229,-6.8511673710978389],[115.44677541855737,-6.8511674547658981],[115.44677592084075,-6.8512215664371352],[115.44678494436666,-6.851221482768409],[115.44678502808112,-6.8512305013801527],[115.44680307513296,-6.851230334041972],[115.44680315884789,-6.8512393526534892],[115.44681218237383,-6.8512392689840347],[115.44681209865873,-6.8512302503726286],[115.44682112218439,-6.8512301667031181],[115.44682103846924,-6.8512211480918195],[115.44683006199459,-6.8512210644222504],[115.4468296434198,-6.8511759713662466],[115.4468386669442,-6.851175887697063],[115.44683833208572,-6.8511398132526251],[115.44684735560934,-6.8511397295837195],[115.44684718818044,-6.85112169236168],[115.44686523522667,-6.8511215250238093],[115.44686515151204,-6.8511125064130294],[115.44687417503481,-6.8511124227439533],[115.44687409132014,-6.8511034041332639],[115.44688311484263,-6.8511033204641292],[115.44688303112792,-6.8510943018535473],[115.44695521930244,-6.8510936324952976],[115.44695530301853,-6.8511026511049913],[115.44699139710376,-6.8511023164213807],[115.446991313387,-6.8510932978121319],[115.44700033690788,-6.8510932141409207],[115.4470004206248,-6.8511022327500575],[115.44700944414571,-6.8511021490785646],[115.44700952786292,-6.8511111676875878],[115.44700050434184,-6.8511112513591907],[115.44700092292869,-6.8511563444047896],[115.44700994645061,-6.8511562607326306],[115.44701011388648,-6.8511742979506174],[115.44701913740865,-6.8511742142780667],[115.44701963971998,-6.8512283259312534],[115.44702866324302,-6.8512282422578696],[115.44702891440075,-6.8512552980840704],[115.44703793792415,-6.8512552144101821],[115.44703827280334,-6.8512912888446102],[115.44700217870623,-6.851291623540928],[115.44700209498693,-6.8512826049318996],[115.446984047938,-6.8512827722788252],[115.44698413165698,-6.8512917908880748],[115.44683073172014,-6.8512932133116298],[115.44683064800405,-6.8512841947004892],[115.44682162447752,-6.8512842783708354],[115.44682154076172,-6.8512752597595465],[115.44679447018191,-6.8512755107692422],[115.44679438646675,-6.8512664921576318],[115.44677633941332,-6.8512666594963658],[115.44677625569858,-6.851257640884528],[115.44674918511809,-6.8512578918910307],[115.44674926883232,-6.8512669105032016],[115.44674024530512,-6.8512669941718096],[115.44674032901931,-6.851276012784087],[115.44673130549178,-6.8512760964526391],[115.44673138920592,-6.8512851150650391],[115.44671334215023,-6.85128528240186],[115.44671342586413,-6.8512943010144438],[115.44665928469337,-6.8512948030215268],[115.44665936840639,-6.8513038216347919],[115.44665034487737,-6.85130390530216],[115.44665051230336,-6.8513219425288989],[115.44664148877389,-6.8513220261963212],[115.44664157248688,-6.8513310448097782],[115.44663254895713,-6.8513311284771437],[115.44663271638316,-6.8513491657043168],[115.44662369285292,-6.8513492493717365],[115.44662427884633,-6.8514123796674236],[115.44661525531484,-6.8514124633354525],[115.4466154227422,-6.8514305005629748],[115.44658835214604,-6.8514307515667179],[115.44658843585938,-6.8514397701808054],[115.44649820052976,-6.8514406068501099],[115.44649828424156,-6.851449625465305],[115.44638097829402,-6.8514507131116664],[115.4463810620037,-6.8514597317283013],[115.44637203846833,-6.8514598153923378],[115.44637195475879,-6.851450796775592],[115.44636293122348,-6.8514508804393488],[115.44636284751422,-6.8514418618224875],[115.44634480044354,-6.8514420291492737],[115.44634471673476,-6.851433010532185],[115.44633569319943,-6.8514330941952144],[115.44633560949092,-6.8514240755780103],[115.44632658595567,-6.8514241592407599],[115.44632641853931,-6.8514061220061162],[115.44628130086294,-6.8514065403162281],[115.44628121715577,-6.8513975216983436],[115.44627219362032,-6.8513976053597494],[115.44627210991344,-6.8513885867417494],[115.44625406284253,-6.8513887540638345],[115.44625397913612,-6.8513797354455912],[115.44622690852943,-6.851379986427121],[115.44622674111793,-6.8513619491900046],[115.44621771758247,-6.8513620328499547],[115.446217801288,-6.851371051468635],[115.44619073068047,-6.8513713024478102],[115.44619064697545,-6.851362283828796],[115.44616357636741,-6.8513625348061229],[115.44616349266299,-6.851353516186772],[115.44617251619896,-6.8513534325279419],[115.44617243249449,-6.8513444139086976],[115.44614536188681,-6.8513446648843459],[115.44614527818295,-6.8513356462647472],[115.44615430171879,-6.8513355626064767],[115.4461540506074,-6.8513085067480546],[115.44613600353664,-6.851308674063759],[115.44613575242728,-6.851281618204613],[115.44612672889224,-6.851281701861879],[115.44612639408201,-6.8512456273825126],[115.44611737054753,-6.8512457110391658],[115.44611703573982,-6.8512096365592843],[115.44613508280732,-6.8512094692466983],[115.44613483170171,-6.8511824133874075],[115.44615287876779,-6.8511822460748153],[115.44615279506581,-6.8511732274552477],[115.4461618185985,-6.8511731437988113],[115.44616156749271,-6.8511460879404833],[115.44617059102481,-6.8511460042842112],[115.446170256218,-6.8511099298068023],[115.4461792797493,-6.8511098461508055],[115.44617911234621,-6.8510918089122983],[115.44617008881528,-6.8510918925680722],[115.44617000511408,-6.8510828739487177],[115.44617902864486,-6.8510827902930531],[115.44617861013974,-6.8510376971966682],[115.4461876336696,-6.8510376135413908],[115.44618679666613,-6.8509474273494346],[115.44617777313798,-6.8509475110036],[115.44617760573897,-6.8509294737649338],[115.44615955868299,-6.8509296410723142],[115.446159474984,-6.8509206224527688],[115.44615045145603,-6.8509207061060939],[115.44615036775733,-6.8509116874863993],[115.44608720305948,-6.8509122730541883],[115.44608711936206,-6.8509032544337289],[115.44606907230487,-6.8509034217370717],[115.44606898860789,-6.850894403116385],[115.44605996507927,-6.850894486767694],[115.44605979768599,-6.8508764495261021],[115.44605077415764,-6.8508765331770203],[115.44605043937312,-6.8508404586932894],[115.44605946290083,-6.8508403750428162],[115.44605921181312,-6.8508133191803173],[115.44606823534022,-6.8508132355300084],[115.44606790055754,-6.8507771610470609],[115.44607692408383,-6.8507770773970291],[115.44607658930225,-6.8507410029144546],[115.44606756577662,-6.8507410865640415],[115.44606739838686,-6.8507230493225064],[115.44605837486145,-6.8507231329717033],[115.44605829116691,-6.8507141143508345],[115.44604926764156,-6.8507141979997517],[115.4460491839473,-6.8507051793787337],[115.446040160422,-6.850705263027371],[115.44604007672801,-6.8506962444062545],[115.44603105320279,-6.850696328054612],[115.4460309695091,-6.8506873094333809],[115.44602194598392,-6.8506873930814587],[115.44602177859717,-6.8506693558387761],[115.4460127550722,-6.850669439486464],[115.44601267137919,-6.8506604208649806],[115.4460036478543,-6.8506605045123878],[115.44600356416156,-6.850651485890805],[115.44599454063669,-6.8506515695379342],[115.44599428955964,-6.8506245136728241],[115.44598526603519,-6.8506245973194515],[115.44598509865139,-6.8506065600758008],[115.44597607512718,-6.8506066437220374],[115.44597590774416,-6.8505886064781469],[115.44596688422016,-6.8505886901239927],[115.44596680052896,-6.8505796715019303],[115.44595777700503,-6.8505797551474954],[115.44595760962336,-6.8505617179031351],[115.44594858609965,-6.8505618015483112],[115.44594850240915,-6.8505527829259947],[115.44593947888548,-6.8505528665708901],[115.44593939519525,-6.8505438479484937],[115.44591232462412,-6.8505440988818362],[115.4459122409345,-6.8505350802590854],[115.44584907626567,-6.8505356657635481],[115.44584915995408,-6.8505446843870779],[115.44570478354474,-6.8505460226537815],[115.44570469985899,-6.8505370040284745],[115.44568665280613,-6.8505371713085585],[115.44568656912088,-6.8505281526830233],[115.44565949854123,-6.8505284036015537],[115.44565958222601,-6.8505374222274211],[115.44563251164486,-6.8505376731447694],[115.44563259532923,-6.8505466917709654],[115.44561454827422,-6.8505468590485767],[115.445614799327,-6.850573914927808],[115.44559675227053,-6.8505740822054131],[115.44559691963894,-6.8505921194586552],[115.44558789611021,-6.8505922030974267],[115.44558806347874,-6.8506102403508731],[115.44557903994954,-6.8506103239897005],[115.44557912363381,-6.8506193426165281],[115.44552498245528,-6.8506198444466131],[115.44552489877204,-6.8506108258191194],[115.44551587524205,-6.8506109094567655],[115.44551562419349,-6.8505838535739212],[115.44550660066389,-6.8505839372110664],[115.44550643329909,-6.8505658999555923],[115.44549740976971,-6.8505659835923476],[115.44549724240569,-6.8505479463366337],[115.44548821887658,-6.8505480299729973],[115.44548805151332,-6.8505299927170435],[115.4454790279844,-6.8505300763530181],[115.44547894430312,-6.8505210577249231],[115.44546992077426,-6.8505211413606162],[115.44546983709328,-6.8505121227324235],[115.44546081356444,-6.8505122063678385],[115.44546072988375,-6.8505031877394957],[115.445451706355,-6.8505032713746301],[115.44545162267457,-6.8504942527461896],[115.44543357561706,-6.8504944200157309],[115.44543349193708,-6.850485401387064],[115.44542446840835,-6.8504854850214709],[115.44542438472864,-6.8504764663926876],[115.44518977294598,-6.85047864082527],[115.44518985662131,-6.8504876594569417],[115.44517180955761,-6.8504878267164937],[115.44517189323271,-6.8504968453483839],[115.44516286970051,-6.8504969289780178],[115.44516303705072,-6.8505149662420237],[115.44515401351809,-6.8505150498717109],[115.44515409719318,-6.8505240685037929],[115.44514507366029,-6.8505241521334241],[115.44514524101048,-6.8505421893978315],[115.44515426454375,-6.8505421057679783],[115.44515434821918,-6.8505511244000648],[115.44516337175247,-6.8505510407699317],[115.44516362277999,-6.8505780966658287],[115.44517264631371,-6.8505780130351956],[115.44517272998993,-6.8505870316670405],[115.44518175352368,-6.8505869480361277],[115.44518192087681,-6.850604985299567],[115.44519094441081,-6.8506049016682624],[115.4451915301515,-6.8506680320894615],[115.44518250661633,-6.8506681157215441],[115.4451829250051,-6.8507132088799541],[115.44517390146898,-6.8507132925124248],[115.44517431985973,-6.8507583856712806],[115.44516529632264,-6.8507584693041368],[115.44516538000096,-6.8507674879359897],[115.44515635646361,-6.8507675715687881],[115.44515644014187,-6.8507765902007813],[115.44514741660423,-6.8507766738335221],[115.44514750028243,-6.850785692465605],[115.44512945320649,-6.8507858597308058],[115.44512953688447,-6.8507948783631063],[115.44511148980773,-6.8507950456278559],[115.44511157348548,-6.8508040642603749],[115.44512059702409,-6.8508039806279726],[115.44512068070215,-6.8508129992603584],[115.44513872777931,-6.850812831994828],[115.44513889513638,-6.8508308692591928],[115.44514791867518,-6.8508307856259538],[115.44514816971216,-6.8508578415221075],[115.44518426386806,-6.8508575069861308],[115.44518434754796,-6.8508665256177297],[115.44519337108686,-6.8508664419832019],[115.44519328740677,-6.850857423351715],[115.44522035802221,-6.8508571724474576],[115.44522027434175,-6.8508481538162993],[115.44522929787982,-6.8508480701813212],[115.44522921419932,-6.8508390515502686],[115.44524726127482,-6.8508388842800301],[115.44524734495566,-6.8508479029108598],[115.44527441556853,-6.850847652003905],[115.44527433188721,-6.8508386333734075],[115.44531042603548,-6.8508382988288874],[115.4453105097175,-6.8508473174589382],[115.44532855679128,-6.8508471501854462],[115.44532880783905,-6.8508742060749084],[115.4453468549134,-6.8508740388000753],[115.4453472733303,-6.8509191319479799],[115.44535629686817,-6.8509190483097555],[115.44535646423603,-6.8509370855686651],[115.44533841715955,-6.85093725284539],[115.44533866821121,-6.8509643087343877],[115.44534769175,-6.8509642250957752],[115.44534777543429,-6.8509732437253037],[115.44533875189532,-6.8509733273640272],[115.44533891926388,-6.8509913646233445],[115.4453479428032,-6.8509912809843998],[115.44534802648781,-6.8510002996139319],[115.44535705002718,-6.8510002159747074],[115.4453572173971,-6.8510182532335371],[115.44536624093668,-6.851018169593921],[115.44536657567853,-6.8510542441110838],[115.44538462275872,-6.8510540768304589],[115.44538470644481,-6.8510630954595158],[115.4453937299849,-6.8510630118188391],[115.44539414841783,-6.8511081049635054],[115.44541219549937,-6.8511079376805357],[115.44541227918664,-6.8511169563092329],[115.44540325564577,-6.8511170399509131],[115.44540333933298,-6.8511260585797187],[115.44538529225055,-6.851126225862795],[115.44538512487691,-6.851108188604738],[115.44537610133585,-6.851108272245801],[115.44537601764938,-6.8510992536166544],[115.44536699410838,-6.8510993372574385],[115.44536707779471,-6.8511083558866961],[115.44534903071202,-6.8511085231679818],[115.44534911439811,-6.8511175417974561],[115.44531302023076,-6.851117876358451],[115.44531293654535,-6.8511088577285317],[115.44526781883447,-6.8511092759254284],[115.44526773515001,-6.8511002572949486],[115.44524968806518,-6.8511004245723068],[115.44524960438117,-6.8510914059416166],[115.4452405808388,-6.8510914895799315],[115.44524049715507,-6.851082470949093],[115.44521342652767,-6.8510827218626948],[115.44521334284455,-6.8510737032315339],[115.44520431930205,-6.8510737868689535],[115.44520423561922,-6.851064768237678],[115.44519521207677,-6.851064851874817],[115.44519529575942,-6.8510738705062035],[115.44518627221667,-6.8510739541432866],[115.44518618853417,-6.851064935511789],[115.44515911790577,-6.8510651864216907],[115.44515903422389,-6.8510561677898565],[115.44515001068105,-6.8510562514260416],[115.4451502617265,-6.8510833073218684],[115.445141238183,-6.8510833909582196],[115.44514115450123,-6.8510743723261713],[115.44513213095782,-6.8510744559622427],[115.4451322146394,-6.851083474594402],[115.44511416755189,-6.8510836418662633],[115.44511400018949,-6.8510656046014935],[115.44510497664592,-6.8510656882369494],[115.44510506032688,-6.8510747068694471],[115.445096036783,-6.8510747905048452],[115.4450961204639,-6.8510838091374495],[115.44507807337551,-6.8510839764079625],[115.44507824073702,-6.8511020136736018],[115.44506921719228,-6.8511020973088277],[115.44506930087303,-6.8511111159417526],[115.44507832441792,-6.8511110323064157],[115.44507840809895,-6.8511200509392243],[115.4450874316439,-6.8511199673036076],[115.4450875153252,-6.8511289859363016],[115.44507849178011,-6.8511290695720293],[115.44507857546134,-6.851138088204813],[115.44506955191594,-6.8511381718404829],[115.44506946823486,-6.8511291532075891],[115.44502435050705,-6.8511295713828586],[115.44502426682692,-6.8511205527493884],[115.44495207845793,-6.851121221820172],[115.44495199477926,-6.8511122031858083],[115.44494297123279,-6.851112286818787],[115.4449428875544,-6.8511032681843069],[115.44496093464687,-6.8511031009184027],[115.44496101832561,-6.8511121195526608],[115.44497004187185,-6.8511120359193445],[115.44496995819296,-6.8511030172851974],[115.4449789817389,-6.8511029336518252],[115.44497889805996,-6.8510939150178016],[115.44496987451417,-6.8510939986510628],[115.4449697908355,-6.8510849800168909],[115.44491564955943,-6.8510854818122606],[115.44491548220444,-6.8510674445426032],[115.44490645865835,-6.8510675281743527],[115.44490654233562,-6.8510765468092956],[115.44488849524281,-6.8510767140725122],[115.44488832788906,-6.8510586768021797],[115.4448973514352,-6.851058593170877],[115.44489718408157,-6.8510405559007488],[115.44488816053575,-6.8510406395318286],[115.44488807685929,-6.8510316208966469],[115.44490612395045,-6.8510314536345414],[115.44490620762724,-6.8510404722695011],[115.44491523117283,-6.8510403886380846],[115.44491531484991,-6.851049407272928],[115.44492433839552,-6.8510493236412326],[115.44492425471829,-6.8510403050064985],[115.4449332782636,-6.8510402213747472],[115.44493336194103,-6.8510492400093677],[115.44498750321173,-6.8510487382146428],[115.44498758689029,-6.8510577568485944],[115.44499661043518,-6.8510576732154407],[115.44499677779297,-6.8510757104831068],[115.44500580133807,-6.8510756268495605],[115.44500571765894,-6.8510666082158425],[115.44503278829312,-6.8510663573145276],[115.44503287197274,-6.8510753759479144],[115.44500580133807,-6.8510756268495605],[115.4450058850173,-6.8510846454832768],[115.44507807337551,-6.8510839764079625],[115.44507798969492,-6.8510749577751362],[115.44508701323903,-6.8510748741400747],[115.44508692955837,-6.8510658555073558],[115.44510497664592,-6.8510656882369494],[115.44510489296505,-6.8510566696044473],[115.44509586942151,-6.8510567532396234],[115.44509578574093,-6.8510477346070058],[115.44507773865386,-6.8510479018766297],[115.44507757129372,-6.851029864610938],[115.44505050066326,-6.8510301155134439],[115.44505058434279,-6.8510391341466255],[115.44505960788656,-6.8510390505125134],[115.44505969156634,-6.8510480691455795],[115.44504164447837,-6.851048236413857],[115.44504147711956,-6.8510301991472753],[115.44503245357576,-6.8510302827809388],[115.44503253725493,-6.8510393014143425],[115.44500546662226,-6.8510395523146546],[115.44500555030106,-6.8510485709483895],[115.44499652675644,-6.8510486545816001],[115.44499635939935,-6.8510306173139082],[115.44498733585496,-6.8510307009467288],[115.44498741953329,-6.8510397195806885],[115.44497839598863,-6.8510398032134523],[115.44497831231045,-6.8510307845793816],[115.44496928876586,-6.8510308682118666],[115.44496912141021,-6.8510128309434899],[115.4449420507767,-6.8510130818392652],[115.44494196709957,-6.8510040632047371],[115.44492392001034,-6.8510042304675238],[115.44492383633364,-6.8509952118327684],[115.44489676569947,-6.8509954627253515],[115.4448966820234,-6.8509864440902595],[115.44486058784358,-6.8509867786109],[115.44486050416829,-6.8509777599753425],[115.44484245707805,-6.85097792723443],[115.444842540753,-6.8509869458702095],[115.44483351720754,-6.8509870294996134],[115.44483360088245,-6.8509960481354835],[115.44482457733672,-6.8509961317648287],[115.44482466101155,-6.8510051504008054],[115.44479759037314,-6.8510054012881634],[115.44479750669881,-6.8509963826518527],[115.44477945960632,-6.850996549909028],[115.44477954328032,-6.8510055685455598],[115.44477051973372,-6.8510056521740061],[115.44477068708174,-6.8510236894472811],[115.44476166353471,-6.8510237730757799],[115.44476149618706,-6.8510057358022829],[115.44475247264023,-6.8510058194303927],[115.44475238896673,-6.850996800793526],[115.44468020058954,-6.8509974698114444],[115.4446801169175,-6.8509884511736852],[115.44464402272688,-6.8509887856781573],[115.44464393905562,-6.8509797670399326],[115.44462589195999,-6.8509799342909359],[115.44462597563088,-6.8509889529293835],[115.44461695208274,-6.8509890365547443],[115.44461711942456,-6.8510070738318127],[115.44459907232722,-6.8510072410824723],[115.44459915599795,-6.8510162597212227],[115.44458110889981,-6.8510164269714293],[115.44458094155912,-6.8509983896934816],[115.44457191801024,-6.8509984733181097],[115.44457200168036,-6.8510074919571977],[115.44454493103247,-6.8510077428304079],[115.44454484736283,-6.8509987241909869],[115.44452680026404,-6.8509988914387296],[115.44452671659488,-6.8509898727990821],[115.44451769304546,-6.8509899564225893],[115.44451760937659,-6.8509809377828095],[115.44450858582724,-6.8509810214060369],[115.4445087531648,-6.8509990586857983],[115.44449070606508,-6.8509992259321937],[115.44449087340242,-6.8510172632123645],[115.44448184985205,-6.8510173468355307],[115.4444820171895,-6.8510353841159075],[115.4444910407402,-6.8510353004925175],[115.44449120807845,-6.8510533377726537],[115.44450925518017,-6.851053170524926],[115.44450917151066,-6.8510441518850813],[115.44456331281212,-6.8510436501385215],[115.44456322914171,-6.8510346314993411],[115.44457225269142,-6.8510345478744359],[115.44457233636199,-6.8510435665135061],[115.44459038346133,-6.8510433992629673],[115.44459029979043,-6.8510343806241201],[115.44459932333977,-6.8510342969987104],[115.44459923966882,-6.8510252783599679],[115.44460826321786,-6.8510251947344996],[115.44460834688903,-6.851034213373131],[115.44459932333977,-6.8510342969987104],[115.44459940701088,-6.8510433156374466],[115.44460843056025,-6.8510432320117562],[115.44460851423162,-6.8510522506503788],[115.44463558487965,-6.8510519997719648],[115.44463541753605,-6.851033962495384],[115.44464444108483,-6.8510338788691314],[115.44464485944557,-6.8510789720599945],[115.4446538829951,-6.8510788884330189],[115.44465405034052,-6.8510969257091281],[115.44466307389027,-6.8510968420817608],[115.44466324123648,-6.8511148793575964],[115.44467226478643,-6.8511147957298393],[115.44467234845989,-6.8511238143676483],[115.4446813720099,-6.8511237307396113],[115.4446816230314,-6.8511507866526777],[115.44469064658185,-6.851150703024139],[115.44469081393042,-6.851168740299272],[115.44470886103157,-6.8511685730412442],[115.44470877735688,-6.8511595544039006],[115.44471780090711,-6.8511594707747454],[115.44471771723238,-6.8511504521375102],[115.44472674078233,-6.8511503685082973],[115.44472707548263,-6.8511864430567542],[115.44473609903318,-6.8511863594269276],[115.44473618270871,-6.8511953780639399],[115.44474520625928,-6.8511952944338343],[115.44474528993508,-6.8512043130707152],[115.44475431348572,-6.8512042294403308],[115.444754480838,-6.8512222667138571],[115.44476350438887,-6.8512221830830811],[115.44476358806534,-6.8512312017197257],[115.44477261161624,-6.8512311180886725],[115.44477252793959,-6.8512220994521371],[115.44479057504076,-6.8512219321897447],[115.44479082607207,-6.8512489880986669],[115.44479984962295,-6.8512489044668845],[115.44480001697806,-6.8512669417392544],[115.44480904052922,-6.8512668581070812],[115.4448091242071,-6.8512758767431485],[115.4448001006558,-6.8512759603754327],[115.44480018433362,-6.8512849790116075],[115.44479116078206,-6.851285062643834],[115.44479124445984,-6.8512940812801144],[115.44478222090797,-6.851294164912284],[115.44478230458569,-6.8513031835486879],[115.44479132813773,-6.8513030999164073],[115.44479141181573,-6.8513121185526638],[115.44484555312657,-6.8513116167547761],[115.44484572048493,-6.8513296540259745],[115.4448547440367,-6.8513295703921822],[115.44485482771623,-6.8513385890276624],[115.44486385126801,-6.8513385053935902],[115.44486393494782,-6.851347524028939],[115.44488198205143,-6.8513473567600665],[115.44488189837129,-6.8513383381249406],[115.44489994547412,-6.851338170855616],[115.44489986179376,-6.8513291522206909],[115.44492693244663,-6.8513289013157754],[115.44492701612748,-6.8513379199503674],[115.4449450632292,-6.8513377526793589],[115.44494489586688,-6.8513197154106136],[115.44493587231642,-6.8513197990459807],[115.4449357049549,-6.8513017617770133],[115.44494472850504,-6.8513016781418692],[115.44494464482428,-6.8512926595074646],[115.44495366837411,-6.8512925758722627],[115.44495358469328,-6.8512835572379824],[115.44497163179228,-6.8512833899672962],[115.44497154811125,-6.8512743713332336],[115.44498057166039,-6.8512742876977493],[115.44498065534161,-6.8512833063317018],[115.4450077259889,-6.8512830554239041],[115.44500755862559,-6.8512650181566617],[115.44499853507696,-6.8512651017925403],[115.44499820035236,-6.8512290272575598],[115.44502527099594,-6.8512287763507524],[115.44502535467743,-6.8512377949841703],[115.44504340177295,-6.8512376277119023],[115.44504348545489,-6.8512466463450936],[115.44505250900264,-6.851246562708595],[115.44505276004962,-6.8512736186078111],[115.44507080714578,-6.8512734513336415],[115.44507055609779,-6.8512463954350933],[115.44507957964522,-6.8512463117980884],[115.44507949596262,-6.851237293165342],[115.44509754305673,-6.8512371258910516],[115.4450976267397,-6.8512461445235751],[115.44510665028677,-6.8512460608860666],[115.44510690133679,-6.8512731167832817],[115.44512494843161,-6.8512729495070923],[115.44512478106415,-6.8512549122427311],[115.44516087525108,-6.8512545776892191],[115.44516079156685,-6.8512455590574755],[115.44516981511312,-6.8512454754187866],[115.44516973142882,-6.8512364567871513],[115.44518777852072,-6.8512362895094912],[115.44518786220537,-6.8512453081409062],[115.44519688575133,-6.8512452245017119],[115.4451968020665,-6.8512362058704088],[115.44520582561219,-6.8512361222311595],[115.44520590929714,-6.8512451408623507],[115.44521493284284,-6.8512450572228198],[115.4452150165281,-6.8512540758538973],[115.44522404007391,-6.8512539922140858],[115.44522412375942,-6.8512630108450479],[115.44523314730525,-6.8512629272049583],[115.44523323099106,-6.851271945835804],[115.44525127808274,-6.8512717785548976],[115.44525136176901,-6.8512807971855167],[115.44526038531481,-6.8512807135446989],[115.44526046900137,-6.8512897321752018],[115.44525144545538,-6.8512898158161306],[115.44525161282846,-6.8513078530773459],[115.44526063637477,-6.8513077694361959],[115.44526105481033,-6.8513528625886018],[115.44527007835741,-6.8513527789467279],[115.44527016204501,-6.8513617975770851],[115.44527918559214,-6.8513617139349305],[115.44527935296804,-6.8513797511954095],[115.44528837651539,-6.851379667552866],[115.44528829282721,-6.8513706489227388],[115.44529731637428,-6.8513705652801367],[115.44529723268604,-6.8513615466501179],[115.44533332687249,-6.851361212078471],[115.4453334105614,-6.8513702307080449],[115.4453424341079,-6.8513701470646016],[115.4453426014864,-6.8513881843234996],[115.44535162503313,-6.8513881006796646],[115.44535221086254,-6.8514512310849645],[115.44536123441036,-6.8514511474401836],[115.44536098333941,-6.8514240915525644],[115.44537000688656,-6.8514240079079487],[115.44537025795803,-6.8514510637952339],[115.44536123441036,-6.8514511474401836],[115.44536131810088,-6.8514601660693808],[115.44537034164873,-6.8514600824243201],[115.44537050903048,-6.8514781196824801],[115.44536148548231,-6.8514782033277628],[115.44536173655528,-6.8515052592153198],[115.44534368945756,-6.8515054265060451],[115.44534360576679,-6.8514964078766321],[115.44532555866894,-6.851496575166462],[115.44532572604993,-6.8515146124256976],[115.44533474959923,-6.851514528780644],[115.44533500067203,-6.8515415846691319],[115.4453169535723,-6.8515417519597364],[115.44531712095407,-6.8515597892191504],[115.44530809740367,-6.8515598728644216],[115.44530834847664,-6.8515869287538429],[115.44531737202755,-6.8515868451082378],[115.44531745571894,-6.8515958637379084],[115.44532647926988,-6.8515957800920226],[115.44532656296154,-6.8516047987216115],[115.44534461006342,-6.8516046314291135],[115.44534452637143,-6.8515956127997475],[115.44538062057313,-6.8515952782131766],[115.44538070426582,-6.8516042968420976],[115.44540777491645,-6.8516040459000669],[115.44540769122328,-6.8515950272714781],[115.44539866767333,-6.8515951109188791],[115.44539858398043,-6.8515860922902085],[115.44542565462936,-6.8515858413478332],[115.44542582201629,-6.8516038786045366],[115.44543484556607,-6.8516037949565201],[115.44543476187236,-6.8515947763282643],[115.44545280897121,-6.8515946090319462],[115.44545272527728,-6.8515855904039427],[115.4454797959242,-6.851585339458536],[115.44547971222988,-6.8515763208308442],[115.44548873577844,-6.8515762371821491],[115.44548865208408,-6.8515672185545649],[115.44549767563238,-6.8515671349058147],[115.44549775932693,-6.8515761535332871],[115.44556092416295,-6.8515755679865276],[115.44556100785879,-6.8515845866132192],[115.44557003140653,-6.851584502962897],[115.44557011510263,-6.8515935215894554],[115.4455791386504,-6.8515934379388552],[115.44557922234679,-6.851602456565332],[115.44559726944236,-6.8516022892634005],[115.44559735313921,-6.8516113078896348],[115.44563344732963,-6.851610973283309],[115.44563336363213,-6.8516019546575198],[115.44564238717929,-6.8516018710056281],[115.44564247087699,-6.8516108896313046],[115.4456514944242,-6.851610805979135],[115.44565157812214,-6.8516198246046969],[115.44568767231057,-6.8516194899938831],[115.44568758861193,-6.8516104713687644],[115.44570563570512,-6.8516103040625698],[115.44570597050169,-6.8516463785621271],[115.44568792340715,-6.85164654586921],[115.44568783970817,-6.8516375272441064],[115.44567881616089,-6.8516376108972841],[115.4456788998597,-6.8516466295225005],[115.44566987631217,-6.8516467131756214],[115.44567004370977,-6.851664750426262],[115.44568809080543,-6.8516645831194074],[115.44568817450477,-6.8516736017444986],[115.44569719805259,-6.8516735180907071],[115.44569711435311,-6.851664499465727],[115.44571516144808,-6.8516643321578607],[115.44571507774837,-6.8516553135330982],[115.44572410129553,-6.8516552298790252],[115.44572401759578,-6.8516462112543683],[115.44573304114266,-6.8516461276002358],[115.44573295744284,-6.8516371089756873],[115.44572393389612,-6.8516371926297079],[115.44572359909867,-6.8516011181310246],[115.44570555200626,-6.8516012854376696],[115.44570538460889,-6.8515832481878558],[115.44569636106284,-6.851583331840704],[115.44569585887442,-6.8515292200904927],[115.44570488241945,-6.8515291364383106],[115.44570479872161,-6.8515201178133696],[115.44569577517674,-6.8515202014654415],[115.44569569147917,-6.8515111828403858],[115.44568666793438,-6.851511266492178],[115.44568675163177,-6.8515202851173438],[115.4456687045415,-6.8515204524206421],[115.44566862084444,-6.8515114337952543],[115.44565959729931,-6.8515115174465393],[115.44565942990586,-6.8514934801955274],[115.44565040636094,-6.8514935638464216],[115.44564998788015,-6.8514484707182586],[115.44565901142425,-6.8514483870679186],[115.44565909512035,-6.8514574056934494],[115.44566811866444,-6.8514573220428305],[115.44566820236085,-6.851466340668245],[115.4457042965369,-6.8514660060636396],[115.44570446393136,-6.851484043313568],[115.44571348747542,-6.851483959661774],[115.44571357117297,-6.8514929782866201],[115.44572259471708,-6.8514928946345455],[115.44572267841494,-6.8515019132592929],[115.44574974904712,-6.8515016623017271],[115.44574983274561,-6.8515106809261024],[115.4457588562896,-6.8515105972731316],[115.44575893998834,-6.8515196158974101],[115.44577698707637,-6.851519448590742],[115.44577673597946,-6.8514923927185629],[115.44576771243602,-6.8514924763716492],[115.44576762873744,-6.8514834577474684],[115.44574055810693,-6.8514837087053788],[115.44574047440898,-6.8514746900808632],[115.44573145086541,-6.8514747737330506],[115.44573136716774,-6.8514657551084186],[115.44572234362423,-6.8514658387603271],[115.44572225992684,-6.8514568201355797],[115.4457132363834,-6.8514569037872084],[115.44571306898929,-6.8514388665374764],[115.44572209253238,-6.8514387828860697],[115.44572192513839,-6.8514207456365419],[115.44573094868107,-6.8514206619851885],[115.44573078128718,-6.8514026247358668],[115.4457398048294,-6.8514025410845667],[115.44573972113244,-6.8513935224600093],[115.44573069759042,-6.8513936061111975],[115.44573061389374,-6.8513845874865096],[115.44572159035175,-6.851384671137418],[115.44572150665539,-6.8513756525126466],[115.44571248311347,-6.8513757361632779],[115.44571239941735,-6.8513667175383732],[115.44574849358374,-6.8513663829352902],[115.4457485772805,-6.8513754015597481],[115.44575760082201,-6.8513753179084462],[115.4457577682162,-6.8513933551571276],[115.44576679175792,-6.851393271505434],[115.44576712654836,-6.851429346002301],[115.44577615009064,-6.8514292623499928],[115.44577631748689,-6.8514472995981786],[115.44580338811402,-6.8514470486395815],[115.44580330441534,-6.8514380300158244],[115.44581232795733,-6.851437946362732],[115.44581216055994,-6.8514199091154264],[115.44583020764291,-6.8514197418091838],[115.44583037504096,-6.8514377790560435],[115.44582135149921,-6.8514378627094725],[115.44582143519823,-6.8514468813330058],[115.44580338811402,-6.8514470486395815],[115.44580363921074,-6.8514741045108245],[115.4458126627534,-6.851474020857288],[115.44581291385165,-6.8515010767281774],[115.44582193739471,-6.8515009930741382],[115.44582202109451,-6.8515100116976253],[115.44586713880894,-6.8515095934243533],[115.4458672225097,-6.8515186120472968],[115.445885269595,-6.8515184447365867],[115.44588518589389,-6.8515094261138652],[115.44589420943623,-6.8515093424583675],[115.44589412573505,-6.8515003238357703],[115.4459031492771,-6.8515002401802159],[115.44590323297842,-6.8515092588027029],[115.44591225652053,-6.8515091751468695],[115.44591250762569,-6.8515362310140207],[115.44592153116817,-6.8515361473576855],[115.44592144746615,-6.8515271287354178],[115.44593047100835,-6.851527045079024],[115.44593063841282,-6.8515450823233177],[115.44593966195525,-6.8515449986665322],[115.44593982936048,-6.8515630359106208],[115.44595787644568,-6.851562868596103],[115.44595804385206,-6.851580905839711],[115.4459670673948,-6.8515808221819778],[115.44596698369141,-6.8515718035602875],[115.4459760072339,-6.8515717199024966],[115.44597617464116,-6.8515897571456348],[115.44598519818386,-6.8515896734874531],[115.44598536559194,-6.8516077107303852],[115.44594927141908,-6.8516080453629886],[115.44594935512259,-6.8516170639848841],[115.44595837866615,-6.8516169803268747],[115.44595846236994,-6.8516259989486539],[115.44598553300042,-6.8516257479732818],[115.44598570040938,-6.8516437852161616],[115.44599472395301,-6.851643701557145],[115.4459948076578,-6.8516527201784658],[115.44602187828845,-6.8516524692000731],[115.44602238052275,-6.8517065809259297],[115.44601335697831,-6.8517066645862297],[115.44601318956676,-6.8516886273440614],[115.44598611893376,-6.8516888783232828],[115.44598653746094,-6.8517339714302947],[115.44600458455139,-6.8517338041098714],[115.4460045008454,-6.8517247854886998],[115.44603157147978,-6.8517245345071327],[115.44603148777338,-6.8517155158862906],[115.44604051131776,-6.8517154322255429],[115.44604042761131,-6.8517064136048242],[115.44605847469941,-6.8517062462830456],[115.44605855840619,-6.8517152649035422],[115.44609465258172,-6.8517149302575184],[115.44609456887426,-6.8517059116374677],[115.44612163950423,-6.851705660651513],[115.44612172321217,-6.8517146792712325],[115.44613074675544,-6.8517145956088008],[115.4461308304637,-6.8517236142284199],[115.44613985400699,-6.8517235305657085],[115.4461396028821,-6.8516964747071682],[115.44612155579638,-6.8516966420317562],[115.44612147208863,-6.8516876234120137],[115.44611244854575,-6.8516877070739435],[115.4461121974237,-6.8516606512143516],[115.44612122096608,-6.851660567552754],[115.4461211372588,-6.8516515489329928],[115.44613016080086,-6.8516514652713374],[115.44612990967917,-6.8516244094123611],[115.44612088613762,-6.8516244930736798],[115.44612096984454,-6.8516335116934552],[115.44611194630268,-6.8516335953547198],[115.44611144406369,-6.8515794836353381],[115.44612046760456,-6.8515793999747405],[115.44612038389826,-6.8515703813549385],[115.44612940743883,-6.8515702976942858],[115.44612924002628,-6.8515522604548913],[115.4461382635664,-6.8515521767942911],[115.44613834727276,-6.8515611954138791],[115.44614737081295,-6.851561111753],[115.44614720339996,-6.8515430745140238],[115.44616525047928,-6.8515429071922052],[115.4461651667726,-6.8515338885729582],[115.44618321385114,-6.8515337212506866],[115.44618329755815,-6.8515427398697106],[115.44620134463659,-6.851542572546542],[115.44620126092926,-6.85153355392774],[115.446264425699,-6.8515329682921244],[115.44626425828231,-6.8515149310560295],[115.44629132889521,-6.8515146800674769],[115.44629124518653,-6.8515056614497567],[115.44630026872376,-6.8515055777866802],[115.4463004361416,-6.851523615021895],[115.44631848321642,-6.8515234476947917],[115.44631865063535,-6.8515414849295269],[115.44632767417293,-6.8515414012655009],[115.44632784159268,-6.85155943850003],[115.44633686513048,-6.8515593548356124],[115.44633694884068,-6.8515683734527508],[115.44637304299142,-6.8515680387929541],[115.44637312670241,-6.8515770574096431],[115.44638215024,-6.8515769737441605],[115.44638223395128,-6.8515859923607181],[115.44640028102641,-6.8515858250290265],[115.44640019731483,-6.8515768064126927],[115.44640922085203,-6.8515767227467057],[115.44640938827573,-6.8515947599791822],[115.44641841181316,-6.8515946763128044],[115.44641883037517,-6.8516397693933628],[115.44640980683687,-6.8516398530602967],[115.44640989054942,-6.851648871676506],[115.44640086701087,-6.8516489553433813],[115.44640103443601,-6.8516669925760105],[115.44639201089696,-6.8516670762429408],[115.4463921783222,-6.8516851134757735],[115.4464012018616,-6.8516850298086212],[115.44640128557457,-6.8516940484249202],[115.44641030911399,-6.8516939647574882],[115.44641039282722,-6.8517029833736878],[115.44640136928763,-6.8517030670412318],[115.44640145300082,-6.8517120856575042],[115.44639242946093,-6.8517121693249896],[115.44639234574792,-6.8517031507086061],[115.44638332220809,-6.8517032343758109],[115.44638340592095,-6.8517122529923071],[115.44637438238084,-6.8517123366594559],[115.44637446609363,-6.8517213552760756],[115.44636544255326,-6.8517214389431667],[115.44636535884064,-6.8517124203264368],[115.44633828821931,-6.851712671326367],[115.44633837193143,-6.8517216899434308],[115.44632934839061,-6.8517217736098468],[115.44632943210269,-6.851730792227019],[115.44633845564366,-6.8517307085604902],[115.44633879049373,-6.8517667830286832],[115.44632976695206,-6.8517668666956553],[115.4463298506647,-6.8517758853128043],[115.44634789774828,-6.8517757179784677],[115.44634798146134,-6.8517847365953886],[115.44636602854482,-6.8517845692601549],[115.44636611225833,-6.8517935878768332],[115.44638415934172,-6.8517934205407034],[115.44638407562783,-6.851784401924248],[115.4464021227104,-6.8517842345876669],[115.44640220642461,-6.8517932532039003],[115.44642927704811,-6.8517930021974314],[115.44642936076293,-6.851802020813361],[115.44643838430403,-6.8518019371440904],[115.44643830058904,-6.8517929185282727],[115.44645634767058,-6.8517927511894481],[115.44645626395538,-6.8517837325738808],[115.44649235811646,-6.8517833978946534],[115.44649193953869,-6.8517383048188929],[115.44650096307782,-6.8517382211492217],[115.44650138165643,-6.8517833142244271],[115.44651040519629,-6.8517832305540312],[115.44651048891251,-6.8517922491689305],[115.44649244183233,-6.8517924165097766],[115.44649252554834,-6.8518014351249272],[115.44650154908864,-6.8518013514544771],[115.44650163280494,-6.8518103700694963],[115.44649260926445,-6.8518104537400584],[115.44649286041349,-6.8518375095854225],[115.44648383687236,-6.8518375932561488],[115.44648392058876,-6.8518466118713723],[115.44647489704738,-6.851846695542041],[115.44647498076372,-6.8518557141573719],[115.44648400430528,-6.8518556304865923],[115.4464840880219,-6.8518646491018238],[115.44650213510504,-6.8518644817595362],[115.44650221882209,-6.8518735003745075],[115.44657440715139,-6.8518728309977304],[115.44657423971465,-6.8518547937695287],[115.44658326325496,-6.8518547100968954],[115.44658343069203,-6.8518727473248759],[115.44659245423257,-6.8518726636518528],[115.44659237051381,-6.8518636450379917],[115.44661041759423,-6.8518634776916612],[115.44661033387524,-6.8518544590779857],[115.44661935741509,-6.8518543754046792],[115.44661927369607,-6.8518453567911273],[115.44665536785374,-6.8518450220966605],[115.44665553529327,-6.8518630593228878],[115.44666455883275,-6.8518629756486282],[115.44666464255283,-6.8518719942615984],[115.44667366609237,-6.8518719105870591],[115.44667374981276,-6.8518809291999316],[115.44668277335235,-6.8518808455251108],[115.44668294079381,-6.8518988827506213],[115.44671001141289,-6.8518986317244845],[115.4467099276916,-6.8518896131120659],[115.44672797477008,-6.8518894457606896],[115.4467280584917,-6.8518984643728862],[115.44673708203095,-6.8518983806968343],[115.44673716575284,-6.8519073993089314],[115.44675521283133,-6.8519072319560985],[115.44675529655368,-6.8519162505679372],[115.44676432009292,-6.8519161668911579],[115.44676440381556,-6.8519251855028962],[115.44675538027616,-6.8519252691797865],[115.44675546399874,-6.8519342877916314],[115.44674644045907,-6.8519343714684657],[115.44674660790423,-6.8519524086923482],[115.44673758436407,-6.8519524923692368],[115.44673766808664,-6.8519615109813081],[115.44679180932683,-6.8519610089167884],[115.44679172560322,-6.851951990305384],[115.4468007491427,-6.8519519066274857],[115.44680066541905,-6.8519428880162216],[115.44679164187973,-6.8519429716940099],[115.44679147443311,-6.8519249344712119],[115.44680049797208,-6.8519248507936465],[115.44680041424876,-6.8519158321823532],[115.44680943778745,-6.8519157485047311],[115.44680935406407,-6.8519067298935603],[115.44681837760248,-6.8519066462158804],[115.446818461326,-6.8519156648269401],[115.44682748486446,-6.8519155811489805],[115.44682756858826,-6.8519245997599416],[115.44683659212677,-6.8519245160817031],[115.44683634095516,-6.8518974602491411],[115.44686341156849,-6.8518972092144148],[115.44686349529275,-6.8519062278249567],[115.44687251883046,-6.8519061441462661],[115.446872602555,-6.8519151627566588],[115.44685455547911,-6.8519153301140934],[115.44685463920345,-6.8519243487247197],[115.44683659212677,-6.8519245160817031],[115.44683675957508,-6.8519425533033882],[115.44685480665242,-6.8519423859459616],[115.4468548903771,-6.8519514045565577],[115.44686391391578,-6.8519513208774807],[115.44686408136577,-6.8519693580984899],[115.44685505782675,-6.851969441777789],[115.44685539272744,-6.8520055162201663],[115.44688246334614,-6.852005265180428],[115.44688237962031,-6.8519962465701578],[115.44687335608103,-6.8519963302501274],[115.44687302117943,-6.8519602558086392],[115.44689106825658,-6.8519600884494185],[115.44689115198213,-6.8519691070595794],[115.44690919905915,-6.8519689396994643],[115.44690928278516,-6.8519779583093978],[115.44691830632364,-6.8519778746289779],[115.44691839004994,-6.851986893238796],[115.4469274135885,-6.8519868095580936],[115.44692749731507,-6.8519958281677802],[115.44693652085368,-6.8519957444867989],[115.44693685576179,-6.8520318189251377],[115.44692783222249,-6.852031902606563],[115.44692799967689,-6.8520499398259203],[115.44695507029542,-6.8520496887804718],[115.44695498656766,-6.8520406701711281],[115.44696401010678,-6.8520405864890863],[115.44696392637896,-6.8520315678798509],[115.44698197345653,-6.8520314005154832],[115.44698180600058,-6.8520133632974423],[115.44697278246218,-6.8520134469794884],[115.446972615007,-6.8519954097611917],[115.44698163854507,-6.8519953260793676],[115.44698138736264,-6.8519682702522644],[115.44699943443737,-6.8519681028887787],[115.44699951816509,-6.851977121497602],[115.44700854170247,-6.8519770378154954],[115.44700862543044,-6.8519860564242014],[115.44705374311647,-6.8519856380105892],[115.44705365938763,-6.8519766194024374],[115.44706268292433,-6.851976535719321],[115.44706276665332,-6.8519855543273609],[115.44708081372671,-6.8519853869603997],[115.4470807299974,-6.8519763683525827],[115.44709877707001,-6.8519762009851704],[115.44709886079966,-6.8519852195927644],[115.44710788433595,-6.851985135908695],[115.44710771687639,-6.8519670986937209],[115.44711674041228,-6.8519670150097056],[115.4471166566825,-6.8519579964023238],[115.44713470375351,-6.8519578290340082],[115.44713462002349,-6.851948810426828],[115.44711657295282,-6.8519489777949216],[115.44711632176451,-6.8519219219727541],[115.44713436883417,-6.8519217546053275],[115.44713462002349,-6.851948810426828],[115.44715266709375,-6.8519486430580603],[115.4471529182851,-6.8519756988788876],[115.44714389474954,-6.8519757825636889],[115.44714397848003,-6.8519848011707278],[115.44713495494418,-6.8519848848554732],[115.44713503867465,-6.8519939034626018],[115.44715308574656,-6.851993736092723],[115.44715333693959,-6.8520207919134846],[115.44716236047589,-6.8520207082279594],[115.44716244420731,-6.852029726834755],[115.44717146774367,-6.8520296431489482],[115.44717138401208,-6.8520206245422646],[115.44719845461996,-6.852020373484172],[115.44719820342439,-6.8519933176650785],[115.44720722695962,-6.8519932339790435],[115.44720714322783,-6.8519842153728039],[115.44723421383233,-6.8519839643140239],[115.44723404636805,-6.8519659271021638],[115.44724306990234,-6.8519658434157895],[115.44724315363459,-6.8519748620216099],[115.44728827130508,-6.8519744435866539],[115.4472883550383,-6.8519834621919147],[115.4472973785722,-6.8519833785043067],[115.4472974623057,-6.8519923971094361],[115.44733355644098,-6.8519920623568753],[115.44733364017526,-6.852001080961589],[115.44734266370895,-6.8520009972729152],[115.4473427474435,-6.8520100158774975],[115.44736079451091,-6.8520098484994243],[115.44736096198103,-6.8520278857081269],[115.44737900904866,-6.8520277183289373],[115.4473789253132,-6.8520186997248098],[115.44741501944644,-6.8520183649648505],[115.44741510318256,-6.852027383568533],[115.44743315024884,-6.852027216187321],[115.4474328990398,-6.8520001603769281],[115.44750508729632,-6.8519994908480086],[115.44750517103392,-6.8520085094505889],[115.44752321809727,-6.8520083420664522],[115.44752313435934,-6.8519993234640957],[115.44759532260687,-6.8519986539217008],[115.44759523886772,-6.8519896353202112],[115.44763133298811,-6.8519893005454167],[115.44763124924837,-6.8519802819444013],[115.44764929630756,-6.8519801145562154],[115.44764912882779,-6.8519620773545826],[115.44765815235685,-6.851961993660459],[115.44765806861697,-6.8519529750597483],[115.44767611567447,-6.8519528076712177],[115.44767619941469,-6.8519618262717072],[115.44768522294342,-6.8519617425770791],[115.44768513920303,-6.8519527239767015],[115.44769416273151,-6.8519526402820148],[115.44769399525073,-6.8519346030814674],[115.44770301877872,-6.8519345193868366],[115.44770293503834,-6.8519255007866668],[115.44771195856605,-6.8519254170919774],[115.44771187482561,-6.851916398491916],[115.44772089835307,-6.8519163147971698],[115.4477209820937,-6.8519253333971193],[115.44773902914859,-6.8519251660068985],[115.44773911288965,-6.8519341846066224],[115.44778423052574,-6.8519337661275665],[115.44778439800989,-6.8519518033258908],[115.44779342153713,-6.8519517196293513],[115.44779358902208,-6.851969756827434],[115.44780261254952,-6.8519696731305046],[115.44780269629233,-6.8519786917294292],[115.44781171981984,-6.8519786080322191],[115.44781180356293,-6.8519876266310105],[115.44782082709047,-6.8519875429335215],[115.44782074334721,-6.8519785243348421],[115.44782976687446,-6.8519784406372954],[115.44782968313118,-6.8519694220387057],[115.44782065960406,-6.8519695057361396],[115.44782049211811,-6.8519514685387239],[115.44782951564487,-6.8519513848415103],[115.44782943190191,-6.8519423662428904],[115.4478384554284,-6.8519422825456209],[115.44783879040165,-6.8519783569395791],[115.44785683745563,-6.8519781895436456],[115.44785675371183,-6.8519691709453889],[115.44786577723846,-6.85196908724728],[115.44786586098246,-6.8519781058454257],[115.44790195508862,-6.8519777710508603],[115.44790178759942,-6.8519597338554536],[115.44791081112533,-6.8519596501566147],[115.44791089487005,-6.8519686687542078],[115.44791991839601,-6.85196858505509],[115.447920002141,-6.8519776036525677],[115.44792902566708,-6.8519775199531692],[115.44792910941236,-6.8519865385505145],[115.44792008588614,-6.851986622250025],[115.44792016963136,-6.8519956408475107],[115.44791114610489,-6.8519957245469651],[115.44791122985006,-6.8520047431445414],[115.44792025337669,-6.8520046594449777],[115.4479204208677,-6.8520226966398941],[115.44793846792136,-6.8520225292398163],[115.44793754672264,-6.8519233246699978],[115.44794657024747,-6.8519232409709279],[115.44794640275791,-6.8519052037765817],[115.44795542628226,-6.8519051200775669],[115.44795534253747,-6.8518961014805138],[115.44796436606154,-6.8518960177814421],[115.44796419857198,-6.8518779805874965],[115.44800029266578,-6.8518776457904123],[115.44800012517535,-6.8518596085973549],[115.4479640310829,-6.8518599433935501],[115.44796352861835,-6.851805831811606],[115.44795450509596,-6.8518059155095656],[115.44795442135245,-6.8517968969124485],[115.44796344487465,-6.851796813214599],[115.44796319364423,-6.851769757423555],[115.44795417012254,-6.8517698411210706],[115.44795400263649,-6.8517518039267964],[115.44796302615785,-6.8517517202295029],[115.44796294241483,-6.8517427016324692],[115.44798098945689,-6.8517425342375997],[115.44798090571365,-6.8517335156407686],[115.44796285867193,-6.851733683035417],[115.44796260744388,-6.8517066272442957],[115.44798065448458,-6.8517064598503152],[115.44798040325654,-6.8516794040598059],[115.44798942677622,-6.851679320362897],[115.44798934303358,-6.8516703017661627],[115.44800739007228,-6.8516701343720614],[115.44800730632944,-6.8516611157755438],[115.44801632984847,-6.8516610320783524],[115.44801607862009,-6.8516339762891105],[115.44803412565675,-6.8516338088948876],[115.44803395817105,-6.8516157717024839],[115.44807005224168,-6.8516154369129056],[115.44807013598515,-6.8516244555086656],[115.44811525357173,-6.8516240370173476],[115.44811533731614,-6.851633055612548],[115.44809729028151,-6.8516332230098023],[115.44809745777,-6.851651260200633],[115.44810648128772,-6.8516511765018668],[115.44810673252182,-6.851678232287747],[115.44811575603993,-6.8516781485884799],[115.44811634225799,-6.8517412787545986],[115.44810731873869,-6.8517413624546455],[115.4481075699762,-6.8517684182403924],[115.4481346405352,-6.8517681671387489],[115.44813480802846,-6.8517862043285582],[115.44817090210691,-6.8517858695231197],[115.44817098585436,-6.8517948881175741],[115.44818000937389,-6.8517948044156807],[115.44818009312162,-6.8518038230100196],[115.4481981401606,-6.8518036556055071],[115.4481982239088,-6.8518126741996177],[115.4482162709477,-6.8518125067942099],[115.44821618719917,-6.8518034882003214],[115.44823423423728,-6.8518033207944624],[115.44823431798613,-6.8518123393881281],[115.44824334150518,-6.8518122556848349],[115.44824342525432,-6.8518212742783842],[115.44823440173514,-6.8518213579817893],[115.44823465298275,-6.8518484137627658],[115.44821660594296,-6.8518485811697367],[115.44821668969205,-6.8518575997635862],[115.44820766617181,-6.8518576834669309],[115.44820774992085,-6.8518667020609039],[115.44819872640034,-6.8518667857641917],[115.44819881014931,-6.8518758043582713],[115.44818978662853,-6.8518758880615005],[115.44818987037745,-6.8518849066556875],[115.44815377629247,-6.8518852414673672],[115.44815394378934,-6.851903278656617],[115.44816296731108,-6.8519031949537279],[115.44816288356242,-6.8518941763592318],[115.44818093060526,-6.8518940089531704],[115.44818118185253,-6.8519210647360085],[115.44817215833068,-6.8519211484394571],[115.44817232582909,-6.8519391856282112],[115.44818134935132,-6.8519391019245397],[115.44818143310087,-6.8519481205188244],[115.44817240957846,-6.8519482042226061],[115.44817249332796,-6.8519572228169796],[115.44818151685051,-6.8519571391130869],[115.44818160060029,-6.851966157707345],[115.44819062412287,-6.8519660740031725],[115.44819070787294,-6.851975092597316],[115.44819973139556,-6.8519750088928628],[115.44819989889635,-6.8519930460809135],[115.44820892241923,-6.8519929623760705],[115.44820934117401,-6.8520380553455622],[115.4482544587909,-6.8520376368160392],[115.44825437503889,-6.8520286182227057],[115.44829046912967,-6.8520282833964981],[115.44829038537708,-6.852019264803606],[115.44829940889935,-6.8520191810967432],[115.44829932514669,-6.852010162503956],[115.44830834866866,-6.8520100787970382],[115.44830826491595,-6.8520010602043575],[115.44831728843766,-6.852000976497381],[115.44831720468491,-6.8519919579048087],[115.44832622820631,-6.8519918741977754],[115.4483261444535,-6.8519828556052911],[115.44838028557854,-6.8519823533602215],[115.44838036933234,-6.8519913719520371],[115.44839841637348,-6.8519912045354445],[115.44839850012774,-6.8520002231270158],[115.44840752364831,-6.8520001394183554],[115.44840760740284,-6.852009158009813],[115.44841663092346,-6.852009074300871],[115.44841671467832,-6.8520180928922132],[115.44842573819898,-6.8520180091829932],[115.44842582195407,-6.8520270277742199],[115.44843484547482,-6.8520269440647201],[115.4484349292302,-6.8520359626558305],[115.44844395275098,-6.85203587894605],[115.44844403650666,-6.8520448975370449],[115.44846208354822,-6.8520447301167593],[115.44846216730434,-6.8520537487075437],[115.44848021434581,-6.852053581286361],[115.44848029810238,-6.8520625998768852],[115.44848932162309,-6.8520625161659305],[115.44848940537996,-6.8520715347563561],[115.44849842890073,-6.8520714510451208],[115.44849851265786,-6.8520804696354318],[115.44855265378118,-6.8520799673638182],[115.44855273753946,-6.8520889859534559],[115.44854371401898,-6.852089069665924],[115.44854379777722,-6.8520980882556861],[115.44853477425649,-6.8520981719680965],[115.44853469049845,-6.8520891533782233],[115.4485256669778,-6.8520892370903548],[115.44852575073567,-6.852098255680338],[115.44851672721472,-6.8520983393924118],[115.44851697848848,-6.852125395162604],[115.44852600200994,-6.8521253114501972],[115.44852616952672,-6.8521433486300767],[115.44850812248303,-6.8521435160551665],[115.44850820624123,-6.852152534645346],[115.44849015919677,-6.8521527020699864],[115.44849024295473,-6.8521617206603675],[115.44850828999957,-6.8521615532355051],[115.44850845751655,-6.8521795904158109],[115.44853552808394,-6.8521793392765877],[115.44853569560237,-6.852197376456207],[115.44854471912495,-6.8521972927425736],[115.44854488664419,-6.8522153299219539],[115.44853586312126,-6.8522154136358102],[115.4485359468809,-6.8522244322256043],[115.44855399392695,-6.8522242647975018],[115.44855416144719,-6.8522423019766325],[115.44856318497038,-6.8522422182621057],[115.44856326873085,-6.8522512368515542],[115.44857229225408,-6.8522511531367476],[115.44857212473293,-6.8522331159580689],[115.44856310121001,-6.8522331996726527],[115.44856301744979,-6.8522241810831979],[115.44857204097251,-6.8522240973687243],[115.44857195721222,-6.8522150787793743],[115.4485809807347,-6.8522149950648439],[115.44858106449516,-6.8522240136540837],[115.44859911154006,-6.8522238462242964],[115.4485989440186,-6.8522058090462599],[115.44862601458409,-6.8522055579009811],[115.44862593082301,-6.8521965393122901],[115.44863495434446,-6.8521964555969719],[115.44863470306139,-6.8521693998312045],[115.44862567954047,-6.8521694835461897],[115.44862584706206,-6.852187520723577],[115.44860780001918,-6.852187688153486],[115.44860771625865,-6.852178669564581],[115.44861673977996,-6.8521785858498223],[115.4486166560194,-6.8521695672610061],[115.44862567954047,-6.8521694835461897],[115.44862559577983,-6.8521604649574801],[115.44861657225896,-6.8521605486721855],[115.44861640473837,-6.8521425114945149],[115.44859835769695,-6.8521426789229745],[115.44859827393715,-6.8521336603339353],[115.44857120337466,-6.852133911475029],[115.44857078457996,-6.8520888185280153],[115.44858883162004,-6.8520886511019006],[115.44858874786111,-6.8520796325127078],[115.44859777138083,-6.8520795487995088],[115.44859768762184,-6.8520705302104226],[115.44860671114124,-6.8520704464971658],[115.4486066273822,-6.8520614279081853],[115.44861565090135,-6.8520613441948726],[115.44861573466056,-6.8520703627837403],[115.44865182873667,-6.8520700279283577],[115.44865191249669,-6.8520790465167778],[115.44870605360846,-6.8520785442279832],[115.4487061373696,-6.8520875628157309],[115.44875125496048,-6.8520871442365481],[115.44875142248478,-6.8521051814109173],[115.44876044600298,-6.8521050976943521],[115.44876052976545,-6.8521141162814203],[115.4487876003198,-6.8521138651303826],[115.44878768408289,-6.8521228837171115],[115.44879670760096,-6.8521227999996501],[115.4487964563115,-6.8520957442397998],[115.44880547982896,-6.8520956605225036],[115.44880539606585,-6.8520866419359674],[115.44885051365054,-6.8520862233475182],[115.44885042988672,-6.8520772047615495],[115.44885945340314,-6.8520771210434654],[115.44885953716715,-6.8520861396293231],[115.44886856068362,-6.8520860559109593],[115.4488686444479,-6.8520950744967175],[115.44887766796445,-6.8520949907780748],[115.44887783549368,-6.8521130279493061],[115.44889588252711,-6.8521128605110695],[115.44889596629223,-6.8521218790964644],[115.44890498980894,-6.8521217953769824],[115.44890507357434,-6.8521308139622619],[115.44893214412429,-6.8521305628024702],[115.44893298178954,-6.8522207486516855],[115.44891493475298,-6.8522209160939394],[115.44891518605375,-6.8522479718492848],[115.44893323309132,-6.8522478044063648],[115.44893314932396,-6.8522387858214762],[115.44895119636075,-6.852238618378105],[115.44895128012847,-6.8522476369627707],[115.44896030364684,-6.8522475532407201],[115.44896038741484,-6.8522565718252881],[115.44895136389628,-6.8522566555474507],[115.44895153143226,-6.8522746927167439],[115.44894250791327,-6.852274776438958],[115.44894259168126,-6.852283795023717],[115.44893356816195,-6.8522838787458751],[115.44893373569795,-6.8523019159156213],[115.44890666513838,-6.8523021670817501],[115.44890674890604,-6.8523111856669257],[115.44891577242618,-6.8523111019449399],[115.44891593996218,-6.8523291391150867],[115.44890691644171,-6.8523292228372945],[115.44890716774604,-6.8523562785928158],[115.44889814422494,-6.8523563623151906],[115.44889806045688,-6.8523473437298925],[115.44888903693584,-6.8523474274519858],[115.44888895316807,-6.8523384088666068],[115.44889797668894,-6.8523383251446237],[115.44889772538581,-6.8523112693887418],[115.44888870186544,-6.8523113531103919],[115.44888861809811,-6.8523023345249952],[115.44887057105737,-6.8523025019675652],[115.44887048729049,-6.8522934833819082],[115.44884341672909,-6.8522937345441663],[115.44884316543067,-6.8522666787862176],[115.44883414191048,-6.8522667625062992],[115.44883389061359,-6.8522397067479766],[115.44882486709376,-6.8522397904675563],[115.4488245320335,-6.852203716122621],[115.44881550851424,-6.8522037998415879],[115.44881542474963,-6.852194781255232],[115.44880640123046,-6.8521948649739191],[115.4488062337019,-6.8521768278009709],[115.44878818666386,-6.8521769952373957],[115.44878827042774,-6.8521860138240775],[115.44877022338892,-6.8521861812600511],[115.44877013962535,-6.8521771626731454],[115.44876111610594,-6.8521772463907693],[115.44876103234269,-6.8521682278037321],[115.44873396178428,-6.8521684789552557],[115.44873404554704,-6.852177497542626],[115.44872502202716,-6.8521775812595749],[115.44872493826456,-6.8521685626720936],[115.44871591474475,-6.8521686463887628],[115.44871599850718,-6.8521776649763559],[115.44868892794659,-6.8521779161256848],[115.44868901170861,-6.8521869347135906],[115.44867998818799,-6.8521870184298086],[115.44868015571208,-6.8522050556058787],[115.44866210866985,-6.8522052230382533],[115.44866227619372,-6.8522232602147328],[115.44867129971523,-6.8522231764984065],[115.44867138347747,-6.852232195086529],[115.4486623599558,-6.8522322788029664],[115.44866252748034,-6.8522503159794201],[115.44867155100232,-6.8522502322627616],[115.44867163476493,-6.8522592508508868],[115.448680658287,-6.8522591671339477],[115.44868074204986,-6.8522681857219254],[115.448689765572,-6.8522681020047065],[115.44869001686183,-6.8522951577683262],[115.44869904038433,-6.8522950740506055],[115.44869920791177,-6.852313111226108],[115.44870823143448,-6.8523130275079973],[115.44870831519856,-6.8523220460956304],[115.44871733872135,-6.8523219623772391],[115.4487174224857,-6.8523309809647577],[115.44872644600854,-6.8523308972460866],[115.44872652977315,-6.8523399158334888],[115.44873555329606,-6.8523398321145379],[115.44873563706098,-6.8523488507018078],[115.44877173115211,-6.8523485158238771],[115.44877181491779,-6.8523575344107313],[115.44878083844047,-6.8523574506907163],[115.44878092220644,-6.8523664692774382],[115.44878994572919,-6.8523663855571426],[115.44879002949544,-6.852375404143749],[115.44878100597253,-6.8523754878641556],[115.44878134103801,-6.8524115622109818],[115.4487903645616,-6.8524114784901311],[115.44879069962955,-6.8524475528364412],[115.44880874667771,-6.8524473853933454],[115.44880883044533,-6.8524564039796907],[115.44882687749335,-6.8524562365356969],[115.44882679372539,-6.8524472179495746],[115.44883581724909,-6.8524471342274369],[115.44883573348109,-6.8524381156414211],[115.448871827574,-6.8524377807516306],[115.44887166003699,-6.8524197435804766],[115.44888068355959,-6.85241965985783],[115.44888059979108,-6.8524106412723569],[115.44889864683564,-6.8524104738267813],[115.44889873060448,-6.8524194924120314],[115.44888970708209,-6.8524195761350155],[115.44888979085087,-6.8524285947203714],[115.44889881437344,-6.8524285109972762],[115.4488988981425,-6.8524375295825184],[115.4489079216651,-6.8524374458591435],[115.44890800543448,-6.8524464644442693],[115.44891702895713,-6.8524463807206146],[115.44891719649651,-6.8524644178906469],[115.44892622001939,-6.8524643341666023],[115.44892638755957,-6.852482371336361],[115.44893541108267,-6.8524822876119247],[115.44893557862363,-6.8525003247814595],[115.44894460214698,-6.8525002410566334],[115.44894468591778,-6.8525092596412991],[115.44895370944117,-6.852509175916194],[115.44895387698348,-6.8525272130852404],[115.44894485345975,-6.8525272968105693],[115.44894493723091,-6.8525363153952057],[115.44893591370688,-6.8525363991204777],[115.44893599747797,-6.8525454177052225],[115.4489269739537,-6.8525455014304351],[115.44892705772475,-6.8525545200152695],[115.44891803420016,-6.8525546037404261],[115.44891811797113,-6.8525636223254001],[115.44890909444629,-6.8525637060504998],[115.44890926198828,-6.8525817432206235],[115.44890023846297,-6.8525818269457766],[115.44890032223397,-6.8525908455309432],[115.44889129870836,-6.8525909292560394],[115.44889138247929,-6.8525999478413127],[115.4489094295307,-6.8525997803907286],[115.44890951330208,-6.8526087989757754],[115.44890048977628,-6.8526088827012632],[115.44890057354762,-6.8526179012864157],[115.4488915500215,-6.8526179850118467],[115.44889171756417,-6.8526360221823621],[115.44890074109061,-6.852635938456709],[115.44890082486226,-6.8526449570418482],[115.44888277780898,-6.8526451244932076],[115.44888294535194,-6.8526631616639193],[115.448891968879,-6.852663077938101],[115.44889205265083,-6.8526720965233565],[115.44891009970493,-6.8526719290709943],[115.4489102672496,-6.8526899662409946],[115.44891929077681,-6.8526898825143379],[115.44891937454949,-6.8526989010992292],[115.44894644513099,-6.8526986499179143],[115.44894652890429,-6.8527076685024682],[115.44895555243139,-6.8527075847749153],[115.44895563620496,-6.8527166033593359],[115.44898270678608,-6.8527163521753325],[115.44898287433459,-6.852734389343544],[115.44899189786173,-6.8527343056149839],[115.44899273561276,-6.8528244914545811],[115.44897468855498,-6.8528246589137574],[115.44897477233036,-6.8528336774979168],[115.44896574880111,-6.8528337612273624],[115.44896583257645,-6.8528427798116267],[115.44895680904695,-6.8528428635410163],[115.4489569765976,-6.8528609007097554],[115.44892990600736,-6.8528611518975797],[115.44892982223247,-6.8528521333128793],[115.44892079870233,-6.8528522170417068],[115.44892063115324,-6.8528341798720689],[115.44892965468307,-6.8528340961434644],[115.44892940335978,-6.8528070403893091],[115.44892037983047,-6.8528071241175796],[115.44892029605643,-6.8527981055327416],[115.44890224899787,-6.8527982729885553],[115.44890216522427,-6.8527892544034916],[115.44889314169498,-6.852789338131033],[115.44889305792165,-6.8527803195458521],[115.44887501086306,-6.85278048700021],[115.44887509463602,-6.852789505585613],[115.44886607110639,-6.8527895893126507],[115.44886623865234,-6.852807626483667],[115.44884819159208,-6.8528077939376812],[115.44884794027433,-6.8527807381804839],[115.44886598733362,-6.8527805707271368],[115.4488657360159,-6.8527535149705674],[115.44887475954485,-6.8527534312439746],[115.44887459199994,-6.8527353940731279],[115.44883849788476,-6.8527357289775983],[115.4488385816565,-6.8527447475634684],[115.44884760518563,-6.8527446638374929],[115.44884768895764,-6.8527536824232476],[115.44885671248684,-6.8527535986969905],[115.44885679625914,-6.8527626172826128],[115.44883874920029,-6.8527627847351793],[115.44883866542835,-6.8527537661493341],[115.44882964189893,-6.8527538498752527],[115.44882955812726,-6.852744831289276],[115.44879346400917,-6.8527451661908225],[115.44879354778017,-6.8527541847772442],[115.44878452425019,-6.8527542685023199],[115.44878477556334,-6.8527813242618931],[115.44877575203277,-6.8527814079871341],[115.44877600334644,-6.8528084637470004],[115.44878502687754,-6.8528083800214246],[115.44878494310603,-6.8527993614349185],[115.44879396663686,-6.8527992777092868],[115.44879388286529,-6.8527902591228873],[115.44881192992625,-6.8527900916713387],[115.44881209747017,-6.8528081288436882],[115.44880307393939,-6.8528082125697694],[115.44880315771135,-6.8528172311560489],[115.44877608711789,-6.8528174823336139],[115.44877600334644,-6.8528084637470004],[115.44876697981523,-6.8528085474724074],[115.44876706358652,-6.8528175660591319],[115.44875804005501,-6.8528176497844813],[115.4487579562839,-6.8528086311976448],[115.44873990922093,-6.8528087986476161],[115.44873974167972,-6.8527907614734875],[115.44870364755374,-6.8527910963705185],[115.44870373132359,-6.85280011495803],[115.44872177838717,-6.8527999475096291],[115.44872186215748,-6.8528089660969131],[115.44873088568924,-6.8528088823723499],[115.44873130454341,-6.8528539753081521],[115.44871325747808,-6.8528541427582246],[115.44871317370733,-6.8528451241708499],[115.44869512664189,-6.8528452916200262],[115.44869495910147,-6.8528272544448194],[115.4487039826339,-6.8528271707205395],[115.44870373132359,-6.85280011495803],[115.44867666072743,-6.8528003661293679],[115.44867674449691,-6.8528093847172098],[115.44864967389923,-6.8528096358873647],[115.44864959013023,-6.8528006172991907],[115.4486405665976,-6.8528007010221277],[115.44864031529185,-6.8527736452572432],[115.44862226822728,-6.8527738127019457],[115.44862243576367,-6.8527918498789839],[115.44861341223088,-6.8527919336013055],[115.44861307715924,-6.8527558592467654],[115.44858600656219,-6.8527561104113817],[115.44858592279509,-6.8527470918224012],[115.44857689926266,-6.8527471755434926],[115.4485770667967,-6.8527652127216525],[115.44856804326385,-6.8527652964427972],[115.44856812703085,-6.8527743150320077],[115.44855007996448,-6.852774482474012],[115.4485499961978,-6.8527654638845803],[115.4485229255979,-6.852765715045992],[115.44852284183183,-6.8527566964562556],[115.44851381829849,-6.8527567801762777],[115.44851365076705,-6.8527387429965367],[115.44850462723392,-6.852738826716168],[115.44850454346853,-6.8527298081261785],[115.44849551993545,-6.8527298918455299],[115.44849568746598,-6.8527479290257256],[115.44848666393246,-6.8527480127451321],[115.44848716652577,-6.8528021242862804],[115.44846009592145,-6.8528023754454885],[115.44846001215612,-6.8527933568549741],[115.4484509886213,-6.8527934405742625],[115.44845090485624,-6.8527844219836336],[115.44842383425163,-6.8527846731401523],[115.44842391801616,-6.8527936917311161],[115.44841489448086,-6.8527937754497295],[115.44841497824535,-6.8528027940407998],[115.44838790763835,-6.8528030451959649],[115.44838782387437,-6.8527940266045624],[115.44837880033865,-6.8527941103225016],[115.44837871657494,-6.8527850917309827],[115.44836969303928,-6.8527851754486431],[115.44836952551258,-6.8527671382653521],[115.44836050197709,-6.8527672219826217],[115.44836075326684,-6.8527942777578765],[115.44836977680281,-6.8527941940402739],[115.44836986056646,-6.8528032126318994],[115.44837888410244,-6.852803128914017],[115.44837896786636,-6.8528121475055261],[115.44838799140243,-6.852812063787364],[115.44838807516663,-6.8528210823787585],[115.4483790516304,-6.8528211660970317],[115.44837955421698,-6.8528752776459756],[115.44841564836527,-6.8528749427692022],[115.44841581589638,-6.8528929799512577],[115.44842483943354,-6.8528928962314222],[115.44842492319943,-6.8529019148223318],[115.44843394673661,-6.8529018311022138],[115.44843403050278,-6.8529108496930098],[115.44844305404004,-6.8529107659726121],[115.44844313780648,-6.8529197845632925],[115.44845216134377,-6.852919700842615],[115.44845207757714,-6.8529106822520474],[115.44846110111415,-6.8529105985313139],[115.44846101734747,-6.8529015799408528],[115.44848808795737,-6.8529013287779748],[115.44848817172455,-6.8529103473681019],[115.44850621879755,-6.8529101799251197],[115.44850613503003,-6.8529011613352147],[115.4485151585662,-6.8529010776135806],[115.44851507479864,-6.852892059023783],[115.4485331218703,-6.8528918915802333],[115.4485332056382,-6.8529009101698088],[115.44854222917404,-6.8529008264476703],[115.44854231294224,-6.8529098450371313],[115.44853328940624,-6.8529099287593809],[115.44853337317437,-6.8529189473489485],[115.44851532610171,-6.8529191147931652],[115.44851557740579,-6.8529461705625074],[115.44854264801614,-6.8529459193949291],[115.44854248047896,-6.8529278822160222],[115.44855150401519,-6.8529277984933819],[115.44855158778387,-6.8529368170827345],[115.44856061132016,-6.8529367333598135],[115.44856077885825,-6.8529547705382505],[115.44853370824808,-6.8529550217071735],[115.44853379201679,-6.8529640402967189],[115.44854281555379,-6.8529639565738032],[115.44854289932277,-6.8529729751632154],[115.44858801700697,-6.8529725565455468],[115.44858826831715,-6.8529996123121597],[115.44859729185416,-6.8529995285877865],[115.44859745939516,-6.8530175657652714],[115.44860648293239,-6.8530174820405083],[115.44860656670325,-6.8530265006291327],[115.44861559024054,-6.8530264169040906],[115.44861567401166,-6.8530354354925995],[115.44862469754899,-6.8530353517672769],[115.4486247813204,-6.8530443703556703],[115.44864282839508,-6.8530442029042966],[115.44864299593891,-6.8530622400806269],[115.4486700665511,-6.8530619889016355],[115.44867048541519,-6.8531070818407143],[115.44867950895321,-6.8531069981134918],[115.44867967649996,-6.8531250352888691],[115.44871577065221,-6.8531247003774025],[115.44871593820078,-6.8531427375518739],[115.4487249617389,-6.8531426538233626],[115.44872521306311,-6.8531697095847042],[115.44873423660161,-6.8531696258556911],[115.44873398527693,-6.8531425700946844],[115.44874300881483,-6.8531424863658374],[115.44874292503998,-6.8531334677789202],[115.44875194857759,-6.8531333840500164],[115.44875178102794,-6.853115346876443],[115.44874275749065,-6.8531154306051238],[115.44874258994176,-6.8530973934312938],[115.44876063701551,-6.8530972259742065],[115.44876072079025,-6.8531062445609017],[115.44875169725324,-6.8531063282896403],[115.44875178102794,-6.853115346876443],[115.44877885163908,-6.8531150956893843],[115.44877901918979,-6.8531331328622915],[115.44876097211511,-6.8531333003209438],[115.44876105589029,-6.8531423189076364],[115.44877910296529,-6.8531421514487629],[115.44877968939706,-6.8532052815538238],[115.44880676001225,-6.8532050303619139],[115.44880692756621,-6.8532230675340831],[115.44877985695,-6.85322331872666],[115.44877994072665,-6.853232337313071],[115.44879798780458,-6.8532321698512995],[115.44879815535887,-6.8532502070236623],[115.44882522597592,-6.8532499558290736],[115.44882530975374,-6.8532589744149153],[115.44883433329271,-6.8532588906829384],[115.4488344170708,-6.8532679092686646],[115.44884344060985,-6.853267825536407],[115.44884377572407,-6.8533038998788225],[115.44886182280312,-6.8533037324129129],[115.44886190658229,-6.853312750998283],[115.44891604781772,-6.8533122485958433],[115.44891613159803,-6.8533212671805419],[115.44898831990697,-6.8533205973002964],[115.44898840368873,-6.8533296158841015],[115.44901547430321,-6.8533293646758953],[115.44901555808559,-6.8533383832593442],[115.4490336051617,-6.8533382157861436],[115.44903368894454,-6.8533472343693997],[115.44904271248259,-6.8533471506324357],[115.44904262869957,-6.8533381320492897],[115.44906067577502,-6.8533379645750756],[115.4490605919918,-6.8533289459921818],[115.44906961552918,-6.8533288622549344],[115.44906969931257,-6.8533378808377163],[115.44908774638731,-6.8533377133624933],[115.44908783017115,-6.8533467319450834],[115.44910587724577,-6.8533465644689624],[115.44910596103009,-6.8533555830513082],[115.44916010225229,-6.8533550806182379],[115.44916018603772,-6.8533640991999123],[115.44919628018424,-6.8533637642407177],[115.44919644775678,-6.8533818014031453],[115.44920547129345,-6.8533817176627032],[115.44920555508006,-6.8533907362438251],[115.44921457861683,-6.8533906525031032],[115.4492146624037,-6.8533996710840928],[115.44924173301375,-6.8533994198605814],[115.44924181680128,-6.8534084384412326],[115.44927791094713,-6.8534081034737477],[115.44927799473543,-6.8534171220539504],[115.44928701827175,-6.8534170383115462],[115.44928710206034,-6.8534260568916325],[115.4493231962053,-6.853425721919888],[115.44932311241605,-6.8534167033402467],[115.4493411594875,-6.8534165358535857],[115.44934124327708,-6.8534255544330049],[115.44935026681283,-6.8534254706893112],[115.44935035060269,-6.8534344892686141],[115.44935937413844,-6.8534344055246406],[115.44935945792861,-6.853443424103828],[115.44937750500017,-6.8534432566151526],[115.44937758879077,-6.8534522751941314],[115.44944075353889,-6.85345168897768],[115.44944058595546,-6.8534336518212928],[115.4494496094901,-6.8534335680756344],[115.44944952569838,-6.8534245494975536],[115.44946757276703,-6.8534243820059526],[115.44946765655909,-6.8534334005838113],[115.44947668009341,-6.8534333168376476],[115.44947684767818,-6.8534513539931439],[115.44948587121272,-6.8534512702465884],[115.44948595500546,-6.853460288824194],[115.44949497854005,-6.8534602050773588],[115.44949472716169,-6.853433149344812],[115.44950375069567,-6.8534330655981428],[115.44950366690294,-6.8534240470207299],[115.44952171397023,-6.8534238795271083],[115.4495217977633,-6.8534328981042991],[115.44953082129695,-6.8534328143571228],[115.44953090509028,-6.8534418329341973],[115.44958504629076,-6.853441330446941],[115.44958513008525,-6.8534503490233609],[115.4496031771515,-6.8534501815260391],[115.44960309335671,-6.8534411629498404],[115.44963016395475,-6.8534409117029274],[115.44963024775005,-6.8534499302787903],[115.4496482948152,-6.8534497627797837],[115.44964837861096,-6.8534587813553864],[115.44966642567597,-6.8534586138554845],[115.44966650947215,-6.8534676324308776],[115.44967553300468,-6.8534675486805607],[115.44967561680119,-6.8534765672558384],[115.44969366386621,-6.853476399754479],[115.44969374766315,-6.8534854183295293],[115.44971179472805,-6.8534852508272737],[115.44971187852543,-6.8534942694021144],[115.44973894912245,-6.853494018147134],[115.44973903292045,-6.8535030367216025],[115.44975707998489,-6.8535028692172171],[115.44975699618654,-6.8534938506429706],[115.44980211384485,-6.8534934318796141],[115.44980219764405,-6.8535024504533038],[115.44981122117555,-6.8535023667000159],[115.44981138877461,-6.8535204038471953],[115.4498294358379,-6.8535202363396692],[115.44982951963793,-6.8535292549130302],[115.44987463729507,-6.8535288361407085],[115.44987472109607,-6.8535378547134922],[115.44992886228198,-6.8535373521804797],[115.44992902988632,-6.8535553893247485],[115.44994707694804,-6.8535552218119511],[115.44994716075071,-6.8535642403838484],[115.44995618428156,-6.8535641566270851],[115.44995626808452,-6.8535731751988669],[115.44998333867694,-6.8535729239272349],[115.44998325487347,-6.8535639053557871],[115.44999227840391,-6.8535638215983514],[115.4499921946004,-6.8535548030270101],[115.4500373122499,-6.8535543842378575],[115.45003747985872,-6.8535724213794227],[115.45000138573801,-6.8535727564119711],[115.4500014695419,-6.8535817749831756],[115.44999244601128,-6.8535818587410029],[115.44999236220754,-6.8535728401696874],[115.44998333867694,-6.8535729239272349],[115.44998342248051,-6.8535819424986606],[115.44997439894966,-6.8535820262561522],[115.44997456655683,-6.8536000633992638],[115.44998359008801,-6.8535999796415519],[115.44998367389194,-6.853608998212982],[115.44999269742318,-6.8536089144549894],[115.44999278122739,-6.8536179330263023],[115.4500018047587,-6.8536178492680309],[115.45000188856318,-6.8536268678392291],[115.4499928650317,-6.8536269515976125],[115.44999294883614,-6.8536359701689191],[115.44996587824049,-6.8536362214433924],[115.44996612965291,-6.8536632771582839],[115.44997515318543,-6.8536631933999601],[115.44997523698997,-6.853672211971471],[115.45001133111947,-6.8536718769360494],[115.45001124731424,-6.8536628583649843],[115.45004734144129,-6.8536625233273112],[115.45004750905316,-6.8536805604685478],[115.45007457964829,-6.8536803091878564],[115.45007466345488,-6.8536893277581354],[115.45011075758079,-6.8536889927144102],[115.45011084138821,-6.8536980112842558],[115.45013791198194,-6.8536977599993598],[115.45013799578997,-6.8537067785688324],[115.45014701932115,-6.8537066948067524],[115.45014710312945,-6.8537157133761282],[115.45016515019184,-6.8537155458512391],[115.45016506638319,-6.8537065272820863],[115.45017408991401,-6.8537064435194992],[115.45017400610533,-6.8536974249504716],[115.45014693551295,-6.85369767623739],[115.45014685170487,-6.8536886576679894],[115.45013782817402,-6.8536887414298473],[115.45013774436623,-6.8536797228603472],[115.4501196973045,-6.8536798903833356],[115.45011952968994,-6.8536618532438789],[115.45010148262844,-6.8536620207657482],[115.45010131501499,-6.8536439836258287],[115.45009229148442,-6.8536440673862868],[115.45009220767803,-6.8536350488162103],[115.45008318414752,-6.8536351325763905],[115.45008301653539,-6.8536170954359985],[115.45010106359565,-6.8536169279159163],[115.45010097978944,-6.8536079093459357],[115.45011000331922,-6.8536078255857538],[115.45011008712562,-6.8536168441556224],[115.45012813418518,-6.8536166766345277],[115.45012796657186,-6.8535986394952326],[115.45010991951295,-6.8535988070158806],[115.45010983570678,-6.8535897884460031],[115.45013690629447,-6.8535895371651119],[115.45013682248791,-6.8535805185955478],[115.45010072837145,-6.8535808536359548],[115.45010064456569,-6.8535718350659751],[115.45007357397768,-6.8535720863441778],[115.45007332256257,-6.8535450306331578],[115.45005527550434,-6.8535451981504503],[115.45005519169985,-6.8535361795798631],[115.45006421522886,-6.8535360958214122],[115.45006379620735,-6.8534910029690819],[115.4500728197354,-6.8534909192110192],[115.45007273593127,-6.8534819006406282],[115.45008175945901,-6.8534818168825069],[115.45008150804678,-6.8534547611716903],[115.45010857862789,-6.8534545098973183],[115.45010849482355,-6.8534454913273883],[115.45009947129678,-6.853445575085571],[115.4500993874927,-6.8534365565154891],[115.45009036396603,-6.8534366402733902],[115.45009028016223,-6.8534276217032115],[115.45008125663558,-6.8534277054608328],[115.45008108902867,-6.8534096683202392],[115.45007206550225,-6.8534097520774706],[115.45007198169914,-6.8534007335070557],[115.45006295817279,-6.8534008172640064],[115.45006287436993,-6.8533917986934769],[115.45005385084362,-6.853391882450147],[115.45005376704107,-6.8533828638795011],[115.45004474351482,-6.8533829476358923],[115.45004465971255,-6.853373929065115],[115.45003563618636,-6.8533740128212255],[115.45003555238436,-6.8533649942503647],[115.45002652885822,-6.8533650780061972],[115.45002636125493,-6.8533470408642074],[115.4500353847807,-6.8533469571085988],[115.4500351333761,-6.8533199013959152],[115.45004415690128,-6.8533198176404708],[115.45004424070289,-6.8533288362112419],[115.45005326422812,-6.8533287524555186],[115.45005334803001,-6.8533377710262071],[115.45007139508049,-6.8533376035140314],[115.4500714788828,-6.8533466220844765],[115.45008952593318,-6.8533464545714047],[115.45008960973593,-6.8533554731416242],[115.45009863326111,-6.8533553893847232],[115.45009913608115,-6.8534095008052738],[115.45010815960724,-6.8534094170475379],[115.45010807580347,-6.8534003984775689],[115.45012612285494,-6.8534002309618147],[115.45012620665906,-6.8534092495315617],[115.4501352301848,-6.8534091657733196],[115.45013531398921,-6.8534181843429511],[115.45014433751501,-6.8534181005844301],[115.45014442131971,-6.8534271191539462],[115.45017149189691,-6.8534268678770385],[115.45017157570221,-6.853435886446217],[115.45018962275347,-6.8534357189272139],[115.45018970655923,-6.8534447374961811],[115.45023482418623,-6.8534443186951695],[115.45023465657313,-6.8534262815583595],[115.45025270362248,-6.8534261140372186],[115.45025278742931,-6.8534351326053953],[115.45026181095395,-6.853435048844462],[115.45026172714697,-6.8534260302763972],[115.45027075067135,-6.8534259465154053],[115.4502706668643,-6.8534169279474479],[115.4502796903884,-6.8534168441863992],[115.45027960658129,-6.8534078256185493],[115.45027058305736,-6.8534079093794853],[115.45027049925054,-6.8533988908115182],[115.45028854629794,-6.8533987232896987],[115.45028846249087,-6.8533897047219492],[115.45029748601428,-6.8533896209608987],[115.45029756982149,-6.8533986395285345],[115.45030659334491,-6.8533985557672041],[115.45030650953751,-6.8533895371996767],[115.45031553306067,-6.8533894534382895],[115.45031544925324,-6.8533804348708696],[115.4503244727761,-6.8533803511094247],[115.45032438896861,-6.8533713325420944],[115.4503153654459,-6.8533714163034283],[115.45031503021772,-6.8533353420337049],[115.45032405373972,-6.8533352582728151],[115.4503239699328,-6.8533262397054644],[115.45033299345454,-6.8533261559445169],[115.45033307726163,-6.8533351745117583],[115.45034210078343,-6.8533350907505319],[115.45034218459081,-6.8533441093176393],[115.45035120811265,-6.853344025556134],[115.45035095669034,-6.8533169698551299],[115.4503599802116,-6.853316886093789],[115.45035981259696,-6.8532988489599864],[115.45038688315894,-6.8532985976756207],[115.45038696696673,-6.8533076162421906],[115.45037794344599,-6.8533077000039251],[115.45037802725371,-6.8533167185706017],[115.45038705077459,-6.8533166348087553],[115.4503871345826,-6.8533256533752986],[115.45039615810354,-6.8533255696131734],[115.45039607429537,-6.8533165510467402],[115.45040509781604,-6.8533164672845581],[115.45040501400781,-6.8533074487182146],[115.45042306104847,-6.8533072811935662],[115.45042297724001,-6.8532982626274404],[115.45041395371993,-6.8532983463897388],[115.45041378610371,-6.8532803092572712],[115.45040476258382,-6.8532803930191788],[115.45040467877602,-6.8532713744528007],[115.45036858469606,-6.8532717094982978],[115.45036850088908,-6.8532626909314889],[115.45032338328743,-6.8532631097340131],[115.45032329948138,-6.8532540911666437],[115.45030525244027,-6.8532542586862517],[115.45030516863469,-6.8532452401186541],[115.45029614511412,-6.8532453238780944],[115.45029622891956,-6.8532543424458021],[115.45028720539871,-6.8532544262051847],[115.45028728920406,-6.8532634447730008],[115.4502692421617,-6.8532636122914825],[115.45026915835668,-6.8532545937234453],[115.4502601348355,-6.8532546774823215],[115.45026005103075,-6.8532456589141688],[115.45025102750962,-6.8532457426727662],[115.45025085990083,-6.8532277055362245],[115.45023281285891,-6.8532278730524698],[115.45023289666291,-6.8532368916209645],[115.45022387314162,-6.8532369753789455],[115.45022395694558,-6.8532459939475485],[115.45021493342399,-6.8532460777054727],[115.45021501722789,-6.8532550962741814],[115.45019697018407,-6.8532552637897464],[115.4501968863805,-6.8532462452208147],[115.4501878628586,-6.8532463289782326],[115.45018777905531,-6.8532373104091855],[115.45017875553347,-6.8532373941663236],[115.45017867173046,-6.8532283755971601],[115.45016964820864,-6.8532284593540194],[115.45016956440594,-6.8532194407847422],[115.45015151736233,-6.8532196082977297],[115.45015143356009,-6.8532105897282243],[115.45016045708175,-6.8532105059719246],[115.45016037327946,-6.8532014874025258],[115.45018744384335,-6.8532012361329508],[115.45018736004062,-6.8531922175638815],[115.45022345412357,-6.8531918825358673],[115.45022353792697,-6.8532009011044916],[115.45023256144759,-6.8532008173469556],[115.45023264525123,-6.8532098359154654],[115.4502506922925,-6.8532096683996642],[115.45025060848849,-6.8532006498313782],[115.45025963200875,-6.8532005660733368],[115.4502595482047,-6.8531915475051575],[115.4502775952446,-6.8531913799887922],[115.45027767904898,-6.8532003985567487],[115.45028670256893,-6.853200314798201],[115.45028687017839,-6.8532183519338812],[115.45027784665812,-6.8532184356926491],[115.45027801426771,-6.8532364728285327],[115.45030508482921,-6.8532362215510521],[115.45030500102386,-6.8532272029834456],[115.450314024544,-6.8532271192240595],[115.4503141083495,-6.8532361377915549],[115.45035020242949,-6.8532358027518816],[115.45035011862329,-6.8532267841848311],[115.45035914214284,-6.8532267004246039],[115.45035922594921,-6.8532357189915416],[115.45039532002693,-6.8532353839484985],[115.45039515241297,-6.8532173468155069],[115.45038612889405,-6.853217430576299],[115.45038587747445,-6.8531903748764451],[115.45039490099288,-6.853190291115987],[115.45039498479944,-6.8531993096824984],[115.45041303183628,-6.8531991421608556],[115.45041311564334,-6.8532081607271396],[115.45042213916174,-6.8532080769659549],[115.45042188774048,-6.8531810212674236],[115.45040384070452,-6.853181188788958],[115.45040367309156,-6.8531631516561191],[115.45042172012684,-6.8531629841350297],[115.45042188774048,-6.8531810212674236],[115.45043993477596,-6.8531808537452141],[115.45043985096875,-6.8531718351792508],[115.45044887448614,-6.8531717514180057],[115.45044879067888,-6.8531627328521321],[115.45045781419601,-6.8531626490908302],[115.45045773038871,-6.853153630525096],[115.45046675390553,-6.8531535467637354],[115.45046667009817,-6.8531445281980927],[115.45047569361475,-6.8531444444366745],[115.45047577742228,-6.853153463002208],[115.45046675390553,-6.8531535467637354],[115.45046683771302,-6.8531625653293577],[115.45045781419601,-6.8531626490908302],[115.45045798181098,-6.8531806862223323],[115.45046700532832,-6.8531806024606388],[115.45046708913614,-6.8531896210262637],[115.45047611265359,-6.8531895372642904],[115.45047602884559,-6.8531805186987755],[115.4505030993966,-6.8531802674121787],[115.45050335082243,-6.8532073231077053],[115.45053042137395,-6.8532070718185905],[115.45053067280233,-6.8532341275130779],[115.45053969631979,-6.8532340437493682],[115.45054003155987,-6.8532701180081785],[115.4505490550779,-6.8532700342438551],[115.45054913888836,-6.8532790528084533],[115.45055816240644,-6.8532789690438509],[115.45055824621718,-6.8532879876082982],[115.45056726973533,-6.8532879038434169],[115.45056735354636,-6.8532969224077656],[115.45059442410056,-6.8532966711117744],[115.45059450791221,-6.8533056896757856],[115.45060353143022,-6.8533056059100055],[115.4506036990542,-6.8533236430377755],[115.45061272257243,-6.8533235592716055],[115.45061289019721,-6.8533415963991686],[115.45062191371568,-6.8533415126326078],[115.45062199752842,-6.8533505311962628],[115.45063102104692,-6.8533504474294231],[115.45063110485991,-6.8533594659929618],[115.45064012837851,-6.8533593822258423],[115.45064021219177,-6.8533684007892495],[115.45064923571042,-6.8533683170218493],[115.45064940333765,-6.8533863541484781],[115.45065842685649,-6.8533862703806872],[115.45065851067046,-6.8533952889438758],[115.45066753418938,-6.8533952051758051],[115.45066761800364,-6.8534042237388775],[115.45067664152258,-6.853404139970527],[115.4506768929665,-6.8534311956593852],[115.45068591648587,-6.853431111890532],[115.45068600030089,-6.8534401304533814],[115.45069502382032,-6.8534400466842493],[115.45069535908222,-6.8534761209350732],[115.45070438260221,-6.8534760371653274],[115.45070446641814,-6.8534850557279325],[115.45069544289801,-6.8534851394977885],[115.45069552671387,-6.8534941580604665],[115.45070455023418,-6.8534940742904995],[115.45070488549948,-6.8535301485407727],[115.4506958619785,-6.8535302323111846],[115.45069628106185,-6.8535753251245053],[115.45070530458366,-6.8535752413535356],[115.45070547221813,-6.853593278478626],[115.4507144957402,-6.8535931947072672],[115.45071457955777,-6.8536022132696859],[115.45072360307987,-6.8536021294980456],[115.45072385453378,-6.8536291851849436],[115.45071483101114,-6.8536292689569169],[115.45071491482916,-6.8536382875193187],[115.45069686778328,-6.8536384550629839],[115.45069678396558,-6.8536294365003601],[115.45065166634969,-6.8536298553560169],[115.45065175016651,-6.8536388739191967],[115.45063370311904,-6.8536390414605028],[115.45063361930252,-6.8536300228970992],[115.45062459577879,-6.8536301066673886],[115.45062467959514,-6.8536391252309032],[115.45059760902272,-6.8536393765410919],[115.45059769283866,-6.8536483951049538],[115.45058866931413,-6.8536484788747902],[115.45058875313001,-6.8536574974387241],[115.45059777665472,-6.8536574136687749],[115.45059786047089,-6.8536664322326102],[115.45060688399563,-6.853666348462383],[115.45060696781208,-6.8536753670261019],[115.45059794428715,-6.853675450796441],[115.45059802810356,-6.8536844693602665],[115.45062509867851,-6.8536842180484081],[115.45062518249551,-6.853693236611913],[115.45063420602044,-6.8536931528408465],[115.45063428983772,-6.8537021714042021],[115.45064331336272,-6.8537020876328532],[115.45064348099797,-6.8537201247593629],[115.45065250452318,-6.853720040987624],[115.45065258834114,-6.8537290595507603],[115.45061649423897,-6.8537293946371483],[115.45061666187389,-6.8537474317642983],[115.45064373245174,-6.8537471804490933],[115.45064364863369,-6.8537381618858362],[115.45065267215924,-6.8537380781138761],[115.45065275597742,-6.8537470966770213],[115.45066177950302,-6.8537470129047806],[115.4506618633215,-6.8537560314677926],[115.45067088684716,-6.8537559476952721],[115.45067113830378,-6.8537830033839313],[115.4506621147776,-6.8537830871567857],[115.45066219859652,-6.8537921057197977],[115.45067122212286,-6.8537920219468322],[115.4506713897614,-6.8538100590725843],[115.45068041328796,-6.853809975299229],[115.45068049710756,-6.8538189938619869],[115.45069854416064,-6.853818826314547],[115.4506986279807,-6.8538278448770784],[115.4507166750337,-6.8538276773287423],[115.45071659121331,-6.853818658766432],[115.45072561473945,-6.8538185749921219],[115.45072494417903,-6.8537464264943777],[115.45073396770375,-6.8537463427207896],[115.45073388388403,-6.8537373241586463],[115.45075193093271,-6.853737156611186],[115.45075201475278,-6.8537461751731072],[115.45074299122831,-6.8537462589470319],[115.45074324268865,-6.8537733146330524],[115.45076128973848,-6.8537731470843646],[115.45076137355915,-6.8537821656461233],[115.45077942060885,-6.8537819980965393],[115.45077950442999,-6.8537910166581044],[115.45079755147957,-6.8537908491076251],[115.45079746765812,-6.853781830546283],[115.4508064911826,-6.8537817467708999],[115.45080640736109,-6.853772728209699],[115.45081543088524,-6.8537726444342599],[115.45081534706368,-6.8537636258731478],[115.45084241763506,-6.8537633745461548],[115.45084250145713,-6.8537723931069339],[115.45082445440933,-6.853772560658653],[115.45082478969739,-6.8538086349026131],[115.45086088379527,-6.8538082997967189],[115.45086096761823,-6.8538173183572519],[115.45086999114258,-6.8538172345802453],[115.45087007496582,-6.8538262531406637],[115.45090616906278,-6.8538259180305117],[115.45090642053525,-6.8538529737104197],[115.45089739701068,-6.8538530574885446],[115.45089748083491,-6.8538620760485953],[115.45090650435962,-6.8538619922703594],[115.45090667200876,-6.8538800293902566],[115.45092471905856,-6.8538798618328336],[115.45092480288363,-6.853888880392554],[115.45094284993331,-6.8538887128342338],[115.45094276610791,-6.8538796942747373],[115.45095178963243,-6.8538796104954356],[115.45095170580697,-6.8538705919360456],[115.45096072933121,-6.8538705081566871],[115.4509606455057,-6.8538614895974028],[115.45095162198166,-6.8538615733766504],[115.4509515381564,-6.8538525548172684],[115.4509605616803,-6.8538524710381328],[115.45096047785501,-6.8538434524788237],[115.45097852490213,-6.8538432849202682],[115.45097860872775,-6.8538523034793544],[115.45099665577476,-6.8538521359199045],[115.45099657194881,-6.8538431173610395],[115.45100559547194,-6.853843033581172],[115.45100551164593,-6.8538340150224322],[115.45104160573678,-6.8538336799017232],[115.45104143808373,-6.8538156427851185],[115.45103241456154,-6.853815726565327],[115.45103216308333,-6.8537886708900544],[115.45105021012662,-6.8537885033301382],[115.45105012630043,-6.85377948477191],[115.45105914982176,-6.8537794009918107],[115.45105906599552,-6.8537703824337237],[115.45105004247436,-6.853770466213712],[115.45104979099686,-6.8537434105390416],[115.45105881451748,-6.8537433267593864],[115.4510587306917,-6.8537343082012487],[115.45106775421206,-6.8537342244215376],[115.451067838038,-6.8537432429795642],[115.45112197915871,-6.8537427402970899],[115.45112223064029,-6.8537697959690913],[115.45111320711995,-6.8537698797502582],[115.45111312329281,-6.8537608611928178],[115.45110409977254,-6.8537609449737058],[115.45110401594567,-6.8537519264161491],[115.45109499242544,-6.8537520101967573],[115.45109507625212,-6.8537610287544251],[115.45106800569023,-6.8537612800955712],[115.45106825716944,-6.8537883357695479],[115.4510772806907,-6.8537882519890001],[115.45107753217142,-6.8538153076626047],[115.45106850864967,-6.8538153914434865],[115.45106859247664,-6.853824410001458],[115.45105956895462,-6.8538244937822812],[115.45105965278152,-6.8538335123403584],[115.45106867630372,-6.8538334285594233],[115.45106876013091,-6.8538424471173842],[115.45108680717533,-6.8538422795547866],[115.45108672334779,-6.8538332609970478],[115.45113184095597,-6.8538328420881589],[115.45113192478435,-6.8538418606453417],[115.45114094830581,-6.8538417768629474],[115.45114103213444,-6.8538507954200307],[115.45115005565597,-6.8538507116373566],[115.45114997182716,-6.8538416930803843],[115.45115899534839,-6.8538416092976533],[115.45115874386211,-6.8538145536270907],[115.45112264977847,-6.8538148887556716],[115.45112256595063,-6.8538058701983635],[115.45113158947153,-6.8538057864165829],[115.4511315056436,-6.8537967678593823],[115.45114052916422,-6.8537966840775439],[115.45114061299232,-6.8538057026346344],[115.45120377763469,-6.8538051161562699],[115.45120386146409,-6.8538141347125761],[115.45119483794393,-6.8538142184958168],[115.45119492177325,-6.8538232370522287],[115.45118589825279,-6.8538233208354118],[115.45118598208205,-6.8538323393919311],[115.45117695856133,-6.8538324231750574],[115.45117704239055,-6.8538414417316833],[115.45118606591144,-6.853841357948447],[115.45118631740027,-6.8538684136179659],[115.45122241148479,-6.8538680784819981],[115.45122232765438,-6.8538590599259424],[115.45124037469562,-6.8538588923571693],[115.45124045852633,-6.8538679109130038],[115.45124948204695,-6.8538678271282532],[115.45124956587797,-6.8538768456839714],[115.45125858939865,-6.8538767618989427],[115.45125884089286,-6.8539038175657385],[115.4512498173717,-6.8539039013511029],[115.45124973354035,-6.853894882795414],[115.45118656889012,-6.8538954692874627],[115.45118665272028,-6.8539044878439306],[115.45115958215371,-6.8539047391954728],[115.45115933066504,-6.8538776835250061],[115.45115030714312,-6.8538777673081812],[115.45115022331397,-6.8538687487512391],[115.45114119979209,-6.8538688325341353],[115.4511412836211,-6.8538778510911893],[115.45113226009896,-6.8538779348740286],[115.4511323439279,-6.8538869534311901],[115.45112332040547,-6.8538870372139717],[115.45112365572166,-6.8539231114430166],[115.45113267924476,-6.85392302765979],[115.45113276307427,-6.8539320462169284],[115.45115081012047,-6.8539318786497461],[115.45115089395043,-6.8539408972066402],[115.45114187042721,-6.8539409809904281],[115.45114195425708,-6.8539499995474626],[115.45112390721,-6.8539501671147542],[115.45112407486945,-6.8539682042292238],[115.45116919248802,-6.8539677853086207],[115.4511689409965,-6.8539407296385617],[115.45118698804211,-6.8539405620698082],[115.4511869042115,-6.8539315435133581],[115.45119592773396,-6.8539314597288401],[115.45119584390331,-6.8539224411724797],[115.45120486742547,-6.853922357387904],[115.45120495125632,-6.8539313759441534],[115.45121397477857,-6.8539312921592979],[115.45121405860969,-6.8539403107154158],[115.4512050350873,-6.8539403945003814],[115.45120511891837,-6.8539494130566379],[115.45118707187285,-6.8539495806262885],[115.45118715570371,-6.8539585991827456],[115.45117813218062,-6.8539586829674288],[115.45117821601141,-6.8539677015239944],[115.45118723953468,-6.8539676177391993],[115.45118740719693,-6.8539856548520932],[115.45120545424379,-6.8539854872815535],[115.45120553807546,-6.8539945058377718],[115.45122358512218,-6.8539943382663351],[115.45122350129022,-6.8539853197103398],[115.45123252481324,-6.8539852359244806],[115.45123218948578,-6.853949161700899],[115.45124121300802,-6.853949077915316],[115.45124112917625,-6.8539400593595055],[115.45125015269825,-6.8539399755738648],[115.45125032036221,-6.8539580126852444],[115.45124129683988,-6.853958096471108],[115.45124138067185,-6.8539671150268928],[115.45125040419435,-6.8539670312409191],[115.45125065569145,-6.8539940869079183],[115.45127772625972,-6.8539938355479828],[115.45127797775936,-6.8540208912139402],[115.45126895423621,-6.8540209750010872],[115.45126903806948,-6.8540299935565079],[115.45126001454607,-6.8540300773435989],[115.45126018221259,-6.8540481144546517],[115.45126920573637,-6.8540480306673395],[115.45126928956998,-6.8540570492227637],[115.45132343071118,-6.8540565464946832],[115.45132359838077,-6.8540745836041346],[115.45131457485719,-6.8540746673927924],[115.45131482636192,-6.8541017230573118],[115.45132384988599,-6.8541016392683218],[115.4513240175567,-6.8541196763777279],[115.45135108812931,-6.8541194250090767],[115.45135100429341,-6.8541104064547005],[115.45136002781723,-6.8541103226649245],[115.45135994398127,-6.8541013041106718],[115.45134189693385,-6.854101471689833],[115.45134198076948,-6.8541104902443086],[115.45133295724546,-6.854110574033748],[115.45133278957462,-6.8540925369245373],[115.45134181309832,-6.85409245313532],[115.45134164542762,-6.8540744160263145],[115.45133262190426,-6.8540744998153089],[115.45133253806924,-6.8540654812606885],[115.45135058511551,-6.854065313682753],[115.45135041744514,-6.8540472765739437],[115.45134139392241,-6.854047360362773],[115.45134131008754,-6.8540383418082502],[115.45135033361012,-6.8540382580195329],[115.45135024977523,-6.8540292394651177],[115.45135927329753,-6.8540291556763417],[115.4513593571326,-6.854038174230646],[115.45136838065496,-6.8540380904415912],[115.45136829681969,-6.8540290718873988],[115.45137732034176,-6.8540289880982872],[115.4513774880127,-6.8540470252064472],[115.4513684644903,-6.8540471089957808],[115.45136854832575,-6.8540561275499821],[115.45135952480307,-6.8540562113392598],[115.4513596086385,-6.8540652298935338],[115.45136863216133,-6.8540651461041451],[115.45136879983285,-6.8540831832124915],[115.45141391744711,-6.8540827642619089],[115.45141383361046,-6.8540737457082939],[115.45142285713281,-6.8540736619177833],[115.45142294096961,-6.8540826804712873],[115.45143196449204,-6.854082596680497],[115.45143204832914,-6.8540916152338855],[115.45145911889617,-6.854091363860169],[115.45145928657173,-6.854109400966264],[115.45146831009419,-6.8541093171744656],[115.45146814241829,-6.8540912800685927],[115.4514771659403,-6.8540911962768485],[115.45147708210236,-6.8540821777240168],[115.45146805858052,-6.85408226151565],[115.45146797474285,-6.854073242962702],[115.45145895122108,-6.8540733267540563],[115.45145886738371,-6.8540643082009929],[115.45144984386197,-6.8540643919920674],[115.45144976002486,-6.8540553734389045],[115.4514407365032,-6.8540554572296983],[115.45144040115663,-6.8540193830164773],[115.45145844819851,-6.8540192154356117],[115.45145836436181,-6.8540101968825233],[115.45147641140292,-6.8540100293012047],[115.45147657907711,-6.8540280664069346],[115.4514856025978,-6.8540279826158006],[115.45148568643523,-6.8540370011685479],[115.45149470995601,-6.8540369173771332],[115.4514947937937,-6.8540459359297641],[115.45150381731455,-6.8540458521380714],[115.45150398499064,-6.8540638892430978],[115.4515130085117,-6.8540638054510135],[115.45151317618858,-6.8540818425557992],[115.45152219970986,-6.8540817587633249],[115.4515221158712,-6.854072740211044],[115.45153113939217,-6.8540726564185119],[115.45153122323102,-6.8540816749706792],[115.45155829379384,-6.8540814235917376],[115.45155837763328,-6.8540904421435682],[115.45157642467493,-6.8540902745565404],[115.45157634083513,-6.8540812560049336],[115.45158536435562,-6.854081172211278],[115.45158519667604,-6.8540631351082721],[115.45159422019607,-6.8540630513146708],[115.4515940525166,-6.8540450142118692],[115.45161209955565,-6.8540448466246078],[115.45161218339565,-6.8540538651758043],[115.45160315987602,-6.8540539489696322],[115.45160332755606,-6.8540719860721833],[115.45161235107602,-6.8540719022781351],[115.45161243491638,-6.8540809208293014],[115.45163048195634,-6.8540807532404759],[115.4516302304346,-6.8540536975876458],[115.45162120691519,-6.8540537813818085],[115.45162103923494,-6.8540357442796509],[115.45163908627299,-6.8540355766915999],[115.45163891859249,-6.8540175395898846],[115.45164794211099,-6.8540174557958284],[115.45164785827076,-6.8540084372450769],[115.45163883475243,-6.8540085210390211],[115.45163875091245,-6.8539995024881524],[115.45162070387578,-6.8539996700753134],[115.4516207877154,-6.8540086886264042],[115.4516027406779,-6.8540088562131132],[115.45160232148262,-6.8539637634565009],[115.45162036851842,-6.8539635958709058],[115.45162028467935,-6.8539545773197927],[115.45162930819691,-6.853954493526853],[115.45162897284114,-6.8539184193228024],[115.45161994932425,-6.8539185031152972],[115.45161986548578,-6.853909484564161],[115.45161084196893,-6.8539095683563769],[115.45161050661676,-6.8538734941513484],[115.45164660068072,-6.8538731589832587],[115.45164651684229,-6.8538641404324343],[115.45166456387324,-6.8538639728476021],[115.45166448003458,-6.8538549542969971],[115.45170057409447,-6.8538546191257534],[115.45170065793378,-6.8538636376759126],[115.45170968144866,-6.8538635538825696],[115.45170959760915,-6.8538545353325215],[115.45172764463821,-6.8538543677455523],[115.45172747695885,-6.8538363306458869],[115.45173650047286,-6.8538362468523717],[115.45173675199256,-6.8538633025015292],[115.45174577550694,-6.8538632187075113],[115.45174585934723,-6.8538722372571117],[115.45175488286171,-6.853872153462814],[115.45175513438373,-6.8538992091112512],[115.45172806383852,-6.8538994604946382],[115.45172814767891,-6.8539084790444411],[115.45173717119427,-6.8539083952500368],[115.45173725503496,-6.8539174137997252],[115.45175530206569,-6.8539172462101865],[115.45175555358942,-6.8539443018585571],[115.45176457710511,-6.8539442180632015],[115.45176466094674,-6.8539532366125382],[115.45175563743088,-6.8539533204080056],[115.4517559727979,-6.8539893946057537],[115.45176499631445,-6.8539893108098413],[115.45176516399897,-6.8540073479084676],[115.45178321103239,-6.8540071803156932],[115.45178329487514,-6.8540161988647768],[115.45181036542492,-6.8540159474740161],[115.45181028158166,-6.8540069289252665],[115.45181930509784,-6.8540068451281204],[115.45181922125451,-6.8539978265794774],[115.45182824477044,-6.8539977427822754],[115.45182832861394,-6.8540067613308056],[115.4518373521299,-6.8540066775333237],[115.45183726828623,-6.8539976589849037],[115.45185531531752,-6.853997491389654],[115.45185523147362,-6.8539884728414533],[115.45186425498892,-6.8539883890436863],[115.45186417114498,-6.8539793704955914],[115.45185514762984,-6.8539794542932455],[115.45185497994264,-6.8539614171968193],[115.45184595642773,-6.8539615009940826],[115.45184604027111,-6.8539705195424103],[115.4518370167559,-6.8539706033396151],[115.4518369329127,-6.8539615847911781],[115.45182790939757,-6.853961668588104],[115.45182782555463,-6.8539526500395507],[115.45181880203957,-6.8539527338361976],[115.4518187181969,-6.853943715287528],[115.45182774171182,-6.8539436314909938],[115.45182749018404,-6.8539165758452922],[115.45183651369831,-6.8539164920489233],[115.45183642985579,-6.8539074735004588],[115.45182740634168,-6.8539075572967167],[115.45182723865726,-6.8538895201995711],[115.45184528568474,-6.8538893526073288],[115.45184536952721,-6.8538983711556742],[115.45186341655453,-6.8538982035625367],[115.4518633327117,-6.8538891850144141],[115.45188137973825,-6.8538890174208262],[115.45188146358142,-6.8538980359687249],[115.45189951060784,-6.8538978683742409],[115.45189959445145,-6.85390688692193],[115.45190861796466,-6.8539068031243229],[115.45190870180855,-6.8539158216718965],[115.45189967829516,-6.8539159054696164],[115.45189976213901,-6.8539249240172957],[115.45189073862534,-6.8539250078149569],[115.45189082246911,-6.8539340263627277],[115.45188179895516,-6.8539341101603322],[115.4518819666427,-6.8539521472561322],[115.45187294312832,-6.8539522310537908],[115.4518732785041,-6.8539883052457524],[115.45190937256369,-6.8539879700523318],[115.45190912102966,-6.8539609144097016],[115.45192716805779,-6.8539607468126462],[115.451927084213,-6.8539517282653177],[115.45193610772672,-6.8539516444666493],[115.45193560465935,-6.8538975331832477],[115.45195365168441,-6.8538973655867412],[115.45195373552905,-6.8539063841337633],[115.45196275904158,-6.8539063003351446],[115.45196242366313,-6.8538702261474764],[115.45195340015127,-6.8538703099456484],[115.45195331630708,-6.8538612913986094],[115.45194429279529,-6.8538613751965016],[115.45194420895139,-6.8538523566493463],[115.45193518543965,-6.8538524404469587],[115.45193526928338,-6.8538614589942259],[115.45192624577133,-6.8538615427917815],[115.45192632961498,-6.8538705613391553],[115.45191730610267,-6.8538706451366531],[115.4519173899463,-6.8538796636841326],[115.45189934292098,-6.8538798312788485],[115.45189909139152,-6.8538527756357253],[115.45189006787921,-6.8538528594324966],[115.45188998403646,-6.8538438408846858],[115.45188096052418,-6.8538439246811773],[115.45188121205229,-6.8538709803249622],[115.45186316502642,-6.853871147918106],[115.45186291349933,-6.8538440922736523],[115.45185388998672,-6.8538441760696367],[115.45185355461952,-6.8538081018764858],[115.45186257813144,-6.8538080180809464],[115.45186241044817,-6.8537899809845753],[115.45187143395965,-6.8537898971890892],[115.45187176932731,-6.8538259713813678],[115.45188079283933,-6.8538258875852689],[115.45188070899708,-6.8538168690373169],[115.45194387357702,-6.8538162824606808],[115.45194395742044,-6.8538253010078529],[115.45195298093157,-6.8538252172104066],[115.45195306477528,-6.8538342357574642],[115.45198915881936,-6.8538339005655429],[115.4519889911307,-6.8538158634723141],[115.4519799676202,-6.8538159472703244],[115.4519798837762,-6.8538069287235928],[115.45197086026575,-6.8538070125213233],[115.45197069257843,-6.8537889754276229],[115.45193459853684,-6.8537893106159693],[115.45193468237974,-6.8537983291632667],[115.4519256588689,-6.8537984129600433],[115.45192557502614,-6.8537893944126349],[115.45190752800441,-6.8537895620054607],[115.45190710879403,-6.8537444692672382],[115.45191613230412,-6.8537443854714661],[115.45191604846219,-6.85373536692392],[115.45192507197198,-6.8537352831280902],[115.45192515581405,-6.8537443016755253],[115.45191613230412,-6.8537443854714661],[115.45191621614613,-6.8537534040190087],[115.45192523965625,-6.8537533202229568],[115.45192532349854,-6.8537623387703821],[115.45193434700873,-6.8537622549740513],[115.45193426316628,-6.8537532364267353],[115.45194328667615,-6.8537531526303477],[115.45194337051879,-6.8537621711775509],[115.4519704410483,-6.8537619197870399],[115.45197035720517,-6.8537529012401697],[115.45197938071462,-6.853752817443107],[115.45197963224491,-6.8537798730833712],[115.45198865575475,-6.853779789285805],[115.45198882344249,-6.8537978263790684],[115.45200687046251,-6.8537976587829883],[115.45200678661823,-6.8537886402365809],[115.4520158101279,-6.8537885564383982],[115.4520159778169,-6.8538065935309866],[115.45202500132679,-6.8538065097324123],[115.4520250851716,-6.8538155282785889],[115.45203410868156,-6.8538154444797357],[115.45203436021725,-6.8538425001179206],[115.45204338372758,-6.8538424163185647],[115.45204355141895,-6.8538604534104142],[115.45203452790828,-6.8538605372099912],[115.45203469559975,-6.8538785743020645],[115.4520798131537,-6.8538781553013788],[115.45207956161413,-6.8538510996649338],[115.45209760863391,-6.8538509320641472],[115.45209752478729,-6.8538419135188962],[115.45211557180623,-6.8538417459176584],[115.45211565565322,-6.8538507644626874],[115.45212467916271,-6.8538506806617043],[115.45212476300998,-6.8538596992066347],[115.45213378651952,-6.8538596154053719],[115.45213387036706,-6.8538686339501851],[115.45214289387667,-6.8538685501486434],[115.45214297772448,-6.8538775686933411],[115.45212493070483,-6.8538777362964796],[115.45212501455241,-6.8538867548414126],[115.45211599104225,-6.8538868386428415],[115.45211607488979,-6.8538958571878483],[115.45216119244031,-6.8538954381784682],[115.45216127628882,-6.8539044567229297],[115.45217029979878,-6.8539043729204367],[115.45217021595012,-6.8538953543760845],[115.45217923945977,-6.8538952705735348],[115.45217907176243,-6.8538772334850426],[115.45217004825314,-6.8538773172873704],[115.45216979670849,-6.853850261654264],[115.45216077319954,-6.8538503454560891],[115.45216060550403,-6.8538323083671058],[115.45216962901264,-6.8538322245655046],[115.45216954516488,-6.8538232060211168],[115.45219661568946,-6.853822954615632],[115.45219653184131,-6.8538139360715746],[115.45220555534911,-6.8538138522695213],[115.4522054715009,-6.8538048337255715],[115.45222351851584,-6.8538046661211807],[115.4522234346674,-6.8537956475774484],[115.45224148168154,-6.8537954799726055],[115.4522415655303,-6.8538044985161148],[115.45223254202313,-6.853804582318733],[115.45223262587183,-6.853813600862348],[115.45225067288642,-6.8538134332567235],[115.45225058903739,-6.8538044147133297],[115.45227765955789,-6.8538041633039626],[115.45227782725712,-6.8538222003900788],[115.45233196829717,-6.8538216975654613],[115.45233205214794,-6.8538307161078444],[115.45237716967905,-6.8538302970821388],[115.45237733738266,-6.8538483341657797],[115.45239538439499,-6.8538481665538731],[115.45239546824729,-6.8538571850954639],[115.45240449175346,-6.8538571012891474],[115.4524048271645,-6.8538931754550223],[115.45239580365767,-6.8538932592617829],[115.45239597136353,-6.8539112963449176],[115.45238694785624,-6.8539113801517342],[115.45238719941537,-6.853938435776735],[115.45237817590748,-6.8539385195837177],[115.4523783436138,-6.8539565566672511],[115.45236932010545,-6.853956640474288],[115.45236965551875,-6.8539927146417501],[115.45236063200963,-6.8539927984490623],[115.45236088357029,-6.8540198540749468],[115.45236990707994,-6.8540197702672998],[115.45236982322609,-6.854010751725454],[115.45239689375389,-6.854010500301837],[115.45239706146268,-6.8540285373848571],[115.45240608497203,-6.8540284535764249],[115.45240616882676,-6.8540374721178168],[115.45241519233618,-6.8540373883091048],[115.4524152761912,-6.8540464068503981],[115.45247844075516,-6.8540458201839192],[115.45247835689894,-6.8540368016434057],[115.45248738040745,-6.8540367178333454],[115.45248721269505,-6.8540186807525609],[115.45253233023425,-6.8540182617008485],[115.45253224637737,-6.8540092431610065],[115.45256834040603,-6.8540089079170485],[115.45256842426357,-6.8540179264564447],[115.45258647127756,-6.8540177588332334],[115.45258638741967,-6.8540087402940593],[115.4526224814456,-6.8540084050460566],[115.45262256530415,-6.8540174235847857],[115.45264963582291,-6.8540171721466816],[115.45264955196384,-6.8540081536082873],[115.45267662248112,-6.8540079021689984],[115.45267653862166,-6.8539988836309327],[115.45270360913739,-6.8539986321904625],[115.45270352527753,-6.8539896136527272],[115.45272157228712,-6.8539894460251274],[115.4527216561473,-6.8539984645626415],[115.45273067965209,-6.853998380748477],[115.45273076351256,-6.8540073992858765],[115.45274881052214,-6.8540072316568201],[115.45274864280066,-6.8539891945824651],[115.45273961929624,-6.8539892783968535],[115.45273953543582,-6.8539802598595587],[115.45271246492247,-6.8539805113013816],[115.45271221334342,-6.8539534556884663],[115.45273026035146,-6.8539532880614207],[115.45273042807136,-6.8539713251362562],[115.4527484750796,-6.8539711575080915],[115.45274839121923,-6.853962138970898],[115.45275741472301,-6.853962055156674],[115.45275749858352,-6.8539710736937565],[115.45276652208737,-6.8539709898792527],[115.45276660594817,-6.8539800084162179],[115.45277562945208,-6.8539799246014343],[115.45277571331314,-6.853988943138285],[115.45279376032093,-6.8539887755079896],[115.4527935925982,-6.8539707384347288],[115.45280261610156,-6.8539706546195509],[115.45280253224021,-6.8539616360830262],[115.45281155574332,-6.8539615522677915],[115.45281138802059,-6.8539435151949499],[115.45278431751193,-6.8539437666394809],[115.45278423365126,-6.8539347481027209],[115.45281130415938,-6.8539344966585221],[115.45281138802059,-6.8539435151949499],[115.45282041152322,-6.8539434313797685],[115.45282057924628,-6.853961468452388],[115.45282960274916,-6.8539613846368148],[115.4528295188874,-6.8539523661006196],[115.45283854239001,-6.8539522822849896],[115.45283862625192,-6.8539613008210747],[115.45293788477483,-6.853960378836808],[115.45293780091104,-6.8539513603019477],[115.45294682441228,-6.8539512764842971],[115.45294665668472,-6.8539332394147854],[115.45295568018551,-6.8539331555971881],[115.45295551245806,-6.8539151185278824],[115.45294648895759,-6.8539152023452576],[115.45294632123094,-6.8538971652757104],[115.45295534473108,-6.853897081458558],[115.45295526086774,-6.8538880629238896],[115.45296428436758,-6.8538879791066813],[115.45296436823106,-6.8538969976412387],[115.45297339173095,-6.8538969138237498],[115.45297347559475,-6.8539059323581917],[115.45298249909467,-6.8539058485404221],[115.45298241523074,-6.8538968300060921],[115.45300948572935,-6.85389657855211],[115.45300940186503,-6.8538875600181077],[115.45301842536419,-6.8538874761998887],[115.45301834149979,-6.8538784576660117],[115.45303638849741,-6.8538782900292885],[115.45303647236213,-6.8538873085629426],[115.45306354285823,-6.8538870571062613],[115.45306345899299,-6.8538780385729412],[115.45307248249132,-6.8538779547538224],[115.45307256635672,-6.8538869732870298],[115.45310866034947,-6.8538866380084222],[115.45310874421567,-6.853895656541197],[115.45313581470958,-6.8538954050801388],[115.45313589857639,-6.8539044236125761],[115.45315394557208,-6.8539042559708045],[115.45315402943933,-6.8539132745030154],[115.45313598244331,-6.8539134421450099],[115.45313606631034,-6.8539224606774205],[115.45312704281199,-6.8539225444982783],[115.45312695894511,-6.853913525965754],[115.45308184145247,-6.8539139450669486],[115.45308200918464,-6.8539319821331377],[115.45304591518715,-6.8539323174119504],[115.45304608291841,-6.8539503544790126],[115.45302803591832,-6.853950522117854],[115.4530281197838,-6.8539595406516005],[115.45301007278289,-6.8539597082899899],[115.45301015664813,-6.8539687268239566],[115.45295601564176,-6.853969229735748],[115.4529560995061,-6.8539782482703764],[115.45294707600446,-6.8539783320885297],[115.45294699214028,-6.8539693135537902],[115.45292894513703,-6.8539694811893686],[115.45292928059308,-6.8540055553291932],[115.45292025709058,-6.8540056391471751],[115.45292034095471,-6.8540146576822325],[115.45291131745195,-6.8540147415001567],[115.45291140131603,-6.8540237600353198],[115.45292042481894,-6.8540236762172846],[115.45292050868329,-6.8540326947523322],[115.45291148518021,-6.8540327785704793],[115.45291156904449,-6.8540417971056504],[115.45290254554112,-6.8540418809237407],[115.45290271326971,-6.8540599179942427],[115.45292076027701,-6.8540597503574494],[115.45292084414181,-6.8540687688924784],[115.45288475012609,-6.8540691041658386],[115.45288458239796,-6.8540510670948827],[115.45286653539007,-6.8540512347301066],[115.45286661925374,-6.8540602532658088],[115.4528756427579,-6.8540601694481706],[115.45287572662185,-6.8540691879837565],[115.45286670311752,-6.8540692718015066],[115.45286678698145,-6.8540782903372008],[115.45284873997208,-6.8540784579724177],[115.45284865610851,-6.8540694394365023],[115.45283963260385,-6.8540695232537461],[115.4528394648774,-6.8540514861816781],[115.45282141786841,-6.8540516538152172],[115.45282133400568,-6.8540426352789714],[115.45281231050119,-6.8540427190953759],[115.45281222663874,-6.85403370055898],[115.45280320313429,-6.8540337843751056],[115.45280303541008,-6.8540157473021122],[115.45284815292952,-6.8540153282209122],[115.45284798520407,-6.8539972911490148],[115.45282993819731,-6.8539974587815546],[115.45282985433511,-6.8539884402453763],[115.45279376032093,-6.8539887755079896],[115.45279392804412,-6.8540068125812317],[115.45275783402676,-6.8540071478420392],[115.45275791788784,-6.8540161663791004],[115.45276694139253,-6.8540160825640388],[115.45276702525391,-6.8540251011009827],[115.45277604875862,-6.8540250172856441],[115.45277613262027,-6.8540340358224716],[115.45278515612505,-6.8540339520068514],[115.45278532384903,-6.8540519890802729],[115.45279434735404,-6.854051905264261],[115.45279443121638,-6.8540609238008532],[115.45280345472145,-6.8540608399845633],[115.45280353858405,-6.8540698585210409],[115.45282158559419,-6.854069690887731],[115.45282166945725,-6.8540787094239812],[115.45283069296229,-6.8540786256069612],[115.45283077682564,-6.854087644143112],[115.45284882383575,-6.8540874765083464],[115.45284890769955,-6.8540964950442369],[115.45290304872823,-6.8540959921352265],[115.45290313259315,-6.8541050106704624],[115.45292117960214,-6.8541048430325544],[115.4529212634675,-6.8541138615675621],[115.4529393104764,-6.8541136939287579],[115.4529392266107,-6.8541046753939732],[115.45294825011477,-6.8541045915744307],[115.45294816624902,-6.8540955730397517],[115.45298426026363,-6.8540952377603377],[115.45298417639731,-6.8540862192261178],[115.45302027040944,-6.8540858839444532],[115.45302035427643,-6.8540949024782289],[115.45303840128213,-6.8540947348361634],[115.45303831741479,-6.8540857163026105],[115.45315562293878,-6.8540846266142017],[115.4531557068083,-6.8540936451463077],[115.45317375381065,-6.8540934774991884],[115.45317383768059,-6.8541024960310839],[115.45318286118177,-6.8541024122071592],[115.45318294505203,-6.8541114307389401],[115.45320099205433,-6.8541112630903624],[115.45320107592507,-6.854120281621916],[115.45321009942622,-6.854120197797263],[115.45321018329722,-6.8541292163286842],[115.45321920679842,-6.8541291325037514],[115.45321929066969,-6.8541381510350892],[115.45323733767214,-6.8541379833844971],[115.45323750541567,-6.8541560204466823],[115.45324652891703,-6.8541559366209102],[115.45324661278916,-6.8541649551518864],[115.45325563629061,-6.8541648713258336],[115.45325572016301,-6.8541738898566926],[115.45326474366449,-6.854173806030361],[115.45326524690223,-6.8542279172147529],[115.45327427040462,-6.8542278333875846],[115.45327435427814,-6.8542368519181913],[115.45328337778061,-6.8542367680907441],[115.45328354552831,-6.8542548051517196],[115.45329256903098,-6.8542547213238798],[115.45329265290519,-6.8542637398542485],[115.45328362940235,-6.8542638236821984],[115.45328379715073,-6.8542818607431482],[115.4532928206539,-6.8542817769149753],[115.45329290452844,-6.8542907954453147],[115.45330192803171,-6.8542907116168639],[115.45330209578144,-6.8543087486773553],[115.4533111192849,-6.8543086648485128],[115.45331137091087,-6.8543357204388435],[115.45332039441472,-6.8543356366094983],[115.45332047829042,-6.8543446551395109],[115.45336559580885,-6.8543442359896973],[115.45336551193228,-6.8543352174602408],[115.45337453543546,-6.8543351336298839],[115.45337487094307,-6.8543712077471861],[115.45338389444679,-6.8543711239162155],[115.4533842299569,-6.8544071980329866],[115.45340227696536,-6.8544070303696483],[115.4534023608435,-6.8544160488986074],[115.45341138434773,-6.8544159650665746],[115.45341096495733,-6.8543708724222929],[115.45340194145393,-6.8543709562537689],[115.45340160594429,-6.8543348821378016],[115.4533925824415,-6.8543349659686639],[115.45339249856454,-6.8543259474395715],[115.45338347506173,-6.8543260312701539],[115.45338313955573,-6.8542899571532079],[115.45337411605351,-6.8542900409831775],[115.45337403217744,-6.8542810224538391],[115.45336500867528,-6.8542811062835289],[115.45336484092385,-6.8542630692245838],[115.45334679391988,-6.8542632368830105],[115.45334671004467,-6.8542542183533097],[115.45333768654265,-6.8542543021821594],[115.45333743491821,-6.8542272465926937],[115.45332841141662,-6.8542273304210406],[115.45332824366788,-6.8542092933611531],[115.45333726716915,-6.8542092095330283],[115.45333718329479,-6.8542001910031898],[115.45335523029667,-6.8542000233466558],[115.45335514642208,-6.8541910048170358],[115.4533822169235,-6.8541907533313076],[115.45338213304851,-6.8541817348020162],[115.45339115654862,-6.8541816509732145],[115.45339107267358,-6.8541726324440297],[115.45340911967307,-6.8541724647861439],[115.45340920354842,-6.8541814833151067],[115.45340018004858,-6.8541815671442441],[115.45340026392388,-6.8541905856733134],[115.4533822169235,-6.8541907533313076],[115.4533823846738,-6.8542087903898778],[115.45339140817438,-6.8542087065607431],[115.45339182755293,-6.8542537992065329],[115.45340085105427,-6.8542537153766734],[115.45340093493049,-6.8542627339057063],[115.45339191142901,-6.8542628177356777],[115.45339182755293,-6.8542537992065329],[115.45337378054997,-6.8542539668657492],[115.4533739483015,-6.8542720039244802],[115.45339199530517,-6.8542718362648198],[115.45339207918146,-6.8542808547939558],[115.45340110268327,-6.8542807709637614],[115.45340118655982,-6.8542897894927641],[115.45341923356348,-6.8542896218316471],[115.45341931744048,-6.854298640360458],[115.4534283409423,-6.8542985565295345],[115.45342825706511,-6.8542895380008355],[115.45343728056665,-6.8542894541698569],[115.45343719668942,-6.8542804356412974],[115.45345524369182,-6.8542802679790551],[115.45345515981437,-6.8542712494506972],[115.45347320681599,-6.8542710817880037],[115.45347303906074,-6.8542530447317214],[115.45348206256102,-6.854252960900344],[115.45348155929699,-6.8541988497320609],[115.45349058279616,-6.8541987659011836],[115.45349049891905,-6.8541897473732316],[115.45349952241794,-6.8541896635422965],[115.45349943854077,-6.854180645014452],[115.45349041504205,-6.8541807288452761],[115.45349033116518,-6.8541717103173161],[115.4534722841677,-6.854171877978235],[115.4534725357977,-6.8541989335627695],[115.45345448879877,-6.8541991012236831],[115.45345432104601,-6.8541810641668848],[115.45342725054779,-6.8541813156563229],[115.45342716667209,-6.854172297127584],[115.45341814317264,-6.8541723809569488],[115.45341797542189,-6.8541543438992338],[115.453426998921,-6.854154260070092],[115.45342674729524,-6.8541272044838042],[115.45344479429215,-6.854127036825683],[115.45344471041678,-6.8541180182971564],[115.45347178091077,-6.8541177668090469],[115.45347186478664,-6.854126785337237],[115.45348088828459,-6.8541267015074183],[115.45348097216072,-6.8541357200355293],[115.45349901915662,-6.8541355523751628],[115.45349885140377,-6.8541175153194178],[115.4535168983985,-6.8541173476588231],[115.45351723390607,-6.854153421769408],[115.45352625740394,-6.8541533379384125],[115.4535264251587,-6.854171374993455],[115.45353544865684,-6.8541712911620687],[115.45353561641241,-6.8541893282168722],[115.45354463991072,-6.8541892443850942],[115.45354472378887,-6.8541982629123774],[115.45356277078552,-6.854198095248095],[115.45356268690705,-6.8541890767210338],[115.45358975740069,-6.8541888252236802],[115.45358984127965,-6.8541978437504065],[115.45356277078552,-6.854198095248095],[115.4535628546641,-6.8542071137751517],[115.45357187816241,-6.8542070299426463],[115.45357204592025,-6.8542250669965226],[115.45359911641557,-6.8542248154973278],[115.4535990325361,-6.8542157969707249],[115.45360805603413,-6.8542157131374335],[115.45360813991378,-6.8542247316639244],[115.45362618690989,-6.8542245639966142],[115.4536261030299,-6.8542155454703462],[115.45363512652759,-6.8542154616365494],[115.45363487488783,-6.8541884060580527],[115.4536529218819,-6.8541882383906225],[115.45365300576204,-6.8541972569165699],[115.45367105275599,-6.8541970892482427],[115.45367113663659,-6.8542061077739636],[115.45368016013356,-6.8542060239394358],[115.45368007625279,-6.8541970054138268],[115.45368909974947,-6.8541969215792422],[115.45368901586865,-6.8541879030537389],[115.45367999237213,-6.8541879868882134],[115.45367990849159,-6.8541789683625955],[115.45367088499515,-6.8541790521967894],[115.45367080111485,-6.8541700336710552],[115.45367982461116,-6.8541699498369724],[115.45367990849159,-6.8541789683625955]],[[115.45383322403096,-6.8541685246317936],[115.45379713005275,-6.8541688599785697],[115.45379704617025,-6.8541598414543898],[115.45378802267558,-6.854159925290551],[115.45378777102925,-6.8541328697176516],[115.45379679452341,-6.8541327858818244],[115.45379671064134,-6.8541237673576108],[115.45377866365327,-6.8541239350288743],[115.45377857977165,-6.854114916504467],[115.45380565025313,-6.8541146649976525],[115.45380539860747,-6.8540876094253553],[115.45381442210055,-6.8540875255897475],[115.45381433821872,-6.8540785070657675],[115.45383238520424,-6.8540783393942704],[115.45383230132217,-6.8540693208704742],[115.45384132481456,-6.8540692370345839],[115.45384115705046,-6.8540511999872367],[115.45385018054243,-6.8540511161514006],[115.45385009666036,-6.8540420976278318],[115.45385912015205,-6.854042013791938],[115.45385878462432,-6.8540059396980642],[115.45386780811519,-6.8540058558624484],[115.45386772423339,-6.8539968373390794],[115.4538857712145,-6.8539966696675618],[115.45388568733246,-6.8539876511444122],[115.45389471082264,-6.8539875673085131],[115.45389479470487,-6.8539965858315508],[115.45390381819516,-6.853996501995371],[115.45390415372582,-6.8540325760870546],[115.45387708325265,-6.8540328275964226],[115.45387716713508,-6.8540418461196451],[115.45389521411764,-6.8540416784466789],[115.45389571741667,-6.8540957895846848],[115.45390474090883,-6.8540957057472811],[115.4539049925604,-6.8541227613158755],[115.45391401605289,-6.8541226774779673],[115.45391409993715,-6.854131696000735],[115.45390507644447,-6.8541317798387533],[115.45390516032865,-6.8541407983616089],[115.45389613683565,-6.8541408821995704],[115.45389638848842,-6.8541679377684481],[115.45388736499483,-6.8541680216065757],[115.45388728111065,-6.8541590030835087],[115.45383314014776,-6.8541595061080596],[115.45383322403096,-6.8541685246317936]],[[115.45317299898598,-6.8540123107119273],[115.45318202248546,-6.8540122268891164],[115.45318185474756,-6.8539941898254542],[115.45316380774915,-6.8539943574704632],[115.45316364001236,-6.85397632040634],[115.45317266351128,-6.8539762365841419],[115.45317274737978,-6.8539852551160942],[115.45318177087877,-6.8539851712936182],[115.45318168701009,-6.8539761527617751],[115.45319071050878,-6.8539760689392404],[115.45319045890294,-6.8539490133440237],[115.453199482401,-6.853948929521656],[115.45319965013844,-6.853966966584915],[115.45320867363675,-6.8539668827621538],[115.45320875750582,-6.8539759012936665],[115.45321778100417,-6.8539758174706273],[115.45321786487352,-6.8539848360020228],[115.45323591187022,-6.8539846683552152],[115.45323582800056,-6.8539756498240409],[115.45324485149855,-6.8539755660004955],[115.4532449353684,-6.8539845845315579],[115.45326298236444,-6.8539844168837405],[115.45326306623474,-6.8539934354145746],[115.45327208973274,-6.8539933515903027],[115.45327200586227,-6.8539843330595778],[115.45330809985252,-6.8539839977612438],[115.45330784823975,-6.8539569421703801],[115.45332589523321,-6.8539567745208698],[115.45332648233358,-6.8540199042312651],[115.4533174588357,-6.8540199880568826],[115.4533175427075,-6.8540290065870328],[115.45330851920936,-6.8540290904125936],[115.45330860308107,-6.8540381089428681],[115.45329957958269,-6.854038192768372],[115.45329966345433,-6.8540472112987194],[115.45327259295794,-6.8540474627745542],[115.45327250908679,-6.8540384442438729],[115.45326348558793,-6.8540385280687026],[115.45326356945893,-6.854047546599495],[115.45323649896116,-6.8540477980733092],[115.4532364150907,-6.854038779542182],[115.45320934459245,-6.8540390310141461],[115.4532092607226,-6.8540300124826476],[115.4532002372231,-6.8540300963061869],[115.45320032109279,-6.8540391148377955],[115.45318227409318,-6.8540392824845915],[115.4531821063546,-6.8540212454209408],[115.45317308285492,-6.8540213292438628],[115.45317299898598,-6.8540123107119273],[115.45316397548638,-6.8540123945345695],[115.45316389161772,-6.8540033760025194],[115.45317291511712,-6.8540032921799874],[115.45317299898598,-6.8540123107119273]],[[115.45318143540476,-6.8539490971662245],[115.45316338840804,-6.8539492648101188],[115.45316313680475,-6.8539222092138443],[115.45317216030264,-6.853922125392315],[115.45317207643492,-6.8539131068603467],[115.45318109993256,-6.8539130230387606],[115.45318143540476,-6.8539490971662245]],[[115.45331645238335,-6.8539117656947397],[115.45332547587918,-6.8539116818704571],[115.45332530813836,-6.8538936448102614],[115.45334335512898,-6.8538934771616358],[115.45334318738796,-6.8538754401018842],[115.453334163893,-6.8538755239260576],[115.45333408002283,-6.8538665053960388],[115.4533431035176,-6.8538664215719765],[115.45334293577723,-6.8538483845121814],[115.45335195927153,-6.8538483006881714],[115.45335153992177,-6.8538032080391655],[115.45336056341507,-6.8538031242155437],[115.45336006019808,-6.8537490130372563],[115.45336908369032,-6.8537489292141363],[115.45336891595188,-6.8537308921548945],[115.45337793944363,-6.8537308083318269],[115.45337785557442,-6.8537217898023108],[115.45342297303071,-6.8537213706850055],[115.45342305690077,-6.8537303892139629],[115.45346817435509,-6.8537299700918881],[115.45346825822612,-6.853738988620286],[115.45347728171679,-6.8537389047952528],[115.45347770107441,-6.853783997436623],[115.45348672456583,-6.853783913610866],[115.45348722779971,-6.8538380247796962],[115.45349625129204,-6.8538379409531025],[115.45349650291101,-6.8538649965371246],[115.45348747941817,-6.8538650803640522],[115.45348764716439,-6.8538831174202661],[115.45349667065753,-6.8538830335931165],[115.45349683840455,-6.8539010706490924],[115.45346976792371,-6.8539013221307048],[115.45346968405065,-6.8538923036023851],[115.45341554308695,-6.8538928065603928],[115.45341562695899,-6.8539018250893804],[115.45338855647509,-6.8539020765664436],[115.45338864034673,-6.8539110950957598],[115.45337961685171,-6.8539111789212228],[115.45337978459497,-6.853929215980064],[115.45336173760391,-6.8539293836309296],[115.4533618214754,-6.8539384021605674],[115.45334377448357,-6.85393856981098],[115.45334385835481,-6.8539475883408345],[115.45333483485852,-6.8539476721659005],[115.45333466711648,-6.8539296351059615],[115.45332564362045,-6.8539297189306359],[115.45332555974974,-6.8539207004005309],[115.45331653625375,-6.8539207842249255],[115.45331645238335,-6.8539117656947397]],[[115.45269307617525,-6.8538363823222044],[115.45268405267306,-6.8538364661336919],[115.45268413653065,-6.8538454846717087],[115.45267511302816,-6.8538455684831376],[115.45267502917076,-6.8538365499450098],[115.45266600566831,-6.8538366337561589],[115.45266592181115,-6.853827615217881],[115.45269299231762,-6.8538273637842613],[115.45269307617525,-6.8538363823222044]],[[115.45207011887454,-6.853806090737022],[115.45206109536521,-6.8538061745364365],[115.45206092767454,-6.8537881374449618],[115.45206995118353,-6.8537880536457694],[115.45207011887454,-6.853806090737022]],[[115.45211515257307,-6.85379665319235],[115.45213319958994,-6.853796485591551],[115.45213328343668,-6.8538055041363952],[115.45214230694512,-6.8538054203356324],[115.45214247463927,-6.8538234574250856],[115.45215149814791,-6.853823373623932],[115.45215166584289,-6.8538414107131622],[115.4521426423339,-6.8538414945145387],[115.45214272618138,-6.8538505130592329],[115.45213370267209,-6.8538505968605534],[115.45213345113052,-6.8538235412260713],[115.45211540411263,-6.8538237088275382],[115.45211515257307,-6.85379665319235]],[[115.45209668632715,-6.8537517280659586],[115.45208766281915,-6.8537518118652123],[115.45208757897393,-6.8537427933197845],[115.45209660248175,-6.8537427095206427],[115.45209668632715,-6.8537517280659586]],[[115.45197912918536,-6.8537257618027869],[115.45197010567639,-6.8537258455995174],[115.45197027336214,-6.853743882693295],[115.45194320283363,-6.8537441340831391],[115.45194286746465,-6.853708059894263],[115.45195189097359,-6.8537079760982627],[115.45195180713145,-6.8536989575511438],[115.45196985414866,-6.853698789958858],[115.45197002183372,-6.8537168270526463],[115.4519790453425,-6.8537167432560278],[115.45197912918536,-6.8537257618027869],[115.45200619971149,-6.8537255104115902],[115.45200628355498,-6.8537345289580456],[115.4519972600462,-6.8537346127553906],[115.45199734388962,-6.8537436313019358],[115.45197929687143,-6.8537437988963434],[115.45197912918536,-6.8537257618027869]],[[115.45191588077873,-6.8537173298288145],[115.45189783375947,-6.8537174974195212],[115.45189791760083,-6.8537265159672831],[115.45188889409087,-6.8537265997624957],[115.45188897793217,-6.853735618310397],[115.45187995442191,-6.8537357021055518],[115.45187987058078,-6.8537266835575394],[115.45187084707062,-6.8537267673524145],[115.45187076322978,-6.8537177488043204],[115.45187978673978,-6.8537176650095564],[115.45187961905812,-6.8536996279135423],[115.45188864256767,-6.8536995441188315],[115.45188872640864,-6.8537085626667302],[115.45190677342774,-6.8537083950765814],[115.45190668958647,-6.8536993765289074],[115.45191571309569,-6.8536992927336913],[115.45191588077873,-6.8537173298288145]],[[115.4517446855935,-6.8537459775623235],[115.45173566208129,-6.8537460613548946],[115.45173557824276,-6.8537370428051219],[115.45172655473058,-6.8537371265974132],[115.45172638705419,-6.8537190894976341],[115.45171736354224,-6.8537191732895337],[115.4517172797044,-6.8537101547395256],[115.4517353267278,-6.8537099871557805],[115.45173524288973,-6.8537009686059909],[115.4517623134235,-6.8537007172294429],[115.45176239726209,-6.8537097357788976],[115.45175337375078,-6.8537098195713604],[115.45175345758933,-6.8537188381209235],[115.45174443407772,-6.8537189219133294],[115.4517446855935,-6.8537459775623235]],[[115.45155510797814,-6.8537387186189287],[115.45154608446373,-6.8537388024078503],[115.45154616829872,-6.8537478209599598],[115.45150105072409,-6.8537482399025942],[115.45150096688994,-6.8537392213499295],[115.45149194337482,-6.8537393051378395],[115.45149185954094,-6.8537302865850416],[115.45148283602592,-6.8537303703726735],[115.45148266835886,-6.8537123332668921],[115.45150973890263,-6.8537120819041624],[115.45150999040492,-6.8537391375618508],[115.45152803743454,-6.8537389699851881],[115.45152778593125,-6.8537119143281666],[115.45153680944537,-6.8537118305399174],[115.45153689327987,-6.8537208490921504],[115.45154591679406,-6.8537207653036196],[115.45154600062884,-6.8537297838557203],[115.45155502414306,-6.8537297000669124],[115.45155510797814,-6.8537387186189287]],[[115.45170859154396,-6.8537463127315954],[115.45171761505652,-6.8537462289395306],[115.45171778273325,-6.8537642660395068],[115.45170875922037,-6.8537643498317937],[115.45170859154396,-6.8537463127315954]],[[115.45141115089737,-6.8537851519902935],[115.45140212738032,-6.8537852357770754],[115.45140221121319,-6.8537942543309427],[115.45139318769583,-6.8537943381176669],[115.45139327152864,-6.8538033566716408],[115.45138424801102,-6.8538034404583081],[115.45138433184378,-6.8538124590123894],[115.45137530832585,-6.8538125427989991],[115.45137505682843,-6.8537854871364097],[115.45139310386313,-6.8537853195636886],[115.45139302003055,-6.853776301009689],[115.45140204354756,-6.8537762172231877],[115.45140187588241,-6.8537581801154479],[115.45139285236573,-6.853758263901728],[115.45139276853348,-6.853749245347732],[115.45141081556638,-6.8537490777752268],[115.45141115089737,-6.8537851519902935]],[[115.4517631518145,-6.8537909027238015],[115.45177217532721,-6.8537908189301682],[115.45177225916711,-6.8537998374794693],[115.45178128267987,-6.8537997536855571],[115.45178145036031,-6.8538177907839213],[115.45180852089898,-6.8538175394005059],[115.4518086047399,-6.8538265579493478],[115.45179055771389,-6.8538267255386831],[115.45179064155457,-6.8538357440877435],[115.45176357101424,-6.8538359954708161],[115.4517631518145,-6.8537909027238015]],[[115.45163715797472,-6.8538281500208189],[115.45162813445963,-6.8538282338123677],[115.45162821829726,-6.8538372523634319],[115.45161017126641,-6.8538374199462488],[115.45161000359191,-6.8538193828436729],[115.45161902710706,-6.8538192990525726],[115.45161894326982,-6.8538102805013876],[115.45162796678467,-6.8538101967102287],[115.45162805062208,-6.8538192152613009],[115.45163707413703,-6.8538191314698613],[115.45163715797472,-6.8538281500208189]],[[115.45157407720336,-6.8538377551098622],[115.4515831007193,-6.8538376713192122],[115.45158318455621,-6.8538466898708448],[115.4515651375239,-6.8538468574521998],[115.45156505368733,-6.8538378389003451],[115.45154700665489,-6.8538380064808031],[115.45154692281878,-6.8538289879287388],[115.45153789930254,-6.8538290717186063],[115.45153806697456,-6.8538471088229684],[115.45152904345791,-6.8538471926128883],[115.45152929496631,-6.8538742482696948],[115.45151124793161,-6.8538744158496954],[115.45151133176763,-6.8538834344021833],[115.45150230824997,-6.853883518192041],[115.45150222441411,-6.8538744996394421],[115.45144808330666,-6.8538750023743908],[115.45144783180282,-6.8538479467145814],[115.45145685532054,-6.8538478629261785],[115.45145677148598,-6.8538388443729881],[115.45148384203783,-6.8538385930071017],[115.4514837582029,-6.8538295744542586],[115.45149278171976,-6.8538294906654036],[115.45149269788477,-6.853820472112667],[115.45148367436805,-6.85382055590141],[115.45148359053334,-6.8538115373485571],[115.45149261404988,-6.8538114535599259],[115.45149253021509,-6.8538024350071822],[115.45151057724756,-6.8538022674296339],[115.45151074491787,-6.8538203045346755],[115.45155586249868,-6.8538198855867485],[115.45155594633486,-6.8538289041387053],[115.45156496985086,-6.853828820348502],[115.45156488601451,-6.8538198017966554],[115.45157390953023,-6.8538197180063971],[115.45157407720336,-6.8538377551098622]],[[115.45153831848346,-6.8538741644794401],[115.45157441255103,-6.8538738293167416],[115.45157432871395,-6.8538648107650282],[115.45158335223037,-6.8538647269740443],[115.45158360374248,-6.8538917826288541],[115.45156555670849,-6.853891950211322],[115.45156564054575,-6.8539009687631172],[115.45154759351095,-6.853901136345133],[115.45154742583722,-6.8538830992410613],[115.45153840231998,-6.8538831830315941],[115.45153831848346,-6.8538741644794401]],[[115.45144841864669,-6.8539110765874307],[115.45146646568431,-6.8539109090089001],[115.45146654951994,-6.8539199275619254],[115.45147557303875,-6.8539198437722941],[115.45147565687466,-6.8539288623252057],[115.45148468039351,-6.8539287785352956],[115.45148442888562,-6.8539017228768842],[115.45149345240385,-6.8539016390871392],[115.45149336856797,-6.853892620534455],[115.45151141560376,-6.8538924529546827],[115.45151158327636,-6.8539104900596195],[115.45152963031238,-6.853910322478729],[115.45153004949756,-6.8539554152399216],[115.45150297894081,-6.8539556666126762],[115.45150306277769,-6.8539646851652334],[115.45148501573895,-6.8539648527464498],[115.45148493190243,-6.8539558341936688],[115.45147590838306,-6.853955917983912],[115.4514760760559,-6.8539739550896934],[115.45148509957559,-6.8539738712992273],[115.45148518341234,-6.8539828898520003],[115.45146713637249,-6.8539830574329885],[115.45146688486358,-6.8539560017739873],[115.45144883782427,-6.8539561693536326],[115.45144875398852,-6.8539471508004004],[115.45143973046889,-6.8539472345898584],[115.45143964663342,-6.8539382160364948],[115.45144867015289,-6.8539381322471478],[115.45144841864669,-6.8539110765874307],[115.45143939512772,-6.8539111603764447],[115.45143931129273,-6.8539021418230801],[115.45143028777382,-6.8539022256118134],[115.4514304554436,-6.853920262718761],[115.45141240840475,-6.8539204302961672],[115.45141232457014,-6.853911411742474],[115.45140330105072,-6.853911495530812],[115.45140313338216,-6.8538934584232054],[115.45141215690124,-6.8538933746350885],[115.45141207306696,-6.8538843560813651],[115.45143012010446,-6.853884188504848],[115.45143020393907,-6.8538932070583494],[115.45143922745784,-6.8538931232697271],[115.45143931129273,-6.8539021418230801],[115.45144833481152,-6.8539020580341763],[115.45144841864669,-6.8539110765874307]],[[115.4515302171724,-6.8539734523443689],[115.45155728772914,-6.8539732009694321],[115.45155737156725,-6.8539822195213143],[115.45156639508612,-6.8539821357292201],[115.45156647892449,-6.8539911542809877],[115.45155745540548,-6.8539912380731938],[115.45155753924381,-6.8540002566250671],[115.45153046868553,-6.8540005080010058],[115.45153038484771,-6.8539914894487985],[115.45152136132823,-6.8539915732403296],[115.4515212774907,-6.853982554688006],[115.45153030101,-6.853982470896586],[115.4515302171724,-6.8539734523443689]],[[115.45158444212346,-6.8539819681445264],[115.45159346564199,-6.8539818843519269],[115.45159354948088,-6.8539909029033614],[115.45158452596219,-6.8539909866960711],[115.45158444212346,-6.8539819681445264]],[[115.45142210260654,-6.8539924949360529],[115.45137698500126,-6.8539929138819149],[115.45137690116641,-6.8539838953278105],[115.45138592468754,-6.8539838115390852],[115.45138575701786,-6.8539657744310878],[115.45142185109984,-6.8539654392753979],[115.45142193493528,-6.8539744578289534],[115.45143095845567,-6.8539743740394972],[115.45143104229143,-6.8539833925929381],[115.45142201877086,-6.8539834763825045],[115.45142210260654,-6.8539924949360529]],[[115.45132259237005,-6.8539663609470605],[115.45131356884848,-6.8539664447343824],[115.45131365268192,-6.8539754632892746],[115.45130462916006,-6.8539755470765389],[115.45130471299345,-6.8539845656315368],[115.45128666594906,-6.8539847332057837],[115.45128649828308,-6.8539666960953376],[115.45126845123895,-6.8539668636684654],[115.45126811590971,-6.853930789446629],[115.45129518647373,-6.8539305380880204],[115.45129527030639,-6.8539395566431356],[115.45130429382766,-6.8539394728564842],[115.45130437766059,-6.8539484914115176],[115.45131340118195,-6.8539484076245856],[115.45131348501516,-6.8539574261794858],[115.45132250853655,-6.8539573423922766],[115.45132259237005,-6.8539663609470605]],[[115.45141265990928,-6.8539474859572227],[115.4514125760743,-6.853938467403526],[115.45142159959411,-6.8539383836146834],[115.45142168342923,-6.85394740216827],[115.45141265990928,-6.8539474859572227],[115.45141274374431,-6.8539565045109008],[115.45140372022405,-6.8539565882997957],[115.45140363638916,-6.8539475697460084],[115.45141265990928,-6.8539474859572227]],[[115.45134957910007,-6.8539570910296321],[115.45134055557901,-6.8539571748173485],[115.45134047174528,-6.8539481562627822],[115.45134949526619,-6.853948072475176],[115.45134957910007,-6.8539570910296321]],[[115.45131314968297,-6.8539213519598583],[115.45129510264121,-6.853921519532884],[115.45129493497646,-6.8539034824225986],[115.45128591145571,-6.8539035662086372],[115.45128574379179,-6.8538855290981102],[115.45130379083245,-6.8538853615263111],[115.4513038746647,-6.8538943800813703],[115.45131289818504,-6.8538942962951079],[115.45131298201757,-6.8539033148500188],[115.45132200553796,-6.853903231063474],[115.45132208937076,-6.8539122496182854],[115.45131306585023,-6.8539123334049394],[115.45131314968297,-6.8539213519598583]],[[115.45133094522537,-6.8538941287220752],[115.45133996874534,-6.8538940449353074],[115.45133988491244,-6.8538850263806914],[115.45136695547122,-6.8538847750197078],[115.45136712313821,-6.853902812128231],[115.4513580996184,-6.853902895915617],[115.451358015785,-6.8538938773612621],[115.45134899226522,-6.8538939611483691],[115.45134907609844,-6.8539029797028341],[115.45133102905822,-6.8539031472767622],[115.45133094522537,-6.8538941287220752]],[[115.45125825407457,-6.8538406876764855],[115.45123118351424,-6.8538409390297348],[115.45123109968402,-6.8538319204737759],[115.45122207616387,-6.8538320042577432],[115.45122190850408,-6.85381396714559],[115.45121288498413,-6.8538140509291674],[115.45121280115458,-6.8538050323729722],[115.45122182467435,-6.8538049485895067],[115.45122174084476,-6.853795930033419],[115.45123978788362,-6.8537957624662038],[115.45123995554361,-6.8538137995779316],[115.45124897906324,-6.853813715793847],[115.45124906289358,-6.8538227343495928],[115.45126710993279,-6.8538225667806998],[115.45126719376358,-6.8538315853362173],[115.45125817024385,-6.8538316691208605],[115.45125825407457,-6.8538406876764855]],[[115.45137539215854,-6.8538215613531861],[115.45138441567663,-6.8538214775664654],[115.45138449950962,-6.853830496120537],[115.45137547599134,-6.8538305799073704],[115.45137539215854,-6.8538215613531861]],[[115.45136653630577,-6.8538396822483234],[115.45134848926834,-6.8538398498213695],[115.45134840543595,-6.8538308312668565],[115.45135742895452,-6.8538307474805293],[115.45135734512205,-6.853821728926123],[115.45136636864035,-6.8538216451397398],[115.45136653630577,-6.8538396822483234]],[[115.45116743206856,-6.8537783956174776],[115.45115840854862,-6.8537784793995993],[115.45115832472052,-6.8537694608427362],[115.4511673482403,-6.8537693770607255],[115.45116743206856,-6.8537783956174776]],[[115.45133879509467,-6.8537677851705254],[115.45134781861218,-6.853767701385145],[115.45134773478065,-6.8537586828305974],[115.45137480533202,-6.8537584314737812],[115.45137488916404,-6.8537674500279957],[115.45136586564688,-6.8537675338138815],[115.45136594947884,-6.8537765523681848],[115.45133887892612,-6.8537768037251627],[115.45133879509467,-6.8537677851705254]],[[115.45132066422826,-6.8537589341858975],[115.45131164071059,-6.8537590179706607],[115.45131172454141,-6.8537680365256533],[115.45126660695043,-6.8537684554474962],[115.45126643929054,-6.8537504183363938],[115.45132058039736,-6.8537499156310115],[115.45132066422826,-6.8537589341858975]],[[115.45161860792194,-6.8537742062965936],[115.45162763143612,-6.8537741225058797],[115.4516277152731,-6.8537831410569865],[115.45161869175874,-6.8537832248478114],[115.45161860792194,-6.8537742062965936]],[[115.45074265594945,-6.8537101846989437],[115.450742739769,-6.8537192032609733],[115.45073371624495,-6.853719287034397],[115.45073363242555,-6.8537102684722582],[115.45074265594945,-6.8537101846989437],[115.45074257213004,-6.8537011661369132],[115.45076061917717,-6.8537009985900053],[115.45076070299696,-6.8537100171518155],[115.45074265594945,-6.8537101846989437]],[[115.45119374817295,-6.8536969772620484],[115.45118472465485,-6.8536970610436736],[115.45118464082726,-6.8536880424871054],[115.45121171138069,-6.8536877911420575],[115.45121179520876,-6.8536968096982935],[115.45120277169092,-6.8536968934802545],[115.45120285551894,-6.8537059120366131],[115.45119383200081,-6.853705995818518],[115.45119374817295,-6.8536969772620484]],[[115.45133812444705,-6.8536956367331294],[115.45132910093076,-6.8536957205174511],[115.45132893327032,-6.8536776834078355],[115.45133795678628,-6.8536775996237367],[115.45133812444705,-6.8536956367331294],[115.45134714796322,-6.8536955529486399],[115.45134731562479,-6.8537135900577928],[115.45133829210826,-6.8537136738425053],[115.45133812444705,-6.8536956367331294]],[[115.45172596786517,-6.8536739967481077],[115.451744014887,-6.853673829164916],[115.45174409872492,-6.8536828477146239],[115.45172605170276,-6.8536830152980395],[115.45172596786517,-6.8536739967481077]],[[115.45154566529044,-6.8536937096472403],[115.45155468880398,-6.8536936258588756],[115.45155460496949,-6.8536846073068709],[115.45156362848282,-6.8536845235184467],[115.45156387998711,-6.8537115791741554],[115.45155485647331,-6.8537116629629109],[115.45155477263859,-6.8537026444108964],[115.45154574912486,-6.8537027281993721],[115.45154566529044,-6.8536937096472403]],[[115.45388535180538,-6.8539515770517685],[115.45390339878436,-6.8539514093806915],[115.45390348266631,-6.8539604279036368],[115.45389445917668,-6.8539605117393716],[115.45389454305857,-6.8539695302624226],[115.4538855195687,-6.8539696140980997],[115.45388535180538,-6.8539515770517685]],[[115.4536870866409,-6.8539804769659725],[115.45369611013345,-6.8539803931338916],[115.45369619401183,-6.8539894116593834],[115.45370521750441,-6.8539893278270219],[115.45370546914079,-6.8540163834031382],[115.45369644564769,-6.8540164672358328],[115.45369636176896,-6.8540074487103535],[115.4536873382759,-6.8540075325427701],[115.4536870866409,-6.8539804769659725]],[[115.4511573187923,-6.8536612381598339],[115.45116634231005,-6.8536611543791599],[115.45116617465656,-6.8536431172655199],[115.4511751981739,-6.8536430334848992],[115.45117511434715,-6.8536340149281587],[115.4511931613811,-6.8536338473666349],[115.45119324520817,-6.8536428659231516],[115.45120226872513,-6.8536427821420256],[115.45120235255249,-6.8536518006983949],[115.45121137606949,-6.853651716916989],[115.45121154372488,-6.8536697540295242],[115.45115740261903,-6.853670256716768],[115.4511573187923,-6.8536612381598339],[115.45114829527444,-6.8536613219403399],[115.45114821144799,-6.8536523033832912],[115.45113918793017,-6.8536523871635184],[115.45113910410397,-6.8536433686063711],[115.45114812762164,-6.8536432848262558],[115.45114821144799,-6.8536523033832912],[115.45115723496568,-6.8536522196028979],[115.4511573187923,-6.8536612381598339]],[[115.45131965826496,-6.8536507115269751],[115.45134672881127,-6.8536504601756816],[115.45134681264143,-6.8536594787302816],[115.45131974209461,-6.85365973008191],[115.45131965826496,-6.8536507115269751]],[[115.4506249310448,-6.8536661809214197],[115.45061590752027,-6.8536662646919853],[115.45061573988738,-6.853648227564773],[115.45062476341158,-6.8536481437944294],[115.4506249310448,-6.8536661809214197]],[[115.45118338342718,-6.8535527641377749],[115.45116533639604,-6.8535529316969601],[115.45116542022157,-6.853561950253833],[115.45113834967353,-6.8535622015916804],[115.45113826584851,-6.8535531830344727],[115.45114728936447,-6.8535530992554694],[115.45114720553937,-6.8535440806983683],[115.45113818202357,-6.8535441644772606],[115.45113793054948,-6.8535171088055966],[115.45115597757992,-6.853516941248313],[115.45115622905503,-6.853543996919309],[115.45116525257059,-6.853543913140081],[115.45116516874529,-6.8535348945831984],[115.45117419226059,-6.8535348108039127],[115.45117427608606,-6.8535438293606825],[115.4511832996014,-6.8535437455811188],[115.45118338342718,-6.8535527641377749]],[[115.45114636729463,-6.8534538951271156],[115.45113734378052,-6.8534539789048949],[115.45113717613324,-6.8534359417903854],[115.45114619964703,-6.8534358580128298],[115.45114636729463,-6.8534538951271156]],[[115.45120902894169,-6.8533991973396571],[115.45120000542938,-6.853399281117948],[115.45119992160518,-6.8533902625614402],[115.45120894511733,-6.8533901787832603],[115.45120902894169,-6.8533991973396571]],[[115.45221030273369,-6.8533538227258965],[115.4522012792346,-6.8533539065224431],[115.45220119539215,-6.8533448879782854],[115.4522102188911,-6.8533448041818499],[115.45221030273369,-6.8533538227258965]],[[115.45052114643006,-6.8531800998869361],[115.45051212291338,-6.8531801836496413],[115.45051203910482,-6.8531711650845688],[115.45050301558823,-6.8531712488469934],[115.45050293177995,-6.8531622302817867],[115.45052097881273,-6.8531620627569909],[115.45052114643006,-6.8531800998869361]],[[115.44906793988504,-6.8531484905980182],[115.44907696341895,-6.8531484068628261],[115.44907687963774,-6.8531393882800451],[115.44908590317137,-6.8531393045447961],[115.44908598695272,-6.8531483231274652],[115.44909501048639,-6.8531482393919356],[115.44909517804977,-6.8531662765570394],[115.44910420158367,-6.8531661928211189],[115.4491044529301,-6.8531932485684086],[115.44908640586118,-6.8531934160407468],[115.44908632207927,-6.853184397458099],[115.44907729854484,-6.8531844811939049],[115.44907721476319,-6.8531754626111248],[115.44906819122879,-6.8531755463466526],[115.44906793988504,-6.8531484905980182],[115.44904989281693,-6.8531486580678962],[115.44904972525568,-6.8531306209016467],[115.44906777232312,-6.8531304534322128],[115.44906793988504,-6.8531484905980182]],[[115.44928433709728,-6.8531284437464386],[115.4492933606281,-6.8531283600074238],[115.44929352819845,-6.8531463971676683],[115.4492845046673,-6.8531464809069043],[115.44928433709728,-6.8531284437464386]],[[115.44884218394758,-6.853132546751703],[115.44882413687448,-6.8531327142127134],[115.44882405309824,-6.8531236956268273],[115.44883307663466,-6.8531236118965175],[115.44883299285837,-6.8531145933107211],[115.44884201639454,-6.8531145095803536],[115.44884218394758,-6.853132546751703]],[[115.44889615760906,-6.8531140071946144],[115.44890518114444,-6.8531139234630674],[115.44890501358948,-6.8530958862932412],[115.44891403712437,-6.8530958025617483],[115.4489139533469,-6.8530867839769565],[115.44893200041606,-6.8530866165136874],[115.44893208419388,-6.8530956350982573],[115.44892306065917,-6.8530957188300876],[115.44892322821481,-6.8531137559994688],[115.44891420467968,-6.8531138397313525],[115.4489142884575,-6.8531228583161488],[115.44889624138655,-6.8531230257796318],[115.44889615760906,-6.8531140071946144]],[[115.44889607383169,-6.8531049886095907],[115.44887802676097,-6.8531051560719565],[115.44887777543056,-6.8530781003161954],[115.44888679896548,-6.8530780165854308],[115.44888696651931,-6.8530960537557206],[115.44889599005444,-6.8530959700245644],[115.44889607383169,-6.8531049886095907]],[[115.44873339885659,-6.8530794399855148],[115.44872437531976,-6.8530795237134159],[115.44872445909358,-6.853088542300581],[115.44871543555648,-6.8530886260284234],[115.44871551933024,-6.8530976446156622],[115.44869747225536,-6.8530978120710664],[115.4486973884819,-6.8530887934836047],[115.44868836494445,-6.8530888772109426],[115.44868819739827,-6.8530708400357341],[115.44870624447239,-6.8530706725813353],[115.44870616069912,-6.8530616539939562],[115.44872420777247,-6.8530614865391044],[115.44872429154606,-6.8530705051262624],[115.44873331508272,-6.8530704213984732],[115.44873339885659,-6.8530794399855148]],[[115.44926561976236,-6.8530564625802191],[115.44927464329211,-6.8530563788424326],[115.44927481085998,-6.8530744160031762],[115.44926578732991,-6.8530744997411848],[115.44926561976236,-6.8530564625802191]],[[115.44949112418375,-6.853045350507303],[115.44950014771048,-6.8530452667654158],[115.44950031528656,-6.8530633039206066],[115.4494912917595,-6.8530633876627167],[115.44949112418375,-6.853045350507303]],[[115.44918432420772,-6.8530481976312263],[115.44913920655318,-6.8530486163094961],[115.44913912277205,-6.8530395977274452],[115.44909400511553,-6.8530400164009455],[115.44909383755528,-6.8530219792357183],[115.44911188461757,-6.8530218117672694],[115.44911180083727,-6.8530127931848712],[115.44912082436807,-6.8530127094505042],[115.44912090814853,-6.8530217280327905],[115.44914797874075,-6.8530214768283475],[115.44914789495979,-6.853012458246396],[115.44917496555048,-6.8530122070407682],[115.44917504933194,-6.8530212256223875],[115.44919309639219,-6.8530210581509037],[115.44919326395615,-6.8530390953136857],[115.44918424042574,-6.8530391790497323],[115.44918432420772,-6.8530481976312263]],[[115.4490397801448,-6.8530315002203075],[115.44903986392396,-6.8530405188035859],[115.44903084039166,-6.8530406025367698],[115.44903075661266,-6.8530315839533813],[115.4490397801448,-6.8530315002203075],[115.44903969636574,-6.8530224816370255],[115.44904871989763,-6.8530223979038958],[115.44904880367685,-6.8530314164870667],[115.4490397801448,-6.8530315002203075]],[[115.44927422437439,-6.8530112859404984],[115.44927430815771,-6.8530203045208937],[115.44926528462864,-6.8530203882582352],[115.4492653684119,-6.8530294068387381],[115.44925634488258,-6.8530294905760227],[115.44925609353365,-6.8530024348341687],[115.44926511706247,-6.8530023510972171],[115.4492652008455,-6.8530113696777288],[115.44927422437439,-6.8530112859404984],[115.44927405680809,-6.8529932487796943],[115.44929210386482,-6.852993081305172],[115.44929227143179,-6.853011118465532],[115.44927422437439,-6.8530112859404984]],[[115.44870565806191,-6.8530075424695847],[115.4486966345261,-6.8530076261960904],[115.44869646698162,-6.8529895890210426],[115.44870549051709,-6.8529895052947589],[115.44870565806191,-6.8530075424695847]],[[115.44906643184395,-6.8529861561052892],[115.44905740831297,-6.8529862398383115],[115.44905732453417,-6.8529772212552293],[115.44907537159565,-6.8529770537892389],[115.44907528781661,-6.8529680352063584],[115.44908431134699,-6.8529679514732216],[115.44908447890555,-6.8529859886387392],[115.4490754553748,-6.852986072372099],[115.44907553915407,-6.8529950909549546],[115.44906651562306,-6.8529951746882558],[115.44906643184395,-6.8529861561052892]],[[115.44913853630732,-6.852976467652967],[115.44914755983709,-6.8529763839185396],[115.44914747605669,-6.8529673653365473],[115.4491655231156,-6.8529671978674118],[115.44916569067716,-6.8529852350309293],[115.44917471420676,-6.8529851512958837],[115.44917479798789,-6.8529941698775172],[115.44913870386809,-6.8529945048171257],[115.44913853630732,-6.852976467652967]],[[115.44938217157191,-6.8529742067643022],[115.44939119509866,-6.8529741230253274],[115.44939111131372,-6.8529651044463389],[115.44940013484016,-6.8529650207073054],[115.44940005105516,-6.8529560021284572],[115.4494180981074,-6.8529558346501087],[115.44941834946376,-6.8529828903860226],[115.44940932593715,-6.8529829741256139],[115.44940940972266,-6.8529919927043554],[115.44938233914179,-6.852992243922456],[115.44938217157191,-6.8529742067643022]],[[115.44930981578719,-6.8529568395100942],[115.4492827452046,-6.8529570907212998],[115.44928266142192,-6.8529480721409843],[115.44927363789434,-6.8529481558776046],[115.44927355411193,-6.8529391372971746],[115.44928257763932,-6.8529390535606662],[115.44928249385687,-6.8529300349803419],[115.449291517384,-6.8529299512437749],[115.44929143360147,-6.8529209326635421],[115.4493185041817,-6.8529206814531642],[115.4493184203988,-6.8529116628732929],[115.44934549097749,-6.8529114116617329],[115.44934565854446,-6.8529294488208379],[115.4493546820708,-6.8529293650830914],[115.44935459828707,-6.8529203465036366],[115.44936362181316,-6.8529202627658332],[115.44936370559704,-6.852929281345177],[115.44937272912316,-6.8529291976070947],[115.44937281290731,-6.8529382161863062],[115.44936378938102,-6.8529382999245003],[115.44936387316513,-6.8529473185038192],[115.44933680258505,-6.8529475697177249],[115.44933671880145,-6.852938551138072],[115.44932769527473,-6.8529386348755912],[115.44932777905815,-6.8529476534553551],[115.44930973200398,-6.8529478209301127],[115.44930981578719,-6.8529568395100942]],[[115.44857882593114,-6.8529546030914608],[115.44856980239474,-6.8529546868149396],[115.44856971862549,-6.8529456682258347],[115.44857874216171,-6.8529455845024669],[115.44857882593114,-6.8529546030914608]],[[115.44899374092887,-6.8529327144615175],[115.44900276445962,-6.8529326307303426],[115.44900293201421,-6.8529506678978809],[115.44899390848313,-6.8529507516292787],[115.44899374092887,-6.8529327144615175]],[[115.44913803362766,-6.8529223561603692],[115.44912901009876,-6.8529224398939617],[115.44912909387826,-6.8529314584761964],[115.44912007034908,-6.8529315422097312],[115.44911998656977,-6.8529225236273836],[115.44909291598208,-6.8529227748266406],[115.44909283220339,-6.8529137562439892],[115.44910185573254,-6.8529136725111837],[115.44910177195378,-6.852904653928622],[115.44913786606867,-6.8529043189961572],[115.44913803362766,-6.8529223561603692]],[[115.44882204250226,-6.8529072495638275],[115.44881301896974,-6.8529073332912986],[115.44881293519649,-6.8528983147051754],[115.44882195872883,-6.8528982309778144],[115.44882204250226,-6.8529072495638275]],[[115.44905657052983,-6.8528960540072905],[115.44906559405915,-6.8528959702753802],[115.44906567783713,-6.8529049888583913],[115.44905665430765,-6.8529050725904117],[115.44905657052983,-6.8528960540072905]],[[115.4494084880883,-6.8528927883379671],[115.44941751161322,-6.8528927045994861],[115.44941759539775,-6.8529017231781602],[115.44940857187268,-6.8529018069167522],[115.4494084880883,-6.8528927883379671]],[[115.44912875876096,-6.8528953841472946],[115.44911973523249,-6.8528954678803826],[115.4491196514536,-6.8528864492980359],[115.44911062792517,-6.8528865330308451],[115.4491102928115,-6.8528504587009644],[115.4491012692836,-6.8528505424331598],[115.44910101795003,-6.852823486685371],[115.44911906500465,-6.8528233192214776],[115.44911923256093,-6.8528413563862305],[115.44912825608841,-6.8528412726538086],[115.44912833986687,-6.8528502912360665],[115.44913736339444,-6.8528502075033666],[115.4491374471732,-6.8528592260855081],[115.4491464707008,-6.8528591423525267],[115.44914655447981,-6.8528681609345545],[115.44913753095207,-6.852868244667647],[115.44913769851016,-6.8528862818319105],[115.44912867498192,-6.8528863655650589],[115.44912875876096,-6.8528953841472946]],[[115.44921832379706,-6.8528223981580165],[115.44924539437444,-6.8528221469553543],[115.44924547815488,-6.8528311655361742],[115.44925450168061,-6.8528310818015052],[115.44925466924218,-6.8528491189629133],[115.4492366221899,-6.8528492864325283],[115.44923653840941,-6.8528402678516045],[115.44922751488329,-6.8528403515860479],[115.44922743110308,-6.8528313330050077],[115.44921840757699,-6.8528314167391722],[115.44921832379706,-6.8528223981580165]],[[115.44933562962501,-6.8528213096021915],[115.44936270019801,-6.8528210583929567],[115.44936278398063,-6.8528300769723334],[115.44938083102905,-6.8528299094984462],[115.44938099859533,-6.8528479466567394],[115.44937197507085,-6.8528480303939903],[115.44937205885398,-6.8528570489732417],[115.44935401180432,-6.8528572164474593],[115.44935392802151,-6.8528481978679858],[115.4493449044967,-6.8528482816047305],[115.44934482071416,-6.8528392630251398],[115.44933579718938,-6.8528393467616064],[115.44933562962501,-6.8528213096021915]],[[115.4493898545531,-6.8528298257612494],[115.44939887807701,-6.8528297420238848],[115.44939896186042,-6.8528387606028121],[115.44938993833634,-6.8528388443402877],[115.4493898545531,-6.8528298257612494]],[[115.44927280007526,-6.8528579700730994],[115.44929084712693,-6.852857802601914],[115.44929118225457,-6.8528938769228791],[115.44926411167484,-6.8528941281307389],[115.44926402789326,-6.8528851095501713],[115.44925500436665,-6.852885193285676],[115.44925492058536,-6.852876174705008],[115.44924589705876,-6.8528762584402338],[115.44924581327777,-6.8528672398594175],[115.44927288385666,-6.8528669886535694],[115.44927280007526,-6.8528579700730994]],[[115.44932719257653,-6.8528845233969182],[115.4493452396279,-6.8528843559230443],[115.44934532341098,-6.8528933745026119],[115.44932727635928,-6.8528935419767087],[115.44932719257653,-6.8528845233969182]],[[115.44918273236958,-6.8528768445820951],[115.44917370884208,-6.8528769283159718],[115.44917362506243,-6.8528679097342655],[115.44918264858977,-6.8528678260004998],[115.44918273236958,-6.8528768445820951]],[[115.44958946129272,-6.8529452249956471],[115.44960750833988,-6.8529450575104436],[115.44960767591751,-6.8529630946630453],[115.44958962886967,-6.8529632621486947],[115.44958946129272,-6.8529452249956471]],[[115.44924698622211,-6.8529934999902125],[115.44923796269325,-6.8529935837267155],[115.44923779512875,-6.8529755465650037],[115.44924681865729,-6.8529754628287236],[115.44924698622211,-6.8529934999902125]],[[115.44918382151759,-6.8529940861421936],[115.44919284504715,-6.8529940024067022],[115.44919292882871,-6.8530030209881065],[115.44918390529898,-6.8530031047237099],[115.44918382151759,-6.8529940861421936]],[[115.44923829782358,-6.8530296580500867],[115.44924732135314,-6.8530295743131386],[115.44924748891931,-6.8530476114745751],[115.44923846538943,-6.8530476952117452],[115.44923829782358,-6.8530296580500867]],[[115.44941918732557,-6.8530730761721177],[115.44943723438175,-6.853072908690204],[115.44943740195615,-6.8530909458469251],[115.44942837842778,-6.8530910295881897],[115.44942846221497,-6.853100048166656],[115.44941943868633,-6.853100131907861],[115.44941918732557,-6.8530730761721177]],[[115.44959974165712,-6.8530804198990234],[115.44960876518316,-6.8530803361546697],[115.44960884897363,-6.8530893547308986],[115.44959982544741,-6.8530894384753633],[115.44959974165712,-6.8530804198990234]],[[115.44957275486807,-6.8530896897077476],[115.4495637313414,-6.8530897734515399],[115.4495636475518,-6.8530807548747541],[115.44957267107829,-6.8530806711310746],[115.44957275486807,-6.8530896897077476]],[[115.44955479160417,-6.8530988757720701],[115.44954576807712,-6.8530989595156351],[115.44954560049844,-6.8530809223616078],[115.44955462402517,-6.8530808386182667],[115.44955479160417,-6.8530988757720701]],[[115.44922092102756,-6.8531019741717856],[115.44922994455868,-6.8531018904342851],[115.44923002834228,-6.8531109090151929],[115.44922100481098,-6.8531109927528053],[115.44922117237819,-6.8531290299148129],[115.44920312531457,-6.8531291973899746],[115.44920304153125,-6.8531201788087595],[115.44919401799946,-6.8531202625459775],[115.44919385043349,-6.8531022253832763],[115.4492118974963,-6.8531020579091182],[115.44921181371316,-6.853093039327983],[115.44922083724421,-6.8530929555907631],[115.44922092102756,-6.8531019741717856]],[[115.4492125677656,-6.8531742065580188],[115.44923061483068,-6.8531740390814075],[115.44923069861517,-6.8531830576622967],[115.44925776921245,-6.8531828064457834],[115.44925785299758,-6.8531918250263173],[115.44924882946506,-6.8531919087654352],[115.44924908082062,-6.853218964507346],[115.44923103375434,-6.8532191319857443],[115.44923094996938,-6.8532101134048888],[115.44921290290294,-6.8532102808823909],[115.44921298668758,-6.8532192994634675],[115.44920396315401,-6.8532193832020774],[115.44920404693858,-6.8532284017832605],[115.44919502340476,-6.8532284855218126],[115.44919510718927,-6.8532375041031033],[115.44918608365516,-6.8532375878415976],[115.44918566473459,-6.8531924949345431],[115.44919468826785,-6.8531924111966038],[115.44919460448389,-6.853183392615291],[115.44921265154976,-6.8531832251391309],[115.4492125677656,-6.8531742065580188]],[[115.44933906478477,-6.853191071366675],[115.44934808831613,-6.8531909876258723],[115.44934817210306,-6.8532000062052907],[115.44933914857153,-6.8532000899462036],[115.44933906478477,-6.853191071366675]],[[115.44920413072326,-6.8532374203644402],[115.44921315425717,-6.8532373366256083],[115.44921323804211,-6.8532463552066734],[115.44920421450806,-6.8532464389456162],[115.44920413072326,-6.8532374203644402]],[[115.44909601587352,-6.8532564623822934],[115.44908699233781,-6.853256546119157],[115.44908707612065,-6.8532655647017693],[115.44906902904859,-6.8532657321752142],[115.44906894526612,-6.853256713592379],[115.44907796880203,-6.8532566298558528],[115.44907788501948,-6.8532476112731233],[115.44906886148374,-6.8532476950095402],[115.44906869391932,-6.8532296578438476],[115.44905967038379,-6.853229741579872],[115.44905975416576,-6.8532387601628333],[115.44905073062998,-6.8532388438987999],[115.44905064684816,-6.8532298253157284],[115.4490416233124,-6.8532299090514162],[115.44904145574945,-6.8532118718850397],[115.44905950282016,-6.8532117044139405],[115.44905958660192,-6.8532207229969089],[115.44908665720764,-6.8532204717886627],[115.44908682477249,-6.8532385089539201],[115.44909584830785,-6.8532384252172776],[115.44909601587352,-6.8532564623822934]],[[115.44892482001583,-6.8532851091077225],[115.44891579647751,-6.8532851928417191],[115.44891571269766,-6.8532761742570028],[115.44890668915937,-6.8532762579907187],[115.4489066053798,-6.8532672394058869],[115.44888855830324,-6.8532674068725923],[115.44888830696623,-6.8532403511174023],[115.44891537757937,-6.8532400999180929],[115.44891554513829,-6.8532581370875558],[115.44892456867612,-6.853258053353894],[115.44892482001583,-6.8532851091077225]],[[115.44885229659198,-6.8532497046329688],[115.44884327305341,-6.8532497883651722],[115.4488430217196,-6.8532227326082875],[115.44883399818143,-6.85322281633999],[115.44883408195906,-6.8532318349257331],[115.44882505842061,-6.8532319186573778],[115.44882472331136,-6.8531958443139303],[115.4488427703868,-6.8531956768513629],[115.44884285416428,-6.8532046954370101],[115.44886090123963,-6.8532045279735456],[115.44886106879562,-6.853222565144379],[115.44885204525765,-6.853222648876419],[115.44885229659198,-6.8532497046329688]],[[115.44895999258667,-6.8531855697440456],[115.44897803965841,-6.8531854022766456],[115.44897829099844,-6.8532124580285796],[115.44896926746212,-6.853212541762697],[115.44896918368217,-6.8532035231786121],[115.44896016014592,-6.8532036069124507],[115.44895999258667,-6.8531855697440456]],[[115.44903234843279,-6.8532029370370307],[115.44903226465178,-6.8531939184537203],[115.44904128818695,-6.8531938347186454],[115.44904137196815,-6.8532028533018456],[115.44903234843279,-6.8532029370370307],[115.44903243221393,-6.8532119556203375],[115.44902340867833,-6.8532120393554647],[115.44902332489734,-6.8532030207720478],[115.44903234843279,-6.8532029370370307]],[[115.44893325709515,-6.8532218952820072],[115.44891521002093,-6.8532220627486105],[115.44891512624187,-6.8532130441638639],[115.44892414977885,-6.8532129604307572],[115.44892406599973,-6.8532039418461173],[115.44893308953645,-6.8532038581129537],[115.44893325709515,-6.8532218952820072]],[[115.44883366307192,-6.8531867419969705],[115.4487975689208,-6.853187076920312],[115.44879723381582,-6.8531510025754434],[115.4488243044273,-6.8531507513845238],[115.4488244719806,-6.8531687885562995],[115.44883349551786,-6.8531687048254337],[115.44883366307192,-6.8531867419969705]],[[115.44895071771315,-6.8531585977245184],[115.44895974124864,-6.8531585139914055],[115.44895965746956,-6.853149495407183],[115.44896868100479,-6.8531494116740133],[115.44896876478407,-6.8531584302581239],[115.44897778831938,-6.8531583465246744],[115.4489779558786,-6.8531763836926434],[115.44895990880721,-6.8531765511598195],[115.4489598250279,-6.8531675325756236],[115.44895080149219,-6.8531676163088475],[115.44895071771315,-6.8531585977245184]],[[115.44903209709008,-6.8531758812870702],[115.44904112062493,-6.8531757975522183],[115.44904120440587,-6.8531848161354416],[115.44903218087087,-6.8531848998704055],[115.44903209709008,-6.8531758812870702]],[[115.44915926440434,-6.8532648948012529],[115.44915024086927,-6.8532649785394062],[115.44915032465337,-6.8532739971212369],[115.44914130111805,-6.8532740808593333],[115.44914104976652,-6.8532470251134976],[115.44915007330137,-6.8532469413757342],[115.44915015708527,-6.853255959957572],[115.44915918062016,-6.8532558762195297],[115.44915926440434,-6.8532648948012529],[115.44916828793929,-6.8532648110629291],[115.44916837172376,-6.8532738296445368],[115.44915934818863,-6.8532739133829716],[115.44915926440434,-6.8532648948012529]],[[115.44902399514825,-6.8532751694392626],[115.44903301868506,-6.8532750857033564],[115.44903318624925,-6.8532931228699097],[115.44902416271212,-6.8532932066060397],[115.44902399514825,-6.8532751694392626]],[[115.449168539293,-6.8532918668077532],[115.44918658636358,-6.8532916993299358],[115.44918675393396,-6.8533097364926574],[115.44915968332691,-6.8533099877097996],[115.44915959954217,-6.8533009691280986],[115.4491686230778,-6.8533008853893316],[115.449168539293,-6.8532918668077532]],[[115.44920480100473,-6.8533095690137209],[115.44922284807511,-6.8533094015341103],[115.44922293186114,-6.8533184201150279],[115.44923195539631,-6.8533183363748584],[115.44923203918263,-6.8533273549556615],[115.44922301564729,-6.8533274386959411],[115.44922309943352,-6.8533364572768329],[115.44920505236216,-6.8533366247571115],[115.44920496857625,-6.8533276061759967],[115.44919594504057,-6.8533276899157727],[115.44919586125494,-6.8533186713345255],[115.44920488479045,-6.8533185875948615],[115.44920480100473,-6.8533095690137209]],[[115.44914163625498,-6.853310155187053],[115.44910554210973,-6.8533104901395347],[115.44910545832602,-6.8533014715571667],[115.44911448186232,-6.8533013878194096],[115.44911439807855,-6.8532923692371659],[115.44913244515048,-6.8532922017613691],[115.44913252893458,-6.8533012203433907],[115.44914155247058,-6.85330113660513],[115.44914163625498,-6.853310155187053]],[[115.44916761766773,-6.8531926624099135],[115.44915859413412,-6.8531927461473474],[115.44915842656769,-6.8531747089838104],[115.44916745010096,-6.8531746252466004],[115.44916761766773,-6.8531926624099135]],[[115.44916409886046,-6.8528138819769682],[115.44915507533393,-6.8528139657097311],[115.44915474022049,-6.8527778913819342],[115.44916376374633,-6.8527778076496171],[115.44916409886046,-6.8528138819769682]],[[115.44912766964225,-6.8527781425778755],[115.44910059906299,-6.8527783937722999],[115.44910051528593,-6.8527693751896726],[115.44911856233854,-6.8527692077271141],[115.44911847856126,-6.8527601891446865],[115.44912750208722,-6.8527601054132656],[115.44912766964225,-6.8527781425778755]],[[115.4491815594623,-6.8527505844395833],[115.4491905829873,-6.8527505007070939],[115.4491904992089,-6.8527414821255661],[115.44920854625822,-6.8527413146603049],[115.44920888137391,-6.8527773889855021],[115.44922692842415,-6.8527772215186786],[115.44922709598336,-6.8527952586808052],[115.44921807245792,-6.8527953424145256],[115.44921798867846,-6.8527863238333513],[115.44919994162764,-6.852786491300062],[115.4492000254068,-6.8527955098814575],[115.44919100188106,-6.8527955936146707],[115.44919075054446,-6.8527685378701388],[115.44918172701911,-6.8527686216028494],[115.4491815594623,-6.8527505844395833]],[[115.44925366387962,-6.8527408959942031],[115.44923561683137,-6.8527410634611492],[115.44923553305223,-6.852732044880173],[115.44922650952816,-6.8527321286132823],[115.44922642574929,-6.8527231100321888],[115.44921740222522,-6.8527231937650193],[115.44921731844663,-6.8527141751837934],[115.44922634197053,-6.8527140914510758],[115.4492262581919,-6.8527050728699903],[115.44923528171549,-6.8527049891372158],[115.4492351979368,-6.8526959705562209],[115.44925324498334,-6.8526958030903877],[115.44925349632076,-6.8527228588326903],[115.44928056689119,-6.8527226076316756],[115.44928065067108,-6.8527316262121003],[115.44928967419449,-6.8527315424779811],[115.44928975797465,-6.8527405610582903],[115.44928073445107,-6.8527406447925214],[115.44928081823117,-6.8527496633729372],[115.4492717947073,-6.8527497471071124],[115.44927187848732,-6.852758765687617],[115.44926285496318,-6.8527588494217335],[115.4492627711833,-6.8527498308411161],[115.44925374765918,-6.8527499145749537],[115.44925366387962,-6.8527408959942031]],[[115.44920846247959,-6.8527322960789938],[115.44919943895512,-6.8527323798115987],[115.44919935517677,-6.8527233612301721],[115.44917228460326,-6.8527236124266375],[115.44917220082554,-6.8527145938448575],[115.44916317730097,-6.8527146775765644],[115.44916326107854,-6.8527236961584563],[115.44914521402876,-6.8527238636215895],[115.44914487892051,-6.8526877892931699],[115.44915390244479,-6.8526877055621336],[115.44915381866782,-6.8526786869801297],[115.44919893628668,-6.8526782683229754],[115.44919902006447,-6.8526872869044233],[115.44918999654077,-6.8526873706363025],[115.44919008031852,-6.852696389217857],[115.44919910384237,-6.8526963054858676],[115.44919927139851,-6.8527143426487251],[115.44920829492264,-6.8527142589163432],[115.44920846247959,-6.8527322960789938]],[[115.44911805967648,-6.8527150962325747],[115.44910001262591,-6.8527152636937991],[115.44909992884962,-6.8527062451111567],[115.44911797589988,-6.8527060776501552],[115.44911805967648,-6.8527150962325747]],[[115.44903676417019,-6.8527068312193578],[115.4490277406441,-6.8527069149484268],[115.44902748932,-6.8526798591977585],[115.44901846579432,-6.8526799429263239],[115.44901838202001,-6.8526709243426636],[115.44900033496862,-6.8526710917990696],[115.44900025119478,-6.85266207321515],[115.44900927472032,-6.8526619894871423],[115.44900902339893,-6.8526349337357386],[115.4490180469239,-6.8526348500078971],[115.44901821447172,-6.8526528871752808],[115.44902723799693,-6.8526528034470475],[115.44902732177115,-6.8526618220306217],[115.44903634529641,-6.8526617383021096],[115.44903676417019,-6.8527068312193578]],[[115.44899139521657,-6.8526801941110147],[115.44898237169042,-6.8526802778389069],[115.44898228791678,-6.8526712592548034],[115.44899131144277,-6.8526711755270213],[115.44899139521657,-6.8526801941110147]],[[115.44925265853327,-6.8526326730248606],[115.44926168205519,-6.8526325892924698],[115.44926159827689,-6.8526235707117733],[115.44927964532006,-6.8526234032467093],[115.44927972909866,-6.8526324218271828],[115.44927070557701,-6.8526325055599102],[115.44927078935559,-6.8526415241404912],[115.44925274231153,-6.8526416916056636],[115.44925265853327,-6.8526326730248606]],[[115.44928866884145,-6.852623319513925],[115.44931573940501,-6.8526230683145561],[115.44931565562581,-6.852614049734524],[115.44935174970828,-6.852613714800122],[115.44935183348814,-6.8526227333797092],[115.44936085700866,-6.8526226496455767],[115.44936094078879,-6.8526316682250492],[115.44939703487036,-6.8526313332863875],[115.44939711865128,-6.8526403518654115],[115.44942418921177,-6.8526401006593129],[115.44942444055677,-6.8526671563953716],[115.44941541703623,-6.8526672401312405],[115.44941550081795,-6.852676258710007],[115.4494064772971,-6.8526763424458172],[115.44940656107876,-6.852685361024708],[115.44941558459979,-6.8526852772887867],[115.44941566838173,-6.8526942958675603],[115.44942469190281,-6.8526942121313583],[115.44942477568503,-6.8527032307100173],[115.44943379920616,-6.8527031469735356],[115.44943396677129,-6.8527211841306181],[115.44941591972827,-6.8527213516038579],[115.44941600351066,-6.8527303701826145],[115.44947916816045,-6.8527297840225483],[115.44947925194414,-6.8527388026005234],[115.44947022842291,-6.8527388863382912],[115.44947039599029,-6.8527569234944314],[115.44946137246862,-6.8527570072322561],[115.44946145625232,-6.852766025810455],[115.44945243273035,-6.8527661095482202],[115.44945268408161,-6.8527931652830771],[115.44947073112642,-6.852792997806711],[115.44947089869517,-6.8528110349628149],[115.44945285164968,-6.8528112024396268],[115.44945276786561,-6.8528021838613533],[115.44944374434284,-6.8528022675993956],[115.44944366055906,-6.8527932490210075],[115.44942561351357,-6.8527934164963646],[115.44942552973019,-6.8527843979177501],[115.44941650620744,-6.8527844816550632],[115.44941642242438,-6.8527754630763322],[115.44939837537886,-6.8527756305502336],[115.44939854294448,-6.8527936677081351],[115.44938951942122,-6.8527937514450556],[115.44938935185596,-6.8527757142869312],[115.44938032833292,-6.85277579802346],[115.44937982564086,-6.8527216865483149],[115.44935275507414,-6.8527219377548896],[115.44935283885535,-6.8527309563344243],[115.44933479180996,-6.8527311238048538],[115.44933470802908,-6.8527221052250971],[115.44932568450638,-6.8527221889599472],[115.44932560072579,-6.8527131703800572],[115.44931657720315,-6.8527132541146285],[115.44931649342281,-6.8527042355346568],[115.44929844637753,-6.8527044030030702],[115.44929836259767,-6.8526953844228551],[115.44928933907502,-6.8526954681566989],[115.44928925529543,-6.8526864495763675],[115.44928023177285,-6.8526865333099298],[115.44928006421432,-6.8526684961490485],[115.44930713478074,-6.8526682449485206],[115.44930721856043,-6.8526772635286211],[115.44933428912634,-6.8526770123262413],[115.44933420534613,-6.8526679937464738],[115.44934322886772,-6.8526679100121219],[115.44934314508745,-6.8526588914324282],[115.44933412156604,-6.8526589751666691],[115.44933395400618,-6.8526409380070783],[115.44928883639916,-6.8526413566746429],[115.44928866884145,-6.852623319513925]],[[115.44947858167774,-6.852666653976625],[115.44949662871714,-6.8526664865023603],[115.44949696385079,-6.852702560813448],[115.44946989328947,-6.8527028120259246],[115.44947006085597,-6.8527208491821172],[115.44946103733498,-6.8527209329194942],[115.44946095355184,-6.8527119143412731],[115.44945193003089,-6.8527119980783713],[115.44945159490017,-6.8526759237650783],[115.44946061842046,-6.8526758400284242],[115.44946070220314,-6.852684858606648],[115.44948777276377,-6.8526846073953429],[115.44948768898058,-6.8526755888174531],[115.44947866546065,-6.8526756725546116],[115.44947858167774,-6.852666653976625]],[[115.44932635475527,-6.8527943375987777],[115.44929026065796,-6.852794672540055],[115.44929009309639,-6.8527766353794846],[115.44929911662058,-6.8527765516446397],[115.4492990328398,-6.8527675330644593],[115.44930805636368,-6.8527674493295585],[115.44930780502152,-6.8527403935893227],[115.44931682854478,-6.8527403098545872],[115.44931699610646,-6.8527583470145084],[115.44932601962992,-6.8527582632793802],[115.44932610341111,-6.8527672818592498],[115.44933512693463,-6.8527671981238427],[115.44933529449764,-6.8527852352833101],[115.44932627097377,-6.8527853190189383],[115.44932635475527,-6.8527943375987777]],[[115.44916267463792,-6.8526605660852367],[115.44915365111427,-6.8526606498161096],[115.44915356733767,-6.8526516312340906],[115.44916259086115,-6.8526515475033305],[115.44916267463792,-6.8526605660852367]],[[115.44910786329129,-6.8525889198072294],[115.4490988397683,-6.8525890035362007],[115.44909875599359,-6.8525799849534801],[115.44910777951642,-6.8525799012246216],[115.44910786329129,-6.8525889198072294]],[[115.44935124703144,-6.8525596033224989],[115.44934222351202,-6.8525596870556864],[115.4493421397331,-6.8525506684759385],[115.44935116325237,-6.8525505847428638],[115.44935124703144,-6.8525596033224989]],[[115.4484230580949,-6.8517294142614347],[115.44841403457963,-6.8517294979670957],[115.44841386707729,-6.8517114607841441],[115.44840484356223,-6.8517115444894152],[115.44840467606068,-6.8516935073062077],[115.44843174660453,-6.8516932561905568],[115.44843183035573,-6.8517022747818288],[115.44842280684107,-6.8517023584873256],[115.4484230580949,-6.8517294142614347]],[[115.4484498773847,-6.8517021073703308],[115.44845890089904,-6.8517020236643296],[115.44845898465088,-6.8517110422552623],[115.44846800816524,-6.8517109585489813],[115.44846809191736,-6.8517199771398012],[115.44845004488816,-6.8517201445524174],[115.4484498773847,-6.8517021073703308]],[[115.44843157910242,-6.8516752190079977],[115.44842255558827,-6.8516753027131605],[115.44842263933909,-6.8516843213045702],[115.44841361582465,-6.8516844050096761],[115.44841319707248,-6.8516393120520958],[115.44843124409955,-6.851639144642828],[115.44843157910242,-6.8516752190079977]],[[115.44668051293688,-6.8516373429790232],[115.44669856000661,-6.8516371756348811],[115.44669881116084,-6.8516642314728271],[115.44668978762552,-6.8516643151453156],[115.44668987134365,-6.8516733337580664],[115.44668084780807,-6.8516734174304972],[115.44668101524432,-6.8516914546562075],[115.44667199170829,-6.8516915383286934],[115.44667182427236,-6.8516735011027592],[115.44666280073652,-6.8516735847748542],[115.44666271701891,-6.8516645661617703],[115.44665369348314,-6.8516646498335856],[115.44665352604856,-6.8516466126071807],[115.44666254958399,-6.8516465289355892],[115.44666246586671,-6.8516375103224911],[115.44667148940185,-6.8516374266508402],[115.44667115453313,-6.8516013521988519],[115.44668017806752,-6.8516012685274772],[115.44668026178468,-6.851610287140371],[115.4466892853191,-6.8516102034687174],[115.44668936903656,-6.8516192220814949],[115.44668034550197,-6.8516193057532586],[115.44668051293688,-6.8516373429790232]],[[115.44642827247903,-6.8516847788061543],[115.44641924893999,-6.851684862473812],[115.4464191652268,-6.8516758438577323],[115.44642818876565,-6.8516757601901848],[115.44642827247903,-6.8516847788061543]],[[115.44664475366454,-6.851673752118538],[115.44662670659211,-6.8516739194615477],[115.44662653915833,-6.8516558822344855],[115.44661751562229,-6.8516559659055147],[115.44661743190574,-6.851646947291866],[115.44663547897738,-6.8516467799498608],[115.44663564641129,-6.8516648171767098],[115.44664466994726,-6.8516647335052312],[115.44664475366454,-6.851673752118538]],[[115.44647313903023,-6.8516573046190841],[115.44645509195418,-6.8516574719552485],[115.44645484081394,-6.8516304161082866],[115.44647288788897,-6.85163024877279],[115.44647313903023,-6.8516573046190841]],[[115.44647280417546,-6.8516212301573489],[115.44645475710078,-6.8516213974926243],[115.44645467338769,-6.8516123788769567],[115.44647272046205,-6.8516122115419043],[115.44647280417546,-6.8516212301573489]],[[115.44583898008749,-6.8513926022858183],[115.44582995654669,-6.8513926859388601],[115.44582987284818,-6.8513836673153934],[115.44583889638881,-6.8513835836624635],[115.44583898008749,-6.8513926022858183]],[[115.44564923462185,-6.8513673030872857],[115.44567630524918,-6.8513670521387624],[115.44567638894458,-6.8513760707641111],[115.4456673654021,-6.8513761544138978],[115.44566744909746,-6.8513851730393354],[115.4456584255547,-6.8513852566890643],[115.44565867664097,-6.8514123125657527],[115.44566770018423,-6.8514122289156898],[115.44566778388005,-6.8514212475411265],[115.44565876033661,-6.8514213311913004],[115.44565884403237,-6.8514303498168445],[115.4456407969448,-6.8514305171169099],[115.44564071324936,-6.8514214984911446],[115.44562266616167,-6.8514216657903138],[115.4456230009427,-6.85145774029424],[115.44561397739801,-6.8514578239440178],[115.44561406109339,-6.8514668425700993],[115.4456050375484,-6.8514669262198193],[115.44560487015809,-6.8514488889674281],[115.44559584661339,-6.8514489726167573],[115.44559551183481,-6.8514128981114801],[115.44561355892284,-6.8514127308135429],[115.44561339153358,-6.8513946935613221],[115.44562241507708,-6.8513946099123242],[115.44562233138244,-6.8513855912863013],[115.44563135492567,-6.8513855076372447],[115.44563093645333,-6.8513404145077059],[115.44565800707984,-6.8513401635611944],[115.44565809077459,-6.8513491821867936],[115.44567613785867,-6.8513490148880543],[115.44567622155384,-6.8513580335134119],[115.44564915092703,-6.8513582844615994],[115.44564923462185,-6.8513673030872857]],[[115.44558707415311,-6.8514761121451624],[115.44557805060762,-6.8514761957944881],[115.44557813430255,-6.8514852144210057],[115.44550594593331,-6.8514858836104331],[115.44550569485294,-6.8514588277281998],[115.44549667130677,-6.8514589113757873],[115.4454965876137,-6.8514498927482563],[115.44550561115969,-6.8514498091007807],[115.44550519269521,-6.8514047159636169],[115.44549616915006,-6.8514047996105383],[115.44549608545768,-6.8513957809829806],[115.44548706191259,-6.8513958646296214],[115.44548722929714,-6.8514139018849534],[115.44547820575161,-6.8514139855316465],[115.44547879159991,-6.8514771159259489],[115.44548781514663,-6.8514770322784768],[115.44548789883987,-6.8514860509061055],[115.44549692238665,-6.8514859672583528],[115.4454970897738,-6.8515040045133917],[115.44548806622669,-6.8515040881613665],[115.44548798253322,-6.8514950695337298],[115.44547895898617,-6.8514951531814239],[115.44547887529301,-6.8514861345536886],[115.44545180465165,-6.851486385495428],[115.44545188834434,-6.8514954041234972],[115.4454428647968,-6.8514954877705181],[115.44544261371961,-6.8514684318859658],[115.4454335901725,-6.8514685155324848],[115.44543342278864,-6.8514504782758721],[115.44539732860039,-6.8514508128593761],[115.44539707752743,-6.85142375697309],[115.44538805398061,-6.8514238406182111],[115.44538797029,-6.8514148219893292],[115.44536992319632,-6.8514149892788438],[115.44536983950618,-6.8514059706497363],[115.44536081595933,-6.8514060542941309],[115.44536073226948,-6.8513970356649061],[115.44539682645546,-6.8513967010867649],[115.44539674276504,-6.8513876824579647],[115.44540576631111,-6.8513875988131199],[115.44540551524,-6.8513605429270923],[115.44542356233073,-6.8513603756375625],[115.44542331125965,-6.8513333197521451],[115.44543233480437,-6.851333236107461],[115.44543225111406,-6.8513242174790907],[115.44544127465846,-6.8513241338343507],[115.4454411909681,-6.8513151152060869],[115.44545021451225,-6.8513150315612892],[115.44544962868169,-6.8512519011641002],[115.44545865222452,-6.85125181751991],[115.4454585685347,-6.8512427988918336],[115.44547661561974,-6.8512426316031725],[115.44547628086032,-6.8512065570917136],[115.44548530440196,-6.8512064734475748],[115.44548522071223,-6.8511974548198094],[115.44550326779489,-6.8511972875312486],[115.44550335148496,-6.851206306158792],[115.44551237502628,-6.8512062225141479],[115.4455122076459,-6.8511881852592804],[115.44550318410492,-6.8511882689037034],[115.44550310041507,-6.8511792502761333],[115.44553017103718,-6.8511789993426966],[115.44553025472754,-6.8511880179699309],[115.44552123118677,-6.8511881016146896],[115.44552139856751,-6.851206138869335],[115.44553042210859,-6.8512060552243543],[115.44553050579928,-6.8512150738515585],[115.44553952934044,-6.8512149902062989],[115.44553944564959,-6.8512059715792049],[115.44554846919046,-6.8512058879338866],[115.44554838549954,-6.8511968693069001],[115.44556643258062,-6.8511967020159803],[115.44556668365472,-6.8512237578962623],[115.4455757071956,-6.8512236742502166],[115.44557587457923,-6.8512417115034934],[115.44556685103802,-6.8512417951497602],[115.44556693472985,-6.8512508137765042],[115.44555791118835,-6.8512508974227133],[115.4455579948801,-6.8512599160495631],[115.44554897133834,-6.8512599996957171],[115.44554888764675,-6.8512509810687563],[115.44553986410502,-6.8512510647146296],[115.44553978041371,-6.8512420460875534],[115.44553075687205,-6.8512421297331469],[115.44553125902064,-6.8512962414962217],[115.44552223547785,-6.8512963251423136],[115.44552215178632,-6.8512873065150206],[115.44551312824356,-6.8512873901608335],[115.44551321193495,-6.8512964087882375],[115.44550418839194,-6.8512964924339927],[115.44550427208324,-6.8513055110614705],[115.44551329562644,-6.8513054274156042],[115.44551337931803,-6.8513144460429825],[115.4455314264044,-6.8513142787505226],[115.4455315937886,-6.8513323160048225],[115.44554964087519,-6.8513321487112435],[115.44554972456778,-6.8513411673381475],[115.44556777165427,-6.8513410000436723],[115.44556785534733,-6.8513500186703844],[115.44558590243365,-6.851349851375014],[115.44558606982081,-6.8513678886279443],[115.4455680227338,-6.8513680559237597],[115.44556869228416,-6.8514402049370871],[115.44557771582906,-6.8514401212883751],[115.44557788321811,-6.8514581585414396],[115.44558690676325,-6.8514580748923368],[115.44558707415311,-6.8514761121451624]],[[115.44530600516828,-6.851334407117708],[115.44529698162201,-6.851334490760034],[115.44529706530992,-6.8513435093900492],[115.44528804176336,-6.8513435930323174],[115.44528787438803,-6.8513255557720436],[115.44530592148033,-6.8513253884877825],[115.44530600516828,-6.851334407117708]],[[115.4454318326642,-6.8512791243371751],[115.4454228091205,-6.8512792079811922],[115.44542272543104,-6.8512701893526851],[115.44543174897457,-6.851270105708779],[115.4454318326642,-6.8512791243371751]],[[115.44549416056383,-6.8511883525479558],[115.4454851370226,-6.8511884361920403],[115.4454850533331,-6.85117941756425],[115.44549407687414,-6.8511793339202756],[115.44549416056383,-6.8511883525479558]],[[115.44554821811803,-6.8511788320528959],[115.44555724165829,-6.8511787484077429],[115.44555732534914,-6.8511877670346442],[115.44554830180873,-6.8511878506799082],[115.44554821811803,-6.8511788320528959]],[[115.44608979773548,-6.8511918502862645],[115.44611686833662,-6.8511915993193169],[115.44611695203815,-6.8512006179393019],[115.44610792850439,-6.8512007015952321],[115.44610801220587,-6.8512097202153237],[115.44609898867182,-6.8512098038711962],[115.44609890497051,-6.8512007852509926],[115.44608988143651,-6.8512008689065844],[115.44608979773548,-6.8511918502862645]],[[115.44578408556602,-6.8513119365853337],[115.44578400186937,-6.851302917961287],[115.44579302540905,-6.8513028343102009],[115.44579285801574,-6.8512847970623199],[115.44580188155498,-6.8512847134112853],[115.44580179785832,-6.8512756947874491],[115.44579277431924,-6.8512757784383727],[115.44579260692662,-6.851257741190464],[115.44581967754247,-6.8512574902378569],[115.44581976123922,-6.8512665088614808],[115.44582878477779,-6.8512664252101629],[115.44582895217201,-6.8512844624571718],[115.44581992863311,-6.8512845461087108],[115.4458200123302,-6.8512935647323383],[115.44580196525173,-6.8512937320351339],[115.4458021326456,-6.8513117692827672],[115.44578408556602,-6.8513119365853337],[115.44578416926278,-6.8513209552093732],[115.44577514572266,-6.8513210388605152],[115.44577506202606,-6.8513120202363638],[115.44578408556602,-6.8513119365853337]],[[115.44554938979802,-6.8513050928304544],[115.44554036625529,-6.8513051764769948],[115.44554028256329,-6.8512961578499612],[115.44554930610587,-6.8512960742035327],[115.44554938979802,-6.8513050928304544],[115.44555841334065,-6.8513050091837453],[115.44555849703308,-6.8513140278105675],[115.44554947349029,-6.8513141114573877],[115.44554938979802,-6.8513050928304544]],[[115.44566652845464,-6.8512859681591118],[115.44567555199544,-6.8512858845104354],[115.44567563568985,-6.8512949031358392],[115.44568465923072,-6.8512948194868839],[115.44568474292541,-6.8513038381121385],[115.44566669584323,-6.8513040054101033],[115.44566652845464,-6.8512859681591118]],[[115.44588326079966,-6.8513019977900571],[115.44590130787644,-6.8513018304840072],[115.44590139157528,-6.851310849106607],[115.44588334449817,-6.8513110164128799],[115.44588326079966,-6.8513019977900571]],[[115.44586538111889,-6.8513202023415181],[115.44587440465791,-6.8513201186886912],[115.44587457205513,-6.8513381559345206],[115.44586554851581,-6.8513382395875695],[115.44586538111889,-6.8513202023415181]],[[115.44572125556692,-6.8513485966382568],[115.44571223202551,-6.851348680288555],[115.44571214832976,-6.8513396616636211],[115.44570312478838,-6.8513397453136369],[115.44570304109291,-6.8513307266886221],[115.44572108817518,-6.8513305593886429],[115.44572125556692,-6.8513485966382568]],[[115.44582953805526,-6.8513475928215666],[115.44584758513507,-6.8513474255164262],[115.44584766883348,-6.8513564441396717],[115.44583864529345,-6.8513565277924382],[115.44583872899179,-6.8513655464157894],[115.4458297054515,-6.8513656300684973],[115.44582953805526,-6.8513475928215666]],[[115.44559500967037,-6.8513587863534324],[115.44562208029922,-6.8513585354082736],[115.44562224768792,-6.8513765726603078],[115.44560420060147,-6.8513767399576926],[115.44560411690739,-6.8513677213314557],[115.44559509336418,-6.8513678049797848],[115.44559500967037,-6.8513587863534324]],[[115.44551195657617,-6.8511611293769468],[115.44550293303571,-6.851161213021034],[115.44550276565678,-6.8511431757659018],[115.44551178919691,-6.8511430921220349],[115.44551195657617,-6.8511611293769468]],[[115.44477118912847,-6.8510778012669986],[115.44475314203225,-6.8510779685251624],[115.44475305835788,-6.8510689498883304],[115.44474403480977,-6.8510690335170485],[115.44474395113566,-6.8510600148801029],[115.44475297468358,-6.8510599312514957],[115.4447528910094,-6.8510509126146566],[115.4447709381046,-6.8510507453571581],[115.44477102177912,-6.851059763993776],[115.44478004532671,-6.8510596803646635],[115.4447801290015,-6.8510686990011669],[115.44477110545374,-6.8510687826303895],[115.44477118912847,-6.8510778012669986]],[[115.44466273919917,-6.8510607675299857],[115.44465371565012,-6.8510608511569089],[115.44465363197779,-6.8510518325188468],[115.4446626555267,-6.8510517488920346],[115.44466273919917,-6.8510607675299857]],[[115.44486301447617,-6.8512483190396916],[115.4448720380262,-6.8512482354065627],[115.44487195434746,-6.8512392167712575],[115.44488097789716,-6.8512391331380718],[115.4448811452551,-6.8512571704084513],[115.44486309815485,-6.8512573376751007],[115.44486301447617,-6.8512483190396916]],[[115.44601226881132,-6.8515894225118981],[115.44602129235354,-6.851589338853044],[115.44602137605821,-6.8515983574740753],[115.44601235251578,-6.8515984411330404],[115.44601226881132,-6.8515894225118981]],[[115.44604853039004,-6.8516071251168427],[115.44605755393222,-6.8516070414570924],[115.44605763763775,-6.8516160600776539],[115.44606666117996,-6.851615976417623],[115.44606674488577,-6.8516249950380708],[115.44604869780092,-6.851625162358185],[115.44604853039004,-6.8516071251168427]],[[115.4464283561925,-6.8516937974221195],[115.44645542680942,-6.8516935464178026],[115.44645551052349,-6.8517025650334471],[115.44647355760122,-6.8517023976961715],[115.44647372503043,-6.8517204349269525],[115.44648274856945,-6.8517203512578391],[115.44648283228437,-6.8517293698731203],[115.44646478520585,-6.8517295372114004],[115.44646470149127,-6.8517205185958963],[115.44642860733357,-6.8517208532699891],[115.4464283561925,-6.8516937974221195]],[[115.44662712517858,-6.8517190125291272],[115.44663614871568,-6.8517189288571494],[115.44663606499802,-6.8517099102437538],[115.44666313560816,-6.8517096592271471],[115.44666321932635,-6.8517186778402106],[115.44664517225269,-6.8517188451850046],[115.44664533968874,-6.8517368824115614],[115.44663631615141,-6.8517369660839291],[115.44663623243351,-6.8517279474705415],[115.4466272088962,-6.8517280311426294],[115.44662712517858,-6.8517190125291272]],[[115.4464017878547,-6.8517481601226038],[115.44641081139514,-6.8517480764545056],[115.44641089510907,-6.8517570950706785],[115.44640187156845,-6.8517571787388887],[115.4464017878547,-6.8517481601226038]],[[115.44637480094596,-6.8517574297425075],[115.44635675386374,-6.8517575970774116],[115.44635667015082,-6.8517485784605707],[115.4463747172327,-6.8517484111258895],[115.44637480094596,-6.8517574297425075]],[[115.44705173365588,-6.8517691914137551],[115.44706978072142,-6.8517690240524658],[115.44706994817467,-6.8517870612685039],[115.44706092464162,-6.851787144949455],[115.44706109209497,-6.851805182165732],[115.44704304502785,-6.8518053495275728],[115.44704279384899,-6.8517782937025089],[115.44705181738213,-6.8517782100220055],[115.44705173365588,-6.8517691914137551]],[[115.44746706725115,-6.8517923977430479],[115.44747609077928,-6.851792314054407],[115.44747600704491,-6.8517832954513711],[115.4474940541005,-6.8517831280738033],[115.44749397036591,-6.8517741094710196],[115.44751201742072,-6.8517739420930015],[115.44751210115567,-6.8517829606955623],[115.44753014821036,-6.851782793316648],[115.44753023194573,-6.851791811919016],[115.44754827900032,-6.8517916445392055],[115.44754836273614,-6.8518006631413302],[115.44755738626343,-6.8518005794510604],[115.44755746999955,-6.8518095980530695],[115.44756649352688,-6.8518095143625208],[115.44756657726329,-6.8518185329644137],[115.44755755373576,-6.8518186166550752],[115.44755772120855,-6.8518366538590705],[115.44754869768059,-6.8518367375497844],[115.44754878141698,-6.8518457561518868],[115.44753975788876,-6.8518458398425439],[115.44753967415254,-6.8518368212403296],[115.44751260356763,-6.851837072310957],[115.44751268730334,-6.8518460909135035],[115.44750366377465,-6.8518461746034864],[115.44750374751031,-6.8518551932061573],[115.44748570045226,-6.8518553605858399],[115.4474855329817,-6.8518373233800656],[115.44747650945284,-6.8518374070694321],[115.44747625824836,-6.85181035126043],[115.44746723471989,-6.8518104349492948],[115.44746706725115,-6.8517923977430479]],[[115.44785516260067,-6.8517978175776744],[115.44786418612412,-6.8517977338816785],[115.44786435360793,-6.8518157710781313],[115.44785533008415,-6.8518158547743511],[115.44785541382605,-6.8518248733726823],[115.44784639030198,-6.8518249570688443],[115.44784655778575,-6.8518429942657155],[115.44783753426124,-6.8518430779619308],[115.44783761800316,-6.8518520965604894],[115.44782859447834,-6.851852180256647],[115.44782867822019,-6.8518611988552776],[115.44781965469511,-6.8518612825513801],[115.44781957095343,-6.8518522639526367],[115.44780152390325,-6.8518524313441125],[115.44780135642092,-6.8518343941461186],[115.447792332896,-6.8518344778413809],[115.44779224915517,-6.8518254592422752],[115.44780127267992,-6.8518253755471248],[115.44780102145758,-6.8517983197501158],[115.44781004498174,-6.8517982360551297],[115.44781012872255,-6.8518072546540267],[115.44785524634237,-6.8518068361760145],[115.44785516260067,-6.8517978175776744]],[[115.44746782086406,-6.851873565171017],[115.44745879733429,-6.8518736488604919],[115.44745896480471,-6.8518916860668808],[115.4474499412745,-6.8518917697564081],[115.44745010874506,-6.8519098069630022],[115.44738694402803,-6.8519103927865395],[115.44738686029388,-6.851901374182483],[115.44735978969968,-6.8519016252468523],[115.44735987343333,-6.8519106438512427],[115.44734182636962,-6.851910811226869],[115.44734191010306,-6.8519198298314938],[115.44733288657086,-6.8519199135191649],[115.44733313777132,-6.851946969333329],[115.44734216130401,-6.8519468856453241],[115.44734224503789,-6.8519559042499472],[115.44735126857064,-6.8519558205616624],[115.44735135230481,-6.8519648391661541],[115.447288187572,-6.8519654249813877],[115.44728802010614,-6.8519473877708288],[115.44726094950572,-6.8519476388313079],[115.44726086577347,-6.8519386202257113],[115.44725184223989,-6.8519387039120918],[115.44725167477608,-6.8519206667006314],[115.44726972184239,-6.8519204993281519],[115.44726963811031,-6.851911480722638],[115.44727866164315,-6.8519113970362557],[115.44727849417899,-6.8518933598254375],[115.44728751771133,-6.8518932761391111],[115.44728743397926,-6.851884257533805],[115.44732352810689,-6.8518839227872554],[115.44732344437426,-6.8518749041823908],[115.44734149143706,-6.8518747368083268],[115.4473414077042,-6.8518657182036815],[115.44735945476623,-6.8518655508291664],[115.44735937103313,-6.8518565322247538],[115.44737741809438,-6.8518563648497883],[115.44737750182779,-6.851865383453978],[115.44738652535838,-6.8518652997661311],[115.44738660909209,-6.8518743183702213],[115.44739563262279,-6.8518742346820938],[115.44739546515515,-6.8518561974741479],[115.44740448868536,-6.8518561137860745],[115.44740415375077,-6.8518200393705246],[115.44742220080954,-6.8518198719947616],[115.44742228454334,-6.8518288905984317],[115.44743130807271,-6.8518288069101851],[115.44743147554099,-6.8518468441172873],[115.44746756965874,-6.8518465093617333],[115.44746782086406,-6.851873565171017]],[[115.44713428510462,-6.8519127359981455],[115.44712526157004,-6.8519128196818322],[115.44712517784076,-6.8519038010745525],[115.44709810723674,-6.8519040521242678],[115.4470980235081,-6.8518950335166151],[115.44713411764587,-6.851894698783771],[115.44713428510462,-6.8519127359981455]],[[115.44693559986572,-6.8518965397810669],[115.44692657632895,-6.8518966234608243],[115.4469264088784,-6.8518785862413187],[115.44693543241485,-6.8518785025617825],[115.44693559986572,-6.8518965397810669]],[[115.44687218393341,-6.8518700697045691],[115.44688120747033,-6.8518699860261547],[115.44688129119459,-6.851879004636471],[115.44687226765748,-6.8518790883149956],[115.44687218393341,-6.8518700697045691],[115.44686316039638,-6.8518701533828139],[115.44686307667254,-6.8518611347722889],[115.44684502959845,-6.8518613021280528],[115.44684494587509,-6.8518522835172666],[115.44685396941202,-6.8518521998395796],[115.4468538856886,-6.8518431812289187],[115.44686290922525,-6.8518430975511748],[115.44686282550177,-6.8518340789406196],[115.44688087257438,-6.8518339115848486],[115.44688095629822,-6.8518429301951818],[115.44688997983452,-6.8518428465169334],[115.44689006355861,-6.8518518651271512],[115.44688104002213,-6.8518519488055105],[115.44688112374617,-6.8518609674158517],[115.44687210020942,-6.8518610510941551],[115.44687218393341,-6.8518700697045691]],[[115.44678194855787,-6.8518709064794443],[115.44677292501973,-6.8518709901560042],[115.44677267385366,-6.85184393432103],[115.44679974446633,-6.8518436832918423],[115.44679982818873,-6.8518527019031712],[115.44681787526362,-6.8518525345493151],[115.44681804270947,-6.8518705717715154],[115.44679097209593,-6.8518708228027148],[115.44679088837347,-6.8518618041912998],[115.44678186483557,-6.8518618878679192],[115.44678194855787,-6.8518709064794443]],[[115.44698915500069,-6.8518329074360782],[115.44700720207014,-6.8518327400755918],[115.44700728579633,-6.8518417586843672],[115.44699826226147,-6.8518418423648075],[115.44699834598758,-6.8518508609736903],[115.44698932245247,-6.8518509446540721],[115.44698915500069,-6.8518329074360782]],[[115.44715224844377,-6.8519035500233212],[115.44717029551187,-6.8519033826549922],[115.44717037924198,-6.8519124012617167],[115.44715233217352,-6.8519125686302687],[115.44715224844377,-6.8519035500233212]],[[115.44664584199957,-6.8517909940911075],[115.44663681846124,-6.8517910777641422],[115.44663665102418,-6.8517730405374326],[115.44664567456218,-6.8517729568646217],[115.44664584199957,-6.8517909940911075]],[[115.44693442771896,-6.8517702792457076],[115.44697052185541,-6.8517699445312159],[115.44697068930495,-6.8517879817497009],[115.44693459516715,-6.8517883164650817],[115.44693442771896,-6.8517702792457076]],[[115.44702625386473,-6.8519407960167964],[115.44703527740111,-6.8519407123346303],[115.44703519367319,-6.8519316937262342],[115.44706226428107,-6.8519314426790565],[115.44706243173803,-6.8519494798951595],[115.44702633759262,-6.8519498146252813],[115.44702625386473,-6.8519407960167964]],[[115.44856888093902,-6.8528554823345438],[115.44855985740438,-6.8528555660566317],[115.44855968986879,-6.8528375288780987],[115.44857773693728,-6.8528373614341991],[115.44857782070535,-6.8528463800232462],[115.44856879717099,-6.852846463745391],[115.44856888093902,-6.8528554823345438]],[[115.44849652512544,-6.852838114926441],[115.44849660889197,-6.8528471335164873],[115.4484875853566,-6.8528472172371169],[115.44848750159021,-6.8528381986469586],[115.44849652512544,-6.852838114926441],[115.44849644135898,-6.8528290963363894],[115.4485054648939,-6.852829012615814],[115.44850554866052,-6.8528380312057537],[115.44849652512544,-6.852838114926441]],[[115.44858667670323,-6.852828259123056],[115.44859570023704,-6.8528281754007967],[115.44859586777378,-6.8528462125784495],[115.44858684423961,-6.8528462963009336],[115.44858667670323,-6.852828259123056]],[[115.44883047962186,-6.8528440357347797],[115.44881243255934,-6.8528442031883365],[115.44881234878687,-6.8528351846021813],[115.44882137231804,-6.8528351008755983],[115.4488212885455,-6.8528260822895488],[115.44883031207638,-6.852825998562909],[115.44883047962186,-6.8528440357347797]],[[115.44852309313033,-6.852783752225502],[115.44852334442986,-6.8528108079947092],[115.4485143208955,-6.8528108917153991],[115.44851406959648,-6.8527838359458588],[115.44852309313033,-6.852783752225502],[115.44852300936407,-6.8527747336357585],[115.44854105643113,-6.8527745661947623],[115.44854114019773,-6.8527835847842837],[115.44852309313033,-6.852783752225502]],[[115.44999118896696,-6.853446580170595],[115.45000923602304,-6.8534464126581094],[115.4500094874309,-6.8534734683715923],[115.45001851095928,-6.8534733846147624],[115.45001834335362,-6.8534553474726572],[115.45002736688153,-6.8534552637158805],[115.45002745068449,-6.8534642822868257],[115.45003647421247,-6.8534641985297702],[115.45003664181905,-6.8534822356714225],[115.45002761829075,-6.8534823194287009],[115.45002770209403,-6.8534913379996478],[115.45001867856543,-6.8534914217568685],[115.45001876236867,-6.8535004403278901],[115.45000973883975,-6.8535005240850539],[115.45000982264294,-6.8535095426561972],[115.44997372852555,-6.8535098776836101],[115.44997356092065,-6.8534918405404426],[115.44998258444984,-6.8534917567840656],[115.44998233304283,-6.8534647010695737],[115.4499913565714,-6.853464617313362],[115.44999118896696,-6.853446580170595]],[[115.45003680942608,-6.8535002728130578],[115.45004583295464,-6.8535001890553886],[115.4500459167585,-6.8535092076260886],[115.45003689322978,-6.8535092913838689],[115.45003680942608,-6.8535002728130578]],[[115.45007374158831,-6.8535901234848353],[115.45008276511808,-6.8535900397253791],[115.45008284892374,-6.8535990582955897],[115.45007382539379,-6.8535991420551561],[115.45007374158831,-6.8535901234848353]],[[115.45098654252487,-6.8537349784328745],[115.45100458956725,-6.8537348108759799],[115.45100492486701,-6.8537708851111256],[115.45099590134521,-6.8537709688901014],[115.45099598517025,-6.8537799874489682],[115.45098696164818,-6.8537800712278871],[115.45098704547318,-6.8537890897868934],[115.45099606899542,-6.8537890060078634],[115.45099615282071,-6.8537980245667365],[115.45101419986523,-6.8537978570079474],[115.45101436751679,-6.8538158941252361],[115.45098729694885,-6.8538161454638367],[115.45098712929828,-6.8537981083458783],[115.45097810577572,-6.8537981921248532],[115.45097785430124,-6.8537711364475511],[115.4509688307791,-6.8537712202260224],[115.45096891460364,-6.8537802387852222],[115.45095989108118,-6.8537803225636367],[115.4509599749057,-6.853789341122976],[115.45094192786016,-6.8537895086795224],[115.45094201168445,-6.8537985272390634],[115.45092396463812,-6.8537986947951577],[115.45092362934305,-6.8537626205560764],[115.4509146058204,-6.853762704333425],[115.45091452199708,-6.8537536857735333],[115.45092354551959,-6.8537536019962948],[115.45092346169622,-6.8537445834365087],[115.45098662634931,-6.853743996991903],[115.45098654252487,-6.8537349784328745]],[[115.45129585713809,-6.8540026865289523],[115.45130488066054,-6.854002602741522],[115.45130496449426,-6.8540116212965065],[115.45129594097163,-6.8540117050840479],[115.45129585713809,-6.8540026865289523]],[[115.45130504832811,-6.8540206398514876],[115.45133211889585,-6.8540203884875188],[115.45133228656483,-6.8540384255967997],[115.45130521599611,-6.8540386769614354],[115.45130504832811,-6.8540206398514876]],[[115.45142260562305,-6.8540466062572465],[115.45143162914478,-6.8540465224669012],[115.45143171298143,-6.8540555410203234],[115.45142268945952,-6.8540556248107798],[115.45142260562305,-6.8540466062572465]],[[115.45155770692078,-6.854018293728803],[115.45157575395973,-6.854018126143556],[115.45157583779874,-6.8540271446951939],[115.4515848613182,-6.8540270609022063],[115.45158494515749,-6.8540360794537296],[115.45157592163787,-6.8540361632468292],[115.45157600547708,-6.8540451817984582],[115.45156698195717,-6.8540452655914992],[115.45156706579634,-6.8540542841432526],[115.45153097171483,-6.8540546193141783],[115.45153088787636,-6.8540456007619808],[115.45153991139672,-6.8540455169696131],[115.45153982755816,-6.8540364984175381],[115.45155787459824,-6.8540363308325194],[115.45155770692078,-6.854018293728803]],[[115.45180075500909,-6.8539529014289853],[115.45180977852436,-6.8539528176326749],[115.45180986236697,-6.8539618361814512],[115.45180083885151,-6.8539619199778725],[115.45180075500909,-6.8539529014289853]],[[115.45289209636577,-6.8538886496396358],[115.45288307286505,-6.8538887334554968],[115.45288298900319,-6.8538797149199508],[115.45289201250372,-6.853879631104201],[115.45289209636577,-6.8538886496396358],[115.4529011198664,-6.8538885658236062],[115.45290120372869,-6.8538975843589425],[115.45289218022792,-6.8538976681750832],[115.45289209636577,-6.8538886496396358]],[[115.45283803922081,-6.8538981710683897],[115.45282901571923,-6.8538982548833518],[115.45282893185825,-6.8538892363471247],[115.45283795535968,-6.8538891525322745],[115.45283803922081,-6.8538981710683897]],[[115.45240591726289,-6.8540104164936277],[115.45244201129785,-6.8540100812591058],[115.45244192744278,-6.8540010627181456],[115.45246899796733,-6.8540008112908186],[115.45246916567859,-6.8540188483720659],[115.45245111866167,-6.8540190159908985],[115.45245120251715,-6.8540280345317388],[115.45241510848126,-6.8540283697678248],[115.45241502462648,-6.8540193512265395],[115.45240600111741,-6.8540194350350294],[115.45240591726289,-6.8540104164936277]]],[[[115.44117387223531,-6.8504707460200791],[115.44116484865437,-6.8504708295743271],[115.44116493225397,-6.8504798482555547],[115.4411739558351,-6.8504797647011966],[115.44117387223531,-6.8504707460200791]]],[[[115.44065885922427,-6.8504033588437068],[115.4406587756351,-6.8503943401562069],[115.44064975204927,-6.8503944236998553],[115.44064983563827,-6.8504034423874671],[115.44065885922427,-6.8504033588437068]]],[[[115.44018854606546,-6.8502904598832464],[115.44018846248652,-6.8502814411899333],[115.44017943889699,-6.8502815247233819],[115.44017952247579,-6.8502905434168051],[115.44018854606546,-6.8502904598832464]]],[[[115.44082980578472,-6.8503476593679649],[115.44082972219304,-6.8503386406825468],[115.44082069861031,-6.8503387242287301],[115.44082061501891,-6.8503297055432135],[115.44081159143627,-6.850329789089117],[115.44081150784514,-6.8503207704034841],[115.44080248426256,-6.8503208539491087],[115.44080240067173,-6.8503118352633612],[115.44079337708918,-6.850311918808706],[115.4407932934986,-6.8503029001228599],[115.44078426991616,-6.850302983667925],[115.44078418632586,-6.8502939649819288],[115.44077516274344,-6.8502940485267159],[115.44077507915343,-6.8502850298406219],[115.440748008406,-6.8502852804736367],[115.44074792481662,-6.8502762617872053],[115.44072987765145,-6.8502764288748184],[115.44072971047368,-6.8502583915014981],[115.44072068689125,-6.8502584750448303],[115.44072060330272,-6.8502494563580525],[115.44068450897257,-6.8502497905292499],[115.44068459256044,-6.8502588092164727],[115.44066654539438,-6.8502589763012818],[115.44066662898202,-6.8502679949887204],[115.44065760539863,-6.8502680785309842],[115.4406577725739,-6.8502861159060711],[115.44064874899009,-6.8502861994483872],[115.44064883257772,-6.8502952181360364],[115.44062176182506,-6.850295468762309],[115.44062184541232,-6.8503044874503027],[115.44060379824298,-6.8503046545338648],[115.44060371465606,-6.8502956358456499],[115.44059469107141,-6.8502957193870682],[115.44059477465814,-6.850304738075395],[115.44055868031764,-6.8503050722398244],[115.44055884749012,-6.8503231096173014],[115.44057689466126,-6.8503229425349792],[115.44057697824802,-6.850331961223497],[115.44059502541904,-6.8503317941402795],[115.44059527618097,-6.8503588502051409],[115.44060429976683,-6.8503587666629473],[115.44060438335454,-6.8503677853511142],[115.44061340694041,-6.8503677018086409],[115.44061332335257,-6.850358683120584],[115.4406223469382,-6.8503585995780529],[115.44062217976247,-6.850340562202148],[115.44064022693271,-6.8503403951170236],[115.44064014334465,-6.8503313764292875],[115.44064916692945,-6.8503312928865832],[115.44064908334134,-6.8503222741989527],[115.44066713051023,-6.8503221071132616],[115.44066704692192,-6.8503130884258496],[115.44068509409,-6.8503129213397065],[115.44068501050145,-6.850303902652529],[115.4407030576688,-6.8503037355659337],[115.44070297408003,-6.850294716878941],[115.44073004482964,-6.8502944662481191],[115.44073012841892,-6.8503034849347806],[115.44075719916805,-6.8503032343021104],[115.44075728275793,-6.8503122529884015],[115.44076630634092,-6.850312169443729],[115.44076638993108,-6.8503211881299215],[115.44078443709705,-6.8503210210398517],[115.44078452068769,-6.8503300397258169],[115.44079354427063,-6.8503299561804187],[115.44079362786154,-6.8503389748662684],[115.4408026514446,-6.8503388913205905],[115.44080273503579,-6.8503479100063425],[115.44082980578472,-6.8503476593679649]]],[[[115.44018821175037,-6.8502543851099666],[115.4401881281719,-6.8502453664166367],[115.44017910458304,-6.8502454499496421],[115.44017918816138,-6.8502544686430831],[115.44018821175037,-6.8502543851099666]]],[[[115.44030476617525,-6.8501721309369916],[115.44030468259558,-6.850163112245065],[115.44029565900972,-6.8501631957792597],[115.4402957425892,-6.8501722144712982],[115.44030476617525,-6.8501721309369916]]],[[[115.4400690664319,-6.8500570597413075],[115.44006915000584,-6.850066078436174],[115.44007817359267,-6.8500659949074088],[115.44007825716687,-6.8500750136021589],[115.44008728075374,-6.8500749300731156],[115.44008711360512,-6.850056892683833],[115.4400690664319,-6.8500570597413075]]],[[[115.4400690664319,-6.8500570597413075],[115.44006898285809,-6.8500480410464375],[115.44005093568477,-6.8500482081030167],[115.44005101925825,-6.8500572267981079],[115.4400690664319,-6.8500570597413075]]],[[[115.44033972769131,-6.8500495586800705],[115.44032564215239,-6.850045665164803],[115.44029457248652,-6.8500459527823656],[115.44029465606455,-6.8500549714744601],[115.44024953814366,-6.8500553891362497],[115.44024962172095,-6.8500644078288957],[115.44023157455148,-6.850064574892655],[115.44023165812855,-6.8500735935855195],[115.44021361095827,-6.8500737606488258],[115.44021369453513,-6.850082779341907],[115.44020467094965,-6.8500828628734194],[115.44020475452646,-6.8500918815666063],[115.44015061301022,-6.8500923827528091],[115.44015052943445,-6.8500833640589542],[115.44014150584817,-6.850083447589288],[115.44014167299953,-6.8501014849772126],[115.44015069658613,-6.8501014014466586],[115.44015078016213,-6.8501104201405019],[115.44017785092178,-6.8501101695474924],[115.44017793449839,-6.850119188241],[115.44016891091179,-6.8501192717722823],[115.44016916164185,-6.8501463278531283],[115.44016013805464,-6.8501464113845758],[115.4401602216314,-6.850155430078269],[115.44016924521875,-6.8501553465467131],[115.44016941237294,-6.8501733839338996],[115.44016038878522,-6.8501734674656802],[115.4401605559395,-6.8501915048530568],[115.44016957952755,-6.8501914213210542],[115.44016974668261,-6.8502094587082247],[115.44017877027089,-6.8502093751758313],[115.44017868669314,-6.8502003564823681],[115.44018771028114,-6.8502002729499187],[115.44018754312563,-6.8501822355632012],[115.44020559030064,-6.8501820684982402],[115.44020533956717,-6.8501550124187958],[115.440214363154,-6.8501549288863961],[115.44021427957625,-6.8501459101933673],[115.44023232674921,-6.8501457431282846],[115.44023215959338,-6.8501277057426062],[115.44024118317934,-6.8501276222100342],[115.44024109960141,-6.8501186035173083],[115.4402591467727,-6.850118436451881],[115.44025923035096,-6.8501274551443849],[115.44026825393661,-6.8501273716113067],[115.44026817035821,-6.8501183529189138],[115.44028621752878,-6.8501181858524758],[115.44028613395014,-6.8501091671603005],[115.44031320470468,-6.8501089165597131],[115.44031312112563,-6.8500998978678656],[115.44032214471012,-6.8500998143341105],[115.44032222828932,-6.8501088330258462],[115.44033125187383,-6.8501087494918123],[115.44033116829445,-6.8500997308001876],[115.4403401918787,-6.8500996472660951],[115.44034027545824,-6.8501086659576096],[115.44034929904252,-6.8501085824232373],[115.4403492154628,-6.8500995637318356],[115.44038530979817,-6.8500992295931109],[115.44038539337858,-6.8501082482840685],[115.44037636979471,-6.8501083318191149],[115.4403765369555,-6.8501263692012406],[115.44041263129152,-6.8501260350591622],[115.44041279845412,-6.8501440724404006],[115.44042182203818,-6.8501439889042395],[115.4404219056198,-6.8501530075947148],[115.44043092920393,-6.850152924058273],[115.44043109636787,-6.8501709614390238],[115.44044914353641,-6.8501707943651908],[115.44044931070148,-6.8501888317454629],[115.44045833428594,-6.8501887482080726],[115.4404585014518,-6.8502067855881386],[115.44046752503645,-6.8502067020503565],[115.44046760861973,-6.8502157207402643],[115.44047663220447,-6.8502156372022034],[115.44047679937165,-6.8502336745817658],[115.44048582295662,-6.850233591043315],[115.44048607370875,-6.8502606471123348],[115.4404950972941,-6.8502605635733822],[115.44049518087854,-6.8502695822629303],[115.44050420446396,-6.8502694987236978],[115.44050437163351,-6.8502875361025586],[115.44053144239007,-6.8502872854831853],[115.44053152597553,-6.850296304172276],[115.44054957314634,-6.8502961370916298],[115.44054948956054,-6.8502871184027621],[115.44054046597535,-6.8502872019430576],[115.44054038238984,-6.8502781832540736],[115.44053135880472,-6.8502782667940911],[115.44053119163438,-6.8502602294158859],[115.44052216804947,-6.8502603129555126],[115.44052208446463,-6.8502512942662941],[115.44051306087979,-6.8502513778056402],[115.44051281012646,-6.8502243217376231],[115.44050378654204,-6.8502244052764691],[115.44050361937407,-6.8502063678975462],[115.44049459578981,-6.8502064514360024],[115.44049442862263,-6.8501884140568237],[115.44048540503863,-6.850188497594889],[115.44048532145536,-6.8501794789052068],[115.44047629787143,-6.8501795624429915],[115.44047621428844,-6.8501705437531779],[115.44046719070454,-6.8501706272906846],[115.44046702353927,-6.8501525899108211],[115.4404579999556,-6.850152673447937],[115.44045791637329,-6.850143654757904],[115.44044889278968,-6.850143738294741],[115.44044880920765,-6.8501347196045597],[115.44043978562411,-6.850134803141116],[115.44043970204235,-6.8501257844508361],[115.44043067845887,-6.8501258679871126],[115.44043059487743,-6.850116849296719],[115.44042157129395,-6.8501169328327158],[115.44042140413171,-6.8500988954516906],[115.44041238054849,-6.8500989789872984],[115.44041221338705,-6.8500809416060324],[115.44040318980403,-6.8500810251412512],[115.44040310622364,-6.8500720064505005],[115.44039408264071,-6.8500720899854377],[115.44039401289557,-6.8500645641548248],[115.44038878674608,-6.8500631195469248],[115.44036692831162,-6.8500633218980429],[115.44036687029346,-6.8500570614184859],[115.44035721444931,-6.8500543923572783],[115.44033977398263,-6.8500545538084614],[115.44033972769131,-6.8500495586800705]]],[[[115.43996069981142,-6.8500490433758054],[115.43994265263538,-6.8500492104283426],[115.43994273620685,-6.8500582291247669],[115.43993371261853,-6.8500583126508925],[115.43993379618992,-6.8500673313474234],[115.4399247726013,-6.850067414873493],[115.43992493974412,-6.8500854522667627],[115.43993396333308,-6.850085368740471],[115.43993404690482,-6.8500943874369886],[115.43994307049381,-6.8500943039104172],[115.43994298692191,-6.8500852852140115],[115.43997908127621,-6.8500849511064876],[115.43997891413137,-6.8500669137145511],[115.43998793771931,-6.8500668301874699],[115.4399876870024,-6.8500397740998649],[115.43999671058975,-6.8500396905729488],[115.43999662701751,-6.8500306718771657],[115.43997857984306,-6.850030838930607],[115.43997866341496,-6.8500398576266113],[115.43996061623973,-6.8500400246795996],[115.43996069981142,-6.8500490433758054],[115.43996972339927,-6.8500489598492837],[115.43996980697125,-6.850057978545375],[115.43996078338323,-6.8500580620720068],[115.43996069981142,-6.8500490433758054]]],[[[115.44005093568477,-6.8500482081030167],[115.44005076853813,-6.8500301707128024],[115.44001467419152,-6.8500305048230521],[115.4400147577641,-6.8500395235186131],[115.44003280493796,-6.8500393564636033],[115.440032888511,-6.8500483751589218],[115.44005093568477,-6.8500482081030167]]],[[[115.43978841594128,-6.8499604433643633],[115.43976134517571,-6.8499606939299875],[115.43976151230977,-6.849978731327357],[115.43974346513149,-6.8499788983707095],[115.43974354869832,-6.8499879170695932],[115.43975257228769,-6.8499878335478908],[115.4397526558548,-6.8499968522466919],[115.43976167944426,-6.8499967687247105],[115.43976159587696,-6.8499877500260204],[115.43982476099856,-6.8499871653682094],[115.43982484456701,-6.8499961840661223],[115.43984289174395,-6.8499960170192962],[115.4398429753129,-6.8500050357169666],[115.43987004607793,-6.8500047851451322],[115.43987012964749,-6.8500138038424643],[115.43993329476318,-6.8500132191681757],[115.43993337833403,-6.8500222378647289],[115.4399424019217,-6.8500221543390456],[115.43994248549281,-6.8500311730354655],[115.43996053266817,-6.8500310059833733],[115.4399604490967,-6.8500219872871737],[115.43997849627127,-6.8500218202346295],[115.43997841269957,-6.8500128015386323],[115.43995134193808,-6.8500130521168634],[115.43995125836702,-6.8500040334205305],[115.43993321119245,-6.85000420047162],[115.43993312762183,-6.849995181775058],[115.43988800968431,-6.849995599399282],[115.43988792611465,-6.8499865807021445],[115.43986085535127,-6.8499868312743253],[115.43986077178225,-6.849977812576884],[115.43984272460644,-6.8499779796239411],[115.43984264103784,-6.8499689609262564],[115.43978849950875,-6.8499694620627176],[115.43978841594128,-6.8499604433643633]]],[[[115.43972500012185,-6.8499339719177108],[115.43969792935545,-6.8499342224787982],[115.43969809648645,-6.8499522598777469],[115.43973419084278,-6.8499519257950725],[115.43973410727654,-6.8499429070960591],[115.4397250836878,-6.8499429906168707],[115.43972500012185,-6.8499339719177108]]],[[[115.43941803092304,-6.8499187741154506],[115.43941794736315,-6.8499097554125203],[115.43940892377111,-6.8499098389269921],[115.43940900733084,-6.8499188576300352],[115.43941803092304,-6.8499187741154506]]],[[[115.43943549318787,-6.8498554761667254],[115.43943532606912,-6.8498374387612433],[115.43942630247865,-6.8498375222751644],[115.43942646959708,-6.8498555596808695],[115.43943549318787,-6.8498554761667254]]],[[[115.44472356121935,-6.8508076602943104],[115.44482282019101,-6.8508067404082942],[115.44482273651863,-6.8507977217722198],[115.44484078360259,-6.85079755451825],[115.44484069992998,-6.8507885358823941],[115.44484972347165,-6.8507884522552676],[115.44484955612646,-6.8507704149837485],[115.44485857966764,-6.8507703313566752],[115.44485841232257,-6.8507522940853942],[115.44486743586334,-6.8507522104583751],[115.44486735219081,-6.8507431918228301],[115.44487637573125,-6.850743108195755],[115.44487629205867,-6.8507340895603157],[115.4449123862187,-6.8507337550507703],[115.44491246989197,-6.8507427736857647],[115.4449395405113,-6.8507425228015038],[115.44493962418518,-6.8507515414361606],[115.44495767126452,-6.8507513741789214],[115.44495775493883,-6.8507603928133509],[115.4449667784785,-6.850760309184369],[115.44496702950269,-6.850787365087295],[115.44497605304272,-6.8507872814578121],[115.44497613671784,-6.8507963000920009],[115.44498516025799,-6.8507962164622365],[115.44498532760888,-6.8508142537303627],[115.44499435114921,-6.8508141701002074],[115.44499443482499,-6.8508231887341795],[115.44500345836539,-6.8508231051037454],[115.44500362571765,-6.8508411423714177],[115.44501264925829,-6.8508410587405937],[115.44501273293474,-6.8508500773743108],[115.44503078001598,-6.8508499101119336],[115.44503086369292,-6.850858928745426],[115.44505793431442,-6.8508586778502645],[115.445057850637,-6.8508496592171042],[115.44507589771712,-6.8508494919530438],[115.44507581403947,-6.8508404733201038],[115.44508483757917,-6.8508403896879315],[115.44508450286905,-6.8508043151565676],[115.44509352640796,-6.8508042315246716],[115.44509335905323,-6.8507861942591868],[115.44508433551465,-6.8507862778908608],[115.44508416816073,-6.8507682406251185],[115.44507514462235,-6.8507683242564008],[115.44507506094573,-6.8507593056234386],[115.44506603740739,-6.8507593892544412],[115.44506595373105,-6.8507503706213466],[115.44505693019279,-6.8507504542520703],[115.44505684651672,-6.8507414356188585],[115.44504782297852,-6.8507415192493042],[115.44504773930274,-6.8507325006159778],[115.44503871576458,-6.850732584246142],[115.44503854841369,-6.8507145469792547],[115.44502952487578,-6.8507146306090272],[115.44502927385078,-6.8506875747083278],[115.44502025031323,-6.8506876583376011],[115.44502016663861,-6.850678639703931],[115.44501114310115,-6.8506787233329236],[115.44501105942685,-6.8506697046991052],[115.4450020358894,-6.850669788327818],[115.44500195221538,-6.850660769693901],[115.44497488160293,-6.8506610205786993],[115.44497496527649,-6.8506700392129494],[115.44494789466253,-6.8506702900965655],[115.44494806200892,-6.8506883273657202],[115.44493903847039,-6.8506884109934783],[115.44493912214361,-6.85069742962816],[115.44489400444836,-6.850697847764974],[115.4448940881208,-6.8507068664002073],[115.44488506458123,-6.8507069500271767],[115.44488498090894,-6.8506979313918315],[115.44484888675028,-6.8506982658975772],[115.44484863573607,-6.8506712099901854],[115.44483961219659,-6.8506712936158669],[115.44483877549156,-6.8505811072564944],[115.44484779902935,-6.850581023631924],[115.44484754801952,-6.8505539677243599],[115.44485657155666,-6.8505538840999538],[115.4448564878868,-6.8505448654642009],[115.44487453496039,-6.8505446982151055],[115.4448744512903,-6.8505356795795702],[115.44490152189937,-6.8505354287049975],[115.44490143822887,-6.8505264100697927],[115.44491046176483,-6.8505263264447089],[115.44491029442383,-6.8505082891745062],[115.44492834149474,-6.8505081219242792],[115.44492825782407,-6.850499103289394],[115.44493728135919,-6.850499019664138],[115.44493719768849,-6.8504900010293595],[115.44500036242998,-6.8504894156486333],[115.44500027875819,-6.8504803970146284],[115.44502734935951,-6.8504801461349807],[115.44502718201525,-6.8504621088676227],[115.44503620554845,-6.8504620252409598],[115.44503561984594,-6.8503988948058323],[115.44502659631392,-6.850398978431719],[115.44502634530078,-6.8503719225305746],[115.44501732176911,-6.8503720061559568],[115.44501723809847,-6.8503629875221161],[115.44500821456691,-6.8503630711472212],[115.44500813089651,-6.8503540525132491],[115.44499008383337,-6.8503542197627301],[115.44499000016343,-6.8503452011285653],[115.44497195310016,-6.8503453683771509],[115.44497186943069,-6.850336349742741],[115.44496284589904,-6.8503364333666701],[115.44496276222988,-6.8503274147321456],[115.44495373869826,-6.8503274983557958],[115.44495365502934,-6.8503184797211558],[115.4449356079662,-6.8503186469677271],[115.44493544062938,-6.8503006096979897],[115.44492641709797,-6.8503006933208006],[115.44492633342989,-6.8502916746858142],[115.44491730989854,-6.8502917583083454],[115.44491714256307,-6.8502737210381373],[115.4448990955007,-6.8502738882822509],[115.44489901183347,-6.8502648696469342],[115.44488998830229,-6.8502649532686268],[115.44488990463533,-6.8502559346331626],[115.44488088110421,-6.8502560182545755],[115.44488079743752,-6.850246999619011],[115.44487177390644,-6.8502470832401459],[115.44487169024008,-6.8502380646044658],[115.44486266670907,-6.8502381482253201],[115.44486258304296,-6.8502291295895246],[115.44485355951198,-6.8502292132101008],[115.44485347584617,-6.8502201945741898],[115.44484445231527,-6.8502202781944854],[115.44484436864971,-6.8502112595584581],[115.44483534511886,-6.8502113431784748],[115.44483526145358,-6.8502023245423338],[115.44475404967234,-6.8502030771138989],[115.44475413333609,-6.8502120957510391],[115.44470901567506,-6.8502125138410142],[115.44470893201215,-6.8502034952033179],[115.44469990847978,-6.8502035788206967],[115.44469982481716,-6.8501945601828673],[115.44469080128481,-6.8501946437999663],[115.44469071762248,-6.8501856251620561],[115.44468169409024,-6.8501857087788744],[115.44468161042816,-6.8501766901408319],[115.44467258689595,-6.8501767737573722],[115.4446721685882,-6.8501316805665331],[115.44466314505674,-6.8501317641823496],[115.44466255943179,-6.8500686337142129],[115.4446535359014,-6.8500687173290826],[115.44465345224131,-6.8500596986906492],[115.44463540518048,-6.8500598659196621],[115.44463532152082,-6.8500508472810004],[115.44462629799041,-6.8500509308951445],[115.44462621433105,-6.8500419122563683],[115.44458109667812,-6.8500423303240003],[115.44458101301973,-6.8500333116846646],[115.44456296595811,-6.8500334789103166],[115.44456288230016,-6.8500244602707543],[115.44455385876934,-6.8500245438832161],[115.44455377511167,-6.8500155252435384],[115.44454475158092,-6.8500156088557205],[115.44454458426627,-6.8499975715761297],[115.44453556073572,-6.8499976551879218],[115.44453547707873,-6.8499886365479918],[115.44451743001767,-6.8499888037708487],[115.44451734636112,-6.8499797851307251],[115.44440906398728,-6.8499807884523873],[115.44440914764181,-6.8499898070938432],[115.44439110057756,-6.8499899743119839],[115.44439118423188,-6.849998992953692],[115.44433704303549,-6.8499994946047424],[115.44433712668889,-6.8500085132470945],[115.4442920090213,-6.8500089312855605],[115.44429192536873,-6.8499999126426516],[115.44425583123328,-6.8500002470699481],[115.44425574758151,-6.8499912284265747],[115.44424672404756,-6.8499913120328664],[115.44424664039607,-6.8499822933894094],[115.44423761686214,-6.8499823769954231],[115.44423753321094,-6.8499733583518347],[115.44422850967706,-6.8499734419575677],[115.44422842602616,-6.8499644233138648],[115.44421940249237,-6.8499645069193171],[115.4442193188417,-6.8499554882754987],[115.44421029530794,-6.8499555718806731],[115.44421004435718,-6.8499285159488563],[115.44420102082384,-6.849928599553528],[115.44420085352425,-6.8499105622654062],[115.44419182999111,-6.8499106458696879],[115.44419174634166,-6.8499016272255258],[115.44415565220865,-6.8499019616405246],[115.44415556855998,-6.8498929429958801],[115.44413752149315,-6.8498931102021476],[115.44413760514148,-6.849902128847015],[115.4441015110058,-6.8499024632579717],[115.44410167830148,-6.8499205005485297],[115.44408363123227,-6.8499206677534428],[115.44408371487995,-6.8499296863989452],[115.44404762073951,-6.8499300208071938],[115.44404770438662,-6.8499390394531376],[115.44400258670773,-6.8499394574602146],[115.4440026703541,-6.8499484761066922],[115.44397559974492,-6.8499487269092505],[115.44397568339089,-6.8499577455560905],[115.44396665985411,-6.8499578291567174],[115.44396674350003,-6.8499668478036462],[115.44395771996294,-6.8499669314042171],[115.44395813819344,-6.8500120246393541],[115.44394911465542,-6.8500121082403105],[115.44394928194806,-6.8500301455345571],[115.44394025840958,-6.8500302291355668],[115.44394017476336,-6.850021210488336],[115.44392212768641,-6.8500213776896288],[115.44392204404063,-6.8500123590421715],[115.44391302050215,-6.8500124426424547],[115.44391276956605,-6.8499853866997187],[115.44392179310404,-6.8499853030997686],[115.44392145852348,-6.8499492285098222],[115.44391243498616,-6.8499493121093273],[115.44391235134147,-6.8499402934617395],[115.44392137487863,-6.8499402098623454],[115.4439210403003,-6.8499041352723422],[115.44391201676383,-6.8499042188712931],[115.44391193311969,-6.8498952002236493],[115.44389388604681,-6.8498953674208218],[115.44389380240312,-6.8498863487729684],[115.44387575533008,-6.8498865159692475],[115.44387567168687,-6.8498774973211676],[115.44386664815033,-6.8498775809189416],[115.4438665645074,-6.8498685622707471],[115.44385754097092,-6.8498686458682423],[115.44385745732826,-6.8498596272199315],[115.44382136318198,-6.8498599616077849],[115.44382127954009,-6.8498509429590264],[115.44380323246661,-6.8498511101517199],[115.44380314882517,-6.849842091502734],[115.44373096052806,-6.8498427602658873],[115.44373104416812,-6.8498517789157622],[115.44359569108904,-6.8498530328192926],[115.4435956074515,-6.8498440141677506],[115.4434783014313,-6.8498451008520496],[115.44347821779607,-6.8498360821990616],[115.44344212363283,-6.8498364165572916],[115.44344195636403,-6.8498183792504106],[115.44343293282328,-6.8498184628393242],[115.44343284918919,-6.8498094441857669],[115.44342382564849,-6.8498095277744016],[115.4434237420147,-6.8498005091207288],[115.44341471847407,-6.8498005927090846],[115.44341463484058,-6.8497915740552786],[115.44340561129998,-6.8497916576433537],[115.44340544403364,-6.8497736203355588],[115.44339642049329,-6.8497737039232449],[115.44339633686045,-6.8497646852692204],[115.44338731332016,-6.8497647688566259],[115.44338714605517,-6.8497467315483256],[115.44337812251506,-6.849746815135342],[115.44337803888291,-6.849737796481099],[115.4433690153429,-6.8497378800678357],[115.44336884807926,-6.8497198427590815],[115.44335982453946,-6.8497199263454265],[115.44335974090799,-6.8497109076909322],[115.44335071736823,-6.8497109912769991],[115.44335063373703,-6.8497019726224044],[115.44334161019735,-6.8497020562081916],[115.44334152656643,-6.8496930375534495],[115.44332347948705,-6.8496932047242947],[115.44332339585657,-6.849684186069342],[115.44329632523718,-6.8496844368240151],[115.44329624160733,-6.8496754181687249],[115.44327819452748,-6.8496755853374429],[115.44327827815701,-6.8496846039929542],[115.44325120753592,-6.8496848547451012],[115.44325129116504,-6.8496938734009412],[115.4432332440834,-6.8496940405684192],[115.44323332771232,-6.8497030592244936],[115.44312504521103,-6.8497040622165466],[115.44312512883802,-6.8497130808739177],[115.44309805820967,-6.8497133316184744],[115.44309814183627,-6.8497223502761901],[115.4430710712064,-6.8497226010195646],[115.44307115483261,-6.8497316196776081],[115.44306213128894,-6.8497317032585077],[115.44306221491507,-6.8497407219166586],[115.44303514428285,-6.8497409726586787],[115.44303522790858,-6.8497499913171422],[115.44301718081954,-6.8497501584778693],[115.4430170971941,-6.8497411398191845],[115.44299002656018,-6.8497413905586795],[115.44298985931069,-6.8497233532405968],[115.44298083576615,-6.8497234368198683],[115.44298075214174,-6.8497144181607093],[115.44296270505266,-6.8497145853185284],[115.44296262142871,-6.8497055666591589],[115.4429535978842,-6.8497056502377038],[115.44295351426052,-6.849696631578186],[115.44293546717144,-6.8496967987345503],[115.44293529992511,-6.84967876141509],[115.44290822929167,-6.849679012147706],[115.44290814566916,-6.8496699934876366],[115.44289009857997,-6.849670160641649],[115.44289001495794,-6.8496611419813531],[115.44279977950693,-6.8496619777402037],[115.44279961226654,-6.8496439404173772],[115.44278156517568,-6.8496441075666823],[115.442781481556,-6.8496350889050408],[115.44271831673554,-6.8496356739215267],[115.44271840035405,-6.8496446925839454],[115.44269132971452,-6.8496449433031055],[115.44269141333262,-6.8496539619658536],[115.44267336623871,-6.8496541291113395],[115.44267344985658,-6.8496631477743044],[115.44265540276189,-6.8496633149193391],[115.44265548637954,-6.8496723335825216],[115.44263743928406,-6.8496725007271051],[115.44263752290149,-6.8496815193905061],[115.4426284993534,-6.8496816029626562],[115.44262866658829,-6.8496996402896686],[115.44261061949109,-6.8496998074339057],[115.44261070310839,-6.8497088260976433],[115.4425926560104,-6.849708993241431],[115.44259273962744,-6.8497180119053525],[115.4425476218797,-6.8497184297624303],[115.44254770549603,-6.8497274484269184],[115.44252965839583,-6.8497276155687929],[115.44252974201193,-6.8497366342335004],[115.44251169491089,-6.8497368013749229],[115.44251177852678,-6.849745820039848],[115.44244861366849,-6.8497464050302996],[115.44244869728331,-6.8497554236959797],[115.44240357952317,-6.8497558415418052],[115.44240366313723,-6.8497648602080705],[115.44235854537345,-6.849765278050242],[115.44235862898681,-6.8497742967170412],[115.44230448766554,-6.8497747981227546],[115.44230440405319,-6.8497657794552884],[115.44220514495549,-6.8497666986821315],[115.4422053121766,-6.849784736019501],[115.44219628862122,-6.849784819584789],[115.44219645584242,-6.8498028569223468],[115.4421874322866,-6.849802940487689],[115.44218851923316,-6.8499201831829746],[115.44219754279112,-6.8499200996161882],[115.44219854614532,-6.8500283236405668],[115.44218049902517,-6.8500284907766336],[115.44218024818612,-6.8500014347699292],[115.44217122462639,-6.8500015183373764],[115.44217097378888,-6.8499744623302981],[115.44216195022953,-6.8499745458972443],[115.44216186661743,-6.8499655272280808],[115.44214381949874,-6.8499656943612468],[115.4421436522755,-6.849947657022514],[115.44209853447852,-6.8499480748513717],[115.44209845086792,-6.8499390561814346],[115.44208942730837,-6.8499391397465894],[115.44208934369804,-6.8499301210765378],[115.44205324945932,-6.8499304553350298],[115.44205341667873,-6.8499484926760177],[115.44202634599749,-6.8499487433687847],[115.44202642960687,-6.8499577620396046],[115.44200838248513,-6.8499579291674957],[115.44200846609428,-6.8499669478385163],[115.4419994425331,-6.8499670314023202],[115.44199952614217,-6.8499760500734812],[115.44198147901911,-6.8499762172008074],[115.44198156262797,-6.8499852358721691],[115.4419635155041,-6.8499854029990423],[115.44196368272151,-6.8500034403421974],[115.44195465915905,-6.8500035239056043],[115.44195474276775,-6.8500125425772689],[115.44194571920504,-6.850012626140618],[115.44194580281365,-6.8500216448124238],[115.44193677925067,-6.8500217283757152],[115.44193703007677,-6.8500487843913884],[115.44192800651312,-6.8500488679548441],[115.44192809012189,-6.8500578866268382],[115.44191906655799,-6.8500579701902362],[115.44191915016668,-6.8500669888623369],[115.44191012660252,-6.850067072425678],[115.44191029381992,-6.8500851097700863],[115.44190127025527,-6.8500851933334816],[115.44190135386398,-6.8500942120057902],[115.44189233029907,-6.8500942955691277],[115.44189241390771,-6.8501033142415437],[115.44182924894901,-6.8501038991809686],[115.44182916534155,-6.8500948805077755],[115.44181111820983,-6.8500950476315881],[115.44181103460281,-6.8500860289581693],[115.44180201103693,-6.850086112519711],[115.44180192743022,-6.8500770938461768],[115.44171169176703,-6.8500779294512295],[115.44171177537207,-6.8500869481258739],[115.44168470467039,-6.8500871988044389],[115.44168462106586,-6.8500781801294615],[115.44162145609255,-6.8500787650394406],[115.44162137248931,-6.8500697463636815],[115.44159430178529,-6.8500699970365275],[115.44159421818266,-6.8500609783604318],[115.4414588646498,-6.8500622317002628],[115.44145878104982,-6.8500532130224965],[115.44144073391054,-6.8500533801313876],[115.44144065031098,-6.8500443614533957],[115.4414226031716,-6.8500445285613925],[115.4414225195725,-6.8500355098831722],[115.44141349600281,-6.8500355934368073],[115.44141357960173,-6.8500446121151377],[115.44137748532111,-6.8500449463284365],[115.44137756891948,-6.8500539650072074],[115.44135049820731,-6.8500542156657476],[115.4413505818053,-6.8500632343448462],[115.44132351109164,-6.8500634850022024],[115.44132359468921,-6.8500725036816297],[115.44130554754587,-6.8500726707859148],[115.44130563114321,-6.8500816894655596],[115.44129660757122,-6.8500817730175614],[115.4412966911685,-6.8500907916973119],[115.4412876675962,-6.850090875249256],[115.44128775119344,-6.850099893929114],[115.44124263332947,-6.8501003116868588],[115.44124271692597,-6.8501093303672684],[115.44123369335266,-6.8501094139184229],[115.4412337769491,-6.8501184325989382],[115.44122475337554,-6.8501185161500366],[115.44122483697194,-6.8501275348306585],[115.4412158133981,-6.8501276183816984],[115.44121589699442,-6.8501366370624437],[115.44120687342027,-6.8501367206134267],[115.44120695701656,-6.8501457392942449],[115.44118890986759,-6.8501459063959276],[115.44118899346364,-6.8501549250769811],[115.44117996988882,-6.8501550086276799],[115.44118005348484,-6.85016402730884],[115.44114395918375,-6.850164361510398],[115.44114404277919,-6.8501733801919968],[115.44113501920349,-6.8501734637420766],[115.44113510279887,-6.850182482423766],[115.44111705564674,-6.8501826495236413],[115.44111713924192,-6.8501916682055821],[115.441099092089,-6.8501918353050062],[115.44109917568393,-6.8502008539871477],[115.44109015210715,-6.8502009375367177],[115.44109023570203,-6.8502099562189649],[115.44103609423792,-6.8502104575135174],[115.4410361778319,-6.8502194761964272],[115.44097301278413,-6.8502200610331849],[115.4409729291913,-6.8502110423494988],[115.44096390561278,-6.8502111258968217],[115.44096373842784,-6.8501930885292124],[115.44095471484951,-6.8501931720761462],[115.44095454766536,-6.850175134708298],[115.44094552408728,-6.8501752182548392],[115.44094544049554,-6.8501661995707988],[115.44092739333936,-6.8501663666631574],[115.44092730974806,-6.8501573479788886],[115.44089121543503,-6.8501576821611403],[115.44089113184452,-6.8501486634764239],[115.4408189432144,-6.850149331831954],[115.44081902680355,-6.8501583505175603],[115.44082805038289,-6.8501582669735965],[115.44082846833119,-6.8502033604009993],[115.44083749191125,-6.8502032768563126],[115.44083757550142,-6.8502122955416684],[115.44085562266153,-6.8502121284515685],[115.44085570625215,-6.8502211471366987],[115.44086472983221,-6.8502210635912846],[115.44086489701412,-6.8502391009613088],[115.44087392059441,-6.8502390174155048],[115.44087433855202,-6.8502841108399339],[115.44088336213302,-6.8502840272934069],[115.44088378009427,-6.8503291207171717],[115.44087475651243,-6.8503292042642547],[115.44087484010483,-6.8503382229491052],[115.44086581652269,-6.8503383064961296],[115.44086590011504,-6.8503473251811045],[115.44085687653265,-6.850347408728072],[115.44085679294044,-6.8503383900429862],[115.4408477693581,-6.8503384735896748],[115.44084785295011,-6.8503474922748708],[115.44082980578472,-6.8503476593679649],[115.44082988937653,-6.8503566780533447],[115.44081184221034,-6.8503568451459875],[115.44081192580191,-6.850365863831601],[115.44082094938523,-6.8503657802852533],[115.4408210329771,-6.8503747989707531],[115.44084810372688,-6.8503745483303664],[115.44084827091196,-6.8503925857006687],[115.44086631807855,-6.8503924186057921],[115.4408664016716,-6.8504014372907394],[115.44087542525493,-6.8504013537429378],[115.44087550884826,-6.8504103724277527],[115.44086648526476,-6.8504104559756662],[115.44086665245142,-6.8504284933455066],[115.44087567603523,-6.8504284097973711],[115.4408757596289,-6.8504374284821568],[115.44088478321277,-6.8504373449337423],[115.44088469961893,-6.8504283262490668],[115.44091177036938,-6.8504280756031459],[115.44091168677514,-6.8504190569187831],[115.44093875752407,-6.85041880627168],[115.44093884111882,-6.8504278249557089],[115.44094786470176,-6.850427741406226],[115.44094794829675,-6.8504367600901244],[115.44096599546259,-6.8504365929904321],[115.44096607905806,-6.8504456116741359],[115.44097510264096,-6.8504455281239274],[115.4409751862367,-6.8504545468074989],[115.44102030415044,-6.8504541290533698],[115.44102022055387,-6.8504451103703525],[115.44106533846394,-6.8504446926125668],[115.44106525486663,-6.8504356739300816],[115.44107427844814,-6.8504355903781304],[115.44107444564321,-6.850453627742854],[115.44106542206137,-6.8504537112950281],[115.44106558925654,-6.85047174865994],[115.44105656567426,-6.8504718322121665],[115.44105664927184,-6.8504808508947281],[115.44106567285431,-6.8504807673423889],[115.44106575645219,-6.8504897860248342],[115.4410747800347,-6.8504897024722169],[115.44107469643666,-6.8504806837898835],[115.44108372001891,-6.8504806002372076],[115.4410836364208,-6.8504715815549799],[115.44109266000277,-6.8504714980022472],[115.44109257640461,-6.8504624793201279],[115.44110159998627,-6.8504623957673383],[115.44110151638806,-6.8504533770853246],[115.44111053996947,-6.8504532935324765],[115.44111045637121,-6.8504442748505685],[115.44112850353333,-6.8504441077445923],[115.44112841993484,-6.8504350890628851],[115.44115549067666,-6.8504348384029896],[115.44115557427567,-6.8504438570843629],[115.4411645978562,-6.8504437735306167],[115.44116476505486,-6.8504618108930941],[115.44117378863565,-6.8504617273389563],[115.44117387223531,-6.8504707460200791],[115.44118289581614,-6.8504706624656633],[115.44118306301617,-6.8504886998276699],[115.44119208659721,-6.8504886162728642],[115.44119200299697,-6.8504795975919732],[115.44120102657777,-6.850479514037108],[115.44120094297747,-6.8504704953563236],[115.44123703729878,-6.8504701611356271],[115.44123695369791,-6.8504611424552824],[115.4412459772778,-6.8504610588997981],[115.44124589367689,-6.8504520402195599],[115.44126394083598,-6.8504518731083088],[115.44126360643213,-6.8504157983882017],[115.44127263001081,-6.8504157148327662],[115.44127271361178,-6.8504247335126882],[115.44130880792611,-6.8504243992888219],[115.44130889152785,-6.8504334179682811],[115.44131791510632,-6.8504333344117807],[115.44131783150441,-6.8504243157324343],[115.44133587866068,-6.8504241486191546],[115.44133562785457,-6.850397092581705],[115.44134465143203,-6.8503970090251451],[115.44134448422822,-6.8503789716670465],[115.4413535078052,-6.8503788881105407],[115.44135359140722,-6.8503879067894644],[115.44138968571481,-6.8503875725613108],[115.44138976931762,-6.8503965912398206],[115.44141684004764,-6.8503963405666033],[115.44141692365106,-6.8504053592447587],[115.44142594722769,-6.8504052756865716],[115.44142603083139,-6.8504142943646107],[115.44145310156105,-6.8504140436887075],[115.44145301795685,-6.8504050250110016],[115.44146204153297,-6.8504049414521422],[115.44146195792871,-6.850395922774541],[115.44147098150459,-6.8503958392156239],[115.44147089790029,-6.8503868205381142],[115.44147992147586,-6.8503867369791385],[115.44147983787147,-6.8503777183017691],[115.44149788502199,-6.8503775511835361],[115.4414978014174,-6.8503685325063666],[115.44155194286523,-6.8503680311482915],[115.44155202647084,-6.850377049824794],[115.44158812076783,-6.8503767155822644],[115.44158820437424,-6.8503857342583014],[115.4416152750963,-6.8503854835743025],[115.44161535870333,-6.8503945022500359],[115.4416514529985,-6.8503941680019027],[115.4416515366063,-6.8504031866771715],[115.44167860732703,-6.8504029359889689],[115.44167869093545,-6.8504119546639002],[115.44169673808236,-6.8504117875373689],[115.44169682169122,-6.8504208062120728],[115.44172389241125,-6.850420555520679],[115.44172380880187,-6.8504115368463072],[115.44175087952038,-6.8504112861537312],[115.44175096313026,-6.850420304827769],[115.4417870574207,-6.8504199705681978],[115.44178714103138,-6.8504289892417711],[115.44184128246468,-6.8504284878466954],[115.44184153330042,-6.8504555438654569],[115.44185055687271,-6.8504554602986891],[115.44185072409745,-6.8504734976442743],[115.44185974766999,-6.8504734140771157],[115.4418599148955,-6.8504914514224611],[115.44186893846828,-6.8504913678549126],[115.44186910569459,-6.8505094052000182],[115.44188715284048,-6.8505092380639692],[115.44188723645414,-6.8505182567362946],[115.44189626002706,-6.8505181731679059],[115.44189642725506,-6.8505362105123204],[115.44191447440129,-6.8505360433745963],[115.44191439078689,-6.8505270247026129],[115.44193243793231,-6.8505268575644367],[115.44193252154703,-6.8505358762361972],[115.44194154511976,-6.8505357926667454],[115.44194162873478,-6.8505448113384073],[115.44196869945274,-6.8505445606287081],[115.44196886668409,-6.8505625979713027],[115.44195984311123,-6.850562681541593],[115.44195975949565,-6.850553662870178],[115.44194171234989,-6.850553830010031],[115.44194179596512,-6.8505628486816681],[115.44193277239188,-6.850562932251453],[115.44193285600706,-6.8505719509231957],[115.44194187958047,-6.8505718673532989],[115.44194196319593,-6.8505808860249271],[115.44195098676934,-6.8505808024547523],[115.44195107038509,-6.8505898211262473],[115.4419600939586,-6.8505897375557936],[115.44196017757463,-6.850598756227205],[115.44198724829495,-6.8505985055144976],[115.44198733191158,-6.8506075241855573],[115.44199635548497,-6.8506074406142066],[115.44199643910189,-6.8506164592851491],[115.44200546267535,-6.8506163757135194],[115.44200554629253,-6.8506253943843474],[115.44202359343942,-6.8506252272403607],[115.44202367705707,-6.8506342459109453],[115.44203270063051,-6.8506341623385882],[115.44203278424844,-6.850643181009092],[115.44205985496859,-6.8506429302906753],[115.44205977135015,-6.8506339116205055],[115.44206879492313,-6.8506338280474743],[115.44206871130464,-6.850624809377444],[115.44205968773184,-6.850624892950365],[115.44205952049553,-6.8506068556100352],[115.44207756764037,-6.8506066884644721],[115.44207765125881,-6.8506157071344154],[115.44210472197575,-6.8506154564144728],[115.44210488921398,-6.8506334937536648],[115.4421139127864,-6.8506334101797925],[115.44211382916707,-6.8506243915103173],[115.44212285273922,-6.8506243079363882],[115.44212293635871,-6.8506333266057506],[115.44215903064683,-6.8506329923078999],[115.44215911426713,-6.8506420109768484],[115.44217716141085,-6.8506418438266907],[115.44217732865246,-6.8506598811640966],[115.44218635222448,-6.8506597975885439],[115.44218660308822,-6.8506868535942882],[115.44219562666066,-6.8506867700182319],[115.44219571028231,-6.8506957886866946],[115.44220473385475,-6.8506957051103585],[115.44220490109873,-6.8507137424470468],[115.44224099538889,-6.8507134081391357],[115.44224107901169,-6.8507224268070281],[115.4422501025841,-6.8507223432295188],[115.44225001896113,-6.8507133245617364],[115.44226806610529,-6.8507131574064335],[115.44226831697561,-6.8507402134091011],[115.442277340548,-6.8507401298308626],[115.44227742417183,-6.8507491484983154],[115.44230449488893,-6.8507488977622595],[115.44230457851337,-6.8507579164293411],[115.44232262565789,-6.8507577492709055],[115.4423225420331,-6.8507487306040478],[115.44233156560503,-6.8507486470246883],[115.44233164922998,-6.8507576656914368],[115.44234067280195,-6.8507575821117976],[115.44234084005254,-6.8507756194450939],[115.4423588871968,-6.8507754522848661],[115.44235880357111,-6.8507664336184444],[115.44237685071461,-6.8507662664577662],[115.44237676708869,-6.8507572477915604],[115.44246700279767,-6.8507564119791766],[115.44246717005299,-6.8507744493093634],[115.44247619362358,-6.8507743657269753],[115.44247627725159,-6.8507833843919501],[115.44249432439283,-6.85078321722645],[115.44249440802126,-6.8507922358911815],[115.4425395258732,-6.8507918179739269],[115.44253960950257,-6.8508008366381326],[115.44254863307282,-6.8508007530540649],[115.44254880033228,-6.850818790382208],[115.44255782390269,-6.8508187067977504],[115.44255799116294,-6.8508367441256368],[115.44258506187462,-6.8508364933705863],[115.44258514550542,-6.8508455120342147],[115.44259416907592,-6.8508454284487499],[115.442594252707,-6.8508544471122468],[115.44260327627757,-6.8508543635265022],[115.44260344354039,-6.8508724008532598],[115.44261246711119,-6.8508723172671253],[115.44261255074294,-6.8508813359303868],[115.44262157431378,-6.8508812523439717],[115.44262165794581,-6.8508902710071178],[115.4426577522287,-6.8508899366593328],[115.44265783586151,-6.8508989553220303],[115.44269393014328,-6.8508986209711056],[115.44269384650975,-6.8508896023088521],[115.44270287007976,-6.8508895187208108],[115.44270270281275,-6.8508714813965153],[115.44269367924311,-6.8508715649843337],[115.4426935119769,-6.8508535276597966],[115.44270253554622,-6.8508534440722002],[115.44270245191309,-6.8508444254100365],[115.44269342834396,-6.8508445089975227],[115.44269317744582,-6.8508174530106709],[115.44270220101446,-6.8508173694235177],[115.44270211738183,-6.8508083507613371],[115.44271114095018,-6.8508082671741279],[115.44271105731747,-6.850799248512053],[115.44272008088554,-6.8507991649247852],[115.44271991362011,-6.850781127600845],[115.44272893718775,-6.8507810440136314],[115.44272885355504,-6.8507720253517652],[115.44273787712238,-6.8507719417644939],[115.44273779348961,-6.8507629231027352],[115.44274681705667,-6.8507628395154061],[115.44274673342386,-6.850753820853754],[115.44275575699064,-6.850753737266368],[115.44275567335777,-6.8507447186048385],[115.44276469692427,-6.8507446350173957],[115.44276478055731,-6.8507536536788143],[115.44278282769029,-6.8507534865032005],[115.4427829113238,-6.8507625051644077],[115.44279193489032,-6.8507624215762375],[115.44279218579199,-6.850789477559486],[115.44281023292564,-6.8507893103819733],[115.4428101492913,-6.8507802917211285],[115.44282819642419,-6.8507801245431637],[115.44282828005886,-6.8507891432037873],[115.44283730362532,-6.8507890596144412],[115.44283721999048,-6.8507800409539286],[115.44285526712268,-6.8507798737749539],[115.44285543439314,-6.8507979110955626],[115.44284641082677,-6.8507979946853572],[115.442846494462,-6.8508070133457668],[115.44285551802855,-6.8508069297558603],[115.44285560166409,-6.8508159484161535],[115.44290974306207,-6.850815446872522],[115.4429098266987,-6.8508244655321446],[115.44292787383077,-6.8508242983493641],[115.44292753928355,-6.8507882237117181],[115.44294558641384,-6.8507880565291535],[115.44294567005082,-6.8507970751883622],[115.44295469361597,-6.8507969915967148],[115.44295477725323,-6.8508060102557913],[115.44296380081843,-6.8508059266638659],[115.44296388445598,-6.850814945322826],[115.44297290802123,-6.8508148617306208],[115.4429728243835,-6.8508058430717709],[115.4429818479485,-6.850805759479508],[115.44298193158637,-6.8508147781382469],[115.44299095515139,-6.8508146945457051],[115.44299103878954,-6.8508237132043286],[115.44300006235467,-6.8508236296115061],[115.44300014599311,-6.8508326482699973],[115.44300916955822,-6.8508325646768959],[115.44300908591964,-6.8508235460185158],[115.44304518017842,-6.8508232116448706],[115.44304492926123,-6.8507961556709871],[115.44305395282512,-6.8507960720774879],[115.44305386918613,-6.8507870534196122],[115.44308093987667,-6.8507868026384369],[115.44308102351617,-6.8507958212959803],[115.44309907064297,-6.8507956541074657],[115.44309915428293,-6.8508046727647658],[115.44310817784633,-6.8508045891701448],[115.44310826148654,-6.8508136078273276],[115.44311728505002,-6.8508135242324277],[115.44311720140962,-6.8508045055753541],[115.44312622497279,-6.8508044219803974],[115.44312630861336,-6.85081344063736],[115.4431353321766,-6.8508133570421226],[115.44313549945841,-6.8508313943557946],[115.44314452302187,-6.8508313107601664],[115.44314469030449,-6.8508493480736314],[115.44315371386816,-6.8508492644776133],[115.44315379750981,-6.8508582831342206],[115.44318086820064,-6.8508580323448216],[115.44318095184292,-6.8508670510010905],[115.44319899896993,-6.850866883807095],[115.44319908261264,-6.8508759024631365],[115.44320810617616,-6.8508758188657755],[115.44320793889051,-6.8508577815539073],[115.44321696245356,-6.8508576979565996],[115.44321712973955,-6.8508757352682439],[115.44322615330282,-6.8508756516705454],[115.44322632058959,-6.8508936889819507],[115.44323534415309,-6.8508936053838614],[115.44323542779684,-6.8509026240394633],[115.44324445136037,-6.8509025404410941],[115.44324453500438,-6.8509115590965468],[115.44325355856803,-6.8509114754978988],[115.44325380950121,-6.8509385314639477],[115.4432718566291,-6.8509383642654802],[115.44327194027407,-6.8509473829206167],[115.44328096383802,-6.8509472993210174],[115.44328113112863,-6.8509653366310035],[115.44329015469279,-6.8509652530310143],[115.44329023833842,-6.8509742716858986],[115.44334437972213,-6.8509737700817643],[115.44334446336889,-6.8509827887359771],[115.44336251049623,-6.8509826215330296],[115.44336242684915,-6.8509736028790398],[115.44337145041249,-6.8509735192774226],[115.44337153405975,-6.8509825379313032],[115.44338055762312,-6.850982454329408],[115.44338064127066,-6.8509914729831554],[115.4433896648341,-6.8509913893809813],[115.44338974848192,-6.8510004080346469],[115.44339877204544,-6.8510003244321922],[115.44339902299012,-6.8510273803927779],[115.44338999942609,-6.8510274639955666],[115.44338991577793,-6.8510184453419303],[115.44338089221398,-6.8510185289444383],[115.44338105951009,-6.8510365662519268],[115.4434081302026,-6.8510363154432321],[115.44340829750016,-6.8510543527500376],[115.4434624388842,-6.8510538511267676],[115.44346252253416,-6.8510628697794971],[115.44348056966157,-6.8510627025701707],[115.44348065331199,-6.8510717212226728],[115.44348967687573,-6.8510716376176468],[115.44348976052642,-6.8510806562700344],[115.4436702317805,-6.8510789841319077],[115.44367039908897,-6.851097021432226],[115.44369746977422,-6.8510967706050305],[115.44369755342912,-6.8511057892548664],[115.44372462411384,-6.8511055384258208],[115.44372470776935,-6.8511145570752872],[115.44373373133088,-6.8511144734651559],[115.44373364767517,-6.8511054548158024],[115.44374267123642,-6.8511053712056151],[115.4437427548923,-6.8511143898548585],[115.44375177845357,-6.8511143062443915],[115.44375186210972,-6.8511233248935355],[115.4437699092323,-6.8511231576718759],[115.4437699928889,-6.8511321763207924],[115.44377901645018,-6.8511320927095989],[115.44377893279342,-6.8511230740607916],[115.44378795635446,-6.8511229904495403],[115.44378778904091,-6.8511049531521531],[115.44376974191945,-6.8511051203740436],[115.44376965826321,-6.851096101725096],[115.44378770538431,-6.8510959345034275],[115.44378778904091,-6.8511049531521531],[115.44379681260148,-6.851104869540956],[115.44379697991532,-6.8511229068381212],[115.44380600347613,-6.8511228232265324],[115.44380566884816,-6.8510867486325973],[115.44385078664702,-6.8510863305743497],[115.44385070298948,-6.8510773119264101],[115.44382363231101,-6.851077562761529],[115.44382354865408,-6.8510685441132511],[115.44383257221352,-6.8510684605018248],[115.44383248855654,-6.8510594418536535],[115.44384151211568,-6.8510593582421695],[115.44384159577284,-6.8510683768902281],[115.44385964289116,-6.8510682096665318],[115.4438598938643,-6.8510952656100192],[115.44387794098316,-6.8510950983849819],[115.44387802464145,-6.8511041170325981],[115.44389607176019,-6.8511039498066646],[115.44389598810157,-6.8510949311592722],[115.44392305877834,-6.8510946803194432],[115.44392297511932,-6.8510856616723963],[115.44393199867787,-6.8510855780588962],[115.44393208233704,-6.8510945967058303],[115.44394110589563,-6.8510945130920486],[115.44394102223627,-6.8510854944452255],[115.44398614002669,-6.8510850763743454],[115.44398630734717,-6.8511031136668965],[115.44399533090528,-6.8511030300519931],[115.44399524724481,-6.8510940114058227],[115.44400427080261,-6.8510939277908625],[115.44400435446323,-6.8511029464369217],[115.44401337802107,-6.8511028628216817],[115.44401354534303,-6.851120900113516],[115.44400452178485,-6.8511209837289773],[115.44400460544583,-6.8511300023750072],[115.44401362900419,-6.8511299187594341],[115.44401371266545,-6.8511389374053477],[115.44402273622384,-6.8511388537894939],[115.44402281988539,-6.8511478724352761],[115.44408598479234,-6.8511472871188133],[115.44408606845518,-6.8511563057638458],[115.44411313912838,-6.8511560549110735],[115.44411330645539,-6.8511740922004272],[115.44413135357095,-6.8511739249639589],[115.44413160456334,-6.85120098089729],[115.44414965167948,-6.8512008136594815],[115.44414940068611,-6.8511737577268175],[115.4441584242435,-6.8511736741079945],[115.44415859157266,-6.8511917113962015],[115.44416761513027,-6.8511916277769869],[115.44416778246023,-6.8512096650649887],[115.4441948531334,-6.8512094142056696],[115.44419493679906,-6.8512184328493229],[115.4442129839143,-6.8512182656087113],[115.44421306758038,-6.8512272842521371],[115.44423111469551,-6.8512271170106303],[115.44423119836206,-6.8512361356538296],[115.44426729259163,-6.8512358011683512],[115.44426720892443,-6.8512267825255968],[115.44427623248137,-6.8512266989039166],[115.44427614881408,-6.851217680261267],[115.44428517237075,-6.8512175966395299],[115.44428492136909,-6.8511905407118743],[115.44432101559261,-6.8511902062245742],[115.44432093192493,-6.8511811875824815],[115.44432995548037,-6.8511811039603456],[115.44432987181264,-6.8511720853183409],[115.44432084825739,-6.8511721689403657],[115.44432076458995,-6.8511631502982464],[115.44433881169999,-6.8511629830542518],[115.44433889536776,-6.851172001696149],[115.44434791892282,-6.8511719180737884],[115.44434808625904,-6.8511899553573308],[115.44435710981429,-6.8511898717345794],[115.44435727715131,-6.8512079090179165],[115.44436630070679,-6.8512078253947744],[115.44436638437564,-6.8512168440363164],[115.4443844314866,-6.8512166767893046],[115.44438426414833,-6.8511986395066602],[115.44440231125816,-6.8511984722594201],[115.44440239492759,-6.8512074909005216],[115.4444114184825,-6.8512074072765374],[115.44441150215219,-6.8512164259175243],[115.44442052570716,-6.8512163422932604],[115.44442060937712,-6.8512253609341309],[115.44443865648708,-6.8512251936848765],[115.44443874015749,-6.8512342123255205],[115.44447483437669,-6.8512338778245461],[115.44447500171921,-6.8512519151049336],[115.44448402527408,-6.851251831479046],[115.44448410894566,-6.8512608501191217],[115.44451117961006,-6.851260599240117],[115.44451126328229,-6.851269617879856],[115.44449321617245,-6.8512697851329163],[115.44449363453356,-6.8513148783326514],[115.44450265808936,-6.8513147947056492],[115.44450257441676,-6.8513057760658391],[115.44451159797228,-6.8513056924387801],[115.44451143062705,-6.851287655159318],[115.44452045418211,-6.8512875715323132],[115.444520286837,-6.8512695342530714],[115.44452931039167,-6.8512694506261198],[115.44452947773711,-6.8512874879051395],[115.44453850129196,-6.851287404277798],[115.44453858496502,-6.8512964229171889],[115.44454760851991,-6.8512963392895676],[115.44454752484667,-6.8512873206502869],[115.44457459551025,-6.8512870697667445],[115.44457442816311,-6.8512690324888359],[115.44458345171705,-6.8512689488608745],[115.44458336804348,-6.8512599302220263],[115.44457434448971,-6.8512600138498749],[115.44457417714324,-6.8512419765719423],[115.44456515358968,-6.8512420601994029],[115.44456506991679,-6.8512330415603167],[115.44454702280967,-6.8512332088145111],[115.44454693913723,-6.8512241901752002],[115.44452889203001,-6.8512243574284977],[115.444528808358,-6.8512153387889585],[115.44450173769684,-6.8512155896673077],[115.44450165402546,-6.8512065710274328],[115.44449263047166,-6.8512066546531001],[115.44449229578797,-6.8511705800931102],[115.44448327223475,-6.8511706637181655],[115.44448285388351,-6.8511255705175236],[115.44447383033099,-6.8511256541418541],[115.44447341198342,-6.8510805609405461],[115.44446438843167,-6.8510806445641537],[115.44446430476266,-6.8510716259237681],[115.44447332831426,-6.8510715423002715],[115.44447324464521,-6.8510625236599934],[115.44446422109378,-6.8510626072833789],[115.44446413742499,-6.8510535886429826],[115.44444609032212,-6.8510537558890272],[115.44444617399058,-6.8510627745296437],[115.44442812688693,-6.8510629417752371],[115.44442821055513,-6.8510719604160712],[115.44441016345071,-6.8510721276612117],[115.44441024711871,-6.8510811463022634],[115.44440122356615,-6.8510812299246924],[115.44440130723409,-6.8510902485658525],[115.44439228368125,-6.8510903321882237],[115.44439245101714,-6.8511083694707509],[115.44436538035694,-6.8511086203375218],[115.44436512935481,-6.8510815644127243],[115.44435610580167,-6.8510816480343113],[115.44435627313598,-6.8510996853177524],[115.44433822602873,-6.8510998525608651],[115.44433830969572,-6.8511088712027766],[115.44432026258769,-6.8511090384454372],[115.44432034625444,-6.8511180570875823],[115.44431132270009,-6.8511181407087722],[115.44431157370053,-6.8511451966354988],[115.44425743236901,-6.8511456983610959],[115.44425759970117,-6.8511637356469191],[115.4442395525891,-6.8511639028878824],[115.44423930159199,-6.8511368469584975],[115.4442302780363,-6.8511369305783925],[115.444230194371,-6.8511279119351451],[115.44422117081533,-6.8511279955547604],[115.4442210034854,-6.8511099582680295],[115.44426612126085,-6.8511095401693769],[115.44426603759521,-6.8511005215265772],[115.44429310825865,-6.8511002706656976],[115.4442928572609,-6.8510732147382036],[115.44431090436824,-6.8510730474974428],[115.4443108207022,-6.8510640288551636],[115.44431984425556,-6.8510639452346416],[115.44431976058947,-6.8510549265924698],[115.44431073703629,-6.8510550102128809],[115.44431056970478,-6.8510369729283003],[115.44430154615185,-6.8510370565483223],[115.44430137882114,-6.8510190192635019],[115.44431040237374,-6.8510189356437037],[115.44431015137803,-6.8509918797167737],[115.44428308072136,-6.8509921305746655],[115.44428266239993,-6.8509470373613617],[115.44429168595144,-6.8509469537427901],[115.44429135129566,-6.8509108791725133],[115.44430037484635,-6.8509107955542152],[115.44430029118253,-6.8509017769117468],[115.44429126763201,-6.8509018605299321],[115.44429118396846,-6.8508928418873651],[115.44430923106906,-6.850892674651047],[115.44430914740528,-6.8508836560086639],[115.44431817095527,-6.8508835723903623],[115.44431766897397,-6.8508294605367359],[115.44432669252284,-6.8508293769189335],[115.44432652519629,-6.8508113396345784],[115.44431750164779,-6.8508114232521589],[115.44431741798485,-6.8508024046098637],[115.44430839443639,-6.8508024882271643],[115.44430822711121,-6.8507844509423386],[115.44437139194571,-6.8507838656192526],[115.44437147560942,-6.8507928842608896],[115.44438952270431,-6.8507927170239844],[115.44438960636847,-6.850801735665395],[115.44439862991591,-6.8508016520465782],[115.44439871358034,-6.8508106706878742],[115.44437164293717,-6.8508109215441513],[115.44437172660123,-6.850819940185759],[115.44438977369714,-6.8508197729481868],[115.44439002469097,-6.8508468288723829],[115.44437197759406,-6.8508469961106231],[115.44437206125858,-6.8508560147522282],[115.44438108480723,-6.8508559311330828],[115.44438116847203,-6.8508649497745742],[115.44439019202078,-6.8508648661551481],[115.4443904430163,-6.8508919220792786],[115.44438141946706,-6.8508920056990386],[115.44438150313229,-6.8509010243404944],[115.44439052668172,-6.8509009407206252],[115.44439077767862,-6.8509279966446863],[115.44438175412868,-6.8509280802648904],[115.44438183779438,-6.8509370989063632],[115.44439086134446,-6.850937015286048],[115.44439094501043,-6.8509460339273716],[115.44438192146016,-6.8509461175477977],[115.44438200512607,-6.8509551361892447],[115.44437298157557,-6.850955219809614],[115.44437306524141,-6.8509642384511675],[115.4443820887921,-6.8509641548306872],[115.44438217245825,-6.8509731734721262],[115.44439119600901,-6.850973089851367],[115.44439127967544,-6.8509821084926728],[115.44440030322623,-6.8509820248716355],[115.44440038689294,-6.8509910435128596],[115.44443648109576,-6.8509907090265774],[115.44443639742838,-6.8509816903857974],[115.44444542097864,-6.8509816067639164],[115.44444533731119,-6.8509725881232759],[115.44449947860933,-6.850972086389123],[115.44449931127279,-6.8509540491091299],[115.4444902877237,-6.8509541327316876],[115.44448995305265,-6.8509180581712057],[115.44448092950415,-6.8509181417931497],[115.44448084583684,-6.8509091231529071],[115.44446279873982,-6.8509092903960704],[115.44446271507294,-6.8509002717556005],[115.44448978571779,-6.8509000208909381],[115.44448986938517,-6.8509090395310741],[115.44449889293341,-6.8509089559090715],[115.44449880926587,-6.8508999372690456],[115.44452587990935,-6.8508996864023617],[115.44452596357741,-6.8509087050420536],[115.44451694002952,-6.8509087886645608],[115.44451702369749,-6.8509178073043602],[115.44450800014934,-6.8509178909268096],[115.44450816748532,-6.8509359282066322],[115.4445171910338,-6.8509358445839599],[115.44451727470214,-6.8509448632237291],[115.44452629825072,-6.850944779600777],[115.44452638191933,-6.8509537982404467],[115.44453540546793,-6.8509537146172157],[115.44453515446195,-6.8509266586985262],[115.44452613091381,-6.8509267423214233],[115.44452604724556,-6.8509177236817411],[115.44455311788904,-6.8509174728128741],[115.44455320155784,-6.8509264914522241],[115.44454417800992,-6.8509265750754595],[115.44454426167866,-6.8509355937149321],[115.4445532852267,-6.8509355100915865],[115.44455336889573,-6.8509445287309099],[115.44456239244383,-6.8509444451072863],[115.44456205776783,-6.8509083705503393],[115.44455303422038,-6.8509084541735197],[115.44455295055185,-6.8508994355341617],[115.4445619740991,-6.8508993519110923],[115.44456180676201,-6.8508813146325842],[115.44451668902622,-6.8508817327451395],[115.44451660535867,-6.8508727141053241],[115.44452562890591,-6.850872630483261],[115.44452554523831,-6.8508636118435513],[115.44459773361061,-6.8508629428618697],[115.4445976499418,-6.8508539242230455],[115.44460667348763,-6.8508538405996893],[115.44460658981876,-6.8508448219609708],[115.44459756627306,-6.8508449055842169],[115.44459748260446,-6.8508358869453829],[115.44460650614997,-6.8508358033222487],[115.44460633881278,-6.8508177660447735],[115.44464243299242,-6.8508174315514392],[115.44464226565431,-6.8507993942748691],[115.44467835983077,-6.8507990597797281],[115.44467844350045,-6.8508080784175798],[115.44465137286775,-6.8508083292895208],[115.44465145653703,-6.8508173479276842],[115.44472364488998,-6.8508166789315839],[115.44472356121935,-6.8508076602943104],[115.44470551413214,-6.8508078275441227],[115.44470543046197,-6.8507988089066059],[115.44472347754882,-6.8507986416570148],[115.44472356121935,-6.8508076602943104]],[[115.4436764948118,-6.8507812850690897],[115.44368551836764,-6.8507812014639127],[115.44368560201843,-6.8507902201140132],[115.44367657846244,-6.8507903037193021],[115.4436764948118,-6.8507812850690897],[115.44366747125585,-6.8507813686740988],[115.44366738760552,-6.8507723500238056],[115.44367641116129,-6.8507722664189066],[115.4436764948118,-6.8507812850690897]],[[115.44290038495124,-6.8507794558245694],[115.44286429068862,-6.8507797901852134],[115.44286403978326,-6.8507527342046011],[115.44287306334856,-6.8507526506150249],[115.44287314698374,-6.8507616692751236],[115.4428911941144,-6.8507615020952448],[115.44289127775001,-6.8507705207551162],[115.44290030131533,-6.8507704371648135],[115.44290038495124,-6.8507794558245694]],[[115.44357681744788,-6.8507371114578115],[115.44357706839286,-6.8507641674120983],[115.44356804483598,-6.8507642510150326],[115.4435679611877,-6.8507552323634933],[115.4435589376309,-6.850755315966147],[115.44355877033504,-6.8507372786628453],[115.44354974677844,-6.85073736226511],[115.44354966313087,-6.8507283436133166],[115.44351356890409,-6.8507286780202463],[115.4435134852573,-6.8507196593680195],[115.44352250881397,-6.8507195757666519],[115.44352242516712,-6.8507105571145335],[115.44353144872353,-6.8507104735131064],[115.44353136507662,-6.8507014548610954],[115.443513317964,-6.850701622063557],[115.44351323431754,-6.8506926034113347],[115.44349518720482,-6.8506927706128993],[115.4434951035588,-6.8506837519604185],[115.44347705644597,-6.8506839191610878],[115.44347714009166,-6.8506929378137924],[115.4434861636483,-6.8506928542134302],[115.44348624729427,-6.8507018728659848],[115.44347722373745,-6.850701956466458],[115.4434774746755,-6.8507290124244804],[115.44345040400287,-6.8507292632258876],[115.44345023671174,-6.8507112259198779],[115.44344121315433,-6.8507113095197889],[115.44344087857407,-6.8506752349072704],[115.44344990213082,-6.8506751513078044],[115.44344981848587,-6.8506661326547746],[115.4434407949293,-6.8506662162541314],[115.44344071128462,-6.8506571976009862],[115.44342266417144,-6.8506573647989679],[115.44342258052721,-6.8506483461455971],[115.44340453341393,-6.8506485133426835],[115.44340461705781,-6.8506575319962764],[115.44339559350082,-6.8506576155946775],[115.44339567714465,-6.8506666342483777],[115.44337763003001,-6.8506668014448993],[115.44337771367361,-6.8506758200988163],[115.4433506430003,-6.8506760708926668],[115.44335055935721,-6.8506670522384159],[115.44335958291494,-6.8506669686407449],[115.44335949927176,-6.8506579499866014],[115.44335047571423,-6.8506580335841605],[115.44335030842859,-6.8506399962756364],[115.44333226131386,-6.8506401634698051],[115.44333242859879,-6.8506582007787733],[115.44334145215656,-6.8506581171815517],[115.44334187037177,-6.8507032104533403],[115.44333284681315,-6.850703294051117],[115.44333301409966,-6.8507213313600248],[115.44331496698143,-6.8507214985555196],[115.44331513426775,-6.8507395358648706],[115.44333318138666,-6.8507393686689309],[115.4433333486741,-6.8507574059777863],[115.44331530155449,-6.8507575731741692],[115.44331521791106,-6.8507485545195133],[115.44330619435129,-6.8507486381173415],[115.44330577613664,-6.8507035448434417],[115.44327870545912,-6.8507037956342502],[115.4432784545332,-6.8506767396688568],[115.44328747809196,-6.850676656072423],[115.44328731080824,-6.8506586187623615],[115.44329633436659,-6.850658535165981],[115.44329625072473,-6.8506495165110541],[115.44328722716655,-6.8506496001073245],[115.44328705988352,-6.8506315627972372],[115.44327803632558,-6.8506316463931158],[115.44327786904331,-6.8506136090827869],[115.44328689260092,-6.8506135254871303],[115.44328664167789,-6.8505864695219403],[115.44327761812077,-6.8505865531172629],[115.44327745083966,-6.8505685158068923],[115.44326842728277,-6.8505685994018259],[115.44326834364253,-6.8505595807465225],[115.44327736719926,-6.8505594971517008],[115.4432771999188,-6.8505414598413026],[115.44326817636244,-6.8505415434359023],[115.44326809272255,-6.8505325247806024],[115.44325004560982,-6.8505326919690743],[115.44324971105273,-6.8504966173468596],[115.44325873460849,-6.8504965337531525],[115.44325865096931,-6.8504875150977185],[115.44328572163539,-6.8504872643159187],[115.44328580527505,-6.8504962829710188],[115.44333994660518,-6.8504957814022029],[115.44334003024598,-6.8505048000566484],[115.44333100669105,-6.8505048836519835],[115.44333109033178,-6.8505139023065365],[115.44334011388685,-6.8505138187110903],[115.44334036481023,-6.8505408746743877],[115.4433493883657,-6.8505407910784406],[115.44334930472432,-6.8505317724241399],[115.44336735183457,-6.8505316052319616],[115.44336751911817,-6.8505496425401304],[115.44337654267345,-6.8505495589435661],[115.44337645903143,-6.8505405402895878],[115.44338548258645,-6.8505404566929666],[115.44338573351335,-6.8505675126545587],[115.44341280417926,-6.8505672618626852],[115.44341288782229,-6.8505762805161901],[115.44344898204258,-6.8505759461242244],[115.44344906568638,-6.8505849647773145],[115.44347613635094,-6.8505847139812381],[115.44347647092935,-6.8506207885921375],[115.44350354159494,-6.8506205377932128],[115.44350362524031,-6.8506295564456137],[115.44351264879543,-6.850629472845525],[115.44351281608691,-6.8506475101500586],[115.44352183964223,-6.8506474265495791],[115.4435219232883,-6.8506564452017287],[115.44353094684374,-6.8506563616009686],[115.44353119778313,-6.8506834175570575],[115.44354022133892,-6.8506833339557964],[115.44354030498577,-6.850692352607723],[115.44355835209737,-6.8506921854044736],[115.4435586866873,-6.850728260011163],[115.44356771024358,-6.8507281764088415],[115.44356779389152,-6.8507371950604128],[115.44357681744788,-6.8507371114578115],[115.44357673379977,-6.8507280928063503],[115.44358575735583,-6.8507280092036931],[115.44358584100412,-6.8507370278550415],[115.44357681744788,-6.8507371114578115]],[[115.44377550296313,-6.8507533094559401],[115.44378452651726,-6.8507532258492434],[115.443784693822,-6.8507712631469895],[115.44377567026753,-6.85077134675391],[115.44377550296313,-6.8507533094559401]],[[115.4436583640496,-6.8507724336285349],[115.44364031693745,-6.8507726008374901],[115.44364023328771,-6.8507635821868416],[115.44364925684367,-6.8507634985825581],[115.44364917319389,-6.850754479932017],[115.44365819674958,-6.8507543963276776],[115.4436583640496,-6.8507724336285349]],[[115.44354999772189,-6.8507644182203968],[115.44353195060739,-6.8507645854250869],[115.4435318669598,-6.8507555667731017],[115.44354991407397,-6.8507553995686337],[115.44354999772189,-6.8507644182203968]],[[115.44363120973165,-6.8507636657909545],[115.44362218617546,-6.8507637493948996],[115.44362210252619,-6.8507547307440246],[115.4436311260822,-6.8507546471401906],[115.44363120973165,-6.8507636657909545]],[[115.44225887528729,-6.8506952036488142],[115.44224985171547,-6.8506952872261593],[115.44224976809282,-6.8506862685583636],[115.44225879166447,-6.8506861849811305],[115.44225887528729,-6.8506952036488142]],[[115.44204147335022,-6.8506070227549269],[115.44205049692292,-6.8506069391825655],[115.44205058054085,-6.8506159578528427],[115.44203253339498,-6.8506161249976198],[115.44203244977739,-6.8506071063271197],[115.44202342620446,-6.8506071898991436],[115.44202334258713,-6.850598171228528],[115.44204138973257,-6.8505980040845333],[115.44204147335022,-6.8506070227549269]],[[115.44202317535286,-6.8505801338872852],[115.44201415178031,-6.8505802174588073],[115.44201423539725,-6.8505892361295269],[115.44200521182441,-6.8505893197009913],[115.4420047101256,-6.8505352076758665],[115.4420227572691,-6.8505350405341003],[115.44202284088563,-6.8505440592047631],[115.44203186445739,-6.8505439756335154],[115.44203203169114,-6.8505620129745557],[115.44202300811902,-6.8505620965460245],[115.44202317535286,-6.8505801338872852]],[[115.44240174717875,-6.8505315304013781],[115.44241979431236,-6.8505313632447908],[115.44241987793632,-6.8505403819105677],[115.44245597220281,-6.8505400475949267],[115.44245622307731,-6.8505671035908309],[115.44242012880879,-6.8505674379078041],[115.44242004518451,-6.8505584192420566],[115.44241102161725,-6.8505585028207685],[115.44241093799326,-6.8505494841549064],[115.44240191442609,-6.8505495677333377],[115.44240174717875,-6.8505315304013781]],[[115.44238361642158,-6.8505226788910827],[115.44239263998847,-6.8505225953133211],[115.44239272361177,-6.8505316139794195],[115.44238370004472,-6.8505316975572921],[115.44238361642158,-6.8505226788910827],[115.44237459285455,-6.8505227624686764],[115.44237450923168,-6.8505137438023525],[115.44236548566469,-6.8505138273796673],[115.44236540204211,-6.850504808713227],[115.44235637847521,-6.8505048922902612],[115.44235629485291,-6.850495873623724],[115.44237434198628,-6.8504957064697081],[115.44237442560892,-6.850504725136024],[115.44238344917559,-6.8505046415586524],[115.44238361642158,-6.8505226788910827]],[[115.44246474489516,-6.8505129080199501],[115.44247376846089,-6.8505128244407842],[115.44247393571044,-6.8505308617709852],[115.44246491214437,-6.8505309453503731],[115.44246474489516,-6.8505129080199501]],[[115.44251871903703,-6.8504943692133349],[115.44250969547218,-6.8504944527931224],[115.44250961184714,-6.8504854341284327],[115.4425186354118,-6.8504853505487571],[115.44251871903703,-6.8504943692133349]],[[115.44400743838391,-6.8504625389496034],[115.44401646192969,-6.8504624553420816],[115.44401654558278,-6.8504714739882084],[115.44402556912861,-6.8504713903804078],[115.44402548547534,-6.8504623717343902],[115.44405255611167,-6.8504621209103096],[115.4440527234193,-6.850480158201691],[115.44407077051029,-6.8504799909843506],[115.44407110512826,-6.8505160655661186],[115.44408012867427,-6.8505159819567512],[115.44408029598425,-6.8505340192473962],[115.4440712724379,-6.8505341028569848],[115.444071439748,-6.8505521401478324],[115.44406241620122,-6.8505522237574761],[115.44406249985627,-6.8505612424030042],[115.44405347630919,-6.8505613260125902],[115.4440535599642,-6.850570344658208],[115.44404453641685,-6.8505704282677371],[115.44404462007181,-6.8505794469134962],[115.44399047878433,-6.8505799485677938],[115.4439903951304,-6.8505709299213686],[115.44398137158225,-6.8505710135297182],[115.44398128792861,-6.8505619948832104],[115.4439903114766,-6.8505619112749736],[115.44399022782289,-6.8505528926285555],[115.44399925137056,-6.8505528090202601],[115.44399891675619,-6.8505167344349918],[115.44400794030309,-6.8505166508269717],[115.44400785664962,-6.8505076321807552],[115.44401688019624,-6.8505075485726774],[115.44401696384989,-6.8505165672187838],[115.44405305803591,-6.8505162327843472],[115.44405289072738,-6.85049819549302],[115.44403484363528,-6.8504983627101295],[115.44403475998152,-6.8504893440642372],[115.44402573643546,-6.8504894276724286],[115.44402565278199,-6.8504804090264377],[115.44400760568986,-6.8504805762420924],[115.44400743838391,-6.8504625389496034]],[[115.44251855178669,-6.8504763318841926],[115.4425005046576,-6.8504764990431539],[115.44250033740839,-6.8504584617135658],[115.4425183845368,-6.8504582945550494],[115.44251855178669,-6.8504763318841926]],[[115.44227466464487,-6.8504515324706006],[115.44230173534527,-6.8504512817455385],[115.44230181896599,-6.8504603004127818],[115.44231084253276,-6.8504602168373125],[115.44231092615378,-6.8504692355044394],[115.44231994972057,-6.8504691519286922],[115.44232003334186,-6.8504781705957045],[115.44230198620781,-6.8504783377472549],[115.44230190258685,-6.8504693190800205],[115.44228385545269,-6.8504694862306739],[115.44228377183219,-6.850460467563213],[115.44227474826508,-6.850460551138176],[115.44227466464487,-6.8504515324706006],[115.44226564107784,-6.8504516160452846],[115.4422655574579,-6.8504425973775929],[115.44223848675665,-6.8504428481003004],[115.44223840313732,-6.850433829432272],[115.44222937957016,-6.8504339130060599],[115.44222912871336,-6.8504068570016132],[115.44222010514663,-6.8504069405749002],[115.4422200215281,-6.8503979219066311],[115.44222904509466,-6.8503978383334552],[115.44222896147606,-6.8503888196652927],[115.44223798504237,-6.8503887360920599],[115.44223806866114,-6.8503977547601114],[115.44224709222749,-6.8503976711865979],[115.44224717584653,-6.8504066898545348],[115.44225619941295,-6.8504066062807434],[115.44225645027126,-6.8504336622841899],[115.44227449740477,-6.8504334951354355],[115.44227466464487,-6.8504515324706006]],[[115.44253643166478,-6.8504581273958598],[115.4425454552286,-6.8504580438160119],[115.44254553885398,-6.8504670624802531],[115.44253651529,-6.8504671460602111],[115.44253643166478,-6.8504581273958598]],[[115.44252757535108,-6.8504762483044601],[115.44253659891534,-6.850476164724558],[115.44253668254079,-6.8504851833889004],[115.44252765897636,-6.8504852669689136],[115.44252757535108,-6.8504762483044601]],[[115.44225594855565,-6.8503795502772382],[115.44227399568712,-6.8503793831298152],[115.44227407930644,-6.8503884017974439],[115.44228310287218,-6.8503883182233682],[115.44228318649178,-6.8503973368908646],[115.44225611579375,-6.8503975876129184],[115.44225594855565,-6.8503795502772382]],[[115.442490644853,-6.8503863959731577],[115.44249966841603,-6.8503863123950417],[115.44249975203969,-6.8503953310598726],[115.44249072847647,-6.8503954146381005],[115.442490644853,-6.8503863959731577]],[[115.44219278359195,-6.8503801352879128],[115.44218376002524,-6.8503802188601934],[115.44218367640769,-6.8503712001914838],[115.44219269997424,-6.8503711166193151],[115.44219278359195,-6.8503801352879128]],[[115.44249991928733,-6.8504133683895212],[115.44250894285074,-6.8504132848109034],[115.44250902647491,-6.8504223034755931],[115.4425000029113,-6.8504223870543219],[115.44249991928733,-6.8504133683895212]],[[115.44380182075635,-6.8506718907972655],[115.44381084430862,-6.8506718071910626],[115.44381092796041,-6.8506808258396443],[115.44380190440799,-6.8506809094459591],[115.44380182075635,-6.8506718907972655]],[[115.44381117891648,-6.8507078817853637],[115.44382020246928,-6.850707798178548],[115.44382036977424,-6.8507258354754521],[115.44381134622111,-6.8507259190824881],[115.44381117891648,-6.8507078817853637]],[[115.44384735677995,-6.8507165660052118],[115.44385638033248,-6.850716482397611],[115.44385654763903,-6.8507345196936322],[115.44384752408614,-6.8507346033014551],[115.44384735677995,-6.8507165660052118]],[[115.44089330523423,-6.8503831492776275],[115.44088428165148,-6.8503832328255445],[115.44088436524476,-6.8503922515102404],[115.44087534166171,-6.8503923350581006],[115.44087509088277,-6.8503652790036309],[115.44089313804771,-6.8503651119084097],[115.44089330523423,-6.8503831492776275]],[[115.44229179195983,-6.8503521599795425],[115.44228276839489,-6.8503522435533402],[115.44228251753809,-6.8503251875507747],[115.44229154110252,-6.8503251039773074],[115.44229179195983,-6.8503521599795425]],[[115.44215627124049,-6.8503353762307162],[115.4421472476742,-6.8503354598017676],[115.4421473312906,-6.8503444784709373],[115.4421292841573,-6.8503446456127568],[115.44212920054126,-6.8503356269433642],[115.44212017697461,-6.8503357105139093],[115.44212009335882,-6.8503266918443675],[115.44211106979223,-6.8503267754146329],[115.44211098617674,-6.8503177567449924],[115.44214708044173,-6.8503174224633616],[115.4421471640579,-6.8503264411325571],[115.44215618762405,-6.8503263575616176],[115.44215627124049,-6.8503353762307162]],[[115.4423274681202,-6.8503067323478017],[115.44231844455653,-6.8503068159217202],[115.44231836093738,-6.8502977972546244],[115.44232738450087,-6.850297713680817],[115.44232730088167,-6.8502886950138446],[115.44234534800795,-6.8502885278659482],[115.4423454316275,-6.8502975465326994],[115.44235445519067,-6.8502974629583875],[115.44235437157096,-6.8502884442917473],[115.44236339513381,-6.8502883607173777],[115.44236331151406,-6.8502793420508121],[115.44238135863911,-6.8502791749017895],[115.44238127501912,-6.8502701562354584],[115.44239029858129,-6.8502700726608063],[115.44239038220145,-6.8502790913270273],[115.44240842932585,-6.8502789241769939],[115.4424085965672,-6.8502969615089784],[115.44242664369179,-6.8502967943578295],[115.44242672731298,-6.8503058130235912],[115.4423996566254,-6.8503060637503959],[115.44239957300472,-6.8502970450843002],[115.44237250231664,-6.8502972958092574],[115.44237258593681,-6.8503063144756871],[115.44236356237369,-6.8503063980504475],[115.44236372961403,-6.8503244353835147],[115.44232763535919,-6.850324769681758],[115.4423274681202,-6.8503067323478017]],[[115.44209277181359,-6.8502998865450593],[115.44208374824716,-6.850299970114488],[115.44208366463251,-6.8502909514445181],[115.44209268819874,-6.8502908678752004],[115.44209277181359,-6.8502998865450593]],[[115.44211056810092,-6.8502726633967228],[115.44210154453523,-6.8502727469661542],[115.44210162815001,-6.8502817656359287],[115.44208358101794,-6.8502819327745081],[115.44208341378918,-6.8502638954345132],[115.44211048448608,-6.8502636447270557],[115.44211056810092,-6.8502726633967228]],[[115.44242689455568,-6.8503238503551049],[115.44244494168083,-6.850323683202614],[115.4424450253027,-6.850332701868159],[115.44245404886526,-6.8503326182915503],[115.44245421610964,-6.8503506556223535],[115.44244519254673,-6.8503507391991851],[115.44244510892464,-6.8503417205336659],[115.44243608536176,-6.8503418041102178],[115.44243600173998,-6.8503327854445999],[115.4424269781772,-6.8503328690208711],[115.44242689455568,-6.8503238503551049]],[[115.44211040087137,-6.8502546260573842],[115.44209235374058,-6.8502547931956341],[115.44209218651216,-6.8502367558558337],[115.4421102336423,-6.850236588718027],[115.44211040087137,-6.8502546260573842]],[[115.44380590905186,-6.8501397069169556],[115.44378786196714,-6.8501398741160848],[115.44378777832245,-6.8501308554670173],[115.44377875478007,-6.8501309390662177],[115.44377867113566,-6.8501219204170347],[115.44378769467785,-6.8501218368179462],[115.44378761103339,-6.8501128181688857],[115.44382370520036,-6.8501124837712846],[115.44382387249077,-6.8501305210685288],[115.44380582540681,-6.8501306882681092],[115.44380590905186,-6.8501397069169556]],[[115.44388661904989,-6.8500848426253942],[115.44387759550963,-6.8500849262258914],[115.44387767915545,-6.85009394487387],[115.44385060853344,-6.8500941956746884],[115.4438507758244,-6.8501122329713171],[115.4438327287418,-6.8501124001714642],[115.44383264509662,-6.8501033815229206],[115.44382362155531,-6.8501034651226309],[115.44382353791039,-6.8500944464739906],[115.44381451436914,-6.8500945300734211],[115.44381443072452,-6.8500855114246644],[115.4438234542656,-6.8500854278253458],[115.44382337062089,-6.8500764091766957],[115.44388653540403,-6.8500758239775212],[115.44388661904989,-6.8500848426253942]],[[115.44373982700408,-6.8507987371281569],[115.44375787411475,-6.850798569914831],[115.4437579577671,-6.8508075885640176],[115.44373991065613,-6.8508077557775646],[115.44373982700408,-6.8507987371281569]],[[115.44373088710044,-6.8508078393840881],[115.44371283998875,-6.8508080065966253],[115.44371275633723,-6.8507989879468827],[115.44373080344857,-6.8507988207345667],[115.44373088710044,-6.8508078393840881]],[[115.44398371393025,-6.8508235356306093],[115.4439927374831,-6.8508234520191493],[115.44399282114018,-6.8508324706654511],[115.4440018446931,-6.8508323870537131],[115.44400192835046,-6.8508414056998825],[115.44401095190342,-6.8508413220878648],[115.44401086824588,-6.8508323034418046],[115.44402891535115,-6.8508321362174858],[115.44402941730009,-6.85088624809244],[115.444002346639,-6.8508864989306675],[115.44400243029706,-6.850895517576828],[115.44398438318875,-6.8508956848016931],[115.44398429953105,-6.8508866661553105],[115.44396625242264,-6.8508868333792794],[115.44396616876537,-6.8508778147326872],[115.44393909810242,-6.850878065567044],[115.44393901444577,-6.8508690469201134],[115.44392096733692,-6.8508692141419543],[115.44392088368073,-6.8508601954947981],[115.44391186012629,-6.8508602791053539],[115.44391177647037,-6.8508512604580822],[115.44392080002463,-6.8508511768476366],[115.44392071636867,-6.8508421582004715],[115.4439477870303,-6.8508419073684577],[115.4439476197177,-6.8508238700747635],[115.44396566682417,-6.850823702853023],[115.44396575048079,-6.8508327214996587],[115.44398379758715,-6.850832554277023],[115.44398371393025,-6.8508235356306093]],[[115.44377675775712,-6.85088858919028],[115.44375871064351,-6.8508887564065013],[115.44375862699015,-6.8508797377573538],[115.44374960343335,-6.8508798213651003],[115.44374951978025,-6.8508708027158383],[115.44375854333687,-6.8508707191082019],[115.44375845968371,-6.8508617004590455],[115.44374041257069,-6.8508618676739266],[115.44374032891798,-6.8508528490245455],[115.44374935247437,-6.8508527654172999],[115.44374926882161,-6.8508437467680237],[115.44377633948965,-6.8508434959456102],[115.44377675775712,-6.85088858919028]],[[115.44340662454476,-6.850873979681201],[115.44341564810568,-6.8508738960799649],[115.44341573175257,-6.8508829147333365],[115.44340670819146,-6.8508829983346837],[115.44340662454476,-6.850873979681201],[115.44339760098376,-6.8508740632822684],[115.44339751733733,-6.8508650446286685],[115.44340654089818,-6.850864961027713],[115.44340662454476,-6.850873979681201]],[[115.44373138901399,-6.8508619512811162],[115.44372236545719,-6.8508620348881344],[115.44372228180484,-6.8508530162385295],[115.44373130536145,-6.8508529326316223],[115.44373138901399,-6.8508619512811162]],[[115.44368610392557,-6.8508443320144261],[115.44367708036854,-6.850844415620382],[115.44367691306606,-6.8508263783200221],[115.44368593662276,-6.8508262947142891],[115.44368610392557,-6.8508443320144261]],[[115.44394828897083,-6.8508960192494017],[115.44396633608001,-6.850895852025884],[115.44396641973749,-6.8509048706724514],[115.44394837262797,-6.8509050378961911],[115.44394828897083,-6.8508960192494017]],[[115.44347012406099,-6.8509094690798111],[115.44347914762179,-6.8509093854769523],[115.44347923127027,-6.850918404129529],[115.44347020770932,-6.8509184877324998],[115.44347012406099,-6.8509094690798111]],[[115.44348833847994,-6.8509273391788534],[115.44349736204084,-6.850927255575435],[115.44349752933906,-6.85094529288014],[115.44348850577784,-6.8509453764837804],[115.44348833847994,-6.8509273391788534]],[[115.44351557646124,-6.8509451256723546],[115.44353362358292,-6.8509449584638951],[115.44353370723289,-6.8509539771157719],[115.44354273079374,-6.8509538935111784],[115.44354281444397,-6.8509629121629567],[115.4435608615657,-6.8509627449530432],[115.44356094521638,-6.8509717636045941],[115.44357899233796,-6.8509715963937827],[115.44357907598912,-6.8509806150451089],[115.4435429817448,-6.8509809494664999],[115.44354289809435,-6.8509719308147297],[115.44353387453314,-6.8509720144195461],[115.44353379088298,-6.8509629957676603],[115.44352476732183,-6.850963079372197],[115.44352468367191,-6.8509540607201975],[115.44351566011085,-6.8509541443244535],[115.44351557646124,-6.8509451256723546]],[[115.44394962749871,-6.851040317597751],[115.44395865105605,-6.8510402339842997],[115.44395881837443,-6.8510582712775445],[115.44394979481673,-6.8510583548912187],[115.44394962749871,-6.851040317597751]],[[115.44376940729509,-6.851069045778277],[115.4437784308552,-6.8510689621678607],[115.44377851451131,-6.8510779808166928],[115.44376949095101,-6.8510780644272202],[115.44376940729509,-6.851069045778277]],[[115.44419443480687,-6.8511643209873396],[115.44422150547653,-6.8511640701281697],[115.44422158914213,-6.8511730887715112],[115.44423061269865,-6.85117300515134],[115.44423069636451,-6.851182023794566],[115.44422167280781,-6.8511821074148482],[115.44422175647362,-6.8511911260581648],[115.44420370935964,-6.851191293298446],[115.44420362569419,-6.8511822746549074],[115.44419460213716,-6.8511823582746851],[115.44419443480687,-6.8511643209873396]],[[115.4444380707973,-6.8511620632002419],[115.44444709435092,-6.8511619795761396],[115.44444701068122,-6.851152960935571],[115.44445603423458,-6.8511528773114119],[115.44445611790444,-6.8511618959518685],[115.4444651414578,-6.8511618123274296],[115.44446522512794,-6.8511708309677717],[115.44447424868139,-6.851170747343053],[115.4444743323518,-6.8511797659832805],[115.44446530879821,-6.8511798496081093],[115.44446539246856,-6.8511888682484257],[115.44444734536066,-6.8511890354978027],[115.44444717802071,-6.8511709982167046],[115.44443815446692,-6.8511710818409171],[115.4444380707973,-6.8511620632002419]],[[115.44441091646675,-6.8511532954305263],[115.44440189291284,-6.8511533790538435],[115.44440180924408,-6.8511443604126985],[115.44441083279784,-6.8511442767894914],[115.44441091646675,-6.8511532954305263]],[[115.44448051116869,-6.8508730485918923],[115.44450758181137,-6.8508727977272184],[115.44450766547872,-6.8508818163671457],[115.44448059483558,-6.8508820672321527],[115.44448051116869,-6.8508730485918923]],[[115.44441768099529,-6.8509097085010291],[115.44442670454443,-6.8509096248803729],[115.44442678821072,-6.8509186435212825],[115.44441776466142,-6.8509187271420489],[115.44441768099529,-6.8509097085010291]]],[[[115.43922304065747,-6.8493274167571272],[115.43922302098612,-6.84932529332972],[115.43920497381913,-6.8493254603369991],[115.43920505736781,-6.8493344790427502],[115.43918701020007,-6.8493346460495763],[115.43918709374854,-6.8493436647555628],[115.43916904657998,-6.8493438317619377],[115.43916913012821,-6.8493528504681409],[115.43916010654362,-6.8493529339711872],[115.43916019009181,-6.8493619526774969],[115.43915116650689,-6.8493620361804863],[115.43915133360326,-6.8493800735933137],[115.43914231001794,-6.8493801570963564],[115.43914239356612,-6.8493891758028749],[115.43915141715162,-6.8493890922997211],[115.43915166779738,-6.8494161484189018],[115.43916069138328,-6.8494160649152462],[115.43916085848136,-6.8494341023278178],[115.43918091997087,-6.8494339166790557],[115.43922304065747,-6.8493274167571272]]],[[[115.43850973987124,-6.8492867960334083],[115.43850982340639,-6.8492958147477419],[115.43851884699794,-6.8492957312575973],[115.4385190140689,-6.8493137686860299],[115.43852803766066,-6.8493136851954945],[115.43852812119648,-6.8493227039095936],[115.43853714478833,-6.8493226204187776],[115.43853722832445,-6.8493316391327781],[115.43855527550808,-6.8493314721504222],[115.43855552611809,-6.8493585282916634],[115.43857357330228,-6.849358361307968],[115.43857348976516,-6.8493493425944409],[115.43860056054012,-6.8493490921179685],[115.43860047700262,-6.8493400734047709],[115.43856438263647,-6.8493404073726207],[115.4385642155631,-6.8493223699453241],[115.43854616838003,-6.8493225369277955],[115.43854608484386,-6.8493135182139184],[115.43853706125233,-6.8493136017047913],[115.43853689418067,-6.8492955642768028],[115.43852787058934,-6.8492956477672848],[115.43852778705384,-6.8492866290531724],[115.43850973987124,-6.8492867960334083]]],[[[115.43856187658356,-6.8490698459613277],[115.43853480582294,-6.8490700964254625],[115.43853505642215,-6.8490971525677677],[115.43854408000963,-6.8490970690795594],[115.43854416354309,-6.8491060877935412],[115.43855318713065,-6.8491060043050531],[115.43855327066441,-6.8491150230189186],[115.43856229425199,-6.8491149395301507],[115.43856221071809,-6.8491059208163954],[115.43857123430543,-6.8491058373275697],[115.43857098370384,-6.8490787811866092],[115.43856196011703,-6.8490788646751017],[115.43856187658356,-6.8490698459613277]]],[[[115.43736065292181,-6.8489637049443335],[115.43736073643139,-6.8489727236729347],[115.43736976003099,-6.8489726402082791],[115.43736984354085,-6.8489816589367321],[115.43738789074008,-6.8489814920066943],[115.43738764020979,-6.8489544358219394],[115.4373695930116,-6.8489546027513111],[115.43736967652123,-6.8489636214797889],[115.43736065292181,-6.8489637049443335]]],[[[115.43736065292181,-6.8489637049443335],[115.43736056941232,-6.8489546862157438],[115.43735154581296,-6.8489547696800095],[115.43735146230375,-6.8489457509513043],[115.43734243870441,-6.8489458344152903],[115.43734235519548,-6.8489368156864714],[115.43731528439734,-6.8489370660770854],[115.43731545141428,-6.8489551035353848],[115.43734252221343,-6.8489548531441056],[115.43734260572259,-6.8489638718729164],[115.43736065292181,-6.8489637049443335]]],[[[115.43731528439734,-6.8489370660770854],[115.43731520088903,-6.8489280473479441],[115.43730617728961,-6.8489281308110357],[115.43730609378159,-6.8489191120817461],[115.43728804658269,-6.8489192790072],[115.43728796307514,-6.8489102602777008],[115.43726991587612,-6.8489104272022594],[115.43726983236901,-6.8489014084725346],[115.43726080876951,-6.8489014919344511],[115.43726072526268,-6.8488924732046108],[115.43723365446402,-6.8488927235890138],[115.43723382147681,-6.8489107610493543],[115.43725186867667,-6.8489105941261439],[115.43725195218359,-6.8489196128560863],[115.43727902298309,-6.8489193624696743],[115.43727918999822,-6.8489373999288796],[115.43731528439734,-6.8489370660770854]]],[[[115.4372786054472,-6.8488742688215831],[115.43727852194034,-6.8488652500919533],[115.43726949834165,-6.8488653335535927],[115.43726958184831,-6.8488743522833344],[115.4372786054472,-6.8488742688215831]]],[[[115.43756702650366,-6.8488355230522853],[115.4375219085295,-6.8488359403840811],[115.43752199204056,-6.8488449591107301],[115.43750394484979,-6.8488451260424901],[115.43750402836059,-6.8488541447693407],[115.43748598116903,-6.8488543117006513],[115.43748606467963,-6.8488633304277515],[115.43747704108353,-6.8488634138932651],[115.43747720810472,-6.8488814513476433],[115.43746818450816,-6.8488815348132093],[115.43746826801876,-6.8488905535405022],[115.4374592444219,-6.8488906370060114],[115.43745941144311,-6.8489086744608061],[115.4374503878458,-6.8489087579263686],[115.43745080539993,-6.8489538515638335],[115.43745982899809,-6.8489537680977168],[115.43745999602088,-6.8489718055524671],[115.43744194882382,-6.8489719724849758],[115.43744203233503,-6.8489809912125414],[115.43745105593378,-6.8489809077462604],[115.4374511394453,-6.8489899264737266],[115.43747821024141,-6.848989676073538],[115.4374780432175,-6.8489716386192834],[115.43749609041367,-6.8489714716854264],[115.43749634095072,-6.8489985278661463],[115.43750536454912,-6.8489984443986325],[115.43750578211397,-6.8490435380325518],[115.43752382931214,-6.8490433710959078],[115.43752391282581,-6.8490523898224573],[115.43754196002388,-6.8490522228849198],[115.43754212705215,-6.8490702603375597],[115.43755115065137,-6.8490701768683175],[115.43755131768044,-6.8490882143207177],[115.43754229408093,-6.8490882977901819],[115.43754246111011,-6.8491063352427881],[115.43755148470997,-6.8491062517731018],[115.43755156822493,-6.8491152704992864],[115.43756059182486,-6.8491151870293212],[115.43756042479477,-6.849097149577168],[115.43756944839427,-6.8490970661072552],[115.43756928136428,-6.8490790286553072],[115.43758732856223,-6.8490788617154204],[115.4375872450471,-6.8490698429896621],[115.43759626864573,-6.8490697595195771],[115.43759618513053,-6.8490607407939068],[115.4376052087289,-6.849060657323764],[115.43760512521362,-6.8490516385982367],[115.43762317240966,-6.8490514716576678],[115.43762325592527,-6.8490604903829748],[115.4376322795233,-6.8490604069123275],[115.43763219600753,-6.8490513881871316],[115.43764121960527,-6.8490513047164256],[115.43764130312121,-6.8490603234415115],[115.43765935031669,-6.8490601564993741],[115.43765901625225,-6.8490240815998442],[115.43764999265522,-6.8490241650705528],[115.43764990913958,-6.8490151463455264],[115.43764088554263,-6.8490152298159561],[115.43764080202725,-6.849006211090849],[115.43762275483331,-6.8490063780309818],[115.43762250428885,-6.8489793218549178],[115.43761348069226,-6.8489794053243989],[115.43761323014931,-6.8489523491479618],[115.43760420655309,-6.8489524326169411],[115.43760403952537,-6.84893439516574],[115.43761306312126,-6.8489343116969827],[115.43761289609364,-6.8489162742459859],[115.43760387249812,-6.8489163577145211],[115.43760370547129,-6.8488983202632845],[115.43759468187594,-6.8488984037314316],[115.43759459836286,-6.8488893850056947],[115.4375855747676,-6.8488894684735619],[115.43758515720475,-6.848844374844262],[115.43756711001555,-6.8488445417783801],[115.43756702650366,-6.8488355230522853]],[[115.43752349525872,-6.8490072961896704],[115.43755056605313,-6.8490070457847754],[115.43755064956684,-6.8490160645109937],[115.43755967316494,-6.8490159810422471],[115.43755975667891,-6.849024999768381],[115.43752366228522,-6.8490253336427989],[115.43752349525872,-6.8490072961896704]],[[115.4375509001086,-6.8490431206896831],[115.43755992370721,-6.8490430372206044],[115.43756000722152,-6.8490520559467098],[115.43755098362274,-6.8490521394158987],[115.4375509001086,-6.8490431206896831]]],[[[115.4372329864174,-6.8488205737474761],[115.43723290291206,-6.8488115550172468],[115.43722387931379,-6.8488116384773798],[115.43722396281895,-6.8488206572077193],[115.4372329864174,-6.8488205737474761]]],[[[115.43711551262284,-6.8488036212541994],[115.43711542911991,-6.8487946025225366],[115.43710640552054,-6.84879468598026],[115.43710648902328,-6.8488037047120329],[115.43711551262284,-6.8488036212541994]]],[[[115.43711551262284,-6.8488036212541994],[115.43711559612585,-6.8488126399858418],[115.43710657252613,-6.8488127234437854],[115.43710673953217,-6.8488307609073269],[115.437133810332,-6.8488305105323253],[115.43713372682842,-6.8488214918008961],[115.43714275042799,-6.8488214083423369],[115.43714283393176,-6.8488304270736542],[115.43715185753136,-6.8488303436148144],[115.4371521080438,-6.8488573998083897],[115.43716113164378,-6.8488573163490489],[115.43716129865298,-6.8488753538112155],[115.43717934585332,-6.8488751868915863],[115.43717942935842,-6.8488842056224337],[115.43718845295861,-6.8488841221622545],[115.43718853646399,-6.8488931408929865],[115.43721560726435,-6.8488928905111086],[115.43721544025269,-6.8488748530503063],[115.43720641665301,-6.848874936510879],[115.43720624964213,-6.8488568990498209],[115.43724234403879,-6.8488565652074076],[115.43724226053286,-6.8488475464773417],[115.43723323693403,-6.8488476299380849],[115.43723315342838,-6.8488386112078858],[115.43721510623072,-6.8488387781286493],[115.43721502272552,-6.8488297593982246],[115.43720599912666,-6.848829842858243],[115.43720583211693,-6.8488118053971414],[115.43719680851832,-6.8488118888567682],[115.43719664150937,-6.8487938513954614],[115.43716054711518,-6.8487941852314007],[115.43716063061895,-6.8488032039625093],[115.43715160701996,-6.8488032874211831],[115.43715169052363,-6.8488123061523813],[115.43714266692437,-6.8488123896109983],[115.43714249991744,-6.8487943521483601],[115.4371244527192,-6.8487945190646462],[115.43712453622227,-6.8488035377961989],[115.43711551262284,-6.8488036212541994]]],[[[115.43722371230382,-6.8487936010167383],[115.437223628799,-6.8487845822864015],[115.43721460520115,-6.8487846657460327],[115.43721468870581,-6.8487936844764814],[115.43722371230382,-6.8487936010167383]]],[[[115.43715085549178,-6.8487221188400538],[115.4371507719892,-6.8487131001087951],[115.43714174839178,-6.8487131835661925],[115.43714183189419,-6.8487222022975622],[115.43715085549178,-6.8487221188400538]]],[[[115.43702452511526,-6.8487232872298476],[115.43702435811494,-6.8487052497642216],[115.43696119292075,-6.8487058339451892],[115.43696110942196,-6.8486968152115937],[115.43694306222294,-6.8486969821187049],[115.4369431457214,-6.8487060008525225],[115.43693412212157,-6.8487060843059364],[115.43693420561999,-6.8487151030398614],[115.43700639441694,-6.8487144354069489],[115.4370064779168,-6.8487234541399822],[115.43702452511526,-6.8487232872298476]]],[[[115.43685265922788,-6.8486797791742893],[115.43681656482536,-6.848680112978867],[115.43681664832127,-6.8486891317142478],[115.43684371912383,-6.8486888813607329],[115.43684380262033,-6.8486979000957753],[115.43685282622113,-6.8486978166441563],[115.43685290971789,-6.8487068353790832],[115.43688900412066,-6.8487065015704793],[115.43688883712586,-6.8486884641015076],[115.43685274272444,-6.848688797909225],[115.43685265922788,-6.8486797791742893]]],[[[115.43702452511526,-6.8487232872298476],[115.43702460861559,-6.8487323059626553],[115.4370516794129,-6.8487320555958595],[115.43705176291384,-6.8487410743283288],[115.43706078651287,-6.8487409908722832],[115.43706087001411,-6.848750009604637],[115.4370698936132,-6.8487499261483125],[115.43706997711472,-6.8487589448805508],[115.43707900071389,-6.8487588614239456],[115.43707908421567,-6.8487678801560863],[115.43708810781489,-6.8487677966992022],[115.43708819131696,-6.8487768154311937],[115.43709721491625,-6.8487767319740307],[115.43709729841859,-6.8487857507059235],[115.43710632201791,-6.8487856672484817],[115.4371062385154,-6.848776648516699],[115.4371242857134,-6.8487764816015293],[115.43712436921624,-6.84878550033309],[115.43714241641413,-6.8487853334170259],[115.43714224940787,-6.8487672959543602],[115.4371332258093,-6.8487673794122559],[115.43713314230652,-6.8487583606807796],[115.43711509510941,-6.8487585275958427],[115.43711501160708,-6.8487495088641577],[115.43709696440989,-6.8487496757783237],[115.43709704791189,-6.8487586945102299],[115.43708802431293,-6.8487587779671717],[115.4370879408111,-6.8487497592351545],[115.43707891721222,-6.8487498426918174],[115.43707866670789,-6.8487227864954052],[115.43710573750269,-6.8487225361259112],[115.43710565400097,-6.8487135173940974],[115.43711467759884,-6.848713433937375],[115.43711459409704,-6.8487044152056686],[115.43710557049934,-6.8487044986622809],[115.43710540349646,-6.8486864611986338],[115.43708735630139,-6.8486866281109098],[115.43708727280045,-6.8486776093788588],[115.43706922560524,-6.8486777762902395],[115.43706939260656,-6.8486958137547838],[115.43707841620456,-6.8486957302989548],[115.43707849970556,-6.8487047490311097],[115.43706947610738,-6.8487048324870488],[115.43706955960832,-6.8487138512193102],[115.43705151241136,-6.8487140181309059],[115.43705159591207,-6.8487230368633849],[115.43702452511526,-6.8487232872298476]]],[[[115.43705126190989,-6.8486869619334438],[115.43705109490946,-6.8486689244684467],[115.43703304771371,-6.8486690913782597],[115.43703321471347,-6.848687128843701],[115.43705126190989,-6.8486869619334438]]],[[[115.43664169328559,-6.8483119302730842],[115.4366236460932,-6.848312097158872],[115.43662372958093,-6.8483211158967601],[115.43664177677366,-6.8483209490107511],[115.43664169328559,-6.8483119302730842]]],[[[115.43644300717597,-6.8482957284994743],[115.43642495997932,-6.8482958953774089],[115.43642521043105,-6.8483229515984076],[115.43643423402993,-6.8483228681591912],[115.43643440099868,-6.8483409056396134],[115.43645244819683,-6.8483407387602329],[115.43645253168168,-6.8483497575002152],[115.43647057887974,-6.8483495906199394],[115.43647041190941,-6.8483315531404134],[115.43646138831079,-6.8483316365804132],[115.43646130482598,-6.848322617840533],[115.43644325762872,-6.8483227847198078],[115.43644300717597,-6.8482957284994743]]],[[[115.43689410345431,-6.8482825375976404],[115.43689401996198,-6.8482735188630608],[115.43688499636968,-6.848273602310309],[115.43688507986184,-6.8482826210449996],[115.43689410345431,-6.8482825375976404]]],[[[115.43682183122027,-6.8482741864363339],[115.4368217477294,-6.8482651677008626],[115.43681272413636,-6.8482652511466542],[115.43681280762706,-6.8482742698822348],[115.43682183122027,-6.8482741864363339]]],[[[115.43638828120582,-6.8482330979456716],[115.43636121041214,-6.8482333482569624],[115.43636137737592,-6.8482513857392462],[115.43637942457252,-6.8482512188647764],[115.43637959153742,-6.8482692563465992],[115.43637056793884,-6.8482693397841405],[115.4363706514213,-6.8482783585251559],[115.43636162782244,-6.8482784419626386],[115.43636179478736,-6.8482964794448788],[115.43641593638078,-6.8482959788161253],[115.43641576941386,-6.8482779413352155],[115.43640674581557,-6.8482780247735402],[115.43640657884943,-6.8482599872923906],[115.43639755525139,-6.8482600707303263],[115.43639747176864,-6.8482510519896342],[115.43638844817062,-6.8482511354272901],[115.43638828120582,-6.8482330979456716]]],[[[115.43628893814368,-6.8482249970042934],[115.43627089094586,-6.84822516387473],[115.43627097442588,-6.848234182616987],[115.43627999802501,-6.8482340991817434],[115.43628008150534,-6.8482431179238672],[115.43628910510454,-6.8482430344883438],[115.43628893814368,-6.8482249970042934]]],[[[115.43618015408225,-6.8481718857565195],[115.43618032103774,-6.8481899232433001],[115.43618934463716,-6.8481898398102938],[115.43618942811521,-6.8481988585535492],[115.43620747531403,-6.8481986916868092],[115.43620755879257,-6.8482077104298726],[115.43624365318956,-6.848207376693928],[115.43624356971037,-6.8481983579513077],[115.43623454611145,-6.8481984413854358],[115.43623446263253,-6.8481894226427338],[115.43624348623129,-6.8481893392087176],[115.43624340275231,-6.8481803204661045],[115.43623437915373,-6.8481804039000123],[115.43623421219647,-6.8481623664145523],[115.43621616499966,-6.8481625332814149],[115.4362162484779,-6.8481715520243691],[115.43620722487917,-6.8481716354576587],[115.43620714140108,-6.8481626167145953],[115.43619811780241,-6.848162700147606],[115.43619820128031,-6.8481717188907814],[115.43618015408225,-6.8481718857565195]]],[[[115.436234128718,-6.8481533476718335],[115.43623404523966,-6.8481443289290755],[115.43621599804355,-6.8481444957954949],[115.43621608152155,-6.848153514538474],[115.436234128718,-6.8481533476718335]]],[[[115.43618015408225,-6.8481718857565195],[115.43617998712726,-6.8481538482697371],[115.4361709635284,-6.8481539317021323],[115.43617071309721,-6.8481268754715519],[115.4361436423015,-6.8481271257667293],[115.43614372577792,-6.8481361445105877],[115.43615274937679,-6.848136061078919],[115.43615299980728,-6.8481631173101354],[115.43616202340652,-6.8481630338779649],[115.43616210688377,-6.8481720526215843],[115.43618015408225,-6.8481718857565195]]],[[[115.43590877828061,-6.8481022386878676],[115.43589975467938,-6.8481023221145456],[115.43589992162262,-6.8481203596082718],[115.43590894522416,-6.8481202761813735],[115.4359090286961,-6.8481292949281176],[115.43591805229774,-6.8481292115009378],[115.43591813576998,-6.8481382302475673],[115.43593618297319,-6.8481380633924811],[115.43593609950064,-6.8481290446460736],[115.43592707589923,-6.8481291280735892],[115.43592699242694,-6.8481201093270663],[115.43591796882561,-6.8481201927543029],[115.4359178853536,-6.8481111740076637],[115.43590886175232,-6.8481112574346215],[115.43590877828061,-6.8481022386878676]]],[[[115.43617062962038,-6.8481178567280212],[115.43617046266706,-6.8480998192409483],[115.4361614390691,-6.8480999026725105],[115.43616152254552,-6.8481089214161601],[115.43615249894729,-6.8481090048476645],[115.43615258242367,-6.8481180235914199],[115.43617062962038,-6.8481178567280212]]],[[[115.43596283641297,-6.8480927193781653],[115.43596275294045,-6.8480837006320687],[115.43595372934021,-6.8480837840595363],[115.43595381281257,-6.848092802805744],[115.43596283641297,-6.8480927193781653]]],[[[115.43598088361338,-6.8480925525225054],[115.43598080014051,-6.848083533776629],[115.43597177654053,-6.8480836172044341],[115.4359718600132,-6.8480926359504206],[115.43598088361338,-6.8480925525225054]]],[[[115.43606209600966,-6.8480918016636982],[115.4360620125353,-6.8480827829188193],[115.43604396533725,-6.8480829497772895],[115.43604404881125,-6.8480919685223887],[115.43606209600966,-6.8480918016636982]]],[[[115.43610713052846,-6.8480823657696988],[115.43610721400367,-6.8480913845140226],[115.43611623760212,-6.8480913010835822],[115.43611615412675,-6.8480822823393703],[115.43610713052846,-6.8480823657696988]]],[[[115.43611615412675,-6.8480822823393703],[115.43612517772496,-6.8480821989088714],[115.43612509424952,-6.8480731801647661],[115.43611607065149,-6.8480732635951531],[115.43611615412675,-6.8480822823393703]]],[[[115.43589942079429,-6.8480662471270408],[115.43588137359285,-6.8480664139790051],[115.43588145706363,-6.8480754327261097],[115.43589048066458,-6.8480753493001005],[115.43589056413562,-6.8480843680470906],[115.43589958773661,-6.8480842846208034],[115.43589942079429,-6.8480662471270408]]],[[[115.43585421931971,-6.8480576455082494],[115.43585430278986,-6.8480666642556907],[115.43586332639096,-6.8480665808302978],[115.43586324292066,-6.8480575620829667],[115.43585421931971,-6.8480576455082494]]],[[[115.43583617211749,-6.8480578123583085],[115.4358360886478,-6.8480487936106407],[115.43582706504669,-6.848048877035307],[115.43582714851621,-6.8480578957830858],[115.43583617211749,-6.8480578123583085]]],[[[115.43585421931971,-6.8480576455082494],[115.43585413584967,-6.8480486267608027],[115.4358451122488,-6.8480487101858056],[115.43584519571867,-6.8480577289333642],[115.43585421931971,-6.8480576455082494]]],[[[115.43594445532408,-6.848056811247849],[115.43594437185234,-6.8480477925015117],[115.43592632465271,-6.8480479593547168],[115.43592640812409,-6.8480569781012752],[115.43594445532408,-6.848056811247849]]],[[[115.43601647717342,-6.8480381063364852],[115.43601639370057,-6.8480290875910441],[115.43600737010205,-6.8480291710188554],[115.43600745357473,-6.8480381897644085],[115.43601647717342,-6.8480381063364852]]],[[[115.4355195113728,-6.8479705446096553],[115.43551934444754,-6.8479525071064833],[115.43551032084433,-6.8479525905240379],[115.43551048776925,-6.8479706280274311],[115.4355195113728,-6.8479705446096553]]],[[[115.43568168582034,-6.8479419868120974],[115.43567266221932,-6.8479420702325715],[115.43567291261562,-6.8479691264817077],[115.43569095981853,-6.8479689596399265],[115.43569079288689,-6.8479509221409671],[115.43568176928584,-6.8479510055617201],[115.43568168582034,-6.8479419868120974]]],[[[115.43544657139341,-6.8478900431746759],[115.43542852418747,-6.84789021000537],[115.43542860764758,-6.8478992287581066],[115.43543763125078,-6.8478991453427334],[115.43543771471116,-6.8479081640953536],[115.4354467383144,-6.8479080806797006],[115.43544657139341,-6.8478900431746759]]],[[[115.43542835726764,-6.8478721724998843],[115.43542827380787,-6.8478631537471353],[115.43541022660247,-6.8478633205764909],[115.43541031006191,-6.847872339329462],[115.43542835726764,-6.8478721724998843]]],[[[115.43513918465131,-6.8478297479107741],[115.43513926810525,-6.8478387666670715],[115.43516633892175,-6.8478385164389355],[115.43516625546734,-6.8478294976829712],[115.43513918465131,-6.8478297479107741]]],[[[115.43513918465131,-6.8478297479107741],[115.43513910119752,-6.8478207291544555],[115.43513007759212,-6.847820812563274],[115.43513016104576,-6.8478298313197037],[115.43513918465131,-6.8478297479107741]]],[[[115.43513007759212,-6.847820812563274],[115.43512982723189,-6.8477937562939761],[115.4350937328112,-6.8477940899262411],[115.43509381626382,-6.8478031086831113],[115.43510283986934,-6.8478030252751863],[115.43510292332223,-6.8478120440319588],[115.43511194692779,-6.847811960623754],[115.43511203038099,-6.8478209793804092],[115.43513007759212,-6.847820812563274]]],[[[115.43506632818713,-6.8477582651197366],[115.43506616128414,-6.8477402276052501],[115.43505713767935,-6.8477403110117248],[115.43505730458202,-6.8477583485264333],[115.43506632818713,-6.8477582651197366]]],[[[115.43566163548837,-6.8477257036557093],[115.43566155202603,-6.8477166849057731],[115.43567057562294,-6.8477166014882398],[115.43567049216053,-6.8477075827384093],[115.43565244496695,-6.8477077495730851],[115.43565261189117,-6.8477257870731858],[115.43566163548837,-6.8477257036557093]]],[[[115.43577752335987,-6.8475713004881831],[115.43577743989727,-6.8475622817396129],[115.43576841630458,-6.8475623651572821],[115.43576849976702,-6.8475713839059633],[115.43577752335987,-6.8475713004881831]]],[[[115.43775314524345,-6.8474944606357653],[115.43775326998812,-6.847507934317421],[115.43774424642075,-6.8475080177715135],[115.43774499791471,-6.8475891862910512],[115.43775402148363,-6.8475891028359595],[115.43775427198413,-6.8476161590087274],[115.4377632955534,-6.847616075553133],[115.43776354605544,-6.8476431317255289],[115.4377725696251,-6.8476430482694335],[115.43777265312617,-6.8476520669934287],[115.43778167669591,-6.8476519835370553],[115.43778184369874,-6.8476700209848609],[115.43779086726867,-6.8476699375280976],[115.43779103427229,-6.8476879749756483],[115.43780005784248,-6.8476878915184933],[115.43780030834922,-6.8477149476894521],[115.43780933191979,-6.8477148642317971],[115.43780966593106,-6.8477509391259028],[115.4378277130732,-6.8477507722092001],[115.43782788008019,-6.8477688096558005],[115.43783690365142,-6.8477687261969749],[115.43783698715525,-6.8477777449201316],[115.43788210501059,-6.8477773276229223],[115.43788218851536,-6.8477863463455382],[115.43789121208626,-6.8477862628854806],[115.43789104507646,-6.8477682254404835],[115.43790006864691,-6.8477681419804801],[115.43789998514204,-6.8477591232580606],[115.43798119726948,-6.8477583721114446],[115.43798144778904,-6.8477854282756425],[115.43799949492825,-6.847785261351655],[115.43799957843534,-6.8477942800728231],[115.43800860200496,-6.8477941966104661],[115.43800868551233,-6.8478032153315187],[115.43801770908199,-6.8478031318688819],[115.4380177925896,-6.8478121505898031],[115.43802681615934,-6.8478120671268874],[115.43802715019173,-6.847848142010168],[115.43803617376201,-6.8478480585466404],[115.43803625727055,-6.8478570772673333],[115.4380452808409,-6.8478569938035267],[115.43804544785866,-6.8478750312446799],[115.4380544714292,-6.8478749477804826],[115.43805455493843,-6.847883966500941],[115.43807260207954,-6.8478837995718198],[115.4380726855892,-6.8478928182920518],[115.43808170915976,-6.847892734827127],[115.43808187617981,-6.8479107722673582],[115.43809992332122,-6.8479106053365593],[115.43810009034237,-6.8479286427763464],[115.43810911391327,-6.8479285593104731],[115.43810919742417,-6.8479375780302236],[115.43811822099512,-6.8479374945640705],[115.43811830450632,-6.8479465132837225],[115.43813635164821,-6.8479463463506889],[115.43813643515985,-6.8479553650701153],[115.43814545873077,-6.8479552816032365],[115.43814554224271,-6.8479643003225457],[115.4381545658137,-6.8479642168553871],[115.43815464932591,-6.8479732355745995],[115.43816367289696,-6.8479731521071603],[115.43816375640944,-6.8479821708262234],[115.43817277998058,-6.8479820873585053],[115.43817286349334,-6.8479911060774699],[115.43820895777733,-6.8479907722044731],[115.43820904129089,-6.8479997909229899],[115.4382361120032,-6.8479995405161409],[115.43823627903163,-6.8480175779524783],[115.43825432617329,-6.8480174110132923],[115.43825440968804,-6.8480264297312576],[115.43827245682959,-6.8480262627911781],[115.43827254034477,-6.8480352815088992],[115.43832668176771,-6.848034780683955],[115.43832659825151,-6.8480257619668974],[115.43834464539127,-6.8480255950241249],[115.43834445642986,-6.8480051895633016],[115.43834096500005,-6.8480013439999601],[115.43825499342894,-6.8479272099363246],[115.43820837318563,-6.8479276411747554],[115.43820828967297,-6.847918622456187],[115.43817219539439,-6.8479189563256346],[115.43817211188252,-6.8479099376066346],[115.43816308831273,-6.8479100210734654],[115.43816300480117,-6.8479010023543498],[115.43815398123144,-6.8479010858209008],[115.4381541482544,-6.8479191232593468],[115.43814512468421,-6.8479192067259511],[115.43814504117287,-6.8479101880066198],[115.43813601760277,-6.8479102714729434],[115.43813543302761,-6.8478471404367198],[115.43812640945856,-6.8478472239020993],[115.43812615892854,-6.8478201677433201],[115.43811713535987,-6.8478202512081978],[115.43811702411924,-6.8478082376401925],[115.43798592784326,-6.8476951919009421],[115.43798061272774,-6.8476952410614969],[115.43798056949009,-6.8476905713323015],[115.43797557917163,-6.8476862681239439],[115.43796248208629,-6.8476863892609323],[115.43796239858123,-6.8476773705392686],[115.43795337501324,-6.8476774539993404],[115.43795329150846,-6.8476684352775612],[115.43791719723612,-6.8476687691157281],[115.43791711373213,-6.8476597503934986],[115.4379080901639,-6.847659833852509],[115.43790800666019,-6.8476508151301489],[115.43789898309205,-6.8476508985888787],[115.43789889958862,-6.847641879866436],[115.43788987602052,-6.8476419633248877],[115.43788970901433,-6.8476239258797351],[115.43788068544649,-6.8476240093377969],[115.43788060194372,-6.847614990615102],[115.4378715783759,-6.8476150740728832],[115.43787141137108,-6.8475970366272598],[115.43786238780346,-6.8475971200846528],[115.43786230886074,-6.8475885937986973],[115.43775314524345,-6.8474944606357653]]],[[[115.43537037666317,-6.8474578103249861],[115.4353794002588,-6.8474577269160548],[115.43537948371264,-6.8474667456695393],[115.43538850730832,-6.8474666622603291],[115.43538842385431,-6.8474576435069556],[115.4353974474497,-6.8474575600976877],[115.43539736399562,-6.8474485413444039],[115.43537029320959,-6.8474487915713693],[115.43537037666317,-6.8474578103249861]]],[[[115.43555043127063,-6.8474110483573432],[115.43555026435797,-6.847393010854498],[115.43554124076567,-6.8473930942658505],[115.43554140767797,-6.8474111317689186],[115.43555043127063,-6.8474110483573432]]],[[[115.4354328741953,-6.8473850764360886],[115.43544189778876,-6.8473849930268669],[115.43544181433475,-6.8473759742741187],[115.43543279074143,-6.8473760576832303],[115.4354328741953,-6.8473850764360886]]],[[[115.43438563598326,-6.8473406381690172],[115.43439465958879,-6.8473405547799882],[115.43439457615497,-6.8473315360143205],[115.43438555254963,-6.8473316194032394],[115.43438563598326,-6.8473406381690172]]],[[[115.43429456560733,-6.8472512843811373],[115.43429464903826,-6.8472603031480466],[115.43431269624843,-6.8472601363751826],[115.43431261281717,-6.8472511176084954],[115.43429456560733,-6.8472512843811373]]],[[[115.43434870723543,-6.84725078406119],[115.43433968363104,-6.8472508674482686],[115.43433976706282,-6.8472598862146237],[115.43433074345813,-6.8472599696016445],[115.43433124405018,-6.8473140822003478],[115.4343402676559,-6.8473139988126599],[115.43434035108847,-6.8473230175789856],[115.43436742190538,-6.8473227674145827],[115.43436692130861,-6.8472686548185511],[115.4343578977041,-6.8472687382061883],[115.43435781427186,-6.8472597194400757],[115.43434879066739,-6.8472598028274341],[115.43434870723543,-6.84725078406119]]],[[[115.43429456560733,-6.8472512843811373],[115.4342944821765,-6.8472422656142244],[115.43428545857158,-6.8472423490001821],[115.43428554200223,-6.847251367767206],[115.43429456560733,-6.8472512843811373]]],[[[115.43739605411815,-6.847186535854485],[115.43738926680047,-6.8471806830444875],[115.43738932155743,-6.8471865981124163],[115.43739605411815,-6.847186535854485]]],[[[115.43732558811746,-6.8471257719056702],[115.43732582264724,-6.8471511072937368],[115.43733484621308,-6.8471510238518238],[115.43733492969986,-6.8471600425813852],[115.43734395326572,-6.8471599591391925],[115.43734403675279,-6.8471689778686544],[115.4373711074502,-6.8471687275407351],[115.43737119093791,-6.8471777462698595],[115.43738570546648,-6.8471776120504337],[115.43732558811746,-6.8471257719056702]]],[[[115.4341765078788,-6.8471711994715534],[115.43417634102367,-6.8471531619347603],[115.43416731741895,-6.847153245317422],[115.43416748427379,-6.8471712828544353],[115.4341765078788,-6.8471711994715534]]],[[[115.4372822189688,-6.8470883739838033],[115.43727109685386,-6.847088476829061],[115.43727126382362,-6.847106514289826],[115.43728028738927,-6.847106430849478],[115.43728045435982,-6.8471244683100032],[115.43732361356368,-6.847124069216151],[115.4372822189688,-6.8470883739838033]]],[[[115.43354954138492,-6.8467079761355629],[115.43353149417673,-6.8467081428664045],[115.43353157758665,-6.846717161642891],[115.43352255398224,-6.8467172450081684],[115.43352263739212,-6.8467262637847615],[115.43354068460118,-6.8467260970538151],[115.43354085142194,-6.8467441346065447],[115.43354987502666,-6.8467440512405968],[115.43354979161604,-6.8467350324643457],[115.43355881522045,-6.84673494909834],[115.43355864839924,-6.8467169115460456],[115.43354962479516,-6.8467169949118283],[115.43354954138492,-6.8467079761355629]]],[[[115.43318701249017,-6.8465399537903417],[115.43318692908889,-6.8465309350095556],[115.43317790548373,-6.846531018366111],[115.43317798888484,-6.8465400371470064],[115.43318701249017,-6.8465399537903417]]],[[[115.43304246799434,-6.8465232499116677],[115.43303344438753,-6.8465233332654183],[115.43303369458279,-6.8465503896134265],[115.43305174179729,-6.8465502229050914],[115.43305157499965,-6.8465321853402008],[115.4330425513928,-6.8465322686942311],[115.43304246799434,-6.8465232499116677]]],[[[115.43306870483039,-6.8464328120268618],[115.43305968122563,-6.8464328953800084],[115.43305976462331,-6.8464419141623925],[115.43303269380782,-6.8464421642211581],[115.4330327772051,-6.8464511830038548],[115.43300570638812,-6.8464514330614374],[115.433005789785,-6.8464604518444956],[115.4330238369968,-6.8464602851393863],[115.43302425398468,-6.8465053790534185],[115.43305132480404,-6.8465051289928311],[115.43305140820249,-6.8465141477752915],[115.43309652623336,-6.8465137310037276],[115.43309660963271,-6.8465227497856294],[115.43310563323875,-6.8465226664307002],[115.43310571663839,-6.8465316852124882],[115.43311474024445,-6.8465316018572793],[115.43311465684464,-6.8465225830756031],[115.43313270405606,-6.8465224163649037],[115.43313262065602,-6.8465133975834451],[115.4331416442614,-6.8465133142279546],[115.4331415608613,-6.8465042954466009],[115.4331144900453,-6.8465045455122375],[115.4331142398472,-6.8464774891671558],[115.43310521624215,-6.8464775725216995],[115.43310513284318,-6.8464685537398857],[115.43309610923815,-6.8464686370941497],[115.43309602583946,-6.8464596183122213],[115.43308700223452,-6.8464597016662063],[115.43308708563306,-6.8464687204482448],[115.43307806202782,-6.846468803802173],[115.43307797862947,-6.8464597850200226],[115.4330689550243,-6.8464598683736702],[115.43306870483039,-6.8464328120268618]]],[[[115.43313170326292,-6.8464141909871064],[115.43313161986421,-6.8464051722056114],[115.43312259626072,-6.8464052555596044],[115.43312267965926,-6.8464142743412122],[115.43313170326292,-6.8464141909871064]]],[[[115.43289700613722,-6.8464073393547302],[115.432896922743,-6.8463983205703158],[115.43288789913676,-6.8463984039198218],[115.4328879825308,-6.8464074227043463],[115.43289700613722,-6.8464073393547302]]],[[[115.43278830589315,-6.8463632456103438],[115.43280635310663,-6.8463630789157524],[115.4328061029311,-6.8463360225591412],[115.43277903211219,-6.8463362725997783],[115.43277928228623,-6.846363328957386],[115.4327702586792,-6.8463634123042612],[115.43277017528793,-6.8463543935182738],[115.43276115168095,-6.8463544768648692],[115.43276106828996,-6.8463454580787833],[115.43273399746887,-6.8463457081172274],[115.43273441442253,-6.8463908020492736],[115.4327434380305,-6.8463907187027395],[115.43274368820452,-6.8464177750615827],[115.43276173542115,-6.8464176083673456],[115.43276165202938,-6.8464085895813076],[115.43278872285296,-6.8464083395390221],[115.43278863946077,-6.8463993207532772],[115.43279766306823,-6.8463992374056239],[115.43279741289183,-6.8463721810487499],[115.43278838928488,-6.8463722643960718],[115.43278830589315,-6.8463632456103438]],[[115.4327614852461,-6.8463905520091668],[115.43277050885374,-6.84639046866213],[115.43277059224549,-6.8463994874480827],[115.43276156863767,-6.8463995707952314],[115.4327614852461,-6.8463905520091668]]],[[[115.43850973987124,-6.8492867960334083],[115.43850965633618,-6.8492777773190703],[115.43850063274486,-6.8492778608088249],[115.43850046567546,-6.8492598233798967],[115.43849144208436,-6.8492599068692606],[115.43849135855,-6.849250888154705],[115.43850038214092,-6.8492508046654521],[115.43850013153799,-6.8492237485220384],[115.4385091551283,-6.8492236650329499],[115.43850907159403,-6.8492146463185639],[115.4385000480039,-6.8492147298075414],[115.43849971386867,-6.8491786549495961],[115.43850873745816,-6.8491785714610609],[115.43850857039088,-6.8491605340322748],[115.4385175939799,-6.8491604505437946],[115.43851742691274,-6.8491424131152128],[115.43850840332405,-6.8491424966034709],[115.43850831979083,-6.8491334778890627],[115.43849027261346,-6.849133644864855],[115.43849035614635,-6.8491426635794843],[115.43848133255734,-6.8491427470672379],[115.4384812490246,-6.8491337283524967],[115.43847222543566,-6.8491338118399714],[115.43847197483862,-6.849106755695388],[115.43845392766137,-6.8491069226691668],[115.4384538441296,-6.8490979039540756],[115.43843579695226,-6.8490980709269564],[115.43843562988971,-6.8490800334963167],[115.43845367706636,-6.8490798665238781],[115.43845376059794,-6.8490888852389782],[115.4384718077745,-6.8490887182656452],[115.4384717242426,-6.8490796995507655],[115.43849879500611,-6.8490794490898352],[115.43849887853852,-6.8490884678043811],[115.43850790212632,-6.8490883843169552],[115.43850765152894,-6.8490613281736383],[115.43856179305021,-6.8490608272475502],[115.43856170951697,-6.8490518085337513],[115.43860682744743,-6.8490513910912689],[115.43860666037962,-6.8490333536648178],[115.43861568396501,-6.8490332701760384],[115.4386155168973,-6.8490152327497746],[115.43862454048229,-6.8490151492610485],[115.4386243734147,-6.8489971118349882],[115.43863339699918,-6.8489970283463153],[115.43863306286468,-6.848960953494605],[115.43864208644844,-6.8489608700062075],[115.4386418358482,-6.8489338138676814],[115.43869597734519,-6.8489333129357588],[115.43869606087951,-6.8489423316479341],[115.43886750892973,-6.8489407453214133],[115.43886759246736,-6.8489497640314765],[115.43887661604799,-6.8489496805388113],[115.43887678312392,-6.8489677179587014],[115.43889483028551,-6.8489675509724242],[115.43889491382396,-6.8489765696821401],[115.43890393740476,-6.8489764861886373],[115.43890402094351,-6.8489855048982387],[115.43889499736252,-6.8489855883918525],[115.4388950809012,-6.8489946071015604],[115.43890410448235,-6.8489945236078347],[115.43890418802133,-6.8490035423174103],[115.4389222351836,-6.8490033753292359],[115.43892240226253,-6.8490214127479794],[115.43891337868111,-6.8490214962423739],[115.43891354576017,-6.8490395336613057],[115.43890452217832,-6.8490396171557526],[115.43890460571782,-6.8490486358653069],[115.43889558213567,-6.8490487193596969],[115.43889566567513,-6.8490577380693907],[115.43887761851019,-6.8490579050578866],[115.43887770204944,-6.8490669237677819],[115.43886867846658,-6.8490670072618887],[115.43886876200578,-6.8490760259718897],[115.43885071483949,-6.8490761929598198],[115.43885079837844,-6.8490852116700385],[115.43884177479494,-6.8490852951638619],[115.43884185833384,-6.8490943138741871],[115.43883283475007,-6.8490943973679528],[115.43883291828894,-6.8491034160783855],[115.43882389470487,-6.8491034995720925],[115.43882397824366,-6.8491125182826309],[115.43881495465932,-6.8491126017762829],[115.43881503819807,-6.8491216204869447],[115.43880601461346,-6.8491217039805381],[115.43880618169095,-6.849139741402019],[115.43879715810586,-6.8491398248956674],[115.43879724164459,-6.8491488436065211],[115.43878821805924,-6.84914892710011],[115.43878871929306,-6.849203039365805],[115.43877969570657,-6.8492031228598913],[115.43878002986403,-6.849239197704045],[115.43878905345119,-6.8492391142095146],[115.43878938761114,-6.8492751890531531],[115.43877134043537,-6.8492753560429334],[115.43877175813614,-6.8493204495984932],[115.4387807817249,-6.8493203661031323],[115.43878086526558,-6.849329384814137],[115.43878988885442,-6.8493293013184955],[115.43878997239534,-6.8493383200293518],[115.43879899598423,-6.8493382365334323],[115.43879907952547,-6.8493472552441883],[115.43880810311444,-6.849347171747989],[115.43880801957305,-6.8493381530373423],[115.43881704316171,-6.849338069541087],[115.43881695962024,-6.8493290508305638],[115.43883500679691,-6.8493288838377673],[115.43883467263089,-6.8492928089964362],[115.43884369621838,-6.8492927255002289],[115.43884352913572,-6.8492746880797677],[115.43885255272275,-6.8492746045836137],[115.4388523856402,-6.8492565671633399],[115.4388614092268,-6.84925648366724],[115.43886132568551,-6.8492474649572328],[115.43887937285801,-6.849247297964749],[115.43887928931652,-6.8492382792549433],[115.43889733648821,-6.8492381122620074],[115.43889725294649,-6.8492290935524185],[115.43890627653202,-6.8492290100558098],[115.43890619299025,-6.8492199913463274],[115.43891521657547,-6.8492199078496601],[115.43891513303365,-6.8492108891402683],[115.43893318020346,-6.8492107221466512],[115.43893309666139,-6.849201703437509],[115.43896919099896,-6.8492013694486999],[115.43896894037145,-6.8491743133225285],[115.43897796395505,-6.8491742298252394],[115.43897813104027,-6.8491922672424685],[115.4389871546241,-6.8491921837447887],[115.43898723816707,-6.8492012024532842],[115.43900528533474,-6.8492010354571962],[115.43900520179145,-6.8491920167489209],[115.43901422537496,-6.8491919332507347],[115.43901439246198,-6.849209970667042],[115.43905048679616,-6.849209636671727],[115.43905057034053,-6.8492186553794552],[115.43905959392397,-6.8492185718800949],[115.43905967746862,-6.8492275905876907],[115.43907772463548,-6.8492274235882418],[115.43907780818058,-6.8492364422956129],[115.43910487893055,-6.8492361917948443],[115.43910479538494,-6.8492271730878063],[115.4391138189679,-6.8492270895873242],[115.43911373542223,-6.8492180708803936],[115.43912275900486,-6.8492179873798547],[115.43912267545916,-6.8492089686730138],[115.43914974620593,-6.8492087181707175],[115.43914957911383,-6.8491906807577392],[115.43915860269551,-6.8491905972568592],[115.43915851914947,-6.8491815785504651],[115.43916754273087,-6.8491814950495273],[115.43916737563877,-6.8491634576369673],[115.43917639921976,-6.849163374136082],[115.43917623212779,-6.8491453367236925],[115.43919427928869,-6.8491451697218633],[115.43919419574252,-6.8491361510158928],[115.43920321932265,-6.8491360675148352],[115.43920305223033,-6.849118030103118],[115.43923914654832,-6.8491176960980962],[115.43923856172405,-6.8490545651599799],[115.43922953814594,-6.8490546486607116],[115.43922928750914,-6.8490275925439841],[115.4392202639314,-6.8490276760442139],[115.43922001329614,-6.8490006199270965],[115.43922903687339,-6.8490005364272006],[115.43922870269394,-6.8489644616047993],[115.43921967911736,-6.848964545104252],[115.43921959557296,-6.8489555263985427],[115.43922861914936,-6.848955442899201],[115.43922836851631,-6.8489283867823127],[115.43921032136438,-6.848928553780163],[115.43921023782057,-6.848919535074308],[115.43920121424462,-6.8489196185728689],[115.43920096361444,-6.848892562454945],[115.43918291646318,-6.8488927294508981],[115.43918283292034,-6.8488837107446914],[115.43916478576898,-6.8488838777397492],[115.43916470222659,-6.8488748590333177],[115.43914665507511,-6.8488750260274793],[115.43914657153319,-6.8488660073208214],[115.43913754795746,-6.8488660908175385],[115.43913746441578,-6.8488570721107642],[115.43912844084012,-6.8488571556072024],[115.43912835729873,-6.8488481369003145],[115.4391193337231,-6.8488482203964729],[115.43911925018199,-6.8488392016894517],[115.43911022660645,-6.8488392851853304],[115.43910980890351,-6.8487941916496906],[115.43910078532866,-6.8487942751448463],[115.4391006182486,-6.8487762377303536],[115.439091594674,-6.8487763212251194],[115.43909134405527,-6.8487492651030077],[115.43908232048106,-6.8487493485972717],[115.43908215340281,-6.8487313111822585],[115.43907312982881,-6.8487313946761326],[115.43907296275134,-6.8487133572608956],[115.43906393917757,-6.8487134407543806],[115.43906377210089,-6.8486954033389056],[115.43905474852733,-6.8486954868319989],[115.43905466498933,-6.8486864681241437],[115.43904564141586,-6.8486865516169573],[115.43904555787813,-6.8486775329089866],[115.43903653430469,-6.8486776164015213],[115.43903645076726,-6.8486685976934352],[115.43902742719385,-6.8486686811856909],[115.4390273436567,-6.8486596624774894],[115.43901832008339,-6.8486597459694654],[115.43901815300974,-6.8486417085528277],[115.43900010586343,-6.8486418755358311],[115.4389999387909,-6.8486238381187325],[115.43890067948179,-6.8486247565107696],[115.43890076301614,-6.8486337752205255],[115.43889173944173,-6.8486338587098121],[115.43889182297602,-6.8486428774197075],[115.43888279940136,-6.8486429609089354],[115.43888288293557,-6.8486519796189214],[115.43887385936063,-6.8486520631080916],[115.43887394289479,-6.8486610818181841],[115.43884687216874,-6.8486613322850207],[115.43884695570252,-6.848670350995441],[115.4388289085509,-6.8486705179727112],[115.43882899208445,-6.8486795366833491],[115.43881094493206,-6.848679703660169],[115.43881086139884,-6.8486706849493082],[115.43879281424633,-6.8486708519252328],[115.43879273071353,-6.8486618332141465],[115.43878370713729,-6.8486619167017446],[115.43878362360478,-6.8486528979905437],[115.43877460002859,-6.8486529814778621],[115.43877451649637,-6.8486439627665456],[115.43875646934399,-6.8486441297404568],[115.43875638581221,-6.8486351110288961],[115.438747362236,-6.8486351945154889],[115.43874719517314,-6.8486171570921837],[115.43873817159718,-6.8486172405783847],[115.43873800453511,-6.8485992031548237],[115.43872898095935,-6.8485992866406367],[115.43872889742865,-6.8485902679287216],[115.43871987385296,-6.848590351414253],[115.43871979032254,-6.8485813327022562],[115.43871076674691,-6.8485814161875087],[115.43871051615683,-6.848554360051109],[115.43870149258159,-6.8485544435358614],[115.43870082434771,-6.8484822938377157],[115.43870984792163,-6.8484822103538523],[115.43870876205477,-6.8483649670952085],[115.43869973848305,-6.8483650505776303],[115.43869959985794,-6.848350082764818],[115.43857574200013,-6.8482599339999402],[115.43849276119835,-6.8481685366739224],[115.43848133524335,-6.8481686423740529],[115.43848121650717,-6.8481558210293674],[115.43844403700884,-6.8481148704844728],[115.43843571627042,-6.8481149474572049],[115.43843588330921,-6.8481329848885792],[115.43842685973848,-6.8481330683630661],[115.4384270267774,-6.8481511057946109],[115.43840897963494,-6.8481512727435216],[115.43840906315425,-6.8481602914595179],[115.43840003958266,-6.8481603749338316],[115.4384001231019,-6.8481693936499344],[115.43839109953008,-6.8481694771241903],[115.43839118304923,-6.8481784958403829],[115.43838215947714,-6.848178579314582],[115.43838232651547,-6.8481966167472264],[115.43836427937025,-6.8481967836955624],[115.43836436288925,-6.8482058024120924],[115.4383463157432,-6.8482059693599773],[115.43834639926197,-6.8482149880767231],[115.43832835211516,-6.8482151550241568],[115.43832843563371,-6.8482241737411043],[115.43831941205998,-6.848224257214679],[115.43831949557847,-6.8482332759317668],[115.43831047200442,-6.8482333594052838],[115.43831055552289,-6.8482423781224613],[115.43828348479961,-6.8482426285423363],[115.43828356831766,-6.8482516472598416],[115.43825649759289,-6.8482518976785345],[115.43825658111054,-6.8482609163963692],[115.43816634535226,-6.8482617511155102],[115.43816626183629,-6.848252732396567],[115.43815723826002,-6.8482528158674443],[115.43815715474432,-6.8482437971483856],[115.43813910759177,-6.8482439640894128],[115.43813902407651,-6.8482349453701286],[115.43811195334735,-6.8482351957800729],[115.4381117863182,-6.8482171583408249],[115.43808471558903,-6.8482174087485896],[115.43808463207515,-6.8482083900286268],[115.43807560849868,-6.8482084734974338],[115.43807552498507,-6.8481994547773546],[115.43806650140867,-6.8481995382458818],[115.43806625086903,-6.8481724820852854],[115.43805722729299,-6.8481725655533126],[115.43805706026745,-6.848154528112671],[115.4380480366917,-6.8481546115803074],[115.43804786966693,-6.8481365741394429],[115.4380388460914,-6.8481366576066893],[115.43803867906743,-6.8481186201655522],[115.4380296554921,-6.8481187036324087],[115.438029237935,-6.8480736100289761],[115.43802021436041,-6.8480736934951096],[115.43801996382801,-6.8480466373326641],[115.4380109402538,-6.8480467207982958],[115.43801068972292,-6.8480196646354621],[115.43800166614909,-6.848019748100592],[115.43800141561972,-6.8479926919374199],[115.43799239204631,-6.8479927754020498],[115.43799230853692,-6.8479837566808666],[115.43800133211016,-6.8479836732163477],[115.4380012486007,-6.847974654495288],[115.43799222502764,-6.8479747379596958],[115.43799189099163,-6.8479386630748866],[115.43798286741909,-6.8479387465386816],[115.43798278391056,-6.8479297278173794],[115.43795571319282,-6.8479299782074223],[115.43795562968486,-6.847920959485748],[115.43792855896663,-6.8479212098739444],[115.43792847545933,-6.8479121911519494],[115.43791042831359,-6.8479123580763499],[115.43791034480672,-6.8479033393541293],[115.43786522694128,-6.847903756661629],[115.43786531044729,-6.8479127753844038],[115.43785628687372,-6.8479128588455094],[115.43785645388577,-6.8479308962912855],[115.43784743031172,-6.8479309797524452],[115.43784751381774,-6.8479399984754128],[115.43783849024342,-6.8479400819365148],[115.43783857374939,-6.8479491006596049],[115.43782052660006,-6.8479492675815248],[115.4378206101058,-6.8479582863048334],[115.43781158653084,-6.8479583697656521],[115.4378116700365,-6.8479673884890664],[115.43780264646122,-6.8479674719498282],[115.43780298048445,-6.8480035468438869],[115.4377849333322,-6.8480037137657916],[115.43778484982656,-6.8479946950420612],[115.43777582625042,-6.8479947785026498],[115.43777574274509,-6.8479857597788056],[115.43775769559284,-6.8479859266992564],[115.43775744507847,-6.8479588705270276],[115.43774842150268,-6.8479589539866685],[115.43774825449398,-6.8479409165382732],[115.43773020734275,-6.8479410834566048],[115.43773012383892,-6.8479320647321957],[115.43768500595969,-6.8479324820245226],[115.43768508946269,-6.8479415007494859],[115.43766704230988,-6.8479416676654621],[115.43766729281853,-6.8479687238410429],[115.43765826924142,-6.8479688072991109],[115.43765893726808,-6.8480409571013565],[115.43764991368955,-6.8480410405601431],[115.43764999719323,-6.8480500592855149],[115.43764097361441,-6.8480501427442428],[115.437641057118,-6.8480591614697222],[115.43763203353892,-6.8480592449283932],[115.43763211704247,-6.8480682636539782],[115.4376230934631,-6.8480683471125934],[115.43762317696661,-6.8480773658382841],[115.43761415338693,-6.8480774492968406],[115.43761423689035,-6.8480864680226388],[115.43760521331043,-6.8480865514811384],[115.43760529681383,-6.8480955702070432],[115.43759627323359,-6.8480956536654842],[115.43759635673692,-6.8481046723914956],[115.43757830957578,-6.848104839308097],[115.43757839307891,-6.848113858034325],[115.43755132233586,-6.8481141084082955],[115.43755123883328,-6.8481050896817344],[115.43754221525218,-6.8481051731392766],[115.43754213174986,-6.8480961544126009],[115.43753310816884,-6.8480962378698633],[115.43753302466682,-6.8480872191430713],[115.43752400108583,-6.8480873026000566],[115.43752391758407,-6.8480782838731482],[115.43750587042217,-6.8480784507863897],[115.43750578692085,-6.8480694320592566],[115.43749676333988,-6.8480695155155136],[115.43749667983884,-6.8480604967882641],[115.43748765625794,-6.8480605802442422],[115.43748757275719,-6.8480515615168782],[115.43747854917635,-6.8480516449725766],[115.43747838217553,-6.8480336075176131],[115.43746935859491,-6.8480336909729216],[115.43746902459526,-6.8479976160624982],[115.43747804817522,-6.8479975326076339],[115.43747696268666,-6.8478802891497175],[115.43748598626433,-6.8478802056961259],[115.43748573576916,-6.8478531495137576],[115.43746768861477,-6.847853316420105],[115.43746760511694,-6.8478442976924194],[115.43748565227101,-6.8478441307862923],[115.43748556877297,-6.8478351120588226],[115.43749459234964,-6.8478350286056182],[115.43749425835792,-6.8477989536961399],[115.43750328193383,-6.8477988702432109],[115.43750319843599,-6.847789851515941],[115.43751222201162,-6.8477897680629534],[115.43751213851374,-6.8477807493357918],[115.43752116208907,-6.8477806658827465],[115.43752099509331,-6.8477626284286295],[115.43753001866823,-6.8477625449756392],[115.43752993517035,-6.8477535262486837],[115.4375209115956,-6.8477536097015639],[115.437520828098,-6.8477445909744938],[115.43751180452334,-6.8477446744270951],[115.43751172102604,-6.8477356556999105],[115.43749367387669,-6.8477358226043847],[115.43749359037983,-6.8477268038769896],[115.43745749608047,-6.8477271376834743],[115.43745757957667,-6.8477361564113126],[115.43744855600134,-6.8477362398626243],[115.43744863949749,-6.847745258590586],[115.43743961592192,-6.8477453420418399],[115.43743978291418,-6.8477633794979713],[115.43743075933818,-6.8477634629492785],[115.43743084283433,-6.8477724816774659],[115.43743986641051,-6.8477723982260468],[115.43743994990692,-6.8477814169540849],[115.43743092633058,-6.8477815004056142],[115.43743100982694,-6.8477905191337758],[115.43742198625029,-6.8477906025852473],[115.43742206974659,-6.8477996213135146],[115.43740402259263,-6.8477997882161752],[115.43740435657764,-6.84783586313009],[115.43739533299983,-6.8478359465816112],[115.43739549999266,-6.847853984038764],[115.437377452836,-6.8478541509417452],[115.43737761982864,-6.8478721883993243],[115.4373685962498,-6.8478722718507834],[115.43736901373249,-6.847917365495209],[115.43735999015269,-6.8479174489470553],[115.43736007364939,-6.8479264676760376],[115.43729690858657,-6.8479270518350228],[115.43729640761512,-6.8478729394564013],[115.43728738403526,-6.8478730229063469],[115.43728713355155,-6.847845966716644],[115.43729615713089,-6.8478458832670324],[115.43729607363639,-6.8478368645372329],[115.43730509721543,-6.8478367810875644],[115.43730501372089,-6.8478277623578716],[115.43731403729964,-6.8478276789081445],[115.43731370332181,-6.8477916039897755],[115.43732272689984,-6.8477915205403246],[115.43732264340549,-6.8477825018108325],[115.43733166698318,-6.8477824183613238],[115.43733058156479,-6.8476651748789648],[115.43732155798929,-6.8476652583270328],[115.4373209735423,-6.8476021272200649],[115.43733902069086,-6.8476019603253144],[115.43733877021427,-6.8475749041372138],[115.43734779378786,-6.8475748206899185],[115.43734720934522,-6.8475116895849721],[115.43735623291754,-6.8475116061382861],[115.43735564847921,-6.8474484750338842],[115.43734662490809,-6.8474485584797939],[115.43734645792706,-6.8474305210211535],[115.43732841078511,-6.8474306879120244],[115.43732832729509,-6.8474216691824683],[115.43731028015304,-6.8474218360724448],[115.43731011317402,-6.8474037986128566],[115.43730108960318,-6.8474038820573702],[115.43730092262497,-6.8473858445975768],[115.43729189905433,-6.8473859280417004],[115.43729181556556,-6.847376909311679],[115.4372737684243,-6.8473770761991988],[115.43727360144774,-6.8473590387387144],[115.43726457787729,-6.8473591221819987],[115.43726449438935,-6.847350103451614],[115.43725547081894,-6.8473501868946194],[115.43725538733131,-6.8473411681641361],[115.43723734019046,-6.847341335049423],[115.43723725670327,-6.8473323163187114],[115.43721920956233,-6.8473324832031031],[115.4372191260756,-6.8473234644721668],[115.43721010250511,-6.847323547913998],[115.43721001901865,-6.847314529182964],[115.43720099544824,-6.8473146126245172],[115.43720091196207,-6.8473055938933332],[115.43717384125064,-6.8473058442166472],[115.43717409170803,-6.847332900411133],[115.43716506813679,-6.847332983852235],[115.4371655690536,-6.8473870962417527],[115.43715654548127,-6.8473871796833512],[115.43715662896763,-6.8473961984150327],[115.4371385818223,-6.8473963652979473],[115.43713866530842,-6.8474053840298286],[115.43712964173544,-6.8474054674711438],[115.43712972522152,-6.8474144862031663],[115.43711167807484,-6.8474146530855142],[115.43711176156071,-6.8474236718177366],[115.43709371441324,-6.8474238386996324],[115.43709379789885,-6.8474328574320733],[115.4370847743248,-6.8474329408728796],[115.43708485781038,-6.847441959605427],[115.43707583423601,-6.8474420430461755],[115.43707600120717,-6.8474600805114774],[115.43704893048242,-6.8474603308333784],[115.43704901396768,-6.8474693495663566],[115.43703096681692,-6.8474695164470045],[115.43703088333204,-6.8474604977138052],[115.4370218597567,-6.8474605811537659],[115.43702177627208,-6.8474515624204342],[115.43700372912134,-6.8474517292996282],[115.43700364563718,-6.8474427105661038],[115.4369946220618,-6.8474427940053371],[115.43699453857792,-6.8474337752716803],[115.43698551500262,-6.8474338587106356],[115.43698543151902,-6.8474248399768642],[115.43697640794376,-6.8474249234155389],[115.43697632446043,-6.8474159046816521],[115.43695827730994,-6.8474160715582748],[115.43695819382705,-6.8474070528241446],[115.43694917025179,-6.8474071362620927],[115.43694908676922,-6.8473981175278809],[115.43692201604328,-6.847398367840384],[115.4369219325613,-6.8473893491058169],[115.43690388541049,-6.8473895159797546],[115.43690380192893,-6.8473804972449637],[115.4368947783535,-6.8473805806815689],[115.43689469487227,-6.8473715619466615],[115.43688567129689,-6.8473716453829878],[115.43688542085434,-6.847344589177907],[115.43687639727938,-6.8473446726137324],[115.43687564595929,-6.8472635039972571],[115.43688466953274,-6.8472634205624301],[115.43688458605311,-6.8472544018273549],[115.4368936096263,-6.847254318392471],[115.43689327570829,-6.8472182434525708],[115.43690229928069,-6.8472181600179614],[115.43690204884284,-6.8471911038133229],[115.4369110724146,-6.8471910203788786],[115.436910404584,-6.8471188705005366],[115.43691942815434,-6.84711878706681],[115.43691926119746,-6.847100749597403],[115.43692828476733,-6.8471006661637315],[115.43692795085428,-6.8470645912253074],[115.43693697442335,-6.8470645077919112],[115.43693689094519,-6.8470554890574036],[115.436945914514,-6.8470554056239488],[115.43694583103579,-6.8470463868895495],[115.43695485460429,-6.8470463034560378],[115.43695477112603,-6.8470372847217273],[115.43696379469428,-6.847037201288158],[115.43696371121597,-6.8470281825539896],[115.43697273478391,-6.8470280991203634],[115.43697248434913,-6.8470010429181087],[115.43698150791646,-6.8470009594846459],[115.43698134096016,-6.8469829220166778],[115.43699036452706,-6.8469828385832692],[115.43698994713745,-6.8469377449138245],[115.43698092357138,-6.8469378283466789],[115.43698058966241,-6.8469017534106014],[115.43695351896562,-6.8469020037068224],[115.43695343548916,-6.8468929849724605],[115.43694441192353,-6.8468930684040856],[115.43694432844735,-6.8468840496696073],[115.43689921061824,-6.8468844668246591],[115.43689912714302,-6.8468754480896221],[115.43688108001092,-6.8468756149502426],[115.43688099653615,-6.8468665962149791],[115.43687197297011,-6.8468666796449256],[115.43687180602122,-6.8468486421741632],[115.43681766462458,-6.8468491427489804],[115.43681774809797,-6.8468581614850299],[115.43680872453132,-6.8468582449136868],[115.43680880800461,-6.846867263649842],[115.43679978443768,-6.846867347078442],[115.43679986791093,-6.8468763658147047],[115.43676377364135,-6.8468766995278658],[115.43676335627954,-6.8468316058442777],[115.43677237984627,-6.8468315224167942],[115.43677204595818,-6.8467954474703188],[115.43678106952412,-6.8467953640431114],[115.43678098605221,-6.8467863453065707],[115.4368013823748,-6.8467861567323789],[115.43669013096675,-6.8467202522029975],[115.43669100080047,-6.8468142357828681],[115.43670002436772,-6.8468141523569539],[115.43670035825134,-6.8468502273069598],[115.43671840538693,-6.846850060453737],[115.43671865580181,-6.8468771166655307],[115.43673670293796,-6.8468769498109694],[115.43673686988248,-6.8468949872850331],[115.43671882274565,-6.8468951541400367],[115.43671890621773,-6.8469041728772844],[115.436709882649,-6.8469042563046445],[115.43670996612103,-6.8469132750419979],[115.43670094255198,-6.8469133584693012],[115.43670110949604,-6.8469313959442166],[115.43654770879964,-6.8469328141863857],[115.43654779226897,-6.8469418329257223],[115.43646658012088,-6.8469425837411144],[115.43646649665307,-6.8469335650007803],[115.43645747308067,-6.8469336484237608],[115.4364572226784,-6.8469065922023979],[115.43644819910638,-6.8469066756248775],[115.43644769830588,-6.8468525631813684],[115.43643867473479,-6.846852646603014],[115.43643809047383,-6.8467895154179281],[115.43642906690377,-6.8467895988386287],[115.43642889997344,-6.8467715613569373],[115.43641987640363,-6.8467716447772462],[115.43641979293881,-6.8467626260362744],[115.43641076936902,-6.8467627094563062],[115.43641060244003,-6.8467446719741432],[115.43640157887047,-6.846744755393785],[115.43640149540632,-6.8467357366525601],[115.43639247183684,-6.8467358200719222],[115.43639238837295,-6.8467268013305995],[115.43638336480353,-6.8467268847496818],[115.43638328133996,-6.8467178660082446],[115.43636523420108,-6.8467180328456827],[115.43636515073793,-6.8467090141040199],[115.43635612716848,-6.8467090975223748],[115.43635604370562,-6.8467000787805965],[115.43631092585761,-6.8467004958692961],[115.43631084239568,-6.8466914771269582],[115.43630181882594,-6.8466915605440821],[115.4363017353643,-6.8466825418016297],[115.43629271179459,-6.8466826252184738],[115.43629262833325,-6.8466736064759059],[115.43625653405392,-6.8466739401411587],[115.43625645059335,-6.8466649213981423],[115.43623840345336,-6.8466650882295363],[115.43623831999324,-6.8466560694862943],[115.43621124928292,-6.8466563197317907],[115.43621116582344,-6.8466473009882103],[115.43620214225328,-6.846647384402929],[115.43620197533494,-6.8466293469155186],[115.43619295176498,-6.8466294303298456],[115.43619286830616,-6.8466204115860476],[115.4361748211663,-6.8466205784139778],[115.4361747377079,-6.8466115596699364],[115.43615669056791,-6.8466117264969704],[115.43615660710999,-6.8466027077527034],[115.43607539497593,-6.8466034584650268],[115.43607531151964,-6.846594439719758],[115.43604824080678,-6.8465946899538359],[115.43604815735108,-6.8465856712082127],[115.43603011020896,-6.8465858380298688],[115.43603002675373,-6.8465768192840537],[115.43594881461006,-6.8465775699721734],[115.43594889806378,-6.8465865887189867],[115.43593987449151,-6.8465866721280477],[115.43593995794518,-6.8465956908750014],[115.43593093437265,-6.8465957742840038],[115.43593101782625,-6.8466047930310481],[115.43591297068052,-6.8466049598487704],[115.43591305413389,-6.8466139785960323],[115.43590403056068,-6.8466140620047504],[115.43590411401401,-6.846623080752118],[115.43588606686693,-6.8466232475692745],[115.43588615032002,-6.8466322663168429],[115.43587712674615,-6.8466323497252803],[115.43587721019919,-6.8466413684729881],[115.43583209232726,-6.8466417855131994],[115.43583217577957,-6.8466508042614409],[115.43582315220468,-6.8466508876690897],[115.43582306875251,-6.8466418689207371],[115.43579599802769,-6.8466421191423388],[115.43579591457616,-6.8466331003936336],[115.43577786742603,-6.8466332672069719],[115.43577778397494,-6.846624248458073],[115.43575071324942,-6.8466244986764853],[115.43575062979896,-6.8466154799272321],[115.4357325826484,-6.8466156467384431],[115.43573249919838,-6.8466066279889652],[115.4357144520477,-6.8466067947992819],[115.43571436859814,-6.8465977760495775],[115.4356692507203,-6.8465981930718671],[115.43566933416902,-6.8466072118221275],[115.43559714555725,-6.846607879049925],[115.43559706210988,-6.84659886029878],[115.43558803853306,-6.8465989437013866],[115.435587871639,-6.8465809061988594],[115.4355698244857,-6.8465810730031231],[115.43556974103917,-6.8465720542516317],[115.4355516938858,-6.8465722210550011],[115.43555161043972,-6.8465632023032832],[115.43554258686299,-6.8465632857046046],[115.43554233652594,-6.8465362294490921],[115.43552428937323,-6.8465363962505643],[115.43552420592809,-6.8465273774984965],[115.43545201731405,-6.8465280446967665],[115.43545218420172,-6.8465460822026891],[115.4354251134686,-6.846546332399928],[115.43542519691211,-6.8465553511531896],[115.43537105544179,-6.8465558515437888],[115.43537097199929,-6.8465468327898611],[115.43536194842069,-6.8465469161875943],[115.43536044647819,-6.8463845786138542],[115.43535142290251,-6.8463846620094229],[115.43535133946249,-6.8463756432551568],[115.43534231588686,-6.8463757266504466],[115.43534223244713,-6.8463667078960819],[115.43533320887154,-6.8463667912910937],[115.43533312543208,-6.8463577725366127],[115.43532410185655,-6.8463578559313447],[115.4353240184174,-6.84634883717675],[115.43530597126635,-6.8463490039654857],[115.43530588782762,-6.8463399852106823],[115.43528784067647,-6.8463401519985227],[115.43528775723817,-6.8463311332434591],[115.43525166293519,-6.8463314668166797],[115.43525157949772,-6.8463224480611844],[115.43524255592183,-6.8463225314539571],[115.43524247248463,-6.8463135126983472],[115.43523344890883,-6.846313596090841],[115.43523336547192,-6.8463045773351157],[115.43517922401571,-6.8463050776858791],[115.43517930745163,-6.8463140964422706],[115.43516126029832,-6.8463142632247331],[115.43516134373401,-6.8463232819813413],[115.43515232015702,-6.8463233653724318],[115.43515240359265,-6.8463323841291475],[115.43514338001538,-6.8463324675201793],[115.43514346345096,-6.8463414862770167],[115.43513443987342,-6.8463415696679917],[115.43513452330895,-6.8463505884249027],[115.43511647615315,-6.8463507552065694],[115.43511664302385,-6.8463687927208561],[115.43510761944545,-6.8463688761116579],[115.43510770288081,-6.8463778948689047],[115.43509867930213,-6.8463779782596506],[115.43509876273744,-6.8463869970170208],[115.4350897391585,-6.846387080407708],[115.43508990602908,-6.8464051179226066],[115.43508088244965,-6.846405201313349],[115.43508104932039,-6.8464232388284696],[115.43507202574054,-6.8464233222192634],[115.43507244291844,-6.8464684160075393],[115.43506341933762,-6.8464684993987204],[115.43506391995381,-6.8465226119451739],[115.43507294353562,-6.8465225285533275],[115.43507311040894,-6.8465405660685548],[115.43508213399096,-6.8465404826763194],[115.43508230086503,-6.8465585201913068],[115.43509132444731,-6.8465584367986816],[115.43509149132218,-6.846576474313431],[115.43510051490469,-6.8465763909204149],[115.43510084865645,-6.8466124659494154],[115.43510987223948,-6.8466123825557883],[115.43511037287153,-6.8466664950984946],[115.43510134928748,-6.8466665784927869],[115.43510151616539,-6.8466846160072086],[115.43509249258088,-6.8466846994015551],[115.43509257601983,-6.8466937181588703],[115.43508355243503,-6.8466938015531582],[115.43508363587391,-6.8467028203105809],[115.43507461228887,-6.8467029037048119],[115.43507469572769,-6.8467119224623403],[115.43506567214234,-6.8467120058565145],[115.43506583902001,-6.8467300433717799],[115.43505681543424,-6.8467301267660066],[115.43505698231203,-6.8467481642814754],[115.43504795872578,-6.8467482476757553],[115.43504845936087,-6.8468023602227053],[115.43505748294814,-6.8468022768277601],[115.43505781670778,-6.8468383518585574],[115.4350668402956,-6.8468382684629994],[115.43506725749853,-6.8468833622508223],[115.43507628108711,-6.8468832788545413],[115.4350763645282,-6.8468922976119817],[115.4350853881168,-6.8468922142154236],[115.43508555499965,-6.8469102517300691],[115.4350945785885,-6.8469101683331193],[115.43509474547216,-6.8469282058475267],[115.4351037690612,-6.8469281224501861],[115.43510385250335,-6.846937141207273],[115.43511287609246,-6.8469370578096536],[115.43511295953491,-6.8469460765666241],[115.43512198312409,-6.8469459931687267],[115.43512206656682,-6.8469550119255809],[115.43513109015603,-6.8469549285274045],[115.43513125704216,-6.8469729660408811],[115.43514028063163,-6.8469728826423131],[115.43514103162626,-6.8470540514517237],[115.43513200803525,-6.8470541348512883],[115.4351320914795,-6.8470631536079978],[115.43514111507065,-6.8470630702083213],[115.43514186607541,-6.8471442390173527],[115.43515088966794,-6.8471441556165118],[115.43515105655945,-6.8471621931293596],[115.43516910374488,-6.8471620263267274],[115.43516918719114,-6.8471710450829395],[115.43517821078385,-6.8471709616812602],[115.4351782942304,-6.8471799804373239],[115.43518731782315,-6.8471798970353657],[115.43518740127,-6.8471889157913308],[115.4351964248628,-6.8471888323890919],[115.43519650830991,-6.8471978511449425],[115.43520553190277,-6.8471977677424265],[115.43520561535017,-6.8472067864981598],[115.4352236625359,-6.8472066196923995],[115.43522391287976,-6.8472336759589121],[115.43523293647297,-6.8472335925554466],[115.43523335371582,-6.8472786863323263],[115.43524237730978,-6.8472786029281369],[115.43524254420802,-6.8472966404386364],[115.43525156780221,-6.8472965570340589],[115.43525165125166,-6.847305575789191],[115.43527872203397,-6.847305325574113],[115.43527880548407,-6.8473143443289075],[115.43528782907815,-6.8473142609234348],[115.43528799597898,-6.8473322984328071],[115.43526994879008,-6.8473324652440288],[115.43526986533993,-6.8473234464891153],[115.43523377096149,-6.8473237801090949],[115.43523393786054,-6.8473418176197729],[115.43521589066997,-6.8473419844291969],[115.43521580722074,-6.8473329656736555],[115.43520678362543,-6.8473330490780038],[115.43520670017647,-6.8473240303223131],[115.43518865298591,-6.8473241971302841],[115.43518881988328,-6.8473422346420696],[115.43515272549942,-6.8473425682568765],[115.43515280894761,-6.8473515870132058],[115.43514378535119,-6.8473516704165984],[115.43514386879933,-6.8473606891730352],[115.43512582160579,-6.8473608559795345],[115.43512590505371,-6.847369874736188],[115.43511688145661,-6.8473699581392973],[115.43511696490447,-6.8473789768960742],[115.43510794130709,-6.8473790602991249],[115.4351081916508,-6.8474061165696947],[115.43511721524867,-6.8474060331663109],[115.43511729869695,-6.8474150519230532],[115.43513534589269,-6.8474148851155601],[115.43513626383505,-6.8475140914369979],[115.43514528743462,-6.84751400803178],[115.43514537088477,-6.8475230267881368],[115.43515439448439,-6.8475229433826383],[115.43515456138535,-6.8475409808951353],[115.43516358498518,-6.8475408974892469],[115.435163668436,-6.8475499162453533],[115.43517269203592,-6.8475498328391842],[115.435172775487,-6.8475588515951937],[115.43518179908696,-6.8475587681887458],[115.43518188253834,-6.8475677869446372],[115.43520895333801,-6.8475675367239539],[115.43520903679001,-6.8475765554795087],[115.43522708398957,-6.8475763886646588],[115.43522716744204,-6.8475854074200031],[115.43529033263813,-6.8475848235619425],[115.43529041609186,-6.8475938423164742],[115.43530846329007,-6.8475936754981479],[115.43530829638203,-6.8475756379894905],[115.43529927278331,-6.847575721398516],[115.43529918932963,-6.8475667026440705],[115.43531723652659,-6.847566535826072],[115.43531715307269,-6.8475575170718432],[115.43533520026887,-6.8475573502533953],[115.43533528372313,-6.847566369007402],[115.43532626012491,-6.8475664524168209],[115.43532634357909,-6.8475754711709342],[115.43534439077573,-6.8475753043517056],[115.43534447423038,-6.8475843231056093],[115.43533545063195,-6.847584406515419],[115.43533586790602,-6.8476295002853114],[115.43532684430662,-6.8476295836955074],[115.43532701121669,-6.8476476212036861],[115.43531798761686,-6.8476477046139346],[115.43531832143768,-6.8476837796306489],[115.43524613262959,-6.8476844469101277],[115.43524621608373,-6.8476934656651824],[115.43523719248202,-6.8476935490744708],[115.43523710902805,-6.847684530319305],[115.43521003822282,-6.8476847805458272],[115.43521012167631,-6.8476937993013243],[115.43511988564985,-6.8476946333798958],[115.43511980219806,-6.8476856146232885],[115.43511077859498,-6.8476856980301095],[115.43511069514348,-6.8476766792733708],[115.43508362433404,-6.8476769294924891],[115.43508354088316,-6.8476679107354474],[115.43505647007319,-6.8476681609527175],[115.43505638662292,-6.8476591421953215],[115.43503833941607,-6.8476593090057722],[115.43503842286599,-6.8476683277633894],[115.43502939926221,-6.8476684111684722],[115.43502931581244,-6.8476593924107449],[115.43502029220875,-6.8476594758155489],[115.43502037565834,-6.847668494573389],[115.43501135205433,-6.8476685779781343],[115.43501126860492,-6.847659559220185],[115.43499322139692,-6.84765972602895],[115.434993304846,-6.8476687447871232],[115.43494818682323,-6.847669161806647],[115.43494810337499,-6.8476601430479214],[115.43489396174493,-6.8476606434651304],[115.43489387829781,-6.8476516247057342],[115.43487583108724,-6.847651791509902],[115.43487574764056,-6.8476427727502802],[115.43485770042986,-6.8476429395535527],[115.43485761698365,-6.8476339207936885],[115.43483956977283,-6.8476340875960657],[115.43483948632706,-6.8476250688360087],[115.43483046272166,-6.8476251522368337],[115.43483037927616,-6.8476161334766452],[115.43481233206536,-6.8476163002775694],[115.4348122486203,-6.8476072815171527],[115.43479420140937,-6.8476074483171825],[115.43479411796481,-6.8475984295565402],[115.4347670471481,-6.8475986797549888],[115.43476696370411,-6.8475896609940277],[115.4347398928869,-6.8475899111906271],[115.43473972600029,-6.8475718736679765],[115.4347216787889,-6.8475720404644242],[115.4347215953461,-6.8475630217028787],[115.43470354813462,-6.8475631884984312],[115.43470346469229,-6.8475541697366609],[115.43468541748069,-6.8475543365313181],[115.43468533403879,-6.8475453177693364],[115.43467631043299,-6.8475454011663022],[115.43467622699136,-6.8475363824041722],[115.43466720338563,-6.8475364658008591],[115.43466703650307,-6.8475184282763975],[115.43465801289754,-6.8475185116726944],[115.43465784601578,-6.8475004741479939],[115.43464882241048,-6.8475005575439001],[115.43464873896995,-6.8474915387814326],[115.4346397153647,-6.8474916221770599],[115.43463963192445,-6.8474826034144769],[115.43463060831925,-6.8474826868098244],[115.4346304414394,-6.847464649284424],[115.43461239422936,-6.8474648160741722],[115.43461231078992,-6.847455797311242],[115.43459426357981,-6.8474559641000949],[115.43459409670196,-6.8474379265737824],[115.43458507309704,-6.8474380099677337],[115.43458498965848,-6.8474289912044437],[115.43457596605363,-6.8474290745981152],[115.43457604949205,-6.8474380933615171],[115.43455800228165,-6.8474382601485795],[115.43455808571984,-6.8474472789121821],[115.43453101490296,-6.847447529091844],[115.43453084802771,-6.847429491563954],[115.43449475360492,-6.8474298251335943],[115.43449441985847,-6.8473937500760362],[115.43448539625317,-6.8473938334675823],[115.43448522938094,-6.8473757959385466],[115.43447620577589,-6.8473758793297028],[115.4344761223401,-6.8473668605650673],[115.434485145945,-6.8473667771740221],[115.43448497907347,-6.8473487396449597],[115.43447595546891,-6.8473488230357828],[115.43447587203347,-6.8473398042711517],[115.43448489563785,-6.8473397208804396],[115.43448414472248,-6.8472585519993885],[115.43449316832526,-6.847258468609505],[115.4344930848906,-6.8472494498450356],[115.4344750376853,-6.8472496166244108],[115.43447487081701,-6.8472315790950136],[115.43448389441939,-6.8472314957056319],[115.43448381098524,-6.8472224769410204],[115.43447478738305,-6.8472225603302919],[115.43447470394919,-6.8472135415655986],[115.43445665674476,-6.847213708343415],[115.43445648987804,-6.8471956708135391],[115.434447466276,-6.8471957542019721],[115.43444729941005,-6.8471777166718741],[115.43443827580825,-6.8471778000599191],[115.43443819237564,-6.8471687812947257],[115.43442014517198,-6.8471689480700864],[115.43441997830774,-6.8471509105392814],[115.43441095470611,-6.847150993926487],[115.4344104541171,-6.8470968813332966],[115.43440143051633,-6.8470969647196691],[115.4344013470854,-6.8470879459540113],[115.4343923234847,-6.8470880293401057],[115.43439198976277,-6.8470519542769859],[115.43438296616263,-6.8470520376624693],[115.43438288273259,-6.8470430188965663],[115.43437385913251,-6.8470431022817699],[115.4343736922731,-6.8470250647497313],[115.43436466867325,-6.8470251481345432],[115.43436458524388,-6.8470161293683907],[115.43435556164408,-6.8470162127529237],[115.43435547821501,-6.8470071939866903],[115.43434645461525,-6.8470072773709436],[115.43434637118646,-6.846998258604577],[115.43433734758676,-6.8469983419885514],[115.43433726415824,-6.8469893232220702],[115.43432824055861,-6.8469894066057657],[115.43432815713038,-6.8469803878391691],[115.43431913353081,-6.8469804712225857],[115.43431905010284,-6.8469714524558905],[115.43431002650333,-6.8469715358390282],[115.43430994307565,-6.8469625170721837],[115.43430091947617,-6.8469626004550417],[115.43430083604876,-6.8469535816880978],[115.43429181244937,-6.8469536650706768],[115.43429172902225,-6.8469446463036192],[115.43428270542289,-6.8469447296859194],[115.43428262199605,-6.8469357109187463],[115.43427359839676,-6.8469357943007667],[115.43427351497019,-6.8469267755334782],[115.43426449137098,-6.8469268589152215],[115.43426415766655,-6.8468907838455788],[115.43425513406785,-6.8468908672267084],[115.43425505064219,-6.8468818484591765],[115.43424602704359,-6.8468819318400262],[115.43424586019296,-6.8468638943047271],[115.43423683659452,-6.8468639776851887],[115.43423675316954,-6.8468549589174037],[115.43422772957122,-6.8468550422975856],[115.43422764614652,-6.8468460235297206],[115.43421862254824,-6.8468461069096236],[115.43421853912382,-6.8468370881416254],[115.43420951552557,-6.8468371715212486],[115.43420943210143,-6.8468281527531358],[115.43419138490498,-6.8468283195116557],[115.43419130148129,-6.8468193007433165],[115.43416423068624,-6.846819550879502],[115.43416414726316,-6.8468105321108093],[115.43412805286889,-6.8468108656229232],[115.43412796944661,-6.8468018468538157],[115.43408285145208,-6.8468022637396153],[115.43408276803073,-6.8467932449699331],[115.43405569723315,-6.8467934950990612],[115.43405561381245,-6.8467844763290406],[115.4340465902132,-6.8467845597049699],[115.43404650679275,-6.8467755409348348],[115.43402845959426,-6.8467757076859659],[115.43402837617427,-6.846766688915622],[115.43401935257505,-6.8467667722908239],[115.43401926915534,-6.8467577535203308],[115.43401024555615,-6.8467578368952537],[115.43401016213673,-6.846748818124663],[115.4340011385376,-6.846748901499307],[115.43400105511844,-6.8467398827286008],[115.43398300792019,-6.8467400494771606],[115.43398292450149,-6.8467310307062279],[115.43395585370374,-6.8467312808274734],[115.43395577028568,-6.8467222620562049],[115.43393772308696,-6.8467224288026376],[115.43393763966932,-6.8467134100311426],[115.43392861606996,-6.8467134934039953],[115.43392853265262,-6.8467044746323857],[115.43391950905331,-6.8467045580049604],[115.43391942563625,-6.8466955392332345],[115.43391040203699,-6.8466956226055293],[115.43391023520353,-6.846677585061844],[115.43390121160452,-6.846677668433748],[115.43390104477186,-6.8466596308898229],[115.43389202117307,-6.8466597142613388],[115.43389193775707,-6.8466506954892417],[115.4338829141583,-6.8466507788604778],[115.43388274732699,-6.8466327413161006],[115.4338737237285,-6.8466328246869468],[115.43387339006787,-6.8465967495976612],[115.4338643664699,-6.8465968329678955],[115.43386419964062,-6.8465787954230057],[115.43385517604288,-6.8465788787928492],[115.4338550092144,-6.8465608412477366],[115.43384598561688,-6.846560924617191],[115.43384581878915,-6.8465428870718057],[115.43383679519187,-6.8465429704408685],[115.43383671177834,-6.8465339516680661],[115.43382768818111,-6.8465340350368527],[115.43382760476788,-6.8465250162639357],[115.433800533976,-6.846525266368948],[115.43380045056338,-6.8465162475956935],[115.43372826178148,-6.8465169145341012],[115.43372834519275,-6.846525933308242],[115.43363810920356,-6.8465267669672096],[115.43363802579397,-6.8465177481919604],[115.43362900219461,-6.8465178315568211],[115.43362891878529,-6.8465088127814564],[115.43357477718773,-6.8465093129664183],[115.43357469377953,-6.8465002941903839],[115.43354762297975,-6.8465005442802598],[115.43354753957217,-6.8464915255038896],[115.43352949237209,-6.846491692229411],[115.43352940896496,-6.8464826734528144],[115.43351136176474,-6.8464828401774405],[115.43351144517153,-6.8464918589542574],[115.43349339797054,-6.8464920256784314],[115.4334933145641,-6.8464830069013916],[115.43345722016146,-6.8464833403472767],[115.43345713675578,-6.8464743215697892],[115.43344811315499,-6.8464744049307296],[115.43344794634433,-6.8464563673755192],[115.43343892274379,-6.8464564507360697],[115.43343875593393,-6.8464384131806213],[115.43341168513261,-6.8464386632605949],[115.43341151832423,-6.8464206257044635],[115.43339347112345,-6.846420792423161],[115.43339338771975,-6.8464117736448671],[115.43338436411938,-6.8464118570038535],[115.43338428071596,-6.8464028382254609],[115.43337525711561,-6.8464029215841675],[115.43337517371249,-6.8463939028056267],[115.43336615011222,-6.8463939861640535],[115.43336598330664,-6.846375948606771],[115.43333891250613,-6.8463761986803773],[115.43333882910403,-6.8463671799013976],[115.43331175830305,-6.8463674299731556],[115.43331167490152,-6.8463584111938554],[115.43329362770065,-6.8463585779072993],[115.43329357799203,-6.8463532025463598],[115.4332710590472,-6.8463497668370596],[115.43323037909413,-6.8463501426187108],[115.433230462494,-6.8463591613990475],[115.43320339168945,-6.8463594114644142],[115.43320347508893,-6.846368430245044],[115.43318542788499,-6.8463685969546697],[115.43318551128426,-6.8463776157355332],[115.43317648768199,-6.8463776990902039],[115.43317657108118,-6.8463867178711757],[115.43316754747859,-6.8463868012257878],[115.43316763087772,-6.8463958200068653],[115.43315860727489,-6.8463959033614215],[115.43315869067398,-6.8464049221426215],[115.43314966707084,-6.8464050054971191],[115.43314975046987,-6.8464140242783937],[115.43313170326292,-6.8464141909871064],[115.43313178666173,-6.8464232097686137],[115.4331227630579,-6.8464232931228288],[115.43312284645667,-6.8464323119044428],[115.43311382285256,-6.8464323952585993],[115.43311398965008,-6.846450432822019],[115.43312301325449,-6.8464503494676396],[115.4331230966536,-6.8464593682492563],[115.43313212025811,-6.846459284894598],[115.43313220365746,-6.8464683036760841],[115.433141227262,-6.8464682203211478],[115.43314131066167,-6.8464772391025166],[115.43315033426627,-6.8464771557473005],[115.43315050106627,-6.8464951933098064],[115.43315952467108,-6.8464951099542004],[115.43315960807141,-6.8465041287353348],[115.43317765528107,-6.8465039620233954],[115.43317773868185,-6.846512980804305],[115.43318676228667,-6.8465128974479716],[115.4331868456877,-6.8465219162287667],[115.43319586929259,-6.8465218328721544],[115.43319603609538,-6.8465398704335083],[115.43318701249017,-6.8465399537903417],[115.43318717929309,-6.8465579913518999],[115.43320522650409,-6.8465578246376202],[115.43320514310223,-6.8465488058570658],[115.43321416670737,-6.8465487224997839],[115.43321408330547,-6.8465397037193361],[115.43322310691036,-6.8465396203619973],[115.4332230235084,-6.8465306015816552],[115.43324107071749,-6.8465304348666942],[115.4332409873153,-6.8465214160865679],[115.4333312233523,-6.846520582502774],[115.43333139016015,-6.8465386200608025],[115.43334041376357,-6.8465385367012752],[115.43334049716783,-6.8465475554801731],[115.43336756797794,-6.8465473054002493],[115.4333676513828,-6.8465563241788097],[115.43339472219238,-6.8465560740970393],[115.43339480559787,-6.846565092875279],[115.433403829201,-6.8465650095142419],[115.43340391260678,-6.8465740282923324],[115.43342195981305,-6.8465738615695306],[115.4334221266256,-6.8465918991252916],[115.43344919743517,-6.8465916490391603],[115.43344928084213,-6.846600667816702],[115.43351244606171,-6.84660008427573],[115.43351236265357,-6.8465910654989646],[115.43353943345977,-6.8465908154077839],[115.43353960027717,-6.8466088529606282],[115.43353057667487,-6.8466089363247455],[115.43353066008358,-6.8466179551012969],[115.4335487072884,-6.8466177883726731],[115.43354879069754,-6.846626807148982],[115.43355781429992,-6.8466267237843077],[115.43355773089061,-6.846617705008109],[115.43358480169664,-6.8466174549134067],[115.43358488510646,-6.8466264736892724],[115.43359390870842,-6.8466263903239231],[115.43359407552875,-6.8466444278754199],[115.43363919353848,-6.8466440110450453],[115.43363911012744,-6.8466349922698519],[115.4336571573302,-6.8466348255367464],[115.43365699050777,-6.8466167879867923],[115.43366601410867,-6.8466167046202084],[115.43366593069743,-6.8466076858453189],[115.43370202509915,-6.8466073523777418],[115.43370219192306,-6.8466253899266132],[115.43371121552359,-6.8466253065590763],[115.43371129893586,-6.8466343253333859],[115.4337203225364,-6.8466342419655701],[115.43372040594897,-6.8466432607397634],[115.43372942954959,-6.8466431773716696],[115.43372967978848,-6.8466702336938932],[115.43374772699032,-6.8466700669565332],[115.43374781040386,-6.8466790857303774],[115.43376585760562,-6.8466789189921231],[115.43376594101962,-6.8466879377657408],[115.43377496462048,-6.8466878543962508],[115.43377513144912,-6.8467058919432517],[115.43378415505023,-6.846705808573371],[115.43378432187963,-6.846723846120133],[115.43379334548094,-6.8467237627498632],[115.43379351231113,-6.8467418002963862],[115.43383863031781,-6.8467413834413984],[115.43383879715013,-6.8467594209867961],[115.43382977354871,-6.846759504358352],[115.43383010721402,-6.8467955794495374],[115.43384815441816,-6.8467954127053714],[115.43384823783511,-6.8468044314779348],[115.43385726143714,-6.8468043481054881],[115.43385734485439,-6.8468133668779201],[115.4338753920585,-6.8468132001323001],[115.43387564231189,-6.8468402564489717],[115.43388466591426,-6.8468401730755764],[115.43388474933246,-6.8468491918476753],[115.43387572572991,-6.8468492752211798],[115.43387605940312,-6.8468853503099742],[115.43388508300633,-6.8468852669360256],[115.4338851664251,-6.8468942857081014],[115.4338941900284,-6.8468942023338739],[115.43389427344742,-6.8469032211058352],[115.433912320654,-6.8469030543566518],[115.43391240407348,-6.8469120731283875],[115.4339033804701,-6.8469121565031736],[115.43390346388951,-6.8469211752750159],[115.43389444028584,-6.8469212586497434],[115.43389452370519,-6.8469302774216931],[115.43388550010121,-6.8469303607963647],[115.43388558352052,-6.8469393795684184],[115.4338765599163,-6.8469394629430331],[115.43387706043352,-6.8469935755759339],[115.43386803682814,-6.8469936589510443],[115.43386820366779,-6.8470116964955317],[115.43387722727351,-6.8470116131201992],[115.43387731069366,-6.8470206318923088],[115.43391340511603,-6.8470202983888511],[115.43391348853696,-6.8470293171605476],[115.43392251214246,-6.8470292337841512],[115.43392292924972,-6.8470743276419226],[115.43391390564338,-6.8470744110188724],[115.433913989065,-6.8470834297905245],[115.43394105988415,-6.8470831796588376],[115.43394122672872,-6.8471012172014625],[115.43395927394158,-6.8471010504457199],[115.43395935736437,-6.8471100692168037],[115.43396838097082,-6.8471099858385696],[115.43396879808734,-6.8471550796933727],[115.43395977448004,-6.8471551630721619],[115.43395985790353,-6.8471641818432198],[115.43393278708051,-6.8471644319789098],[115.43393245338933,-6.8471283568933199],[115.43390538256733,-6.847128607026165],[115.43390546598944,-6.8471376257979015],[115.43391448959706,-6.8471375424203442],[115.43391457301946,-6.8471465611919653],[115.43390554941168,-6.8471466445696336],[115.43390563283404,-6.8471556633413613],[115.43391465644198,-6.8471555799635828],[115.43391499013319,-6.8471916550500058],[115.43390596652455,-6.8471917384282284],[115.4339061333705,-6.8472097759716348],[115.43391515697947,-6.8472096925931911],[115.43391549067336,-6.8472457676795093],[115.43392451428288,-6.8472456843004545],[115.43392443085907,-6.8472366655289925],[115.43393345446832,-6.8472365821498791],[115.4339335378923,-6.8472456009212301],[115.43396060871984,-6.8472453507825479],[115.43396019159854,-6.84720025692741],[115.43395116799033,-6.8472003403065838],[115.4339509177194,-6.8471732839931159],[115.43395994132712,-6.8471732006142743],[115.4339600247508,-6.8471822193853402],[115.43397807196625,-6.8471820526269287],[115.43397815539042,-6.8471910713977353],[115.43396913178258,-6.8471911547771365],[115.43396929863087,-6.8472091923189922],[115.43397832223904,-6.847209108939369],[115.43397823881467,-6.8472000901685561],[115.43401433324559,-6.8471997566488252],[115.43401424982065,-6.8471907378784485],[115.43404132064214,-6.8471904877372163],[115.43404148749312,-6.8472085252772992],[115.43405051110038,-6.8472084418963295],[115.43405092823069,-6.8472535357459039],[115.43405995183868,-6.8472534523642121],[115.43406003526525,-6.8472624711340027],[115.43406905887332,-6.847262387752032],[115.43406914230016,-6.8472714065216902],[115.43407816590825,-6.8472713231394406],[115.43407824933537,-6.8472803419090189],[115.43408727294357,-6.8472802585264887],[115.43408718951628,-6.8472712397570223],[115.43409621312416,-6.8472711563744353],[115.43409612969681,-6.8472621376051093],[115.43413222412659,-6.8472618040735211],[115.43413230755462,-6.8472708228424057],[115.43414133116192,-6.8472707394589767],[115.43414149801866,-6.8472887769965594],[115.43415954523365,-6.8472886102287518],[115.43415962866251,-6.8472976289973069],[115.43417767587741,-6.8472974622286058],[115.43417759244821,-6.8472884434602737],[115.43419563966231,-6.8472882766911223],[115.43419538937437,-6.8472612203867627],[115.43418636576787,-6.8472613037710914],[115.43418628233894,-6.8472522850028517],[115.43417725873252,-6.8472523683868989],[115.43417700844694,-6.8472253120818065],[115.43416798484088,-6.8472253954653546],[115.43416790141276,-6.8472163766968928],[115.43414083059447,-6.8472166268461931],[115.43414091402211,-6.847225645614988],[115.43413189041561,-6.847225728997862],[115.43413205727087,-6.8472437665357084],[115.43410498644974,-6.8472440166839865],[115.43410490302256,-6.8472349979147422],[115.43409587941544,-6.847235081297053],[115.43409537885574,-6.8471809686808403],[115.43410440246186,-6.8471808852991929],[115.43410431903544,-6.8471718665299006],[115.43411334264125,-6.8471717831481955],[115.43411342606781,-6.8471808019173785],[115.43412244967367,-6.8471807185353946],[115.43412261652747,-6.8471987560734746],[115.43414968734544,-6.8471985059258484],[115.43414977077302,-6.8472075246945572],[115.43416781798473,-6.8472073579284105],[115.43416773455682,-6.8471983391599238],[115.43417675816238,-6.8471982557767088],[115.43417667473439,-6.8471892370083269],[115.43416765112902,-6.8471893203914318],[115.43416756770134,-6.8471803016229531],[115.43415854409604,-6.8471803850057773],[115.43415846066864,-6.8471713662371494],[115.43414943706338,-6.8471714496196956],[115.43414927020928,-6.8471534120822382],[115.43415829381416,-6.8471533286999149],[115.4341582103871,-6.8471443099312896],[115.43418528120068,-6.8471440597836395],[115.4341851977732,-6.847135041015342],[115.43419422137735,-6.8471349576325675],[115.43419430480499,-6.8471439764007531],[115.43420332840917,-6.847143893017698],[115.43420374554979,-6.8471889868580043],[115.43419472194478,-6.8471890702416136],[115.4341948053731,-6.8471980890097717],[115.43418578176777,-6.8471981723933242],[115.43418586519601,-6.8472071911615897],[115.43423098322228,-6.8472067742415934],[115.43423089979319,-6.8471977554738812],[115.43423992339794,-6.8471976720894885],[115.43423983996878,-6.8471886533218838],[115.43424886357326,-6.8471885699374324],[115.43424878014406,-6.8471795511699503],[115.43427585095627,-6.8471793010159203],[115.43427593438598,-6.8471883197830676],[115.43428495798997,-6.8471882363979439],[115.43428504141994,-6.8471972551649944],[115.43429406502405,-6.847197171779591],[115.4342941484543,-6.847206190546526],[115.43430317205842,-6.8472061071608437],[115.43430325548898,-6.8472151259276641],[115.43432130269721,-6.8472149591555711],[115.43432121926635,-6.8472059403889727],[115.43431219566246,-6.8472060237749925],[115.43431211223185,-6.8471970050082787],[115.434303088628,-6.8471970883940187],[115.43430292176745,-6.8471790508603743],[115.43432999257764,-6.8471788007033121],[115.43433007600835,-6.8471878194697968],[115.43432105240491,-6.8471879028557625],[115.43432121926635,-6.8472059403889727],[115.43436633728416,-6.84720552345635],[115.43436650414772,-6.8472235609884171],[115.43437552775129,-6.8472234776011662],[115.43437602834568,-6.8472775901966658],[115.43438505195017,-6.84727750680858],[115.43438521881619,-6.8472955443401515],[115.43441228962989,-6.8472952941742218],[115.43441245649741,-6.8473133317051094],[115.43442148010207,-6.8473132483159089],[115.43442173040468,-6.8473403046118912],[115.43443075400978,-6.847340221222189],[115.43443083744435,-6.8473492399873752],[115.43443986104947,-6.8473491565973932],[115.43444011135445,-6.8473762128926428],[115.43444913495998,-6.8473761295021598],[115.43444921839533,-6.84738514826714],[115.43443117118385,-6.8473853150481574],[115.43443108774882,-6.847376296282957],[115.43442206414306,-6.8473763796731006],[115.43442198070828,-6.8473673609078016],[115.4344039334968,-6.847367527687366],[115.43440385006247,-6.8473585089218405],[115.43438580285088,-6.8473586757005096],[115.43438563598326,-6.8473406381690172],[115.43436758877188,-6.8473408049465698],[115.43436775563882,-6.8473588424785055],[115.43435873203262,-6.8473589258672511],[115.43435881546608,-6.8473679446333309],[115.43434076825301,-6.8473681114105389],[115.43434085168624,-6.847377130176838],[115.43433182807937,-6.8473772135652995],[115.43433191151254,-6.8473862323317212],[115.43434093511962,-6.8473861489431469],[115.43434101855307,-6.8473951677094202],[115.4344041838004,-6.8473945839839194],[115.43440426723517,-6.8474036027494289],[115.43441329084166,-6.8474035193592862],[115.4344133742767,-6.8474125381246793],[115.43442239788321,-6.8474124547342585],[115.43442248131855,-6.8474214734995371],[115.43443150492514,-6.8474213901088365],[115.43443158836077,-6.8474304088739828],[115.43444061196739,-6.8474303254830042],[115.43444069540328,-6.8474393442480688],[115.43444971900999,-6.8474392608568104],[115.43444980244614,-6.8474482796217435],[115.43445882605292,-6.8474481962302054],[115.43445890948936,-6.8474572149950221],[115.43446793309617,-6.8474571316032078],[115.43446809996975,-6.8474751691325899],[115.4344771235768,-6.8474750857403821],[115.43447720701391,-6.847484104504983],[115.43448623062102,-6.8474840211124954],[115.43448639749593,-6.8475020586414264],[115.43449542110324,-6.8475019752485506],[115.43449550454103,-6.8475109940128975],[115.43450452814842,-6.847510910619742],[115.4345046115865,-6.8475199293839744],[115.43452265880126,-6.8475197625969377],[115.43452290911719,-6.8475468188889606],[115.43453193272488,-6.8475467354948556],[115.43453209960306,-6.8475647730225999],[115.43454112321098,-6.8475646896281068],[115.43454120665042,-6.8475737083918693],[115.43455023025844,-6.8475736249970964],[115.43455031369813,-6.8475826437607434],[115.43455933730617,-6.8475825603656908],[115.43455950418627,-6.847600597892753],[115.43456852779454,-6.8476005144973104],[115.43456861123494,-6.8476095332607221],[115.43457763484324,-6.8476094498650006],[115.43457780172469,-6.8476274873915903],[115.43458682533324,-6.8476274039954799],[115.43458699221547,-6.8476454415218306],[115.43459601582425,-6.8476453581253294],[115.43459626614894,-6.8476724144144905],[115.43461431336715,-6.8476722476203173],[115.43461439680928,-6.8476812663831232],[115.4346414676363,-6.8476810161902684],[115.43464155107904,-6.8476900349527714],[115.43465057468796,-6.8476899515547061],[115.43465065813099,-6.8476989703170776],[115.43465968174,-6.8476988869187325],[115.43465976518331,-6.8477079056809877],[115.43468683601014,-6.8477076554846095],[115.43468691945405,-6.847716674246529],[115.43469594306295,-6.8477165908472895],[115.43469585961886,-6.847707572085481],[115.43472293044434,-6.8477073218870839],[115.43472301388894,-6.8477163406485584],[115.43476813193001,-6.8477159236473071],[115.43476821537556,-6.8477249424082238],[115.43479528619933,-6.8477246922051194],[115.43479536964551,-6.8477337109657004],[115.43483146407635,-6.847733377358761],[115.43483154752329,-6.8477423961188926],[115.43486764195298,-6.8477420625088179],[115.43486772540071,-6.8477510812685178],[115.43490381982929,-6.8477507476553052],[115.43490373638089,-6.8477417288960476],[115.43496690162539,-6.8477411450672188],[115.43496698507496,-6.8477501638257001],[115.43500307949859,-6.8477498302050792],[115.43500316294896,-6.8477588489630801],[115.43501218655476,-6.8477587655573933],[115.43501227000542,-6.8477677843152955],[115.43503934082261,-6.8477675340968913],[115.43503942427391,-6.8477765528544561],[115.43504844787955,-6.8477764694478749],[115.4350486147828,-6.8477945069627859],[115.4350937328112,-6.8477940899262411],[115.43509364935869,-6.8477850711693335],[115.43507560214799,-6.847785237984235],[115.43507551869594,-6.8477762192271179],[115.43506649509058,-6.8477763026342053],[115.43506641163881,-6.8477672838769728],[115.43504836442811,-6.8477674506904203],[115.43504819752557,-6.8477494131755154],[115.43503917392042,-6.8477494965817645],[115.4350389235679,-6.8477224403090009],[115.43504794717256,-6.847722356903085],[115.43504786372181,-6.8477133381456055],[115.4350568873262,-6.8477132547396309],[115.43505680387538,-6.8477042359822562],[115.43503875666683,-6.8477044027938154],[115.43503858976618,-6.8476863652786113],[115.43506566057782,-6.8476861150616859],[115.43506574402861,-6.8476951338189576],[115.4350747676324,-6.8476950504128684],[115.43507485108346,-6.8477040691700246],[115.43508387468736,-6.8477039857636557],[115.43508395813868,-6.8477130045206964],[115.43506591093048,-6.8477131713334876],[115.43506599438159,-6.8477221900907468],[115.43510208879823,-6.847721856464049],[115.43510225570213,-6.847739893977665],[115.4350932320978,-6.8477399773848138],[115.43509339900181,-6.847758014898635],[115.43513851702403,-6.8477575978600989],[115.43513860047705,-6.8477666166164495],[115.43514762408132,-6.8477665332081266],[115.43514779098804,-6.8477845707205907],[115.43515681459252,-6.8477844873118769],[115.43515689804623,-6.8477935060680082],[115.43513885083678,-6.8477936728854889],[115.43513893429024,-6.847802691641804],[115.43519307591824,-6.8478021911866787],[115.43519315937283,-6.8478112099423418],[115.4352112065816,-6.8478110431223982],[115.43521129003662,-6.8478200618778349],[115.43522933724529,-6.8478198950569951],[115.43522975452386,-6.8478649888330025],[115.43523877812885,-6.8478649054217771],[115.43523869467275,-6.8478558866666948],[115.43524771827747,-6.8478558032554115],[115.43524780173374,-6.8478648220103819],[115.43525682533851,-6.8478647385988207],[115.43525674188207,-6.8478557198439587],[115.43526576548659,-6.8478556364323389],[115.43526584894319,-6.8478646551870881],[115.43531096696482,-6.8478642381259069],[115.43531105042238,-6.8478732568800975],[115.43532007402654,-6.8478731734672449],[115.43532015748438,-6.84788219222132],[115.4353382046927,-6.8478820253948882],[115.43533828815102,-6.8478910441487377],[115.43535633535919,-6.8478908773214116],[115.43535625190057,-6.8478818585677832],[115.4353833227115,-6.8478816083258645],[115.43538340617066,-6.847890627079158],[115.43540145337774,-6.8478904602501478],[115.43540136991825,-6.8478814414970746],[115.43539234631491,-6.8478815249115534],[115.43539192902006,-6.8478364311455513],[115.43538290541748,-6.8478365145593063],[115.43538273850068,-6.8478184770526767],[115.43540078570504,-6.8478183102254402],[115.43540053532966,-6.8477912539661183],[115.43542760613386,-6.8477910037249998],[115.4354276895927,-6.8478000224777675],[115.43544573679529,-6.8477998556492912],[115.43544582025459,-6.8478088744018493],[115.43546386745705,-6.8478087075724776],[115.43546378399741,-6.8477996888201416],[115.43550890200078,-6.8477992717443206],[115.4355088185404,-6.8477902529925503],[115.43551784214058,-6.8477901695769914],[115.43551800906177,-6.8478082070803215],[115.43549093825992,-6.847808457327158],[115.43549102172017,-6.8478174760791575],[115.43550906892185,-6.8478173092478807],[115.43550915238256,-6.8478263279996536],[115.4355181759834,-6.8478262445836515],[115.43551825944442,-6.847835263335293],[115.43552728304529,-6.847835179919012],[115.43552719958413,-6.8478261611674807],[115.43553622318474,-6.8478260777511428],[115.43553613972352,-6.8478170589997021],[115.43554516332387,-6.8478169755833056],[115.43554507986259,-6.8478079568319714],[115.43553605626241,-6.8478080402482577],[115.43553597280142,-6.8477990214968072],[115.43552694920132,-6.8477991049128129],[115.43552686574061,-6.8477900861612655],[115.43553588934054,-6.84779000274537],[115.43553580587978,-6.8477809839938946],[115.43552678228001,-6.84778106740968],[115.43552669881953,-6.8477720486581068],[115.43551767521983,-6.8477721320736107],[115.43551759175961,-6.8477631133219212],[115.43549052096027,-6.8477633635670943],[115.43549018712261,-6.8477272885589633],[115.43550823432092,-6.8477271217299043],[115.43550798394284,-6.8477000654744273],[115.43551700754132,-6.847699982059976],[115.43551692408202,-6.8476909633082519],[115.43553497127829,-6.8476907964790703],[115.43553488781875,-6.8476817777275638],[115.43557098220931,-6.8476814440676215],[115.43557089874925,-6.8476724253165369],[115.43559796954045,-6.8476721750701453],[115.43559788607998,-6.8476631563194221],[115.43562495686966,-6.8476629060718492],[115.4356248734088,-6.8476538873214379],[115.43564292060103,-6.8476537204891024],[115.43564300406224,-6.8476627392392908],[115.43565202765836,-6.8476626558227602],[115.43565135997046,-6.8475905058220095],[115.43566038356514,-6.8475904224061974],[115.43566013318352,-6.8475633661561757],[115.43566915677755,-6.8475632827405279],[115.43566890639644,-6.8475362264908171],[115.43567792998989,-6.8475361430753319],[115.43567809691085,-6.8475541805749156],[115.43568712050448,-6.8475540971590423],[115.43568687012269,-6.8475270409099664],[115.43572296449418,-6.8475267072461161],[115.4357227975722,-6.8475086697475964],[115.43573182116442,-6.8475085863314344],[115.43573173770343,-6.8474995675822798],[115.43576783207064,-6.8474992339163929],[115.43576774860908,-6.8474902151676771],[115.43577677220041,-6.847490131750896],[115.43577660527733,-6.8474720942536731],[115.43578562886819,-6.8474720108369436],[115.43578579579165,-6.8474900483339454],[115.43581286656466,-6.8474897980820852],[115.43581303348957,-6.847507835578404],[115.43580400989831,-6.8475079189960804],[115.43580426028598,-6.8475349752408752],[115.43578621310218,-6.8475351420763904],[115.43578612963984,-6.8475261233278957],[115.43577710604795,-6.8475262067452896],[115.43577743989727,-6.8475622817396129],[115.43578646348983,-6.8475621983217767],[115.43578654695263,-6.8475712170702359],[115.43577752335987,-6.8475713004881831],[115.43577769028543,-6.8475893379853101],[115.43579573747151,-6.8475891711488019],[115.43579582093479,-6.8475981898971376],[115.43581386812075,-6.8475980230597333],[115.43581395158448,-6.8476070418078434],[115.43582297517744,-6.8476069583887789],[115.43582314210559,-6.8476249958847442],[115.43583216569878,-6.8476249124652888],[115.43583241609235,-6.8476519687089148],[115.43582339249866,-6.8476520521287032],[115.43582422714954,-6.8477422396082392],[115.43581520355403,-6.8477423230289673],[115.43581528701958,-6.8477513417769895],[115.43580626342379,-6.847751425197659],[115.43580634688928,-6.8477604439458055],[115.43579732329322,-6.8477605273664182],[115.4357971563627,-6.8477424898699191],[115.43578813276686,-6.8477425732901409],[115.4357882162319,-6.8477515920384961],[115.43575212184679,-6.8477519257181489],[115.43575220531126,-6.8477609444669589],[115.43576122890785,-6.8477608610471874],[115.43576131237261,-6.8477698797958828],[115.4357342415819,-6.8477701300550242],[115.43573415811765,-6.8477611113059966],[115.43571611092362,-6.8477612781443611],[115.43571602745985,-6.847752259395107],[115.43568895666844,-6.8477525096510572],[115.43568904013175,-6.8477615284006461],[115.43567099293659,-6.8477616952373257],[115.43567082601078,-6.8477436577377206],[115.43565277881586,-6.8477438245732856],[115.43565286227835,-6.8477528433233017],[115.43563481508266,-6.8477530101584145],[115.43563464815843,-6.8477349726578973],[115.43560757736502,-6.8477352229086383],[115.43560749390358,-6.8477262041580405],[115.43559847030571,-6.8477262875745062],[115.43559855376698,-6.8477353063252151],[115.43558953016885,-6.8477353897416222],[115.43558969709139,-6.8477534272432479],[115.43558067349278,-6.8477535106597101],[115.43558084041544,-6.8477715481615409],[115.43557181681642,-6.8477716315780555],[115.43557173335519,-6.8477626128270312],[115.43555368615711,-6.8477627796593348],[115.43555360269634,-6.847753760908085],[115.43554457909731,-6.8477538443238739],[115.43554474601862,-6.8477718818265911],[115.43553572241913,-6.8477719652424325],[115.43553580587978,-6.8477809839938946],[115.43554482947943,-6.8477809005779422],[115.43554491294039,-6.8477899193293066],[115.43555393654009,-6.8477898359130744],[115.43555427038561,-6.8478259109179609],[115.43554524678525,-6.8478259943346353],[115.43554533024675,-6.8478350130859447],[115.43553630664606,-6.8478350965025623],[115.4355363901075,-6.847844115254011],[115.43554541370834,-6.8478440318372824],[115.43554549717007,-6.8478530505885988],[115.43559963877374,-6.8478525500840259],[115.43559972223659,-6.8478615688346736],[115.43559069863609,-6.8478616522526341],[115.43559078209888,-6.8478706710033874],[115.43557273489722,-6.8478708378390261],[115.43557281835979,-6.847879856589997],[115.43556379475861,-6.8478799400076733],[115.43556387822113,-6.8478889587587517],[115.43554583101809,-6.8478891255938219],[115.43554591448037,-6.847898144345117],[115.4355188436745,-6.8478983945967942],[115.43551901059841,-6.8479164321000363],[115.43550998699585,-6.8479165155171469],[115.43551007045781,-6.847925534268871],[115.43551909406051,-6.8479254508516494],[115.4355192609851,-6.8479434883548649],[115.43553730819079,-6.847943321519474],[115.43553739165358,-6.8479523402708695],[115.4355554388592,-6.8479521734345834],[115.43555535539608,-6.8479431546834091],[115.43556437899855,-6.8479430712651235],[115.43556446246184,-6.8479520900161877],[115.43558250966677,-6.8479519231788899],[115.43558242620311,-6.8479429044280486],[115.435654615017,-6.8479422370730134],[115.43565453155212,-6.847933218323071],[115.4356635551532,-6.8479331349030454],[115.43566347168826,-6.8479241161532096],[115.43567249528903,-6.8479240327331254],[115.43567224489442,-6.8478969764839244],[115.4356812684946,-6.8478968930640054],[115.4356810181005,-6.8478698368150965],[115.43569004170003,-6.8478697533953419],[115.4356901251648,-6.8478787721448713],[115.43569914876437,-6.8478786887248377],[115.43569931569456,-6.8478967262236621],[115.4357173628941,-6.8478965593826446],[115.4357174463597,-6.8479055781318277],[115.43572646995949,-6.8479054947109566],[115.43572672035745,-6.8479325509581477],[115.43573574395762,-6.8479324675367756],[115.435735827424,-6.8479414862857197],[115.43577192182417,-6.8479411525981018],[115.43577208875864,-6.8479591900950894],[115.43578111235874,-6.8479591066725423],[115.43578119582629,-6.8479681254209188],[115.43579021942645,-6.8479680419980919],[115.43579046983032,-6.8479950982428814],[115.43585363503182,-6.847994514276051],[115.43585371850118,-6.8480035330235065],[115.43586274210111,-6.8480034495988891],[115.43586299251038,-6.8480305058409483],[115.43587201611071,-6.8480304224158299],[115.43587209958086,-6.8480394411630465],[115.43588112318122,-6.8480393577376484],[115.43588103971089,-6.8480303389905437],[115.43589006331104,-6.8480302555650878],[115.43588981290023,-6.8480031993240287],[115.4358988364997,-6.848003115898738],[115.43589900344045,-6.848021153392561],[115.43590802704016,-6.8480210699668804],[115.43590819398169,-6.8480391074604476],[115.43592624118142,-6.8480389406081379],[115.43592607423922,-6.8480209031150139],[115.43593509783859,-6.8480208196888279],[115.4359350143675,-6.8480118009423618],[115.43595306156553,-6.8480116340897075],[115.43595314503698,-6.8480206528359515],[115.43596216863602,-6.8480205694092602],[115.43596200169293,-6.8480025319169906],[115.43598004888996,-6.8480023650635466],[115.43597996541826,-6.8479933463176437],[115.43598898901644,-6.8479932628907809],[115.43598907248831,-6.8480022816365729],[115.43599809608656,-6.8480021982094303],[115.435998263031,-6.8480202357008135],[115.43605240462013,-6.8480197351330929],[115.43605248809352,-6.8480287538781122],[115.43603444089727,-6.8480289207349152],[115.43603460784375,-6.8480469582253845],[115.43606167863899,-6.8480467079392646],[115.43606159516517,-6.8480376891943457],[115.43607061876317,-6.8480376057654135],[115.43607070223716,-6.8480466245102187],[115.43608874943318,-6.8480464576516278],[115.4360888329076,-6.8480554763961887],[115.43607078571122,-6.8480556432550044],[115.43607086918541,-6.8480646619997838],[115.43606184558692,-6.8480647454290509],[115.43606192906105,-6.848073764173936],[115.43607095265973,-6.8480736807445597],[115.43607103613415,-6.848082699489332],[115.43608908333152,-6.848082532629852],[115.4360891668064,-6.848091551374397],[115.4360981904051,-6.8480914679442941],[115.43609810693007,-6.8480824491998602],[115.43610713052846,-6.8480823657696988],[115.43610704705337,-6.8480733470253705],[115.43609802345514,-6.8480734304554201],[115.43609785650563,-6.84805539296653],[115.43612492729899,-6.8480551426765395],[115.43612467687406,-6.8480280864441676],[115.43614272406806,-6.8480279195839984],[115.43614280754328,-6.8480369383278887],[115.43613378394615,-6.8480370217581674],[115.4361338674213,-6.8480460405021981],[115.4361789854066,-6.8480456233485612],[115.43617906888269,-6.8480546420920154],[115.4361880924796,-6.8480545586606709],[115.43618817595598,-6.8480635774040097],[115.43621524674649,-6.8480633271086369],[115.43621533022348,-6.848072345851639],[115.43622435382025,-6.8480722624194001],[115.43622443729751,-6.8480812811622869],[115.43626053168418,-6.848080947431205],[115.43626061516227,-6.8480899661736432],[115.43626963875879,-6.8480898827403411],[115.43626972223714,-6.8480989014826648],[115.43628776943024,-6.8480987346153332],[115.43628785290903,-6.8481077533574304],[115.43632394729455,-6.8481074196203027],[115.43632386381508,-6.8480984008786496],[115.43634191100683,-6.8480982340092975],[115.43634199448665,-6.8481072527507285],[115.43632394729455,-6.8481074196203027],[115.43632403077414,-6.8481164383619531],[115.43633305437044,-6.8481163549271393],[115.43633322133027,-6.8481343924102029],[115.43635126852315,-6.848134225539626],[115.43635143548411,-6.8481522630222456],[115.4363604590807,-6.8481521795864841],[115.43636054256154,-6.8481611983276505],[115.43635151896477,-6.8481612817635229],[115.43635160244553,-6.8481703005048136],[115.43636062604247,-6.8481702170688292],[115.43636079300467,-6.8481882545511743],[115.43637884019888,-6.8481880876782579],[115.43637892368051,-6.8481971064191862],[115.43636087648594,-6.8481972732923246],[115.43636095996733,-6.8482062920335034],[115.43634291277198,-6.8482064589061897],[115.4363431632158,-6.8482335151303131],[115.43635218681405,-6.8482334316937221],[115.43635210333248,-6.8482244129524625],[115.43636112693042,-6.8482243295158129],[115.43636104344883,-6.8482153107746599],[115.43641518503316,-6.8482148101518945],[115.43641535199849,-6.8482328476328647],[115.43642437559585,-6.8482327641949254],[115.43642445907886,-6.8482417829352773],[115.43645152987067,-6.8482415326201185],[115.43645161335431,-6.8482505513601657],[115.43646063695154,-6.8482504679213321],[115.43646080391946,-6.8482685054011583],[115.43648787471146,-6.8482682550829805],[115.43648795819608,-6.8482772738225544],[115.43649698179337,-6.8482771903827135],[115.4364970652783,-6.8482862091221737],[115.43651511247286,-6.8482860422417664],[115.43651494550245,-6.8482680047632876],[115.43653299269585,-6.8482678378826503],[115.43653324315264,-6.8482948940996957],[115.43656933754018,-6.84829456033507],[115.43656925405379,-6.8482855415965034],[115.43657827765021,-6.8482854581550372],[115.43657811067744,-6.84826742067811],[115.43658713427344,-6.848267337236698],[115.43658705078705,-6.8482583184983392],[115.43659607438273,-6.8482582350568677],[115.43659632484274,-6.8482852912715986],[115.43658730124652,-6.8482853747134014],[115.4365874682201,-6.8483034121900888],[115.43661453900938,-6.848303161863508],[115.43661437203481,-6.8482851243874885],[115.43662339563068,-6.8482850409451794],[115.43662347911807,-6.8482940596830808],[115.436632502714,-6.8482939762404937],[115.43663241922643,-6.8482849575027016],[115.43664144282205,-6.8482848740600568],[115.43664169328559,-6.8483119302730842],[115.43669583486012,-6.8483114296116812],[115.43669575137113,-6.8483024108746759],[115.43670477496633,-6.8483023274306305],[115.43670485845549,-6.8483113461675256],[115.43671388205071,-6.8483112627232012],[115.4367137985614,-6.8483022439864172],[115.4367228221564,-6.8483021605420351],[115.43672273866704,-6.8482931418053576],[115.43674980945075,-6.8482928914715346],[115.43674989294061,-6.848301910207879],[115.43675891653513,-6.8483018267628228],[115.43675866606534,-6.8482747705541076],[115.43678573684669,-6.8482745202189292],[115.43678565335649,-6.8482655014830156],[115.43680370054317,-6.8482653345922762],[115.43680361705275,-6.8482563158565792],[115.43687580579356,-6.8482556482877746],[115.43687588928536,-6.8482646670225833],[115.43689393646977,-6.8482645001284776],[115.43689385297766,-6.8482554813938892],[115.43688482938568,-6.8482555648409154],[115.43688474589385,-6.8482465461062123],[115.43689376948566,-6.8482464626592972],[115.43689385297766,-6.8482554813938892],[115.43691190016129,-6.8482553144993306],[115.43691198365373,-6.848264333233697],[115.43693003083725,-6.8482641663382431],[115.43693011433017,-6.8482731850723839],[115.43693913792191,-6.8482731016242928],[115.43693922141507,-6.8482821203583182],[115.4369572685986,-6.8482819534614094],[115.43695735209224,-6.8482909721952092],[115.43702051723217,-6.8482903880499526],[115.43702060072711,-6.8482994067829708],[115.43702962431823,-6.8482993233328635],[115.43702954082315,-6.8482903045999572],[115.43704758800473,-6.8482901376994603],[115.43704750450942,-6.8482811189667716],[115.43705652809989,-6.8482810355163819],[115.43705644460452,-6.848272016783798],[115.43706546819469,-6.8482719333333506],[115.43706555169022,-6.8482809520658225],[115.43707457528049,-6.8482808686150962],[115.43707449178477,-6.8482718498827353],[115.4371015625543,-6.8482715995298786],[115.43710131206636,-6.8482445433337684],[115.43711033565545,-6.8482444598828103],[115.43711025215953,-6.8482354411508588],[115.43711927574837,-6.8482353576998447],[115.4371191922524,-6.8482263389680327],[115.43712821584093,-6.8482262555169617],[115.43712804884898,-6.8482082180535144],[115.43714609602507,-6.8482080511513095],[115.43714601252893,-6.8481990324198012],[115.43716405970423,-6.8481988655171451],[115.4371637257194,-6.848162790591954],[115.4371727493062,-6.8481627071408173],[115.43717258231412,-6.848144669678434],[115.43718160590049,-6.8481445862273489],[115.43718143890855,-6.848126548765137],[115.43719046249443,-6.8481264653141078],[115.43719037899847,-6.8481174465831138],[115.43720842616962,-6.8481172796807694],[115.43720825917731,-6.848099242219214],[115.43721728276239,-6.8480991587680116],[115.43721711577018,-6.8480811213066586],[115.43722613935482,-6.8480810378555104],[115.43722605585873,-6.8480720191249382],[115.43724410302728,-6.8480718522223567],[115.43724393603476,-6.8480538147616432],[115.43726198320221,-6.8480536478588325],[115.43726206669875,-6.8480626665889703],[115.43727109028245,-6.8480625831372022],[115.43727100678574,-6.8480535644071754],[115.43728003036921,-6.8480534809553495],[115.43728011386607,-6.8480624996852644],[115.43731620819935,-6.8480621658758327],[115.43731629169703,-6.8480711846052991],[115.43732531528025,-6.84807110115241],[115.4373253987782,-6.8480801198817618],[115.43731637519481,-6.8480802033347619],[115.43731645869269,-6.8480892220642211],[115.43732548227626,-6.8480891386111091],[115.43732564927271,-6.8481071760697905],[115.43733467285645,-6.8481070926162895],[115.43733475635503,-6.8481161113455125],[115.4373257327711,-6.8481161947991254],[115.437326317263,-6.8481793259043418],[115.43731729367775,-6.8481794093585631],[115.43731771117452,-6.8482245030055697],[115.43730868758836,-6.8482245864601765],[115.43730877108786,-6.8482336051896597],[115.43729072391481,-6.8482337720985909],[115.4372908074141,-6.8482427908283237],[115.43728178382725,-6.848242874282648],[115.43728186732648,-6.8482518930124705],[115.4372908909135,-6.848251809558036],[115.43729105791267,-6.8482698470174466],[115.43728203432532,-6.848269930472104],[115.43728220132456,-6.8482879679317188],[115.43727317773674,-6.8482880513864295],[115.43727342823598,-6.8483151075761519],[115.43726440464756,-6.8483151910310269],[115.43726448814738,-6.848324209761036],[115.43725546455866,-6.8483242932158532],[115.43725571505824,-6.8483513494062063],[115.43724669146889,-6.8483514328611879],[115.43724677496881,-6.8483604515913843],[115.43723775137921,-6.848360535046309],[115.43723783487907,-6.8483695537766289],[115.43722881128917,-6.8483696372314951],[115.43722981329429,-6.8484778619963311],[115.43723883688618,-6.8484777785401336],[115.43723892038753,-6.8484867972703976],[115.43725696757136,-6.848486630357276],[115.43725713457503,-6.8485046678173465],[115.43726615816709,-6.8485045843603105],[115.43726624166925,-6.8485136030902289],[115.43727526526139,-6.8485135196329132],[115.43727534876386,-6.8485225383627162],[115.4373204667237,-6.8485221210730627],[115.43732038322041,-6.8485131023438157],[115.43733843040324,-6.8485129354269976],[115.43733826339631,-6.8484948979689326],[115.43734728698723,-6.8484948145104934],[115.43734720348378,-6.8484857957815644],[115.4373562270744,-6.8484857123230674],[115.43735589306102,-6.8484496374077546],[115.43734686947107,-6.8484497208658084],[115.43734653546015,-6.8484136459499805],[115.43735555904942,-6.8484135624923717],[115.43735514153748,-6.8483684688480455],[115.4373641651258,-6.8483683853908204],[115.43736399812147,-6.8483503479332963],[115.43737302170933,-6.8483502644761272],[115.43737293820718,-6.8483412457474433],[115.43738196179477,-6.8483411622902173],[115.43738187829254,-6.8483321435616578],[115.43739090187987,-6.8483320601043731],[115.43739081837759,-6.8483230413759202],[115.43744495989806,-6.84832254062934],[115.43744512690473,-6.84834057808491],[115.43745415049143,-6.848340494626334],[115.43745456801093,-6.8483855882646267],[115.43746359159837,-6.8483855048053304],[115.43746392561668,-6.8484215797154411],[115.43747294920466,-6.8484214962555319],[115.43747303270969,-6.8484305149829385],[115.43748205629774,-6.8484304315227487],[115.43748213980305,-6.848439450250023],[115.43749116339114,-6.8484393667895551],[115.43749124689674,-6.8484483855167468],[115.43750027048489,-6.8484483020560001],[115.43750043749672,-6.8484663395101153],[115.4375094610851,-6.8484662560489777],[115.43750954459138,-6.8484752747759181],[115.43754563894441,-6.8484749409292398],[115.43754572245145,-6.8484839596557325],[115.43759084039107,-6.8484835423430415],[115.43759075688317,-6.8484745236171038],[115.43762685123215,-6.8484741897643655],[115.43762660070713,-6.8484471335878565],[115.43763562429358,-6.8484470501245838],[115.43763554078529,-6.8484380313991657],[115.43765358795754,-6.8484378644723369],[115.43765342094063,-6.8484198270219823],[115.43766244452624,-6.8484197435585381],[115.43766219400122,-6.8483926873832646],[115.43767121758621,-6.8483926039199829],[115.43767096706171,-6.8483655477450371],[115.4376980378145,-6.8483652973551825],[115.43769787079772,-6.8483472599058679],[115.43768884721388,-6.8483473433690989],[115.43768876370582,-6.848338324644299],[115.43771583445645,-6.848338074254432],[115.43771591796502,-6.8483470929788997],[115.43773396513186,-6.8483469260512573],[115.43773404864085,-6.8483559447754656],[115.43774307222429,-6.8483558613112816],[115.4377431557336,-6.8483648800353905],[115.43776120290045,-6.848364713106295],[115.43776111939081,-6.8483556943824082],[115.43782428447003,-6.8483551101260476],[115.43782420095934,-6.8483460914029486],[115.43785127170537,-6.8483458410051732],[115.43785118819427,-6.84833682228237],[115.43788728252011,-6.8483364884167548],[115.43788719900846,-6.8483274696944072],[115.43790524617036,-6.8483273027608114],[115.43790516265848,-6.8483182840386823],[115.43793223339998,-6.8483180336373577],[115.4379321498877,-6.8483090149155563],[115.43795019704781,-6.8483088479807206],[115.43795011353529,-6.8482998292591377],[115.43796816069462,-6.848299662323849],[115.43796832772038,-6.8483176997665698],[115.43800442203901,-6.8483173658930863],[115.43800450555271,-6.8483263846139968],[115.43801352913229,-6.848326301145093],[115.4380136126463,-6.8483353198658881],[115.43802263622588,-6.8483352363967063],[115.43802280325457,-6.8483532738380601],[115.43801377967466,-6.848353357307464],[115.43801403021804,-6.8483804134697941],[115.43800500663748,-6.8483804969393622],[115.43800492312306,-6.8483714782184784],[115.43799589954257,-6.8483715616877667],[115.43799598305681,-6.8483805804087607],[115.43798695947602,-6.8483806638779923],[115.4379870429902,-6.848389682599076],[115.437968995828,-6.8483898495372566],[115.43796907934194,-6.8483988682585899],[115.43796005576048,-6.848398951727539],[115.4379602227884,-6.8484169891703841],[115.43795119920652,-6.8484170726393856],[115.43795128272045,-6.8484260913609125],[115.43794225913825,-6.8484261748298563],[115.43794234265216,-6.8484351935514747],[115.43793331906973,-6.8484352770203598],[115.43793365312577,-6.8484713519073104],[115.43792462954254,-6.8484714353764726],[115.43792471305667,-6.848480454098306],[115.43791568947313,-6.8484805375674105],[115.4379157729872,-6.8484895562893504],[115.4379067494034,-6.8484896397583972],[115.43790691643153,-6.8485076772024858],[115.43788886926288,-6.8485078441405189],[115.43788895277679,-6.8485168628627786],[115.43787090560737,-6.8485170298003597],[115.43787098912105,-6.848526048522837],[115.437861965536,-6.8485261319914859],[115.43786213256337,-6.8485441694366491],[115.43784408539226,-6.8485443363738856],[115.43784416890577,-6.8485533550966995],[115.43781709814779,-6.8485536055016238],[115.43781718166088,-6.8485626242247317],[115.43780815807452,-6.8485627076928148],[115.43780824158756,-6.8485717264160462],[115.43779921800089,-6.8485718098840715],[115.43779938502701,-6.8485898473307438],[115.43778133785264,-6.8485900142667315],[115.43778175541824,-6.8486351078844434],[115.43777273183005,-6.8486351913527415],[115.43777289885675,-6.8486532288000159],[115.43776387526812,-6.8486533122683655],[115.43776395878145,-6.8486623309921084],[115.43777298237025,-6.8486622475236478],[115.43777306588389,-6.8486712662472744],[115.43778208947275,-6.8486711827785349],[115.43778217298666,-6.848680201502046],[115.43777314939761,-6.8486802849708974],[115.43777323291148,-6.8486893036945151],[115.43776420932218,-6.8486893871633088],[115.43776437634988,-6.8487074246107547],[115.43777339993953,-6.848707341141739],[115.43777348345371,-6.8487163598653442],[115.43779153063304,-6.8487161929265854],[115.4377914471185,-6.8487071742032022],[115.43778242352904,-6.8487072576725554],[115.43778225650067,-6.8486892202255527],[115.43779128008978,-6.8486891367564233],[115.43779136360408,-6.8486981554798154],[115.43780038719322,-6.8486980720104045],[115.43780055422252,-6.8487161094569542],[115.43779153063304,-6.8487161929265854],[115.43779169766242,-6.8487342303733385],[115.43780974484197,-6.8487340634334632],[115.43780982835715,-6.848743082156612],[115.43781885194693,-6.8487429986863111],[115.43781876843154,-6.8487339799632734],[115.43782779202104,-6.8487338964929148],[115.43782787553658,-6.8487429152158414],[115.43783689912613,-6.848742831745203],[115.43783698264194,-6.8487518504680143],[115.43784600623152,-6.848751766997097],[115.43784625678018,-6.8487788231651701],[115.43785528037016,-6.8487787396937518],[115.4378555309203,-6.8488057958614368],[115.43786455451072,-6.8488057123895185],[115.43786463802782,-6.8488147311119816],[115.43787366161826,-6.8488146476397826],[115.43787374513565,-6.8488236663621151],[115.43788276872617,-6.8488235828896364],[115.43788285224385,-6.8488326016118535],[115.43787382865317,-6.8488326850844423],[115.43787391217077,-6.8488417038067659],[115.43785586498878,-6.8488418707516603],[115.43785594850617,-6.8488508894741846],[115.43787399568852,-6.8488507225290691],[115.43787416272431,-6.8488687599737093],[115.43786513913288,-6.8488688434465743],[115.43786505561508,-6.8488598247241539],[115.43785603202367,-6.8488599081967374],[115.43785611554129,-6.8488689269192706],[115.43784709194964,-6.8488690103917982],[115.43784717546721,-6.8488780291144371],[115.43783815187524,-6.8488781125869069],[115.43783823539277,-6.8488871313096515],[115.43789237694379,-6.8488866304716405],[115.43789246046244,-6.8488956491937145],[115.43790148405405,-6.8488955657200128],[115.43790156757298,-6.8489045844419723],[115.43791059116465,-6.8489045009679899],[115.43791050764555,-6.8488954822461414],[115.43794660201044,-6.8488951483489746],[115.43794676905007,-6.8489131857917807],[115.43795579264135,-6.8489131023168452],[115.43795587616152,-6.8489221210381483],[115.43798294693518,-6.848921870612001],[115.43798286341452,-6.8489128518910318],[115.43799188700534,-6.8489127684154241],[115.43799180348461,-6.8489037496945784],[115.43798277989397,-6.8489038331700742],[115.43798269637354,-6.8488948144491131],[115.43800976714468,-6.8488945640224497],[115.43800968362385,-6.8488855453018163],[115.43801870721386,-6.8488854618260362],[115.43801862369297,-6.8488764431055102],[115.43800960010314,-6.8488765265811793],[115.43800943306206,-6.8488584891398911],[115.43801845665153,-6.8488584056644433],[115.43801837313102,-6.8488493869438871],[115.43803642030927,-6.8488492199927089],[115.43803650383015,-6.848858238713043],[115.43805455100834,-6.8488580717609695],[115.43805446748712,-6.8488490530408566],[115.43806349107585,-6.8488489695646786],[115.43806357459725,-6.8488579882846796],[115.43808162177474,-6.8488578213315963],[115.43808195586274,-6.8488938962106038],[115.43814512098513,-6.8488933118663988],[115.43814520450861,-6.8489023305853634],[115.43817227527417,-6.8489020801492746],[115.43817235879824,-6.8489110988679025],[115.43815431162098,-6.8489112658256852],[115.43815439514484,-6.8489202845445467],[115.43819048949959,-6.8489199506278631],[115.43819057302424,-6.8489289693462423],[115.43823569096597,-6.8489285519460461],[115.43823585801728,-6.8489465893817165],[115.43824488160563,-6.8489465059009502],[115.43824504865773,-6.8489645433363986],[115.43825407224631,-6.8489644598552415],[115.4382542392992,-6.8489824972904163],[115.43826326288797,-6.8489824138088693],[115.43826334641476,-6.8489914325263488],[115.4382723700036,-6.848991349044522],[115.43827245353067,-6.8490003677618851],[115.43826342994166,-6.8490004512438221],[115.43826351346864,-6.8490094699612758],[115.43827253705783,-6.8490093864792279],[115.43827278764002,-6.8490364426312933],[115.43828181122961,-6.8490363591487435],[115.4382819782853,-6.8490543965831829],[115.4382910018751,-6.8490543131002433],[115.43829091834705,-6.8490452943831457],[115.43829994193658,-6.8490452109001474],[115.43830002546483,-6.8490542296171357],[115.43830904905441,-6.8490541461338594],[115.43830913258292,-6.8490631648507652],[115.43831815617254,-6.8490630813672082],[115.43831823970135,-6.8490721000839825],[115.43832726329107,-6.8490720166001458],[115.4383271797621,-6.8490629978834843],[115.43833620335148,-6.8490629143995916],[115.43833628688061,-6.8490719331161438],[115.43835433405945,-6.849071766147631],[115.43835441758904,-6.8490807848639559],[115.43833637040987,-6.8490809518326898],[115.43833645393926,-6.8490899705492332],[115.43835450111875,-6.8490898035802763],[115.43835458464856,-6.8490988222965932],[115.43836360823829,-6.8490987388117519],[115.43836369176839,-6.8491077575279533],[115.43834564458848,-6.8491079244976891],[115.43834581164833,-6.8491259619305387],[115.43833678805781,-6.8491260454153764],[115.43833687158777,-6.8491350641318807],[115.43834589517843,-6.849134980646931],[115.43834597870863,-6.8491439993633367],[115.4383369551178,-6.8491440828483965],[115.43833720570859,-6.8491711389979359],[115.43834622929992,-6.849171055512544],[115.4383463128306,-6.8491800742289142],[115.43833728923909,-6.849180157714418],[115.43833737276969,-6.8491891764309125],[115.43832834917794,-6.8491892599163586],[115.43832843270849,-6.8491982786329597],[115.43831940911642,-6.8491983621183481],[115.43831949264688,-6.8492073808350558],[115.43833753983122,-6.8492072138638873],[115.43833762336216,-6.8492162325803534],[115.43834664695436,-6.8492161490944046],[115.43834689754836,-6.8492432052435062],[115.4383559211409,-6.8492431217570582],[115.43835633880067,-6.8492882153382224],[115.43836536239394,-6.8492881318510515],[115.43836527886161,-6.8492791131349389],[115.43837430245462,-6.8492790296477102],[115.43837438598713,-6.8492880483637117],[115.43838340958018,-6.8492879648762033],[115.43838349311298,-6.849296983592092],[115.43839251670612,-6.8492969001043038],[115.43839260023918,-6.8493059188200744],[115.4384106474254,-6.8493057518437732],[115.43841073095894,-6.8493147705593183],[115.43843780173796,-6.8493145200932695],[115.43843771820393,-6.8493055013780566],[115.43844674179653,-6.8493054178891484],[115.43844682533074,-6.8493144366042502],[115.43846487251596,-6.8493142696257046],[115.43846478898142,-6.8493052509108248],[115.43847381257369,-6.849305167421412],[115.43847397964322,-6.8493232048509443],[115.43848300323569,-6.8493231213611399],[115.43848266909642,-6.8492870465025009],[115.43849169268815,-6.8492869630129709],[115.43849177622297,-6.8492959817275274],[115.43850079981472,-6.8492958982377186],[115.43850071627973,-6.8492868795232731],[115.43850973987124,-6.8492867960334083]],[[115.43802722967912,-6.8488312660275286],[115.43800015891219,-6.848831516452873],[115.43799999187259,-6.8488134790113193],[115.43800901546132,-6.8488133955365944],[115.43800909898124,-6.8488224142572625],[115.43802714615876,-6.848822247307087],[115.43802722967912,-6.8488312660275286]],[[115.43825156650712,-6.8486938983252363],[115.43823351933997,-6.8486940652807267],[115.43823343581742,-6.8486850465627693],[115.43822441223385,-6.8486851300401508],[115.43822432871157,-6.8486761113220789],[115.43825139946146,-6.8486758608897649],[115.43825156650712,-6.8486938983252363]],[[115.43775828013031,-6.8480490577676338],[115.43774925655282,-6.8480491412283833],[115.4377490895419,-6.8480311037800758],[115.43775811311906,-6.8480310203195476],[115.43775828013031,-6.8480490577676338]],[[115.43587159876164,-6.8479853286795986],[115.43586257516216,-6.8479854121041619],[115.43586240822366,-6.8479673746094187],[115.43587143182282,-6.8479672911850766],[115.43587159876164,-6.8479853286795986]],[[115.43557248451019,-6.8478437815860866],[115.43556346090971,-6.8478438650033198],[115.43556337744775,-6.847834846252205],[115.43557240104806,-6.8478347628350811],[115.43557248451019,-6.8478437815860866]],[[115.43565327959257,-6.8477979370734099],[115.43564425599394,-6.847798020491604],[115.43564433945696,-6.8478070392417223],[115.43563531585805,-6.8478071226598596],[115.4356352323952,-6.8477981039096303],[115.43562620879632,-6.8477981873274887],[115.43562612533375,-6.8477891685771599],[115.43563514893246,-6.8477890851594125],[115.43563498200733,-6.847771047658914],[115.43562595840895,-6.8477711310764393],[115.43562587494672,-6.8477621123260812],[115.43565294574098,-6.8477618620733329],[115.43565327959257,-6.8477979370734099]],[[115.43567124332613,-6.8477887514867408],[115.43568026692427,-6.8477886680681523],[115.43568035038786,-6.847797686817815],[115.43567132678953,-6.8477977702365145],[115.43567124332613,-6.8477887514867408]],[[115.43603185328445,-6.8477493396303872],[115.43601380609817,-6.8477495064796425],[115.43601388956753,-6.8477585252252364],[115.43597779519301,-6.8477588589221678],[115.4359778786618,-6.8477678776682005],[115.4359688550677,-6.8477679610921243],[115.43596877159908,-6.8477589423459797],[115.43595974800506,-6.8477590257696237],[115.4359596645367,-6.8477500070233628],[115.43593259375443,-6.8477502572929501],[115.4359325102867,-6.8477412385463703],[115.4359144630983,-6.847741405391699],[115.43591437963103,-6.8477323866448581],[115.43589633244251,-6.8477325534892923],[115.43589608204236,-6.8477054972481293],[115.43591412922987,-6.847705330404362],[115.43591404576304,-6.8476963116575202],[115.43590502216949,-6.8476963950793781],[115.43590493870296,-6.8476873763324217],[115.43591396229633,-6.8476872929106758],[115.43591387882971,-6.847678274163826],[115.4359229024228,-6.8476781907420214],[115.43592273548958,-6.8476601532485306],[115.43593175908224,-6.8476600698267811],[115.43593184254894,-6.8476690885734],[115.43598598410335,-6.8476685880386965],[115.43598615103915,-6.8476866255306428],[115.43600419822374,-6.8476864586839525],[115.43600428169214,-6.8476954774296894],[115.43602232887659,-6.8476953105821021],[115.43602257928347,-6.84772236681862],[115.43603160287604,-6.8477222833942415],[115.43603185328445,-6.8477493396303872]],[[115.43626571540334,-6.8476660018461786],[115.43627473899184,-6.8476659184179205],[115.43627457204573,-6.8476478809330867],[115.43629261922177,-6.8476477140765075],[115.43629270269513,-6.8476567328187121],[115.43630172628315,-6.8476566493900606],[115.43630180975676,-6.8476656681321337],[115.43629278616855,-6.8476657515608972],[115.43629286964213,-6.8476747703031116],[115.43626579887639,-6.8476750205887251],[115.43626571540334,-6.8476660018461786]],[[115.43665356264788,-6.8476443768035109],[115.43666258623119,-6.8476442933682353],[115.43666275319181,-6.8476623308435318],[115.43665372960814,-6.8476624142790294],[115.43665356264788,-6.8476443768035109]],[[115.43634676074717,-6.8476472135027295],[115.43632871357248,-6.8476473803613302],[115.4363286300986,-6.8476383616195626],[115.43631960651123,-6.8476384450484993],[115.43631952303762,-6.8476294263066171],[115.43631049945034,-6.847629509735274],[115.43631041597699,-6.8476204909932603],[115.4363194395641,-6.8476204075647145],[115.43631927261744,-6.8476023700809456],[115.43633731979067,-6.8476022032237926],[115.43633748673801,-6.8476202407071174],[115.43634651032481,-6.8476201572780653],[115.43634659379882,-6.8476291760196375],[115.43635561738564,-6.8476290925903056],[115.43635570085993,-6.8476381113317446],[115.43634667727294,-6.8476381947611857],[115.43634676074717,-6.8476472135027295]],[[115.4358317483784,-6.8475798187258876],[115.43582272478606,-6.8475799021447878],[115.43582264132247,-6.8475708833967603],[115.43583166491467,-6.8475707999779694],[115.4358317483784,-6.8475798187258876]],[[115.43634575906374,-6.8475389886039038],[115.43633673547848,-6.8475390720319584],[115.43633665200575,-6.8475300532902663],[115.43634567559087,-6.8475299698623244],[115.43634575906374,-6.8475389886039038]],[[115.43632762842056,-6.8475301367180403],[115.43631860483524,-6.8475302201456456],[115.43631843789079,-6.8475121826617551],[115.43632746147581,-6.8475120992343719],[115.43632762842056,-6.8475301367180403]],[[115.43621917844857,-6.8475131003518657],[115.43620113127579,-6.8475132672024239],[115.43620104780594,-6.8475042484590389],[115.43619202421954,-6.8475043318839548],[115.43619194074998,-6.8474953131404543],[115.4362190115083,-6.8474950628655344],[115.43621917844857,-6.8475131003518657]],[[115.436607109077,-6.8475004941635813],[115.43661613265822,-6.8475004107309214],[115.43661596570334,-6.8474823732543406],[115.43663401286474,-6.8474822063889595],[115.4366341798203,-6.8475002438650963],[115.43665222698195,-6.8475000769985979],[115.4366523939386,-6.8475181144742727],[115.43666141751957,-6.8475180310405497],[115.43666150099824,-6.8475270497782876],[115.43663443025446,-6.8475273000792853],[115.4366343467763,-6.8475182813412152],[115.43660727603198,-6.8475185316403655],[115.436607109077,-6.8475004941635813]],[[115.43655313454033,-6.8475190322341204],[115.43653508737555,-6.8475191990973592],[115.43653492042324,-6.8475011616188004],[115.43654394400536,-6.8475010781874879],[115.43654402748162,-6.8475100969266576],[115.43655305106381,-6.8475100134950653],[115.43655313454033,-6.8475190322341204]],[[115.4354328741953,-6.8473850764360886],[115.43542385060171,-6.8473851598451443],[115.43542393405549,-6.8473941785981252],[115.43540588686761,-6.8473943454159496],[115.43540563650758,-6.8473672891563258],[115.43538758932027,-6.8473674559728117],[115.43538742241481,-6.8473494184659307],[115.43537839882134,-6.8473495018736994],[115.43537831536895,-6.8473404831201421],[115.43536929177552,-6.8473405665276301],[115.43536937522772,-6.8473495852812993],[115.43536035163403,-6.8473496686887323],[115.43536018473004,-6.8473316311811843],[115.43535116113655,-6.8473317145882273],[115.43535099423336,-6.8473136770804066],[115.4353600178265,-6.8473135936735856],[115.4353599343749,-6.8473045749197876],[115.43535091078191,-6.8473046583264976],[115.43535082733059,-6.847295639572585],[115.4353598509234,-6.847295556165987],[115.43535976747204,-6.8472865374121801],[115.43536879106456,-6.8472864540055252],[115.43536870761311,-6.8472774352518249],[115.43540480198146,-6.8472771016239609],[115.43540488543356,-6.847286120377218],[115.43541390902553,-6.8472860369697193],[115.4354140759304,-6.8473040744759981],[115.43542309952262,-6.8473039910681104],[115.43542326642829,-6.8473220285741467],[115.43543229002071,-6.84732194516587],[115.43543254038056,-6.8473490014245622],[115.43545058756607,-6.8473488346068354],[115.43545075447389,-6.8473668721121639],[115.43546880165964,-6.8473667052933216],[115.43546888511405,-6.8473757240457749],[115.43547790870691,-6.84737564063599],[115.43547799216158,-6.8473846593882932],[115.4355411573097,-6.8473840755143103],[115.43554099039805,-6.8473660380112156],[115.43555001398987,-6.8473659546001953],[115.43554993053405,-6.8473569358487527],[115.43555895412558,-6.8473568524376747],[115.43555887066971,-6.8473478336863378],[115.43556789426093,-6.847347750275202],[115.43556781080501,-6.8473387315239727],[115.43557683439596,-6.8473386481127791],[115.43557708476456,-6.8473657043661236],[115.43556806117311,-6.8473657877776484],[115.43556814462939,-6.8473748065288822],[115.43555009744578,-6.8473749733516511],[115.43555018090181,-6.8473839921030679],[115.43555920449386,-6.8473839086916559],[115.43555937140661,-6.8474019461942897],[115.43557741859098,-6.8474017793705197],[115.43557758550486,-6.8474198168726756],[115.43555953831981,-6.8474199836968888],[115.4355596217766,-6.847429002448207],[115.43555059818372,-6.8474290858601714],[115.43555068164044,-6.8474381046115793],[115.4355416580473,-6.8474381880234878],[115.43554182496072,-6.8474562255265115],[115.43553280136712,-6.8474563089384732],[115.43553288482383,-6.8474653276900721],[115.43546069606967,-6.8474659949805883],[115.43546077952516,-6.8474750137331029],[115.4354156615493,-6.8474754307847592],[115.43541591191389,-6.8475024870438927],[115.4354068883179,-6.8475025704540515],[115.43540697177281,-6.8475115892071976],[115.43539794817652,-6.8475116726172987],[115.43539803163139,-6.8475206913705504],[115.4353890080348,-6.8475207747805946],[115.4353889245801,-6.8475117560272309],[115.43537087738696,-6.8475119228465919],[115.43537129465987,-6.8475570166144752],[115.4353532474646,-6.8475571834342714],[115.43535308055579,-6.8475391459267048],[115.4353440569583,-6.8475392293361281],[115.43534380659638,-6.84751217307437],[115.43535283019338,-6.8475120896652788],[115.43535266328566,-6.8474940521576499],[115.43534363968901,-6.8474941355665209],[115.43534355623551,-6.8474851168125888],[115.43535257983197,-6.8474850334038297],[115.43535249637841,-6.8474760146500051],[115.43536151997458,-6.8474759312411893],[115.43536143652095,-6.8474669124874534],[115.43537046011686,-6.8474668290785807],[115.43537037666317,-6.8474578103249861],[115.43536135306744,-6.8474578937337487],[115.43536118616073,-6.8474398562262895],[115.43538825694658,-6.8474396060001617],[115.4353881734929,-6.8474305872467589],[115.43539719708781,-6.8474305038378231],[115.43539736399562,-6.8474485413444039],[115.43540638759073,-6.8474484579350792],[115.43540613722867,-6.8474214016755175],[115.43542418441756,-6.8474212348570278],[115.43542410096342,-6.8474122161040762],[115.43543312455752,-6.8474121326946893],[115.43543304110332,-6.8474031139418265],[115.43544206469714,-6.8474030305323828],[115.4354419812429,-6.8473940117796275],[115.43543295764925,-6.8473940951889603],[115.4354328741953,-6.8473850764360886]],[[115.43610003554743,-6.8473157724861462],[115.43613612988267,-6.8473154388015214],[115.43613621334897,-6.8473244575457901],[115.43612718976514,-6.8473245409673105],[115.43612727323142,-6.8473335597116547],[115.43611824964732,-6.8473336431331155],[115.43611833311353,-6.8473426618775814],[115.43610930952914,-6.8473427452989872],[115.43610914259719,-6.8473247078098458],[115.43610011901306,-6.8473247912308599],[115.43610003554743,-6.8473157724861462]],[[115.43568511747866,-6.8473376471653298],[115.43567609388906,-6.8473377305785439],[115.43567617734699,-6.8473467493284428],[115.43566715375708,-6.8473468327415983],[115.43566723721499,-6.8473558514916046],[115.43567626080504,-6.8473557680783381],[115.4356764277215,-6.8473738055781306],[115.43565838054062,-6.8473739724049398],[115.43565829708267,-6.8473649536548145],[115.4356492734922,-6.8473650370678563],[115.43564919003454,-6.8473560183176323],[115.43565821362483,-6.8473559349047033],[115.43565804670949,-6.847337897404465],[115.43564902311954,-6.8473379808171728],[115.4356489396622,-6.8473289620669542],[115.43568503402064,-6.8473286284155543],[115.43568511747866,-6.8473376471653298]],[[115.43600102650792,-6.8473437463427134],[115.43601005009366,-6.8473436629233282],[115.43601013355794,-6.847352681669121],[115.43600110997207,-6.8473527650886163],[115.43600102650792,-6.8473437463427134]],[[115.43558635872608,-6.8473926772074005],[115.43559538231779,-6.8473925937952043],[115.43559554923213,-6.8474106312969427],[115.43558652564006,-6.8474107147093601],[115.43558635872608,-6.8473926772074005]],[[115.4361372149535,-6.8474326824764695],[115.43614623853921,-6.8474325990534499],[115.43614632200716,-6.8474416177975357],[115.4361643691786,-6.8474414509507708],[115.43616445264699,-6.8474504696946301],[115.4361734762327,-6.8474503862708849],[115.43617355970137,-6.8474594050146127],[115.43615551252947,-6.8474595718621565],[115.43615559599795,-6.8474685906061348],[115.43613754882529,-6.8474687574532274],[115.4361372149535,-6.8474326824764695]],[[115.43559604997782,-6.8474647438020328],[115.43558702638474,-6.8474648272151146],[115.435586942927,-6.8474558084641801],[115.43559596651991,-6.8474557250512094],[115.43559604997782,-6.8474647438020328]],[[115.43559588306213,-6.8474467063003646],[115.43558685946941,-6.8474467897132252],[115.43558677601187,-6.8474377709622649],[115.43559579960446,-6.8474376875495162],[115.43559588306213,-6.8474467063003646]],[[115.43555109892569,-6.8474831983685522],[115.43555101546842,-6.8474741796171665],[115.43556003906214,-6.847474096204647],[115.43556012251956,-6.8474831149559225],[115.43555109892569,-6.8474831983685522],[115.43555118238309,-6.8474922171199344],[115.43554215878893,-6.8474923005325072],[115.43554207533171,-6.8474832817810141],[115.43555109892569,-6.8474831983685522]],[[115.4353350333607,-6.8475393127453827],[115.43532600976299,-6.8475393961544704],[115.43532592630926,-6.8475303774003224],[115.43533494990679,-6.8475302939913467],[115.4353350333607,-6.8475393127453827]],[[115.43578329198751,-6.847219485877079],[115.43577426840133,-6.8472195692907025],[115.43577435185968,-6.8472285880394397],[115.43576532827323,-6.8472286714530055],[115.4357654117315,-6.8472376902018484],[115.43574736455793,-6.8472378570286976],[115.43574711418441,-6.8472108007814727],[115.4357832085291,-6.8472104671284315],[115.43578329198751,-6.847219485877079]],[[115.43549462062714,-6.8472311737817133],[115.43546754985697,-6.8472314240062504],[115.43546746640436,-6.8472224052537447],[115.43545844281422,-6.8472224886614761],[115.43545835936189,-6.8472134699088381],[115.43547640654167,-6.8472133030934277],[115.43547648999434,-6.8472223218458437],[115.43549453717402,-6.8472221550295389],[115.43549462062714,-6.8472311737817133]],[[115.4357374229416,-6.8471387342006951],[115.43572839935636,-6.8471388176124774],[115.43572831589999,-6.8471297988631434],[115.43571929231484,-6.8471298822746487],[115.43571920885874,-6.8471208635251983],[115.43573725602863,-6.847120696702242],[115.4357374229416,-6.8471387342006951]],[[115.43554776072236,-6.8471224483096993],[115.43552068996026,-6.8471226985332754],[115.43552043960379,-6.8470956422775808],[115.43553848677762,-6.8470954754626963],[115.43553857023001,-6.8471044942143786],[115.43555661740373,-6.8471043273985988],[115.43555670085655,-6.8471133461500528],[115.43554767726957,-6.8471134295581377],[115.43554776072236,-6.8471224483096993]],[[115.43451346831755,-6.8475018084622929],[115.43450444471047,-6.8475018918555053],[115.4345043612726,-6.847492873091265],[115.43451338487954,-6.8474927896981637],[115.43451346831755,-6.8475018084622929]],[[115.43446759935038,-6.8474210565443538],[115.43445857574424,-6.8474211399357277],[115.43445840887237,-6.8474031024060533],[115.43444938526645,-6.8474031857970363],[115.43444930183082,-6.8473941670320819],[115.43446734904224,-6.8473940002501692],[115.43446759935038,-6.8474210565443538]],[[115.43443877640635,-6.8472319126508587],[115.43442072920037,-6.847232079427771],[115.43442064576739,-6.8472230606623841],[115.43443869297306,-6.8472228938856938],[115.43443877640635,-6.8472319126508587]],[[115.43423073293535,-6.847179717938463],[115.43422170933083,-6.8471798013224658],[115.43422137561718,-6.8471437262510824],[115.43421235201322,-6.8471438096344732],[115.43421226858526,-6.8471347908665106],[115.43420324498136,-6.8471348742496225],[115.4342030781261,-6.8471168367134609],[115.43419405452244,-6.847116920096183],[115.43419388766796,-6.8470988825597825],[115.43421193487451,-6.8470987157946128],[115.43421185144712,-6.8470896970266262],[115.43422087505007,-6.8470896136438988],[115.43422079162262,-6.8470805948760196],[115.43423883882782,-6.8470804281102833],[115.43423850511779,-6.8470443530396095],[115.43422045791391,-6.8470445198044594],[115.43422037448703,-6.8470355010365589],[115.43421135088508,-6.8470355844186201],[115.43421126745847,-6.8470265656506051],[115.43423833826343,-6.8470263155042463],[115.43423842169054,-6.847035334271931],[115.43425646889364,-6.8470351675066281],[115.43425663574889,-6.8470532050415391],[115.43426565935063,-6.8470531216584147],[115.43426574277859,-6.8470621404257352],[115.43427476638034,-6.8470620570423311],[115.4342745995242,-6.847044019507889],[115.43428362312551,-6.8470439361245381],[115.43428370655369,-6.8470529548916588],[115.43429273015506,-6.8470528715080281],[115.43429281358354,-6.8470618902750164],[115.43430183718498,-6.8470618068911078],[115.43430192061372,-6.8470708256580153],[115.43429289701211,-6.8470709090420359],[115.4342929804408,-6.8470799278090322],[115.43428395683891,-6.847080011192995],[115.43428387341039,-6.8470709924258877],[115.43426582620664,-6.8470711591930851],[115.43426607649154,-6.8470982154950599],[115.434257052889,-6.8470982988787394],[115.43425696946073,-6.8470892801113097],[115.43423892225563,-6.8470894468779395],[115.43423900568354,-6.8470984656455949],[115.43424802928631,-6.8470983822622511],[115.43424827957121,-6.8471254385648512],[115.43423925596792,-6.8471255219485263],[115.43423933939629,-6.8471345407161621],[115.43423031579272,-6.8471346240997795],[115.43423073293535,-6.847179717938463]],[[115.43415779325346,-6.8470992160881021],[115.43414876964957,-6.8470992994697619],[115.43414868622335,-6.8470902807009999],[115.43415770982708,-6.8470901973194511],[115.43415779325346,-6.8470992160881021]],[[115.4342662433487,-6.8471162530296885],[115.43427526695149,-6.8471161696456191],[115.43427535038039,-6.8471251884128161],[115.43426632677746,-6.8471252717969966],[115.4342662433487,-6.8471162530296885]],[[115.43428454084173,-6.8471431425626257],[115.43431161165059,-6.8471428924079047],[115.43431177851055,-6.8471609299413805],[115.43428470770068,-6.8471611800967667],[115.43428454084173,-6.8471431425626257]],[[115.4343208021136,-6.8471608465559148],[115.43432982571653,-6.8471607631702813],[115.43432990914704,-6.8471697819367909],[115.43432088554393,-6.8471698653225355],[115.4343208021136,-6.8471608465559148]],[[115.43414743484354,-6.8469549991690526],[115.43411134043755,-6.8469553326869121],[115.4341112570138,-6.8469463139176376],[115.43414735141911,-6.8469459804002204],[115.43414743484354,-6.8469549991690526]],[[115.43408368567157,-6.8468924514361946],[115.43410173287307,-6.8468922846801634],[115.434101899719,-6.8469103222189833],[115.43411092331992,-6.8469102388404934],[115.43411117359015,-6.8469372951483578],[115.43410214998873,-6.8469373785271808],[115.43410206656537,-6.8469283597577855],[115.43409304296399,-6.8469284431363295],[115.43409295954092,-6.8469194243668197],[115.43405686513498,-6.8469197578788652],[115.4340566982905,-6.8469017203389466],[115.43408376909413,-6.846901470205828],[115.43408368567157,-6.8468924514361946],[115.43407466207061,-6.846892534813958],[115.43407457864834,-6.8468835160442092],[115.4340836022491,-6.8468834326665577],[115.43408368567157,-6.8468924514361946]],[[115.43405895072871,-6.8471452271263793],[115.43406797433458,-6.8471451437458493],[115.43406805775996,-6.8471541625155821],[115.43405903415393,-6.8471542458962222],[115.43405895072871,-6.8471452271263793]],[[115.4339958689085,-6.8471548295559952],[115.4340319633351,-6.8471544960371347],[115.43403204675994,-6.8471635148073071],[115.43399595233264,-6.84716384832661],[115.4339958689085,-6.8471548295559952]],[[115.43511127930634,-6.8477398105703475],[115.43512030291043,-6.8477397271628631],[115.4351203863629,-6.8477487459194597],[115.43511136275862,-6.8477488293270561],[115.43511127930634,-6.8477398105703475]],[[115.43549060441998,-6.8477723823191159],[115.43549962802004,-6.8477722989041157],[115.43549971148003,-6.8477813176560218],[115.43549068787981,-6.8477814010711322],[115.43549060441998,-6.8477723823191159]],[[115.43650575493594,-6.8482500507246353],[115.4365238021289,-6.8482498838447787],[115.43652388561401,-6.8482589025839182],[115.43650583842069,-6.8482590694639969],[115.43650575493594,-6.8482500507246353]],[[115.43791025708899,-6.8488684260805694],[115.43791928067986,-6.8488683426068624],[115.43791936419879,-6.8488773613286131],[115.43791034060774,-6.8488774448024312],[115.43791025708899,-6.8488684260805694]]],[[[115.43276975833317,-6.8463092995883565],[115.4327698417239,-6.8463183183743483],[115.43277886533006,-6.8463182350280283],[115.43277878193918,-6.8463092162421457],[115.43276975833317,-6.8463092995883565]]],[[[115.43276975833317,-6.8463092995883565],[115.43276967494256,-6.8463002808023603],[115.43276065133659,-6.8463003641482896],[115.43276073472705,-6.8463093829343977],[115.43276975833317,-6.8463092995883565]]],[[[115.43277878193918,-6.8463092162421457],[115.43278780554509,-6.8463091328957688],[115.43278772215412,-6.8463001141099937],[115.43277869854839,-6.8463001974562605],[115.43277878193918,-6.8463092162421457]]],[[[115.43278772215412,-6.8463001141099937],[115.43279674575975,-6.8463000307635582],[115.43279682915086,-6.8463090495492223],[115.4328148763621,-6.8463088828556238],[115.43281495975367,-6.8463179016410631],[115.43282398335927,-6.8463178182939011],[115.43282423353517,-6.8463448746498576],[115.43285130435287,-6.8463446246063633],[115.43285147113838,-6.8463626621763307],[115.43287854195606,-6.8463624121306568],[115.43287862534949,-6.8463714309152763],[115.43288764895533,-6.8463713475662722],[115.432887732349,-6.8463803663507932],[115.43289675595494,-6.8463802830015075],[115.43289667256106,-6.8463712642170984],[115.43291471977216,-6.8463710975182464],[115.43291480316638,-6.8463801163024351],[115.43292382677195,-6.8463800329526459],[115.43292391016644,-6.8463890517367192],[115.43293293377204,-6.8463889683866501],[115.43293285037738,-6.8463799496026887],[115.43294187398273,-6.8463798662525619],[115.43294179058803,-6.8463708474687053],[115.43296886140286,-6.8463705974176499],[115.43296894479806,-6.8463796162011743],[115.43297796840294,-6.8463795328503743],[115.43297821858977,-6.8464065892006039],[115.43298724219504,-6.8464065058493038],[115.43298732559104,-6.8464155246325715],[115.43299634919639,-6.8464154412809934],[115.43299643259267,-6.8464244600641626],[115.43300545619807,-6.8464243767123039],[115.43300553959463,-6.8464333954953576],[115.43301456320008,-6.8464333121432199],[115.43301414621753,-6.8463882182284586],[115.43304121703068,-6.8463879681727002],[115.43304113363399,-6.8463789493900657],[115.43302308642568,-6.8463791160938525],[115.43302283623733,-6.8463520597452625],[115.43300478902958,-6.8463522264477117],[115.4330046222386,-6.846334188881519],[115.43301364584218,-6.8463341055306017],[115.4330137292378,-6.8463431243135879],[115.4330408000484,-6.8463428742594905],[115.4330407166523,-6.8463338554768365],[115.43303169304902,-6.8463339388282591],[115.4330316096532,-6.8463249200454896],[115.4330406332563,-6.8463248366941771],[115.43304054986041,-6.8463158179115124],[115.43302250265444,-6.8463159846137485],[115.433022419259,-6.8463069658308591],[115.43301339565603,-6.8463070491816129],[115.43301331226088,-6.8462980303986072],[115.43300428865794,-6.846298113749083],[115.43300420526306,-6.8462890949659636],[115.43301322886582,-6.8462890116155988],[115.43301314547088,-6.846279992832585],[115.43298607466278,-6.846280242882842],[115.43298599126848,-6.8462712240994907],[115.43299501487114,-6.8462711407496846],[115.43299493147676,-6.8462621219664408],[115.43298590787425,-6.8462622053161359],[115.43298582448017,-6.8462531865327767],[115.43294070646698,-6.8462536032781758],[115.43294062307386,-6.8462445844942401],[115.4328503870407,-6.8462454179713044],[115.43285047043214,-6.8462544367563476],[115.43284144682804,-6.8462545201032388],[115.43284153021943,-6.8462635388883717],[115.43283250661506,-6.8462636222352051],[115.43283267339784,-6.846281659805677],[115.43282364979301,-6.8462817431525647],[115.43282373318441,-6.8462907619379054],[115.43278763876329,-6.8462910953242142],[115.43278772215412,-6.8463001141099937]],[[115.43286935156411,-6.8463444579098596],[115.43287837516955,-6.8463443745613546],[115.43287845856275,-6.846353393345999],[115.43286943495713,-6.846353476694615],[115.43286935156411,-6.8463444579098596]]],[[[115.43214496142942,-6.8460805614342188],[115.4321269142103,-6.8460807280971432],[115.43212699758614,-6.8460897468910993],[115.43211797397625,-6.8460898302224198],[115.43211805735204,-6.8460988490165171],[115.43210001013156,-6.8460990156788748],[115.43210009350715,-6.8461080344731702],[115.43208204628586,-6.8461082011350776],[115.4320821296612,-6.8461172199295914],[115.43207310605025,-6.8461173032604012],[115.43207327280093,-6.8461353408496377],[115.43206424918952,-6.8461354241805026],[115.43206449931587,-6.8461624805646721],[115.4320825465396,-6.8461623139021102],[115.43208229641223,-6.846135257518605],[115.43209132002343,-6.8461351741874035],[115.43209123664769,-6.8461261553930104],[115.43215440192172,-6.8461255720706626],[115.43215448529861,-6.8461345908642803],[115.43217253251908,-6.8461344241990165],[115.43217236576469,-6.8461163866122181],[115.43218138937443,-6.8461163032795556],[115.43218130599723,-6.8461072844862603],[115.43215423516821,-6.8461075344834121],[115.43215406841517,-6.8460894968961279],[115.43214504480559,-6.8460895802279538],[115.43214496142942,-6.8460805614342188]]],[[[115.43180198081947,-6.8460747091166958],[115.43180189744993,-6.846065690318726],[115.43179287383649,-6.8460657736436552],[115.43179295720587,-6.846074792441736],[115.43180198081947,-6.8460747091166958]]],[[[115.43466235620689,-6.8460369936754333],[115.43461155620159,-6.8460216983506177],[115.43459904535261,-6.8460218139497879],[115.43459912877412,-6.8460308327134314],[115.43459010519575,-6.8460309160904265],[115.43459027203882,-6.8460489536178875],[115.43458124845996,-6.8460490369949367],[115.4345813318815,-6.8460580557587711],[115.43457230830234,-6.8460581391357627],[115.43457289225508,-6.846121270483259],[115.43458191583542,-6.8461211871054903],[115.43458199925783,-6.8461302058692892],[115.43459102283819,-6.8461301224912425],[115.4345912731067,-6.8461571787822821],[115.43460029668745,-6.8461570954037345],[115.43460038011068,-6.8461661141672936],[115.43461842727221,-6.8461659474094718],[115.43461867754357,-6.8461930036994616],[115.43462770112467,-6.8461929203199645],[115.43462778454884,-6.8462019390831754],[115.43463680812999,-6.8462018557033995],[115.43463697497904,-6.846219893229585],[115.4346459985604,-6.8462198098494191],[115.43464608198525,-6.8462288286123787],[115.4346551055667,-6.8462287452319339],[115.43465518899184,-6.8462377639948109],[115.43470030689819,-6.8462373470895068],[115.43470022347221,-6.846228328327185],[115.43471827063362,-6.846228161564107],[115.43471818720742,-6.8462191428020356],[115.43470916362693,-6.8462192261835479],[115.434709080201,-6.8462102074213442],[115.43472712736153,-6.8462100406583737],[115.43472696050935,-6.8461920031343961],[115.4347179369295,-6.8461920865157442],[115.43471785350376,-6.8461830677536559],[115.43470882992392,-6.8461831511347233],[115.43470866307312,-6.8461651136102608],[115.43471768665259,-6.8461650302294119],[115.43471760322717,-6.8461560114672935],[115.43472662680637,-6.8461559280863886],[115.43472612625526,-6.8461018155142472],[115.43471710267708,-6.8461018988944859],[115.43471693582792,-6.8460838613701824],[115.43470791224996,-6.8460839447500312],[115.43470774540162,-6.846065907225471],[115.43469872182388,-6.8460659906049308],[115.43469863840006,-6.8460569718425583],[115.43468059124459,-6.8460571386007505],[115.43468045531166,-6.8460424431156799],[115.43466968504627,-6.8460392003080166],[115.43466237724267,-6.846039267832591],[115.43466235620689,-6.8460369936754333]]],[[[115.43170238759345,-6.8460395504860942],[115.43170230422616,-6.846030531686889],[115.43169328061219,-6.846030615009524],[115.43169336397926,-6.8460396338088394],[115.43170238759345,-6.8460395504860942]]],[[[115.43181977793702,-6.8460474860728375],[115.43181961119802,-6.8460294484773252],[115.43181058758547,-6.8460295318021487],[115.43181075432413,-6.8460475693978804],[115.43181977793702,-6.8460474860728375]]],[[[115.43180156397281,-6.8460296151268043],[115.43180148060381,-6.8460205963288105],[115.43179245699122,-6.8460206796531855],[115.43179254036004,-6.8460296984512885],[115.43180156397281,-6.8460296151268043]]],[[[115.43173823194556,-6.8460121607971294],[115.431702137492,-6.8460124940884644],[115.43170222085905,-6.8460215128876785],[115.43172026808638,-6.8460213462421269],[115.43172035145386,-6.8460303650411163],[115.4317293750675,-6.8460302817179759],[115.43172945843529,-6.8460393005168507],[115.43173848204901,-6.8460392171934323],[115.43173839868108,-6.8460301983946694],[115.43174742229452,-6.8460301150711933],[115.43174733892653,-6.846021096272537],[115.43173831531327,-6.8460211795959012],[115.43173823194556,-6.8460121607971294]]],[[[115.43173823194556,-6.8460121607971294],[115.43174725555866,-6.8460120774738762],[115.43174717219091,-6.8460030586752278],[115.43173814857798,-6.8460031419983709],[115.43173823194556,-6.8460121607971294]]],[[[115.43163888882823,-6.8460040585418414],[115.43163880546258,-6.8459950397418261],[115.43162978184847,-6.8459951230628384],[115.43162986521395,-6.8460041418629647],[115.43163888882823,-6.8460040585418414]]],[[[115.43158458041168,-6.8459865208647113],[115.43158441368301,-6.8459684832633618],[115.43157539006872,-6.845968566583033],[115.43157555679704,-6.8459866041846045],[115.43158458041168,-6.8459865208647113]]],[[[115.4308172393676,-6.8459575272142956],[115.43081715601798,-6.8459485084041907],[115.43079910877118,-6.8459486750140854],[115.43079919212049,-6.8459576938244124],[115.4308172393676,-6.8459575272142956]]],[[[115.43164732888418,-6.8459408436212241],[115.43162928165809,-6.8459410102620888],[115.43162936502287,-6.8459500290622248],[115.43163838863613,-6.845949945741765],[115.4316384720012,-6.8459589645418033],[115.43164749561456,-6.8459588812210654],[115.43164732888418,-6.8459408436212241]]],[[[115.43159302047663,-6.8459233059406275],[115.43159310384051,-6.8459323247412156],[115.43161115106719,-6.8459321581019195],[115.43161106770297,-6.8459231393015525],[115.43159302047663,-6.8459233059406275]]],[[[115.43115077993555,-6.8459183695816463],[115.43116882717256,-6.8459182029592878],[115.43116874381681,-6.8459091841534843],[115.4311236257243,-6.8459096007075653],[115.4311237090792,-6.8459186195139221],[115.4311417563169,-6.8459184528925734],[115.43114183967224,-6.8459274716987037],[115.43115086329108,-6.8459273883876666],[115.43115077993555,-6.8459183695816463]]],[[[115.43151172459032,-6.8459150370065469],[115.43151155786614,-6.8458969994033545],[115.4315025342523,-6.8458970827207928],[115.43150270097614,-6.8459151203242063],[115.43151172459032,-6.8459150370065469]]],[[[115.43154781904592,-6.8459147037342243],[115.43154765232038,-6.8458966661319192],[115.43152960509349,-6.8458968327679735],[115.43152977181835,-6.8459148703707218],[115.43154781904592,-6.8459147037342243]]],[[[115.43159302047663,-6.8459233059406275],[115.43159285374919,-6.8459052683394388],[115.43158383013619,-6.8459053516585024],[115.4315837467728,-6.84589633285779],[115.43156569954682,-6.8458964994951916],[115.43156586627302,-6.8459145370970536],[115.43157488988641,-6.8459144537782164],[115.43157497324984,-6.8459234725790301],[115.43159302047663,-6.8459233059406275]]],[[[115.43161992458751,-6.845905018381238],[115.43161984122344,-6.8458959995809687],[115.43161081761097,-6.8458960829004276],[115.43161090097486,-6.8459051017008061],[115.43161992458751,-6.845905018381238]]],[[[115.43123132564631,-6.8458454693353694],[115.43121327841355,-6.8458456359583133],[115.43121344512528,-6.8458636735688847],[115.43123149235869,-6.8458635069454985],[115.43123132564631,-6.8458454693353694]]],[[[115.43115913671262,-6.8458461358231029],[115.43115905335794,-6.8458371170171715],[115.43115002974089,-6.8458372003272716],[115.43115011309543,-6.8458462191333123],[115.43115913671262,-6.8458461358231029]]],[[[115.43050066238838,-6.8458792734681433],[115.43050057904567,-6.8458702546541232],[115.43050960267132,-6.845870171355811],[115.43050951932852,-6.8458611525418966],[115.43050049570307,-6.8458612358400979],[115.43050041236056,-6.8458522170260512],[115.43049138873515,-6.8458523003239735],[115.4304912220508,-6.8458342626956972],[115.43046415117489,-6.84583451258779],[115.43046423451649,-6.8458435314022719],[115.43047325814207,-6.845843448104965],[115.43047342482596,-6.8458614857336935],[115.43048244845177,-6.8458614024359967],[115.43048261513644,-6.8458794400644853],[115.43050066238838,-6.8458792734681433]]],[[[115.43069015850686,-6.8458775241659158],[115.43070820575366,-6.8458773575618324],[115.43070828910038,-6.8458863763733016],[115.43069926547686,-6.8458864596755378],[115.43069934882352,-6.8458954784870967],[115.43071739607073,-6.8458953118822334],[115.43071697933691,-6.8458502178254212],[115.43070795571421,-6.845850301127383],[115.43070787236795,-6.845841282315912],[115.43069884874527,-6.8458413656175949],[115.43069868205345,-6.8458233279943874],[115.43067161118574,-6.8458235778977627],[115.43067169453111,-6.8458325967097],[115.43063560003867,-6.8458329299122855],[115.43063576672839,-6.8458509675370181],[115.43062674310463,-6.8458510508374655],[115.4306268264495,-6.8458600696499614],[115.43061780282548,-6.8458601529503511],[115.43061788617028,-6.8458691717629359],[115.43060886254601,-6.8458692550632678],[115.43060894589074,-6.84587827387596],[115.43058187501664,-6.8458785237762774],[115.43058179167242,-6.8458695049632539],[115.43056374442283,-6.8458696715624034],[115.43056357773534,-6.8458516339358821],[115.43054553048597,-6.8458518005339153],[115.43054561382932,-6.8458608193474078],[115.43053659020431,-6.8458609026462813],[115.43053650686113,-6.8458518838326787],[115.43052748323615,-6.8458519671312752],[115.43052756657914,-6.8458609859449888],[115.43051854295389,-6.8458610692435267],[115.43051870963993,-6.8458791068711298],[115.43050066238838,-6.8458792734681433],[115.43050074573124,-6.8458882922821598],[115.43053684023448,-6.8458879590870154],[115.43053675689097,-6.8458789402734421],[115.43054578051635,-6.8458788569743465],[115.43054586386,-6.8458878757878088],[115.43057293473593,-6.8458876258891772],[115.43057310142466,-6.845905663515425],[115.43058212505005,-6.8459055802153239],[115.43058229173954,-6.8459236178413319],[115.43061838624146,-6.8459232846383555],[115.43061813620537,-6.8458962282006492],[115.43068130157583,-6.8458956450912867],[115.43068121822949,-6.8458866262795066],[115.43069024185324,-6.8458865429776061],[115.43069015850686,-6.8458775241659158],[115.43068113488329,-6.8458776074677052],[115.43068105153722,-6.8458685886558994],[115.4306720279137,-6.84586867195741],[115.43067194456788,-6.8458596531454887],[115.43069901543758,-6.8458594032407847],[115.43069909878389,-6.8458684220523738],[115.4306900751606,-6.8458685053542219],[115.43069015850686,-6.8458775241659158]],[[115.43060017230057,-6.8459054136146156],[115.43060008895563,-6.8458963948018088],[115.43060911258058,-6.8458963115013134],[115.43060919592567,-6.8459053303140083],[115.43060017230057,-6.8459054136146156],[115.43060025564559,-6.8459144324274002],[115.43059123202023,-6.8459145157279497],[115.43059114867538,-6.8459054969150541],[115.43060017230057,-6.8459054136146156]]],[[[115.43046398449202,-6.8458164749588155],[115.43046390115074,-6.8458074561443381],[115.43045487752573,-6.8458075394410329],[115.43045496086683,-6.8458165582556205],[115.43046398449202,-6.8458164749588155]]],[[[115.43063551669397,-6.8458239110999042],[115.43063535000493,-6.845805873475145],[115.43062632638204,-6.8458059567750391],[115.43062649307073,-6.8458239944000194],[115.43063551669397,-6.8458239110999042]]],[[[115.43117685052734,-6.8458098939792622],[115.43117676717276,-6.8458008751735333],[115.43116774355661,-6.845800958483526],[115.43116782691101,-6.845809977289365],[115.43117685052734,-6.8458098939792622]]],[[[115.43056324436176,-6.8458155586828378],[115.43056307767564,-6.8457975210562818],[115.43055405405202,-6.8457976043547184],[115.43055422073779,-6.8458156419814964],[115.43056324436176,-6.8458155586828378]]],[[[115.43040065243324,-6.8457990204023798],[115.43040056909336,-6.8457900015871012],[115.43038252184229,-6.8457901681775253],[115.43038260518182,-6.845799186993025],[115.43040065243324,-6.8457990204023798]]],[[[115.43042772330948,-6.8457987705151506],[115.43042763996912,-6.8457897517002042],[115.43041861634399,-6.8457898349960056],[115.43041869968417,-6.8457988538110621],[115.43042772330948,-6.8457987705151506]]],[[[115.4307615140203,-6.8457866696372571],[115.43076143067383,-6.8457776508264043],[115.43075240705302,-6.8457777341283208],[115.43075249039933,-6.8457867529392846],[115.4307615140203,-6.8457866696372571]]],[[[115.43128480048867,-6.8457728190272107],[115.4312757768744,-6.8457729023388909],[115.43127586023047,-6.8457819211434314],[115.43128488384494,-6.8457818378316393],[115.43128480048867,-6.8457728190272107]]],[[[115.43128480048867,-6.8457728190272107],[115.43129382410285,-6.8457727357153635],[115.43129374074654,-6.8457637169110424],[115.43128471713254,-6.8457638002227794],[115.43128480048867,-6.8457728190272107]]],[[[115.43049957894175,-6.8457620288855505],[115.43047250807021,-6.8457622787754895],[115.43047267475205,-6.8457803164042801],[115.43046365112762,-6.8457803997008106],[115.43046373446856,-6.8457894185153183],[115.43047275809315,-6.8457893352186758],[115.43047284143434,-6.8457983540330689],[115.43049088868351,-6.8457981874390583],[115.43049080534196,-6.8457891686248864],[115.43050885259032,-6.8457890020304255],[115.43050868590689,-6.8457709644025115],[115.43049966228311,-6.845771047699607],[115.43049957894175,-6.8457620288855505]]],[[[115.43092368913055,-6.8457581137453936],[115.43090564189355,-6.8457582803546764],[115.43090580859156,-6.8457763179728337],[115.43092385582925,-6.8457761513631086],[115.43092393917877,-6.8457851701719674],[115.43094198641634,-6.8457850035613479],[115.4309420697663,-6.8457940223699802],[115.43095109338512,-6.8457939390643068],[115.43095092668494,-6.8457759014472579],[115.4309419030665,-6.8457759847527093],[115.43094181971675,-6.8457669659440681],[115.43092377247984,-6.8457671325542453],[115.43092368913055,-6.8457581137453936]]],[[[115.43036439125169,-6.845781315951549],[115.43036414123516,-6.8457542595043455],[115.43035511760991,-6.845754342798525],[115.43035520094845,-6.8457633616143916],[115.43034617732293,-6.8457634449085134],[115.43034626066142,-6.8457724637244528],[115.43033723703563,-6.8457725470185178],[115.43033732037409,-6.8457815658345789],[115.43036439125169,-6.845781315951549]]],[[[115.43075232370683,-6.8457687153173534],[115.43075215701474,-6.8457506776954045],[115.43074313339433,-6.8457507609968209],[115.43074330008605,-6.8457687986189919],[115.43075232370683,-6.8457687153173534]]],[[[115.43048128167169,-6.8457351390360843],[115.43045421080099,-6.8457353889240169],[115.43045429414119,-6.8457444077386569],[115.43046331776503,-6.8457443244427374],[115.43046340110551,-6.8457533432572628],[115.43048144835322,-6.8457531766646964],[115.43048128167169,-6.8457351390360843]]],[[[115.43089645157762,-6.8457403260406355],[115.43089628488083,-6.8457222884222038],[115.43088726126274,-6.8457223717259819],[115.43088742795916,-6.8457404093446348],[115.43089645157762,-6.8457403260406355]]],[[[115.4309323793522,-6.84572195520541],[115.43092335573451,-6.8457220385098614],[115.43092352243232,-6.8457400761276288],[115.43094156966821,-6.8457399095181151],[115.43094148631891,-6.8457308907094561],[115.43093246270121,-6.8457309740141854],[115.4309323793522,-6.84572195520541]]],[[[115.43029161888154,-6.8457188505865263],[115.43028259525606,-6.8457189338789153],[115.43028276192972,-6.8457369715124177],[115.43027373830377,-6.8457370548048608],[115.43027382164061,-6.8457460736217159],[115.43028284526672,-6.8457459903291618],[115.43028292860382,-6.8457550091459023],[115.43030097585601,-6.8457548425600674],[115.43030089251856,-6.8457458237435489],[115.43029186889268,-6.8457459070364397],[115.43029161888154,-6.8457188505865263]]],[[[115.43047217470784,-6.845726203517807],[115.43047209136752,-6.8457171847033793],[115.43046306774428,-6.8457172679991363],[115.43046315108442,-6.8457262868136741],[115.43047217470784,-6.845726203517807]]],[[[115.43061646932394,-6.8457158519483894],[115.43058037483753,-6.8457161851411774],[115.4305805415223,-6.8457342227673692],[115.43056249427777,-6.8457343893631961],[115.43056257761998,-6.8457434081765074],[115.43057160124248,-6.8457433248785664],[115.4305718512703,-6.8457703813181414],[115.43058087489318,-6.8457702980197022],[115.43058079155028,-6.8457612792066422],[115.43059883879542,-6.8457611126094777],[115.43059892213864,-6.8457701314223147],[115.43060794576122,-6.8457700481233701],[115.43060786241782,-6.8457610293106432],[115.43063493328428,-6.845760779413129],[115.43063476659684,-6.8457427417882757],[115.4306257429751,-6.8457428250873935],[115.43062557628842,-6.8457247874623173],[115.43061655266693,-6.8457248707610452],[115.43061646932394,-6.8457158519483894]]],[[[115.43026438133222,-6.8457010628292281],[115.43025535770674,-6.8457011461208923],[115.43025544104277,-6.8457101649379872],[115.43026446466843,-6.845710081646212],[115.43026438133222,-6.8457010628292281]]],[[[115.43063451656646,-6.845715685350986],[115.43063434988014,-6.8456976477261051],[115.43062532625926,-6.8456977310246705],[115.43062549294527,-6.8457157686497725],[115.43063451656646,-6.845715685350986]]],[[[115.43026438133222,-6.8457010628292281],[115.43027340495759,-6.8457009795373969],[115.43027323828515,-6.8456829419036378],[115.43026421466013,-6.8456830251952487],[115.43026438133222,-6.8457010628292281]]],[[[115.43084172643552,-6.8456776941928688],[115.43084180978228,-6.8456867130027552],[115.43085083340029,-6.8456866297002632],[115.43085075005334,-6.845677610890486],[115.43084172643552,-6.8456776941928688]]],[[[115.42994805439399,-6.8456498650120476],[115.42994797106445,-6.8456408461911735],[115.42995699469257,-6.8456407629060072],[115.42995682803351,-6.8456227252644366],[115.42993878077783,-6.8456228918341582],[115.42993894743623,-6.8456409294761729],[115.42992992380788,-6.8456410127610008],[115.42993000713706,-6.8456500315820961],[115.42994805439399,-6.8456498650120476]]],[[[115.42997487528874,-6.8456225586940427],[115.42997479195905,-6.8456135398734723],[115.42996576833167,-6.8456136231586431],[115.42996585166121,-6.8456226419793245],[115.42997487528874,-6.8456225586940427]]],[[[115.43088559432299,-6.8455419955384915],[115.43088551097719,-6.8455329767290714],[115.43089453459177,-6.8455328934276194],[115.43089445124589,-6.8455238746183058],[115.43087640401696,-6.8455240412208198],[115.43087657070812,-6.8455420788398857],[115.43088559432299,-6.8455419955384915]]],[[[115.42992875721094,-6.845514749264983],[115.42992900719415,-6.8455418057284882],[115.42993803082065,-6.8455417224448762],[115.42993778083697,-6.8455146659817023],[115.42992875721094,-6.845514749264983]]],[[[115.42954968149745,-6.8455092281848966],[115.42954976481788,-6.8455182470107223],[115.42955878844859,-6.8455181637345133],[115.42955870512799,-6.845509144908795],[115.42954968149745,-6.8455092281848966]]],[[[115.42992875721094,-6.845514749264983],[115.42992867388345,-6.8455057304438052],[115.42991965025752,-6.8455058137268052],[115.42991973358487,-6.8455148325480932],[115.42992875721094,-6.845514749264983]]],[[[115.42954968149745,-6.8455092281848966],[115.42954959817712,-6.8455002093590629],[115.42954057454665,-6.8455002926348838],[115.4295406578668,-6.8455093114608259],[115.42954968149745,-6.8455092281848966]]],[[[115.43000971985408,-6.8454869432488401],[115.42997362535505,-6.8454872763850041],[115.42997387533978,-6.8455143328469035],[115.42998289896521,-6.8455142495627843],[115.42998298229385,-6.8455232683832916],[115.43001005316995,-6.8455230185295886],[115.43000971985408,-6.8454869432488401]]],[[[115.42992809059402,-6.8454425986954268],[115.42991004334442,-6.8454427652597074],[115.42991020999732,-6.8454608029025792],[115.42991923362251,-6.8454607196203012],[115.42991931694928,-6.8454697384416106],[115.42993736419969,-6.8454695718763272],[115.42993744752691,-6.8454785906974118],[115.42994647115211,-6.8454785074144073],[115.42994655447961,-6.8454875262353596],[115.42995557810487,-6.8454874429520771],[115.42995541144963,-6.8454694053103724],[115.42994638782471,-6.8454694885934346],[115.42994630449743,-6.8454604697724566],[115.42993728087256,-6.8454605530552399],[115.42993719754557,-6.8454515342341464],[115.42992817392076,-6.8454516175166509],[115.42992809059402,-6.8454425986954268]]],[[[115.42984679464209,-6.8454343294072002],[115.42982874739079,-6.8454344959682292],[115.42982883071554,-6.8454435147906434],[115.42984687796718,-6.8454433482293906],[115.42984679464209,-6.8454343294072002]]],[[[115.42984679464209,-6.8454343294072002],[115.42986484189296,-6.8454341628454962],[115.42986467524244,-6.8454161252015089],[115.42985565161739,-6.8454162084822237],[115.42985573494244,-6.8454252273043288],[115.42984671131711,-6.8454253105849867],[115.42984679464209,-6.8454343294072002]]],[[[115.43026196463097,-6.8454395171347882],[115.43027098825146,-6.8454394338461677],[115.43027073825276,-6.8454123773951601],[115.43026171463281,-6.8454124606834474],[115.4302617979654,-6.8454214795005708],[115.43025277434515,-6.8454215627888022],[115.43025285767771,-6.8454305816060321],[115.43026188129815,-6.8454304983176906],[115.43026196463097,-6.8454395171347882]]],[[[115.42996418509192,-6.8454422655648441],[115.42996410176465,-6.8454332467440917],[115.42997312538867,-6.8454331634611369],[115.42997304206132,-6.8454241446404733],[115.4299820656851,-6.84542406135746],[115.42998189903041,-6.8454060237163432],[115.42996385178348,-6.8454061902817589],[115.42996393511042,-6.8454152091025406],[115.4299549114866,-6.8454152923851064],[115.4299549948135,-6.8454243112059947],[115.42994597118943,-6.8454243944885036],[115.42994613784322,-6.8454424321304721],[115.42996418509192,-6.8454422655648441]]],[[[115.42983752104237,-6.8454073562208153],[115.42983743771789,-6.8453983373984943],[115.42982841409288,-6.8453984206784817],[115.42982849741718,-6.8454074395009137],[115.42983752104237,-6.8454073562208153]]],[[[115.42958452621575,-6.8453736126981894],[115.42957550258809,-6.8453736959731328],[115.4295757525462,-6.8454007524498204],[115.42959379980245,-6.8454005858991005],[115.42959371648264,-6.8453915670737526],[115.42958469285473,-6.8453916503490868],[115.42958452621575,-6.8453736126981894]]],[[[115.42963833469886,-6.8453370377458054],[115.42963825137899,-6.8453280189209975],[115.42962020412656,-6.8453281854716277],[115.42962028744608,-6.8453372042966585],[115.42963833469886,-6.8453370377458054]]],[[[115.42947574277414,-6.845320499025636],[115.42945769551798,-6.8453206655699876],[115.42945777883439,-6.8453296843970142],[115.42946680246267,-6.8453296011248117],[115.42946688577936,-6.8453386199517245],[115.42947590940771,-6.8453385366792432],[115.42947574277414,-6.845320499025636]]],[[[115.43026196463097,-6.8454395171347882],[115.43024391738966,-6.8454396837115246],[115.43024383405717,-6.8454306648942049],[115.43021676319486,-6.8454309147577135],[115.43021684652687,-6.8454399335753662],[115.43019879928444,-6.8454401001504186],[115.43019863262121,-6.8454220625146514],[115.43018960900019,-6.8454221458017042],[115.43018969233157,-6.8454311646197086],[115.43018066871024,-6.8454312479067037],[115.43018091870454,-6.8454583043610251],[115.43016287146052,-6.8454584709351751],[115.43016262146723,-6.8454314144801893],[115.43017164508879,-6.84543133119353],[115.430171395096,-6.8454042747388373],[115.43018041871694,-6.8454041914523431],[115.43018033538605,-6.8453951726342313],[115.43018935900672,-6.8453950893476794],[115.4301892756758,-6.8453860705296394],[115.43015318119316,-6.8453864036743948],[115.43015309786301,-6.8453773848559241],[115.43014407424226,-6.8453774681415824],[115.4301439909124,-6.8453684493229972],[115.43015301453299,-6.8453683660374498],[115.43015293120307,-6.8453593472189711],[115.43014390758265,-6.8453594305044083],[115.43014357426478,-6.8453233552300059],[115.43007138530267,-6.8453240215038891],[115.4300714686306,-6.8453330403233821],[115.43004439776746,-6.8453332901736434],[115.43004448109501,-6.8453423089934651],[115.43001741023035,-6.8453425588425443],[115.43001707692279,-6.8453064835619051],[115.42999000605914,-6.8453067334081421],[115.42999008938537,-6.8453157522286396],[115.42999911300686,-6.8453156689466192],[115.42999927965995,-6.8453337065873807],[115.4300083032817,-6.8453336233049695],[115.43000838660858,-6.8453426421252344],[115.42999936298666,-6.8453427254077557],[115.42999952964045,-6.8453607630484914],[115.42999050601814,-6.845360846331066],[115.42999058934501,-6.8453698651515378],[115.42999961296751,-6.845369781868853],[115.42999969629467,-6.8453788006892093],[115.43000871991725,-6.8453787174062457],[115.43000863658993,-6.8453696985859986],[115.4300176602122,-6.8453696153029773],[115.43001774353971,-6.8453786341231124],[115.43000871991725,-6.8453787174062457],[115.43000896989994,-6.8454057738669567],[115.43001799352291,-6.8454056905834921],[115.43001807685087,-6.8454147094036095],[115.43002710047388,-6.8454146261198661],[115.43002718380211,-6.8454236449398689],[115.43004523104813,-6.8454234783716554],[115.43004573102193,-6.8454775912902504],[115.43002768377391,-6.8454777578597943],[115.43002793376131,-6.845504814319697],[115.4300189101366,-6.8455048976045489],[115.4300191601245,-6.8455319540647448],[115.43000111287377,-6.8455321206346067],[115.43000119620297,-6.8455411394548848],[115.43001021982857,-6.8455410561699273],[115.43001038648762,-6.8455590938102482],[115.43000136286169,-6.8455591770954287],[115.43000144619121,-6.8455681959156918],[115.43001949344331,-6.8455680293449443],[115.43001957677328,-6.8455770481649836],[115.43003762402527,-6.8455768815933409],[115.43003770735571,-6.8455859004131545],[115.43004673098169,-6.8455858171269686],[115.43004689764321,-6.8456038547663782],[115.43005592126943,-6.8456037714798041],[115.43005600460054,-6.8456127902993655],[115.43006502822681,-6.8456127070125117],[115.43006511155818,-6.8456217258319754],[115.4300470643052,-6.8456218924057355],[115.43004714763633,-6.8456309112254159],[115.43005617126309,-6.8456308279385096],[115.4300562545945,-6.8456398467580746],[115.4300833254745,-6.8456395968960129],[115.43008340880655,-6.8456486157152243],[115.43009243243316,-6.8456485324274245],[115.43009251576549,-6.8456575512465534],[115.43010153939217,-6.8456574679584739],[115.43010162272478,-6.845666486777473],[115.43012869360459,-6.8456662369118888],[115.43012877693782,-6.8456752557305505],[115.43015584781712,-6.8456750058631206],[115.43015593115099,-6.8456840246814457],[115.43016495477735,-6.8456839413918562],[115.4301652047801,-6.8457109978464734],[115.43021032291284,-6.845710581394334],[115.43021040624816,-6.8457196002119769],[115.43021942987455,-6.8457195169209335],[115.43021951321015,-6.8457285357384619],[115.43022853683657,-6.8457284524471387],[115.43022845350082,-6.8457194336297214],[115.43023747712698,-6.8457193503383413],[115.43023731045545,-6.8457013127037154],[115.43022828682963,-6.8457013959948734],[115.43022820349418,-6.8456923771774267],[115.43021917986843,-6.8456924604683058],[115.43021909653329,-6.8456834416507766],[115.43022812015889,-6.8456833583600067],[115.43022820349418,-6.8456923771774267],[115.43023722711986,-6.845692293886378],[115.43023714378437,-6.8456832750690699],[115.43024616740975,-6.8456831917779644],[115.4302460840742,-6.8456741729607469],[115.43026413132425,-6.8456740063782524],[115.4302640479885,-6.8456649875612525],[115.4302730716132,-6.8456649042698636],[115.43027290494167,-6.8456468666360522],[115.43026388131732,-6.8456469499272199],[115.43026379798189,-6.8456379311102227],[115.43022770348399,-6.8456382642727673],[115.43022778681875,-6.8456472830902069],[115.43020973956878,-6.8456474496706905],[115.43020965623438,-6.8456384308530289],[115.43019160898433,-6.8456385974326182],[115.43019152565036,-6.8456295786147132],[115.43018250202532,-6.8456296619041446],[115.43018225202461,-6.8456026054500905],[115.43020029927355,-6.8456024388717243],[115.43020021593986,-6.8455934200538957],[115.43021826318804,-6.8455932534750774],[115.43021834652205,-6.8456022722926839],[115.43022737014611,-6.8456021890029124],[115.43022745348043,-6.8456112078203697],[115.43020038260734,-6.8456114576895128],[115.43020046594125,-6.8456204765073165],[115.43025460768739,-6.845619976766848],[115.43025469102243,-6.8456289955839811],[115.4302907855183,-6.8456286624198617],[115.4302907021826,-6.8456196436031718],[115.43031777305279,-6.8456193937286445],[115.43031752304483,-6.8455923372795446],[115.43032654666752,-6.8455922539880314],[115.43032671333972,-6.8456102916205488],[115.43034476058538,-6.8456101250365755],[115.43034459391251,-6.8455920874045004],[115.43036264115707,-6.8455919208202962],[115.43036272449379,-6.8456009396361308],[115.43037174811606,-6.8456008563436663],[115.43037191479019,-6.8456188939750504],[115.43035386754485,-6.8456190605602547],[115.43035403421872,-6.845637098192082],[115.43036305784177,-6.8456370148993422],[115.43036314117904,-6.8456460337151208],[115.43037216480217,-6.8456459504221021],[115.4303723314774,-6.8456639880534755],[115.43036330785395,-6.8456640713467154],[115.43036339119156,-6.8456730901624985],[115.43037241481518,-6.8456730068691476],[115.43037249815306,-6.8456820256848152],[115.43038152177677,-6.8456819423911845],[115.43038202180752,-6.8457360552844335],[115.43041811630515,-6.845735722105573],[115.43041803296573,-6.8457267032904836],[115.43042705658971,-6.8457266199954594],[115.43042697325023,-6.8457176011804775],[115.43040892600254,-6.8457177677701395],[115.43040884266351,-6.845708748954932],[115.43039981903966,-6.8457088322493993],[115.43039973570095,-6.8456998134340763],[115.43042680657165,-6.845699563550502],[115.43042663989351,-6.8456815259205088],[115.43045371076217,-6.8456812760360846],[115.43045387744132,-6.8456993136654134],[115.43047192468724,-6.8456991470745114],[115.43047200802734,-6.8457081658889471],[115.43048103165027,-6.8457080825931342],[115.43048111499063,-6.8457171014074563],[115.43049013861366,-6.8457170181113627],[115.43049005527313,-6.8457079992971526],[115.43049907889583,-6.8457079160010013],[115.43049899555524,-6.8456988971868977],[115.43050801917769,-6.8456988138906896],[115.43050793583703,-6.8456897950766749],[115.43048086496987,-6.8456900449644618],[115.43048069828993,-6.8456720073358062],[115.43050776915609,-6.8456717574486836],[115.43050793583703,-6.8456897950766749],[115.43052598308127,-6.8456896284839761],[115.4305258997404,-6.8456806096702119],[115.43058004146934,-6.8456801098887388],[115.43057979144436,-6.8456530534493645],[115.43057076782367,-6.8456531367463649],[115.43057051780022,-6.8456260803066193],[115.4305795414204,-6.8456259970099511],[115.43057945807931,-6.8456169781968041],[115.43058848169923,-6.8456168949000782],[115.43058856504051,-6.8456259137131141],[115.43061563590008,-6.8456256638215942],[115.43061555255834,-6.8456166450088904],[115.43062457617778,-6.8456165617114912],[115.43062465951971,-6.845625580524084],[115.43061563590008,-6.8456256638215942],[115.43061571924197,-6.8456346826342935],[115.43062474286177,-6.8456345993366723],[115.4306249095462,-6.8456526369618373],[115.43063393316625,-6.8456525536638262],[115.43063401650879,-6.845661572476291],[115.4306610873687,-6.8456613225809164],[115.43066117071189,-6.8456703413930446],[115.43067019433178,-6.8456702580941391],[115.4306703610188,-6.8456882957181433],[115.43068840825899,-6.8456881291193854],[115.43068832491508,-6.8456791103076151],[115.43070637215448,-6.8456789437084042],[115.43070612212242,-6.8456518872736813],[115.43071514574143,-6.8456518039741567],[115.43071497905365,-6.8456337663512077],[115.43072400267224,-6.8456336830517364],[115.43072350261052,-6.8455795701834488],[115.43073252622796,-6.8455794868844713],[115.43073244288455,-6.8455704680731868],[115.43074146650173,-6.8455703847741525],[115.43074154984528,-6.8455794035853277],[115.43075057346252,-6.8455793202860153],[115.43075065680635,-6.8455883390970751],[115.43075968042361,-6.8455882557974848],[115.43075976376774,-6.8455972746084459],[115.4307778110023,-6.845597108008536],[115.43077789434687,-6.8456061268192379],[115.43078691796413,-6.8456060435189201],[115.43078708465397,-6.8456240811401239],[115.43079610827148,-6.8456239978394144],[115.43079627496209,-6.8456420354603615],[115.43076018049004,-6.8456423686630696],[115.43076034717976,-6.84566040628492],[115.43076937079829,-6.8456603229842736],[115.43076945414347,-6.8456693417950731],[115.43077847776202,-6.845669258494147],[115.43077864445308,-6.8456872961154938],[115.43079669169056,-6.8456871295126964],[115.43079652499883,-6.845669091891792],[115.43078750138048,-6.8456691751930547],[115.43078741803495,-6.8456601563824773],[115.43080546527121,-6.8456599897800068],[115.43080554861706,-6.8456690085903622],[115.43081457223521,-6.8456689252887646],[115.43081448888914,-6.8456599064785184],[115.43082351250699,-6.8456598231768639],[115.4308235958532,-6.8456688419869982],[115.43081457223521,-6.8456689252887646],[115.43081465558133,-6.8456779440990045],[115.43084172643552,-6.8456776941928688],[115.43084155974232,-6.845659656573047],[115.43085058335983,-6.8456595732708863],[115.43085041666676,-6.845641535651251],[115.43085944028381,-6.8456414523491445],[115.43085935693728,-6.8456324335394569],[115.43086838055402,-6.8456323502372918],[115.43086829720743,-6.8456233314276931],[115.43089536805655,-6.8456230815205199],[115.43089553475087,-6.8456411191390316],[115.43093162921616,-6.8456407859262249],[115.43093171256416,-6.8456498047350562],[115.43094073618036,-6.8456497214313234],[115.43094081952863,-6.8456587402400215],[115.43095886676106,-6.8456585736318294],[115.43095903345863,-6.8456766112487717],[115.43096805707501,-6.8456765279442005],[115.43096814042411,-6.845685546752537],[115.43097716404056,-6.8456854634476878],[115.43097724738998,-6.8456944822559427],[115.43095920015665,-6.8456946488656953],[115.43095928350583,-6.8457036676741509],[115.43095025988883,-6.8457037509788847],[115.43095034323797,-6.8457127697874469],[115.43098643770593,-6.8457124365670579],[115.43098652105581,-6.8457214553751715],[115.43097749743885,-6.8457215386806318],[115.43097758078869,-6.845730557488853],[115.43098660440585,-6.8457304741832816],[115.43098668775596,-6.8457394929913873],[115.43100473499031,-6.8457393263795181],[115.43100481834088,-6.8457483451873982],[115.43101384195805,-6.8457482618811003],[115.4310139253089,-6.8457572806888818],[115.43102294892614,-6.8457571973823041],[115.43102303227728,-6.8457662161899382],[115.4310952212123,-6.845765549730376],[115.43109538791762,-6.8457835873438908],[115.43114952961618,-6.8457830874908208],[115.43114961297002,-6.8457921062969067],[115.43119473104991,-6.8457916897475002],[115.43119481440472,-6.8458007085530443],[115.43118579078879,-6.8458007918633728],[115.43118587414354,-6.8458098106689897],[115.43119489775962,-6.8458097273585512],[115.43119498111464,-6.8458187461640696],[115.43121302834682,-6.8458185795424642],[115.43121311170228,-6.845827598347757],[115.43122213531836,-6.845827515036591],[115.43122221867412,-6.8458365338417693],[115.43123124229028,-6.8458364505303235],[115.43123132564631,-6.8458454693353694],[115.43125839649457,-6.8458452193996919],[115.43125822978162,-6.845827181790245],[115.43126725339715,-6.8458270984782379],[115.4312670866843,-6.8458090608689766],[115.43127611029939,-6.845808977557021],[115.43127602694297,-6.8457999587525125],[115.43126700332805,-6.8458000420643552],[115.43126666990416,-6.8457639668457473],[115.43125764628984,-6.845764050156979],[115.43125756293432,-6.8457550313522271],[115.43126658654846,-6.8457549480411055],[115.4312665031929,-6.8457459292364247],[115.43128455042059,-6.8457457626138991],[115.43128463377651,-6.8457547814183588],[115.43129365739034,-6.845754698106731],[115.43129374074654,-6.8457637169110424],[115.43132081158791,-6.8457634669748204],[115.43132097830164,-6.8457815045827957],[115.43133902552931,-6.845781337957364],[115.43133910888669,-6.8457903567611238],[115.43134813250056,-6.8457902734480438],[115.43134821585822,-6.8457992922517059],[115.43133016863007,-6.8457994588779165],[115.43133033534505,-6.8458174964856191],[115.43131228811578,-6.8458176631116006],[115.43131220475858,-6.8458086443075219],[115.43130318114395,-6.8458087276201498],[115.43130351457276,-6.8458448028368641],[115.43133960903329,-6.8458444695835725],[115.43133969239146,-6.8458534883873181],[115.43137578685089,-6.8458531551308903],[115.43137587020982,-6.8458621739341705],[115.43139391743919,-6.8458620073047252],[115.43139375072076,-6.8458439696985849],[115.43140277433493,-6.8458438863838307],[115.43140244089868,-6.8458078111719898],[115.43141146451207,-6.8458077278575109],[115.43141163123032,-6.8458257654632275],[115.43142065484393,-6.8458256821483587],[115.43142082156294,-6.8458437197538178],[115.43142984517678,-6.84584363643856],[115.43143009525664,-6.845870692846427],[115.4314391188709,-6.8458706095306692],[115.43143928559171,-6.8458886471356415],[115.4314573328205,-6.8458884805031746],[115.43145724945968,-6.8458794617009193],[115.43147529668771,-6.8458792950680021],[115.43147538004885,-6.8458883138700353],[115.43157463979678,-6.8458873973757308],[115.43157455643377,-6.8458783785749171],[115.43159260365887,-6.8458782119376229],[115.4315926870222,-6.8458872307382164],[115.43163780508381,-6.8458868141414797],[115.43163797181248,-6.8459048517415955],[115.43165601903702,-6.8459046851012797],[115.43165618576681,-6.8459227227009185],[115.43166520937923,-6.8459226393802863],[115.43166545947528,-6.8459496957793791],[115.43168350670084,-6.8459495291369459],[115.43168359006674,-6.8459585479364291],[115.43172870812947,-6.8459581313268467],[115.43172879149633,-6.8459671501257384],[115.43174683872097,-6.8459669834805057],[115.43174692208829,-6.8459760022791896],[115.43176496931281,-6.8459758356330616],[115.43176505268057,-6.8459848544315181],[115.43177407629284,-6.8459847711080908],[115.4317739929249,-6.8459757523097453],[115.43179204014876,-6.8459755856626074],[115.43179187341255,-6.8459575480663633],[115.43180992063532,-6.8459573814189945],[115.43180983726705,-6.8459483626210629],[115.43181886087804,-6.8459482792972359],[115.43181894424649,-6.8459572980950583],[115.43183699146856,-6.8459571314466814],[115.43183690809978,-6.8459481126490811],[115.43184593171046,-6.8459480293247506],[115.43184584834162,-6.8459390105272737],[115.43183682473111,-6.8459390938514941],[115.43183649125761,-6.8459030186610974],[115.43184551486743,-6.8459029353373202],[115.4318454314992,-6.8458939165398212],[115.43187250232756,-6.8458936665678145],[115.43187241895889,-6.8458846477706254],[115.43188144256797,-6.8458845644463988],[115.43188135919925,-6.8458755456493501],[115.43189038280804,-6.8458754623250639],[115.43189029943926,-6.8458664435281058],[115.43190834665614,-6.8458662768792511],[115.43190843002525,-6.8458752956759881],[115.43193550085026,-6.8458750457011108],[115.43193558421997,-6.8458840644974943],[115.43194460782827,-6.8458839811720882],[115.43194485793862,-6.8459110375609464],[115.4319629051558,-6.8459108709089653],[115.43196298852649,-6.845919889705014],[115.43192689409095,-6.8459202230087497],[115.43192731094265,-6.8459653169911503],[115.43193633455253,-6.8459652336649155],[115.4319362511818,-6.8459562148685711],[115.43194527479145,-6.8459561315422786],[115.43194535816234,-6.8459651503385119],[115.43195438177202,-6.8459650670119405],[115.43195446514321,-6.8459740858080744],[115.43194544153336,-6.8459741691347586],[115.43194552490449,-6.8459831879309982],[115.43193650129436,-6.8459832712576238],[115.43193691815084,-6.8460283652393166],[115.43194594176184,-6.8460282819121376],[115.43194610850554,-6.8460463195045467],[115.4319641557278,-6.846046152849242],[115.43196407235556,-6.8460371340532689],[115.4319911431876,-6.8460368840693802],[115.43199130993325,-6.8460549216606896],[115.43200935715474,-6.8460547550034789],[115.43200952390147,-6.8460727925943266],[115.43200050029047,-6.8460728759232374],[115.43200058366384,-6.8460818947187665],[115.43198253644113,-6.8460820613763049],[115.43198245306807,-6.8460730425805547],[115.43197342945672,-6.8460731259089611],[115.43197334608398,-6.8460641071130963],[115.43196432247265,-6.8460641904412229],[115.43196423910015,-6.8460551716452427],[115.43195521548893,-6.8460552549730904],[115.43195529886124,-6.8460642737691817],[115.43190115719037,-6.8460647737333984],[115.43190107381908,-6.8460557549366436],[115.43191009743099,-6.8460556716098049],[115.43191001405964,-6.846046652813139],[115.43190099044789,-6.8460467361398667],[115.43190090707682,-6.8460377173431191],[115.43189188346511,-6.846037800669567],[115.43189196683602,-6.8460468194664257],[115.43187391961193,-6.8460469861190383],[115.43187400298262,-6.8460560049161474],[115.43188302659489,-6.846055921589814],[115.43188319333692,-6.8460739591837649],[115.43189221694939,-6.8460738758570416],[115.43189230032077,-6.8460828946538985],[115.43195546560619,-6.8460823113613509],[115.43195563235159,-6.8461003489535015],[115.43196465596368,-6.8461002656250995],[115.43196473933672,-6.8461092844210576],[115.43197376294887,-6.8461092010923768],[115.43197392969563,-6.8461272386840584],[115.43198295330801,-6.8461271553549876],[115.43198286993439,-6.8461181365592596],[115.43199189354648,-6.8461180532301311],[115.43199181017283,-6.8461090344345097],[115.43200083378464,-6.8461089511053244],[115.43200091715848,-6.8461179699008348],[115.43200994077034,-6.8461178865713705],[115.43200977402246,-6.8460998489805656],[115.43201879763389,-6.8460997656511546],[115.43201863088611,-6.8460817280605539],[115.43205472532931,-6.8460813947421109],[115.43205464195491,-6.846072375947247],[115.43206366556527,-6.8460722926173254],[115.43206358219085,-6.8460632738225682],[115.43210870024006,-6.8460628571709936],[115.43210878361535,-6.8460718759651966],[115.43212683083458,-6.8460717093031667],[115.43212674745895,-6.8460626905091857],[115.43213577106825,-6.8460626071780277],[115.43213585444401,-6.8460716259718994],[115.43214487805336,-6.8460715426404635],[115.43214496142942,-6.8460805614342188],[115.43215398503884,-6.846080478102504],[115.43215390166257,-6.8460714593088596],[115.43217194888068,-6.8460712926451466],[115.43217203225727,-6.8460803114385689],[115.43219007947526,-6.8460801447739605],[115.43219041298404,-6.8461162199467234],[115.43219943659354,-6.8461161366137242],[115.43219960334895,-6.8461341741998583],[115.43220862695867,-6.8461340908664674],[115.43220871033671,-6.8461431096594172],[115.43221773394649,-6.8461430263257492],[115.43221798408179,-6.8461700827042389],[115.43222700769198,-6.8461699993700691],[115.4322270910708,-6.84617901816278],[115.432236114681,-6.8461789348283313],[115.43223619806011,-6.8461879536209267],[115.4322452216704,-6.8461878702861991],[115.43224538842928,-6.8462059078711714],[115.43225441203981,-6.8462058245360531],[115.43225449541958,-6.8462148433283971],[115.4322454718089,-6.8462149266636256],[115.43224580532845,-6.8462510018334495],[115.43225482893982,-6.8462509184977778],[115.43225491232018,-6.8462599372901334],[115.43227295954289,-6.8462597706180643],[115.43227304292367,-6.8462687894101766],[115.43228206653502,-6.8462687060737784],[115.43228214991609,-6.8462777248657751],[115.43229117352749,-6.846277641529098],[115.43229125690884,-6.8462866603209802],[115.43230028052032,-6.8462865769840242],[115.43230044728369,-6.8463046145675541],[115.43230947089539,-6.8463045312302073],[115.43230955427741,-6.846313550021855],[115.43231857788918,-6.8463134666842294],[115.43231866127147,-6.8463224854757625],[115.43232768488328,-6.8463224021378579],[115.43232776826586,-6.8463314209292747],[115.43234581548947,-6.846331254252739],[115.43234589887251,-6.8463402730439302],[115.43237296970757,-6.8463400230275333],[115.43237305309123,-6.8463490418183879],[115.43238207670286,-6.8463489584791413],[115.43238232685499,-6.8463760148513444],[115.43239135046703,-6.8463759315115968],[115.43239143385148,-6.8463849503022125],[115.43240948107551,-6.8463847836219909],[115.43240939769073,-6.8463757648315982],[115.43245451574806,-6.8463753481286531],[115.43245443236255,-6.8463663293388244],[115.43246345597352,-6.8463662459978423],[115.43246353935919,-6.8463752647875582],[115.4324815865811,-6.8463750981048648],[115.43248166996723,-6.8463841168943729],[115.43251776441039,-6.846383783526524],[115.4325178477973,-6.8463928023155844],[115.43254491862901,-6.8463925522875968],[115.43254500201652,-6.8464015710763197],[115.43255402562704,-6.8464014877332104],[115.43255394223934,-6.8463924689445985],[115.43256296584957,-6.8463923856014306],[115.43256288246181,-6.8463833668129261],[115.43258092968159,-6.846383200126307],[115.4325808462936,-6.8463741813380192],[115.43260791712194,-6.8463739313071628],[115.43260783373356,-6.8463649125192187],[115.4326439281691,-6.84636457914283],[115.43264401155812,-6.8463735979303308],[115.43265303516688,-6.8463735145857019],[115.43265311855622,-6.8463825333731041],[115.43266214216503,-6.8463824500281971],[115.43266222555464,-6.8463914688154839],[115.43268027277229,-6.8463913021249407],[115.43268035616234,-6.8464003209120019],[115.43269840337987,-6.8464001542205644],[115.43269815320902,-6.8463730978600328],[115.43270717681712,-6.846373014514394],[115.43270684325691,-6.8463369393674016],[115.43269781964949,-6.8463370227125973],[115.43269756948101,-6.8463099663519751],[115.43270659308791,-6.8463098830071107],[115.43270667647748,-6.8463189017938797],[115.43271570008446,-6.8463188184487374],[115.43271586686421,-6.8463368560220372],[115.43274293768545,-6.846336605984936],[115.43274268751445,-6.8463095496259747],[115.43275171112079,-6.846309466280271],[115.43275162773051,-6.8463004474940519],[115.43272455691164,-6.8463006975303298],[115.43272447352197,-6.846291678743774],[115.43271544991563,-6.846291762088752],[115.43271553330511,-6.8463007808754188],[115.43269748609175,-6.8463009475650907],[115.43269740270259,-6.8462919287782045],[115.43268837909592,-6.8462920121226771],[115.43268829570704,-6.8462829933356746],[115.4326792721004,-6.8462830766798684],[115.4326793554891,-6.8462920954669819],[115.43267033188219,-6.8462921788111188],[115.43267024849368,-6.8462831600238934],[115.4326612248868,-6.8462832433677514],[115.4326610581104,-6.8462652057930686],[115.43263398729017,-6.8462654558229668],[115.43263390390264,-6.8462564370352856],[115.43262488029585,-6.8462565203781374],[115.4326247969086,-6.8462475015903239],[115.43259772608802,-6.8462477516175371],[115.43259780947476,-6.8462567704056827],[115.4325617150451,-6.8462571037733859],[115.43256179843125,-6.8462661225619525],[115.43254375121541,-6.8462662892450172],[115.43254383460136,-6.8462753080338006],[115.43252578738473,-6.8462754747164123],[115.43252562061362,-6.8462574371383962],[115.43247147896301,-6.8462579371808632],[115.43247139557863,-6.8462489183911668],[115.43245334836119,-6.8462490850704212],[115.43245309820972,-6.8462220287007085],[115.43243505099289,-6.8462221953786244],[115.43243496760961,-6.8462131765884839],[115.43240789678397,-6.8462134266037626],[115.43240781340134,-6.8462044078133024],[115.43238976618402,-6.8462045744890929],[115.43238968280184,-6.8461955556983725],[115.43238065919317,-6.8461956390359049],[115.43238057581125,-6.8461866202450867],[115.43237155220267,-6.8461867035823385],[115.43237138543952,-6.8461686660004677],[115.43236236183114,-6.8461687493373304],[115.43236219506878,-6.8461507117552207],[115.4323531714606,-6.8461507950916927],[115.43235283793793,-6.8461147199269776],[115.43234381433034,-6.8461148032628385],[115.43234373095011,-6.8461057844715381],[115.43235275455753,-6.8461057011357873],[115.43235225427755,-6.8460515883885558],[115.43234323067112,-6.8460516717236422],[115.43234306391236,-6.8460336341409747],[115.43233404030616,-6.8460337174756711],[115.43233387354817,-6.8460156798927638],[115.43232484994222,-6.8460157632270695],[115.43232468318503,-6.8459977256439419],[115.43231565957929,-6.8459978089778559],[115.43231574295767,-6.846006827769525],[115.43230671935163,-6.8460069111033848],[115.43230680272994,-6.8460159298951764],[115.43229777912366,-6.8460160132289758],[115.43229786250193,-6.8460250320208749],[115.43230688610839,-6.8460249486869635],[115.43230696948692,-6.8460339674787472],[115.43232501669988,-6.8460338008101971],[115.43232510007886,-6.8460428196017382],[115.43231607647228,-6.8460429029362073],[115.43231615985121,-6.8460519217278879],[115.43229811263735,-6.8460520883965446],[115.43229802925876,-6.8460430696046428],[115.4322799820448,-6.8460432362724051],[115.43227989866666,-6.8460342174803088],[115.43227087505969,-6.8460343008138267],[115.43227062492645,-6.8460072444371347],[115.43226160131984,-6.8460073277701508],[115.43226143456522,-6.8459892901854458],[115.43227045817149,-6.8459892068526509],[115.43227037479419,-6.8459801880604019],[115.43227939840014,-6.8459801047275501],[115.4322793150228,-6.8459710859354077],[115.43228833862847,-6.8459710026024965],[115.43228825525105,-6.8459619838104606],[115.43230630246174,-6.8459618171443575],[115.43230613570658,-6.8459437795607165],[115.43232418291616,-6.8459436128943825],[115.43232384940582,-6.8459075377279337],[115.43231482580177,-6.8459076210607419],[115.43231465904763,-6.8458895834772697],[115.43230563544378,-6.845889666809688],[115.43230555206704,-6.8458806480178174],[115.43227848125537,-6.8458808980137293],[115.43227839787924,-6.8458718792215567],[115.43219718543968,-6.8458726291992047],[115.43219726881428,-6.8458816479923756],[115.43217019799856,-6.8458818979822276],[115.43217028137278,-6.84589091677576],[115.43204395088372,-6.8458920833765937],[115.43204403425568,-6.8459011021716547],[115.4320259870408,-6.8459012688264451],[115.43202590366919,-6.8458922500311612],[115.43201688006177,-6.8458923333581936],[115.43201679669041,-6.8458833145627782],[115.43200777308301,-6.8458833978895317],[115.43200785645421,-6.8458924166850572],[115.43199883284655,-6.845892500011753],[115.43199866610465,-6.8458744624205075],[115.43200768971195,-6.8458743790940337],[115.43200760634099,-6.8458653602985153],[115.43201662994804,-6.8458652769719848],[115.43201621309409,-6.8458201829948813],[115.43200718948789,-6.8458202663208576],[115.43200693937737,-6.8457932099342287],[115.43198889216565,-6.8457933765850134],[115.43198880879604,-6.845784357789217],[115.43199783240179,-6.8457842744640187],[115.43199774903213,-6.8457752556683458],[115.43200677263758,-6.8457751723430924],[115.43200685600742,-6.8457841911386543],[115.43201587961295,-6.8457841078131194],[115.43201579624295,-6.8457750890176676],[115.43202481984821,-6.8457750056920768],[115.43202465310819,-6.8457569681013819],[115.4320156295033,-6.8457570514267516],[115.43201554613363,-6.8457480326313043],[115.43202456973836,-6.8457479493060456],[115.43202423626016,-6.8457118741245697],[115.43201521265608,-6.8457119574493861],[115.43201512928698,-6.8457029386538997],[115.43199708207885,-6.845703105302805],[115.4319969987102,-6.845694086507093],[115.43198797510613,-6.8456941698311837],[115.43198805847462,-6.8457031886270059],[115.43197903487027,-6.845703271951038],[115.4319791182387,-6.8457122907469676],[115.4319700946341,-6.845712374070942],[115.43197026137094,-6.84573041166301],[115.43194319055539,-6.8457306616345894],[115.43194335729167,-6.8457486992273209],[115.43193433368592,-6.8457487825510652],[115.43193441705408,-6.84575780134751],[115.43192539344804,-6.8457578846711966],[115.43192556018435,-6.8457759222643277],[115.43189848936458,-6.8457761722350448],[115.43189857273239,-6.8457851910319363],[115.43188954912539,-6.8457852743552809],[115.43188963249315,-6.8457942931522977],[115.43185353806344,-6.8457946264444418],[115.43185362143061,-6.8458036452418618],[115.43183557421474,-6.845803811887146],[115.43183565758171,-6.8458128306847996],[115.43178151593033,-6.8458133306172773],[115.43178143256438,-6.8458043118189584],[115.4317724089556,-6.8458043951403376],[115.43177232558992,-6.8457953763419219],[115.43176330198122,-6.8457954596630213],[115.43176355207808,-6.8458225160586261],[115.43175452846873,-6.8458225993798898],[115.4317547785661,-6.8458496557758028],[115.43176380217596,-6.8458495724542061],[115.43176388554217,-6.8458585912527239],[115.43177290915204,-6.8458585079308483],[115.43177299251853,-6.8458675267292515],[115.43175494529827,-6.8458676933730569],[115.43175486193213,-6.8458586745744316],[115.43171876749093,-6.8458590078595796],[115.4317186841256,-6.8458499890605085],[115.43172770773589,-6.8458499057395841],[115.4317276243705,-6.8458408869406018],[115.43173664798053,-6.8458408036196206],[115.43173648124971,-6.8458227660219144],[115.43172745764002,-6.8458228493426736],[115.43172737427496,-6.8458138305436949],[115.43174542149387,-6.8458136639022289],[115.43174533812858,-6.8458046451034669],[115.43172729090999,-6.8458048117447126],[115.43172720754517,-6.8457957929457409],[115.43171818393587,-6.8457958762660001],[115.43171810057132,-6.845786857466881],[115.43170907696208,-6.8457869407868595],[115.43170891023364,-6.8457689031884206],[115.43169988662463,-6.84576898650801],[115.43169971989697,-6.8457509489093482],[115.43165460185193,-6.8457513655036655],[115.4316547685779,-6.8457694031034366],[115.43164574496822,-6.8457694864220162],[115.43164566160536,-6.8457604676220143],[115.43163663799571,-6.8457605509403168],[115.43163672135843,-6.8457695697404288],[115.43160062691813,-6.8457699030123935],[115.43160071028026,-6.8457789218129443],[115.43157363944833,-6.8457791717654839],[115.43157355608669,-6.8457701529646],[115.43151941442082,-6.8457706528644673],[115.43151924769991,-6.8457526152613735],[115.43149217686648,-6.8457528652083708],[115.43149209350669,-6.8457438464064602],[115.43147404628417,-6.8457440130367289],[115.43147396292483,-6.8457349942346086],[115.43146493931357,-6.8457350775493797],[115.43146485595452,-6.845726058747144],[115.43145583234332,-6.8457261420616353],[115.43145574898455,-6.8457171232592859],[115.43143770176214,-6.8457172898875429],[115.43143761840382,-6.845708271084967],[115.43141957118129,-6.8457084377123296],[115.43141948782343,-6.8456994189095273],[115.43141046421215,-6.8456995022228453],[115.43141029749707,-6.8456814646169892],[115.43140127388605,-6.8456815479299173],[115.43140119052883,-6.8456725291268974],[115.43139216691785,-6.8456726124395457],[115.43139208356094,-6.8456635936363943],[115.43137403633899,-6.8456637602609662],[115.4313739529825,-6.8456547414575883],[115.43136492937151,-6.845654824769511],[115.43136501272781,-6.8456638435729991],[115.43134696550521,-6.8456640101965611],[115.43134679879338,-6.8456459725891365],[115.4313197279596,-6.8456462225225509],[115.43131981131494,-6.8456552413265994],[115.43127469325555,-6.8456556578794796],[115.43127477661018,-6.8456646766840761],[115.43125672938528,-6.8456648433042719],[115.43125681273968,-6.8456738621090851],[115.431238765514,-6.8456740287288289],[115.43123868215996,-6.8456650099237937],[115.43122965854712,-6.8456650932333032],[115.43122957519333,-6.8456560744281534],[115.43117543351495,-6.8456565742810067],[115.43117535016231,-6.8456475554751872],[115.4311392557085,-6.8456478887066128],[115.43113917235664,-6.8456388699003305],[115.43110307790168,-6.8456392031286208],[115.43110291119963,-6.8456211655152046],[115.43104876951588,-6.8456216653512616],[115.43104868616604,-6.8456126465438754],[115.43103063893753,-6.8456128131543261],[115.43103055558814,-6.8456037943467125],[115.43102153197391,-6.8456038776515742],[115.43102144862478,-6.8455948588438629],[115.43098535416735,-6.8455951920611868],[115.43098527081904,-6.8455861732529932],[115.43097624720458,-6.8455862565567926],[115.43097616385651,-6.8455772377485022],[115.43096714024207,-6.8455773210520219],[115.43096705689432,-6.845568302243616],[115.43095803327996,-6.8455683855468576],[115.43095794993249,-6.8455593667383363],[115.43093990270377,-6.8455595333440913],[115.43093981935672,-6.8455505145353444],[115.43093079574237,-6.8455505978378595],[115.43093062904897,-6.8455325602201311],[115.43092160543482,-6.8455326435222554],[115.43092152208845,-6.8455236247132731],[115.4309034748602,-6.845523791316797],[115.43090355820623,-6.8455328101259996],[115.43091258182058,-6.8455327268242119],[115.43091274851332,-6.8455507644423834],[115.43090372489864,-6.845550847744394],[115.43090380824501,-6.8455598665535851],[115.43087673739974,-6.8455601164589357],[115.43087665405386,-6.8455510976494125],[115.43086763043873,-6.8455511809507499],[115.43086738040232,-6.8455241245218241],[115.43085835678758,-6.8455242078226588],[115.43085844013277,-6.8455332266324174],[115.43084941651772,-6.8455333099331961],[115.43084933317272,-6.8455242911233274],[115.43084030955775,-6.8455243744238263],[115.43084039290261,-6.8455333932338061],[115.43083136928733,-6.8455334765342482],[115.43083145263211,-6.8455424953443327],[115.43082242901659,-6.8455425786447162],[115.43082234567196,-6.8455335598345206],[115.43081332205648,-6.8455336431346261],[115.43081315536791,-6.8455156055139996],[115.43080413175264,-6.8455156888137152],[115.43080429844088,-6.8455337264345628],[115.43078625120937,-6.8455338930339318],[115.43078608452178,-6.8455158554126401],[115.43077706090621,-6.845515938711852],[115.43077697756276,-6.8455069199010889],[115.43075893033156,-6.8455070864987837],[115.43075901367467,-6.8455161053097671],[115.43074096644273,-6.8455162719070106],[115.43074088309996,-6.8455072530958043],[115.43068674140231,-6.8455077528828294],[115.4306868247441,-6.8455167716946992],[115.43065073027611,-6.8455171048831271],[115.43065064693502,-6.8455080860708142],[115.43064162331788,-6.8455081693673883],[115.4306417066588,-6.8455171881798131],[115.43063268304142,-6.8455172714763304],[115.4306327663823,-6.8455262902888609],[115.43059667191093,-6.8455266234736909],[115.43059650523067,-6.8455085858477407],[115.43058748161287,-6.8455086691433058],[115.43058739827308,-6.8454996503302121],[115.43056935103749,-6.8454998169206167],[115.43056960105622,-6.845526873360547],[115.43056057743776,-6.8455269566558279],[115.43056041075883,-6.8455089190289913],[115.43055138714061,-6.8455090023238832],[115.43055130380148,-6.8454999835103481],[115.4305422801833,-6.8455000668049601],[115.43054219684446,-6.8454910479913105],[115.43053317322632,-6.8454911312856428],[115.43053308988779,-6.8454821124718608],[115.43052406626968,-6.8454821957659151],[115.4305242329466,-6.8455002333936825],[115.43050618570945,-6.8455003999817299],[115.43050601903322,-6.845482362353521],[115.43051504265151,-6.8454822790598024],[115.4305149593134,-6.8454732602458268],[115.4304878884587,-6.8454735101261441],[115.43048780512119,-6.8454644913118159],[115.4304697578845,-6.8454646578976313],[115.43046992455895,-6.8454826955267105],[115.43045187732112,-6.8454828621122958],[115.43045179398418,-6.8454738432975457],[115.43044277036526,-6.8454739265899756],[115.43044268702863,-6.845464907775094],[115.43039756893323,-6.8454653242341621],[115.43039748559754,-6.845456305418721],[115.43038846197827,-6.8454563887099189],[115.43038837864285,-6.845447369894365],[115.43037033140433,-6.8454475364760334],[115.43037041473943,-6.8454565552918112],[115.43035236750015,-6.8454567218730293],[115.43035228416539,-6.8454477030570304],[115.43037033140433,-6.8454475364760334],[115.43037024806935,-6.8454385176602353],[115.43032512997202,-6.8454389341109119],[115.430325046638,-6.8454299152945879],[115.43031602301836,-6.8454299985841081],[115.43031610635219,-6.8454390174005404],[115.43029805911223,-6.8454391839792974],[115.43029797577873,-6.8454301651626421],[115.43028895215875,-6.8454302484516569],[115.43028903549211,-6.8454392672684223],[115.43028001187184,-6.8454393505573794],[115.43028009520513,-6.8454483693742851],[115.43028911882557,-6.8454482860852179],[115.43028920215913,-6.8454573049019904],[115.43027115491782,-6.8454574714801799],[115.43027107158458,-6.8454484526631854],[115.43026204796392,-6.8454485359519159],[115.43026196463097,-6.8454395171347882]],[[115.43011783667906,-6.8454679061864754],[115.43009978943314,-6.8454680727584911],[115.43009970610299,-6.845459053939396],[115.43009068248003,-6.8454591372250393],[115.43009051582042,-6.8454410995866004],[115.43011758668794,-6.8454408497298251],[115.43011783667906,-6.8454679061864754]],[[115.4301264436497,-6.8454227288063585],[115.43013546727154,-6.8454226455204843],[115.43013555060189,-6.845431664339154],[115.4301265269799,-6.8454317476251392],[115.4301264436497,-6.8454227288063585],[115.4301083964057,-6.8454228953776033],[115.43010831307595,-6.8454138765585961],[115.43012636031963,-6.8454137099875751],[115.4301264436497,-6.8454227288063585]],[[115.43006302830733,-6.8453962553440908],[115.43005400468512,-6.8453963386282872],[115.43005392135669,-6.8453873198085864],[115.43006294497876,-6.845387236524501],[115.43006302830733,-6.8453962553440908]],[[115.43012611033002,-6.8453866535311931],[115.43011708670876,-6.8453867368164572],[115.43011700337929,-6.8453777179975432],[115.43013505062137,-6.8453775514270712],[115.43013521728109,-6.8453955890644664],[115.43012619365979,-6.8453956723500093],[115.43012611033002,-6.8453866535311931]],[[115.4300538380284,-6.845378300988898],[115.43004481440639,-6.8453783842727045],[115.43004473107837,-6.8453693654529015],[115.43005375470024,-6.8453692821692051],[115.4300538380284,-6.845378300988898]],[[115.43006269499369,-6.8453601800657564],[115.43005367137216,-6.8453602633495088],[115.43005350471637,-6.8453422257101018],[115.43007155195869,-6.8453420591428706],[115.43007163528686,-6.8453510779623548],[115.43006261166559,-6.8453511612461648],[115.43006269499369,-6.8453601800657564]],[[115.43010764644197,-6.8453417260063896],[115.43013471730326,-6.8453414761522611],[115.43013480063262,-6.8453504949709698],[115.43012577701214,-6.8453505782559585],[115.43012586034145,-6.8453595970747738],[115.43009878947881,-6.8453598469290613],[115.43009870615001,-6.8453508281099138],[115.43010772977082,-6.8453507448254305],[115.43010764644197,-6.8453417260063896],[115.43008959920054,-6.8453418925749672],[115.43008951587214,-6.8453328737556998],[115.43010756311322,-6.8453327071873442],[115.43010764644197,-6.8453417260063896]],[[115.43008174218677,-6.8454682393298327],[115.43009076581001,-6.8454681560442463],[115.43009084914009,-6.8454771748634471],[115.43008182551669,-6.8454772581491445],[115.43008174218677,-6.8454682393298327]],[[115.43027148825186,-6.8454935467481164],[115.43029855911566,-6.845493296879253],[115.43029864244998,-6.8455023156958941],[115.43030766607119,-6.8455022324058259],[115.43030774940578,-6.8455112512223506],[115.43031677302704,-6.8455111679320035],[115.4303168563619,-6.8455201867484146],[115.43028076187549,-6.8455205199092388],[115.43028067854129,-6.8455115010923846],[115.43027165491957,-6.8455115843820593],[115.43027148825186,-6.8454935467481164]],[[115.43019044231906,-6.8455123339815573],[115.43018141869618,-6.8455124172695498],[115.43018133536397,-6.8455033984514735],[115.43019035898665,-6.845503315163592],[115.43019044231906,-6.8455123339815573]],[[115.43032604665363,-6.8455381410903744],[115.43033507027519,-6.8455380577993576],[115.43033498693974,-6.8455290389831767],[115.43034401056103,-6.8455289556921022],[115.43034409389662,-6.845537974508173],[115.43035311751795,-6.8455378912168197],[115.43035328418981,-6.8455559288487251],[115.43033523694636,-6.8455560954317063],[115.43033515361071,-6.8455470766155333],[115.430326129989,-6.845547159906662],[115.43032604665363,-6.8455381410903744]],[[115.4307140622788,-6.8455345594246761],[115.43072308589551,-6.8455344761264216],[115.43072316923828,-6.8455434949378349],[115.43073219285506,-6.8455434116393032],[115.43073227619811,-6.8455524304506019],[115.43071422896411,-6.8455525970477202],[115.4307140622788,-6.8455345594246761]],[[115.43056107747726,-6.8455810695362347],[115.43057010109671,-6.8455809862402877],[115.4305699344161,-6.8455629486137255],[115.43056091079698,-6.8455630319094496],[115.43056082745701,-6.8455540130960522],[115.43054278021874,-6.8455541796867756],[115.43054269687923,-6.8455451608731499],[115.43053367326009,-6.8455452441681492],[115.43053358992086,-6.845536225354409],[115.43056968439603,-6.8455358921738476],[115.43056976773593,-6.8455449109871456],[115.43057879135462,-6.8455448276914739],[115.43057895803511,-6.8455628653178318],[115.43058798165403,-6.8455627820217702],[115.43058823167614,-6.8455898384609437],[115.43056116081758,-6.8455900883496215],[115.43056107747726,-6.8455810695362347],[115.43054303023797,-6.8455812361276225],[115.43054294689813,-6.845572217314011],[115.43056099413707,-6.8455720507228444],[115.43056107747726,-6.8455810695362347]],[[115.43011006302434,-6.845603271756822],[115.4301190866498,-6.8456031884690693],[115.43011900331763,-6.845594169650246],[115.43015509781752,-6.8455938364979954],[115.43015518115034,-6.8456028553163772],[115.43017322839998,-6.84560268873902],[115.43017331173326,-6.8456117075571425],[115.43011014635645,-6.84561229057572],[115.43011006302434,-6.845603271756822]],[[115.43052514967762,-6.8455994403460085],[115.43054319691801,-6.8455992737548499],[115.43054328025822,-6.8456082925684312],[115.43052523301749,-6.8456084591598101],[115.43052514967762,-6.8455994403460085]],[[115.43056132749851,-6.8456081259763781],[115.43057035111849,-6.8456080426800998],[115.4305704344593,-6.8456170614933614],[115.43056141083916,-6.8456171447897516],[115.43056132749851,-6.8456081259763781]],[[115.43094023609305,-6.8455956085790541],[115.43094925970814,-6.8455955252758169],[115.43094934305593,-6.8456045440844138],[115.43095836667105,-6.8456044607808986],[115.43095845001912,-6.8456134795893977],[115.43096747363431,-6.8456133962856036],[115.43096772367964,-6.8456404527107262],[115.43094967644814,-6.8456406193188117],[115.4309495097518,-6.8456225817016305],[115.43094048613619,-6.845622665005199],[115.43094040278837,-6.8456136461964832],[115.43093137917283,-6.8456137294997728],[115.4309312958253,-6.8456047106909415],[115.43094031944067,-6.8456046273877629],[115.43094023609305,-6.8455956085790541]],[[115.43121169467467,-6.8456742786571834],[115.43122071828788,-6.8456741953479003],[115.43122080164171,-6.8456832141531363],[115.43121177802833,-6.8456832974625295],[115.43121169467467,-6.8456742786571834]],[[115.4309952946228,-6.8456943156455177],[115.43100431823909,-6.8456942323400538],[115.43100448493924,-6.8457122699558521],[115.43102253217211,-6.8457121033439741],[115.43102269887336,-6.8457301409593141],[115.43101367525665,-6.8457302242655578],[115.43101359190614,-6.8457212054577798],[115.4309955446727,-6.8457213720695425],[115.4309952946228,-6.8456943156455177]],[[115.4313924169893,-6.845699668848976],[115.43140144060078,-6.8456995855359954],[115.43140152395833,-6.8457086043390181],[115.43139250034667,-6.8457086876521105],[115.4313924169893,-6.845699668848976]],[[115.43103155578837,-6.8457120200377828],[115.43104960302054,-6.8457118534248949],[115.43104968637164,-6.8457208722322349],[115.43105870998772,-6.8457207889254272],[115.43105879333909,-6.8457298077326509],[115.43103172248996,-6.8457300576529008],[115.43103155578837,-6.8457120200377828]],[[115.43113098226513,-6.8457291412712484],[115.43114902949553,-6.8457289746542154],[115.43114911284869,-6.8457379934603262],[115.43117618369394,-6.8457377435331814],[115.4311762670477,-6.8457467623389565],[115.43114017258648,-6.8457470955752564],[115.43114025593971,-6.845756114381488],[115.43113123232396,-6.8457561976902532],[115.43113114897091,-6.8457471788839106],[115.4311221253552,-6.8457472621923969],[115.43112204200243,-6.8457382433859575],[115.43113106561796,-6.8457381600775831],[115.43113098226513,-6.8457291412712484]],[[115.43124837260963,-6.8457370770533883],[115.4312573962236,-6.8457369937426584],[115.4312574795789,-6.8457460125474352],[115.43124845596476,-6.8457460958582779],[115.43124837260963,-6.8457370770533883]],[[115.43122155183129,-6.8457643834002244],[115.43124862267535,-6.8457641334680437],[115.43124895609789,-6.845800208687538],[115.43123090886729,-6.8458003753100467],[115.43123082551182,-6.8457913565049457],[115.43121277828109,-6.84579152312656],[115.43121269492609,-6.8457825043212495],[115.43122171854134,-6.8457824210106377],[115.43122155183129,-6.8457643834002244]],[[115.4313748699099,-6.8457539482945213],[115.43138389352261,-6.8457538649812113],[115.43138414359657,-6.8457809213908378],[115.43137511998336,-6.84578100470448],[115.4313748699099,-6.8457539482945213]],[[115.43164657860314,-6.8458596744217965],[115.43165560221452,-6.8458595911021085],[115.43165568557879,-6.8458686099019515],[115.43164666196725,-6.8458686932217505],[115.43164657860314,-6.8458596744217965]],[[115.4320079398255,-6.8459014354805623],[115.43201696343321,-6.8459013521535876],[115.43201704680479,-6.845910370948979],[115.4320080231969,-6.8459104542760629],[115.4320079398255,-6.8459014354805623]],[[115.43197201213512,-6.8459198063786602],[115.431990059352,-6.8459196397254463],[115.43199014272329,-6.8459286585211601],[115.43197209550608,-6.845928825174596],[115.43197201213512,-6.8459198063786602]],[[115.43196232156423,-6.8458477393364889],[115.43194427434938,-6.8458479059869211],[115.43194419097992,-6.845838887190598],[115.43196223819443,-6.8458387205403879],[115.43196232156423,-6.8458477393364889]],[[115.43199816588158,-6.845820349646667],[115.43198914227514,-6.8458204329723085],[115.43198922564521,-6.8458294517680702],[115.43197117843171,-6.8458296184190672],[115.43197092832287,-6.8458025620311043],[115.43198897553538,-6.8458023953807716],[115.43198905890519,-6.8458114141765423],[115.43199808251146,-6.8458113308510118],[115.43199816588158,-6.845820349646667]]],[[[115.42943931499828,-6.8452847568046113],[115.42943948162963,-6.8453027944591547],[115.42945752888554,-6.8453026279159204],[115.42945744556948,-6.8452936090888796],[115.42944842194174,-6.845293692360471],[115.42944833862597,-6.8452846735332988],[115.42943931499828,-6.8452847568046113]]],[[[115.42943931499828,-6.8452847568046113],[115.42943923168279,-6.8452757379773566],[115.42942118442744,-6.8452759045192542],[115.4294212677426,-6.8452849233467292],[115.42943931499828,-6.8452847568046113]]],[[[115.429529218002,-6.8452478487792572],[115.42950214712369,-6.8452480985959037],[115.42950256370648,-6.845293192728402],[115.42951158733354,-6.8452931094558016],[115.42951133738303,-6.8452660529766476],[115.42952938463581,-6.8452658864316058],[115.42952946795286,-6.8452749052577735],[115.42954751520554,-6.8452747387118364],[115.42954743188814,-6.8452657198858899],[115.42955645551413,-6.8452656366127806],[115.42955637219667,-6.8452566177869416],[115.42952930131884,-6.8452568676054346],[115.429529218002,-6.8452478487792572]]],[[[115.42896064603868,-6.8452440757775612],[115.42896056273264,-6.8452350569444178],[115.42895153909991,-6.8452351402059781],[115.42895162240576,-6.8452441590392317],[115.42896064603868,-6.8452440757775612]]],[[[115.42897852669155,-6.8452258715878518],[115.42896950305924,-6.8452259548496368],[115.42896975297776,-6.8452530113487846],[115.42897877661059,-6.8452529280866674],[115.42897885991718,-6.8452619469195977],[115.42898788355008,-6.8452618636572016],[115.42898780024335,-6.8452528448243815],[115.42899682387596,-6.8452527615619276],[115.42899674056918,-6.8452437427291981],[115.42898771693673,-6.8452438259915418],[115.42898763363021,-6.8452348071587297],[115.42897860999778,-6.8452348904207936],[115.42897852669155,-6.8452258715878518]]],[[[115.42924873574435,-6.8451692606782144],[115.42923971211638,-6.8451693439443844],[115.42923987873738,-6.8451873816038979],[115.42922183148045,-6.8451875481361766],[115.4292219981012,-6.8452055857961129],[115.42924004535882,-6.8452054192633938],[115.42924012866972,-6.8452144380931346],[115.4292581759272,-6.8452142715595192],[115.42925784268296,-6.845178196241414],[115.42924881905496,-6.8451782795078628],[115.42924873574435,-6.8451692606782144]]],[[[115.42773276467018,-6.8451832470338605],[115.42773251482387,-6.8451561904890976],[115.42771446753112,-6.8451563569640568],[115.42771471737642,-6.8451834135094831],[115.42773276467018,-6.8451832470338605]]],[[[115.42951025427577,-6.8451488082331924],[115.42951017096061,-6.8451397894067432],[115.42950114733642,-6.8451398726774606],[115.42950123065141,-6.8451488915040208],[115.42951025427577,-6.8451488082331924]]],[[[115.4295462654563,-6.8451394563221859],[115.42953724183255,-6.8451395395935775],[115.42953732514823,-6.8451485584196963],[115.42951927790006,-6.8451487249621961],[115.42951944453101,-6.8451667626148609],[115.42950139728171,-6.8451669291571307],[115.42950156391248,-6.8451849668102218],[115.42949254028733,-6.8451850500813256],[115.42949287354953,-6.8452211253878978],[115.42950189717534,-6.8452210421163517],[115.42950181385947,-6.8452120232898253],[115.429510837485,-6.8452119400182223],[115.42951075416907,-6.8452029211918015],[115.42951977779434,-6.8452028379201399],[115.42951994442669,-6.8452208755727542],[115.42952896805215,-6.8452207923007027],[115.42952905136868,-6.8452298111268917],[115.42954709861965,-6.8452296445820622],[115.42954718193658,-6.8452386634080105],[115.42956522918746,-6.8452384968622857],[115.42956531250486,-6.8452475156880404],[115.42959238338084,-6.8452472658678607],[115.42959246669885,-6.845256284693261],[115.42960149032413,-6.8452562014194207],[115.42960140700593,-6.8452471825941306],[115.42961043063093,-6.8452470993202308],[115.42961034731267,-6.8452380804950304],[115.42959230006292,-6.8452382470424382],[115.42959221674514,-6.8452292282170442],[115.42960124036988,-6.8452291449435361],[115.42960115705205,-6.8452201261182317],[115.42961018067652,-6.8452200428446668],[115.42961009735862,-6.845211024019469],[115.42961912098282,-6.8452109407458455],[115.42961895434699,-6.8451929030956755],[115.42960993072315,-6.8451929863690788],[115.42960984740559,-6.8451839675438499],[115.42960082378177,-6.8451840508169743],[115.42960074046447,-6.8451750319916487],[115.42960976408811,-6.8451749487186362],[115.42960959745353,-6.8451569110681936],[115.42959155020684,-6.8451570776136075],[115.42959146689003,-6.8451480587881584],[115.42954634877212,-6.8451484751481928],[115.4295462654563,-6.8451394563221859]],[[115.42957391954359,-6.8452023382866365],[115.42959196679242,-6.8452021717407892],[115.42959205010987,-6.8452111905662116],[115.4295740028607,-6.845211357112281],[115.42957391954359,-6.8452023382866365]]],[[[115.42848139378218,-6.8451402623455513],[115.42848131048643,-6.8451312435064713],[115.42846326321296,-6.8451314100089249],[115.42846334650838,-6.845140428848226],[115.42848139378218,-6.8451402623455513]]],[[[115.42940172083688,-6.8451227509886836],[115.4294015542114,-6.8451047133330949],[115.4293925305865,-6.8451047966013503],[115.42939269721164,-6.8451228342571611],[115.42940172083688,-6.8451227509886836]]],[[[115.42907670364508,-6.8451077108842799],[115.42907662033856,-6.8450986920524919],[115.4290856439672,-6.8450986087902379],[115.42908556066064,-6.8450895899585573],[115.42906751340358,-6.8450897564826771],[115.42906759670981,-6.8450987753145798],[115.42905857308095,-6.8450988585764971],[115.42905865638713,-6.8451078774085055],[115.42907670364508,-6.8451077108842799]]],[[[115.42852601218691,-6.8450857330546766],[115.42850796491624,-6.8450858995577066],[115.42850821480361,-6.8451129560740194],[115.42852626207531,-6.845112789570325],[115.42852617877905,-6.8451037707317859],[115.42853520241455,-6.8451036874797975],[115.42853511911824,-6.8450946686413641],[115.42852609548291,-6.8450947518932423],[115.42852601218691,-6.8450857330546766]]],[[[115.42865242636725,-6.8450935863516342],[115.42865234306889,-6.8450845675146201],[115.42863429580137,-6.8450847340223619],[115.42863437909941,-6.8450937528595981],[115.42865242636725,-6.8450935863516342]]],[[[115.42935266254132,-6.8450961448967167],[115.4293653763993,-6.8450960275768651],[115.42936520977585,-6.8450779899203473],[115.42935249591835,-6.8450781072398881],[115.42932911527591,-6.8450783229883392],[115.42932928189802,-6.8450963606457433],[115.42935266254132,-6.8450961448967167]]],[[[115.42830944490942,-6.8450877310466032],[115.42830936161756,-6.8450787122054102],[115.42831838525525,-6.8450786289577925],[115.42831830196332,-6.8450696101166884],[115.42830025468817,-6.8450697766115347],[115.42830042127146,-6.8450878142941631],[115.42830944490942,-6.8450877310466032]]],[[[115.42868843760255,-6.8450842344971168],[115.42868827100479,-6.845066196824007],[115.42867924737187,-6.8450662800784148],[115.42867933067053,-6.8450752989150896],[115.42867030703734,-6.8450753821694406],[115.42867039033594,-6.8450844010062042],[115.42868843760255,-6.8450842344971168]]],[[[115.42923871239985,-6.8450611179869378],[115.42922968877377,-6.8450612012516112],[115.42922977208271,-6.8450702200815332],[115.42922074845639,-6.845070303346148],[115.42922083176524,-6.8450793221761597],[115.42923887901814,-6.8450791556465402],[115.42923871239985,-6.8450611179869378]]],[[[115.4293200083399,-6.8450693874261228],[115.42931992502929,-6.8450603685973084],[115.42931090140425,-6.8450604518634952],[115.4293109847147,-6.8450694706924207],[115.4293200083399,-6.8450693874261228]]],[[[115.42923871239985,-6.8450611179869378],[115.42924773602579,-6.8450610347220966],[115.42924781933505,-6.8450700535517974],[115.4292748902127,-6.8450698037559317],[115.4292749735226,-6.845078822585279],[115.42928399714843,-6.8450787393195434],[115.42928408045859,-6.845087758148809],[115.42930212771024,-6.8450875916166112],[115.42930204439973,-6.8450785727875667],[115.42929302077414,-6.845078656053639],[115.42929285415383,-6.8450606183953662],[115.42930187777908,-6.8450605351295142],[115.42930179446893,-6.845051516300475],[115.42923862909088,-6.8450520991571224],[115.42923871239985,-6.8450611179869378]]],[[[115.42934691259273,-6.8450510999692487],[115.42934682928185,-6.8450420811407575],[115.4293378056575,-6.8450421644072295],[115.42933788896821,-6.8450511832358298],[115.42934691259273,-6.8450510999692487]]],[[[115.42807441384949,-6.8450448012079814],[115.42807433056257,-6.8450357823638903],[115.42806530692269,-6.8450358656064099],[115.42806539020945,-6.8450448844506129],[115.42807441384949,-6.8450448012079814]]],[[[115.42892246890669,-6.845018937981858],[115.42890442164828,-6.8450191044981485],[115.42890450495059,-6.845028123332078],[115.42891352858004,-6.8450280400739061],[115.42891361188261,-6.845037058907705],[115.42892263551208,-6.8450369756492542],[115.42892246890669,-6.845018937981858]]],[[[115.42828170766745,-6.8450158300563393],[115.42828179095804,-6.8450248488979115],[115.42829081459506,-6.8450247656514627],[115.42829073130433,-6.8450157468100006],[115.42828170766745,-6.8450158300563393]]],[[[115.42828170766745,-6.8450158300563393],[115.42828162437699,-6.8450068112147626],[115.42826357710332,-6.8450069777067117],[115.42826366039345,-6.8450159965485096],[115.42828170766745,-6.8450158300563393]]],[[[115.42885913689773,-6.845001483116949],[115.4288320660086,-6.8450017328869324],[115.42883214930934,-6.8450107517217562],[115.42880507841869,-6.8450110014905583],[115.42880516171901,-6.845020020325709],[115.42878711445769,-6.8450201868376235],[115.42878719775781,-6.8450292056729936],[115.42877817412682,-6.8450292889288091],[115.42877825742687,-6.8450383077642662],[115.42876923379556,-6.8450383910200241],[115.42876931709559,-6.8450474098556233],[115.42877834072705,-6.8450473265997545],[115.42877850732771,-6.845065364270682],[115.42881460185373,-6.8450650312446397],[115.42881468515489,-6.8450740500796545],[115.42885077967981,-6.8450737170504761],[115.42885086298179,-6.8450827358850264],[115.42885988661288,-6.8450826526272017],[115.42885980331074,-6.8450736337927616],[115.4288868742029,-6.8450733840186055],[115.42888654099346,-6.8450373086820466],[115.42889556462332,-6.8450372254241012],[115.42889539801891,-6.8450191877560407],[115.42887735075985,-6.8450193542713214],[115.42887726745816,-6.8450103354370553],[115.42885922019894,-6.8450105019514398],[115.42885913689773,-6.845001483116949]]],[[[115.42803798614433,-6.8450090587992776],[115.42803790285853,-6.8450000399547246],[115.42801985557911,-6.8450002064373638],[115.42801993886455,-6.845009225282138],[115.42803798614433,-6.8450090587992776]]],[[[115.42826357710332,-6.8450069777067117],[115.42826349381329,-6.8449979588649255],[115.42822739926527,-6.8449982918463617],[115.4282274825546,-6.8450073106885903],[115.42826357710332,-6.8450069777067117]]],[[[115.42774012269068,-6.8450027868322012],[115.42774914633391,-6.8450027035961831],[115.42774906305361,-6.844993684748049],[115.42772199212405,-6.8449939344552684],[115.42772207540385,-6.8450029533037338],[115.42773109904731,-6.8450028700680523],[115.42773118232739,-6.8450118889163676],[115.42774020597091,-6.8450118056804063],[115.42774012269068,-6.8450027868322012]]],[[[115.42781222855203,-6.8449931020919808],[115.42781214527066,-6.8449840832446354],[115.42780312162851,-6.8449841664816109],[115.42780320490971,-6.8449931853290673],[115.42781222855203,-6.8449931020919808]]],[[[115.42763167240683,-6.8449857479521681],[115.42763158912894,-6.8449767291026049],[115.42762256548474,-6.8449768123361032],[115.42762264876245,-6.8449858311857774],[115.42763167240683,-6.8449857479521681]]],[[[115.42815487701294,-6.8449628824285726],[115.42815479372551,-6.8449538635854204],[115.42813674645069,-6.844954030071329],[115.4281368297378,-6.8449630489147033],[115.42815487701294,-6.8449628824285726]]],[[[115.42782075250666,-6.8449389057712526],[115.4278206692258,-6.8449298869239907],[115.42782969286669,-6.8449298036873421],[115.42782952630499,-6.8449117659930296],[115.42781147902376,-6.8449119324657133],[115.42781172886549,-6.8449389890078427],[115.42782075250666,-6.8449389057712526]]],[[[115.42902072917477,-6.8449097961400058],[115.42902064587174,-6.8449007773074584],[115.42902966949737,-6.8449006940486488],[115.4290296283631,-6.8448962406376754],[115.42901347365678,-6.844891823882377],[115.42901153894329,-6.8448918417334363],[115.42901170554889,-6.8449098793987577],[115.42902072917477,-6.8449097961400058]]],[[[115.42771196913387,-6.8448857915076093],[115.42770294549234,-6.8448858747415162],[115.42770302877045,-6.8448948935902543],[115.42771205241213,-6.8448948103562373],[115.42771196913387,-6.8448857915076093]]],[[[115.42789216094926,-6.844853697238209],[115.42783397700009,-6.8448582819999784],[115.42782873800014,-6.8448586949999095],[115.42781998648471,-6.8448559494581644],[115.42782033610348,-6.8448938115349032],[115.4278293597437,-6.8448937282986968],[115.42782944302428,-6.8449027471458654],[115.42783846666454,-6.8449026639093811],[115.42783854994541,-6.8449116827564342],[115.42785659722597,-6.844911516282739],[115.42785634738271,-6.8448844597422154],[115.42787439466179,-6.8448842932685103],[115.42787431138059,-6.8448752744219039],[115.42786528774127,-6.8448753576587302],[115.42786520446036,-6.8448663388119915],[115.42789227537746,-6.8448660891013429],[115.42789216094926,-6.844853697238209]]],[[[115.42771196913387,-6.8448857915076093],[115.42772099277525,-6.8448857082735346],[115.42772090949693,-6.844876689425047],[115.42772993313802,-6.8448766061909136],[115.42772984985963,-6.8448675873425158],[115.42774789714119,-6.8448674208739666],[115.42774781386257,-6.8448584020257845],[115.42776586114336,-6.8448582355567842],[115.42776569458577,-6.8448401978608677],[115.42776966107938,-6.8448401612737415],[115.42765707520108,-6.8448048405849189],[115.42765724434537,-6.8448231589634929],[115.42769333890828,-6.8448228260333206],[115.42769383857289,-6.8448769391264346],[115.42770286221435,-6.8448768558928066],[115.42770277893646,-6.8448678370440765],[115.42771180257763,-6.8448677538103908],[115.42771196913387,-6.8448857915076093]]],[[[115.42614352510478,-6.8441036144252649],[115.42614355199629,-6.8441065280900073],[115.42613452835018,-6.8441066112850617],[115.42613461158926,-6.844115630153297],[115.42614363523558,-6.8441155469581307],[115.42614371847495,-6.8441245658262835],[115.42616176576755,-6.8441243994352243],[115.42616184900737,-6.8441334183031355],[115.42617989629983,-6.8441332519111828],[115.42617981305965,-6.8441242330434937],[115.42619786035134,-6.8441240666510881],[115.42619782983343,-6.844120760121319],[115.42614352510478,-6.8441036144252649]]],[[[115.42612473542863,-6.8440976819365869],[115.42609827116448,-6.8440893263385894],[115.42609835052625,-6.8440979251949035],[115.42612473542863,-6.8440976819365869]]],[[[115.42575428664466,-6.8439748222314547],[115.42575420341443,-6.8439658033584863],[115.42574517976618,-6.8439658865445354],[115.42574526299624,-6.8439749054176158],[115.42575428664466,-6.8439748222314547]]],[[[115.42551892272044,-6.8438958151341813],[115.42551900594539,-6.8439048340100594],[115.42552802959528,-6.8439047508289921],[115.42552794637014,-6.8438957319532232],[115.42551892272044,-6.8438958151341813]]],[[[115.42551892272044,-6.8438958151341813],[115.42551883949558,-6.843886796258297],[115.42548274489626,-6.8438871289800041],[115.42548282812042,-6.8438961478563307],[115.42551892272044,-6.8438958151341813]]],[[[115.42560005233747,-6.8438860476246122],[115.42556395774221,-6.8438863803523766],[115.4255640409679,-6.8438953992277076],[115.42554599366923,-6.8438955655908025],[115.4255460768947,-6.8439045844663493],[115.42558217149224,-6.8439042517390458],[115.42558225471849,-6.8439132706141308],[115.42560932566596,-6.8439130210665535],[115.42560924243919,-6.8439040021918007],[115.42560021879031,-6.8439040853743842],[115.42560005233747,-6.8438860476246122]]],[[[115.42482310281986,-6.8437939929495357],[115.42482301960932,-6.8437849740650805],[115.42481399595303,-6.8437850572314769],[115.4248140791634,-6.8437940761160405],[115.42482310281986,-6.8437939929495357]]],[[[115.42548182943776,-6.843787921340124],[115.42548166299221,-6.8437698835873624],[115.42547263934432,-6.8437699667659304],[115.42547280578951,-6.8437880045189132],[115.42548182943776,-6.843787921340124]]],[[[115.42484984094506,-6.8437576679124943],[115.42484975773446,-6.8437486490283552],[115.4248407340792,-6.8437487321948112],[115.42484081728963,-6.8437577510790613],[115.42484984094506,-6.8437576679124943]]],[[[115.42485645153387,-6.8434960371071405],[115.42485628511895,-6.8434779993388242],[115.42484726146884,-6.8434780825021315],[115.42484742788341,-6.8434961202706699],[115.42485645153387,-6.8434960371071405]]],[[[115.4247472524669,-6.8433978273178244],[115.42473822881693,-6.8433979104781173],[115.42473831202112,-6.8434069293637547],[115.42472928837091,-6.8434070125239899],[115.42472953798367,-6.8434340691812086],[115.42475660893551,-6.8434338196990021],[115.42475669214051,-6.8434428385844015],[115.42477473944153,-6.843442672261868],[115.42477457303099,-6.8434246344915071],[115.42476554938085,-6.8434247176526375],[115.42476546617594,-6.8434156987673571],[115.42475644252589,-6.8434157819282078],[115.42475635932125,-6.8434067630427791],[115.42474733567124,-6.8434068462033508],[115.4247472524669,-6.8433978273178244]]],[[[115.42380721174243,-6.8432351160427292],[115.42380712855783,-6.8432260971456129],[115.42379810489957,-6.8432261802861944],[115.42379818808404,-6.8432351991834217],[115.42380721174243,-6.8432351160427292]]],[[[115.42428529909114,-6.8432126715627239],[115.42430334639506,-6.843212505263442],[115.42430324468738,-6.8432014792949252],[115.42426706176423,-6.8431922376368659],[115.42426708540091,-6.8431948000783436],[115.4242580617489,-6.8431948832271754],[115.42425822813441,-6.8432129210103882],[115.42424018082936,-6.8432130873079888],[115.42424026402193,-6.8432221061997858],[115.42424928767466,-6.8432220230509584],[115.42424937086754,-6.8432310419426559],[115.42428546547809,-6.8432307093452236],[115.42428529909114,-6.8432126715627239]]],[[[115.42353533743734,-6.8431113455838624],[115.42353525425935,-6.8431023266833506],[115.42351720694072,-6.8431024929511555],[115.42351729011837,-6.8431115118518884],[115.42353533743734,-6.8431113455838624]]],[[[115.42364362134175,-6.8431103479615691],[115.42364345498186,-6.8430923101632297],[115.42363443132412,-6.8430923932991252],[115.42363451450385,-6.84310141219839],[115.42362549084579,-6.8431014953342286],[115.42362557402549,-6.8431105142336337],[115.42364362134175,-6.8431103479615691]]],[[[115.42370653740198,-6.843082709308848],[115.42369751374518,-6.8430827924458102],[115.42369759692598,-6.8430918113443235],[115.42368857326889,-6.8430918944812289],[115.42368865644964,-6.843100913379832],[115.42367963279229,-6.8431009965166778],[115.42367971597297,-6.8431100154154212],[115.42367069231534,-6.8431100985522102],[115.42367085867672,-6.8431281363498702],[115.42363476404373,-6.8431284688962295],[115.42363484722391,-6.8431374877954942],[115.42356265795112,-6.843138152881024],[115.42356274113006,-6.8431471717811521],[115.42351762283012,-6.8431475874546921],[115.423517539652,-6.8431385685540098],[115.42349949233159,-6.8431387348220269],[115.42349940915395,-6.8431297159211031],[115.42349038549371,-6.8431297990547497],[115.42349030231632,-6.8431207801537104],[115.42348127865617,-6.8431208632870764],[115.42348136183338,-6.8431298821882258],[115.42347233817294,-6.8431299653215358],[115.42347250452735,-6.8431480031240257],[115.42348152818815,-6.8431479199904963],[115.42348169454334,-6.843165957792781],[115.42350876552599,-6.8431657083905169],[115.42350884870427,-6.8431747272913137],[115.4235178723651,-6.8431746441567789],[115.42351795554364,-6.8431836630574594],[115.423545026526,-6.8431834136525138],[115.42354510970516,-6.8431924325528586],[115.42355413336587,-6.8431923494174303],[115.42355421654534,-6.8432013683176587],[115.42356324020611,-6.8432012851819515],[115.42356315702649,-6.8431922662818323],[115.42357218068697,-6.8431921831460665],[115.4235720975073,-6.843183164246053],[115.42359916848763,-6.8431829148380787],[115.42359908530757,-6.843173895938393],[115.42366225092319,-6.843173313981338],[115.42366216774204,-6.8431642950824205],[115.42368923871798,-6.8431640456700622],[115.42368915553645,-6.8431550267714725],[115.42370720285285,-6.8431548604959476],[115.42370728603471,-6.8431638793943144],[115.42373435700894,-6.8431636299794327],[115.42373419064432,-6.8431455921833395],[115.42374321430184,-6.8431455090449305],[115.42374338066681,-6.8431635468408016],[115.42375240432457,-6.8431634637020036],[115.42375248750737,-6.8431724825998135],[115.42377053482285,-6.8431723163214899],[115.4237704516397,-6.8431632974239003],[115.42377947529712,-6.843163214284596],[115.42377955848045,-6.8431722331820755],[115.4237885821379,-6.8431721500424922],[115.42378866532152,-6.8431811689398572],[115.42379768897905,-6.8431810857999951],[115.42379793853102,-6.8432081424917293],[115.42380696218893,-6.8432080593513671],[115.42380646308497,-6.8431539459685258],[115.42379743942807,-6.8431540291082227],[115.42379735624463,-6.8431450102109412],[115.42377930893082,-6.8431451764896094],[115.42377922574784,-6.8431361575921343],[115.42377020209091,-6.8431362407311065],[115.42377011890821,-6.8431272218335],[115.42374304793734,-6.8431274712490735],[115.42374296475523,-6.8431184523511313],[115.42372491744109,-6.8431186186271189],[115.42372483425946,-6.8431095997289502],[115.4237158106024,-6.8431096828665812],[115.42371564423978,-6.8430916450700101],[115.42370662058295,-6.8430917282072512],[115.42370653740198,-6.843082709308848]]],[[[115.42350785057242,-6.8430665004814717],[115.42348980325445,-6.8430666667473847],[115.42348988643114,-6.8430756856484489],[115.42349891009036,-6.8430756025154666],[115.42349899326734,-6.8430846214164172],[115.42351704058574,-6.843084455149727],[115.42351695740841,-6.8430754362489976],[115.42350793374945,-6.8430755193823165],[115.42350785057242,-6.8430665004814717]]],[[[115.4234080080949,-6.8430042826211102],[115.42335386613931,-6.8430047814010768],[115.42335394931273,-6.8430138003038481],[115.4233449256529,-6.8430138834333638],[115.42334509199966,-6.8430319212390645],[115.42333606833941,-6.8430320043686335],[115.4233361515128,-6.8430410232715957],[115.4233090805308,-6.8430412726596259],[115.42330916370379,-6.8430502915629141],[115.42330014004274,-6.8430503746920319],[115.42330047273516,-6.8430864503055906],[115.42332754372003,-6.8430862009164066],[115.42332762689394,-6.8430952198194541],[115.42335469787828,-6.8430949704284254],[115.42335461470387,-6.8430859515257101],[115.42336363836495,-6.8430858683951419],[115.42336372153953,-6.8430948872977453],[115.42339079252251,-6.8430946379046977],[115.42339087569771,-6.8431036568069485],[115.42341794668019,-6.8431034074120554],[115.42341802985599,-6.8431124263140042],[115.42342705351679,-6.8431123431819261],[115.42342713669287,-6.8431213620837443],[115.42343616035372,-6.8431212789513873],[115.42343624353008,-6.8431302978530892],[115.42345429085174,-6.8431301315876487],[115.42345404132196,-6.8431030748831754],[115.42344501766168,-6.8431031580156478],[115.42344476813345,-6.8430761013108361],[115.42347183911238,-6.8430758519139081],[115.42347167275979,-6.8430578141113481],[115.42348069641888,-6.8430577309789236],[115.42348053006637,-6.8430396931765332],[115.42346248274876,-6.8430398594407711],[115.423462399573,-6.843030840539357],[115.42345337591419,-6.8430309236711135],[115.42345345908977,-6.8430399425726387],[115.42343541177146,-6.8430401088358677],[115.42343532859623,-6.8430310899341213],[115.42342630493708,-6.8430311730653735],[115.42342613858727,-6.8430131352616623],[115.42340809126931,-6.843013301523218],[115.4234080080949,-6.8430042826211102]]],[[[115.42211596073822,-6.8428357902032886],[115.42211587759026,-6.8428267712852966],[115.42210685391876,-6.8428268543893305],[115.42210693706654,-6.8428358733074335],[115.42211596073822,-6.8428357902032886]]],[[[115.42209783024715,-6.8428269374931965],[115.42209774709964,-6.8428179185749949],[115.42207067608464,-6.84281816788525],[115.42207075923167,-6.8428271868037838],[115.42209783024715,-6.8428269374931965]]],[[[115.42177247914756,-6.8427758155870597],[115.42177231286611,-6.8427577777426096],[115.4217632891917,-6.8427578608393649],[115.42176345547283,-6.842775898684037],[115.42177247914756,-6.8427758155870597]]],[[[115.42159158994534,-6.8427323828724278],[115.42159150680848,-6.8427233639479716],[115.42158248313251,-6.8427234470409219],[115.42158256626921,-6.8427324659654873],[115.42159158994534,-6.8427323828724278]]],[[[115.4216095541601,-6.8427231977615683],[115.42160947102302,-6.8427141788373289],[115.42160044734744,-6.8427142619305039],[115.42160053048434,-6.8427232808548553],[115.4216095541601,-6.8427231977615683]]],[[[115.42113924221249,-6.8426102722991766],[115.42113915908561,-6.8426012533691329],[115.42113013540637,-6.8426013364521232],[115.42113021853309,-6.8426103553822761],[115.42113924221249,-6.8426102722991766]]],[[[115.42127426487308,-6.842572950318913],[115.42126524119602,-6.8425730334040944],[115.42126540745394,-6.8425910712611087],[115.42128345480859,-6.8425909050901339],[115.42128353793805,-6.8425999240184128],[115.42131963264667,-6.8425995916740039],[115.4213197157769,-6.8426086106018369],[115.42132873945395,-6.8426085275152024],[115.4213288225845,-6.8426175464429217],[115.42136491729222,-6.8426172140942629],[115.42136475102991,-6.8425991762397063],[115.42133768000032,-6.84259942550079],[115.42133759686983,-6.8425904065731729],[115.42132857319326,-6.842590489659754],[115.42132849006305,-6.8425814707320241],[115.42130141903311,-6.8425817199904246],[115.42130150216279,-6.8425907389184859],[115.42129247848574,-6.8425908220043956],[115.42129239535622,-6.8425818030762215],[115.42127434800214,-6.8425819692473109],[115.42127426487308,-6.842572950318913]]],[[[115.42163546127057,-6.8425966835455965],[115.42164448494353,-6.8425966004531844],[115.42164426890726,-6.8425731640093748],[115.42161713194078,-6.842566258868362],[115.42161724765305,-6.8425788118815296],[115.42159920030707,-6.8425789780647328],[115.42159936657767,-6.8425970159135598],[115.42162643759752,-6.8425967666378389],[115.42162677014207,-6.8426328423341127],[115.42164481748942,-6.8426326761485745],[115.42164473435278,-6.8426236572247339],[115.42165375802611,-6.8426235741318209],[115.42165384116292,-6.8426325930555523],[115.42166286483631,-6.8426325099623631],[115.42166278169933,-6.8426234910387436],[115.42167180537245,-6.8426234079454957],[115.42167172223543,-6.8426143890219819],[115.42166269856247,-6.8426144721151179],[115.4216626154257,-6.8426054531914895],[115.42163554440671,-6.8426057024695606],[115.42163546127057,-6.8425966835455965]]],[[[115.42116581448741,-6.8425559094705299],[115.42116573136069,-6.8425468905407749],[115.42115670768278,-6.8425469736236071],[115.42115679080933,-6.8425559925534714],[115.42116581448741,-6.8425559094705299]]],[[[115.42114760087853,-6.8425380377763236],[115.42112052984437,-6.8425382870229718],[115.42112061297013,-6.8425473059532491],[115.42112963664846,-6.842547222871092],[115.42112971977448,-6.8425562418012884],[115.42114776713116,-6.8425560756362449],[115.42114760087853,-6.8425380377763236]]],[[[115.42107582707757,-6.842583797084882],[115.42107566082697,-6.842565759223219],[115.42109370818532,-6.842565593059974],[115.42109362505985,-6.8425565741293566],[115.42110264873865,-6.8425564910475902],[115.4211024824877,-6.8425384531865641],[115.4211115061661,-6.8425383701048519],[115.42111142304063,-6.8425293511744423],[115.42109337568408,-6.8425295173374758],[115.42109354193447,-6.842547555198716],[115.42108451825567,-6.8425476382802009],[115.42108460138087,-6.8425566572109515],[115.42105753034335,-6.8425569064547309],[115.4210577797181,-6.8425839632478969],[115.42107582707757,-6.842583797084882]]],[[[115.42086770056848,-6.842522575385221],[115.42086761744775,-6.8425135564518182],[115.42084957008582,-6.8425137226053261],[115.4208496532062,-6.8425227415389491],[115.42086770056848,-6.842522575385221]]],[[[115.4209308663329,-6.8425219938418742],[115.42093078321101,-6.8425129749092442],[115.42089468848982,-6.8425133072202966],[115.42089477161103,-6.8425223261533672],[115.4209308663329,-6.8425219938418742]]],[[[115.42095793737312,-6.8425217446064863],[115.42095785425072,-6.8425127256741902],[115.42093980689101,-6.8425128918310616],[115.42093989001309,-6.8425219107635806],[115.42095793737312,-6.8425217446064863]]],[[[115.42126457616888,-6.8425008819758473],[115.42120141043586,-6.8425014635612209],[115.42120149356268,-6.8425104824905567],[115.42121051723933,-6.8425103994073249],[115.42121060036644,-6.8425194183365274],[115.42122864771974,-6.8425192521693416],[115.4212287308473,-6.8425282710983177],[115.42123775452393,-6.8425281880143611],[115.42123783765177,-6.8425372069432244],[115.42124686132847,-6.8425371238589889],[115.42124694445658,-6.8425461427877208],[115.42125596813337,-6.8425460597032064],[115.42125588500508,-6.8425370407745856],[115.42126490868155,-6.8425369576900144],[115.42126482555322,-6.8425279387614832],[115.42130994393311,-6.8425275233366536],[115.42130986080403,-6.8425185044086714],[115.42126474242498,-6.8425189198329477],[115.42126457616888,-6.8425008819758473]]],[[[115.42115612580014,-6.8424838411145608],[115.42112905476934,-6.8424840903597257],[115.42112922101995,-6.8425021282201257],[115.42114726837463,-6.8425019620564091],[115.42114735150042,-6.8425109809864075],[115.42116539885497,-6.8425108148217957],[115.4211653157288,-6.8425017958920193],[115.42115629205175,-6.8425018789742982],[115.42115612580014,-6.8424838411145608]]],[[[115.42103865174593,-6.8424668833033611],[115.42102060438998,-6.8424670494621544],[115.42102068751298,-6.8424760683937009],[115.42101166383463,-6.8424761514729564],[115.42101174695759,-6.8424851704046077],[115.42100272327899,-6.8424852534838054],[115.42100280640187,-6.8424942724155633],[115.42102085375933,-6.8424941062567788],[115.42102093688267,-6.8425031251882942],[115.42100288952487,-6.8425032913473007],[115.42100313889459,-6.8425303481425512],[115.42105728096962,-6.842529849661525],[115.42105719784526,-6.8425208307304484],[115.42104817416656,-6.8425209138109295],[115.42104784167091,-6.8424848380861336],[115.42103881799274,-6.8424849211660055],[115.42103865174593,-6.8424668833033611]]],[[[115.4207402053764,-6.8423974733574946],[115.42074012225963,-6.8423884544224833],[115.42072207489926,-6.8423886205681859],[115.42072215801574,-6.8423976395034174],[115.4207402053764,-6.8423974733574946]]],[[[115.41984519850214,-6.8422253178530736],[115.41985422219007,-6.8422252347987254],[115.41985397289626,-6.842198177960932],[115.4198269018337,-6.8421984271224794],[115.41982715112599,-6.8422254839612675],[115.41983617481411,-6.8422254009072541],[115.41983625791192,-6.8422344198533986],[115.41984528160015,-6.8422343367991072],[115.41984519850214,-6.8422253178530736]]],[[[115.42040416829286,-6.8421660545301348],[115.42037709725231,-6.8421663037214744],[115.42037718035957,-6.8421753226610136],[115.42036815667898,-6.842175405724567],[115.42036823978616,-6.8421844246642145],[115.42037726346693,-6.8421843416005501],[115.42037751278967,-6.8422113984191313],[115.42036848910843,-6.842211481483127],[115.42036857221606,-6.8422205004227559],[115.42035052485289,-6.8422206665504639],[115.42035044174558,-6.8422116476106138],[115.42032337070049,-6.8422118968005821],[115.42032328759382,-6.8422028778603972],[115.42031426391206,-6.842202960923272],[115.4203144301252,-6.8422209988038603],[115.42030540644301,-6.8422210818667892],[115.42030548954961,-6.8422301008071864],[115.42029646586711,-6.8422301838700585],[115.42029663208025,-6.8422482217510616],[115.42028760839732,-6.8422483048139853],[115.42028752529087,-6.8422392858733758],[115.42027850160798,-6.8422393689360197],[115.42027883403382,-6.8422754446988767],[115.4202878577174,-6.8422753616357896],[115.42028802393132,-6.8422933995169704],[115.42029704761507,-6.8422933164534943],[115.42029721382978,-6.8423113543344369],[115.42030623751378,-6.8423112712705718],[115.42030632062149,-6.8423202902109246],[115.42031534430552,-6.8423202071467806],[115.42031517808991,-6.8423021692662731],[115.42033322545701,-6.8423020031379229],[115.42033330856509,-6.8423110220779657],[115.42035135593208,-6.8423108559487211],[115.42035152214925,-6.84232889382832],[115.42036054583292,-6.8423288107632239],[115.42036062894185,-6.8423378297029069],[115.42039672367603,-6.8423374974403988],[115.42039680678575,-6.8423465163796182],[115.42042387783573,-6.8423462671806403],[115.42042379472549,-6.8423372482417522],[115.42043281840841,-6.8423371651752012],[115.42043273529814,-6.842328146236401],[115.42044175898079,-6.8423280631697923],[115.42044192520179,-6.8423461010471467],[115.42045094888466,-6.8423460179801472],[115.42045103199551,-6.8423550369187325],[115.42046005567842,-6.8423549538514541],[115.42046013878954,-6.8423639727899088],[115.42046916247254,-6.8423638897223515],[115.42046924558393,-6.8423729086606908],[115.42048729294989,-6.8423727425248524],[115.42048737606173,-6.8423817614629661],[115.42050542342761,-6.8423815953262324],[115.4205055065399,-6.8423906142641213],[115.4205596486358,-6.8423901158492217],[115.42055998109015,-6.8424261915980784],[115.42056900477306,-6.8424261085278983],[115.4205690878871,-6.8424351274649906],[115.42058713525296,-6.8424349613239039],[115.42058696902433,-6.8424169234501564],[115.42057794534178,-6.8424170065205629],[115.42057761288656,-6.8423809307725714],[115.42055956552251,-6.842381096911998],[115.4205594824093,-6.8423720779747672],[115.42058655345473,-6.8423718287657094],[115.42058638722767,-6.8423537908919005],[115.42057736354631,-6.8423538739615335],[115.42057719732004,-6.8423358360874857],[115.42059524468199,-6.8423356699484943],[115.42059532779538,-6.8423446888852819],[115.42060435147637,-6.8423446058154225],[115.42060443459006,-6.8423536247521293],[115.42062248195198,-6.8423534586116856],[115.42062231572403,-6.8423354207387428],[115.42063133940449,-6.842335337668489],[115.4206314225186,-6.8423443566048352],[115.4206404461991,-6.8423442735343043],[115.42064036308486,-6.8423352545980674],[115.42065841044521,-6.8423350884567204],[115.42065857667451,-6.8423531263287787],[115.42067662403511,-6.8423529601863162],[115.42067670715025,-6.8423619791221162],[115.42069475451072,-6.8423618129787602],[115.42069483762631,-6.8423708319143373],[115.42072190866674,-6.8423705826977086],[115.42072199178294,-6.842379601632949],[115.42073101546301,-6.8423795185602927],[115.42073093234661,-6.8423704996251624],[115.42073995602638,-6.8423704165524493],[115.42073978979363,-6.8423523786823965],[115.42073076611418,-6.8423524617548903],[115.42073068299811,-6.8423434428197298],[115.42071263563921,-6.8423436089639909],[115.4207125525236,-6.8423345900286385],[115.42068548148492,-6.8423348392434367],[115.42068531525506,-6.8423168013720232],[115.42067629157562,-6.8423168844430649],[115.42067612534652,-6.8422988465713965],[115.42065807798797,-6.842299012712532],[115.42065799487391,-6.8422899937764958],[115.42064897119462,-6.8422900768467025],[115.42064888808088,-6.842281057910534],[115.42063084072232,-6.8422812240502191],[115.420630757609,-6.8422722051138258],[115.42062173392972,-6.8422722881833051],[115.42062165081671,-6.8422632692467973],[115.42061262713747,-6.8422633523159968],[115.42061254402473,-6.8422543333793904],[115.42060352034558,-6.8422544164483128],[115.4206034372331,-6.842245397511558],[115.42058538987474,-6.8422455636486772],[115.4205854729869,-6.8422545825856531],[115.42057644930738,-6.8422546656540701],[115.42057661553162,-6.8422727035281801],[115.42056759185165,-6.8422727865966513],[115.42056767496381,-6.8422818055338182],[115.42055865128357,-6.8422818886022316],[115.4205585681716,-6.8422728696649529],[115.42053149713071,-6.8422731188688504],[115.42053141401938,-6.8422640999312376],[115.42050434297799,-6.8422643491332877],[115.42050450919979,-6.842282387009174],[115.42049548551876,-6.8422824700764089],[115.42049556862966,-6.8422914890144559],[115.42048654494833,-6.8422915720816331],[115.42048646183761,-6.8422825531434759],[115.42047743815637,-6.8422826362103741],[115.42047735504593,-6.8422736172721033],[115.42045930768343,-6.8422737834051741],[115.42045922457345,-6.8422647644666759],[115.42045020089219,-6.8422648475328494],[115.42045003467287,-6.8422468096556193],[115.42047710571528,-6.8422465604572587],[115.42047702260527,-6.84223754151897],[115.42048604628567,-6.8422374584526233],[115.42048596317562,-6.8422284395144404],[115.42045889213458,-6.842228688712642],[115.42045880902515,-6.8422196697741224],[115.42044076166422,-6.8422198359051949],[115.42044067855524,-6.8422108169664497],[115.42039556015185,-6.8422112322906345],[115.4203954770438,-6.8422022133513334],[115.42041352440515,-6.8422020472223855],[115.4204134412969,-6.8421930282832992],[115.42042246497725,-6.8421929452186836],[115.42042238186896,-6.8421839262797048],[115.42040433450846,-6.8421840924085471],[115.42040416829286,-6.8421660545301348]],[[115.42048696050362,-6.8423366667723551],[115.42049598418579,-6.8423365837046246],[115.42049606729735,-6.842345602642629],[115.42048704361504,-6.8423456857104688],[115.42048696050362,-6.8423366667723551]]],[[[115.41988054537022,-6.8421438151241372],[115.41986249799798,-6.842143981231688],[115.41986266419272,-6.8421620191234025],[115.41988973525197,-6.8421617699611632],[115.41988965215403,-6.8421527510156466],[115.41988062846789,-6.8421528340697852],[115.41988054537022,-6.8421438151241372]]],[[[115.42009686449781,-6.8421147649521039],[115.42009694759916,-6.8421237838950963],[115.4201059712821,-6.8421237008372522],[115.42010588818056,-6.8421146818943708],[115.42009686449781,-6.8421147649521039]]],[[[115.41825436955362,-6.8419513259005429],[115.41825420342442,-6.8419332879693169],[115.41824517972236,-6.8419333709901329],[115.41824526278674,-6.841942389955868],[115.41823623908442,-6.8419424729766245],[115.41823632214876,-6.8419514919424484],[115.41825436955362,-6.8419513259005429]]],[[[115.41887650629087,-6.8418914832946749],[115.41884943520965,-6.8418917323901161],[115.41884951828487,-6.8419007513484837],[115.41884049459073,-6.8419008343800716],[115.41884057766589,-6.8419098533385121],[115.41886764874845,-6.8419096042429128],[115.41886773182422,-6.8419186232010336],[115.41890382660011,-6.8419182910707708],[115.41890374352367,-6.8419092721130914],[115.41888569613629,-6.8419094381783383],[115.41888561306027,-6.8419004192204502],[115.4188765893666,-6.8419005022527113],[115.41887650629087,-6.8418914832946749]]],[[[115.41845222643371,-6.8418773476895458],[115.41845214336625,-6.8418683287263216],[115.41844311966786,-6.8418684117500668],[115.41844320273516,-6.8418774307134012],[115.41845222643371,-6.8418773476895458]]],[[[115.41886731644648,-6.8418735284103835],[115.41886723337126,-6.8418645094522406],[115.41885820967802,-6.8418645924837245],[115.41885829275307,-6.8418736114419776],[115.41886731644648,-6.8418735284103835]]],[[[115.4184882381587,-6.8418679966296638],[115.41848815509069,-6.8418589776668934],[115.4184791313929,-6.8418590606912009],[115.41847921446076,-6.8418680796540805],[115.4184882381587,-6.8418679966296638]]],[[[115.41856051080774,-6.8418763513901695],[115.41856034466888,-6.8418583134663846],[115.418542297275,-6.8418584795175219],[115.41854246341319,-6.8418765174417482],[115.41856051080774,-6.8418763513901695]]],[[[115.41889430445032,-6.8418642603567843],[115.41889422137471,-6.8418552413989842],[115.41888519768197,-6.8418553244308615],[115.41888528075739,-6.8418643433887709],[115.41889430445032,-6.8418642603567843]]],[[[115.4189303992208,-6.8418639282271529],[115.41893031614453,-6.841854909269796],[115.41892129245224,-6.8418549923023457],[115.41892137552834,-6.8418640112598128],[115.4189303992208,-6.8418639282271529]]],[[[115.41889413829922,-6.8418462224411467],[115.41889405522384,-6.8418372034833226],[115.41888503153142,-6.8418372865149779],[115.41888511460664,-6.8418463054729139],[115.41889413829922,-6.8418462224411467]]],[[[115.41832564544862,-6.8418514531138781],[115.41835271654682,-6.8418512040493642],[115.41835255041637,-6.8418331661204563],[115.41833450301833,-6.8418333321631923],[115.41833458608318,-6.8418423511278688],[115.41830751498479,-6.8418426001910415],[115.41830759804925,-6.8418516191560457],[115.41829857434941,-6.8418517021768777],[115.41829865741379,-6.8418607211420053],[115.41830768111379,-6.8418606381210632],[115.41830776417845,-6.8418696570860416],[115.41828971677796,-6.8418698231279782],[115.41828979984243,-6.8418788420931902],[115.41828077614184,-6.841878925114016],[115.4182811914649,-6.8419240199405635],[115.41829923886763,-6.8419238538976375],[115.41829915580246,-6.8419148349325578],[115.41830817950348,-6.8419147519109531],[115.41830826256883,-6.8419237708759217],[115.41832630997089,-6.8419236048319867],[115.41832581157851,-6.8418694910434317],[115.41833483527836,-6.841869408021874],[115.41833475221318,-6.8418603890572269],[115.41832572851352,-6.8418604720786735],[115.41832564544862,-6.8418514531138781]]],[[[115.41885796045355,-6.8418375356089358],[115.41885787737897,-6.8418285166506658],[115.41884885368628,-6.8418285996815369],[115.41884893676072,-6.8418376186399197],[115.41885796045355,-6.8418375356089358]]],[[[115.41853310744048,-6.8418405246183394],[115.41853294130352,-6.8418224866938395],[115.41851489391031,-6.8418226527430832],[115.41851497697839,-6.8418316717055561],[115.41849692958441,-6.8418318377543477],[115.41849701265228,-6.8418408567170372],[115.41853310744048,-6.8418405246183394]]],[[[115.41842474000399,-6.8418325019427861],[115.41842465693756,-6.8418234829792084],[115.41843368063535,-6.8418233999563522],[115.41843359756888,-6.841814380992882],[115.41841555017356,-6.8418145470382026],[115.41841571630592,-6.8418325849655828],[115.41842474000399,-6.8418325019427861]]],[[[115.41896607860586,-6.841818501310124],[115.41896599552946,-6.8418094823531712],[115.41895697183844,-6.8418095653858408],[115.41895705491469,-6.8418185843429065],[115.41896607860586,-6.841818501310124]]],[[[115.41835238428637,-6.8418151281915307],[115.41835230122152,-6.8418061092270612],[115.41834327752308,-6.8418061922481819],[115.41834336058774,-6.8418152112127615],[115.41835238428637,-6.8418151281915307]]],[[[115.41845172803055,-6.8418232339101372],[115.41845164496377,-6.8418142149468872],[115.41846066866106,-6.8418141319236376],[115.4184605855942,-6.8418051129604942],[115.41844253819987,-6.8418052790066035],[115.41844270433302,-6.8418233169333291],[115.41845172803055,-6.8418232339101372]]],[[[115.41861398842781,-6.8418037015413891],[115.4186139053582,-6.8417946825801179],[115.41860488166319,-6.8417947656060054],[115.41860496473261,-6.8418037845673876],[115.41861398842781,-6.8418037015413891]]],[[[115.41836124185498,-6.8417970072414089],[115.41836115879019,-6.8417879882770407],[115.41835213509216,-6.841788071298109],[115.41835221815678,-6.8417970902625864],[115.41836124185498,-6.8417970072414089]]],[[[115.41792760587782,-6.841746878250115],[115.41792752282181,-6.8417378592804363],[115.41791849911941,-6.8417379422927658],[115.41791858217528,-6.8417469612625554],[115.41792760587782,-6.841746878250115]]],[[[115.41904629489376,-6.8417095265357188],[115.41904621181722,-6.8417005075797057],[115.41902816444116,-6.8417006736452546],[115.41902824751737,-6.8417096926014889],[115.41904629489376,-6.8417095265357188]]],[[[115.42009686449781,-6.8421147649521039],[115.42009678139658,-6.8421057460091088],[115.42008775771386,-6.8421058290665631],[115.42008759151203,-6.8420877911803366],[115.42009661519442,-6.8420877081231026],[115.42009644899271,-6.8420696702370796],[115.4201415674012,-6.8420692549494921],[115.42014165050284,-6.8420782738919543],[115.42015067418434,-6.8420781908338215],[115.42015075728625,-6.8420872097761682],[115.42017782833067,-6.8420869606004295],[115.42017791143319,-6.8420959795424219],[115.42018693511461,-6.8420958964833956],[115.42018701821745,-6.8421049154253089],[115.4201960418989,-6.8421048323660036],[115.4201962081052,-6.8421228702495602],[115.42020523178688,-6.842122787189866],[115.42020539799397,-6.8421408250731677],[115.4201693032652,-6.8421411573118194],[115.42016938636823,-6.8421501762539316],[115.42013329163696,-6.8421505084903327],[115.42013345784203,-6.8421685463753938],[115.42012443415859,-6.8421686294342949],[115.42012460036376,-6.8421866673195595],[115.42011557667989,-6.842186750378513],[115.42011615840038,-6.8422498829775709],[115.42012518208544,-6.8422497999178429],[115.42012534829263,-6.8422678378030284],[115.42013437197792,-6.842267754742914],[115.42013445508185,-6.8422767736853878],[115.42015250245241,-6.842276607564429],[115.42015241934816,-6.8422675886221747],[115.42017046671793,-6.8422674225007638],[115.42017038361345,-6.8422584035587422],[115.42019745466676,-6.8422581543756973],[115.42019737156187,-6.8422491354339696],[115.42020639524593,-6.8422490523727282],[115.42020631214098,-6.8422400334311231],[115.42021533582475,-6.8422399503698248],[115.42021541892987,-6.8422489693113189],[115.42022444261369,-6.8422488862497408],[115.42022419329817,-6.8422218294255774],[115.42023321698139,-6.8422217463641628],[115.42023305077124,-6.842203708481585],[115.42024207445402,-6.8422036254202245],[115.42024215755919,-6.8422126443614033],[115.42026020492472,-6.842212478237955],[115.42026003871382,-6.8421944403560317],[115.42026906239606,-6.8421943572942761],[115.42026897929061,-6.8421853383534188],[115.42025995560854,-6.8421854214150644],[115.42025987250338,-6.8421764024740916],[115.42026889618529,-6.8421763194125571],[115.42026856376506,-6.842140243649049],[115.42027758744618,-6.8421401605877881],[115.42027767055123,-6.8421491795285734],[115.42029571791349,-6.8421490134053249],[115.42029563480811,-6.8421399944647598],[115.42030465848892,-6.8421399114029935],[115.42030457538345,-6.8421308924625688],[115.42031359906397,-6.8421308094007456],[115.42031351595847,-6.8421217904604106],[115.4203225396387,-6.8421217073985288],[115.42032245653313,-6.8421126884583003],[115.42034952757268,-6.8421124392719772],[115.42034945755047,-6.8421048402267948],[115.42019735800022,-6.8420544989999721],[115.41936424174271,-6.8417787585201264],[115.41936278857155,-6.841778771892832],[115.41936278400374,-6.8417782760434074],[115.41917202100001,-6.84171513799987],[115.41907324792571,-6.8416964637449613],[115.41907336595752,-6.8417092774358022],[115.41909141333277,-6.841709111368349],[115.41909149641027,-6.8417181303238053],[115.41910052009794,-6.8417180472897163],[115.41910060317574,-6.8417270662450571],[115.41910962686342,-6.8417269832106902],[115.41910970994149,-6.8417360021658995],[115.41912775731687,-6.8417358360964382],[115.41912792347402,-6.8417538740064519],[115.41913694716187,-6.8417537909712491],[115.4191370302408,-6.8417628099261307],[115.41915507761651,-6.8417626438549979],[115.41915499453727,-6.8417536249003374],[115.41916401822478,-6.8417535418646285],[115.4191641013042,-6.8417625608191788],[115.41918214867924,-6.8417623947470361],[115.41918231483911,-6.8417804326556828],[115.41915524377535,-6.8417806817643063],[115.41915532685495,-6.8417897007189543],[115.41913727947824,-6.8417898667907497],[115.41913736255761,-6.8417988857456145],[115.41914638624618,-6.8417988027096905],[115.41914655240558,-6.8418168406191837],[115.41915557609438,-6.8418167575828708],[115.41915574225459,-6.8418347954921268],[115.41914671856544,-6.8418348785286618],[115.41914721704769,-6.8418889922569868],[115.41915624073785,-6.8418889092197892],[115.4191563238188,-6.8418979281744017],[115.41913827643803,-6.8418980942488492],[115.41913844259958,-6.8419161321584516],[115.41912941890868,-6.8419162151956421],[115.41912958507035,-6.8419342531054648],[115.41912056137899,-6.8419343361427103],[115.41912064445981,-6.8419433550977091],[115.41912966815131,-6.8419432720603535],[115.41912975123242,-6.8419522910152706],[115.41913877492398,-6.8419522079776369],[115.41913852568049,-6.8419251511132542],[115.41914754937146,-6.841925068075783],[115.41914763245266,-6.841934087030471],[115.41918372721598,-6.8419337548784638],[115.41918364413409,-6.8419247359242181],[115.41919266782448,-6.8419246528859059],[115.41919258474255,-6.8419156339317651],[115.41920160843262,-6.841915550893396],[115.41920169151474,-6.8419245698474267],[115.4192107152049,-6.841924486808777],[115.41921088136979,-6.8419425247165861],[115.41924697613064,-6.8419421925594266],[115.41924689304749,-6.841933173605975],[115.41925591673723,-6.8419330905663758],[115.41925599982056,-6.8419421095197164],[115.41926502351042,-6.8419420264798383],[115.4192649404269,-6.8419330075266069],[115.41929201149517,-6.8419327584062932],[115.41929192841128,-6.8419237394533718],[115.41930095210029,-6.8419236564130426],[115.41930103518436,-6.8419326753658529],[115.41931005887348,-6.8419325923252439],[115.41931014195784,-6.841941611277921],[115.41931916564698,-6.8419415282370339],[115.41931924873161,-6.8419505471896311],[115.4193282724208,-6.8419504641484643],[115.41932835550573,-6.8419594831009301],[115.41935542657318,-6.8419592339760893],[115.41935550965874,-6.8419682529282193],[115.41937355703678,-6.8419680868439299],[115.41937339086515,-6.8419500489401077],[115.41940046193042,-6.8419497998130758],[115.41940037884427,-6.8419407808614716],[115.419427449908,-6.8419405317332567],[115.41942736682145,-6.8419315127820139],[115.4194544378837,-6.8419312636526159],[115.41945460405792,-6.8419493015544672],[115.41948167512014,-6.8419490524228923],[115.41948175820791,-6.8419580713734804],[115.41951785295667,-6.8419577391952497],[115.41951793604522,-6.8419667581453911],[115.41953598341925,-6.8419665920550461],[115.41953590033036,-6.841957573105125],[115.4195539477036,-6.8419574070143279],[115.41955444624071,-6.8420115207124592],[115.41959956467694,-6.842011105479207],[115.41959964776771,-6.8420201244283279],[115.41961769514174,-6.8420199583336281],[115.41961761205066,-6.8420109393847293],[115.41962663573733,-6.8420108563372377],[115.41962655264618,-6.8420018373884437],[115.41964460001888,-6.8420016712931764],[115.41964476620194,-6.8420197091903177],[115.41965378988846,-6.8420196261422106],[115.41965387298032,-6.8420286450906662],[115.41966289666692,-6.8420285620422803],[115.41966297975907,-6.8420375809906187],[115.41969005081862,-6.8420373318441214],[115.41968996772593,-6.8420283128961144],[115.41969899141208,-6.8420282298470569],[115.41969890831935,-6.8420192108991547],[115.41973500306204,-6.8420188787016816],[115.41973483687561,-6.8420008408067501],[115.41975288424561,-6.8420006747074451],[115.41975280115221,-6.8419916557601947],[115.41978889589019,-6.8419913235600092],[115.41978881279624,-6.8419823046131958],[115.41980686016421,-6.8419821385123143],[115.41980694325852,-6.8419911574589065],[115.41982499062638,-6.8419909913571324],[115.41982507372113,-6.8420000103034999],[115.41984312108889,-6.8419998442008314],[115.41984303799381,-6.841990825254685],[115.41986108536078,-6.8419906591515645],[115.41986125155171,-6.8420086970434104],[115.41987027523537,-6.8420086139913767],[115.41987052452309,-6.8420356708287837],[115.41988857189109,-6.8420355047235493],[115.41988865498756,-6.842044523669121],[115.41991572603921,-6.842044274509675],[115.4199158091363,-6.8420532934549279],[115.41992483282013,-6.8420532104013336],[115.41992491591749,-6.8420622293464373],[115.41991589223352,-6.8420623124001434],[115.41991614152579,-6.842089369235814],[115.41993418889469,-6.8420892031275713],[115.41993427199267,-6.8420982220725479],[115.41995231936141,-6.8420980559634108],[115.41995240245987,-6.8421070749081956],[115.41996142614424,-6.8421069918532647],[115.41996150924298,-6.842116010797918],[115.41997955661174,-6.8421158446873305],[115.41997939041376,-6.8420978067984439],[115.41998841409763,-6.8420977237431186],[115.41998833099862,-6.8420887047988037],[115.41999735468221,-6.8420886217434216],[115.41999743778138,-6.8420976406876246],[115.42000646146504,-6.8420975576319627],[115.42000662766407,-6.8421155955201867],[115.42001565134794,-6.8421155124641357],[115.4200159006478,-6.8421425692960627],[115.42003394801623,-6.8421424031827938],[115.42003386491584,-6.8421333842390544],[115.42004288859971,-6.8421333011822769],[115.42004297170027,-6.8421423201259071],[115.42006101906804,-6.8421421540116256],[115.42006085286633,-6.8421241161247899],[115.42008792391613,-6.8421238669527717],[115.42008784081493,-6.8421148480096692],[115.42009686449781,-6.8421147649521039]],[[115.4201964574155,-6.8421499270748631],[115.42025059950699,-6.842149428712184],[115.42025084882134,-6.8421764855354583],[115.42023280145693,-6.8421766516576863],[115.42023271835237,-6.8421676327163796],[115.42022369467017,-6.8421677157771308],[115.42022361156592,-6.8421586968357078],[115.42019654051914,-6.8421589460166219],[115.4201964574155,-6.8421499270748631]],[[115.41939027504851,-6.8418236175314355],[115.41936320398999,-6.8418238666533231],[115.41936312090608,-6.8418148477012339],[115.41937214459219,-6.8418147646608833],[115.41937206150821,-6.841805745708899],[115.41938108519408,-6.8418056626684915],[115.41938116827821,-6.841814681620364],[115.41939019196411,-6.8418145985796777],[115.41939027504851,-6.8418236175314355]]],[[[115.41896491554655,-6.8416922359123822],[115.41895589185772,-6.8416923189436183],[115.41895597493249,-6.841701337900723],[115.4189289038649,-6.8417015869937465],[115.41892898693928,-6.8417106059511958],[115.41891996324968,-6.8417106889819772],[115.41892029554762,-6.8417467648121697],[115.41892931923788,-6.8417466817809469],[115.41892940231283,-6.841755700738374],[115.41890233124118,-6.8417559498318719],[115.41890224816675,-6.8417469308741143],[115.41889322447616,-6.8417470139048344],[115.41889314140201,-6.8417379949469437],[115.41888411771144,-6.841738077977384],[115.41888420078543,-6.8417470969353849],[115.41887517709461,-6.8417471799657674],[115.41887526016853,-6.8417561989238571],[115.41886623647744,-6.841756281954182],[115.41886631955128,-6.8417653009123773],[115.41885729585991,-6.8417653839426462],[115.41885746200765,-6.8417834218592448],[115.41886648569937,-6.8417833388287574],[115.41886656877357,-6.8417923577869386],[115.41884852138969,-6.8417925238479684],[115.41884860446368,-6.8418015428063663],[115.41883958077138,-6.84180162583674],[115.41883974691933,-6.8418196637537454],[115.41885779430447,-6.8418194976923896],[115.41885771123009,-6.8418104787341107],[115.41886673492232,-6.8418103957032903],[115.41886681799687,-6.8418194146614599],[115.41887584168917,-6.8418193316303615],[115.41887592476398,-6.8418283505884157],[115.41890299584065,-6.8418281014937801],[115.41890316199166,-6.8418461394092125],[115.41895730414402,-6.841845641214074],[115.418957137991,-6.841827603299965],[115.41894811429958,-6.8418276863326879],[115.41894786507142,-6.8418006294611624],[115.41893884138037,-6.8418007124933862],[115.41893875830469,-6.8417916935360923],[115.41894778199558,-6.8417916105039795],[115.41894769891985,-6.8417825915467914],[115.41895672261043,-6.8417825085146209],[115.41895663953467,-6.8417734895575384],[115.41894761584425,-6.8417735725895978],[115.41894753276874,-6.8417645536324008],[115.41895655645899,-6.8417644706004515],[115.41895647338345,-6.841755451643361],[115.41897452076331,-6.8417552855791772],[115.41897410538554,-6.8417101907947613],[115.41896508169651,-6.8417102738263846],[115.41896491554655,-6.8416922359123822]]],[[[115.4186490033026,-6.8416861229445916],[115.41863997961006,-6.8416862059698271],[115.4186401457477,-6.8417042438918063],[115.41865819313338,-6.841704077840725],[115.41865811006417,-6.8416950588799743],[115.41864908637154,-6.8416951419054897],[115.4186490033026,-6.8416861229445916]]],[[[115.41900140240237,-6.8416828804568075],[115.41900092635585,-6.8416827904542616],[115.41900092722513,-6.8416828848291731],[115.41900140240237,-6.8416828804568075]]],[[[115.41861290853168,-6.8416864550445258],[115.41861282546353,-6.8416774360831987],[115.4186038017707,-6.84167751910765],[115.41860388483867,-6.8416865380690899],[115.41861290853168,-6.8416864550445258]]],[[[115.41895572570851,-6.8416742810293449],[115.41895572537334,-6.84167424464066],[115.41893764498006,-6.8416708263137265],[115.41893767833126,-6.8416744470908659],[115.41895572570851,-6.8416742810293449]]],[[[115.41747575623572,-6.8416788768642478],[115.41747567318899,-6.8416698578889967],[115.41746664948236,-6.8416699408920332],[115.41746673252892,-6.8416789598673953],[115.41747575623572,-6.8416788768642478]]],[[[115.41771028952202,-6.8416676997510164],[115.41771037257313,-6.8416767187233969],[115.41770134886926,-6.8416768017309177],[115.41770143192028,-6.841685820703403],[115.41771947932827,-6.841685654687975],[115.41771931322563,-6.8416676167434378],[115.41771028952202,-6.8416676997510164]]],[[[115.41771028952202,-6.8416676997510164],[115.41771020647104,-6.8416586807786484],[115.41770118276752,-6.8416587637859472],[115.41770126581831,-6.8416677827584262],[115.41771028952202,-6.8416676997510164]]],[[[115.41817049826291,-6.8416634661500604],[115.41817041520333,-6.8416544471833243],[115.41815236780758,-6.8416546132149128],[115.41815245086683,-6.8416636321818691],[115.41817049826291,-6.8416634661500604]]],[[[115.41819732017638,-6.8416361602018068],[115.41817927278194,-6.8416363262339628],[115.41817935584145,-6.8416453452006145],[115.41818837953888,-6.8416452621845094],[115.41818846259868,-6.8416542811510626],[115.41819748629619,-6.8416541981346795],[115.41819732017638,-6.8416361602018068]]],[[[115.4174754240495,-6.8416428009632151],[115.41747534100323,-6.8416337819879463],[115.4174663172973,-6.8416338649905404],[115.41746640034339,-6.8416428839659211],[115.4174754240495,-6.8416428009632151]]],[[[115.41765581509885,-6.8416321219007346],[115.41765573204933,-6.8416231029276693],[115.41764670834579,-6.8416231859335186],[115.41764679139513,-6.8416322049066931],[115.41765581509885,-6.8416321219007346]]],[[[115.41770118276752,-6.8416587637859472],[115.41770093361573,-6.8416317068684185],[115.41768288620931,-6.8416318728818499],[115.41768280315928,-6.841622853909116],[115.41767377945607,-6.8416229369154689],[115.41767402860599,-6.8416499938339888],[115.41768305230971,-6.8416499108273046],[115.41768313536008,-6.8416589298000412],[115.41770118276752,-6.8416587637859472]]],[[[115.41853111382646,-6.8416240695231938],[115.4185310307606,-6.8416150505608417],[115.41852200706796,-6.8416151335830069],[115.41852209013364,-6.84162415254547],[115.41853111382646,-6.8416240695231938]]],[[[115.41779092148529,-6.84160381987693],[115.4177818977838,-6.8416039028850797],[115.41778231304319,-6.8416489977426753],[115.4177642656381,-6.841649163759576],[115.41776443174199,-6.8416672017030251],[115.41775540803893,-6.8416672847114448],[115.41775557414292,-6.8416853226550973],[115.4177645978463,-6.8416852396464574],[115.41776451479409,-6.841676220674743],[115.41778256220016,-6.8416760546571798],[115.41778247914775,-6.841667035685683],[115.41780052655301,-6.8416668696676677],[115.41780044350035,-6.8416578506964036],[115.41781849090486,-6.8416576846779362],[115.41781840785198,-6.8416486657068551],[115.4178003604478,-6.8416488317251023],[115.41780011129082,-6.8416217748112205],[115.41779108758905,-6.8416218578197601],[115.41779092148529,-6.84160381987693]]],[[[115.41825121317507,-6.8416086052039704],[115.41825113011465,-6.8415995862381855],[115.41824210641883,-6.8415996692549159],[115.41824218947906,-6.8416086882208118],[115.41825121317507,-6.8416086052039704]]],[[[115.41853988832146,-6.8415969296140098],[115.41853987628654,-6.8415956229065209],[115.4185217958895,-6.8415922045600732],[115.41852184093693,-6.8415970956580674],[115.41853988832146,-6.8415969296140098]]],[[[115.41850097409852,-6.8415882679145659],[115.41849467529363,-6.8415870770388025],[115.41849468679439,-6.8415883257600854],[115.41850097409852,-6.8415882679145659]]],[[[115.41848566310176,-6.841588408781246],[115.41848563509495,-6.8415853678646155],[115.41847659489622,-6.8415836586902152],[115.41847663940904,-6.8415884918022405],[115.41848566310176,-6.841588408781246]]],[[[115.4184676157162,-6.8415885748230654],[115.41846755469743,-6.8415819495156196],[115.4184585144986,-6.8415802403407957],[115.41845859202326,-6.8415886578437215],[115.4184676157162,-6.8415885748230654]]],[[[115.41766450660434,-6.8415959630027636],[115.4176644235551,-6.8415869440297747],[115.41764637614946,-6.8415871100407566],[115.41764645919838,-6.8415961290139657],[115.41766450660434,-6.8415959630027636]]],[[[115.41845548061009,-6.8415796667420885],[115.41844947429972,-6.8415785311657595],[115.41844948526628,-6.8415797219008292],[115.41845548061009,-6.8415796667420885]]],[[[115.41763726939783,-6.8415781740727031],[115.41763718634932,-6.8415691550993909],[115.41762816264658,-6.841569238104241],[115.41762824569493,-6.8415782570776624],[115.41763726939783,-6.8415781740727031]]],[[[115.41825104705437,-6.8415905672723971],[115.41825079787415,-6.8415635103750017],[115.41824177417901,-6.8415635933912906],[115.41824185723878,-6.8415726123572034],[115.41823283354339,-6.8415726953734328],[115.41823299966296,-6.8415907333054671],[115.41825104705437,-6.8415905672723971]]],[[[115.41842235370288,-6.8415734036393925],[115.41834099191017,-6.8415580210488125],[115.41834128400465,-6.8415897370969505],[115.41833226031012,-6.841589820115253],[115.41833234337193,-6.8415988390800475],[115.41831429598221,-6.8415990051163664],[115.41831437904379,-6.8416080240813786],[115.41830535534861,-6.8416081070993968],[115.41830543841013,-6.8416171260645147],[115.41829641471466,-6.8416172090824743],[115.41829674696123,-6.8416532849433613],[115.41830577065737,-6.8416532019249594],[115.41830593678165,-6.8416712398551303],[115.41825179460105,-6.8416717379643446],[115.41825187766236,-6.8416807569300939],[115.41824285396503,-6.8416808399478182],[115.41824293702628,-6.8416898589136732],[115.41823391332868,-6.8416899419313397],[115.41823407945118,-6.8417079798632594],[115.41822505575314,-6.8417080628809783],[115.41822522187572,-6.8417261008131014],[115.41824326927239,-6.8417259347770534],[115.41824310314912,-6.8417078968453735],[115.41825212684697,-6.8417078138273171],[115.41825204378533,-6.8416987948615979],[115.41828813857482,-6.8416984627881368],[115.41828805551263,-6.8416894438228191],[115.41829707920958,-6.8416893608041445],[115.41829699614733,-6.8416803418389511],[115.41830601984398,-6.8416802588202179],[115.4183061029064,-6.8416892777853011],[115.41832415029971,-6.841689111747109],[115.41832390111175,-6.8416620548525087],[115.41831487741567,-6.8416621378713591],[115.41831462822924,-6.8416350809763884],[115.41832365192481,-6.841634997957871],[115.41832373498701,-6.8416440169227553],[115.41833275868265,-6.841643933903959],[115.41833309093327,-6.8416800097630093],[115.41834211462948,-6.8416799267436028],[115.41834194850361,-6.8416618888143077],[115.41835999589502,-6.8416617227754317],[115.41836007895823,-6.8416707417398612],[115.41836910265394,-6.8416706587200604],[115.41836918571742,-6.8416796776843753],[115.41837820941318,-6.8416795946642965],[115.41837829247696,-6.841688613628496],[115.41836926878102,-6.8416886966486858],[115.41836943490857,-6.8417067345772917],[115.41837845860483,-6.8417066515568816],[115.4183787077975,-6.8417337084494267],[115.41840577888713,-6.8417334593861936],[115.41840594501714,-6.8417514973138722],[115.4184149687138,-6.8417514142922364],[115.41841521791017,-6.8417784711833916],[115.4184242416072,-6.8417783881612566],[115.41842432467305,-6.8417874071248557],[115.41844237206716,-6.841787241079861],[115.41844245513344,-6.8417962600432345],[115.41849659731405,-6.8417957619035477],[115.41849668038148,-6.8418047808662541],[115.41850570407803,-6.8418046978422744],[115.41850578714572,-6.8418137168048654],[115.41854188193146,-6.8418133847068203],[115.41854196499993,-6.8418224036689654],[115.41856001239246,-6.8418222376187128],[115.4185600954614,-6.8418312565806332],[115.41857814285382,-6.841831090529487],[115.41857822592321,-6.8418401094911818],[115.41859627331552,-6.8418399434391413],[115.41859619024581,-6.8418309244776667],[115.41858716654986,-6.8418310075036617],[115.41858700041108,-6.841812969580479],[115.41857797671541,-6.8418130526060832],[115.41857789364634,-6.8418040336443742],[115.4185869173419,-6.8418039506188801],[115.41858683427277,-6.8417949316572786],[115.41859585796804,-6.8417948486317268],[115.41859569182984,-6.8417768107087298],[115.41858666813492,-6.8417768937340604],[115.41858658506614,-6.8417678747724455],[115.41857756137131,-6.841767957797499],[115.41857739523444,-6.8417499198740339],[115.41859544262338,-6.8417497538242014],[115.41859552569208,-6.8417587727857159],[115.4186135730809,-6.8417586067349907],[115.41861365615007,-6.8417676256962787],[115.41862267984449,-6.8417675426705529],[115.41862251370596,-6.8417495047481927],[115.41861349001185,-6.8417495877736982],[115.41861340694292,-6.8417405688123845],[115.41860438324892,-6.8417406518376094],[115.41860421711171,-6.841722613914798],[115.41858616972402,-6.8417227799643037],[115.41858608665592,-6.8417137610026622],[115.41857706296207,-6.8417138440270522],[115.41857697989425,-6.8417048250652952],[115.41855893250654,-6.8417049911133487],[115.41855884943918,-6.8416959721513839],[115.41854982574533,-6.8416960551750492],[115.41854974267825,-6.8416870362129352],[115.41852267159653,-6.8416872852825872],[115.41852250546373,-6.8416692473577188],[115.41851348176991,-6.8416693303803795],[115.41851331563788,-6.841651292455289],[115.41850429194432,-6.8416513754775581],[115.4185043750101,-6.8416603944402086],[115.41848632762229,-6.841660560484466],[115.41848624455683,-6.841651541521597],[115.41847722086294,-6.8416516245433625],[115.41847713779777,-6.8416426055803434],[115.41846811410389,-6.8416426886018309],[115.41846836329925,-6.8416697454911555],[115.41847738699362,-6.8416696624693376],[115.41847747005912,-6.8416786814323247],[115.41848649375352,-6.841678598410228],[115.41848657681933,-6.8416876173731023],[115.41847755312475,-6.84168770039531],[115.41847771925634,-6.8417057383212665],[115.41845967186616,-6.841705904365619],[115.41845950573524,-6.8416878664392211],[115.41845048204031,-6.8416879494609244],[115.41845039897518,-6.8416789304976096],[115.41843235158538,-6.8416790965402905],[115.41843201932737,-6.8416430206860994],[115.41842299563294,-6.8416431037067458],[115.41842291256889,-6.8416340847430765],[115.41840486518008,-6.8416342507836445],[115.41840478211648,-6.8416252318197497],[115.41839575842205,-6.8416253148396713],[115.41839559229552,-6.8416072769116481],[115.41841363968356,-6.8416071108720802],[115.41841372274712,-6.841616129835872],[115.41843177013503,-6.8416159637954115],[115.41843185319904,-6.8416249827589777],[115.418440876893,-6.8416248997383846],[115.41844104302167,-6.8416429376652852],[115.41845909040993,-6.8416427716231505],[115.41845900734521,-6.8416337526599236],[115.41844998365129,-6.8416338356809643],[115.41844973445829,-6.8416067787909247],[115.41844071076477,-6.8416068618114663],[115.41844062770082,-6.8415978428479995],[115.41842258031379,-6.841598008888357],[115.41842235370288,-6.8415734036393925]],[[115.41854138352291,-6.8417592709338546],[115.41853235982764,-6.841759353957956],[115.41853227676013,-6.8417503349956688],[115.41854130045519,-6.8417502519716775],[115.41854138352291,-6.8417592709338546],[115.41855040721805,-6.8417591879095845],[115.41855049028602,-6.8417682068716461],[115.41854146659071,-6.8417682898960264],[115.41854138352291,-6.8417592709338546]]],[[[115.41759206783441,-6.8415695701219539],[115.41759198478684,-6.8415605511480866],[115.41758296108371,-6.8415606341519846],[115.41758304413109,-6.8415696531259629],[115.41759206783441,-6.8415695701219539]]],[[[115.41828697571421,-6.8415721972735284],[115.41828689265357,-6.8415631783081672],[115.41829591634819,-6.841563095291038],[115.41829579091281,-6.841549475157727],[115.41827771051355,-6.8415460567998165],[115.41827786895888,-6.8415632613251285],[115.41825982156917,-6.8415634273585457],[115.41825990462929,-6.8415724463242382],[115.41828697571421,-6.8415721972735284]]],[[[115.41772725727071,-6.8415502870972178],[115.41771823356943,-6.8415503701035281],[115.41771839966914,-6.841568408048178],[115.41772742337078,-6.8415683250416475],[115.41772750642099,-6.8415773440138548],[115.4177365301227,-6.8415772610070453],[115.41773636402206,-6.8415592230628448],[115.41772734032068,-6.841559306069434],[115.41772725727071,-6.8415502870972178]]],[[[115.41826867914384,-6.8415453064107448],[115.41826867031388,-6.8415443476205322],[115.41825058991439,-6.841540929261348],[115.41825063175456,-6.8415454724433831],[115.41826867914384,-6.8415453064107448]]],[[[115.41751954602051,-6.8415341582502762],[115.41751052231697,-6.8415342412524964],[115.41751060536268,-6.8415432602273558],[115.41750158165884,-6.8415433432295174],[115.41750166470449,-6.8415523622045162],[115.41749264100039,-6.841552445206621],[115.417492724046,-6.8415614641817086],[115.41747467663711,-6.8415616301856357],[115.41747459359183,-6.8415526112103278],[115.41748361729618,-6.8415525282085587],[115.41748353425086,-6.8415435092333388],[115.41749255795492,-6.8415434262315129],[115.41749247490954,-6.8415344072564332],[115.41744735638902,-6.8415348222633305],[115.41744752247818,-6.8415528602146241],[115.41745654618285,-6.8415527772133595],[115.41745679531796,-6.8415798341399352],[115.41746581902302,-6.8415797511381715],[115.41746590206846,-6.8415887701135611],[115.41748394947859,-6.8415886041093081],[115.41748403252444,-6.841597623084505],[115.41750207993445,-6.8415974570793585],[115.41750216298077,-6.8416064760543138],[115.41749313927568,-6.841606559057082],[115.41749330536831,-6.8416245970072005],[115.41751135277912,-6.8416244310010557],[115.41751102059293,-6.8415883551016679],[115.41752906800191,-6.8415881890957335],[115.41752898495531,-6.8415791701211166],[115.4175470323635,-6.8415790041147293],[115.41754686626996,-6.8415609661658934],[115.41755588997357,-6.8415608831626686],[115.41755572388011,-6.8415428452140175],[115.41751962906638,-6.8415431772250237],[115.41751954602051,-6.8415341582502762]]],[[[115.41818251965816,-6.8415280595944443],[115.41816922811468,-6.8415255466344691],[115.41816925238119,-6.84152818164831],[115.41818251965816,-6.8415280595944443]]],[[[115.41714957408327,-6.8415375612033849],[115.4171494910444,-6.8415285422240881],[115.41714046733644,-6.8415286252193015],[115.41714055037512,-6.8415376441987084],[115.41714957408327,-6.8415375612033849]]],[[[115.41723062137083,-6.8415187762812906],[115.41723053833067,-6.8415097573029788],[115.41721249091731,-6.8415099232958223],[115.41721257395713,-6.841518942274357],[115.41723062137083,-6.8415187762812906]]],[[[115.41722126550474,-6.8414827833641931],[115.41722109942576,-6.8414647454073085],[115.41720305201385,-6.8414649113987132],[115.41720321809217,-6.8414829493560383],[115.41722126550474,-6.8414827833641931]]],[[[115.41727524165881,-6.8414642474290588],[115.41723914683725,-6.8414645794152316],[115.41723939595687,-6.8414916363498879],[115.41724841966293,-6.8414915533532668],[115.4172485027032,-6.8415005723313831],[115.41728459752701,-6.8415002403427705],[115.41728468056809,-6.8415092593204072],[115.41729370427392,-6.8415091763227238],[115.41729353819159,-6.8414911383676325],[115.41728451448608,-6.8414912213650956],[115.41728434840452,-6.8414731834097662],[115.41727532469925,-6.8414732664068403],[115.41727524165881,-6.8414642474290588]]],[[[115.41676949884027,-6.8414238000706611],[115.41676941580994,-6.8414147810866694],[115.41676039209942,-6.841414864073383],[115.41676047512961,-6.8414238830574838],[115.41676949884027,-6.8414238000706611]]],[[[115.41724775534479,-6.8414194015283112],[115.4172658027539,-6.8414192355363292],[115.41726571971431,-6.841410216558411],[115.41723864860099,-6.8414104655457999],[115.41723873164008,-6.8414194845240504],[115.41718458940943,-6.8414199824949495],[115.4171846724476,-6.8414290014738581],[115.41719369615318,-6.8414289184790187],[115.41719386223025,-6.8414469564365987],[115.4172299570527,-6.8414466244546732],[115.41723004009206,-6.8414556434330338],[115.41723906379757,-6.8414555604370202],[115.41723889771859,-6.8414375224805362],[115.41724792142367,-6.8414374394845767],[115.41724775534479,-6.8414194015283112]]],[[[115.41743717007523,-6.8414086396031202],[115.41739205156311,-6.8414090545972428],[115.41739213460508,-6.8414180735736148],[115.41735603979268,-6.8414184055663263],[115.41735612283409,-6.8414274245431361],[115.41732905172312,-6.8414276735362343],[115.41732896868224,-6.8414186545590931],[115.41731092127471,-6.8414188205534305],[115.41731083823426,-6.8414098015760638],[115.41728376712263,-6.841410050565977],[115.41728385016256,-6.841419069543675],[115.41729287386671,-6.8414189865470947],[115.41729295690692,-6.8414280055246772],[115.41731100431525,-6.8414278395307919],[115.41731108735591,-6.8414368585081498],[115.41733815846806,-6.8414366095157293],[115.41733824150934,-6.8414456284927505],[115.41737433632464,-6.8414452965000594],[115.41737450240888,-6.8414633344532074],[115.41739254981653,-6.8414631684554115],[115.41739246677402,-6.8414541494790777],[115.41741953788413,-6.8414539004814525],[115.41741962092716,-6.841462919457455],[115.41746473944265,-6.841462504457497],[115.41746465639876,-6.841453485482047],[115.41748270380384,-6.8414533194811078],[115.41748278684804,-6.8414623384563358],[115.41750083425299,-6.8414621724545039],[115.41750091729763,-6.8414711914295241],[115.4175189647025,-6.841471025426797],[115.4175192138381,-6.8414980823511877],[115.41752823754086,-6.8414979993492411],[115.41752832058647,-6.8415070183238953],[115.41755539169459,-6.8415067693167133],[115.41755547474081,-6.8415157882910504],[115.41759156955071,-6.8415154562786773],[115.41759148650381,-6.8415064373047834],[115.41760051020584,-6.8415063543013792],[115.41760042715892,-6.841497335327607],[115.41767261676978,-6.8414966712952081],[115.41767269981808,-6.8415056902680966],[115.41766367611693,-6.8415057732728455],[115.41766375916517,-6.8415147922458575],[115.41769083026875,-6.8415145432307733],[115.41769066417139,-6.8414965052854253],[115.41771773527294,-6.8414962562694912],[115.4177176522239,-6.8414872372971169],[115.41772667592403,-6.8414871542915794],[115.41772675897323,-6.8414961732638435],[115.4177357826734,-6.8414960902580271],[115.41773603182216,-6.8415231471743949],[115.41775407922319,-6.8415229811615959],[115.41775416227331,-6.8415320001334932],[115.41779025707473,-6.8415316681054339],[115.41779034012568,-6.8415406870768685],[115.41780838752604,-6.8415405210616083],[115.41780822142363,-6.8415224831191592],[115.41779017402393,-6.8415226491339771],[115.41779009097321,-6.8415136301625159],[115.41778106727338,-6.8415137131695616],[115.41778098422294,-6.8415046941979867],[115.41780805532166,-6.8415044451766738],[115.41780813837258,-6.8415134641479183],[115.41781716207207,-6.8415133811403672],[115.4178172451233,-6.8415224001114971],[115.41782626882285,-6.8415223171036672],[115.41782643492594,-6.8415403550456757],[115.41783545862575,-6.8415402720374567],[115.41783562472962,-6.8415583099792627],[115.41784464842962,-6.8415582269706539],[115.41784473148189,-6.8415672459414294],[115.41786277888193,-6.8415670799234887],[115.41786269582933,-6.8415580609529334],[115.41788976692801,-6.8415578119250915],[115.41788951776934,-6.8415307550143911],[115.41789854146819,-6.8415306720051063],[115.41789845841537,-6.8415216530349738],[115.41790748211392,-6.8415215700256313],[115.41790756516693,-6.8415305889956519],[115.41791658886552,-6.8415305059860296],[115.41791667191882,-6.8415395249559197],[115.4179256956175,-6.8415394419460176],[115.41792577867103,-6.8415484609158268],[115.41797089716357,-6.8415480458632461],[115.41797114632746,-6.8415751027709373],[115.41800724112144,-6.8415747707245202],[115.41800740723262,-6.8415928086620763],[115.41803447832795,-6.8415925596248339],[115.41803431221577,-6.8415745216879422],[115.41806138330911,-6.8415742726498481],[115.4180615494223,-6.841592310586079],[115.41808862051562,-6.8415920615458088],[115.41808870357288,-6.8416010805135858],[115.41810675096821,-6.8416009144856771],[115.41810666791062,-6.8415918955181203],[115.41812471530513,-6.8415917294897612],[115.41812488142112,-6.8416097674244272],[115.41810683402592,-6.8416099334532294],[115.41810700014169,-6.8416279713883208],[115.41812504753757,-6.8416278053590771],[115.41812496447929,-6.8416187863917539],[115.4181339881769,-6.84161870337699],[115.41813390511858,-6.8416096844097742],[115.41814292881588,-6.8416096013949526],[115.41814259658301,-6.8415735255264849],[115.41810650179575,-6.8415738575829952],[115.41810658485313,-6.8415828765505431],[115.41809756115585,-6.8415829595643611],[115.41809747809862,-6.8415739405967022],[115.41808845440141,-6.8415740236102414],[115.41808837134448,-6.841565004642451],[115.41810641873849,-6.8415648386154251],[115.41810633568133,-6.8415558196478514],[115.41812438307448,-6.8415556536203743],[115.41812430001713,-6.8415466346530165],[115.41815137110558,-6.8415463856108714],[115.41815145416345,-6.841555404577897],[115.41816047785956,-6.8415553215634013],[115.41816039480149,-6.8415463025964858],[115.41816941849729,-6.8415462195819332],[115.41816933543919,-6.8415372006151065],[115.41816031174356,-6.8415372836295489],[115.41816022868572,-6.8415282646626414],[115.41815120499014,-6.8415283476768058],[115.41815128804781,-6.8415373666438244],[115.41814226435193,-6.8415374496579302],[115.41814210751407,-6.8415204190883605],[115.41802458490707,-6.8414981996997897],[115.41802462407489,-6.8415024529516719],[115.41801560037815,-6.8415025359629809],[115.41801554470628,-6.8414964905145625],[115.41800990900015,-6.8414954249998958],[115.41799756200986,-6.841493682169121],[115.41799746984483,-6.8414936737744725],[115.41784385427155,-6.841471985630533],[115.41784390096421,-6.8414770562334679],[115.4178348772657,-6.8414771392410811],[115.41783504336802,-6.8414951771829466],[115.41779894857154,-6.8414955092126037],[115.41779886552101,-6.8414864902412242],[115.41778081812245,-6.8414866562548209],[115.41778090117263,-6.8414956752264224],[115.41774480637349,-6.8414960072520428],[115.41774472332396,-6.8414869882799998],[115.41773569962406,-6.8414870712858731],[115.41773561657482,-6.8414780523137324],[115.417717569175,-6.8414782183247551],[115.41771748612621,-6.8414691993523888],[115.41765432022453,-6.8414697803848954],[115.41765423717702,-6.841460761411752],[115.41763618977588,-6.8414609274193037],[115.41763610672882,-6.8414519084459515],[115.41758196452371,-6.8414524064639108],[115.41758188147777,-6.8414433874898579],[115.41753676297128,-6.8414438024996453],[115.41753667992629,-6.8414347835250524],[115.41750058511973,-6.8414351155294133],[115.41750050207553,-6.8414260965543745],[115.41748245467193,-6.8414262625553244],[115.41748237162818,-6.8414172435800618],[115.41743725311802,-6.8414176585789406],[115.41743717007523,-6.8414086396031202]],[[115.41805194433128,-6.8415292608215088],[115.41803389693729,-6.841529426845633],[115.41803364777154,-6.8415023699401933],[115.4180426714681,-6.8415022869285478],[115.41804275452341,-6.8415113058969217],[115.41805177822,-6.8415112228849964],[115.41805194433128,-6.8415292608215088],[115.41806096802812,-6.8415291778091953],[115.41806113414016,-6.8415472157454698],[115.418052110443,-6.8415472987580053],[115.41805194433128,-6.8415292608215088]]],[[[115.41701272381238,-6.8413764644577544],[115.41701280684681,-6.8413854834387644],[115.41703987796703,-6.841385234464985],[115.41703979493208,-6.8413762154843054],[115.41701272381238,-6.8413764644577544]]],[[[115.41701272381238,-6.8413764644577544],[115.41701264077804,-6.841367445476723],[115.41699459336471,-6.8413676114579589],[115.41699467639869,-6.8413766304392114],[115.41701272381238,-6.8413764644577544]]],[[[115.41696743921044,-6.841358841446965],[115.41697646291733,-6.8413587584570452],[115.41697637988392,-6.8413497394755636],[115.41693126134912,-6.8413501544229263],[115.41693134438171,-6.8413591734049595],[115.41694036808906,-6.8413590904157138],[115.41694045112192,-6.8413681093976333],[115.41696752224381,-6.8413678604285533],[115.41696743921044,-6.841358841446965]]],[[[115.41671377903646,-6.8412529372799318],[115.41671369600925,-6.841243918295179],[115.41670467230131,-6.8412440012787838],[115.41670475532834,-6.8412530202636486],[115.41671377903646,-6.8412529372799318]]],[[[115.41674970781226,-6.8412345673747739],[115.41674995689587,-6.8412616243276583],[115.4167589806036,-6.8412615413429902],[115.41675889757546,-6.8412525223588272],[115.41678596869752,-6.8412522734041454],[115.41678605172618,-6.8412612923879781],[115.41680409914063,-6.8412611264171286],[115.41680394169697,-6.84124402416841],[115.41680077830138,-6.8412431174624038],[115.41679490937591,-6.8412431714351563],[115.41679489378807,-6.8412414782058235],[115.41676726511851,-6.8412344059131058],[115.41674970781226,-6.8412345673747739]]],[[[115.41674970781226,-6.8412345673747739],[115.416749664851,-6.8412299006555184],[115.41674061906355,-6.8412275851447628],[115.41674068410489,-6.8412346503589418],[115.41674970781226,-6.8412345673747739]]],[[[115.41548638769331,-6.8412461835216352],[115.41548630468921,-6.8412371645218766],[115.41547728096636,-6.8412372474823853],[115.41547736397028,-6.841246266482254],[115.41548638769331,-6.8412461835216352]]],[[[115.41673325052977,-6.841225698971706],[115.41672252748856,-6.8412229541225704],[115.41672255366272,-6.8412257973421386],[115.41673325052977,-6.841225698971706]]],[[[115.41594634838177,-6.8412148953246366],[115.41594626536944,-6.8412058763304939],[115.4159372416528,-6.8412059592992494],[115.41593732466498,-6.8412149782935021],[115.41594634838177,-6.8412148953246366]]],[[[115.41592796890069,-6.8411789852847233],[115.41591894518433,-6.8411790682528117],[115.41591911120744,-6.84119710624178],[115.4159461823572,-6.8411968573363469],[115.41594609934511,-6.8411878383421802],[115.41592805191235,-6.8411880042790818],[115.41592796890069,-6.8411789852847233]]],[[[115.41609925346098,-6.8411593708745153],[115.41609908743203,-6.8411413328899116],[115.41609006371847,-6.8411414158607542],[115.41609022974707,-6.8411594538455782],[115.41609925346098,-6.8411593708745153]]],[[[115.41590056570772,-6.8411431582095945],[115.41590048269713,-6.8411341392148826],[115.41589145898128,-6.841134222181914],[115.41589154199171,-6.8411432411767361],[115.41590056570772,-6.8411431582095945]]],[[[115.41633362092671,-6.8411301565995437],[115.41633355861278,-6.8411233869260082],[115.41632451282466,-6.8411210714047996],[115.41632451419783,-6.8411212205851042],[115.41628841935544,-6.8411215524834033],[115.41628850237316,-6.841130571473391],[115.41633362092671,-6.8411301565995437]]],[[[115.41590056570772,-6.8411431582095945],[115.41590064871845,-6.8411521772043367],[115.41590967243455,-6.8411520942369162],[115.41590975544553,-6.8411611132315251],[115.41593682659362,-6.8411608643279216],[115.41593674358211,-6.841151845333644],[115.41594576729777,-6.8411517623655502],[115.41594551826344,-6.8411247053830193],[115.41592747083305,-6.8411248713183754],[115.41592738782215,-6.8411158523239699],[115.41590031667627,-6.8411161012254116],[115.41590023366601,-6.8411070822306694],[115.41589120995066,-6.8411071651973705],[115.41589137597096,-6.8411252031870706],[115.41590039968663,-6.8411251202201502],[115.41590048269713,-6.8411341392148826],[115.41590950641287,-6.8411340562476832],[115.41590958942365,-6.841143075242285],[115.41590056570772,-6.8411431582095945]]],[[[115.4158548660605,-6.8410804400765839],[115.4158187711982,-6.8410807719376869],[115.41581885420661,-6.8410897909334354],[115.41582787792251,-6.841089707968302],[115.41582796093122,-6.8410987269639518],[115.41585503207878,-6.8410984780672095],[115.4158548660605,-6.8410804400765839]]],[[[115.41580974748231,-6.8410808549025433],[115.4158096644742,-6.8410718359066793],[115.41578259332645,-6.8410720847999054],[115.41578267633408,-6.8410811037960997],[115.41580974748231,-6.8410808549025433]]],[[[115.41576446288687,-6.8410632317314626],[115.41576454589406,-6.8410722507278825],[115.41577356961032,-6.8410721677639783],[115.41577348660296,-6.8410631487676694],[115.41576446288687,-6.8410632317314626]]],[[[115.41576446288687,-6.8410632317314626],[115.41576437987979,-6.8410542127350382],[115.41574633244765,-6.8410543786619016],[115.41574641545438,-6.8410633976585453],[115.41576446288687,-6.8410632317314626]]],[[[115.41583547800008,-6.8409958889999283],[115.41582699405987,-6.8409936744625828],[115.41582713084929,-6.8410085370073999],[115.41580908342038,-6.8410087029355129],[115.41580924943518,-6.8410267409272976],[115.41582729686479,-6.8410265749987422],[115.41582737987268,-6.8410355939944072],[115.41583640358748,-6.8410355110297658],[115.41583648659568,-6.8410445300253162],[115.41584551031053,-6.8410444470603968],[115.41584559331902,-6.8410534660558326],[115.4158546170339,-6.8410533830906353],[115.41585470004267,-6.8410624020859556],[115.41586372375762,-6.8410623191204802],[115.41586388977582,-6.8410803571108856],[115.41589096092103,-6.841080108212787],[115.41589087791138,-6.8410710892179161],[115.41591794905509,-6.8410708403186353],[115.41591803206525,-6.8410798593131741],[115.41594510320846,-6.8410796104120477],[115.41594526923011,-6.8410976484004662],[115.41595429294463,-6.8410975654328663],[115.41595445896706,-6.8411156034210139],[115.4159634826818,-6.841115520453025],[115.41596356569336,-6.8411245394469899],[115.41602673169457,-6.8411239586655883],[115.41602664868184,-6.841114939672396],[115.41601762496786,-6.8411150226415609],[115.41601720990673,-6.8410699276749831],[115.41602623361986,-6.8410698447063689],[115.41602615060779,-6.8410608257131509],[115.41606224545846,-6.8410604938374542],[115.41606218496248,-6.8410539211911985],[115.41583547800008,-6.8409958889999283]]]]},"properties":{"FID":0,"Shape_Leng":18102566.929299999,"Shape_Area":236516885.403}}]
}