{
  "type" : "FeatureCollection",
  "features" : [{"type":"Feature","id":0,"geometry":{"type":"MultiPolygon","coordinates":[[[[114.30374762708917,-7.1511404439446409],[114.30374756211449,-7.1511314131709325],[114.30373852053316,-7.1511314780678044],[114.30373858550766,-7.1511405088415954],[114.30374762708917,-7.1511404439446409]]],[[[114.30370222425974,-7.15111367610527],[114.3037021592862,-7.1511046453311353],[114.30369311770498,-7.1511047102268748],[114.30369318267833,-7.1511137410010921],[114.30370222425974,-7.15111367610527]]],[[[114.30362969669019,-7.1510871029424958],[114.30362963171834,-7.1510780721677039],[114.30362059013696,-7.1510781370617815],[114.30362065510865,-7.1510871678366543],[114.30362969669019,-7.1510871029424958]]],[[[114.303602506974,-7.1510782668494031],[114.30360244200276,-7.1510692360743251],[114.30361148358411,-7.1510691711806853],[114.30361141861276,-7.1510601404057041],[114.30359333545034,-7.1510602701926409],[114.30359345292545,-7.1510765988755693],[114.30359621300656,-7.1510783120226984],[114.303602506974,-7.1510782668494031]]],[[[114.3035931405379,-7.1510331778671903],[114.30359307556725,-7.1510241470920093],[114.30358403398662,-7.1510242119848817],[114.3035840989571,-7.1510332427601453],[114.3035931405379,-7.1510331778671903]]],[[[114.30359301059669,-7.1510151163168416],[114.30359294562621,-7.1510060855416695],[114.30358390404595,-7.1510061504343767],[114.30358396901624,-7.1510151812096305],[114.30359301059669,-7.1510151163168416]]],[[[114.30352041807497,-7.1509795123508457],[114.30352945965529,-7.1509794474596244],[114.30352939468641,-7.1509704166838564],[114.30353843626648,-7.1509703517925418],[114.30353837129748,-7.1509613210168359],[114.30350220497739,-7.1509615805807032],[114.30350214000919,-7.1509525498046944],[114.30346597368849,-7.1509528093654016],[114.30346616859121,-7.1509799016944564],[114.30347521017205,-7.1509798368042974],[114.3034751452042,-7.1509708060280328],[114.30348418678477,-7.1509707411377779],[114.30348431672091,-7.1509888026901391],[114.30347527513997,-7.1509888675805566],[114.30347534010798,-7.1509978983568141],[114.30352054801268,-7.1509975739025355],[114.30352061298166,-7.1510066046783738],[114.30351157140072,-7.1510066695696661],[114.30351170133858,-7.1510247311214963],[114.30352978450108,-7.1510246013384036],[114.30352987468301,-7.1510371366621435],[114.3035530608218,-7.1510515280083702],[114.30355710415429,-7.1510514989889122],[114.30355712250015,-7.151054049041039],[114.30358182894453,-7.151069384018621],[114.30358435883983,-7.1510693658610744],[114.30358429386901,-7.1510603350858446],[114.30357525228759,-7.1510603999788716],[114.30357518731704,-7.1510513692035547],[114.30356614573572,-7.1510514340963214],[114.30356608076544,-7.1510424033209175],[114.30355703918418,-7.1510424682134248],[114.30355684427437,-7.1510153758869386],[114.30357492743569,-7.1510152461022436],[114.30357479749553,-7.1509971845515636],[114.30355671433492,-7.1509973143359291],[114.30355664936531,-7.150988283560415],[114.3035204830438,-7.150988543126692],[114.30352041807497,-7.1509795123508457],[114.30351137649457,-7.1509795772418894],[114.3035114414632,-7.1509886080178191],[114.30349335830175,-7.1509887377995431],[114.30349329333349,-7.1509797070234482],[114.30351137649457,-7.1509795772418894],[114.30351131152602,-7.1509705464659552],[114.30352035310625,-7.1509704815749942],[114.30352041807497,-7.1509795123508457]]],[[[114.30324787137354,-7.1508008434377839],[114.3032478064118,-7.1507918126593673],[114.3032387648326,-7.1507918775433685],[114.30323882979415,-7.1508009083218678],[114.30324787137354,-7.1508008434377839]]],[[[114.30322061671276,-7.150782976532172],[114.30322965829198,-7.1507829116486077],[114.30322952836964,-7.1507648500914218],[114.30322048679079,-7.1507649149748218],[114.30322055175174,-7.1507739457534978],[114.30321151017263,-7.1507740106368045],[114.30321153326706,-7.1507772212003156],[114.30322063818734,-7.1507859618897402],[114.30322061671276,-7.150782976532172]]],[[[114.3032294634086,-7.1507558193128071],[114.30322939844763,-7.15074678853422],[114.30322035686913,-7.1507468534174556],[114.30322042182992,-7.1507558841961236],[114.3032294634086,-7.1507558193128071]]],[[[114.29525852855043,-7.1425131708568736],[114.2952570501876,-7.1425131814281722],[114.29525854004125,-7.1425147740322128],[114.29525852855043,-7.1425131708568736]]],[[[114.29524942233208,-7.1425042046547933],[114.29524865768609,-7.1425042101225102],[114.29524942827538,-7.1425050338569109],[114.29524942233208,-7.1425042046547933]]],[[[114.29538497993404,-7.142494203993162],[114.29536689695772,-7.142494333303036],[114.29536696168864,-7.1425033641567657],[114.29537600317701,-7.1425032995018354],[114.2953761326395,-7.1425213612090994],[114.29539421561671,-7.1425212318983782],[114.29539408615354,-7.1425031701914437],[114.29538504466532,-7.1425032348467257],[114.29538497993404,-7.142494203993162]]],[[[114.29524025138565,-7.1424862075974769],[114.29523187268408,-7.1424862675102663],[114.29524031650989,-7.1424952936812467],[114.29524025138565,-7.1424862075974769]]],[[[114.29523114516826,-7.1424772413946016],[114.29522348018358,-7.1424772962036682],[114.29523120474482,-7.1424855535052227],[114.29523114516826,-7.1424772413946016]]],[[[114.29507569229428,-7.1422345073283697],[114.29505760932253,-7.1422346366214446],[114.29505771105411,-7.1422488314254773],[114.29516390100014,-7.1424136079999663],[114.29522209298015,-7.14247581332884],[114.29522197422345,-7.1424592443363464],[114.29521293273451,-7.1424593089878607],[114.29521280327958,-7.1424412472775503],[114.29520376179093,-7.1424413119287236],[114.29520369706376,-7.1424322810734973],[114.29521273855222,-7.1424322164224048],[114.29521267382498,-7.142423185567222],[114.29520363233668,-7.1424232502182328],[114.29520356760968,-7.142414219362978],[114.29519452612148,-7.1424142840137277],[114.29519439666808,-7.1423962223030459],[114.29517631369212,-7.1423963516036855],[114.2951762489659,-7.1423873207481723],[114.29516720747796,-7.1423873853981439],[114.29516714275201,-7.1423783545425454],[114.29515810126418,-7.1423784191922577],[114.29515803653848,-7.1423693883365722],[114.29514899505075,-7.1423694529860251],[114.29514886559997,-7.1423513912744765],[114.29513982411248,-7.1423514559235883],[114.2951397593874,-7.1423424250677252],[114.29513071790002,-7.1423424897165777],[114.29513058845045,-7.1423244280046747],[114.29512154696332,-7.1423244926531844],[114.29512148223884,-7.1423154617971267],[114.29511244075182,-7.1423155264453788],[114.29511218185544,-7.1422794030208614],[114.29510314036905,-7.1422794676686063],[114.29510301092171,-7.14226140595615],[114.29509396943557,-7.1422614706035521],[114.29509390471222,-7.142252439747236],[114.29508486322618,-7.1422525043943805],[114.29508479850307,-7.1422434735379756],[114.29507575701713,-7.1422435381848608],[114.29507569229428,-7.1422345073283697]]],[[[114.29516604242359,-7.1422248299967501],[114.29516623659744,-7.1422519225637284],[114.29515719511208,-7.1422519872122843],[114.29515725983669,-7.142261018068023],[114.29516630132223,-7.1422609534193837],[114.29516643077203,-7.1422790151306854],[114.29520259671476,-7.1422787565337007],[114.2952026614405,-7.1422877873890149],[114.29521170292614,-7.1422877227392449],[114.29521176765215,-7.1422967535944721],[114.2952208091379,-7.1422966889444428],[114.29522087386415,-7.142305719799583],[114.29522991534999,-7.1423056551492952],[114.29523004480311,-7.1423237168593996],[114.29525716926116,-7.1423235229069792],[114.29525723398838,-7.1423325537617766],[114.29524819250229,-7.1423326184128424],[114.2952482572294,-7.1423416492677188],[114.2952572987157,-7.1423415846165703],[114.29525749289812,-7.1423686771809276],[114.2952484514113,-7.142368741832323],[114.2952485808663,-7.1423868035420401],[114.29528474681449,-7.1423865449347357],[114.29528481154283,-7.1423955757892559],[114.29529385302986,-7.1423955111369057],[114.29529391775846,-7.1424045419913398],[114.29530295924555,-7.1424044773387321],[114.29530308870336,-7.1424225390474234],[114.2952940472159,-7.1424226037001981],[114.29529417667368,-7.1424406654090387],[114.29530321816149,-7.1424406007560997],[114.29530328289069,-7.1424496316104316],[114.29532136586643,-7.1424495023038563],[114.29532143059606,-7.1424585331580195],[114.29533047208396,-7.1424584685043842],[114.29533053681386,-7.1424674993584611],[114.29531245383761,-7.1424676286657194],[114.29531251856723,-7.1424766595199385],[114.29532156005557,-7.1424765948663156],[114.29532162478546,-7.1424856257204814],[114.29533970776227,-7.1424854964125402],[114.29533977249261,-7.1424945272665203],[114.29534881398104,-7.1424944626122038],[114.29534887871162,-7.1425034934660978],[114.29535792020019,-7.1425034288115183],[114.29535772600816,-7.1424763362500547],[114.29533964303204,-7.1424764655585395],[114.29533938411191,-7.1424403421425726],[114.29533034262444,-7.1424404067962195],[114.29533014843575,-7.1424133142339441],[114.29531206546162,-7.1424134435402111],[114.29531174181727,-7.142368289268842],[114.29529365884456,-7.142368418573577],[114.29529339993201,-7.1423322951557457],[114.29528435844621,-7.1423323598075186],[114.29528429371847,-7.14232332895297],[114.29526621074703,-7.1423234582558193],[114.29526608129248,-7.1423053965463765],[114.2952479983214,-7.1423055258481885],[114.29524793359461,-7.1422964949932961],[114.29523889210911,-7.1422965596438557],[114.29523876265614,-7.1422784979338925],[114.29522067968563,-7.1422786272341492],[114.29522055023369,-7.1422605655238387],[114.29522959171862,-7.1422605008739648],[114.29522946226668,-7.1422424391638017],[114.2952113792974,-7.1422425684630459],[114.29521124984649,-7.1422245067525543],[114.29516604242359,-7.1422248299967501]],[[114.29531213019074,-7.1424224743944729],[114.29532117167803,-7.1424224097413456],[114.2953212364074,-7.1424314405955363],[114.29531219491994,-7.1424315052487461],[114.29531213019074,-7.1424224743944729]]],[[[114.29516604242359,-7.1422248299967501],[114.29516584825052,-7.1421977374297017],[114.29514776528184,-7.142197866725648],[114.29514789472978,-7.142215928437337],[114.29515693621451,-7.1422158637892865],[114.29515700093877,-7.1422248946450582],[114.29516604242359,-7.1422248299967501]]],[[[114.29513859435012,-7.1421798696614864],[114.29513852962663,-7.1421708388055443],[114.29514757111059,-7.1421707741580835],[114.295147506387,-7.1421617433022213],[114.29512942341938,-7.1421618725968008],[114.29512955286593,-7.142179934308853],[114.29513859435012,-7.1421798696614864]]],[[[114.29530043488548,-7.1420522740159447],[114.29530037015998,-7.1420432431614316],[114.29529132867995,-7.1420433078107388],[114.29529139340528,-7.1420523386653336],[114.29530043488548,-7.1420522740159447]]],[[[114.29481968315461,-7.1418389595757681],[114.29479037499883,-7.1418391691007637],[114.29479984300019,-7.1418568139998726],[114.29495688700001,-7.1420923809999231],[114.29500805012454,-7.1421717717265247],[114.29503003181284,-7.1421716145612937],[114.29503009653422,-7.1421806454182271],[114.29503913801935,-7.142180580772802],[114.29503920274098,-7.1421896116296493],[114.29504824422618,-7.1421895469839649],[114.29504843839213,-7.1422166395542286],[114.29505747987778,-7.1422165749081215],[114.29505741515555,-7.1422075440514536],[114.29506645664094,-7.1422074794052524],[114.29506639191861,-7.1421984485486627],[114.2950573504334,-7.1421985131947814],[114.29505709154562,-7.1421623897680542],[114.295048050061,-7.1421624544136648],[114.29504792061798,-7.1421443927001107],[114.29505696210222,-7.1421443280546644],[114.29505702682388,-7.1421533589113446],[114.29508415127664,-7.1421531649736973],[114.2950842159989,-7.1421621958301582],[114.29512038193545,-7.1421619372438245],[114.29512025248958,-7.1421438755315911],[114.29511121100593,-7.1421439401782747],[114.29511114628329,-7.1421349093220696],[114.29512018776677,-7.1421348446754696],[114.29512005832142,-7.1421167829632113],[114.29511101683829,-7.142116847609647],[114.29511095211592,-7.1421078167534109],[114.29510191063289,-7.1421078813995882],[114.29510178118875,-7.1420898196869915],[114.29508369822312,-7.1420899489784846],[114.29508356878002,-7.1420718872655238],[114.29505644433203,-7.1420720812009417],[114.29505637961114,-7.1420630503442268],[114.2950292551629,-7.142063244277808],[114.29502919044262,-7.1420542134208063],[114.29503823192528,-7.1420541487765368],[114.29503816720491,-7.14204511791963],[114.29502912572242,-7.1420451825638143],[114.29502906100231,-7.1420361517068214],[114.29500193655494,-7.1420363456380711],[114.29500187183544,-7.1420273147808251],[114.294992830353,-7.142027379424138],[114.29499270091461,-7.1420093177094701],[114.29498365943243,-7.142009382352442],[114.29498352999472,-7.141991320637592],[114.29497448851281,-7.1419913852802228],[114.29497435907578,-7.1419733235651908],[114.29495627611242,-7.1419734528495935],[114.29495621139439,-7.1419644219919043],[114.29494716991276,-7.141964486633757],[114.29494704047731,-7.1419464249181894],[114.29493799899595,-7.1419464895597002],[114.29493793427852,-7.1419374587018529],[114.29491080983445,-7.1419376526250788],[114.29491068040092,-7.1419195909088424],[114.29490163891975,-7.1419196555493993],[114.29490157420329,-7.1419106246911941],[114.29489253272223,-7.1419106893314899],[114.29489233857387,-7.1418835967565979],[114.29487425561253,-7.1418837260361672],[114.29487419089693,-7.1418746951776964],[114.2948561079356,-7.1418748244563952],[114.29485604322043,-7.1418657935977548],[114.29483796025912,-7.1418659228755823],[114.29483783082976,-7.1418478611579594],[114.29481974786881,-7.1418479904347505],[114.29481968315461,-7.1418389595757681]]],[[[114.29486450226671,-7.1417844512313717],[114.29486443755221,-7.141775420372773],[114.29485539607346,-7.1417754850111255],[114.29485546078779,-7.1417845158698077],[114.29486450226671,-7.1417844512313717]]],[[[114.29482814220935,-7.1417576172072543],[114.29481005925177,-7.1417577464820416],[114.2948101886784,-7.1417758082002418],[114.29481923015757,-7.1417757435627722],[114.29481916544404,-7.141766712703757],[114.29482820692297,-7.1417666480661923],[114.29482814220935,-7.1417576172072543]]],[[[114.29482814220935,-7.1417576172072543],[114.294837183688,-7.1417575525695964],[114.29483711897429,-7.1417485217107375],[114.29482807749581,-7.1417485863483128],[114.29482814220935,-7.1417576172072543]]],[[[114.2948733496018,-7.1417572940171992],[114.29487328488737,-7.1417482631586697],[114.29486424340922,-7.1417483277969511],[114.29486430812346,-7.1417573586555623],[114.2948733496018,-7.1417572940171992]]],[[[114.29477382862318,-7.141748974170059],[114.29477376391077,-7.1417399433106015],[114.29476472243188,-7.1417400079468578],[114.29476478714409,-7.141749038806398],[114.29477382862318,-7.141748974170059]]],[[[114.29467327228257,-7.1415961605335889],[114.29466003098192,-7.1415962551889587],[114.29474209941603,-7.1417492009971886],[114.29475574566494,-7.1417491034425611],[114.29475548681729,-7.1417129800041117],[114.29476452829573,-7.1417129153682799],[114.29476446358385,-7.1417038845087397],[114.29475542210558,-7.1417039491444898],[114.29475529268242,-7.1416858874252327],[114.29476433416033,-7.1416858227896469],[114.29476426944871,-7.1416767919300952],[114.29474618649314,-7.141676921200923],[114.29474625120442,-7.1416859520606417],[114.29472816824818,-7.1416860813309277],[114.29472810353727,-7.1416770504710456],[114.29471906205917,-7.1416771151058418],[114.29471899734851,-7.1416680842458726],[114.29470995587054,-7.1416681488804095],[114.29470982644983,-7.1416500871603104],[114.29469174349431,-7.1416502164285243],[114.2946914846553,-7.1416140929875667],[114.29467340170086,-7.1416142222544137],[114.29467327228257,-7.1415961605335889]]],[[[114.29462748252658,-7.1415152059491582],[114.29462754723406,-7.1415242368100227],[114.29463658870998,-7.1415241721783964],[114.2946366534177,-7.1415332030391578],[114.29464569489369,-7.1415331384072704],[114.29464556547798,-7.1415150766858924],[114.29462748252658,-7.1415152059491582]]],[[[114.29462748252658,-7.1415152059491582],[114.29462735311191,-7.1414971442274169],[114.29461831163646,-7.1414972088586186],[114.29461840893288,-7.1415107880475466],[114.29462045153282,-7.1415152562089697],[114.29462748252658,-7.1415152059491582]]],[[[114.29460003456548,-7.1414702455371089],[114.29459987562872,-7.1414702466732241],[114.2946000371045,-7.1414705998995442],[114.29460003456548,-7.1414702455371089]]],[[[114.29448771944703,-7.1409382002180113],[114.29446963651546,-7.1409383294647064],[114.29446970121454,-7.1409473603272371],[114.29447874268055,-7.1409472957038966],[114.2944788073799,-7.1409563265663394],[114.29446976591372,-7.1409563911897633],[114.29446989531232,-7.1409744529148043],[114.29446085384566,-7.1409745175382175],[114.2944612420424,-7.1410287027137525],[114.29447028351012,-7.1410286380898462],[114.29447041291006,-7.1410466998148046],[114.29447945437801,-7.1410466351905546],[114.29447938967782,-7.1410376043281509],[114.29448843114552,-7.1410375397038086],[114.29448836644524,-7.1410285088415],[114.29449740791269,-7.1410284442170626],[114.29449734321231,-7.1410194133548002],[114.29448830174503,-7.1410194779791549],[114.29448823704493,-7.1410104471168223],[114.29450631997902,-7.1410103178680995],[114.29450612587813,-7.1409832252815724],[114.29448804294509,-7.1409833545297987],[114.29448771944703,-7.1409382002180113]]],[[[114.29448771944703,-7.1409382002180113],[114.29449676091272,-7.1409381355943999],[114.29449682561234,-7.1409471664566828],[114.29450586707812,-7.1409471018328112],[114.29450567297897,-7.1409200092461971],[114.29449663151374,-7.1409200738698209],[114.29449656681437,-7.1409110430075087],[114.29448752534923,-7.1409111076308731],[114.29448771944703,-7.1409382002180113]]],[[[114.29448752534923,-7.1409111076308731],[114.29448746065012,-7.1409020767685094],[114.29449650211509,-7.1409020121452258],[114.29449643741589,-7.1408929812829225],[114.29447835448623,-7.1408931105291442],[114.2944781603902,-7.1408660179417307],[114.29446911892576,-7.1408660825643295],[114.29446898952918,-7.1408480208391722],[114.29447803099326,-7.1408479562167395],[114.29447790159665,-7.1408298944917483],[114.29446886013295,-7.1408299591140167],[114.29446879543494,-7.1408209282514488],[114.2944597539713,-7.1408209928734587],[114.29445968927357,-7.1408119620107717],[114.29446873073702,-7.1408118973888444],[114.29446866603921,-7.1408028665262524],[114.29447770750238,-7.1408028019042318],[114.29447764280445,-7.140793771041718],[114.29448668426738,-7.1407937064196023],[114.2944864901736,-7.1407666138322838],[114.29449553163593,-7.1407665492102401],[114.29449546693799,-7.1407575183478746],[114.29448642547582,-7.1407575829698349],[114.29448623138305,-7.1407304903824675],[114.29449527284466,-7.1407304257607533],[114.29449469056924,-7.1406491479991709],[114.29448564910922,-7.1406492126201417],[114.29448545501945,-7.1406221200326252],[114.29445833064048,-7.1406223138937346],[114.29445813655306,-7.1405952213054382],[114.29444909509378,-7.1405952859252082],[114.29444903039833,-7.1405862550623516],[114.29443998893912,-7.1405863196818613],[114.2944399242439,-7.1405772888189194],[114.29443088278481,-7.1405773534381698],[114.29443081808986,-7.1405683225751408],[114.29443985954879,-7.1405682579559731],[114.29443979485376,-7.1405592270930214],[114.29443075339501,-7.1405592917121083],[114.29443068870023,-7.1405502608490696],[114.29442164724158,-7.1405503254678964],[114.29442145315829,-7.1405232328785111],[114.29441241170007,-7.1405232974969142],[114.29441234700599,-7.1405142666336943],[114.29440330554787,-7.1405143312518389],[114.29440324085405,-7.1405053003885328],[114.29439419939601,-7.1405053650064172],[114.29439413470246,-7.1404963341430072],[114.2943760517865,-7.1404964633780814],[114.29437624586639,-7.140523555968759],[114.29437567920884,-7.1405235600185515],[114.29437867800004,-7.1405433519999573],[114.29438951123103,-7.1405957117696728],[114.29439484633625,-7.1405956736401155],[114.2943949757253,-7.1406137353668235],[114.29444018302522,-7.1406134122706835],[114.29444024772074,-7.1406224431335916],[114.29443120626077,-7.1406225077532559],[114.2944312709562,-7.14063153861626],[114.29444031241637,-7.1406314739965149],[114.29444050650373,-7.1406585665852731],[114.29440434066045,-7.1406588250641896],[114.29440440418992,-7.1406676931978099],[114.29440816945714,-7.1406858916764557],[114.29442261766933,-7.1406857884142676],[114.29442248827787,-7.1406677266881378],[114.2944405711997,-7.1406675974481626],[114.29444063589573,-7.1406766283110636],[114.29444967735671,-7.140676563690727],[114.294449742053,-7.1406855945535428],[114.29443165913064,-7.1406857237942027],[114.29443185321897,-7.1407128163831182],[114.29442281175714,-7.1407128810034308],[114.29442294114943,-7.1407309427295189],[114.29441749857587,-7.140730981628197],[114.29442150900002,-7.1407503649999153],[114.29442150899949,-7.1407580469415821],[114.29443217670124,-7.1407579706978952],[114.29443230609472,-7.1407760324237772],[114.29442150899844,-7.1407761095924593],[114.29442150900003,-7.1409002709999578],[114.29442455667196,-7.1409205890164316],[114.29444238272055,-7.1409204616078554],[114.29444231802223,-7.1409114307450476],[114.29445135948781,-7.1409113661225661],[114.29445142418629,-7.1409203969852912],[114.29447854858302,-7.1409202031165391],[114.29447848388401,-7.1409111722540617],[114.29448752534923,-7.1409111076308731]]],[[[114.29432005638036,-7.1402530177481038],[114.29430427253111,-7.1402531305459291],[114.29432021844603,-7.1402756424881781],[114.29432005638036,-7.1402530177481038]]],[[[114.29430184409382,-7.1402350852472249],[114.29429154262776,-7.1402351588651767],[114.29430194986647,-7.1402498514805917],[114.29430184409382,-7.1402350852472249]]],[[[114.29330688421879,-7.1389236195250891],[114.29330260697661,-7.1389236500770687],[114.29330692335321,-7.1389290854989733],[114.29330688421879,-7.1389236195250891]]],[[[114.29329777812423,-7.1389146532332415],[114.29329547546588,-7.1389146696808758],[114.2932977991922,-7.1389175958467739],[114.29329777812423,-7.1389146532332415]]],[[[114.29328860737276,-7.138896656066942],[114.29328121244529,-7.1388967088877697],[114.29328867503168,-7.1389061061941481],[114.29328860737276,-7.138896656066942]]],[[[114.29222280906045,-7.1377934121788504],[114.29222293831303,-7.137811473947397],[114.29225910401244,-7.1378112157418832],[114.29225903938541,-7.1378021848579323],[114.29223191511151,-7.1378023785120854],[114.29223185048508,-7.1377933476279001],[114.29222280906045,-7.1377934121788504]]],[[[114.29231322330294,-7.1377927666614198],[114.29230418187908,-7.1377928312139574],[114.2923042465069,-7.1378018620974828],[114.29231328793095,-7.1378017975448627],[114.29231322330294,-7.1377927666614198]]],[[[114.29231322330294,-7.1377927666614198],[114.29232226472675,-7.1377927021087055],[114.29232220009864,-7.1377836712253417],[114.29231315867503,-7.1377837357779725],[114.29231322330294,-7.1377927666614198]]],[[[114.29229507582755,-7.1377838648827057],[114.29229501120007,-7.1377748339990887],[114.29228596977637,-7.1377748985511085],[114.29228603440369,-7.1377839294348071],[114.29229507582755,-7.1377838648827057]]],[[[114.29232142456794,-7.1376753006246467],[114.29232135994094,-7.1376662697412288],[114.29231231851961,-7.1376663342927875],[114.29231238314644,-7.137675365176289],[114.29232142456794,-7.1376753006246467]]],[[[114.29229397717165,-7.1376303398606735],[114.29229384791961,-7.1376122780932967],[114.2922848064991,-7.1376123426438323],[114.29228493575079,-7.1376304044113725],[114.29229397717165,-7.1376303398606735]]],[[[114.29228474187339,-7.1376033117600715],[114.29228467724775,-7.1375942808762742],[114.29227563582752,-7.137594345426467],[114.29227570045298,-7.1376033763103477],[114.29228474187339,-7.1376033117600715]]],[[[114.29222280906045,-7.1377934121788504],[114.29222261518224,-7.1377663195260208],[114.29223165660633,-7.13776625497532],[114.29223146272834,-7.1377391623227009],[114.2922133798811,-7.1377392914234328],[114.29221331525564,-7.1377302605390538],[114.29220427383208,-7.1377303250890733],[114.29220407995669,-7.137703232435662],[114.29219503853355,-7.1377032969852587],[114.29219413379413,-7.137576864601038],[114.29218509237343,-7.1375769291493008],[114.29218502774998,-7.1375678982645994],[114.29217598632934,-7.1375679628126036],[114.29217566321429,-7.1375228083886277],[114.29216662179446,-7.1375228729360432],[114.29216649254938,-7.1375048111662576],[114.29216454059342,-7.1375048251013684],[114.29215864100001,-7.1376523069998861],[114.29217203785755,-7.1377215238858698],[114.29217708493621,-7.137721487853355],[114.29217727897058,-7.1377486028744226],[114.29218425703553,-7.1377846560717462],[114.29220466158516,-7.1377845103957798],[114.29220472621097,-7.1377935412802165],[114.29222280906045,-7.1377934121788504]]],[[[114.29212812977961,-7.1371980192534297],[114.2921278713047,-7.1371618957119347],[114.29211223234093,-7.137162007352476],[114.29212294900003,-7.1371883119999868],[114.29212572744908,-7.1371980364028635],[114.29212812977961,-7.1371980192534297]]],[[[114.29210959462402,-7.1371349321415627],[114.29210122609031,-7.1371349918808171],[114.29210974466245,-7.1371559012038981],[114.29210959462402,-7.1371349321415627]]],[[[114.29214459715207,-7.1369721180344694],[114.29214453253496,-7.1369630871491649],[114.29212644971662,-7.1369632162325312],[114.29212651433338,-7.1369722471180017],[114.29214459715207,-7.1369721180344694]]],[[[114.29212586816955,-7.1368819382631115],[114.2921257389378,-7.1368638764920673],[114.29211669753046,-7.1368639410325789],[114.29211682676187,-7.1368820028037874],[114.29212586816955,-7.1368819382631115]]],[[[114.29217895352122,-7.1367189950844212],[114.29217901813676,-7.1367280259695089],[114.29220614234883,-7.136727832347451],[114.29220607773276,-7.1367188014626119],[114.29217895352122,-7.1367189950844212]]],[[[114.29217895352122,-7.1367189950844212],[114.29217882429035,-7.1367009333142191],[114.29216978288666,-7.1367009978543043],[114.29216991211717,-7.1367190596246717],[114.29217895352122,-7.1367189950844212]]],[[[114.29216080609797,-7.1367100932794889],[114.29216067686798,-7.1366920315089661],[114.29215163546432,-7.1366920960486153],[114.2921517000791,-7.1367011269339455],[114.29214265867517,-7.1367011914735015],[114.29214272328984,-7.1367102223589427],[114.29216080609797,-7.1367100932794889]]],[[[114.29220594850084,-7.1367007396929054],[114.292205883885,-7.1366917088080708],[114.29219684248179,-7.1366917733486028],[114.29219690709743,-7.1367008042335192],[114.29220594850084,-7.1367007396929054]]],[[[114.29202473274407,-7.1366478451526154],[114.29201569134004,-7.1366479096892057],[114.29201575595175,-7.1366569405757918],[114.29199767314307,-7.1366570696486082],[114.29199780236601,-7.1366751314221508],[114.29197971955629,-7.1366752604945898],[114.29197978416755,-7.1366842913815116],[114.291977844721,-7.1366843052249731],[114.29199207900002,-7.1368313929998948],[114.29205751400004,-7.1370276979999447],[114.29210054114726,-7.1371333106487356],[114.29210029474073,-7.1370988731415945],[114.29214550180045,-7.1370985504283171],[114.29214517870986,-7.1370533960020355],[114.29213613729897,-7.1370534605446316],[114.29213607268129,-7.137044429659281],[114.29212703127047,-7.1370444942016187],[114.29212696665304,-7.1370354633161801],[114.29213600806368,-7.1370353987739259],[114.29213581421136,-7.1370083061178349],[114.29211773139107,-7.1370084352016736],[114.29211766677417,-7.1369994043161364],[114.29210862536408,-7.1369994688577094],[114.29210836689796,-7.1369633453151913],[114.29205411843994,-7.1369637325589368],[114.29205418305527,-7.1369727634450664],[114.29204514164513,-7.1369728279851552],[114.29204488318497,-7.1369367044402789],[114.29203584177546,-7.1369367689798615],[114.29203545408876,-7.1368825836619294],[114.29204449549722,-7.1368825191228424],[114.2920442370404,-7.1368463955778019],[114.29203519563265,-7.1368464601165602],[114.29203513101884,-7.1368374292302077],[114.29201704820343,-7.136837558307028],[114.29201672513737,-7.1367924038743764],[114.29200768373042,-7.1367924684121107],[114.29200742527978,-7.1367563448655851],[114.29201646668602,-7.1367562803281821],[114.29201640207339,-7.1367472494416244],[114.29203448488528,-7.1367471203664525],[114.29203435565957,-7.1367290585936516],[114.292025314254,-7.136729123131162],[114.29202518502899,-7.1367110613581799],[114.29203422643418,-7.1367109968208355],[114.29203409720915,-7.1366929350480026],[114.29204313861389,-7.1366928705106467],[114.29204307400131,-7.1366838396243066],[114.29203403259676,-7.1366839041615808],[114.29203396798445,-7.1366748732751537],[114.29202492657996,-7.1366749378121668],[114.29202473274407,-7.1366478451526154]]],[[[114.29216907212489,-7.136601658117101],[114.29216894289657,-7.136583596346644],[114.29215990149513,-7.1365836608854814],[114.2921600307231,-7.1366017226561027],[114.29216907212489,-7.136601658117101]]],[[[114.2921054592465,-7.136556955457344],[114.29209641784497,-7.1365570199946982],[114.29209648245742,-7.1365660508806013],[114.29207839965382,-7.1365661799549436],[114.29207846426601,-7.1365752108410065],[114.29206942286388,-7.1365752753779956],[114.29206948747597,-7.1365843062641376],[114.29206044607361,-7.1365843708010335],[114.2920605106856,-7.1365934016872545],[114.29205146928295,-7.1365934662240553],[114.29205159850684,-7.1366115279966653],[114.2920425571038,-7.1366115925334546],[114.29204275093973,-7.1366386851925441],[114.29205179234333,-7.1366386206555079],[114.29205237385729,-7.1367198986318634],[114.29206141526241,-7.136719834093908],[114.29206173832955,-7.1367649885246607],[114.29207077973544,-7.1367649239861164],[114.29207090896324,-7.1367829857582228],[114.29207995036943,-7.1367829212193374],[114.29208007959791,-7.1368009829912626],[114.29208912100435,-7.1368009184520353],[114.29208918561889,-7.13680994933791],[114.29210726843189,-7.13680982025876],[114.2921066222867,-7.1367195114014814],[114.29211566369131,-7.1367194468624664],[114.29211553446292,-7.1367013850911096],[114.29210649305867,-7.1367014496299594],[114.29210642844478,-7.1366924187442171],[114.29208834563637,-7.1366925478212222],[114.29208776411832,-7.1366112698477409],[114.29209680552096,-7.1366112053100705],[114.29209687013392,-7.1366202361959301],[114.29210591153668,-7.1366201716579996],[114.29210584692355,-7.1366111407722217],[114.29211488832603,-7.1366110762341961],[114.29211475909965,-7.1365930144627416],[114.29213284190367,-7.1365928853864924],[114.29213277729026,-7.1365838545009312],[114.29215086009359,-7.1365837254241411],[114.29215079547991,-7.1365746945387398],[114.29214175407846,-7.1365747590771411],[114.29214168946503,-7.1365657281916564],[114.29211456526072,-7.1365659218055519],[114.29211462987361,-7.1365749526912863],[114.29210558847184,-7.1365750172289806],[114.2921054592465,-7.136556955457344]],[[114.29208866870489,-7.136737702250799],[114.29209771011001,-7.1367376377119722],[114.29209777472416,-7.1367466685977936],[114.29208873331885,-7.1367467331367029],[114.29208866870489,-7.136737702250799]]],[[[114.29218547497703,-7.1363667260256376],[114.29218553958948,-7.1363757569108017],[114.29219458098665,-7.136375692373333],[114.29219451637401,-7.1363666614882497],[114.29218547497703,-7.1363667260256376]]],[[[114.29218547497703,-7.1363667260256376],[114.29218541036464,-7.136357695140469],[114.29217636896779,-7.1363577596775958],[114.29217643357998,-7.1363667905628461],[114.29218547497703,-7.1363667260256376]]],[[[114.29218534575236,-7.136348664255296],[114.29218528114015,-7.1363396333701195],[114.29217623974364,-7.1363396979070819],[114.29217630435568,-7.1363487287923402],[114.29218534575236,-7.136348664255296]]],[[[114.29194329227323,-7.135375006306707],[114.29194322767468,-7.1353659754189431],[114.29193418629507,-7.1353660399424079],[114.29193425089343,-7.1353750708302561],[114.29194329227323,-7.135375006306707]]],[[[114.29191584514429,-7.1353300454367226],[114.29191597433976,-7.135348107212776],[114.29192501571919,-7.1353480426898273],[114.29192488652338,-7.1353299809139399],[114.29191584514429,-7.1353300454367226]]],[[[114.29156006644816,-7.1348900480116102],[114.29156910782186,-7.1348899834997495],[114.29156904323506,-7.1348809526083663],[114.29156000186155,-7.1348810171201444],[114.29156006644816,-7.1348900480116102]]],[[[114.29155980810222,-7.1348539244457854],[114.29155974351595,-7.1348448935543187],[114.29155070214304,-7.1348449580655915],[114.29155076672915,-7.1348539889571398],[114.29155980810222,-7.1348539244457854]]],[[[114.29146003007298,-7.1348094795990722],[114.29146907144602,-7.1348094150898946],[114.29146900686193,-7.1348003841975824],[114.29148708960739,-7.1348002551788614],[114.29148715419183,-7.1348092860710084],[114.29153236105485,-7.134808963520709],[114.29153223188429,-7.1347909017372526],[114.29152319051221,-7.1347909662475004],[114.29152325509727,-7.1347999971393055],[114.29151421372494,-7.1348000616494591],[114.29151414914004,-7.1347910307575715],[114.29150510776778,-7.1347910952674676],[114.29150504318315,-7.13478206437546],[114.29145079494893,-7.1347824514306302],[114.29145085953249,-7.1347914823231324],[114.29145990090524,-7.1347914178142959],[114.29146003007298,-7.1348094795990722]]],[[[114.29146003007298,-7.1348094795990722],[114.29145098869988,-7.134809544108073],[114.29145105328369,-7.1348185750005451],[114.29144201191033,-7.1348186395094526],[114.2914419473267,-7.1348096086168979],[114.2914329059534,-7.1348096731255461],[114.29143284137002,-7.1348006422329027],[114.29141475862356,-7.1348007712495072],[114.29141462945775,-7.1347827094638818],[114.2913694225919,-7.1347830320014767],[114.29136935801002,-7.1347740011082461],[114.29136031663677,-7.1347740656151526],[114.2913603812185,-7.1347830965084658],[114.29135133984499,-7.134783161015279],[114.29135127526345,-7.1347741301218832],[114.29133319251655,-7.1347742591348151],[114.29133312793543,-7.1347652282412506],[114.29132408656203,-7.1347652927473675],[114.29132395740042,-7.1347472309600608],[114.2913149160273,-7.1347472954658393],[114.2913148514468,-7.1347382645720963],[114.29130581007377,-7.1347383290776154],[114.29130587465409,-7.1347473599714402],[114.29129683328077,-7.1347474244768652],[114.29129663954059,-7.1347203317951307],[114.29128759816773,-7.1347203963001311],[114.29128753358802,-7.1347113654061287],[114.29127849221527,-7.1347114299108707],[114.2912784276358,-7.1347023990167822],[114.29125130351753,-7.1347025925297025],[114.29125123893868,-7.1346935616353617],[114.29126028031136,-7.1346934971313152],[114.29126021573242,-7.1346844662370534],[114.29127829847715,-7.1346843372285917],[114.29127823389793,-7.134675306334473],[114.29126919252579,-7.1346753708387105],[114.29126912794683,-7.1346663399445402],[114.29124200383046,-7.1346665334559409],[114.29124187467387,-7.1346484716670577],[114.29123283330193,-7.1346485361703404],[114.29123270414604,-7.1346304743812592],[114.29122366277436,-7.1346305388842026],[114.29122346904168,-7.1346034462003445],[114.29120538629914,-7.1346035752052028],[114.29120532172209,-7.1345945443104046],[114.29119628035087,-7.1345946088124874],[114.29119621577411,-7.134585577917619],[114.29117813303175,-7.1345857069210901],[114.29117806845541,-7.134576676026021],[114.29115998571309,-7.1345768050286207],[114.29115992113719,-7.134567774133397],[114.29116896250822,-7.1345677096322682],[114.29116889793222,-7.1345586787371245],[114.29115081519045,-7.1345588077390412],[114.2911506860394,-7.1345407459484118],[114.291132603298,-7.1345408749492929],[114.29113253872295,-7.1345318440538072],[114.29111445598154,-7.134531973053817],[114.29111432683243,-7.1345139112625029],[114.29110528546198,-7.1345139757620792],[114.29110560833452,-7.1345591302407456],[114.2910604014765,-7.1345594527380412],[114.29106020775536,-7.1345323600496151],[114.29104212501262,-7.1345324890468031],[114.29104206043944,-7.1345234581504879],[114.29106014318182,-7.134523329153466],[114.29105994946171,-7.1344962364649911],[114.29106899083224,-7.1344961719664619],[114.29106879711235,-7.1344690792781815],[114.29104167300207,-7.1344692727724963],[114.29104173757474,-7.1344783036688533],[114.29103269620433,-7.1344783681666861],[114.29103262703894,-7.1344686949270946],[114.29101650000007,-7.1345590069999565],[114.29108193500008,-7.134761261999869],[114.29113000230986,-7.1348208655449161],[114.29113460516578,-7.1348208327073284],[114.29113464658109,-7.1348266244475935],[114.29115172734988,-7.1348478046219723],[114.29115288165262,-7.1348477963868913],[114.29115289203884,-7.1348492488375914],[114.29120241912085,-7.1349106624598191],[114.29120758196834,-7.134910625625885],[114.29120762842392,-7.1349171219981775],[114.29121690248675,-7.1349286218398467],[114.29122579388363,-7.1349285584043933],[114.29122587388957,-7.1349397463819271],[114.29123065100009,-7.1349456699999809],[114.29124170429638,-7.1349555389567758],[114.29124407038135,-7.1349555220758276],[114.29124408570713,-7.1349576652038271],[114.29125173928691,-7.1349644987165561],[114.29125317634049,-7.1349644884637859],[114.29125318564871,-7.1349657901032959],[114.29126177427781,-7.1349734584759359],[114.29127132367805,-7.1349733903446175],[114.29127138553281,-7.1349820399012795],[114.29139721400009,-7.1350943859999374],[114.29152808400011,-7.1352847429999464],[114.29168140803506,-7.1354210310349284],[114.29168135059972,-7.1354130009785779],[114.29169039198256,-7.1354129364596401],[114.29169019820098,-7.1353858437894377],[114.29169923958322,-7.1353857792705719],[114.29169917498935,-7.1353767483805841],[114.29170821637132,-7.1353766838616233],[114.29170808718347,-7.1353586220818013],[114.29169000442013,-7.1353587511192167],[114.2916899398267,-7.1353497202291347],[114.29170802258967,-7.1353495911918827],[114.29170782880878,-7.1353224985221084],[114.2917168701896,-7.1353224340034656],[114.29171680559597,-7.1353134031136145],[114.29172584697655,-7.1353133385948784],[114.29172591157037,-7.1353223694846468],[114.29173495295103,-7.1353223049656513],[114.29173488835703,-7.1353132740759655],[114.29176201249798,-7.1353130805181681],[114.29176214168712,-7.1353311422970416],[114.29177118306764,-7.1353310777772574],[114.2917712476625,-7.1353401086666057],[114.29178028904309,-7.1353400441465622],[114.2917803536382,-7.1353490750358226],[114.29178939501888,-7.1353490105155233],[114.29178945961429,-7.1353580414046975],[114.29179135093439,-7.1353580279079871],[114.29179850099509,-7.1353579768841371],[114.29179856559072,-7.1353670077732252],[114.29182568973309,-7.1353668142102382],[114.29182549594481,-7.1353397215437031],[114.2918345373249,-7.1353396570226018],[114.29183447272879,-7.1353306261338316],[114.29186159686806,-7.1353304325697167],[114.29186133848236,-7.135294309015566],[114.29187037986124,-7.1352942444941707],[114.29187044445771,-7.1353032753826442],[114.29188852721558,-7.1353031463391616],[114.29188865640947,-7.1353212081157347],[114.2919067391677,-7.1353210790712147],[114.29190680376514,-7.1353301099593294],[114.29191584514429,-7.1353300454367226],[114.29191571594916,-7.135311983660654],[114.29190667457036,-7.1353120481830965],[114.2919066099731,-7.1353030172949721],[114.29189756859436,-7.1353030818171552],[114.29189743940044,-7.1352850200407314],[114.291888398022,-7.1352850845625726],[114.29188820423228,-7.1352579918976593],[114.29187012147619,-7.1352581209403176],[114.29187005688013,-7.1352490900518237],[114.29186101550215,-7.1352491545728061],[114.29186095090635,-7.135240123684258],[114.29185190952845,-7.1352401882049818],[114.2918517157421,-7.1352130955390169],[114.29184267436464,-7.1352131600593163],[114.29184260976953,-7.135204129170587],[114.29186069252401,-7.1352040001299777],[114.29186082171502,-7.1352220619071174],[114.29186986309247,-7.1352219973863829],[114.29186979849675,-7.1352129664978889],[114.29187883987395,-7.1352129019770603],[114.29187871068241,-7.1351948402002243],[114.29189679343585,-7.135194711158368],[114.2918971164171,-7.1352398655996003],[114.2919061577946,-7.1352398010779963],[114.29190570562021,-7.1351765848608171],[114.29189666424395,-7.1351766493818456],[114.29189659964813,-7.1351676184935782],[114.29188755827198,-7.1351676830143473],[114.2918874936764,-7.1351586521259938],[114.29186941092421,-7.1351587811668384],[114.29186921713907,-7.1351316885012572],[114.29186017576338,-7.1351317530211675],[114.29186024035816,-7.1351407839097805],[114.29184215760615,-7.135140912949236],[114.29184202841738,-7.1351228511716762],[114.29183298704159,-7.1351229156909737],[114.29183272866574,-7.1350867921354553],[114.29182368729059,-7.1350868566542482],[114.29182362269702,-7.1350778257652951],[114.29180553994682,-7.1350779548021848],[114.29180547535367,-7.1350689239130478],[114.29181451672865,-7.1350688593947744],[114.29181432294921,-7.135041766727567],[114.29179624020026,-7.1350418957634449],[114.29179617560762,-7.1350328648742254],[114.29178902555195,-7.1350329158957271],[114.29177809285868,-7.1350329939092321],[114.29177802826649,-7.1350239630198269],[114.29176898689208,-7.1350240275369821],[114.29176892230015,-7.1350149966474916],[114.29175988092582,-7.1350150611643874],[114.29175981633415,-7.1350060302748082],[114.29175077495992,-7.1350060947914464],[114.29175064577719,-7.1349880330121138],[114.29171448028085,-7.1349882910762403],[114.29171441569029,-7.1349792601862392],[114.29170537431618,-7.1349793247017468],[114.29170524513572,-7.1349612629215651],[114.29169620376189,-7.1349613274367298],[114.29169613917195,-7.1349522965465511],[114.29168709779817,-7.1349523610614591],[114.2916870332085,-7.1349433301711924],[114.29166895046109,-7.134943459200314],[114.29166888587186,-7.1349344283098786],[114.29165984449821,-7.134934492824093],[114.29165977990924,-7.1349254619335696],[114.29165073853568,-7.1349255264475246],[114.29165067394696,-7.134916495556916],[114.29164163257349,-7.1349165600706117],[114.29164156798504,-7.134907529179916],[114.29163252661166,-7.1349075936933533],[114.29163246202349,-7.1348985628025723],[114.29161437927682,-7.1348986918287514],[114.29161431468906,-7.134889660937799],[114.29162335606225,-7.1348895964248813],[114.29162329147441,-7.1348805655339911],[114.29159616735511,-7.1348807590719723],[114.29159610276788,-7.1348717281808653],[114.29158706139479,-7.1348717926930902],[114.29158738433091,-7.1349169471490841],[114.29159642570488,-7.1349168826364462],[114.29159649029253,-7.1349259135275496],[114.2916055316666,-7.1349258490146532],[114.29160559625453,-7.1349348799056704],[114.29163272037674,-7.1349346863656757],[114.29163278496527,-7.1349437172564407],[114.29164182633936,-7.1349436527426739],[114.29164195551701,-7.1349617145240281],[114.29165099689136,-7.1349616500099193],[114.29165106148051,-7.1349706809005085],[114.29166010285493,-7.1349706163861404],[114.29166023203381,-7.1349886781671401],[114.29167831478316,-7.1349885491375469],[114.29167837937307,-7.1349975800278926],[114.29168742074779,-7.1349975155127483],[114.29168754992821,-7.1350155772932125],[114.29171467405294,-7.1350153837462269],[114.2917147386438,-7.135024414636213],[114.29172378001874,-7.1350243501201156],[114.2917239092011,-7.1350424118998932],[114.29173295057628,-7.1350423473834566],[114.29173301516775,-7.1350513782732818],[114.29174205654301,-7.135051313756585],[114.29174212113476,-7.1350603446463072],[114.29175116251014,-7.1350602801293501],[114.29175129169423,-7.1350783419086188],[114.29176937444542,-7.1350782128738466],[114.29176950363055,-7.1350962746527689],[114.29177854500637,-7.1350962101349529],[114.29177867419217,-7.1351142719136931],[114.29178771556828,-7.135114207395536],[114.29178778016147,-7.1351232382848178],[114.29176969740887,-7.1351233673211203],[114.29176963281601,-7.1351143364316743],[114.29175155006338,-7.1351144654671064],[114.29175129169423,-7.1350783419086188],[114.2917241675668,-7.1350785354594537],[114.29172410297524,-7.1350695045695742],[114.29171506159943,-7.1350695690860846],[114.29171499700814,-7.1350605381961181],[114.29170595563244,-7.1350606027123682],[114.29170582645045,-7.1350425409322433],[114.29169678507503,-7.1350426054481524],[114.29169672048435,-7.1350335745580251],[114.29167863773355,-7.1350337035891505],[114.29167857314332,-7.1350246726988376],[114.29166953176797,-7.1350247372140529],[114.29166946717797,-7.135015706323653],[114.29166042580273,-7.1350157708386091],[114.29166036121302,-7.1350067399481247],[114.29165131983787,-7.1350068044628214],[114.2916512552484,-7.1349977735722661],[114.29164221387333,-7.1349978380867052],[114.29164214928412,-7.134988807196029],[114.29163310790916,-7.1349888717102088],[114.29163304332022,-7.1349798408194633],[114.29162400194532,-7.1349799053333838],[114.29162393735665,-7.1349708744425522],[114.29161489598187,-7.1349709389562141],[114.29161470221685,-7.1349438462834458],[114.29158757809358,-7.1349440398226305],[114.29158751350595,-7.1349350089314516],[114.29157847213153,-7.1349350734440788],[114.29157840754415,-7.1349260425528138],[114.29156936616984,-7.1349261070651808],[114.29156930158271,-7.1349170761738279],[114.29155121883417,-7.13491720519787],[114.29155115424749,-7.1349081743063492],[114.29156019562163,-7.1349081097944991],[114.29156006644816,-7.1348900480116102],[114.29155102507437,-7.134890112523296],[114.2915510896609,-7.1348991434148239],[114.29150588278986,-7.1348994659710119],[114.29150562444781,-7.1348633424032233],[114.29148754170025,-7.1348634714238033],[114.2914874771153,-7.1348544405316812],[114.29146939436772,-7.1348545695513907],[114.29146932978321,-7.1348455386590999],[114.29146028840948,-7.1348456031686087],[114.29146003007298,-7.1348094795990722]],[[114.29115094434182,-7.1345768695296554],[114.29114190297045,-7.1345769340305143],[114.29114183839489,-7.1345679031351272],[114.29115087976609,-7.1345678386343501],[114.29115094434182,-7.1345768695296554]],[[114.29148922093827,-7.1350982746175413],[114.29149826231669,-7.1350982101051956],[114.29149832690409,-7.1351072409971241],[114.29148928552547,-7.1351073055095533],[114.29148922093827,-7.1350982746175413]],[[114.29153455700582,-7.1351160138372416],[114.29154359838419,-7.135115949323847],[114.29154372756115,-7.1351340111068593],[114.29155276893978,-7.1351339465931236],[114.29155283352857,-7.1351429774845432],[114.29154379214975,-7.1351430419983597],[114.29154392132722,-7.135161103781348],[114.29152583856865,-7.1351612328087839],[114.29152570939189,-7.1351431710254651],[114.29153475077086,-7.1351431065120003],[114.29153455700582,-7.1351160138372416]],[[114.29179688613115,-7.1351322046555969],[114.29181496888363,-7.1351320756180705],[114.29181509807152,-7.1351501373961179],[114.29182413944798,-7.1351500728769253],[114.29182420404223,-7.1351591037658606],[114.29180612128886,-7.1351592328042353],[114.29180605669495,-7.1351502019151347],[114.29179701531834,-7.1351502664339748],[114.29179688613115,-7.1351322046555969]],[[114.29183318082437,-7.1351500083575559],[114.29184222220067,-7.1351499438380106],[114.29184228679527,-7.1351589747267816],[114.29185132817166,-7.1351589102069761],[114.29185139276652,-7.1351679410956601],[114.29186043414302,-7.1351678765755961],[114.29186049873815,-7.1351769074641949],[114.29183337460789,-7.1351771010241016],[114.29183318082437,-7.1351500083575559]],[[114.29151673260101,-7.135152266430496],[114.29150769122165,-7.1351523309436899],[114.29150756204578,-7.1351342691600346],[114.29151660342475,-7.135134204647005],[114.29151673260101,-7.135152266430496]],[[114.29157123923287,-7.1351880029125816],[114.29158028061229,-7.1351879383978227],[114.29158034520212,-7.1351969692889687],[114.29157130382251,-7.1351970338038102],[114.29157123923287,-7.1351880029125816]]],[[[114.29006475741416,-7.1331486299281455],[114.29005571606089,-7.1331486943949027],[114.29005578060217,-7.1331577253007499],[114.29004673924865,-7.1331577897674139],[114.29004678395445,-7.1331640452128333],[114.29004961590776,-7.1331668006223676],[114.29005584514354,-7.1331667562065935],[114.29005588908188,-7.1331729042410945],[114.2901598940001,-7.1332740979999611],[114.29021964846083,-7.1333462155152612],[114.29021988040452,-7.1333462138613291],[114.29021955767421,-7.1333010593399031],[114.29021051631938,-7.1333011238110613],[114.29021045177375,-7.1332920929066805],[114.29020141041899,-7.1332921573775785],[114.29020134587361,-7.1332831264731125],[114.29019230451895,-7.133283190943752],[114.29019217542881,-7.1332651291346414],[114.29017409271995,-7.1332652580750624],[114.29017396363085,-7.1332471962656054],[114.29016492227666,-7.1332472607353861],[114.29016485773242,-7.1332382298305701],[114.29013773366984,-7.1332384232386055],[114.29013766912621,-7.1332293923335195],[114.29011958641775,-7.1332295212711641],[114.29011952187454,-7.1332204903659449],[114.29011048052035,-7.1332205548344199],[114.29011041597742,-7.1332115239290959],[114.29011945733144,-7.1332114594607026],[114.2901193927884,-7.1332024285554576],[114.29011035143458,-7.1332024930237674],[114.2901102868918,-7.1331934621184354],[114.29009220418428,-7.1331935910543613],[114.29009213964194,-7.1331845601488784],[114.29008309828821,-7.1331846246164936],[114.29008303374614,-7.1331755937108898],[114.29006495103881,-7.1331757226454275],[114.29006475741416,-7.1331486299281455]]],[[[114.28997376302419,-7.1330679964282782],[114.28994825395966,-7.1330681783057832],[114.28998229237386,-7.1331012967321676],[114.29003767882735,-7.1331551861842115],[114.29003756881325,-7.133139792421872],[114.29002852745991,-7.1331398568880182],[114.29002826929805,-7.1331037332635834],[114.29001922794532,-7.1331037977292224],[114.2900192081907,-7.1331010335210872],[114.29001909886526,-7.1330857359168158],[114.29000101616026,-7.1330858648472359],[114.29000095162071,-7.1330768339408612],[114.28997382756313,-7.1330770273349202],[114.28997376302419,-7.1330679964282782]]],[[[114.28987372731264,-7.1329874273573814],[114.28986731998634,-7.1329874730393188],[114.28987377375871,-7.1329939268087657],[114.28987372731264,-7.1329874273573814]]],[[[114.28883294917365,-7.1315859517433884],[114.28880638771038,-7.1315861410200503],[114.28881485938615,-7.1316041434059878],[114.28881499551133,-7.1316041424359593],[114.28881499761629,-7.1316044371462484],[114.28881909522437,-7.131613144598778],[114.28882410134867,-7.1316131089250439],[114.28882417876049,-7.1316239471561058],[114.28884254105213,-7.1316629671742149],[114.28884244203176,-7.1316491037371774],[114.2888514833667,-7.131649039307641],[114.28885161237476,-7.131667101142444],[114.28884451025853,-7.1316671517530379],[114.28886090334808,-7.1317019871901142],[114.28886071821428,-7.1316760676299049],[114.28886975954956,-7.1316760031997681],[114.28886969504505,-7.1316669722825132],[114.28886065370995,-7.1316670367125656],[114.28886046019745,-7.1316399439605958],[114.28885141886279,-7.1316400083902254],[114.28885135435898,-7.1316309774728062],[114.28886039569345,-7.1316309130432582],[114.28886033118954,-7.1316218821258994],[114.28884224852082,-7.1316220109846542],[114.28884205501065,-7.1315949182321283],[114.28883301367671,-7.1315949826609932],[114.28883294917365,-7.1315859517433884]]],[[[114.28733890542158,-7.1287517077980977],[114.28733426312456,-7.1287517408512322],[114.2873389197166,-7.1287537109279508],[114.28733890542158,-7.1287517077980977]]],[[[114.28761918542928,-7.1287497121192747],[114.28761014413996,-7.1287497764986547],[114.28761017146103,-7.1287536046200168],[114.28761922154388,-7.1287547723449602],[114.28761918542928,-7.1287497121192747]]],[[[114.28732075839021,-7.1287428056132578],[114.28731326929477,-7.128742858935202],[114.28732078145123,-7.1287460371236158],[114.28732075839021,-7.1287428056132578]]],[[[114.28751921563388,-7.1286781728371915],[114.28749209176715,-7.1286783659670094],[114.28749215621737,-7.1286873968979672],[114.28746503234935,-7.1286875900264457],[114.28746509679912,-7.1286966209576468],[114.28745605550945,-7.1286966853335363],[114.2874561844089,-7.1287147471960912],[114.28746522569892,-7.1287146828200365],[114.28746541904925,-7.1287417756135918],[114.28744733646806,-7.1287419043660174],[114.28744727201821,-7.1287328734346715],[114.28745631330868,-7.1287328090586293],[114.28745624885876,-7.1287237781273625],[114.28742912498763,-7.1287239712547148],[114.2874292538865,-7.1287420331177378],[114.28742021259561,-7.1287420974933342],[114.28742034149448,-7.1287601593565073],[114.28739321762023,-7.1287603524827325],[114.28739328206926,-7.1287693834145758],[114.2873842407775,-7.1287694477897139],[114.28738417632866,-7.1287604168577881],[114.28735525695475,-7.1287606227659319],[114.2873937710001,-7.1287769169999313],[114.28756033300021,-7.1287471739998463],[114.28760112137812,-7.1287524368948763],[114.28760110285056,-7.1287498408778589],[114.28759206156109,-7.1287499052568863],[114.28759193265567,-7.1287318433968361],[114.28757385007717,-7.1287319721540339],[114.28757378562493,-7.1287229412238364],[114.28756474433574,-7.1287230056020894],[114.28756455098008,-7.1286959128112279],[114.28755550969132,-7.1286959771890563],[114.28755544523978,-7.1286869462586804],[114.28754640395113,-7.1286870106362503],[114.28754646840248,-7.1286960415667098],[114.28753742711356,-7.1286961059441856],[114.28753736266238,-7.1286870750136435],[114.28751928008462,-7.1286872037679014],[114.28751921563388,-7.1286781728371915]],[[114.28747426698889,-7.1287146184438059],[114.28748330827875,-7.1287145540674004],[114.28748337272913,-7.1287235849984238],[114.28747433143909,-7.1287236493749129],[114.28747426698889,-7.1287146184438059]]],[[[114.2870068462631,-7.1278328697268325],[114.28700511122821,-7.1278328820774686],[114.28700685446262,-7.1278340189723339],[114.2870068462631,-7.1278328697268325]]],[[[114.28676124993048,-7.1276268957889588],[114.28676118550425,-7.1276178648509108],[114.28675214422931,-7.1276179292033444],[114.28675207980335,-7.1276088982652448],[114.28674303852848,-7.1276089626174191],[114.28674310295428,-7.1276179935556012],[114.28673406167916,-7.1276180579076831],[114.28673373955193,-7.1275729032162669],[114.2867156570032,-7.127573031919078],[114.28671559257836,-7.1275640009805938],[114.28670655130406,-7.1275640653316517],[114.286706422455,-7.1275460034545404],[114.28669738118096,-7.1275460678052589],[114.28669751002967,-7.1275641296825336],[114.28667942748064,-7.1275642583837691],[114.28667929863261,-7.1275461965061639],[114.28667025735831,-7.1275462608563531],[114.28667012851099,-7.1275281989785677],[114.28664300468866,-7.1275283920275818],[114.28664326238152,-7.1275645157841252],[114.28665230365642,-7.1275644514343011],[114.28665236808004,-7.1275734823733607],[114.28664332680495,-7.1275735467232666],[114.28664339122847,-7.1275825776623725],[114.28663434995313,-7.1275826420121859],[114.28663447880005,-7.1276007038905824],[114.28662657414478,-7.1276007601506821],[114.28671562400007,-7.1276942619999266],[114.28694762200007,-7.127795388999969],[114.2869977704581,-7.1278280946065191],[114.28699767612079,-7.1278148722144063],[114.28698863484414,-7.127814936573234],[114.28698850597944,-7.1277968747014588],[114.28697042342657,-7.1277970034182569],[114.28697035899469,-7.1277879724821993],[114.28694323516531,-7.1277881655558275],[114.28694317073405,-7.1277791346195345],[114.28693412945761,-7.1277791989769765],[114.28693393616486,-7.1277521061677573],[114.28691585361275,-7.1277522348816174],[114.28691578918236,-7.1277432039450437],[114.28688866535411,-7.1277433970142638],[114.28688860092433,-7.1277343660774566],[114.28689764220032,-7.1277343017213068],[114.28689757777045,-7.1277252707845449],[114.28688853649464,-7.1277253351406111],[114.28688847206503,-7.1277163042037781],[114.2868703895135,-7.1277164329152169],[114.28687045394277,-7.1277254638522134],[114.28684333011431,-7.1277256569182947],[114.28684326568559,-7.1277166259810505],[114.28686134823762,-7.1277164972706712],[114.28686128380861,-7.1277074663335878],[114.28684320125694,-7.1277075950438036],[114.28684313682837,-7.1276985641065513],[114.2868250542767,-7.1276986928158976],[114.28682498984858,-7.1276896618784749],[114.28680690729693,-7.1276897905869525],[114.28680684286924,-7.1276807596493619],[114.28681588414494,-7.127680695295294],[114.28681581971716,-7.1276716643577807],[114.28680677844164,-7.1276717287117659],[114.28680671401411,-7.1276626977741522],[114.28677054891196,-7.1276629551880024],[114.28677042005859,-7.1276448933121497],[114.28677946133388,-7.1276448289591174],[114.28677939690715,-7.1276357980212603],[114.286770355632,-7.1276358623742091],[114.28677029120553,-7.1276268314362667],[114.28676124993048,-7.1276268957889588],[114.28676131435678,-7.1276359267269855],[114.28675227308148,-7.1276359910795835],[114.28675220865534,-7.127626960141475],[114.28676124993048,-7.1276268957889588]],[[114.28672514925506,-7.1276361841363212],[114.28673419053061,-7.1276361197842517],[114.28673412610483,-7.1276270888459781],[114.28674316738015,-7.1276270244938145],[114.28674329623215,-7.127645086370193],[114.28672521368075,-7.127645215074673],[114.28672514925506,-7.1276361841363212]]],[[[114.28658702397392,-7.1272858252945817],[114.28656095900011,-7.1274265729999717],[114.28657951572715,-7.127500799930508],[114.2865794580804,-7.1274927187101973],[114.28658849935447,-7.127492654362265],[114.28658837051131,-7.1274745924829483],[114.28659741178494,-7.1274745281350045],[114.28659728294178,-7.1274564662558166],[114.286606324215,-7.127456401907863],[114.28660613095035,-7.1274293090893419],[114.28659708967767,-7.1274293734370495],[114.28659702525646,-7.1274203424974472],[114.28660606652896,-7.1274202781498213],[114.28660600210766,-7.1274112472102793],[114.28659696083534,-7.1274113115578217],[114.28659683199335,-7.1273932496786125],[114.28658779072131,-7.1273933140258139],[114.28658772630062,-7.1273842830861138],[114.28657868502867,-7.1273843474330558],[114.28657855618789,-7.1273662855534923],[114.28658759745947,-7.1273662212067128],[114.28658753303904,-7.1273571902669826],[114.28659657431038,-7.1273571259201098],[114.28659638104902,-7.12733003310119],[114.28658733977821,-7.1273300974478158],[114.28658702397392,-7.1272858252945817]]],[[[114.28665741523906,-7.1270134997999204],[114.2866573536762,-7.1270048692097161],[114.28665374673385,-7.1270135259080023],[114.28665741523906,-7.1270134997999204]]],[[[114.2855101664132,-7.1258927371487895],[114.28550112516065,-7.1258928014612719],[114.28550131080266,-7.1259188401469098],[114.28550297859518,-7.1259198825018411],[114.28551035957139,-7.12591982999907],[114.2855103929833,-7.1259245164259051],[114.28551947516411,-7.1259301927045833],[114.28551933643806,-7.1259107347361601],[114.28551029518525,-7.1259107990489827],[114.2855101664132,-7.1258927371487895]]],[[[114.2855101664132,-7.1258927371487895],[114.28551920766567,-7.1258926728361329],[114.28551914327959,-7.1258836418861131],[114.28551010202732,-7.1258837061986879],[114.2855101664132,-7.1258927371487895]]],[[[114.28551010202732,-7.1258837061986879],[114.28550997325578,-7.1258656442984725],[114.28550093200374,-7.1258657086107089],[114.28550106077493,-7.1258837705110878],[114.28551010202732,-7.1258837061986879]]],[[[114.28569117864923,-7.1258643553109708],[114.28569853210945,-7.1258552715948866],[114.28569073388941,-7.1258553270683089],[114.28569079827858,-7.1258643580167753],[114.28569117864923,-7.1258643553109708]]],[[[114.28541840183479,-7.1257037302953954],[114.28540936058509,-7.1257037946043855],[114.28540955373219,-7.1257308874576406],[114.2854185949824,-7.1257308231484018],[114.28541865936512,-7.1257398540993977],[114.28542770061541,-7.1257397897899004],[114.28542776499839,-7.1257488207408093],[114.28543680624878,-7.1257487564310544],[114.28543667748258,-7.1257306945293983],[114.28542763623253,-7.1257307588389889],[114.28542757184974,-7.1257217278880729],[114.28541853059978,-7.125721792197405],[114.28541840183479,-7.1257037302953954]]],[[[114.28566238677033,-7.1256839319884557],[114.28566232238336,-7.1256749010396598],[114.28564423988951,-7.1256750296664872],[114.28564430427612,-7.1256840606154475],[114.28566238677033,-7.1256839319884557]]],[[[114.28538114235859,-7.1255504613569789],[114.28538107797834,-7.1255414304055522],[114.2853629954846,-7.1255415590189841],[114.28536305986449,-7.1255505899705751],[114.28538114235859,-7.1255504613569789]]],[[[114.28569739279244,-7.1255211176593241],[114.28569732840627,-7.1255120867107831],[114.28567924591943,-7.1255122153360562],[114.28567931030523,-7.1255212462847615],[114.28569739279244,-7.1255211176593241]]],[[[114.28700805016435,-7.1254666357542025],[114.28700811457576,-7.1254756666908206],[114.28702619703691,-7.1254755380142383],[114.28702613262516,-7.1254665070777854],[114.28700805016435,-7.1254666357542025]]],[[[114.28700805016435,-7.1254666357542025],[114.28700798575302,-7.1254576048175808],[114.28699894452265,-7.1254576691554421],[114.2869990089338,-7.1254667000921463],[114.28700805016435,-7.1254666357542025]]],[[[114.28710750369473,-7.1254659280251875],[114.28710743928146,-7.1254568970894709],[114.28709839805202,-7.1254569614292711],[114.28709846246511,-7.1254659923650685],[114.28710750369473,-7.1254659280251875]]],[[[114.28704395743803,-7.1254302546554698],[114.28704408626167,-7.1254483165280744],[114.28705312749145,-7.1254482521894138],[114.28705299866745,-7.1254301903169726],[114.28704395743803,-7.1254302546554698]]],[[[114.28707114553831,-7.1254390925755109],[114.28707108112602,-7.1254300616394532],[114.28706203989678,-7.1254301259783004],[114.2870621043089,-7.1254391569144415],[114.28707114553831,-7.1254390925755109]]],[[[114.28704395743803,-7.1254302546554698],[114.28704389302632,-7.125421223719143],[114.2870258105676,-7.1254213523954419],[114.28702587497894,-7.1254303833319321],[114.28704395743803,-7.1254302546554698]]],[[[114.28537094228315,-7.125387968536347],[114.2853708779046,-7.1253789375847978],[114.28536183666085,-7.1253790018899448],[114.28536190103924,-7.1253880328415748],[114.28537094228315,-7.125387968536347]]],[[[114.28537081352611,-7.1253699066332281],[114.28537074914772,-7.1253608756816531],[114.28536170790433,-7.1253609399866349],[114.28536177228254,-7.1253699709382916],[114.28537081352611,-7.1253699066332281]]],[[[114.28535266666084,-7.1253610042914408],[114.28535260228288,-7.1253519733396988],[114.28537972601255,-7.1253517804249995],[114.28537959725581,-7.125333718521996],[114.28535689411873,-7.1253338799953916],[114.28535038053863,-7.1253610205511961],[114.28535266666084,-7.1253610042914408]]],[[[114.28681715379358,-7.1253234917999135],[114.28683523625229,-7.125323363133532],[114.28683517184564,-7.1253143321952779],[114.28680804815801,-7.1253145251943408],[114.28680824137658,-7.1253416180098252],[114.28682632383615,-7.1253414893434677],[114.28682625942952,-7.1253324584051567],[114.28681721819994,-7.1253325227383426],[114.28681715379358,-7.1253234917999135]]],[[[114.28565936067328,-7.1252594773905953],[114.28564127819567,-7.1252596060098483],[114.28564134257843,-7.1252686369589968],[114.28563230133929,-7.1252687012684417],[114.28563255887049,-7.1253048250653288],[114.28564160011032,-7.1253047607555544],[114.28564153572722,-7.1252957298064219],[114.28565057696679,-7.1252956654965542],[114.28565064135006,-7.125304696445605],[114.28565968258971,-7.125304632135478],[114.28565974697325,-7.1253136630844427],[114.28569591193177,-7.1253134058418466],[114.28569578316336,-7.1252953439445728],[114.28567770068499,-7.1252954725658944],[114.28567763630126,-7.125286441617086],[114.2856595538229,-7.1252865702375372],[114.28565948943961,-7.125277539288561],[114.28566853067866,-7.1252774749785051],[114.28566846629529,-7.125268444029607],[114.28565942505639,-7.1252685083395795],[114.28565936067328,-7.1252594773905953]]],[[[114.28551386390659,-7.1251431039705846],[114.28550482266876,-7.125143168276411],[114.28550488704779,-7.1251521992268483],[114.28549584580971,-7.1251522635325797],[114.28549591018863,-7.1251612944830951],[114.2854868689503,-7.1251613587887332],[114.28548693332914,-7.1251703897393277],[114.28547789209055,-7.1251704540448699],[114.28547795646931,-7.1251794849955603],[114.28545987399148,-7.1251796136062833],[114.2854600671272,-7.1252067064587532],[114.28545102588762,-7.1252067707640974],[114.28545109026618,-7.125215801715],[114.28546917274558,-7.1252156731039706],[114.28546904398783,-7.1251976112024904],[114.28547808522707,-7.1251975468968771],[114.28547814960606,-7.1252065778475355],[114.28548719084537,-7.1252065135416629],[114.28548712646619,-7.1251974825910853],[114.28549616770523,-7.1251974182851194],[114.28549603894676,-7.1251793563841321],[114.28550508018539,-7.1251792920781529],[114.28550501580611,-7.1251702611277103],[114.28551405704445,-7.1251701968216388],[114.28551386390659,-7.1251431039705846]]],[[[114.28551386390659,-7.1251431039705846],[114.28553194638198,-7.1251429753584059],[114.2855318820025,-7.125133944408228],[114.28551379952745,-7.1251340730202433],[114.28551386390659,-7.1251431039705846]]],[[[114.28555907009444,-7.1251427824388154],[114.28555900571443,-7.1251337514888853],[114.28554996447721,-7.1251338157955102],[114.28555002885705,-7.125142846745522],[114.28555907009444,-7.1251427824388154]]],[[[114.28557708818865,-7.1251336228751088],[114.28557702380837,-7.1251245919253039],[114.28556798257149,-7.1251246562321988],[114.28556804695158,-7.1251336871820845],[114.28557708818865,-7.1251336228751088]]],[[[114.28563114246549,-7.1251061441816415],[114.28563107808441,-7.1250971132323357],[114.28562203684857,-7.1250971775400398],[114.28562210122948,-7.1251062084894281],[114.28563114246549,-7.1251061441816415]]],[[[114.28646287142485,-7.1250911961698034],[114.28647191265291,-7.1250911318457133],[114.28647184825553,-7.1250821009040601],[114.28646280702762,-7.1250821652280685],[114.28646287142485,-7.1250911961698034]]],[[[114.28579356277928,-7.1250598318721794],[114.28579349839544,-7.1250508009243507],[114.28578445716197,-7.1250508652348161],[114.28578452154564,-7.1250598961827247],[114.28579356277928,-7.1250598318721794]]],[[[114.28646248504273,-7.125037010519331],[114.28646242064602,-7.1250279795775713],[114.28645337941911,-7.125028043900909],[114.28645344381565,-7.1250370748427505],[114.28646248504273,-7.125037010519331]]],[[[114.28572091099649,-7.1250151916090614],[114.2857209753786,-7.125024222557597],[114.28573001661212,-7.1250241582486131],[114.28572995222986,-7.1250151273001583],[114.28572091099649,-7.1250151916090614]]],[[[114.28581138771005,-7.1250235794598309],[114.28581125894242,-7.1250055175644338],[114.2857931764775,-7.1250056461850688],[114.28579330524441,-7.1250237080807928],[114.28581138771005,-7.1250235794598309]]],[[[114.28653449286664,-7.1249913412200847],[114.28650736918976,-7.1249915341928087],[114.28650743358703,-7.1250005651341732],[114.28652551603872,-7.1250004364857018],[114.28652558043643,-7.1250094674268798],[114.28653462166233,-7.1250094031022986],[114.28653449286664,-7.1249913412200847]]],[[[114.28579311209415,-7.1249966152371993],[114.28579304771091,-7.1249875842893253],[114.28578400647868,-7.1249876485992143],[114.28578407086177,-7.1249966795471691],[114.28579311209415,-7.1249966152371993]]],[[[114.28567518978184,-7.124943265559347],[114.28567518664269,-7.1249428252176203],[114.28567493064071,-7.1249432674025304],[114.28567518978184,-7.124943265559347]]],[[[114.28637091367156,-7.124875096778478],[114.28637995489625,-7.1248750324581254],[114.28637982610907,-7.1248569705729716],[114.28637078488474,-7.124857034893159],[114.28637091367156,-7.124875096778478]]],[[[114.28637072049146,-7.1248480039504765],[114.28637065609826,-7.124838973007825],[114.28636161487421,-7.1248390373276704],[114.28636167926723,-7.1248480682704054],[114.28637072049146,-7.1248480039504765]]],[[[114.28630704556957,-7.1247942685267587],[114.28630717435276,-7.1248123304132873],[114.28631621557678,-7.1248122660947457],[114.28631627996867,-7.1248212970379194],[114.28632532119278,-7.1248212327191194],[114.28632525680071,-7.1248122017760265],[114.28633429802457,-7.1248121374571332],[114.28633416924033,-7.1247940755710992],[114.28630704556957,-7.1247942685267587]]],[[[114.28620727015686,-7.1247498212963629],[114.28621631138058,-7.1247497569803366],[114.2862162469913,-7.1247407260362214],[114.28620720576777,-7.1247407903521678],[114.28620727015686,-7.1247498212963629]]],[[[114.28628857677656,-7.1247402115023153],[114.28628851238595,-7.1247311805588547],[114.28627947116325,-7.124731244876128],[114.28627953555369,-7.1247402758196703],[114.28628857677656,-7.1247402115023153]]],[[[114.2862162469913,-7.1247407260362214],[114.28622528821475,-7.1247406617201001],[114.28622515943609,-7.1247225998320243],[114.28621611821301,-7.1247226641479831],[114.2862162469913,-7.1247407260362214]]],[[[114.28624317749248,-7.1247134402557197],[114.286243113103,-7.1247044093118204],[114.2862340718804,-7.1247044736279648],[114.2862341362697,-7.1247135045719476],[114.28624317749248,-7.1247134402557197]]],[[[114.28598085322999,-7.1246972434622107],[114.28598078884579,-7.124688212515931],[114.28597174762115,-7.1246882768268032],[114.28597181200516,-7.1246973077731637],[114.28598085322999,-7.1246972434622107]]],[[[114.28618886576626,-7.1247047952060445],[114.28618873698967,-7.1246867333172776],[114.28617969576696,-7.1246867976322017],[114.2861798245432,-7.1247048595211329],[114.28618886576626,-7.1247047952060445]]],[[[114.28620727015686,-7.1247498212963629],[114.28619822893309,-7.124749885612216],[114.28619829332209,-7.1247589165565071],[114.28617116964969,-7.124759109503251],[114.2861710408728,-7.1247410476141875],[114.28616199964884,-7.1247411119292519],[114.28616180648467,-7.1247140190954203],[114.28615276526116,-7.124714083410062],[114.28615270087346,-7.1247050524653375],[114.28616174209678,-7.1247049881507785],[114.28616167770898,-7.1246959572061508],[114.28615263648582,-7.1246960215206263],[114.28615250771082,-7.1246779596311933],[114.28610730159555,-7.1246782812001106],[114.28610736598215,-7.124687312145241],[114.28608024231144,-7.1246875050847249],[114.28608017792538,-7.1246784741393467],[114.28607113670184,-7.1246785384520734],[114.28607120108771,-7.1246875693975333],[114.28601695374357,-7.1246879552706863],[114.28601701812846,-7.1246969862166365],[114.28598085322999,-7.1246972434622107],[114.28598098199862,-7.1247153053547736],[114.28597194077344,-7.1247153696658918],[114.28597206954207,-7.1247334315585684],[114.28598111076759,-7.1247333672472877],[114.2859811751522,-7.124742398193546],[114.28599021637785,-7.1247423338820051],[114.28599034514767,-7.1247603957743619],[114.28598130392169,-7.124760460086069],[114.28598136830655,-7.1247694910322972],[114.28597232708032,-7.124769555343911],[114.28597239146509,-7.1247785862902333],[114.2859633502386,-7.1247786506017512],[114.285963285854,-7.1247696196553454],[114.28597232708032,-7.124769555343911],[114.28597226269562,-7.1247605243975975],[114.28595418024325,-7.1247606530201271],[114.285954309012,-7.1247787149130932],[114.28592718533174,-7.1247789078460624],[114.28592724971573,-7.1247879387927933],[114.28591820848865,-7.1247880031035127],[114.28591840164054,-7.1248150959439327],[114.28590936041282,-7.1248151602547223],[114.28590961794913,-7.1248512840422045],[114.28590057672065,-7.1248513483531468],[114.28590064110476,-7.1248603793001104],[114.28588255864717,-7.1248605079216336],[114.28588268741494,-7.1248785698158441],[114.28587364618566,-7.1248786341265049],[114.2858737105695,-7.1248876650736861],[114.28586466933996,-7.1248877293842519],[114.2858647337237,-7.124896760331513],[114.28585569249391,-7.1248968246419864],[114.28585575687757,-7.1249058555893239],[114.28586479810753,-7.1249057912787679],[114.28586486249144,-7.1249148222260192],[114.28585582126129,-7.1249148865366578],[114.28585575687757,-7.1249058555893239],[114.28584671564751,-7.1249059198997049],[114.28584678003106,-7.1249149508471206],[114.28583773880074,-7.1249150151574074],[114.28583780318421,-7.1249240461049173],[114.28585588564512,-7.1249239174840042],[114.285855950029,-7.1249329484313124],[114.28587403248993,-7.1249328198095307],[114.28587409687427,-7.1249418507566871],[114.28583793195139,-7.1249421079998765],[114.28583786756775,-7.1249330770523907],[114.28582882633701,-7.1249331413626651],[114.28582895510399,-7.1249512032577975],[114.2858379963351,-7.1249511389473588],[114.2858380607189,-7.1249601698948357],[114.28584710195011,-7.1249601055841376],[114.28584716633418,-7.1249691365315462],[114.28583812510279,-7.124969200842326],[114.2858380607189,-7.1249601698948357],[114.28582901948762,-7.1249602342053571],[114.28582914825513,-7.1249782961004655],[114.28584723071832,-7.1249781674789174],[114.28584735948685,-7.1249962293736786],[114.28585640071867,-7.1249961650624751],[114.28585646510324,-7.1250051960097682],[114.28583838263916,-7.1250053246321627],[114.28583857579231,-7.1250324174745101],[114.28581145209398,-7.1250326104075237],[114.28581151647801,-7.1250416413552111],[114.28582055771103,-7.1250415770443007],[114.28582062209533,-7.125050607991902],[114.28581158086212,-7.1250506723028941],[114.28581177401495,-7.1250777651459218],[114.28576656784497,-7.1250780866994754],[114.28576663222853,-7.1250871176475554],[114.2857485497596,-7.1250872462679098],[114.28574848537639,-7.1250782153196646],[114.285739444142,-7.125078279629494],[114.28573925099339,-7.1250511867844928],[114.28573020975944,-7.1250512510938986],[114.28573014537692,-7.1250422201454739],[114.28574822784439,-7.125042091526649],[114.28574835661023,-7.1250601534231475],[114.2857664390781,-7.1250600248032896],[114.28576624592843,-7.1250329319590193],[114.28570295729313,-7.1250333821237151],[114.28570282852955,-7.1250153202263347],[114.28572091099649,-7.1250151916090614],[114.2857208466145,-7.1250061606605541],[114.28573892908075,-7.1250060320427391],[114.28573886469847,-7.1249970010943784],[114.28574790593129,-7.1249969367852879],[114.28574797031374,-7.1250059677335686],[114.28575701154668,-7.1250059034242206],[114.28575707592938,-7.1250149343723974],[114.28576611716238,-7.1250148700627918],[114.28576618154537,-7.1250239010109162],[114.28577522277847,-7.1250238367010521],[114.28577496524636,-7.1249877129089256],[114.28576592401397,-7.1249877772184602],[114.28576585963133,-7.1249787462703376],[114.28577490086353,-7.1249786819608838],[114.28577483648081,-7.1249696510128544],[114.28576579524876,-7.1249697153222256],[114.2857657308663,-7.1249606843740771],[114.28575668963435,-7.124960748683189],[114.28575662525215,-7.1249517177349704],[114.28574758402027,-7.1249517820438237],[114.28574771278443,-7.1249698439404376],[114.28573867155214,-7.1249699082492803],[114.2857386071702,-7.1249608773008841],[114.285729565938,-7.1249609416094684],[114.28572969470162,-7.1249790035063869],[114.28571161223624,-7.1249791321233547],[114.2857117409995,-7.1249971940205867],[114.28569365853309,-7.1249973226371797],[114.28569372291449,-7.1250063535859542],[114.28568468168099,-7.1250064178940686],[114.28568474606229,-7.1250154488429036],[114.28566666359467,-7.1250155774587691],[114.28566685673803,-7.1250426703058123],[114.28564877426902,-7.1250427989214664],[114.28564890303096,-7.1250608608197767],[114.285639861796,-7.1250609251275039],[114.28563999055793,-7.1250789870259972],[114.28563094932251,-7.1250790513337119],[114.28563101370342,-7.1250880822830256],[114.28564005493902,-7.1250880179752283],[114.28564011932021,-7.1250970489244541],[114.28564916055588,-7.1250969846163983],[114.28564909617452,-7.1250879536672542],[114.28568526111574,-7.125087696433595],[114.28568532549778,-7.1250967273824095],[114.28566724302701,-7.1250968559997565],[114.2856673074088,-7.1251058869487336],[114.28568538987993,-7.1251057583312223],[114.28568551864447,-7.1251238202288327],[114.28567647740857,-7.1251238845378424],[114.28567660617308,-7.1251419464356012],[114.28566756493679,-7.1251420107445975],[114.28566762931898,-7.1251510416935533],[114.28567667055547,-7.1251509773844734],[114.28567673493794,-7.125160008333344],[114.28568577617453,-7.1251599440240057],[114.28568584055726,-7.1251689749727891],[114.2856767993205,-7.1251690392822082],[114.28567686370313,-7.1251780702310867],[114.28568590494007,-7.1251780059215868],[114.28568596932297,-7.1251870368703436],[114.28569501055999,-7.1251869725605825],[114.28569507494315,-7.125196003509271],[114.28571315741732,-7.125195874889056],[114.28571309303381,-7.1251868439405328],[114.28570405179694,-7.1251869082506456],[114.28570392303052,-7.1251688463534206],[114.28569488179393,-7.1251689106631941],[114.28569481741104,-7.1251598797144933],[114.28570385864745,-7.1251598154048024],[114.28570379426445,-7.1251507844561797],[114.28573995920858,-7.125150527215987],[114.28573989482497,-7.1251414962676902],[114.28572181235342,-7.1251416248879744],[114.28572174797023,-7.1251325939395249],[114.28571270673451,-7.1251326582493206],[114.28571277111752,-7.1251416891978527],[114.28569468864548,-7.1251418178170791],[114.28569462426282,-7.1251327868683827],[114.28570366549872,-7.1251327225589396],[114.28570347235072,-7.1251056297130066],[114.28571251358602,-7.1251055654036337],[114.2857126423516,-7.1251236273007512],[114.28575784852849,-7.1251233057504235],[114.2857579129123,-7.1251323366985808],[114.28576695414759,-7.1251322723879049],[114.28576688976361,-7.1251232414398302],[114.28578497223361,-7.1251231128181125],[114.28578510100238,-7.125141174713896],[114.28577605976704,-7.125141239025008],[114.28577612415137,-7.1251502699729761],[114.28578516538687,-7.1251502056617815],[114.28578535854086,-7.1251772985054318],[114.28580344101266,-7.1251771698820212],[114.28580350539784,-7.1251862008297095],[114.28581254663378,-7.1251861365176596],[114.28581267540476,-7.1252041984128907],[114.28580363416846,-7.1252042627251075],[114.28580356978313,-7.1251952317774112],[114.28578548731062,-7.1251953604011486],[114.28578535854086,-7.1251772985054318],[114.28576727606874,-7.1251774271281363],[114.28576721168434,-7.1251683961800811],[114.28574008797608,-7.1251685891125698],[114.28574015235995,-7.1251776200608719],[114.28573111112351,-7.1251776843714305],[114.28573123989115,-7.1251957462681359],[114.28572219865426,-7.1251958105786839],[114.28572239180582,-7.1252229034239676],[114.28574047428053,-7.125222774802201],[114.2857409249729,-7.1252859914399558],[114.28573188373434,-7.1252860557515012],[114.28573194811914,-7.1252950866998166],[114.28572290688031,-7.1252951510112696],[114.285722971265,-7.1253041819596623],[114.28571393002592,-7.1253042462710212],[114.28571399441051,-7.125313277219492],[114.28572303564977,-7.1253132129080505],[114.28572310003463,-7.1253222438564343],[114.28573214127397,-7.1253221795447335],[114.28573220565909,-7.125331210493032],[114.28575028813786,-7.1253310818689375],[114.28575035252341,-7.1253401128170832],[114.28575939376287,-7.1253400485046896],[114.285759780079,-7.125394234192866],[114.28576882131941,-7.1253941698798027],[114.28576901447913,-7.125421262723596],[114.28577805571999,-7.1254211984101099],[114.28577824888099,-7.1254482912536199],[114.2857872901223,-7.1254482269397101],[114.28578735450967,-7.1254572578874562],[114.28579639575105,-7.1254571935732871],[114.28579652452635,-7.1254752554686034],[114.28577844204275,-7.1254753840970935],[114.28577850643016,-7.1254844150449097],[114.28576946518808,-7.1254844793589731],[114.28576978712556,-7.1255296340984042],[114.2857607458825,-7.1255296984127039],[114.28576081027006,-7.1255387293606605],[114.28575176902673,-7.1255387936748651],[114.28575183341421,-7.1255478246229167],[114.28574279217062,-7.1255478889370272],[114.28574272778332,-7.125538857988893],[114.28573368653984,-7.1255389223027468],[114.2857336221528,-7.1255298913545433],[114.2857245809094,-7.125529955668136],[114.28572445213591,-7.1255118937715523],[114.28571541089279,-7.1255119580848056],[114.28571553966592,-7.1255300199815546],[114.28569745717868,-7.1255301486078606],[114.28569758595145,-7.125548210504939],[114.28568854470737,-7.1255482748179926],[114.2856886090937,-7.1255573057665824],[114.28569765033795,-7.1255572414534472],[114.2856977791112,-7.1255753033504838],[114.28570682035573,-7.1255752390370066],[114.28570688474267,-7.1255842699854366],[114.28569784349796,-7.1255843342989955],[114.28569797227172,-7.1256023961960073],[114.28567084853603,-7.1256025891361219],[114.28567097730907,-7.1256206510336115],[114.28568001855473,-7.1256205867202516],[114.28568008294154,-7.125629617668908],[114.28569816543298,-7.1256294890414953],[114.28569822982024,-7.1256385199899652],[114.285707271066,-7.1256384556759125],[114.28570733545352,-7.12564748662433],[114.28571637669938,-7.1256474223100197],[114.28571656986297,-7.1256745151549508],[114.28570752861656,-7.1256745794695098],[114.28570746422879,-7.1256655485211216],[114.28569842298251,-7.1256656128354203],[114.28569829420758,-7.1256475509384671],[114.28568925296155,-7.1256476152524248],[114.2856893173488,-7.1256566462009872],[114.28568027610251,-7.1256567105148534],[114.28568046926422,-7.1256838033607606],[114.28566238677033,-7.1256839319884557],[114.28566245115738,-7.125692962937249],[114.28567149240455,-7.1256928986234067],[114.28567162117926,-7.1257109605208138],[114.28568066242669,-7.1257108962066313],[114.2856808555899,-7.1257379890524648],[114.28568989683778,-7.1257379247378578],[114.28568996122588,-7.1257469556863793],[114.28569900247383,-7.1257468913715138],[114.28569906686218,-7.1257559223199651],[114.28569002561404,-7.1257559866349123],[114.28569009000229,-7.125765017583408],[114.28569913125061,-7.1257649532683791],[114.28569926002771,-7.1257830151652275],[114.28569021877905,-7.1257830794804216],[114.2856905407224,-7.1258282342228814],[114.28568149947274,-7.1258282985383117],[114.28568156386149,-7.1258373294868731],[114.28569060511131,-7.125837265171362],[114.28569066950031,-7.1258462961198195],[114.28569971075022,-7.1258462318040499],[114.28569976434959,-7.1258537494108447],[114.28574599400008,-7.1257966419999468],[114.28584254636951,-7.1257097446283586],[114.28583436362018,-7.1257098028385588],[114.28583429922962,-7.1257007718913385],[114.28582525798377,-7.1257008362084342],[114.28582512920323,-7.1256827743138178],[114.28583417044872,-7.1256827099968856],[114.28583410605842,-7.1256736790496529],[114.28585218854876,-7.125673550415426],[114.28585212415817,-7.1256645194683559],[114.2858973303817,-7.1256641978801145],[114.28589739477319,-7.1256732288267743],[114.28593355975119,-7.1256729715526825],[114.28593361056528,-7.1256800981764474],[114.28603747800003,-7.1256657719998664],[114.2860782531842,-7.1256766453748615],[114.28607821964988,-7.1256719424281156],[114.28608726089284,-7.1256718781063331],[114.28608719649768,-7.1256628471614034],[114.28611432022551,-7.125662654195243],[114.28611448889217,-7.1256863082198079],[114.28621593700016,-7.1257133609998959],[114.28641224300007,-7.1257668989998715],[114.28654311300022,-7.1258204369999563],[114.28665613800023,-7.1259453579999068],[114.28665947100012,-7.1259466919999639],[114.28670745900001,-7.1260930949998755],[114.28670765600009,-7.1260931819999849],[114.2867096760001,-7.1260940749999637],[114.28688813500003,-7.1262130479999595],[114.2869773650001,-7.1263260719998645],[114.2869942760002,-7.1264359899999423],[114.28700116000006,-7.1264807369998966],[114.28694167300011,-7.1266056589999414],[114.28686434100017,-7.1266948889999622],[114.28680613490435,-7.126759562265736],[114.28680931294237,-7.1267595396479573],[114.28680937736168,-7.1267685705858819],[114.28679795422535,-7.1267686518831992],[114.28675726500001,-7.1268138619999242],[114.28675713081577,-7.1268140994012432],[114.28676449316501,-7.1268140470044994],[114.28676455758395,-7.1268230779428121],[114.2867735988432,-7.1268230135972734],[114.28677366326241,-7.1268320445354831],[114.28679174578103,-7.1268319158437095],[114.2867921967203,-7.1268951324100467],[114.2867831554598,-7.126895196756597],[114.2867834775609,-7.1269403514471144],[114.28677443629941,-7.1269404157939],[114.28677482282244,-7.1269946014228625],[114.28678386408498,-7.1269945370755821],[114.28678392850595,-7.1270035680136656],[114.28674776345463,-7.127003825402058],[114.28674782787499,-7.1270128563404507],[114.28673878661178,-7.1270129206871893],[114.28673885103204,-7.1270219516256601],[114.28669364471382,-7.12702227335713],[114.28669351587514,-7.1270042114793615],[114.2866844746116,-7.1270042758249605],[114.28668453903072,-7.1270133067639287],[114.28666645650303,-7.1270134354547663],[114.28666658534081,-7.1270314973330198],[114.28664619821687,-7.127031642424865],[114.28662044600014,-7.127093447999874],[114.28661705216342,-7.1271131324331174],[114.28662195878456,-7.1271130975134938],[114.28662202320346,-7.1271221284529886],[114.28661549312716,-7.1271221749265239],[114.28661237505466,-7.1271402599134017],[114.28662215204149,-7.1271401903319687],[114.28662221646061,-7.1271492212714511],[114.28661317519359,-7.1271492856169587],[114.28661323961263,-7.1271583165565371],[114.28660925698223,-7.1271583449003737],[114.28659070300012,-7.1272659589999501],[114.28658886236194,-7.1272758982224209],[114.28659599452858,-7.1272758474632383],[114.28659586568911,-7.1272577855838897],[114.28660490695843,-7.1272577212377461],[114.28660464927978,-7.1272215974793269],[114.28661369054829,-7.1272215331333353],[114.28661356170912,-7.1272034712542478],[114.28663164424523,-7.1272033425620682],[114.28663177308511,-7.1272214044408253],[114.28664081435338,-7.127221340094307],[114.28664049225341,-7.127176185397837],[114.28663145098602,-7.1271762497439441],[114.28663151540567,-7.1271852806833298],[114.28662247413801,-7.1271853450293428],[114.28662253855757,-7.1271943759688057],[114.28661349728965,-7.1271944403147254],[114.28661343287028,-7.1271854093751807],[114.28662247413801,-7.1271853450293428],[114.28662240971853,-7.1271763140898754],[114.28663145098602,-7.1271762497439441],[114.28663138656646,-7.1271672188045567],[114.28664946910082,-7.1271670901123283],[114.28664908258307,-7.1271129044769008],[114.28665812384907,-7.1271128401310166],[114.28665799501012,-7.1270947782526726],[114.28666703627566,-7.1270947139067786],[114.28666697185615,-7.1270856829676816],[114.28667601312146,-7.1270856186216935],[114.28667575544353,-7.127049494865596],[114.28671192050103,-7.1270492374811969],[114.28671198492111,-7.1270582684198978],[114.28673006744971,-7.1270581397264756],[114.28673000302929,-7.1270491087879391],[114.28674808555724,-7.1270489800939769],[114.28674814997801,-7.1270580110323465],[114.286757191242,-7.1270579466850199],[114.28675725566303,-7.1270669776233042],[114.28677533819118,-7.1270668489279556],[114.28677540261263,-7.1270758798660712],[114.28676636134844,-7.1270759442139164],[114.28676642576983,-7.127084975152111],[114.28677546703419,-7.1270849108041832],[114.28677553145583,-7.1270939417422907],[114.28676649019127,-7.1270940060903003],[114.28676655461283,-7.1271030370284869],[114.28673038955306,-7.1271032944190935],[114.28673045397399,-7.1271123253576052],[114.28674853650438,-7.1271121966624893],[114.28674860092573,-7.1271212276008322],[114.28675764219098,-7.1271211632529283],[114.28675757776945,-7.1271121323146671],[114.28677566029934,-7.1271120036184943],[114.28677585356526,-7.127139096432769],[114.28676681229982,-7.1271391607811907],[114.28676668345615,-7.127121098904845],[114.28675764219098,-7.1271211632529283],[114.28675777103429,-7.1271392251294348],[114.2867487297687,-7.1271392894775056],[114.28674879419032,-7.1271483204158352],[114.28673975292446,-7.1271483847638102],[114.28673994618924,-7.1271754775790237],[114.28676706998817,-7.1271752845338279],[114.28676694114382,-7.1271572226575328],[114.28677598240961,-7.1271571583089477],[114.28677591798738,-7.1271481273708517],[114.28678495925293,-7.1271480630221715],[114.28678489483062,-7.1271390320841705],[114.28679393609588,-7.1271389677353962],[114.28679406494095,-7.1271570296112472],[114.28681214747193,-7.1271569009128397],[114.28681221189494,-7.127165931850568],[114.2868483769566,-7.1271656744513106],[114.28684850580429,-7.1271837363261312],[114.28688467086604,-7.1271834789233957],[114.28688473529071,-7.1271925098604711],[114.28691185908667,-7.1271923168063207],[114.28691198793733,-7.1272103786799619],[114.28692102920283,-7.127210314328063],[114.28692109362846,-7.1272193452647965],[114.28693013489406,-7.1272192809126365],[114.28693026374593,-7.1272373427859241],[114.2869393050118,-7.1272372784334257],[114.28693969157045,-7.127291464052699],[114.28694873283732,-7.1272913996995273],[114.2869489261183,-7.1273184925088628],[114.28696700865277,-7.1273183638014999],[114.28696707308029,-7.1273273947377698],[114.2869761143476,-7.1273273303837428],[114.28697630763118,-7.1273544231922861],[114.28700343143416,-7.127354230128403],[114.28700349586271,-7.127363261064346],[114.28701253713038,-7.1273631967092825],[114.28701273041708,-7.1273902895167724],[114.28699464788062,-7.1273904182272156],[114.28699477673813,-7.127408480099179],[114.28703998308045,-7.1274081583209243],[114.28704004751022,-7.127417189256513],[114.28704908877862,-7.1274171249002505],[114.28704915320864,-7.127426155835737],[114.28705819447711,-7.127426091479216],[114.28705832333777,-7.1274441533500097],[114.2870764058752,-7.1274440246361106],[114.28707659916788,-7.1274711174417771],[114.28708564043697,-7.1274710530843155],[114.2870857048682,-7.1274800840194468],[114.28710378740655,-7.1274799553038317],[114.2871039807018,-7.1275070481087077],[114.28711302197139,-7.1275069837503882],[114.2871128286756,-7.12747989094576],[114.28713995248221,-7.1274796978704851],[114.28714021021223,-7.127515821608994],[114.28714925148162,-7.1275157572498866],[114.2871493159145,-7.127524788184421],[114.28713123337525,-7.1275249169026234],[114.28713129780787,-7.1275339478373176],[114.28712225653796,-7.1275340121962367],[114.28712232097047,-7.1275430431310109],[114.28716752732018,-7.1275427213342413],[114.28716759175367,-7.1275517522685989],[114.28720375683264,-7.1275514948276815],[114.28720362796433,-7.1275334329596216],[114.28722171050258,-7.1275333042384341],[114.28722177493705,-7.1275423351723024],[114.28723985747534,-7.1275422064502454],[114.2872397286058,-7.1275241445828366],[114.28724876987444,-7.1275240802217086],[114.28724870543962,-7.127515049288081],[114.28725774670802,-7.1275149849268589],[114.28725787557812,-7.1275330467939471],[114.2872849993839,-7.1275328537087299],[114.28728512825539,-7.1275509155753083],[114.28725800444856,-7.1275511086610184],[114.2872580688839,-7.1275601395945483],[114.28723998634523,-7.1275602683176391],[114.28724005078031,-7.1275692992513457],[114.28720388570129,-7.1275695566957431],[114.28720395013573,-7.1275785876297402],[114.28724011521545,-7.1275783301850151],[114.28724024408602,-7.1275963920523759],[114.2872492853561,-7.1275963276905889],[114.28724934979168,-7.127605358624181],[114.28726743233194,-7.1276052298999142],[114.28726736789601,-7.1275961989664873],[114.28728545043558,-7.1275960702416796],[114.28728551487185,-7.1276051011749404],[114.28730359741147,-7.1276049724492641],[114.2873035329748,-7.1275959415161676],[114.2873125742443,-7.1275958771531469],[114.28731270311802,-7.1276139390191569],[114.28733982692704,-7.1276137459285431],[114.28733976248961,-7.1276047149957966],[114.2873578450282,-7.1276045862680038],[114.2873577805905,-7.1275955553354011],[114.28736682185949,-7.1275954909713226],[114.28736675742171,-7.1275864600387981],[114.28738483995907,-7.1275863313102779],[114.28738477552101,-7.1275773003779133],[114.28741189932592,-7.1275771072840586],[114.28741183488741,-7.1275680763519542],[114.28742087615537,-7.1275680119870657],[114.28742081171677,-7.1275589810550057],[114.28741177044897,-7.1275590454198126],[114.28741157713421,-7.1275319526234115],[114.28744774220272,-7.1275316951641177],[114.28744787108056,-7.1275497570277304],[114.28748403614914,-7.1275494995649575],[114.2874841005889,-7.1275585304964286],[114.28749314185599,-7.1275584661302132],[114.28749307741607,-7.1275494351988247],[114.28750211868291,-7.1275493708325142],[114.28750205424289,-7.1275403399012047],[114.28751109550949,-7.1275402755348001],[114.28751103106939,-7.1275312446035688],[114.28752911360196,-7.1275311158703971],[114.28752930692362,-7.1275582086635865],[114.2875383481903,-7.1275581442964882],[114.28753828374948,-7.1275491133655127],[114.28754732501591,-7.1275490489983202],[114.28754726057501,-7.1275400180674229],[114.28753821930876,-7.1275400824345319],[114.28753815486812,-7.1275310515035457],[114.2875471961342,-7.1275309871365202],[114.2875470672528,-7.1275129252747034],[114.287565149784,-7.1275127965404517],[114.28756508534309,-7.1275037656097018],[114.28757412660839,-7.127503701242393],[114.2875741910495,-7.1275127321730611],[114.28758323231487,-7.1275126678054948],[114.28758329675624,-7.127521698736075],[114.28759233802171,-7.1275216343682501],[114.28759240246333,-7.1275306652987442],[114.28765569132061,-7.1275302147184547],[114.28765562687776,-7.1275211837885371],[114.28764658561286,-7.1275212481575965],[114.28764652117027,-7.1275122172275927],[114.28765556243499,-7.1275121528586158],[114.2876554979923,-7.1275031219286893],[114.28769166304966,-7.1275028644513485],[114.28769172749305,-7.1275118953809464],[114.28770076875735,-7.1275118310110885],[114.28770070431378,-7.1275028000815732],[114.28773686936945,-7.1275025426007081],[114.28773680492526,-7.1274935116715197],[114.28774584618877,-7.1274934473009459],[114.28774591063315,-7.1275024782300518],[114.28777303442376,-7.127502285117024],[114.28777290553406,-7.1274842232593008],[114.2877819467971,-7.1274841588881035],[114.28778207568715,-7.1275022207456615],[114.28779111695043,-7.1275021563741232],[114.28779105250517,-7.1274931254454286],[114.2878000937682,-7.1274930610737979],[114.28780015821361,-7.127502092002409],[114.28781824073978,-7.1275019632584522],[114.28781856296993,-7.1275471179006278],[114.28782760423375,-7.127547053527973],[114.28782753978739,-7.1275380225996283],[114.28783658105097,-7.1275379582268785],[114.28783632326562,-7.1275018345137893],[114.28785440579111,-7.127501705768422],[114.28785453468431,-7.127519767624646],[114.28786357594728,-7.1275197032515329],[114.28786293148279,-7.1274293939710747],[114.2878719727439,-7.12742932959861],[114.28787113495028,-7.127311927534473],[114.28786209369144,-7.1273119919058674],[114.28786061147993,-7.1271042805580347],[114.28785157022509,-7.127104344927357],[114.28784995918026,-7.1268785717186702],[114.28784091792971,-7.1268786360857579],[114.28784059572793,-7.1268334814433016],[114.2878315544782,-7.1268335458098013],[114.28783149003827,-7.1268245148811982],[114.28782244878862,-7.1268245792474412],[114.28782231990937,-7.126806517390107],[114.28783136115867,-7.1268064530240309],[114.28783129671898,-7.1267974220954322],[114.28781321422066,-7.126797550827245],[114.28781314978143,-7.1267885198984775],[114.28780410853234,-7.1267885842640366],[114.28780423741055,-7.1268066461217314],[114.2877861549114,-7.1268067748526507],[114.28778609047259,-7.1267977439236398],[114.28776800797347,-7.1267978726536887],[114.28776807241191,-7.1268069035828647],[114.28775903116204,-7.1268069679477071],[114.28775909560039,-7.1268159988769595],[114.28775005435025,-7.1268160632417086],[114.28774979659804,-7.1267799395243587],[114.28773171409897,-7.1267800682526685],[114.28773184297418,-7.1267981301116734],[114.28772280172414,-7.1267981944757288],[114.28772267284927,-7.1267801326165587],[114.28773171409897,-7.1267800682526685],[114.28773164966147,-7.1267710373231354],[114.28772260841195,-7.1267711016869439],[114.28772247953759,-7.1267530398277321],[114.28773152078675,-7.1267529754640897],[114.2877314563495,-7.1267439445345602],[114.28772241510053,-7.1267440088981209],[114.28772228622665,-7.1267259470388868],[114.28771324497795,-7.1267260114021056],[114.28771318054133,-7.1267169804724002],[114.28772222178985,-7.1267169161092623],[114.28772196404344,-7.1266807923907276],[114.28774004653883,-7.1266806636645814],[114.28773998210208,-7.1266716327351016],[114.28774902334948,-7.1266715683718465],[114.2877486367297,-7.1266173827953621],[114.28776671922212,-7.1266172540693136],[114.28776665478544,-7.1266082231400683],[114.28775761353945,-7.1266082875031005],[114.28775754910303,-7.1265992565737522],[114.28774850785712,-7.1265993209365224],[114.28774818567713,-7.1265541662893135],[114.28775722692215,-7.1265541019269527],[114.28775716248623,-7.1265450709975795],[114.28774812124138,-7.1265451353598577],[114.28774792793463,-7.1265180425714698],[114.28773888669025,-7.1265181069333252],[114.28773882225501,-7.1265090760037717],[114.28774786349922,-7.1265090116419989],[114.28774773462865,-7.1264909497830455],[114.2877386933848,-7.1264910141446522],[114.28773856451491,-7.1264729522855168],[114.28772952327132,-7.1264730166467842],[114.28772920109895,-7.1264278619984616],[114.28772015985615,-7.1264279263591401],[114.2877200954221,-7.1264188954293806],[114.28771105417941,-7.1264189597897998],[114.28771098974562,-7.1264099288599381],[114.28769290726031,-7.1264100575800837],[114.28769271396052,-7.1263829647900456],[114.28768367271827,-7.126383029149606],[114.2876833505545,-7.1263378744990202],[114.28765622682988,-7.1263380675754107],[114.28765609796602,-7.1263200057146712],[114.28768322168959,-7.1263198126387746],[114.28768315725725,-7.1263107817086189],[114.2876741160163,-7.1263108460673461],[114.28767405158423,-7.126301815137122],[114.28768309282499,-7.1263017507784783],[114.28768302839282,-7.1262927198483323],[114.28767398715225,-7.1262927842068935],[114.28767392272033,-7.1262837532766605],[114.28764679899867,-7.126283946351041],[114.28764660570504,-7.1262568535595774],[114.28766468818517,-7.1262567248439952],[114.28766455932247,-7.1262386629833285],[114.28767360056206,-7.126238598625438],[114.28767340726809,-7.1262115058346556],[114.28766436602903,-7.1262115701922992],[114.28766430159806,-7.1262025392619304],[114.28767334283694,-7.1262024749043693],[114.28767321397488,-7.126184413043835],[114.28766417273634,-7.1261844774012308],[114.28766397944442,-7.1261573846101447],[114.28765493820632,-7.1261574489671178],[114.28765487377602,-7.1261484180366432],[114.28764583253803,-7.126148482393357],[114.28764576810799,-7.1261394514628122],[114.28763672687009,-7.1261395158192675],[114.28763679129996,-7.1261485467498957],[114.2876096675852,-7.1261487398184533],[114.28760953872661,-7.1261306779567004],[114.28761857996462,-7.1261306136008553],[114.28761851553527,-7.1261215826700539],[114.28760947429745,-7.1261216470258173],[114.28760940986838,-7.1261126160949484],[114.28760036863066,-7.1261126804504515],[114.2876002397731,-7.1260946185884846],[114.28759119853568,-7.1260946829436476],[114.28759126296423,-7.1261037138747074],[114.28757318048874,-7.1261038425846701],[114.28757324491703,-7.1261128735159067],[114.287564203679,-7.1261129378707064],[114.28756413925088,-7.1261039069393863],[114.28755509801292,-7.1261039712939267],[114.28755516244087,-7.1261130022253294],[114.28754612120265,-7.1261130665797756],[114.28754592791961,-7.1260859737853446],[114.2875549691573,-7.1260859094311453],[114.2875549047296,-7.1260768784997479],[114.28752778101683,-7.1260770715615704],[114.28752771658976,-7.1260680406299217],[114.28749155163892,-7.12606829804289],[114.2874916160653,-7.1260773289748682],[114.28748257482719,-7.1260773933277513],[114.28748276810629,-7.1261044861239089],[114.28745564438992,-7.1261046791822444],[114.28745570881591,-7.1261137101145522],[114.28747379129393,-7.1261135814090055],[114.28747385572036,-7.1261226123411117],[114.28742864952382,-7.1261229341040666],[114.2874285206728,-7.1261048722389928],[114.28741947943358,-7.1261049365908917],[114.28741935058324,-7.1260868747256376],[114.2874283918221,-7.1260868103739039],[114.2874283273969,-7.1260777794413537],[114.28741024491944,-7.1260779081444783],[114.28741037376926,-7.1260959700099047],[114.28739229129077,-7.1260960987126536],[114.28739235571545,-7.1261051296455262],[114.28738331447592,-7.126105193996719],[114.28738299235424,-7.1260600393319065],[114.28736490987666,-7.1260601680329394],[114.28736471660571,-7.126033075233507],[114.28735567536732,-7.1260331395835133],[114.28735573979073,-7.1260421705167269],[114.28733765731334,-7.1260422992163717],[114.28733752846736,-7.1260242373495952],[114.28734656970573,-7.1260241730000269],[114.28734637643684,-7.125997080200035],[114.28735541767462,-7.125997015850535],[114.28735535325166,-7.1259879849173],[114.28733727077639,-7.1259881136159597],[114.28733720635385,-7.12597908268254],[114.28732816511626,-7.1259791470315221],[114.28732810069398,-7.1259701160980171],[114.28731905945651,-7.1259701804467408],[114.28731880176896,-7.1259340567123468],[114.28730976053211,-7.1259341210605642],[114.2873098249537,-7.1259431519942504],[114.28730078371656,-7.1259432163423755],[114.28730071929515,-7.1259341854086067],[114.28729167805812,-7.1259342497564715],[114.28729154921592,-7.1259161878887562],[114.28728250797916,-7.1259162522362809],[114.28728244355834,-7.1259072213023327],[114.28729148479495,-7.1259071569548924],[114.28729142037405,-7.1258981260210241],[114.28727333790114,-7.125898254715568],[114.28727346674231,-7.1259163165836288],[114.28726442550538,-7.1259163809308008],[114.28726429666457,-7.1258983190625749],[114.28725525542791,-7.1258983834094058],[114.28725506216782,-7.1258712906067885],[114.28724602093163,-7.1258713549531976],[114.28724595651194,-7.1258623240189012],[114.2872369152758,-7.12586238836505],[114.28723685085639,-7.1258533574306666],[114.28722780962036,-7.1258534217765579],[114.28722774520121,-7.1258443908420883],[114.28723678643705,-7.1258443264962787],[114.28723652876053,-7.1258082027586926],[114.2872274875254,-7.1258082671041709],[114.28722742310666,-7.1257992361696809],[114.28721838187161,-7.1257993005149016],[114.28721825303474,-7.1257812386457458],[114.28720017056509,-7.1257813673353283],[114.28720010614711,-7.1257723364005789],[114.28719106491235,-7.1257724007450243],[114.28719100049466,-7.1257633698101888],[114.28720004172925,-7.125763305465826],[114.28719997731145,-7.1257542745310687],[114.28719093607704,-7.1257543388753488],[114.2871908716595,-7.1257453079405213],[114.28718183042515,-7.125745372284543],[114.28718157275657,-7.1257092485447808],[114.28719061399021,-7.1257091842010887],[114.2871905495731,-7.1257001532662247],[114.28718150833963,-7.1257002176098343],[114.28718144392278,-7.1256911866748842],[114.28715432022247,-7.1256913797044081],[114.28715425580621,-7.1256823487692067],[114.2871452145728,-7.1256824131119467],[114.28714515015682,-7.1256733821766574],[114.28713610892346,-7.1256734465191398],[114.2871359800921,-7.1256553846483852],[114.28710885639265,-7.1256555776742783],[114.28710879197762,-7.1256465467386478],[114.28709070951125,-7.1256466754215317],[114.28709064509665,-7.1256376444857326],[114.28708160386353,-7.1256377088268277],[114.2870815394492,-7.1256286778909255],[114.28706345698303,-7.125628806572422],[114.28706326374162,-7.1256017137642642],[114.2870723049742,-7.1256016494238512],[114.28707224056039,-7.1255926184878673],[114.28708128179274,-7.1255925541473584],[114.28708121737883,-7.1255835232114375],[114.28707217614665,-7.1255835875518621],[114.28707204731944,-7.1255655256798898],[114.28703588239138,-7.1255657830391668],[114.28703594680424,-7.1255748139754926],[114.28702690557182,-7.1255748783149535],[114.28702709881038,-7.1256019711241532],[114.28701805757738,-7.1256020354636869],[114.28701812199022,-7.1256110664001593],[114.28700908075695,-7.1256111307395971],[114.28700914516969,-7.1256201616761494],[114.28700010393615,-7.1256202260154939],[114.2870001683488,-7.1256292569521085],[114.28699112711503,-7.125629321291358],[114.28699093387783,-7.125602228481223],[114.28698189264449,-7.1256022928200498],[114.28698182823244,-7.1255932618832434],[114.28697278699917,-7.1255933262218116],[114.28697298023505,-7.1256204190324688],[114.28695489776722,-7.1256205477095724],[114.28695476894391,-7.1256024858354756],[114.28694572771025,-7.125602550173598],[114.28694566329889,-7.1255935192364594],[114.28695470453239,-7.1255934548984214],[114.28695464012095,-7.1255844239613451],[114.28694559888763,-7.1255844882993014],[114.28694547006535,-7.1255664264250251],[114.28696355253125,-7.1255662977492626],[114.28696348811987,-7.1255572668122751],[114.2869725293525,-7.1255572024742113],[114.28697246494104,-7.1255481715373001],[114.28696342370858,-7.1255482358752813],[114.28696335929739,-7.1255392049383008],[114.28695431806501,-7.1255392692760218],[114.28695425365407,-7.1255302383389232],[114.28696329488628,-7.1255301740012822],[114.28696323047525,-7.1255211430642786],[114.28693610677897,-7.1255213360764209],[114.28693617118947,-7.125530367013674],[114.28691808872449,-7.1255304956877188],[114.28691815313472,-7.1255395266251496],[114.28690007066908,-7.1255396552986552],[114.28689981303005,-7.1255035315483042],[114.28688173056547,-7.1255036602204465],[114.28688147292921,-7.1254675364693867],[114.28684530800189,-7.1254677938102393],[114.28684537241011,-7.1254768247483398],[114.28682728994559,-7.1254769534178735],[114.28682709672219,-7.1254498606030658],[114.28681805549033,-7.1254499249373211],[114.28681811989786,-7.1254589558756765],[114.28680907866574,-7.1254590202098385],[114.28680875662977,-7.1254138655176078],[114.28679971539846,-7.1254139298511801],[114.2867996509917,-7.1254048989126417],[114.28678156852915,-7.1254050275790952],[114.28678163293557,-7.1254140585178005],[114.28677259170401,-7.1254141228508461],[114.28677246289162,-7.1253960609732649],[114.28678150412283,-7.1253959966403864],[114.28678143971658,-7.1253869657016704],[114.28679048094753,-7.1253869013686977],[114.28679041654118,-7.1253778704300448],[114.28677233407956,-7.1253779990956527],[114.28677239848555,-7.1253870300344699],[114.2867452747919,-7.1253872230318054],[114.28674533919744,-7.1253962539708482],[114.2867362979659,-7.125396318303026],[114.28673623356053,-7.1253872873638988],[114.28672719232908,-7.1253873516958155],[114.28672712792397,-7.1253783207565888],[114.28673616915525,-7.1253782564247539],[114.28673610475005,-7.1253692254856364],[114.28674514598107,-7.1253691611537082],[114.28674508157577,-7.125360130214653],[114.28677220526784,-7.1253599372180565],[114.28677214086211,-7.1253509062792437],[114.28676309963167,-7.125350970611537],[114.2867629708208,-7.1253329087337525],[114.28674488836042,-7.1253330373974801],[114.28674482395546,-7.1253240064583903],[114.28673578272533,-7.1253240707899055],[114.28673597593992,-7.1253511636073563],[114.28671789347831,-7.1253512922703566],[114.28671782907372,-7.1253422613310464],[114.28672687030439,-7.1253421969997168],[114.28672661268614,-7.1253060732427631],[114.28673565391601,-7.1253060089115854],[114.28673558951149,-7.12529697797242],[114.28672654828179,-7.1252970423035134],[114.28672648387753,-7.12528801136426],[114.28668127772868,-7.1252883330166732],[114.28668121332537,-7.1252793020770051],[114.28667217209551,-7.1252793664068772],[114.28667210769247,-7.1252703354671221],[114.28668114892216,-7.1252702711373326],[114.28668108451902,-7.1252612401976556],[114.28669012574842,-7.1252611758677729],[114.28668993253899,-7.125234083048964],[114.28668089131013,-7.1252341473786007],[114.28668095571301,-7.1252431783182892],[114.28667191448385,-7.1252432426478309],[114.28667185008115,-7.1252342117080607],[114.28666280885211,-7.1252342760373439],[114.28666274444966,-7.1252252450974867],[114.28665370322069,-7.1252253094265114],[114.28665376762297,-7.1252343403664522],[114.28663568516446,-7.1252344690241376],[114.28663562076254,-7.1252254380840325],[114.28662657953333,-7.1252255024125288],[114.28662664393507,-7.1252345333527174],[114.2866176027056,-7.1252345976811187],[114.28661766710725,-7.1252436286213845],[114.28660862587751,-7.1252436929496934],[114.28660856147604,-7.1252346620093467],[114.28659952024641,-7.1252347263373963],[114.28659906943969,-7.1251715097542867],[114.28659002821122,-7.1251715740815849],[114.28659009261175,-7.1251806050221091],[114.286581051383,-7.1251806693493114],[114.28658111578343,-7.1251897002899325],[114.28657207455444,-7.1251897646170432],[114.2865721389548,-7.1251987955577407],[114.28656309772553,-7.1251988598847573],[114.28656316212579,-7.125207890825533],[114.28654507966665,-7.1252080194791994],[114.28654514406664,-7.1252170504201215],[114.28655418529641,-7.1252169860932932],[114.28655431409699,-7.1252350479750062],[114.28654527286685,-7.1252351123019997],[114.28654546606781,-7.1252622051247601],[114.28653642483705,-7.1252622694518228],[114.28653636043683,-7.1252532385108243],[114.28652731920617,-7.1252533028376313],[114.28652725480622,-7.1252442718965465],[114.28653629603669,-7.125244207569823],[114.28653616723665,-7.1252261456878045],[114.28651808477632,-7.1252262743407462],[114.28651814917593,-7.1252353052819197],[114.28650910794546,-7.1252353696082098],[114.28650897914666,-7.1252173077256735],[114.28651802037677,-7.1252172433995495],[114.28651795597733,-7.1252082124583813],[114.28653603843695,-7.1252080838057701],[114.28653597403722,-7.1251990528647475],[114.28654501526674,-7.1251989885382612],[114.28654495086693,-7.1251899575973159],[114.28655399209617,-7.1251898932707345],[114.28655392769626,-7.1251808623298674],[114.2865448864672,-7.1251809266563662],[114.28654475766797,-7.1251628647744552],[114.28653571643916,-7.1251629291006138],[114.28653565203984,-7.1251538981595699],[114.28651756958234,-7.1251540268111935],[114.28651763398129,-7.1251630577524017],[114.28650859275223,-7.1251631220780309],[114.28650865715109,-7.1251721530193342],[114.28649057469235,-7.1251722816702303],[114.28649051029385,-7.1251632507287619],[114.28649955152309,-7.1251631864034843],[114.28649935832753,-7.1251360935793535],[114.28649031709882,-7.1251361579043859],[114.28649012390456,-7.1251090650799691],[114.2864810826763,-7.125109129404577],[114.28648114707413,-7.1251181603461342],[114.28647210584563,-7.1251182246706479],[114.28647204144798,-7.1251091937290063],[114.28646300021954,-7.1251092580532616],[114.28646306461702,-7.125118288994984],[114.28645402338834,-7.1251183533191451],[114.28645415218321,-7.1251364152027428],[114.28644511095408,-7.1251364795268941],[114.28644504655678,-7.1251274485850296],[114.28642696409867,-7.125127577232635],[114.28642683530504,-7.1251095153485178],[114.28646300021954,-7.1251092580532616],[114.28646287142485,-7.1250911961698034],[114.28645383019671,-7.1250912604937175],[114.28645389459383,-7.1251002914355306],[114.2864448533654,-7.1251003557593506],[114.28644478896844,-7.1250913248174559],[114.28643574774014,-7.1250913891410166],[114.28643568334344,-7.1250823581990339],[114.28644472457158,-7.125082293875554],[114.28644459577808,-7.1250642319917432],[114.28642651332244,-7.1250643606381958],[114.28642657771879,-7.1250733915802682],[114.28641753649065,-7.1250734559033129],[114.28641747209446,-7.1250644249611579],[114.28640843086643,-7.1250644892839441],[114.28640836647051,-7.1250554583416861],[114.28641740769837,-7.1250553940189816],[114.28641734330236,-7.1250463630768355],[114.28639926084689,-7.1250464917219025],[114.28639913205583,-7.1250284298372346],[114.28641721451059,-7.1250283011924971],[114.28641734330236,-7.1250463630768355],[114.28642638452997,-7.1250462987540377],[114.28642625573787,-7.1250282368698636],[114.28643529696502,-7.1250281725470543],[114.28643523256891,-7.1250191416050432],[114.28642619134192,-7.1250192059277717],[114.28642606255031,-7.125001144043571],[114.28640798009677,-7.1250012726881673],[114.28640791570145,-7.124992241745896],[114.28641695692805,-7.1249921774237697],[114.28641689253264,-7.1249831464815774],[114.28638976885303,-7.1249833394471844],[114.28638983324792,-7.1249923703896236],[114.28638079202105,-7.1249924347112223],[114.28638072762634,-7.1249834037687005],[114.28637168639953,-7.1249834680900408],[114.28637175079407,-7.1249924990326443],[114.28636270956703,-7.1249925633538886],[114.28636264517267,-7.1249835324112025],[114.28637168639953,-7.1249834680900408],[114.28637162200508,-7.1249744371474311],[114.28638066323171,-7.1249743728261752],[114.28638059883716,-7.1249653418836614],[114.28637155761071,-7.1249654062048382],[114.28637149321642,-7.1249563752622036],[114.28638053444269,-7.1249563109411129],[114.28638021247161,-7.1249111562283822],[114.28637117124622,-7.1249112205490626],[114.28637091367156,-7.124875096778478],[114.28636187244682,-7.1248751610986529],[114.28636174366035,-7.1248570992131706],[114.28635270243588,-7.1248571635330054],[114.28635276682888,-7.12486619447583],[114.2863346843793,-7.1248663231151363],[114.28633474877205,-7.1248753540581236],[114.28632570754695,-7.1248754183775942],[114.28632564315437,-7.1248663874345253],[114.28631660192939,-7.1248664517537375],[114.28631653753708,-7.1248574208105815],[114.28632557876189,-7.1248573564914528],[114.28632564315437,-7.1248663874345253],[114.2863346843793,-7.1248663231151363],[114.28633455559405,-7.1248482612291344],[114.28634359681854,-7.1248481969097339],[114.28634353242585,-7.1248391659668346],[114.28633449120157,-7.1248392302861516],[114.28633442680915,-7.1248301993431493],[114.28627113823792,-7.124830649572865],[114.28627088067405,-7.1247945257985075],[114.28627992189804,-7.1247944614808345],[114.28627998628906,-7.1248034924243315],[114.28628902751318,-7.1248034281064001],[114.28628896312199,-7.1247943971629848],[114.28630704556957,-7.1247942685267587],[114.28630698117811,-7.1247852375834899],[114.28631602240161,-7.1247851732651943],[114.28631589361856,-7.1247671113788078],[114.28629781117219,-7.1247672400148918],[114.28629787556332,-7.1247762709582529],[114.28628883433984,-7.1247763352761124],[114.28628889873087,-7.1247853662195508],[114.28625273383538,-7.1247856234895606],[114.28625266944505,-7.1247765925457935],[114.28626171066888,-7.1247765282286366],[114.28626164627848,-7.124767497284946],[114.28627068750203,-7.1247674329676975],[114.28627062311151,-7.1247584020241028],[114.28624349944111,-7.1247585949750754],[114.28624362822116,-7.1247766568627711],[114.28623458699715,-7.1247767211795763],[114.28623465138712,-7.1247857521235085],[114.28622561016289,-7.1247858164402178],[114.28622567455275,-7.1247948473842282],[114.28618046842938,-7.1247951689655453],[114.28618027526264,-7.1247680761322663],[114.28620739893533,-7.1247678831847434],[114.28620727015686,-7.1247498212963629]],[[114.28600823444371,-7.1247331743123823],[114.28602631689401,-7.1247330456882318],[114.28602625250861,-7.1247240147423803],[114.28603529373348,-7.1247239504301234],[114.28603516496254,-7.124705888538573],[114.28604420618696,-7.1247058242263046],[114.28604414180144,-7.1246967932806058],[114.28605318302561,-7.1246967289682441],[114.2860532474113,-7.1247057599138595],[114.28608941230779,-7.1247055026623185],[114.28608954108083,-7.1247235645528812],[114.28606241740752,-7.1247237574922941],[114.28606254617983,-7.1247418193833356],[114.28605350495489,-7.1247418836962852],[114.28605344056888,-7.1247328527506841],[114.28604439934399,-7.124732917063378],[114.28604452811577,-7.1247509789547374],[114.28603548689048,-7.1247510432674179],[114.28603542250472,-7.1247420123216569],[114.2860263812795,-7.124742076634079],[114.28602644566509,-7.1247511075799226],[114.28601740443963,-7.1247511718922496],[114.28601759759633,-7.1247782647300006],[114.28600855637026,-7.1247783290423996],[114.28600849198477,-7.124769298096405],[114.28599945075878,-7.1247693624085446],[114.28599925760338,-7.1247422695702873],[114.28600829882886,-7.1247422052583937],[114.28600823444371,-7.1247331743123823],[114.28599919321842,-7.1247332386241924],[114.28599912883354,-7.1247242076780948],[114.28600817005865,-7.1247241433663664],[114.28600823444371,-7.1247331743123823]],[[114.28612557720297,-7.1247052454079576],[114.28614365965005,-7.1247051167797224],[114.28614378842521,-7.1247231786692948],[114.28613474720134,-7.1247232429836664],[114.28613468281391,-7.1247142120388158],[114.28612564159015,-7.1247142763529281],[114.28612557720297,-7.1247052454079576]],[[114.28613513352776,-7.1247774286527843],[114.28614417475268,-7.124777364337918],[114.28614411036457,-7.1247683333931588],[114.28617123403825,-7.1247681404477543],[114.28617129842691,-7.1247771713922647],[114.28616225720224,-7.1247772357076595],[114.28616238597944,-7.1247952975968403],[114.2861352623039,-7.1247954905424571],[114.28613513352776,-7.1247774286527843]],[[114.28595456655052,-7.1248148386990096],[114.28595450216577,-7.1248058077525211],[114.28594546093858,-7.1248058720639325],[114.28594533216967,-7.1247878101708269],[114.28596341462328,-7.1247876815481543],[114.28596347900805,-7.124796712494553],[114.28597252023488,-7.1247966481828726],[114.28597271339019,-7.1248237410217978],[114.28596367216284,-7.1248238053337252],[114.28596360777782,-7.1248147743873389],[114.28595456655052,-7.1248148386990096],[114.28595463093535,-7.1248238696454784],[114.28594558970781,-7.1248239339570567],[114.28594552532316,-7.1248149030105052],[114.28595456655052,-7.1248148386990096]],[[114.28621669771805,-7.1248039426449168],[114.28624382139184,-7.1248037496942942],[114.28624395017273,-7.1248218115819837],[114.28626203262222,-7.124821682947025],[114.28626209701314,-7.1248307138906917],[114.28625305578825,-7.1248307782083415],[114.28625312017907,-7.1248398091520855],[114.28624407895393,-7.1248398734696394],[114.28624401456328,-7.1248308425258138],[114.28621689088791,-7.124831035477178],[114.28621669771805,-7.1248039426449168]],[[114.28630736752817,-7.1248394232430483],[114.2863164087527,-7.1248393589242589],[114.28631647314485,-7.124848389867406],[114.28630743192014,-7.1248484541862762],[114.28630736752817,-7.1248394232430483]],[[114.28597297093179,-7.1248598648069716],[114.28598201215979,-7.124859800494538],[114.28598207654558,-7.1248688314407396],[114.28597303531741,-7.1248688957532567],[114.2859730997031,-7.1248779266995355],[114.28596405847468,-7.1248779910119593],[114.28596399408916,-7.1248689600655961],[114.28595495286079,-7.1248690243777633],[114.28595488847554,-7.1248599934313139],[114.28596392970373,-7.1248599291192303],[114.28596386531838,-7.124850898172844],[114.28592770040589,-7.1248511554197886],[114.28592763602133,-7.1248421244731013],[114.28594571847739,-7.1248419958501481],[114.28594565409256,-7.1248329649036046],[114.28597277777548,-7.1248327719680971],[114.28597297093179,-7.1248598648069716]],[[114.28600015900169,-7.124868702815176],[114.28600920022963,-7.1248686385021287],[114.28600932900251,-7.1248867003940255],[114.28600028777421,-7.1248867647072363],[114.28600015900169,-7.124868702815176]],[[114.28624414334467,-7.1248489044134455],[114.28626222579523,-7.124848775777993],[114.2862622901864,-7.1248578067216615],[114.28624420773548,-7.124857935357281],[114.28624414334467,-7.1248489044134455]],[[114.286017983912,-7.1248324504053944],[114.28600894268487,-7.1248325147182872],[114.286008813913,-7.1248144528263406],[114.28601785513979,-7.124814388513613],[114.286017983912,-7.1248324504053944]],[[114.28590987548681,-7.1248874078296529],[114.28591891671594,-7.1248873435182043],[114.28591898110074,-7.1248963744649689],[114.28590993987142,-7.1248964387765019],[114.28590987548681,-7.1248874078296529]],[[114.28635302440178,-7.1249023182470914],[114.28636206562715,-7.1249022539268454],[114.2863623232021,-7.1249383776977133],[114.28634424074986,-7.1249385063386876],[114.28634404756959,-7.1249114135100493],[114.28635308879522,-7.1249113491898983],[114.28635302440178,-7.1249023182470914]],[[114.28593744987175,-7.1249504315208965],[114.2859193674113,-7.1249505601454759],[114.28591923864077,-7.124932498251991],[114.28592827987069,-7.1249324339399545],[114.28592821548537,-7.1249234029933035],[114.28593725671504,-7.1249233386811728],[114.28593744987175,-7.1249504315208965]],[[114.28632602951106,-7.1249205730928908],[114.28633507073704,-7.1249205087730099],[114.28633513513029,-7.1249295397159544],[114.28632609390414,-7.1249296040359198],[114.28632602951106,-7.1249205730928908]],[[114.28592815110015,-7.1249143720466153],[114.28591006864092,-7.1249145006701839],[114.28591000425614,-7.1249054697233438],[114.28592808671499,-7.1249053410999412],[114.28592815110015,-7.1249143720466153]],[[114.28630820463027,-7.1249568255049214],[114.28631724585709,-7.1249567611850626],[114.28631731025033,-7.1249657921281901],[114.28630826902332,-7.1249658564481306],[114.28630820463027,-7.1249568255049214]],[[114.2858836531839,-7.1250140340218797],[114.28589269441576,-7.1250139697098067],[114.28589282318673,-7.1250320316037294],[114.28588378195452,-7.1250320959159659],[114.2858836531839,-7.1250140340218797]],[[114.28583876894622,-7.1250595103168051],[114.28585685141243,-7.1250593816934202],[114.28585691579758,-7.1250684126407027],[114.28583883333103,-7.1250685412642492],[114.28583876894622,-7.1250595103168051]],[[114.28592020442787,-7.1250679624527349],[114.28595636935761,-7.1250677051985916],[114.28595649813205,-7.1250857670912966],[114.28594745689939,-7.1250858314052605],[114.28594758567382,-7.125103893298113],[114.28597470937262,-7.1251037003551954],[114.28597477376049,-7.1251127313013685],[114.28598381499341,-7.1251126669866283],[114.28598387938155,-7.1251216979327152],[114.2859929206146,-7.1251216336177166],[114.28599298500298,-7.1251306645637342],[114.28600202623609,-7.1251306002484762],[114.28600209062475,-7.1251396311943731],[114.28596592569104,-7.1251398884546742],[114.28596599007908,-7.1251489194009139],[114.28595694884525,-7.125148983715631],[114.28595688445739,-7.1251399527693096],[114.28593880198989,-7.1251400813980519],[114.28593860882789,-7.125112988558568],[114.28590244389395,-7.1251132458129494],[114.28590237950748,-7.1251042148661163],[114.28589333827397,-7.1251042791791885],[114.28589327388778,-7.1250952482322711],[114.28590231512111,-7.1250951839192807],[114.28590225073482,-7.1250861529724405],[114.28591129196789,-7.1250860886593568],[114.28591135635436,-7.1250951196061161],[114.28592943882063,-7.1250949909792531],[114.28592931004707,-7.1250769290860649],[114.28592026881434,-7.1250769933994178],[114.28592020442787,-7.1250679624527349]],[[114.28646325780996,-7.12514538182013],[114.28647229903909,-7.1251453174955435],[114.28647236343708,-7.1251543484371673],[114.28648140466629,-7.1251542841123259],[114.28648153346288,-7.1251723459954128],[114.28647249223332,-7.1251724103204221],[114.28647255663155,-7.1251814412620167],[114.28646351540171,-7.125181505586931],[114.28646325780996,-7.12514538182013]],[[114.28584884034912,-7.1252039411622654],[114.28584871157673,-7.1251858792676908],[114.2858396703411,-7.1251859435804477],[114.28583960595522,-7.1251769126330906],[114.28581248224842,-7.1251771055700548],[114.28581241786314,-7.12516807462241],[114.28579433539187,-7.125168203246008],[114.28579427100702,-7.1251591722982113],[114.28580331224254,-7.1251591079865841],[114.28580318347275,-7.1251410460911453],[114.28583934841248,-7.1251407888435301],[114.28583921964162,-7.1251227269487343],[114.28585730211029,-7.1251225983241984],[114.28585755965375,-7.125158722113115],[114.28588468335823,-7.1251585291740023],[114.28588455458528,-7.1251404672800458],[114.28590263705381,-7.1251403386534191],[114.28590270144061,-7.1251493696002344],[114.28592078390916,-7.1251492409727382],[114.28592084829639,-7.1251582719193847],[114.28592988953071,-7.1251582076052893],[114.28593001830578,-7.1251762694984242],[114.2859209770711,-7.1251763338126821],[114.28592104145858,-7.1251853647592993],[114.28591200022362,-7.1251854290734657],[114.28591206461101,-7.1251944600201789],[114.28590302337582,-7.1251945243342512],[114.28590295898861,-7.1251854933874554],[114.28588487651831,-7.1251856220149055],[114.28588481213153,-7.1251765910679596],[114.28587577089644,-7.1251766553813383],[114.28587589966972,-7.1251947172754075],[114.28586685843418,-7.1251947815887764],[114.28586692282077,-7.1252038125358945],[114.28584884034912,-7.1252039411622654],[114.28584890473545,-7.125212972109547],[114.28582178102675,-7.1252131650480264],[114.28582165225525,-7.1251951031529668],[114.28583069349122,-7.1251950388404808],[114.28583075787711,-7.1252040697879302],[114.28584884034912,-7.1252039411622654]],[[114.28587525580667,-7.1251044078048054],[114.28586621457289,-7.1251044721173482],[114.28586602141614,-7.1250773792758411],[114.2858750626494,-7.1250773149635442],[114.28587525580667,-7.1251044078048054]],[[114.28569423796867,-7.1250786011760034],[114.28568519673375,-7.1250786654847742],[114.28568513235187,-7.1250696345359508],[114.28569417358661,-7.12506957022726],[114.28569423796867,-7.1250786011760034]],[[114.28648191985462,-7.125226531644512],[114.28649096108516,-7.1252264673188357],[114.28649102548427,-7.125235498260257],[114.28648198425354,-7.1252355625860186],[114.28648191985462,-7.125226531644512]],[[114.28658150218783,-7.1252438859335632],[114.2865995846477,-7.1252437572778256],[114.28659971345056,-7.1252618191586752],[114.28659067222031,-7.1252618834867967],[114.28659073662169,-7.1252709144272952],[114.28658169539116,-7.1252709787553234],[114.28658150218783,-7.1252438859335632]],[[114.28656354852907,-7.1252620764701033],[114.28655450729848,-7.1252621407975196],[114.2865544428979,-7.1252531098566863],[114.28656348412831,-7.1252530455293508],[114.28656354852907,-7.1252620764701033]],[[114.28669948899601,-7.1253062662352331],[114.28670853022615,-7.1253062019045856],[114.28670859463023,-7.1253152328439953],[114.28669955339991,-7.1253152971747236],[114.28669948899601,-7.1253062662352331]],[[114.28619350194637,-7.1253550231907452],[114.28620254318209,-7.1253549588695533],[114.28620247878754,-7.12534592792555],[114.28622056125833,-7.1253457992828029],[114.28622062565323,-7.125354830226641],[114.28622966688866,-7.1253547659049197],[114.28622973128381,-7.1253637968486734],[114.2862206900482,-7.1253638611704764],[114.28622088323363,-7.1253909540019587],[114.28621184199739,-7.1253910183238336],[114.28621177760233,-7.1253819873799094],[114.28620273636621,-7.1253820517015241],[114.2862026075767,-7.1253639898135539],[114.28619356634083,-7.1253640541348284],[114.28619350194637,-7.1253550231907452]],[[114.2861940814994,-7.1254363016873397],[114.28620312273671,-7.1254362373654079],[114.2862030583414,-7.1254272064214224],[114.28622114081536,-7.1254270777771929],[114.28622126960674,-7.1254451396648104],[114.28621222836944,-7.1254452039871792],[114.28621229276507,-7.1254542349310555],[114.28620325152752,-7.1254542992533292],[114.28620331592307,-7.1254633301972845],[114.28618523344736,-7.1254634588414687],[114.28618516905217,-7.1254544278973482],[114.28619421028988,-7.1254543635754271],[114.2861940814994,-7.1254363016873397]],[[114.28614067120432,-7.1255540898939316],[114.28615875368439,-7.1255539612498646],[114.28615901126722,-7.1255900850271088],[114.28614997002653,-7.1255901493495601],[114.2861500988181,-7.1256082112383483],[114.28614105757696,-7.125608275560789],[114.28614112197268,-7.1256173065052497],[114.28613208073129,-7.1256173708275963],[114.28613220952265,-7.1256354327166544],[114.28612316828081,-7.1256354970389904],[114.28612323267645,-7.1256445279836207],[114.28611419143436,-7.1256445923058616],[114.28611425582989,-7.1256536232505541],[114.28610521458754,-7.1256536875727017],[114.28610515019218,-7.1256446566279266],[114.28609610894991,-7.1256447209498139],[114.28609604455481,-7.1256356900049367],[114.2861050857969,-7.1256356256831319],[114.2861049570066,-7.1256175637935781],[114.28611399824824,-7.12561749947176],[114.28611393385304,-7.1256084685270515],[114.28612297509443,-7.1256084042051402],[114.28612284630393,-7.1255903423158573],[114.28613188754487,-7.1255902779939344],[114.28613175875435,-7.1255722161048354],[114.28614079999485,-7.1255721517829],[114.28614067120432,-7.1255540898939316]],[[114.28696432547414,-7.1256746689928079],[114.28698240794392,-7.125674540314364],[114.28698247235674,-7.1256835712511348],[114.28696438988659,-7.1256836999297439],[114.28696432547414,-7.1256746689928079]],[[114.28716355470574,-7.1257184081667431],[114.28717259593972,-7.1257183438233209],[114.28717266035663,-7.1257273747583421],[114.2871636191225,-7.1257274391018468],[114.28716355470574,-7.1257184081667431]],[[114.28721889722249,-7.1258715479913626],[114.28722793845893,-7.1258714836454837],[114.28722800287835,-7.1258805145799409],[114.28721896164171,-7.1258805789259023],[114.28721889722249,-7.1258715479913626]],[[114.28734676297536,-7.1260512657999628],[114.28735580421419,-7.1260512014499691],[114.28735586863775,-7.1260602323831916],[114.28734682739874,-7.126060296733268],[114.28734676297536,-7.1260512657999628]],[[114.28764641241214,-7.1262297607680773],[114.28765545365172,-7.1262296964106211],[114.28765558251391,-7.1262477582714441],[114.28764654127399,-7.1262478226290655],[114.28764641241214,-7.1262297607680773]],[[114.28770214180408,-7.1264370860098865],[114.28771118304722,-7.1264370216494797],[114.28771124748127,-7.1264460525793121],[114.28770220623794,-7.1264461169398032],[114.28770214180408,-7.1264370860098865]],[[114.28747939670711,-7.126899272488302],[114.28748843796136,-7.1268992081280986],[114.28748850239525,-7.126908239059782],[114.28747946114085,-7.1269083034200671],[114.28747939670711,-7.126899272488302]],[[114.28778705706338,-7.1269332078583618],[114.28779609831547,-7.1269331434918373],[114.28779616275568,-7.1269421744207202],[114.28778712150343,-7.1269422387873282],[114.28778705706338,-7.1269332078583618]],[[114.28680297736105,-7.1271389033864461],[114.28681201862616,-7.1271388390373183],[114.286812083049,-7.1271478699750741],[114.28680304178371,-7.1271479343242827],[114.28680297736105,-7.1271389033864461]],[[114.28775385635093,-7.1273488880652529],[114.28775366302183,-7.1273217952779593],[114.28776270428186,-7.1273217309085979],[114.28776289761149,-7.1273488236956437],[114.28775385635093,-7.1273488880652529],[114.28775392079413,-7.1273579189943588],[114.28774487953334,-7.1273579833638747],[114.28774500841965,-7.1273760452221886],[114.28773596715841,-7.1273761095916921],[114.28773603160151,-7.1273851405209347],[114.28772699034,-7.1273852048903441],[114.28772686145425,-7.1273671430316918],[114.2877359027154,-7.1273670786624459],[114.28773583827247,-7.127358047733213],[114.28774487953334,-7.1273579833638747],[114.28774481509032,-7.1273489524346854],[114.28775385635093,-7.1273488880652529]],[[114.28778110901986,-7.1273667568135783],[114.2877901502805,-7.1273666924432746],[114.28779021472458,-7.1273757233720278],[114.28778117346377,-7.1273757877424107],[114.28778110901986,-7.1273667568135783]],[[114.28771794907844,-7.1273852692595785],[114.28770890781676,-7.1273853336286352],[114.28770877893169,-7.1273672717696535],[114.28771782019302,-7.127367207400761],[114.28771794907844,-7.1273852692595785]],[[114.2877360960447,-7.127394171450173],[114.28774513730627,-7.1273941070805051],[114.28774520174973,-7.1274031380096394],[114.28773616048797,-7.127403202379389],[114.2877360960447,-7.127394171450173]],[[114.2876457478657,-7.1274038460672031],[114.2876547891283,-7.1274037816992157],[114.28765485357006,-7.1274128126292036],[114.28767293609538,-7.1274126838925342],[114.28767300053758,-7.1274217148223356],[114.28765491801191,-7.1274218435591701],[114.28765504689585,-7.1274399054190924],[114.28766408815908,-7.1274398410505979],[114.28766421704371,-7.1274579029103391],[114.28763709325273,-7.1274580960157863],[114.28763696436914,-7.1274400341555513],[114.28764600563255,-7.1274399697874102],[114.2876459411907,-7.1274309388573682],[114.28763689992748,-7.1274310032254284],[114.28763683548591,-7.1274219722953012],[114.28762779422279,-7.1274220366631003],[114.28762772978148,-7.1274130057328859],[114.2876367710444,-7.1274129413651686],[114.28763664216167,-7.1273948795048918],[114.2876456834242,-7.1273948151371629],[114.2876457478657,-7.1274038460672031]],[[114.28770910114497,-7.1274124264170791],[114.28770005988271,-7.1274124907862069],[114.28769999544005,-7.1274034598566312],[114.28770903670215,-7.1274033954875842],[114.28770910114497,-7.1274124264170791],[114.28771814240719,-7.1274123620477745],[114.28771820685026,-7.1274213929771637],[114.28770916558788,-7.12742145734655],[114.28770910114497,-7.1274124264170791]],[[114.2877905369462,-7.1274208780157267],[114.28779957820782,-7.1274208136447532],[114.28779964265257,-7.1274298445733972],[114.28779060139078,-7.1274299089444524],[114.2877905369462,-7.1274208780157267]],[[114.28776347760491,-7.1274301020565609],[114.28775443634277,-7.1274301664269117],[114.2877543718989,-7.1274211354978547],[114.28776341316086,-7.1274210711275874],[114.28776347760491,-7.1274301020565609]],[[114.28775450078672,-7.1274391973559643],[114.28776354204905,-7.1274391329855309],[114.28776360649326,-7.1274481639144822],[114.28775456523076,-7.1274482282849956],[114.28775450078672,-7.1274391973559643]],[[114.28718509439173,-7.1274703451406101],[114.28717605312353,-7.1274704095000105],[114.28717611755653,-7.1274794404343185],[114.28715803501954,-7.1274795691527544],[114.2871579705869,-7.1274705382182821],[114.28716701185526,-7.1274704738592343],[114.28716694742251,-7.1274614429248393],[114.28717598869061,-7.1274613785656982],[114.28717592425778,-7.1274523476313663],[114.28718496552563,-7.127452283272131],[114.28718509439173,-7.1274703451406101]],[[114.28715777728947,-7.1274434454148388],[114.28714873602154,-7.127443509773463],[114.28714867158939,-7.1274344788388913],[114.28715771285715,-7.1274344144803496],[114.28715777728947,-7.1274434454148388]],[[114.28721196046182,-7.1274340283253981],[114.28722100172897,-7.1274339639656237],[114.28722106616252,-7.1274429948995355],[114.28721202489518,-7.1274430592593934],[114.28721196046182,-7.1274340283253981]],[[114.28722080842884,-7.1274068711638447],[114.28721176716222,-7.1274069355233722],[114.28721170272918,-7.1273979045893778],[114.28722074399562,-7.1273978402299321],[114.28722080842884,-7.1274068711638447]],[[114.28720349909635,-7.127515371091544],[114.28721254036516,-7.1275153067312047],[114.28721260479928,-7.1275243376651627],[114.2872035635303,-7.1275244020255855],[114.28720349909635,-7.127515371091544]],[[114.28751886863313,-7.1260951977786089],[114.28750982739493,-7.1260952621321856],[114.28750976296803,-7.1260862312003805],[114.28751880420607,-7.1260861668468856],[114.28751886863313,-7.1260951977786089]]],[[[114.28617802170639,-7.1244519930745946],[114.28617795732059,-7.1244429621300158],[114.28616891610254,-7.1244430264425409],[114.28616898048818,-7.1244520573872006],[114.28617802170639,-7.1244519930745946]]],[[[114.28593358688053,-7.1244085747190722],[114.28594262810005,-7.1244085104114578],[114.28594256371923,-7.1243994794647181],[114.28591544006095,-7.124399672386784],[114.28591550444125,-7.1244087033337706],[114.28592454566092,-7.1244086390265107],[114.28592461004146,-7.1244176699734103],[114.28593365126126,-7.124417605665891],[114.28593358688053,-7.1244085747190722]]],[[[114.28522219266152,-7.1235466186401393],[114.28522212830268,-7.1235375876865037],[114.28521308709365,-7.1235376519722156],[114.28521315145231,-7.1235466829259337],[114.28522219266152,-7.1235466186401393]]],[[[114.28522904571091,-7.1232395019310157],[114.28522898135472,-7.1232304709773393],[114.28521994015179,-7.1232305352604293],[114.28522000450779,-7.1232395662141874],[114.28522904571091,-7.1232395019310157]]],[[[114.28521987579589,-7.1232215043066489],[114.28521981144004,-7.123212473352865],[114.28521077023737,-7.1232125376356139],[114.28521083459303,-7.1232215685894813],[114.28521987579589,-7.1232215043066489]]],[[[114.28487573088945,-7.1231426683180423],[114.2848743235797,-7.1231426783228491],[114.28487574514156,-7.1231446685233442],[114.28487573088945,-7.1231426683180423]]],[[[114.28471241009281,-7.1230625466222168],[114.28471234574836,-7.1230535156637504],[114.28470330454419,-7.1230535799351529],[114.28470336888846,-7.1230626108937019],[114.28471241009281,-7.1230625466222168]]],[[[114.28472991340109,-7.1229811394538514],[114.28472984905704,-7.122972108495512],[114.28472080785461,-7.1229721727665272],[114.28472087219849,-7.1229812037249491],[114.28472991340109,-7.1229811394538514]]]]},"properties":{"FID":0,"Shape_Leng":18102566.929299999,"Shape_Area":236516885.403}}]
}